wall_time_s,time_boot_ms,pos_x,pos_y,pos_z,vel_x,vel_y,vel_z,speed,roll,pitch,yaw,active_gate
1780882636.6289902,24255,-0.00046874998952262104,5.859374869032763e-05,0.020546874031424522,-0.0003933132975362241,-0.0002664632920641452,0.00030019760015420616,0.0005619756535427714,0.0002613005053717643,0.3106953799724579,-3.1405210494995117,0
1780882636.6382945,24262,-0.00046874998952262104,5.859374869032763e-05,0.020546874031424522,9.782314009498805e-05,3.923131225747056e-05,9.836196841206402e-05,0.00014416497296286187,0.0002680493053048849,0.31068217754364014,-3.1404964923858643,0
1780882636.6495094,24269,-0.00046874998952262104,5.859374869032763e-05,0.020546874031424522,0.0001256946852663532,1.1327639185765292e-05,0.00015151023399084806,0.00019718727220003831,0.0002680493053048849,0.31068217754364014,-3.1404964923858643,0
1780882636.6592689,24282,-0.00046874998952262104,6.83593752910383e-05,0.020546874031424522,0.00017894129268825054,-0.00013295773533172905,0.00017518519598525017,0.00028352706838302895,0.0002617233549244702,0.3106953799724579,-3.140519142150879,0
1780882636.6700819,24296,-0.00046874998952262104,5.859374869032763e-05,0.020546874031424522,0.00011321712372591719,3.538882447173819e-05,0.00011615276162046939,0.00016601792082279168,0.0002675317518878728,0.3106859624385834,-3.1404941082000732,0
1780882636.6796188,24303,-0.00046874998952262104,5.859374869032763e-05,0.020546874031424522,-0.00022812570387031883,0.00016289323684759438,0.00026113985222764313,0.00038310516284499504,0.0002675317518878728,0.3106859624385834,-3.1404941082000732,0
1780882636.6903336,24316,-0.00046874998952262104,6.83593752910383e-05,0.020541992038488388,-0.00018177714082412422,-3.6771314626093954e-05,0.0004797267902176827,0.0005143275724264501,0.000278720777714625,0.3106958568096161,-3.140432119369507,0
1780882636.7014878,24323,-0.00046874998952262104,6.83593752910383e-05,0.020541992038488388,0.0,0.0,-0.0,0.0,0.000278720777714625,0.3106958568096161,-3.140432119369507,0
1780882636.711066,24331,-0.00046874998952262104,6.83593752910383e-05,0.020541992038488388,0.0,0.0,-0.0,0.0,0.000278720777714625,0.3106958568096161,-3.140432119369507,0
1780882636.7224452,24348,-0.00046874998952262104,6.83593752910383e-05,0.020541992038488388,0.0,0.0,-0.0,0.0,0.000278720777714625,0.3106958568096161,-3.140432119369507,0
1780882636.7319973,24354,-0.00046874998952262104,6.83593752910383e-05,0.020541992038488388,0.0,0.0,-0.0,0.0,0.000278720777714625,0.3106958568096161,-3.140432119369507,0
1780882636.7426915,24368,-0.00046874998952262104,6.83593752910383e-05,0.020541992038488388,0.0,0.0,-0.0,0.0,0.000278720777714625,0.3106958568096161,-3.140432119369507,0
1780882636.752791,24368,-0.00046874998952262104,6.83593752910383e-05,0.020541992038488388,0.0,0.0,-0.0,0.0,0.000278720777714625,0.3106958568096161,-3.140432119369507,0
1780882636.7634828,24389,-0.00046874998952262104,6.83593752910383e-05,0.020541992038488388,0.0,0.0,-0.0,0.0,0.000278720777714625,0.3106958568096161,-3.140432119369507,0
1780882636.7730246,24396,-0.00046874998952262104,6.83593752910383e-05,0.020541992038488388,0.0,0.0,-0.0,0.0,0.000278720777714625,0.3106958568096161,-3.140432119369507,0
1780882636.7842605,24403,-0.00046874998952262104,6.83593752910383e-05,0.020541992038488388,0.0,0.0,-0.0,0.0,0.000278720777714625,0.3106958568096161,-3.140432119369507,0
1780882636.7941592,24422,-0.00046874998952262104,6.83593752910383e-05,0.020541992038488388,0.0,0.0,-0.0,0.0,0.000278720777714625,0.3106958568096161,-3.140432119369507,0
1780882636.8049486,24429,-0.00046874998952262104,6.83593752910383e-05,0.020541992038488388,0.0,0.0,-0.0,0.0,0.000278720777714625,0.3106958568096161,-3.140432119369507,0
1780882636.8163826,24436,-0.00046874998952262104,6.83593752910383e-05,0.020541992038488388,0.0,0.0,-0.0,0.0,0.000278720777714625,0.3106958568096161,-3.140432119369507,0
1780882636.8272827,24452,-0.00046874998952262104,6.83593752910383e-05,0.020541992038488388,0.0,0.0,-0.0,0.0,0.000278720777714625,0.3106958568096161,-3.140432119369507,0
1780882636.838552,24459,-0.00046874998952262104,6.83593752910383e-05,0.020541992038488388,0.0,0.0,-0.0,0.0,0.000278720777714625,0.3106958568096161,-3.140432119369507,0
1780882636.848184,24474,-0.00046874998952262104,6.83593752910383e-05,0.020541992038488388,0.0,0.0,-0.0,0.0,0.000278720777714625,0.3106958568096161,-3.140432119369507,0
1780882636.8588247,24481,-0.00046874998952262104,6.83593752910383e-05,0.020541992038488388,0.0,0.0,-0.0,0.0,0.000278720777714625,0.3106958568096161,-3.140432119369507,0
1780882636.8685985,24495,-0.00046874998952262104,6.83593752910383e-05,0.020541992038488388,0.0,0.0,-0.0,0.0,0.000278720777714625,0.3106958568096161,-3.140432119369507,0
1780882636.8800359,24502,-0.00046874998952262104,6.83593752910383e-05,0.020541992038488388,0.0,0.0,-0.0,0.0,0.000278720777714625,0.3106958568096161,-3.140432119369507,0
1780882636.8898525,24516,-0.00046874998952262104,6.83593752910383e-05,0.020541992038488388,0.0,0.0,-0.0,0.0,0.000278720777714625,0.3106958568096161,-3.140432119369507,0
1780882636.8995123,24522,-0.00046874998952262104,6.83593752910383e-05,0.020541992038488388,0.0,0.0,-0.0,0.0,0.000278720777714625,0.3106958568096161,-3.140432119369507,0
1780882636.910916,24536,-0.00046874998952262104,6.83593752910383e-05,0.020541992038488388,0.0,0.0,-0.0,0.0,0.000278720777714625,0.3106958568096161,-3.140432119369507,0
1780882636.9206488,24549,-0.00046874998952262104,6.83593752910383e-05,0.020541992038488388,0.0,0.0,-0.0,0.0,0.000278720777714625,0.3106958568096161,-3.140432119369507,0
1780882636.9314396,24556,-0.00046874998952262104,6.83593752910383e-05,0.020541992038488388,0.0,0.0,-0.0,0.0,0.000278720777714625,0.3106958568096161,-3.140432119369507,0
1780882636.94231,24570,-0.00046874998952262104,6.83593752910383e-05,0.020541992038488388,0.0,0.0,-0.0,0.0,0.000278720777714625,0.3106958568096161,-3.140432119369507,0
1780882636.9524305,24570,-0.00046874998952262104,6.83593752910383e-05,0.020541992038488388,0.0,0.0,-0.0,0.0,0.000278720777714625,0.3106958568096161,-3.140432119369507,0
1780882636.963514,24589,-0.00046874998952262104,6.83593752910383e-05,0.020541992038488388,0.0,0.0,-0.0,0.0,0.000278720777714625,0.3106958568096161,-3.140432119369507,0
1780882636.972922,24596,-0.00046874998952262104,6.83593752910383e-05,0.020541992038488388,0.0,0.0,-0.0,0.0,0.000278720777714625,0.3106958568096161,-3.140432119369507,0
1780882636.9836695,24603,-0.00046874998952262104,6.83593752910383e-05,0.020541992038488388,0.0,0.0,-0.0,0.0,0.000278720777714625,0.3106958568096161,-3.140432119369507,0
1780882636.9951272,24615,-0.00046874998952262104,6.83593752910383e-05,0.020541992038488388,0.0,0.0,-0.0,0.0,0.000278720777714625,0.3106958568096161,-3.140432119369507,0
1780882637.0049717,24629,-0.00046874998952262104,6.83593752910383e-05,0.020541992038488388,0.0,0.0,-0.0,0.0,0.000278720777714625,0.3106958568096161,-3.140432119369507,0
1780882637.014634,24636,-0.00046874998952262104,6.83593752910383e-05,0.020541992038488388,0.0,0.0,-0.0,0.0,0.000278720777714625,0.3106958568096161,-3.140432119369507,0
1780882637.0253003,24648,-0.00046874998952262104,6.83593752910383e-05,0.020541992038488388,0.0,0.0,-0.0,0.0,0.000278720777714625,0.3106958568096161,-3.140432119369507,0
1780882637.0351148,24662,-0.00046874998952262104,6.83593752910383e-05,0.020541992038488388,0.0,0.0,-0.0,0.0,0.000278720777714625,0.3106958568096161,-3.140432119369507,0
1780882637.0466175,24669,-0.00046874998952262104,6.83593752910383e-05,0.020541992038488388,0.0,0.0,-0.0,0.0,0.000278720777714625,0.3106958568096161,-3.140432119369507,0
1780882637.056204,24682,-0.00046874998952262104,6.83593752910383e-05,0.020541992038488388,0.0,0.0,-0.0,0.0,0.000278720777714625,0.3106958568096161,-3.140432119369507,0
1780882637.067,24689,-0.00046874998952262104,6.83593752910383e-05,0.020541992038488388,0.0,0.0,-0.0,0.0,0.000278720777714625,0.3106958568096161,-3.140432119369507,0
1780882637.0767863,24703,-0.00046874998952262104,6.83593752910383e-05,0.020541992038488388,0.0,0.0,-0.0,0.0,0.000278720777714625,0.3106958568096161,-3.140432119369507,0
1780882637.0879064,24703,-0.00046874998952262104,6.83593752910383e-05,0.020541992038488388,0.0,0.0,-0.0,0.0,0.000278720777714625,0.3106958568096161,-3.140432119369507,0
1780882637.0975482,24723,-0.00046874998952262104,6.83593752910383e-05,0.020541992038488388,0.0,0.0,-0.0,0.0,0.000278720777714625,0.3106958568096161,-3.140432119369507,0
1780882637.1085353,24730,-0.00046874998952262104,6.83593752910383e-05,0.020541992038488388,0.0,0.0,-0.0,0.0,0.000278720777714625,0.3106958568096161,-3.140432119369507,0
1780882637.1194432,24736,-0.00046874998952262104,6.83593752910383e-05,0.020541992038488388,0.0,0.0,-0.0,0.0,0.000278720777714625,0.3106958568096161,-3.140432119369507,0
1780882637.1290996,24756,-0.00046874998952262104,6.83593752910383e-05,0.020541992038488388,0.0,0.0,-0.0,0.0,0.000278720777714625,0.3106958568096161,-3.140432119369507,0
1780882637.1387537,24762,-0.00046874998952262104,6.83593752910383e-05,0.020541992038488388,0.0,0.0,-0.0,0.0,0.000278720777714625,0.3106958568096161,-3.140432119369507,0
1780882637.1497796,24769,-0.00046874998952262104,6.83593752910383e-05,0.020541992038488388,0.0,0.0,-0.0,0.0,0.000278720777714625,0.3106958568096161,-3.140432119369507,0
1780882637.1611369,24782,-0.00046874998952262104,6.83593752910383e-05,0.020541992038488388,0.0,0.0,-0.0,0.0,0.000278720777714625,0.3106958568096161,-3.140432119369507,0
1780882637.170759,24796,-0.00046874998952262104,6.83593752910383e-05,0.020541992038488388,0.0,0.0,-0.0,0.0,0.000278720777714625,0.3106958568096161,-3.140432119369507,0
1780882637.1816897,24802,-0.00046874998952262104,6.83593752910383e-05,0.020541992038488388,0.0,0.0,-0.0,0.0,0.000278720777714625,0.3106958568096161,-3.140432119369507,0
1780882637.191818,24815,-0.00046874998952262104,6.83593752910383e-05,0.020541992038488388,0.0,0.0,-0.0,0.0,0.000278720777714625,0.3106958568096161,-3.140432119369507,0
1780882637.2024806,24829,-0.00046874998952262104,6.83593752910383e-05,0.020541992038488388,0.0,0.0,-0.0,0.0,0.000278720777714625,0.3106958568096161,-3.140432119369507,0
1780882637.2138696,24836,-0.00046874998952262104,6.83593752910383e-05,0.020541992038488388,0.0,0.0,-0.0,0.0,0.000278720777714625,0.3106958568096161,-3.140432119369507,0
1780882637.2231221,24851,-0.00046874998952262104,6.83593752910383e-05,0.020541992038488388,0.0,0.0,-0.0,0.0,0.000278720777714625,0.3106958568096161,-3.140432119369507,0
1780882637.2329593,24856,-0.00046874998952262104,6.83593752910383e-05,0.020541992038488388,0.0,0.0,-0.0,0.0,0.000278720777714625,0.3106958568096161,-3.140432119369507,0
1780882637.2437515,24870,-0.00046874998952262104,6.83593752910383e-05,0.020541992038488388,0.0,0.0,-0.0,0.0,0.000278720777714625,0.3106958568096161,-3.140432119369507,0
1780882637.2547898,24882,-0.00046874998952262104,6.83593752910383e-05,0.020541992038488388,0.0,0.0,-0.0,0.0,0.000278720777714625,0.3106958568096161,-3.140432119369507,0
1780882637.2642908,24888,-0.00046874998952262104,6.83593752910383e-05,0.020541992038488388,0.0,0.0,-0.0,0.0,0.000278720777714625,0.3106958568096161,-3.140432119369507,0
1780882637.2755935,24902,-0.00046874998952262104,6.83593752910383e-05,0.020541992038488388,0.0,0.0,-0.0,0.0,0.000278720777714625,0.3106958568096161,-3.140432119369507,0
1780882637.2867353,24902,-0.00046874998952262104,6.83593752910383e-05,0.020541992038488388,0.0,0.0,-0.0,0.0,0.000278720777714625,0.3106958568096161,-3.140432119369507,0
1780882637.2965174,24922,-0.00046874998952262104,6.83593752910383e-05,0.020541992038488388,0.0,0.0,-0.0,0.0,0.000278720777714625,0.3106958568096161,-3.140432119369507,0
1780882637.3076859,24929,-0.00046874998952262104,6.83593752910383e-05,0.020541992038488388,0.0,0.0,-0.0,0.0,0.000278720777714625,0.3106958568096161,-3.140432119369507,0
1780882637.3174639,24936,-0.00046874998952262104,6.83593752910383e-05,0.020541992038488388,0.0,0.0,-0.0,0.0,0.000278720777714625,0.3106958568096161,-3.140432119369507,0
1780882637.326865,24948,-0.00046874998952262104,6.83593752910383e-05,0.020541992038488388,0.0,0.0,-0.0,0.0,0.000278720777714625,0.3106958568096161,-3.140432119369507,0
1780882637.338232,24965,-0.00046874998952262104,6.83593752910383e-05,0.020541992038488388,0.0,0.0,-0.0,0.0,0.000278720777714625,0.3106958568096161,-3.140432119369507,0
1780882637.3477597,24974,-0.00046874998952262104,6.83593752910383e-05,0.020541992038488388,0.0,0.0,-0.0,0.0,0.000278720777714625,0.3106958568096161,-3.140432119369507,0
1780882637.3585267,24980,-0.00046874998952262104,6.83593752910383e-05,0.020541992038488388,0.0,0.0,-0.0,0.0,0.000278720777714625,0.3106958568096161,-3.140432119369507,0
1780882637.3686612,24994,-0.00046874998952262104,6.83593752910383e-05,0.020541992038488388,0.0,0.0,-0.0,0.0,0.000278720777714625,0.3106958568096161,-3.140432119369507,0
1780882637.3796449,25001,-0.00046874998952262104,6.83593752910383e-05,0.020541992038488388,0.0,0.0,-0.0,0.0,0.000278720777714625,0.3106958568096161,-3.140432119369507,0
1780882637.3893805,25015,-0.00046874998952262104,6.83593752910383e-05,0.020541992038488388,0.0,0.0,-0.0,0.0,0.000278720777714625,0.3106958568096161,-3.140432119369507,0
1780882637.4005938,25029,-0.00046874998952262104,6.83593752910383e-05,0.020541992038488388,0.0,0.0,-0.0,0.0,0.000278720777714625,0.3106958568096161,-3.140432119369507,0
1780882637.412031,25035,-0.00046874998952262104,6.83593752910383e-05,0.020541992038488388,0.0,0.0,-0.0,0.0,0.000278720777714625,0.3106958568096161,-3.140432119369507,0
1780882637.4218345,25048,-0.00046874998952262104,6.83593752910383e-05,0.020541992038488388,0.0,0.0,-0.0,0.0,0.000278720777714625,0.3106958568096161,-3.140432119369507,0
1780882637.433402,25055,-0.00046874998952262104,6.83593752910383e-05,0.020541992038488388,0.0,0.0,-0.0,0.0,0.000278720777714625,0.3106958568096161,-3.140432119369507,0
1780882637.4429526,25069,-0.00046874998952262104,6.83593752910383e-05,0.020541992038488388,0.0,0.0,-0.0,0.0,0.000278720777714625,0.3106958568096161,-3.140432119369507,0
1780882637.4540224,25081,-0.00046874998952262104,6.83593752910383e-05,0.020541992038488388,0.0,0.0,-0.0,0.0,0.000278720777714625,0.3106958568096161,-3.140432119369507,0
1780882637.463695,25088,-0.00046874998952262104,6.83593752910383e-05,0.020541992038488388,0.0,0.0,-0.0,0.0,0.000278720777714625,0.3106958568096161,-3.140432119369507,0
1780882637.4749084,25102,-0.00046874998952262104,6.83593752910383e-05,0.020541992038488388,0.0,0.0,-0.0,0.0,0.000278720777714625,0.3106958568096161,-3.140432119369507,0
1780882637.4846756,25102,-0.00046874998952262104,6.83593752910383e-05,0.020541992038488388,0.0,0.0,-0.0,0.0,0.000278720777714625,0.3106958568096161,-3.140432119369507,0
1780882637.4954884,25121,-0.00046874998952262104,6.83593752910383e-05,0.020541992038488388,0.0,0.0,-0.0,0.0,0.000278720777714625,0.3106958568096161,-3.140432119369507,0
1780882637.5051062,25128,-0.00046874998952262104,6.83593752910383e-05,0.020541992038488388,0.0,0.0,-0.0,0.0,0.000278720777714625,0.3106958568096161,-3.140432119369507,0
1780882637.5160859,25135,-0.00046874998952262104,6.83593752910383e-05,0.020541992038488388,0.0,0.0,-0.0,0.0,0.000278720777714625,0.3106958568096161,-3.140432119369507,0
1780882637.5270562,25148,-0.00046874998952262104,6.83593752910383e-05,0.020541992038488388,0.0,0.0,-0.0,0.0,0.000278720777714625,0.3106958568096161,-3.140432119369507,0
1780882637.538075,25162,-0.00046874998952262104,6.83593752910383e-05,0.020541992038488388,0.0,0.0,-0.0,0.0,0.000278720777714625,0.3106958568096161,-3.140432119369507,0
1780882637.547818,25169,-0.00046874998952262104,6.83593752910383e-05,0.020541992038488388,0.0,0.0,-0.0,0.0,0.000278720777714625,0.3106958568096161,-3.140432119369507,0
1780882637.5577128,25181,-0.00046874998952262104,6.83593752910383e-05,0.020541992038488388,0.0,0.0,-0.0,0.0,0.000278720777714625,0.3106958568096161,-3.140432119369507,0
1780882637.5701466,25195,-0.00046874998952262104,6.83593752910383e-05,0.020541992038488388,0.0,0.0,-0.0,0.0,0.000278720777714625,0.3106958568096161,-3.140432119369507,0
1780882637.5795205,25202,-0.00046874998952262104,6.83593752910383e-05,0.020541992038488388,0.0,0.0,-0.0,0.0,0.000278720777714625,0.3106958568096161,-3.140432119369507,0
1780882637.5894306,25215,-0.00046874998952262104,6.83593752910383e-05,0.020541992038488388,0.0,0.0,-0.0,0.0,0.000278720777714625,0.3106958568096161,-3.140432119369507,0
1780882637.600302,25222,-0.00046874998952262104,6.83593752910383e-05,0.020541992038488388,0.0,0.0,-0.0,0.0,0.000278720777714625,0.3106958568096161,-3.140432119369507,0
1780882637.6101475,25235,-0.00046874998952262104,6.83593752910383e-05,0.020541992038488388,0.0,0.0,-0.0,0.0,0.000278720777714625,0.3106958568096161,-3.140432119369507,0
1780882637.6224809,25248,-0.00046874998952262104,6.83593752910383e-05,0.020541992038488388,0.0,0.0,-0.0,0.0,0.000278720777714625,0.3106958568096161,-3.140432119369507,0
1780882637.6321955,25255,-0.00046874998952262104,6.83593752910383e-05,0.020541992038488388,0.0,0.0,-0.0,0.0,0.000278720777714625,0.3106958568096161,-3.140432119369507,0
1780882637.6418874,25269,-0.00046874998952262104,6.83593752910383e-05,0.020541992038488388,0.0,0.0,-0.0,0.0,0.000278720777714625,0.3106958568096161,-3.140432119369507,0
1780882637.6534078,25269,-0.00046874998952262104,6.83593752910383e-05,0.020541992038488388,0.0,0.0,-0.0,0.0,0.000278720777714625,0.3106958568096161,-3.140432119369507,0
1780882637.6630602,25288,-0.00046874998952262104,6.83593752910383e-05,0.020541992038488388,0.0,0.0,-0.0,0.0,0.000278720777714625,0.3106958568096161,-3.140432119369507,0
1780882637.67462,25295,-0.00046874998952262104,6.83593752910383e-05,0.020541992038488388,0.0,0.0,-0.0,0.0,0.000278720777714625,0.3106958568096161,-3.140432119369507,0
1780882637.6857662,25302,-0.00046874998952262104,6.83593752910383e-05,0.020541992038488388,0.0,0.0,-0.0,0.0,0.000278720777714625,0.3106958568096161,-3.140432119369507,0
1780882637.6964848,25325,-0.00046874998952262104,6.83593752910383e-05,0.020541992038488388,0.0,0.0,-0.0,0.0,0.000278720777714625,0.3106958568096161,-3.140432119369507,0
1780882637.7074037,25332,-0.00046874998952262104,6.83593752910383e-05,0.020541992038488388,0.0,0.0,-0.0,0.0,0.000278720777714625,0.3106958568096161,-3.140432119369507,0
1780882637.7173874,25346,-0.00046874998952262104,6.83593752910383e-05,0.020541992038488388,0.0,0.0,-0.0,0.0,0.000278720777714625,0.3106958568096161,-3.140432119369507,0
1780882637.7288506,25352,-0.00046874998952262104,6.83593752910383e-05,0.020541992038488388,0.0,0.0,-0.0,0.0,0.000278720777714625,0.3106958568096161,-3.140432119369507,0
1780882637.738304,25366,-0.00046874998952262104,6.83593752910383e-05,0.020541992038488388,0.0,0.0,-0.0,0.0,0.000278720777714625,0.3106958568096161,-3.140432119369507,0
1780882637.7488184,25366,-0.00046874998952262104,6.83593752910383e-05,0.020541992038488388,0.0,0.0,-0.0,0.0,0.000278720777714625,0.3106958568096161,-3.140432119369507,0
1780882637.7598045,25382,-0.00046874998952262104,6.83593752910383e-05,0.020541992038488388,0.0,0.0,-0.0,0.0,0.000278720777714625,0.3106958568096161,-3.140432119369507,0
1780882637.7696044,25395,-0.00046874998952262104,6.83593752910383e-05,0.020541992038488388,0.0,0.0,-0.0,0.0,0.000278720777714625,0.3106958568096161,-3.140432119369507,0
1780882637.7812035,25402,-0.00046874998952262104,6.83593752910383e-05,0.020541992038488388,0.0,0.0,-0.0,0.0,0.000278720777714625,0.3106958568096161,-3.140432119369507,0
1780882637.7907474,25415,-0.00046874998952262104,6.83593752910383e-05,0.020541992038488388,0.0,0.0,-0.0,0.0,0.000278720777714625,0.3106958568096161,-3.140432119369507,0
1780882637.8007812,25428,-0.00046874998952262104,6.83593752910383e-05,0.020541992038488388,0.0,0.0,-0.0,0.0,0.000278720777714625,0.3106958568096161,-3.140432119369507,0
1780882637.8119185,25435,-0.00046874998952262104,6.83593752910383e-05,0.020541992038488388,0.0,0.0,-0.0,0.0,0.000278720777714625,0.3106958568096161,-3.140432119369507,0
1780882637.8217206,25447,-0.00046874998952262104,6.83593752910383e-05,0.020541992038488388,0.0,0.0,-0.0,0.0,0.000278720777714625,0.3106958568096161,-3.140432119369507,0
1780882637.8325706,25454,-0.00046874998952262104,6.83593752910383e-05,0.020541992038488388,0.0,0.0,-0.0,0.0,0.000278720777714625,0.3106958568096161,-3.140432119369507,0
1780882637.8423753,25468,-0.00046874998952262104,6.83593752910383e-05,0.020541992038488388,0.0,0.0,-0.0,0.0,0.000278720777714625,0.3106958568096161,-3.140432119369507,0
1780882637.8531146,25468,-0.00046874998952262104,6.83593752910383e-05,0.020541992038488388,0.0,0.0,-0.0,0.0,0.000278720777714625,0.3106958568096161,-3.140432119369507,0
1780882637.8643398,25488,-0.00046874998952262104,6.83593752910383e-05,0.020541992038488388,0.0,0.0,-0.0,0.0,0.000278720777714625,0.3106958568096161,-3.140432119369507,0
1780882637.874064,25502,-0.00046874998952262104,6.83593752910383e-05,0.020541992038488388,0.0,0.0,-0.0,0.0,0.000278720777714625,0.3106958568096161,-3.140432119369507,0
1780882637.884963,25502,-0.00046874998952262104,6.83593752910383e-05,0.020541992038488388,0.0,0.0,-0.0,0.0,0.000278720777714625,0.3106958568096161,-3.140432119369507,0
1780882637.8949993,25520,-0.00046874998952262104,6.83593752910383e-05,0.020541992038488388,0.0,0.0,-0.0,0.0,0.000278720777714625,0.3106958568096161,-3.140432119369507,0
1780882637.905987,25534,-0.00046874998952262104,6.83593752910383e-05,0.020541992038488388,0.0,0.0,-0.0,0.0,0.000278720777714625,0.3106958568096161,-3.140432119369507,0
1780882637.9189632,25534,-0.00046874998952262104,6.83593752910383e-05,0.020541992038488388,0.0,0.0,-0.0,0.0,0.000278720777714625,0.3106958568096161,-3.140432119369507,0
1780882637.928804,25555,-0.00046874998952262104,6.83593752910383e-05,0.020541992038488388,0.0,0.0,-0.0,0.0,0.000278720777714625,0.3106958568096161,-3.140432119369507,0
1780882637.940162,25562,-0.00046874998952262104,6.83593752910383e-05,0.020541992038488388,0.0,0.0,-0.0,0.0,0.000278720777714625,0.3106958568096161,-3.140432119369507,0
1780882637.9500823,25569,-0.00046874998952262104,6.83593752910383e-05,0.020541992038488388,0.0,0.0,-0.0,0.0,0.000278720777714625,0.3106958568096161,-3.140432119369507,0
1780882637.961397,25584,-0.00046874998952262104,6.83593752910383e-05,0.020541992038488388,0.0,0.0,-0.0,0.0,0.000278720777714625,0.3106958568096161,-3.140432119369507,0
1780882637.972683,25597,-0.00046874998952262104,6.83593752910383e-05,0.020541992038488388,0.0,0.0,-0.0,0.0,0.000278720777714625,0.3106958568096161,-3.140432119369507,0
1780882637.9823532,25607,-0.00046874998952262104,6.83593752910383e-05,0.020541992038488388,0.0,0.0,-0.0,0.0,0.000278720777714625,0.3106958568096161,-3.140432119369507,0
1780882637.9932895,25620,-0.00046874998952262104,6.83593752910383e-05,0.020541992038488388,0.0,0.0,-0.0,0.0,0.000278720777714625,0.3106958568096161,-3.140432119369507,0
1780882638.0030572,25627,-0.00046874998952262104,6.83593752910383e-05,0.020541992038488388,0.0,0.0,-0.0,0.0,0.000278720777714625,0.3106958568096161,-3.140432119369507,0
1780882638.0139062,25634,-0.00046874998952262104,6.83593752910383e-05,0.020541992038488388,0.0,0.0,-0.0,0.0,0.000278720777714625,0.3106958568096161,-3.140432119369507,0
1780882638.0236676,25647,-0.00046874998952262104,6.83593752910383e-05,0.020541992038488388,0.0,0.0,-0.0,0.0,0.000278720777714625,0.3106958568096161,-3.140432119369507,0
1780882638.0347402,25660,-0.00046874998952262104,6.83593752910383e-05,0.020541992038488388,0.0,0.0,-0.0,0.0,0.000278720777714625,0.3106958568096161,-3.140432119369507,0
1780882638.0456069,25668,-0.00046874998952262104,6.83593752910383e-05,0.020541992038488388,0.0,0.0,-0.0,0.0,0.000278720777714625,0.3106958568096161,-3.140432119369507,0
1780882638.056557,25682,-0.00046874998952262104,6.83593752910383e-05,0.020541992038488388,0.0,0.0,-0.0,0.0,0.000278720777714625,0.3106958568096161,-3.140432119369507,0
1780882638.0665202,25688,-0.00046874998952262104,6.83593752910383e-05,0.020541992038488388,0.0,0.0,-0.0,0.0,0.000278720777714625,0.3106958568096161,-3.140432119369507,0
1780882638.0789943,25702,-0.00046874998952262104,6.83593752910383e-05,0.020541992038488388,0.0,0.0,-0.0,0.0,0.000278720777714625,0.3106958568096161,-3.140432119369507,0
1780882638.0881145,25713,-0.00046874998952262104,6.83593752910383e-05,0.020541992038488388,0.0,0.0,-0.0,0.0,0.000278720777714625,0.3106958568096161,-3.140432119369507,0
1780882638.0981667,25719,-0.00046874998952262104,6.83593752910383e-05,0.020541992038488388,0.0,0.0,-0.0,0.0,0.000278720777714625,0.3106958568096161,-3.140432119369507,0
1780882638.1095812,25733,-0.00046874998952262104,6.83593752910383e-05,0.020541992038488388,0.0,0.0,-0.0,0.0,0.000278720777714625,0.3106958568096161,-3.140432119369507,0
1780882638.1191468,25746,-0.00046874998952262104,6.83593752910383e-05,0.020541992038488388,0.0,0.0,-0.0,0.0,0.000278720777714625,0.3106958568096161,-3.140432119369507,0
1780882638.1298983,25753,-0.00046874998952262104,6.83593752910383e-05,0.020541992038488388,0.0,0.0,-0.0,0.0,0.000278720777714625,0.3106958568096161,-3.140432119369507,0
1780882638.140914,25767,-0.00046874998952262104,6.83593752910383e-05,0.020541992038488388,0.0,0.0,-0.0,0.0,0.000278720777714625,0.3106958568096161,-3.140432119369507,0
1780882638.1506588,25767,-0.00046874998952262104,6.83593752910383e-05,0.020541992038488388,0.0,0.0,-0.0,0.0,0.000278720777714625,0.3106958568096161,-3.140432119369507,0
1780882638.161568,25788,-0.00046874998952262104,6.83593752910383e-05,0.020541992038488388,0.0,0.0,-0.0,0.0,0.000278720777714625,0.3106958568096161,-3.140432119369507,0
1780882638.1722543,25795,-0.00046874998952262104,6.83593752910383e-05,0.020541992038488388,0.0,0.0,-0.0,0.0,0.000278720777714625,0.3106958568096161,-3.140432119369507,0
1780882638.1821709,25802,-0.00046874998952262104,6.83593752910383e-05,0.020541992038488388,0.0,0.0,-0.0,0.0,0.000278720777714625,0.3106958568096161,-3.140432119369507,0
1780882638.1949356,25820,-0.00046874998952262104,6.83593752910383e-05,0.020541992038488388,0.0,0.0,-0.0,0.0,0.000278720777714625,0.3106958568096161,-3.140432119369507,0
1780882638.204632,25827,-0.00046874998952262104,6.83593752910383e-05,0.020541992038488388,0.0,0.0,-0.0,0.0,0.000278720777714625,0.3106958568096161,-3.140432119369507,0
1780882638.215425,25834,-0.00046874998952262104,6.83593752910383e-05,0.020541992038488388,0.0,0.0,-0.0,0.0,0.000278720777714625,0.3106958568096161,-3.140432119369507,0
1780882638.2260845,25848,-0.00046874998952262104,6.83593752910383e-05,0.020541992038488388,0.0,0.0,-0.0,0.0,0.000278720777714625,0.3106958568096161,-3.140432119369507,0
1780882638.2355678,25862,-0.00046874998952262104,6.83593752910383e-05,0.020541992038488388,0.0,0.0,-0.0,0.0,0.000278720777714625,0.3106958568096161,-3.140432119369507,0
1780882638.2464578,25869,-0.00046874998952262104,6.83593752910383e-05,0.020541992038488388,0.0,0.0,-0.0,0.0,0.000278720777714625,0.3106958568096161,-3.140432119369507,0
1780882638.2574434,25881,-0.00046874998952262104,6.83593752910383e-05,0.020541992038488388,0.0,0.0,-0.0,0.0,0.000278720777714625,0.3106958568096161,-3.140432119369507,0
1780882638.268325,25895,-0.00046874998952262104,6.83593752910383e-05,0.020541992038488388,0.0,0.0,-0.0,0.0,0.000278720777714625,0.3106958568096161,-3.140432119369507,0
1780882638.2793956,25902,-0.00046874998952262104,6.83593752910383e-05,0.020541992038488388,0.0,0.0,-0.0,0.0,0.000278720777714625,0.3106958568096161,-3.140432119369507,0
1780882638.2889836,25915,-0.00046874998952262104,6.83593752910383e-05,0.020541992038488388,0.0,0.0,-0.0,0.0,0.000278720777714625,0.3106958568096161,-3.140432119369507,0
1780882638.3004608,25922,-0.00046874998952262104,6.83593752910383e-05,0.020541992038488388,0.0,0.0,-0.0,0.0,0.000278720777714625,0.3106958568096161,-3.140432119369507,0
1780882638.309973,25935,-0.00046874998952262104,6.83593752910383e-05,0.020541992038488388,0.0,0.0,-0.0,0.0,0.000278720777714625,0.3106958568096161,-3.140432119369507,0
1780882638.3209262,25946,-0.00046874998952262104,6.83593752910383e-05,0.020541992038488388,0.0,0.0,-0.0,0.0,0.000278720777714625,0.3106958568096161,-3.140432119369507,0
1780882638.3317862,25960,-0.00046874998952262104,6.83593752910383e-05,0.020541992038488388,0.0,0.0,-0.0,0.0,0.000278720777714625,0.3106958568096161,-3.140432119369507,0
1780882638.34325,25967,-0.00046874998952262104,6.83593752910383e-05,0.020541992038488388,0.0,0.0,-0.0,0.0,0.000278720777714625,0.3106958568096161,-3.140432119369507,0
1780882638.3527045,25967,-0.00046874998952262104,6.83593752910383e-05,0.020541992038488388,0.0,0.0,-0.0,0.0,0.000278720777714625,0.3106958568096161,-3.140432119369507,0
1780882638.3641331,25988,-0.00046874998952262104,6.83593752910383e-05,0.020541992038488388,0.0,0.0,-0.0,0.0,0.000278720777714625,0.3106958568096161,-3.140432119369507,0
1780882638.3737316,25995,-0.00046874998952262104,6.83593752910383e-05,0.020541992038488388,0.0,0.0,-0.0,0.0,0.000278720777714625,0.3106958568096161,-3.140432119369507,0
1780882638.3836496,26002,-0.00046874998952262104,6.83593752910383e-05,0.020541992038488388,0.0,0.0,-0.0,0.0,0.000278720777714625,0.3106958568096161,-3.140432119369507,0
1780882638.3949718,26022,-0.00046874998952262104,6.83593752910383e-05,0.020541992038488388,0.0,0.0,-0.0,0.0,0.000278720777714625,0.3106958568096161,-3.140432119369507,0
1780882638.406276,26029,-0.00046874998952262104,6.83593752910383e-05,0.020541992038488388,0.0,0.0,-0.0,0.0,0.000278720777714625,0.3106958568096161,-3.140432119369507,0
1780882638.4153388,26035,-0.00046874998952262104,6.83593752910383e-05,0.020541992038488388,0.0,0.0,-0.0,0.0,0.000278720777714625,0.3106958568096161,-3.140432119369507,0
1780882638.428124,26053,-0.00046874998952262104,6.83593752910383e-05,0.020541992038488388,0.0,0.0,-0.0,0.0,0.000278720777714625,0.3106958568096161,-3.140432119369507,0
1780882638.437956,26060,-0.00046874998952262104,6.83593752910383e-05,0.020541992038488388,0.0,0.0,-0.0,0.0,0.000278720777714625,0.3106958568096161,-3.140432119369507,0
1780882638.4492662,26067,-0.00046874998952262104,6.83593752910383e-05,0.020541992038488388,0.0,0.0,-0.0,0.0,0.000278720777714625,0.3106958568096161,-3.140432119369507,0
1780882638.4586403,26086,-0.00046874998952262104,6.83593752910383e-05,0.020541992038488388,0.0,0.0,-0.0,0.0,0.000278720777714625,0.3106958568096161,-3.140432119369507,0
1780882638.4684677,26093,-0.00046874998952262104,6.83593752910383e-05,0.020541992038488388,0.0,0.0,-0.0,0.0,0.000278720777714625,0.3106958568096161,-3.140432119369507,0
1780882638.4794738,26100,-0.00046874998952262104,6.83593752910383e-05,0.020541992038488388,0.0,0.0,-0.0,0.0,0.000278720777714625,0.3106958568096161,-3.140432119369507,0
1780882638.4901652,26115,-0.00046874998952262104,6.83593752910383e-05,0.020541992038488388,0.0,0.0,-0.0,0.0,0.000278720777714625,0.3106958568096161,-3.140432119369507,0
1780882638.4999816,26122,-0.00046874998952262104,6.83593752910383e-05,0.020541992038488388,0.0,0.0,-0.0,0.0,0.000278720777714625,0.3106958568096161,-3.140432119369507,0
1780882638.5111794,26136,-0.00046874998952262104,6.83593752910383e-05,0.020541992038488388,0.0,0.0,-0.0,0.0,0.000278720777714625,0.3106958568096161,-3.140432119369507,0
1780882638.5220654,26148,-0.00046874998952262104,6.83593752910383e-05,0.020541992038488388,0.0,0.0,-0.0,0.0,0.000278720777714625,0.3106958568096161,-3.140432119369507,0
1780882638.5317743,26155,-0.00046874998952262104,6.83593752910383e-05,0.020541992038488388,0.0,0.0,-0.0,0.0,0.000278720777714625,0.3106958568096161,-3.140432119369507,0
1780882638.5444171,26169,-0.00046874998952262104,6.83593752910383e-05,0.020541992038488388,0.0,0.0,-0.0,0.0,0.000278720777714625,0.3106958568096161,-3.140432119369507,0
1780882638.5562177,26182,-0.00046874998952262104,6.83593752910383e-05,0.020541992038488388,0.0,0.0,-0.0,0.0,0.000278720777714625,0.3106958568096161,-3.140432119369507,0
1780882638.5659013,26188,-0.00046874998952262104,6.83593752910383e-05,0.020541992038488388,0.0,0.0,-0.0,0.0,0.000278720777714625,0.3106958568096161,-3.140432119369507,0
1780882638.5741863,26202,-0.00046874998952262104,6.83593752910383e-05,0.020541992038488388,0.0,0.0,-0.0,0.0,0.000278720777714625,0.3106958568096161,-3.140432119369507,0
1780882638.5871508,26202,-0.00046874998952262104,6.83593752910383e-05,0.020541992038488388,0.0,0.0,-0.0,0.0,0.000278720777714625,0.3106958568096161,-3.140432119369507,0
1780882638.5964382,26222,-0.00046874998952262104,6.83593752910383e-05,0.020541992038488388,0.0,0.0,-0.0,0.0,0.000278720777714625,0.3106958568096161,-3.140432119369507,0
1780882638.6094368,26229,-0.00046874998952262104,6.83593752910383e-05,0.020541992038488388,0.0,0.0,-0.0,0.0,0.000278720777714625,0.3106958568096161,-3.140432119369507,0
1780882638.618507,26236,-0.00046874998952262104,6.83593752910383e-05,0.020541992038488388,0.0,0.0,-0.0,0.0,0.000278720777714625,0.3106958568096161,-3.140432119369507,0
1780882638.6293094,26255,-0.00046874998952262104,6.83593752910383e-05,0.020541992038488388,0.0,0.0,-0.0,0.0,0.000278720777714625,0.3106958568096161,-3.140432119369507,0
1780882638.6391273,26262,-0.00046874998952262104,6.83593752910383e-05,0.020541992038488388,0.0,0.0,-0.0,0.0,0.000278720777714625,0.3106958568096161,-3.140432119369507,0
1780882638.650209,26269,-0.00046874998952262104,6.83593752910383e-05,0.020541992038488388,0.0,0.0,-0.0,0.0,0.000278720777714625,0.3106958568096161,-3.140432119369507,0
1780882638.6596665,26282,-0.00046874998952262104,6.83593752910383e-05,0.020541992038488388,0.0,0.0,-0.0,0.0,0.000278720777714625,0.3106958568096161,-3.140432119369507,0
1780882638.6706307,26296,-0.00046874998952262104,6.83593752910383e-05,0.020541992038488388,0.0,0.0,-0.0,0.0,0.000278720777714625,0.3106958568096161,-3.140432119369507,0
1780882638.6806457,26303,-0.00046874998952262104,6.83593752910383e-05,0.020541992038488388,0.0,0.0,-0.0,0.0,0.000278720777714625,0.3106958568096161,-3.140432119369507,0
1780882638.6905587,26313,-0.00046874998952262104,6.83593752910383e-05,0.020541992038488388,0.0,0.0,-0.0,0.0,0.000278720777714625,0.3106958568096161,-3.140432119369507,0
1780882638.7019217,26326,-0.00046874998952262104,6.83593752910383e-05,0.020541992038488388,0.0,0.0,-0.0,0.0,0.000278720777714625,0.3106958568096161,-3.140432119369507,0
1780882638.7130282,26333,-0.00046874998952262104,6.83593752910383e-05,0.020541992038488388,0.0,0.0,-0.0,0.0,0.000278720777714625,0.3106958568096161,-3.140432119369507,0
1780882638.7226522,26348,-0.00046874998952262104,6.83593752910383e-05,0.020541992038488388,0.0,0.0,-0.0,0.0,0.000278720777714625,0.3106958568096161,-3.140432119369507,0
1780882638.7331915,26355,-0.00046874998952262104,6.83593752910383e-05,0.020541992038488388,0.0,0.0,-0.0,0.0,0.000278720777714625,0.3106958568096161,-3.140432119369507,0
1780882638.744715,26369,-0.00046874998952262104,6.83593752910383e-05,0.020541992038488388,0.0,0.0,-0.0,0.0,0.000278720777714625,0.3106958568096161,-3.140432119369507,0
1780882638.7544954,26382,-0.00046874998952262104,6.83593752910383e-05,0.020541992038488388,0.0,0.0,-0.0,0.0,0.000278720777714625,0.3106958568096161,-3.140432119369507,0
1780882638.7637115,26388,-0.00046874998952262104,6.83593752910383e-05,0.020541992038488388,0.0,0.0,-0.0,0.0,0.000278720777714625,0.3106958568096161,-3.140432119369507,0
1780882638.7751303,26402,-0.00046874998952262104,6.83593752910383e-05,0.020541992038488388,0.0,0.0,-0.0,0.0,0.000278720777714625,0.3106958568096161,-3.140432119369507,0
1780882638.7861683,26402,-0.00046874998952262104,6.83593752910383e-05,0.020541992038488388,0.0,0.0,-0.0,0.0,0.000278720777714625,0.3106958568096161,-3.140432119369507,0
1780882638.7977765,26422,-0.00046874998952262104,6.83593752910383e-05,0.020541992038488388,0.0,0.0,-0.0,0.0,0.000278720777714625,0.3106958568096161,-3.140432119369507,0
1780882638.8071308,26429,-0.00046874998952262104,6.83593752910383e-05,0.020541992038488388,0.0,0.0,-0.0,0.0,0.000278720777714625,0.3106958568096161,-3.140432119369507,0
1780882638.817525,26435,-0.00046874998952262104,6.83593752910383e-05,0.020541992038488388,0.0,0.0,-0.0,0.0,0.000278720777714625,0.3106958568096161,-3.140432119369507,0
1780882638.828615,26453,-0.00046874998952262104,6.83593752910383e-05,0.020541992038488388,0.0,0.0,-0.0,0.0,0.000278720777714625,0.3106958568096161,-3.140432119369507,0
1780882638.8395114,26467,-0.00046874998952262104,6.83593752910383e-05,0.020541992038488388,0.0,0.0,-0.0,0.0,0.000278720777714625,0.3106958568096161,-3.140432119369507,0
1780882638.8506665,26467,-0.00046874998952262104,6.83593752910383e-05,0.020541992038488388,0.0,0.0,-0.0,0.0,0.000278720777714625,0.3106958568096161,-3.140432119369507,0
1780882638.8618698,26488,-0.00046874998952262104,6.83593752910383e-05,0.020541992038488388,0.0,0.0,-0.0,0.0,0.000278720777714625,0.3106958568096161,-3.140432119369507,0
1780882638.8716567,26495,-0.00046874998952262104,6.83593752910383e-05,0.020541992038488388,0.0,0.0,-0.0,0.0,0.000278720777714625,0.3106958568096161,-3.140432119369507,0
1780882638.8815126,26502,-0.00046874998952262104,6.83593752910383e-05,0.020541992038488388,0.0,0.0,-0.0,0.0,0.000278720777714625,0.3106958568096161,-3.140432119369507,0
1780882638.892309,26519,-0.00046874998952262104,6.83593752910383e-05,0.020541992038488388,0.0,0.0,-0.0,0.0,0.000278720777714625,0.3106958568096161,-3.140432119369507,0
1780882638.9019318,26526,-0.00046874998952262104,6.83593752910383e-05,0.020541992038488388,0.0,0.0,-0.0,0.0,0.000278720777714625,0.3106958568096161,-3.140432119369507,0
1780882638.913078,26533,-0.00046874998952262104,6.83593752910383e-05,0.020541992038488388,0.0,0.0,-0.0,0.0,0.000278720777714625,0.3106958568096161,-3.140432119369507,0
1780882638.923954,26548,-0.00046874998952262104,6.83593752910383e-05,0.020541992038488388,0.0,0.0,-0.0,0.0,0.000278720777714625,0.3106958568096161,-3.140432119369507,0
1780882638.93376,26562,-0.00046874998952262104,6.83593752910383e-05,0.020541992038488388,0.0,0.0,-0.0,0.0,0.000278720777714625,0.3106958568096161,-3.140432119369507,0
1780882638.946288,26569,-0.00046874998952262104,6.83593752910383e-05,0.020541992038488388,0.0,0.0,-0.0,0.0,0.000278720777714625,0.3106958568096161,-3.140432119369507,0
1780882638.9554727,26582,-0.00046874998952262104,6.83593752910383e-05,0.020541992038488388,0.0,0.0,-0.0,0.0,0.000278720777714625,0.3106958568096161,-3.140432119369507,0
1780882638.9663236,26589,-0.00046874998952262104,6.83593752910383e-05,0.020541992038488388,0.0,0.0,-0.0,0.0,0.000278720777714625,0.3106958568096161,-3.140432119369507,0
1780882638.9776192,26603,-0.00046874998952262104,6.83593752910383e-05,0.020541992038488388,0.0,0.0,-0.0,0.0,0.000278720777714625,0.3106958568096161,-3.140432119369507,0
1780882638.9873302,26613,-0.00046874998952262104,6.83593752910383e-05,0.020541992038488388,0.0,0.0,-0.0,0.0,0.000278720777714625,0.3106958568096161,-3.140432119369507,0
1780882638.9968255,26620,-0.00046874998952262104,6.83593752910383e-05,0.020541992038488388,0.0,0.0,-0.0,0.0,0.000278720777714625,0.3106958568096161,-3.140432119369507,0
1780882639.0082183,26634,-0.00046874998952262104,6.83593752910383e-05,0.020541992038488388,0.0,0.0,-0.0,0.0,0.000278720777714625,0.3106958568096161,-3.140432119369507,0
1780882639.0178065,26634,-0.00046874998952262104,6.83593752910383e-05,0.020541992038488388,0.0,0.0,-0.0,0.0,0.000278720777714625,0.3106958568096161,-3.140432119369507,0
1780882639.0286891,26655,-0.00046874998952262104,6.83593752910383e-05,0.020541992038488388,0.0,0.0,-0.0,0.0,0.000278720777714625,0.3106958568096161,-3.140432119369507,0
1780882639.0385032,26662,-0.00046874998952262104,6.83593752910383e-05,0.020541992038488388,0.0,0.0,-0.0,0.0,0.000278720777714625,0.3106958568096161,-3.140432119369507,0
1780882639.0512857,26669,-0.00046874998952262104,6.83593752910383e-05,0.020541992038488388,0.0,0.0,-0.0,0.0,0.000278720777714625,0.3106958568096161,-3.140432119369507,0
1780882639.061075,26688,-0.00046874998952262104,6.83593752910383e-05,0.020541992038488388,0.0,0.0,-0.0,0.0,0.000278720777714625,0.3106958568096161,-3.140432119369507,0
1780882639.0705588,26695,-0.00046874998952262104,6.83593752910383e-05,0.020541992038488388,0.0,0.0,-0.0,0.0,0.000278720777714625,0.3106958568096161,-3.140432119369507,0
1780882639.081032,26702,-0.00046874998952262104,6.83593752910383e-05,0.020541992038488388,0.0,0.0,-0.0,0.0,0.000278720777714625,0.3106958568096161,-3.140432119369507,0
1780882639.091915,26715,-0.00046874998952262104,6.83593752910383e-05,0.020541992038488388,0.0,0.0,-0.0,0.0,0.000278720777714625,0.3106958568096161,-3.140432119369507,0
1780882639.1016076,26729,-0.00046874998952262104,6.83593752910383e-05,0.020541992038488388,0.0,0.0,-0.0,0.0,0.000278720777714625,0.3106958568096161,-3.140432119369507,0
1780882639.1128376,26736,-0.00046874998952262104,6.83593752910383e-05,0.020541992038488388,0.0,0.0,-0.0,0.0,0.000278720777714625,0.3106958568096161,-3.140432119369507,0
1780882639.1238801,26746,-0.00046874998952262104,6.83593752910383e-05,0.020541992038488388,0.0,0.0,-0.0,0.0,0.000278720777714625,0.3106958568096161,-3.140432119369507,0
1780882639.1351776,26760,-0.00046874998952262104,6.83593752910383e-05,0.020541992038488388,0.0,0.0,-0.0,0.0,0.000278720777714625,0.3106958568096161,-3.140432119369507,0
1780882639.1464267,26767,-0.00046874998952262104,6.83593752910383e-05,0.020541992038488388,0.0,0.0,-0.0,0.0,0.000278720777714625,0.3106958568096161,-3.140432119369507,0
1780882639.1561654,26780,-0.00046874998952262104,6.83593752910383e-05,0.020541992038488388,0.0,0.0,-0.0,0.0,0.000278720777714625,0.3106958568096161,-3.140432119369507,0
1780882639.165721,26794,-0.00046874998952262104,6.83593752910383e-05,0.020541992038488388,0.0,0.0,-0.0,0.0,0.000278720777714625,0.3106958568096161,-3.140432119369507,0
1780882639.1765323,26801,-0.00046874998952262104,6.83593752910383e-05,0.020541992038488388,0.0,0.0,-0.0,0.0,0.000278720777714625,0.3106958568096161,-3.140432119369507,0
1780882639.1876094,26801,-0.00046874998952262104,6.83593752910383e-05,0.020541992038488388,0.0,0.0,-0.0,0.0,0.000278720777714625,0.3106958568096161,-3.140432119369507,0
1780882639.1989684,26822,-0.00046874998952262104,6.83593752910383e-05,0.020541992038488388,0.0,0.0,-0.0,0.0,0.000278720777714625,0.3106958568096161,-3.140432119369507,0
1780882639.2072427,26829,-0.00046874998952262104,6.83593752910383e-05,0.020541992038488388,0.0,0.0,-0.0,0.0,0.000278720777714625,0.3106958568096161,-3.140432119369507,0
1780882639.2184482,26846,-0.00046874998952262104,6.83593752910383e-05,0.020541992038488388,0.0,0.0,-0.0,0.0,0.000278720777714625,0.3106958568096161,-3.140432119369507,0
1780882639.2296057,26853,-0.00046874998952262104,6.83593752910383e-05,0.020541992038488388,0.0,0.0,-0.0,0.0,0.000278720777714625,0.3106958568096161,-3.140432119369507,0
1780882639.2410066,26867,-0.00046874998952262104,6.83593752910383e-05,0.020541992038488388,0.0,0.0,-0.0,0.0,0.000278720777714625,0.3106958568096161,-3.140432119369507,0
1780882639.2507262,26867,-0.00046874998952262104,6.83593752910383e-05,0.020541992038488388,0.0,0.0,-0.0,0.0,0.000278720777714625,0.3106958568096161,-3.140432119369507,0
1780882639.2618427,26882,-0.00046874998952262104,6.83593752910383e-05,0.020541992038488388,0.0,0.0,-0.0,0.0,0.000278720777714625,0.3106958568096161,-3.140432119369507,0
1780882639.2712762,26895,-0.00046874998952262104,6.83593752910383e-05,0.020541992038488388,0.0,0.0,-0.0,0.0,0.000278720777714625,0.3106958568096161,-3.140432119369507,0
1780882639.2838645,26902,-0.00046874998952262104,6.83593752910383e-05,0.020541992038488388,0.0,0.0,-0.0,0.0,0.000278720777714625,0.3106958568096161,-3.140432119369507,0
1780882639.2934976,26915,-0.00046874998952262104,6.83593752910383e-05,0.020541992038488388,0.0,0.0,-0.0,0.0,0.000278720777714625,0.3106958568096161,-3.140432119369507,0
1780882639.3031764,26929,-0.00046874998952262104,6.83593752910383e-05,0.020541992038488388,0.0,0.0,-0.0,0.0,0.000278720777714625,0.3106958568096161,-3.140432119369507,0
1780882639.3144367,26936,-0.00046874998952262104,6.83593752910383e-05,0.020541992038488388,0.0,0.0,-0.0,0.0,0.000278720777714625,0.3106958568096161,-3.140432119369507,0
1780882639.3252757,26948,-0.00046874998952262104,6.83593752910383e-05,0.020541992038488388,0.0,0.0,-0.0,0.0,0.000278720777714625,0.3106958568096161,-3.140432119369507,0
1780882639.3348296,26962,-0.00046874998952262104,6.83593752910383e-05,0.020541992038488388,0.0,0.0,-0.0,0.0,0.000278720777714625,0.3106958568096161,-3.140432119369507,0
1780882639.3460855,26968,-0.00046874998952262104,6.83593752910383e-05,0.020541992038488388,0.0,0.0,-0.0,0.0,0.000278720777714625,0.3106958568096161,-3.140432119369507,0
1780882639.3555617,26981,-0.00046874998952262104,6.83593752910383e-05,0.020541992038488388,0.0,0.0,-0.0,0.0,0.000278720777714625,0.3106958568096161,-3.140432119369507,0
1780882639.3663652,26988,-0.00046874998952262104,6.83593752910383e-05,0.020541992038488388,0.0,0.0,-0.0,0.0,0.000278720777714625,0.3106958568096161,-3.140432119369507,0
1780882639.3761864,27002,-0.00046874998952262104,6.83593752910383e-05,0.020541992038488388,0.0,0.0,-0.0,0.0,0.000278720777714625,0.3106958568096161,-3.140432119369507,0
1780882639.3873641,27013,-0.00046874998952262104,6.83593752910383e-05,0.020541992038488388,0.0,0.0,-0.0,0.0,0.000278720777714625,0.3106958568096161,-3.140432119369507,0
1780882639.3980925,27020,-0.00046874998952262104,6.83593752910383e-05,0.020541992038488388,0.0,0.0,-0.0,0.0,0.000278720777714625,0.3106958568096161,-3.140432119369507,0
1780882639.409095,27034,-0.00046874998952262104,6.83593752910383e-05,0.020541992038488388,0.0,0.0,-0.0,0.0,0.000278720777714625,0.3106958568096161,-3.140432119369507,0
1780882639.4186695,27034,-0.00046874998952262104,6.83593752910383e-05,0.020541992038488388,0.0,0.0,-0.0,0.0,0.000278720777714625,0.3106958568096161,-3.140432119369507,0
1780882639.430975,27056,-0.00046874998952262104,6.83593752910383e-05,0.020541992038488388,0.0,0.0,-0.0,0.0,0.000278720777714625,0.3106958568096161,-3.140432119369507,0
1780882639.4422784,27070,-0.00046874998952262104,6.83593752910383e-05,0.020541992038488388,0.0,0.0,-0.0,0.0,0.000278720777714625,0.3106958568096161,-3.140432119369507,0
1780882639.452377,27070,-0.00046874998952262104,6.83593752910383e-05,0.020541992038488388,0.0,0.0,-0.0,0.0,0.000278720777714625,0.3106958568096161,-3.140432119369507,0
1780882639.4632263,27088,-0.00046874998952262104,6.83593752910383e-05,0.020541992038488388,0.0,0.0,-0.0,0.0,0.000278720777714625,0.3106958568096161,-3.140432119369507,0
1780882639.4733658,27095,-0.00046874998952262104,6.83593752910383e-05,0.020541992038488388,0.0,0.0,-0.0,0.0,0.000278720777714625,0.3106958568096161,-3.140432119369507,0
1780882639.4840698,27102,-0.00046874998952262104,6.83593752910383e-05,0.020541992038488388,0.0,0.0,-0.0,0.0,0.000278720777714625,0.3106958568096161,-3.140432119369507,0
1780882639.4939651,27122,-0.00046874998952262104,6.83593752910383e-05,0.020541992038488388,0.0,0.0,-0.0,0.0,0.000278720777714625,0.3106958568096161,-3.140432119369507,0
1780882639.5050282,27128,-0.00046874998952262104,6.83593752910383e-05,0.020541992038488388,0.0,0.0,-0.0,0.0,0.000278720777714625,0.3106958568096161,-3.140432119369507,0
1780882639.5159118,27135,-0.00046874998952262104,6.83593752910383e-05,0.020541992038488388,0.0,0.0,-0.0,0.0,0.000278720777714625,0.3106958568096161,-3.140432119369507,0
1780882639.526047,27148,-0.00046874998952262104,6.83593752910383e-05,0.020541992038488388,0.0,0.0,-0.0,0.0,0.000278720777714625,0.3106958568096161,-3.140432119369507,0
1780882639.537091,27162,-0.00046874998952262104,6.83593752910383e-05,0.020541992038488388,0.0,0.0,-0.0,0.0,0.000278720777714625,0.3106958568096161,-3.140432119369507,0
1780882639.5479865,27169,-0.00046874998952262104,6.83593752910383e-05,0.020541992038488388,0.0,0.0,-0.0,0.0,0.000278720777714625,0.3106958568096161,-3.140432119369507,0
1780882639.5579576,27182,-0.00046874998952262104,6.83593752910383e-05,0.020541992038488388,0.0,0.0,-0.0,0.0,0.000278720777714625,0.3106958568096161,-3.140432119369507,0
1780882639.5688858,27195,-0.00046874998952262104,6.83593752910383e-05,0.020541992038488388,0.0,0.0,-0.0,0.0,0.000278720777714625,0.3106958568096161,-3.140432119369507,0
1780882639.579721,27202,-0.00046874998952262104,6.83593752910383e-05,0.020541992038488388,0.0,0.0,-0.0,0.0,0.000278720777714625,0.3106958568096161,-3.140432119369507,0
1780882639.5895479,27213,-0.00046874998952262104,6.83593752910383e-05,0.020541992038488388,0.0,0.0,-0.0,0.0,0.000278720777714625,0.3106958568096161,-3.140432119369507,0
1780882639.6010344,27227,-0.00046874998952262104,6.83593752910383e-05,0.020541992038488388,0.0,0.0,-0.0,0.0,0.000278720777714625,0.3106958568096161,-3.140432119369507,0
1780882639.6122177,27234,-0.00046874998952262104,6.83593752910383e-05,0.020541992038488388,0.0,0.0,-0.0,0.0,0.000278720777714625,0.3106958568096161,-3.140432119369507,0
1780882639.6217716,27246,-0.00046874998952262104,6.83593752910383e-05,0.020541992038488388,0.0,0.0,-0.0,0.0,0.000278720777714625,0.3106958568096161,-3.140432119369507,0
1780882639.6327674,27260,-0.00046874998952262104,6.83593752910383e-05,0.020541992038488388,0.0,0.0,-0.0,0.0,0.000278720777714625,0.3106958568096161,-3.140432119369507,0
1780882639.6428251,27267,-0.00046874998952262104,6.83593752910383e-05,0.020541992038488388,0.0,0.0,-0.0,0.0,0.000278720777714625,0.3106958568096161,-3.140432119369507,0
1780882639.652998,27280,-0.00046874998952262104,6.83593752910383e-05,0.020541992038488388,0.0,0.0,-0.0,0.0,0.000278720777714625,0.3106958568096161,-3.140432119369507,0
1780882639.6640275,27287,-0.00046874998952262104,6.83593752910383e-05,0.020541992038488388,0.0,0.0,-0.0,0.0,0.000278720777714625,0.3106958568096161,-3.140432119369507,0
1780882639.6765244,27301,-0.00046874998952262104,6.83593752910383e-05,0.020541992038488388,0.0,0.0,-0.0,0.0,0.000278720777714625,0.3106958568096161,-3.140432119369507,0
1780882639.6863055,27301,-0.00046874998952262104,6.83593752910383e-05,0.020541992038488388,0.0,0.0,-0.0,0.0,0.000278720777714625,0.3106958568096161,-3.140432119369507,0
1780882639.6974993,27322,-0.00046874998952262104,6.83593752910383e-05,0.020541992038488388,0.0,0.0,-0.0,0.0,0.000278720777714625,0.3106958568096161,-3.140432119369507,0
1780882639.7068624,27329,-0.00046874998952262104,6.83593752910383e-05,0.020541992038488388,0.0,0.0,-0.0,0.0,0.000278720777714625,0.3106958568096161,-3.140432119369507,0
1780882639.7166982,27335,-0.00046874998952262104,6.83593752910383e-05,0.020541992038488388,0.0,0.0,-0.0,0.0,0.000278720777714625,0.3106958568096161,-3.140432119369507,0
1780882639.728179,27353,-0.00046874998952262104,6.83593752910383e-05,0.020541992038488388,0.0,0.0,-0.0,0.0,0.000278720777714625,0.3106958568096161,-3.140432119369507,0
1780882639.737917,27360,-0.00046874998952262104,6.83593752910383e-05,0.020541992038488388,0.0,0.0,-0.0,0.0,0.000278720777714625,0.3106958568096161,-3.140432119369507,0
1780882639.7504902,27367,-0.00046874998952262104,6.83593752910383e-05,0.020541992038488388,0.0,0.0,-0.0,0.0,0.000278720777714625,0.3106958568096161,-3.140432119369507,0
1780882639.7597363,27381,-0.00046874998952262104,6.83593752910383e-05,0.020541992038488388,0.0,0.0,-0.0,0.0,0.000278720777714625,0.3106958568096161,-3.140432119369507,0
1780882639.769415,27395,-0.00046874998952262104,6.83593752910383e-05,0.020541992038488388,0.0,0.0,-0.0,0.0,0.000278720777714625,0.3106958568096161,-3.140432119369507,0
1780882639.7821975,27402,-0.00046874998952262104,6.83593752910383e-05,0.020541992038488388,0.0,0.0,-0.0,0.0,0.000278720777714625,0.3106958568096161,-3.140432119369507,0
1780882639.7919555,27415,-0.00046874998952262104,6.83593752910383e-05,0.020541992038488388,0.0,0.0,-0.0,0.0,0.000278720777714625,0.3106958568096161,-3.140432119369507,0
1780882639.80172,27428,-0.00046874998952262104,6.83593752910383e-05,0.020541992038488388,0.0,0.0,-0.0,0.0,0.000278720777714625,0.3106958568096161,-3.140432119369507,0
1780882639.8131278,27435,-0.00046874998952262104,6.83593752910383e-05,0.020541992038488388,0.0,0.0,-0.0,0.0,0.000278720777714625,0.3106958568096161,-3.140432119369507,0
1780882639.8228526,27448,-0.00046874998952262104,6.83593752910383e-05,0.020541992038488388,0.0,0.0,-0.0,0.0,0.000278720777714625,0.3106958568096161,-3.140432119369507,0
1780882639.8335967,27455,-0.00046874998952262104,6.83593752910383e-05,0.020541992038488388,0.0,0.0,-0.0,0.0,0.000278720777714625,0.3106958568096161,-3.140432119369507,0
1780882639.8433268,27469,-0.00046874998952262104,6.83593752910383e-05,0.020541992038488388,0.0,0.0,-0.0,0.0,0.000278720777714625,0.3106958568096161,-3.140432119369507,0
1780882639.8545363,27479,-0.00046874998952262104,6.83593752910383e-05,0.020541992038488388,0.0,0.0,-0.0,0.0,0.000278720777714625,0.3106958568096161,-3.140432119369507,0
1780882639.8642237,27486,-0.00046874998952262104,6.83593752910383e-05,0.020541992038488388,0.0,0.0,-0.0,0.0,0.000278720777714625,0.3106958568096161,-3.140432119369507,0
1780882639.8769512,27500,-0.00046874998952262104,6.83593752910383e-05,0.020541992038488388,0.0,0.0,-0.0,0.0,0.000278720777714625,0.3106958568096161,-3.140432119369507,0
1780882639.8865697,27500,-0.00046874998952262104,6.83593752910383e-05,0.020541992038488388,0.0,0.0,-0.0,0.0,0.000278720777714625,0.3106958568096161,-3.140432119369507,0
1780882639.8963928,27522,-0.00046874998952262104,6.83593752910383e-05,0.020541992038488388,0.0,0.0,-0.0,0.0,0.000278720777714625,0.3106958568096161,-3.140432119369507,0
1780882639.9062943,27529,-0.00046874998952262104,6.83593752910383e-05,0.020541992038488388,0.0,0.0,-0.0,0.0,0.000278720777714625,0.3106958568096161,-3.140432119369507,0
1780882639.9189508,27536,-0.00046874998952262104,6.83593752910383e-05,0.020541992038488388,0.0,0.0,-0.0,0.0,0.000278720777714625,0.3106958568096161,-3.140432119369507,0
1780882639.928587,27555,-0.00046874998952262104,6.83593752910383e-05,0.020541992038488388,0.0,0.0,-0.0,0.0,0.000278720777714625,0.3106958568096161,-3.140432119369507,0
1780882639.938306,27562,-0.00046874998952262104,6.83593752910383e-05,0.020541992038488388,0.0,0.0,-0.0,0.0,0.000278720777714625,0.3106958568096161,-3.140432119369507,0
1780882639.9492457,27569,-0.00046874998952262104,6.83593752910383e-05,0.020541992038488388,0.0,0.0,-0.0,0.0,0.000278720777714625,0.3106958568096161,-3.140432119369507,0
1780882639.959184,27581,-0.00046874998952262104,6.83593752910383e-05,0.020541992038488388,0.0,0.0,-0.0,0.0,0.000278720777714625,0.3106958568096161,-3.140432119369507,0
1780882639.9702866,27595,-0.00046874998952262104,6.83593752910383e-05,0.020541992038488388,0.0,0.0,-0.0,0.0,0.000278720777714625,0.3106958568096161,-3.140432119369507,0
1780882639.9810293,27602,-0.00046874998952262104,6.83593752910383e-05,0.020541992038488388,0.0,0.0,-0.0,0.0,0.000278720777714625,0.3106958568096161,-3.140432119369507,0
1780882639.9906743,27613,-0.00046874998952262104,6.83593752910383e-05,0.020541992038488388,0.0,0.0,-0.0,0.0,0.000278720777714625,0.3106958568096161,-3.140432119369507,0
1780882640.0019054,27627,-0.00046874998952262104,6.83593752910383e-05,0.020541992038488388,0.0,0.0,-0.0,0.0,0.000278720777714625,0.3106958568096161,-3.140432119369507,0
1780882640.0133634,27634,-0.00046874998952262104,6.83593752910383e-05,0.020541992038488388,0.0,0.0,-0.0,0.0,0.000278720777714625,0.3106958568096161,-3.140432119369507,0
1780882640.022863,27648,-0.00046874998952262104,6.83593752910383e-05,0.020541992038488388,0.0,0.0,-0.0,0.0,0.000278720777714625,0.3106958568096161,-3.140432119369507,0
1780882640.0339024,27655,-0.00046874998952262104,6.83593752910383e-05,0.020541992038488388,0.0,0.0,-0.0,0.0,0.000278720777714625,0.3106958568096161,-3.140432119369507,0
1780882640.0438225,27669,-0.00046874998952262104,6.83593752910383e-05,0.020541992038488388,0.0,0.0,-0.0,0.0,0.000278720777714625,0.3106958568096161,-3.140432119369507,0
1780882640.054698,27679,-0.00046874998952262104,6.83593752910383e-05,0.020541992038488388,0.0,0.0,-0.0,0.0,0.000278720777714625,0.3106958568096161,-3.140432119369507,0
1780882640.0656414,27693,-0.00046874998952262104,6.83593752910383e-05,0.020541992038488388,0.0,0.0,-0.0,0.0,0.000278720777714625,0.3106958568096161,-3.140432119369507,0
1780882640.0756068,27700,-0.00046874998952262104,6.83593752910383e-05,0.020541992038488388,0.0,0.0,-0.0,0.0,0.000278720777714625,0.3106958568096161,-3.140432119369507,0
1780882640.0862257,27700,-0.00046874998952262104,6.83593752910383e-05,0.020541992038488388,0.0,0.0,-0.0,0.0,0.000278720777714625,0.3106958568096161,-3.140432119369507,0
1780882640.0957854,27722,-0.00046874998952262104,6.83593752910383e-05,0.020541992038488388,0.0,0.0,-0.0,0.0,0.000278720777714625,0.3106958568096161,-3.140432119369507,0
1780882640.1067715,27729,-0.00046874998952262104,6.83593752910383e-05,0.020541992038488388,0.0,0.0,-0.0,0.0,0.000278720777714625,0.3106958568096161,-3.140432119369507,0
1780882640.1179998,27736,-0.00046874998952262104,6.83593752910383e-05,0.020541992038488388,0.0,0.0,-0.0,0.0,0.000278720777714625,0.3106958568096161,-3.140432119369507,0
1780882640.128014,27754,-0.00046874998952262104,6.83593752910383e-05,0.020541992038488388,0.0,0.0,-0.0,0.0,0.000278720777714625,0.3106958568096161,-3.140432119369507,0
1780882640.1387901,27761,-0.00046874998952262104,6.83593752910383e-05,0.020541992038488388,0.0,0.0,-0.0,0.0,0.000278720777714625,0.3106958568096161,-3.140432119369507,0
1780882640.1499228,27769,-0.00046874998952262104,6.83593752910383e-05,0.020541992038488388,0.0,0.0,-0.0,0.0,0.000278720777714625,0.3106958568096161,-3.140432119369507,0
1780882640.159544,27787,-0.00046874998952262104,6.83593752910383e-05,0.020541992038488388,0.0,0.0,-0.0,0.0,0.000278720777714625,0.3106958568096161,-3.140432119369507,0
1780882640.1704364,27793,-0.00046874998952262104,6.83593752910383e-05,0.020541992038488388,0.0,0.0,-0.0,0.0,0.000278720777714625,0.3106958568096161,-3.140432119369507,0
1780882640.1816316,27800,-0.00046874998952262104,6.83593752910383e-05,0.020541992038488388,0.0,0.0,-0.0,0.0,0.000278720777714625,0.3106958568096161,-3.140432119369507,0
1780882640.1917949,27819,-0.00046874998952262104,6.83593752910383e-05,0.020541992038488388,0.0,0.0,-0.0,0.0,0.000278720777714625,0.3106958568096161,-3.140432119369507,0
1780882640.204487,27826,-0.00046874998952262104,6.83593752910383e-05,0.020541992038488388,0.0,0.0,-0.0,0.0,0.000278720777714625,0.3106958568096161,-3.140432119369507,0
1780882640.2143412,27833,-0.00046874998952262104,6.83593752910383e-05,0.020541992038488388,0.0,0.0,-0.0,0.0,0.000278720777714625,0.3106958568096161,-3.140432119369507,0
1780882640.2238958,27846,-0.00046874998952262104,6.83593752910383e-05,0.020541992038488388,0.0,0.0,-0.0,0.0,0.000278720777714625,0.3106958568096161,-3.140432119369507,0
1780882640.2347867,27860,-0.00046874998952262104,6.83593752910383e-05,0.020541992038488388,0.0,0.0,-0.0,0.0,0.000278720777714625,0.3106958568096161,-3.140432119369507,0
1780882640.2459078,27867,-0.00046874998952262104,6.83593752910383e-05,0.020541992038488388,0.0,0.0,-0.0,0.0,0.000278720777714625,0.3106958568096161,-3.140432119369507,0
1780882640.2568815,27880,-0.00046874998952262104,6.83593752910383e-05,0.020541992038488388,0.0,0.0,-0.0,0.0,0.000278720777714625,0.3106958568096161,-3.140432119369507,0
1780882640.2665193,27893,-0.00046874998952262104,6.83593752910383e-05,0.020541992038488388,0.0,0.0,-0.0,0.0,0.000278720777714625,0.3106958568096161,-3.140432119369507,0
1780882640.2776275,27900,-0.00046874998952262104,6.83593752910383e-05,0.020541992038488388,0.0,0.0,-0.0,0.0,0.000278720777714625,0.3106958568096161,-3.140432119369507,0
1780882640.2872107,27914,-0.00046874998952262104,6.83593752910383e-05,0.020541992038488388,0.0,0.0,-0.0,0.0,0.000278720777714625,0.3106958568096161,-3.140432119369507,0
1780882640.2999482,27922,-0.00046874998952262104,6.83593752910383e-05,0.020541992038488388,0.0,0.0,-0.0,0.0,0.000278720777714625,0.3106958568096161,-3.140432119369507,0
1780882640.310969,27936,-0.00046874998952262104,6.83593752910383e-05,0.020541992038488388,0.0,0.0,-0.0,0.0,0.000278720777714625,0.3106958568096161,-3.140432119369507,0
1780882640.322681,27948,-0.00046874998952262104,6.83593752910383e-05,0.020541992038488388,0.0,0.0,-0.0,0.0,0.000278720777714625,0.3106958568096161,-3.140432119369507,0
1780882640.3310225,27955,-0.00046874998952262104,6.83593752910383e-05,0.020541992038488388,0.0,0.0,-0.0,0.0,0.000278720777714625,0.3106958568096161,-3.140432119369507,0
1780882640.3421867,27969,-0.00046874998952262104,6.83593752910383e-05,0.020541992038488388,0.0,0.0,-0.0,0.0,0.000278720777714625,0.3106958568096161,-3.140432119369507,0
1780882640.3531601,27980,-0.00046874998952262104,6.83593752910383e-05,0.020541992038488388,0.0,0.0,-0.0,0.0,0.000278720777714625,0.3106958568096161,-3.140432119369507,0
1780882640.363158,27986,-0.00046874998952262104,6.83593752910383e-05,0.020541992038488388,0.0,0.0,-0.0,0.0,0.000278720777714625,0.3106958568096161,-3.140432119369507,0
1780882640.3740015,28000,-0.00046874998952262104,6.83593752910383e-05,0.020541992038488388,0.0,0.0,-0.0,0.0,0.000278720777714625,0.3106958568096161,-3.140432119369507,0
1780882640.3838506,28000,-0.00046874998952262104,6.83593752910383e-05,0.020541992038488388,0.0,0.0,-0.0,0.0,0.000278720777714625,0.3106958568096161,-3.140432119369507,0
1780882640.3948467,28022,-0.00046874998952262104,6.83593752910383e-05,0.020541992038488388,0.0,0.0,-0.0,0.0,0.000278720777714625,0.3106958568096161,-3.140432119369507,0
1780882640.4063663,28029,-0.00046874998952262104,6.83593752910383e-05,0.020541992038488388,0.0,0.0,-0.0,0.0,0.000278720777714625,0.3106958568096161,-3.140432119369507,0
1780882640.416101,28036,-0.00046874998952262104,6.83593752910383e-05,0.020541992038488388,0.0,0.0,-0.0,0.0,0.000278720777714625,0.3106958568096161,-3.140432119369507,0
1780882640.426985,28053,-0.00046874998952262104,6.83593752910383e-05,0.020541992038488388,0.0,0.0,-0.0,0.0,0.000278720777714625,0.3106958568096161,-3.140432119369507,0
1780882640.4384394,28060,-0.00046874998952262104,6.83593752910383e-05,0.020541992038488388,0.0,0.0,-0.0,0.0,0.000278720777714625,0.3106958568096161,-3.140432119369507,0
1780882640.4484074,28067,-0.00046874998952262104,6.83593752910383e-05,0.020541992038488388,0.0,0.0,-0.0,0.0,0.000278720777714625,0.3106958568096161,-3.140432119369507,0
1780882640.4596336,28081,-0.00046874998952262104,6.83593752910383e-05,0.020541992038488388,0.0,0.0,-0.0,0.0,0.000278720777714625,0.3106958568096161,-3.140432119369507,0
1780882640.4687061,28095,-0.00046874998952262104,6.83593752910383e-05,0.020541992038488388,0.0,0.0,-0.0,0.0,0.000278720777714625,0.3106958568096161,-3.140432119369507,0
1780882640.479974,28102,-0.00046874998952262104,6.83593752910383e-05,0.020541992038488388,0.0,0.0,-0.0,0.0,0.000278720777714625,0.3106958568096161,-3.140432119369507,0
1780882640.4907799,28114,-0.00046874998952262104,6.83593752910383e-05,0.020541992038488388,0.0,0.0,-0.0,0.0,0.000278720777714625,0.3106958568096161,-3.140432119369507,0
1780882640.5009918,28128,-0.00046874998952262104,6.83593752910383e-05,0.020541992038488388,0.0,0.0,-0.0,0.0,0.000278720777714625,0.3106958568096161,-3.140432119369507,0
1780882640.512044,28135,-0.00046874998952262104,6.83593752910383e-05,0.020541992038488388,0.0,0.0,-0.0,0.0,0.000278720777714625,0.3106958568096161,-3.140432119369507,0
1780882640.5233088,28146,-0.00046874998952262104,6.83593752910383e-05,0.020541992038488388,0.0,0.0,-0.0,0.0,0.000278720777714625,0.3106958568096161,-3.140432119369507,0
1780882640.5327802,28160,-0.00046874998952262104,6.83593752910383e-05,0.020541992038488388,0.0,0.0,-0.0,0.0,0.000278720777714625,0.3106958568096161,-3.140432119369507,0
1780882640.5427487,28167,-0.00046874998952262104,6.83593752910383e-05,0.020541992038488388,0.0,0.0,-0.0,0.0,0.000278720777714625,0.3106958568096161,-3.140432119369507,0
1780882640.5538304,28181,-0.00046874998952262104,6.83593752910383e-05,0.020541992038488388,0.0,0.0,-0.0,0.0,0.000278720777714625,0.3106958568096161,-3.140432119369507,0
1780882640.5651855,28188,-0.00046874998952262104,6.83593752910383e-05,0.020541992038488388,0.0,0.0,-0.0,0.0,0.000278720777714625,0.3106958568096161,-3.140432119369507,0
1780882640.5748463,28202,-0.00046874998952262104,6.83593752910383e-05,0.020541992038488388,0.0,0.0,-0.0,0.0,0.000278720777714625,0.3106958568096161,-3.140432119369507,0
1780882640.5862517,28213,-0.00046874998952262104,6.83593752910383e-05,0.020541992038488388,0.0,0.0,-0.0,0.0,0.000278720777714625,0.3106958568096161,-3.140432119369507,0
1780882640.596443,28220,-0.00046874998952262104,6.83593752910383e-05,0.020541992038488388,0.0,0.0,-0.0,0.0,0.000278720777714625,0.3106958568096161,-3.140432119369507,0
1780882640.6078193,28233,-0.00046874998952262104,6.83593752910383e-05,0.020541992038488388,0.0,0.0,-0.0,0.0,0.000278720777714625,0.3106958568096161,-3.140432119369507,0
1780882640.6177247,28233,-0.00046874998952262104,6.83593752910383e-05,0.020541992038488388,0.0,0.0,-0.0,0.0,0.000278720777714625,0.3106958568096161,-3.140432119369507,0
1780882640.6288216,28255,-0.00046874998952262104,6.83593752910383e-05,0.020541992038488388,0.0,0.0,-0.0,0.0,0.000278720777714625,0.3106958568096161,-3.140432119369507,0
1780882640.6387696,28262,-0.00046874998952262104,6.83593752910383e-05,0.020541992038488388,0.0,0.0,-0.0,0.0,0.000278720777714625,0.3106958568096161,-3.140432119369507,0
1780882640.6502686,28269,-0.00046874998952262104,6.83593752910383e-05,0.020541992038488388,0.0,0.0,-0.0,0.0,0.000278720777714625,0.3106958568096161,-3.140432119369507,0
1780882640.659741,28282,-0.00046874998952262104,6.83593752910383e-05,0.020541992038488388,0.0,0.0,-0.0,0.0,0.000278720777714625,0.3106958568096161,-3.140432119369507,0
1780882640.6722074,28295,-0.00046874998952262104,6.83593752910383e-05,0.020541992038488388,0.0,0.0,-0.0,0.0,0.000278720777714625,0.3106958568096161,-3.140432119369507,0
1780882640.6819766,28302,-0.00046874998952262104,6.83593752910383e-05,0.020541992038488388,0.0,0.0,-0.0,0.0,0.000278720777714625,0.3106958568096161,-3.140432119369507,0
1780882640.6916223,28315,-0.00046874998952262104,6.83593752910383e-05,0.020541992038488388,0.0,0.0,-0.0,0.0,0.000278720777714625,0.3106958568096161,-3.140432119369507,0
1780882640.702577,28328,-0.00046874998952262104,6.83593752910383e-05,0.020541992038488388,0.0,0.0,-0.0,0.0,0.000278720777714625,0.3106958568096161,-3.140432119369507,0
1780882640.7124553,28335,-0.00046874998952262104,6.83593752910383e-05,0.020541992038488388,0.0,0.0,-0.0,0.0,0.000278720777714625,0.3106958568096161,-3.140432119369507,0
1780882640.7238247,28346,-0.00046874998952262104,6.83593752910383e-05,0.020541992038488388,0.0,0.0,-0.0,0.0,0.000278720777714625,0.3106958568096161,-3.140432119369507,0
1780882640.7350698,28360,-0.00046874998952262104,6.83593752910383e-05,0.020541992038488388,0.0,0.0,-0.0,0.0,0.000278720777714625,0.3106958568096161,-3.140432119369507,0
1780882640.7443676,28367,-0.00046874998952262104,6.83593752910383e-05,0.020541992038488388,0.0,0.0,-0.0,0.0,0.000278720777714625,0.3106958568096161,-3.140432119369507,0
1780882640.755216,28381,-0.00046874998952262104,6.83593752910383e-05,0.020541992038488388,0.0,0.0,-0.0,0.0,0.000278720777714625,0.3106958568096161,-3.140432119369507,0
1780882640.7647858,28388,-0.00046874998952262104,6.83593752910383e-05,0.020541992038488388,0.0,0.0,-0.0,0.0,0.000278720777714625,0.3106958568096161,-3.140432119369507,0
1780882640.776105,28402,-0.00046874998952262104,6.83593752910383e-05,0.020541992038488388,0.0,0.0,-0.0,0.0,0.000278720777714625,0.3106958568096161,-3.140432119369507,0
1780882640.7870615,28412,-0.00046874998952262104,6.83593752910383e-05,0.020541992038488388,0.0,0.0,-0.0,0.0,0.000278720777714625,0.3106958568096161,-3.140432119369507,0
1780882640.7966824,28419,-0.00046874998952262104,6.83593752910383e-05,0.020541992038488388,0.0,0.0,-0.0,0.0,0.000278720777714625,0.3106958568096161,-3.140432119369507,0
1780882640.8074486,28433,-0.00046874998952262104,6.83593752910383e-05,0.020541992038488388,0.0,0.0,-0.0,0.0,0.000278720777714625,0.3106958568096161,-3.140432119369507,0
1780882640.8192668,28433,-0.00046874998952262104,6.83593752910383e-05,0.020541992038488388,0.0,0.0,-0.0,0.0,0.000278720777714625,0.3106958568096161,-3.140432119369507,0
1780882640.8289511,28455,-0.00046874998952262104,6.83593752910383e-05,0.020541992038488388,0.0,0.0,-0.0,0.0,0.000278720777714625,0.3106958568096161,-3.140432119369507,0
1780882640.8386376,28462,-0.00046874998952262104,6.83593752910383e-05,0.020541992038488388,0.0,0.0,-0.0,0.0,0.000278720777714625,0.3106958568096161,-3.140432119369507,0
1780882640.849577,28469,-0.00046874998952262104,6.83593752910383e-05,0.020541992038488388,0.0,0.0,-0.0,0.0,0.000278720777714625,0.3106958568096161,-3.140432119369507,0
1780882640.860466,28488,-0.00046874998952262104,6.83593752910383e-05,0.020541992038488388,0.0,0.0,-0.0,0.0,0.000278720777714625,0.3106958568096161,-3.140432119369507,0
1780882640.8719716,28495,-0.00046874998952262104,6.83593752910383e-05,0.020541992038488388,0.0,0.0,-0.0,0.0,0.000278720777714625,0.3106958568096161,-3.140432119369507,0
1780882640.8813305,28502,-0.00046874998952262104,6.83593752910383e-05,0.020541992038488388,0.0,0.0,-0.0,0.0,0.000278720777714625,0.3106958568096161,-3.140432119369507,0
1780882640.891179,28513,-0.00046874998952262104,6.83593752910383e-05,0.020541992038488388,0.0,0.0,-0.0,0.0,0.000278720777714625,0.3106958568096161,-3.140432119369507,0
1780882640.9025488,28527,-0.00046874998952262104,6.83593752910383e-05,0.020541992038488388,0.0,0.0,-0.0,0.0,0.000278720777714625,0.3106958568096161,-3.140432119369507,0
1780882640.9120033,28534,-0.00046874998952262104,6.83593752910383e-05,0.020541992038488388,0.0,0.0,-0.0,0.0,0.000278720777714625,0.3106958568096161,-3.140432119369507,0
1780882640.9230468,28546,-0.00046874998952262104,6.83593752910383e-05,0.020541992038488388,0.002435603179037571,-0.00048154525575228035,0.006686472799628973,0.007132528806759463,0.000278720777714625,0.3106958568096161,-3.140432119369507,0
1780882640.932706,28560,-0.0005078124813735485,6.83593752910383e-05,0.020610351115465164,-0.003196780104190111,-0.0001935918553499505,0.0015659427735954523,0.003564976523229766,0.0003314238565508276,0.31065285205841064,-3.1405396461486816,0
1780882640.9439862,28567,-0.0005859374650754035,6.83593752910383e-05,0.020561523735523224,-0.010972597636282444,3.674836625577882e-05,-0.006490724161267281,0.01274867638101432,0.0003153868019580841,0.3098454475402832,-3.140557289123535,0
1780882640.9554224,28579,-0.0007421874906867743,6.83593752910383e-05,0.020400390028953552,-0.03427725285291672,-0.0001512728340458125,-0.040086034685373306,0.052743180823780995,0.0003153868019580841,0.3098454475402832,-3.140557289123535,0
1780882640.9649448,28586,-0.0012499999720603228,6.83593752910383e-05,0.019770506769418716,-0.04877848923206329,-0.00032690371153876185,-0.05984847992658615,0.07720938043607213,0.0003143679350614548,0.30765852332115173,-3.1405327320098877,0
1780882640.9750202,28600,-0.002343749860301614,4.8828122089616954e-05,0.018510742112994194,-0.0895562618970871,-0.002155734458938241,-0.09941289573907852,0.13382038363144086,0.0004593670309986919,0.2824287414550781,-3.1405029296875,0
1780882640.9863002,28600,-0.002343749860301614,4.8828122089616954e-05,0.018510742112994194,-0.0895562618970871,-0.002155734458938241,-0.09941289573907852,0.13382038363144086,0.0004593670309986919,0.2824287414550781,-3.1405029296875,0
1780882640.9975517,28622,-0.0052734375931322575,-9.765624781721272e-06,0.01564941368997097,-0.16280145943164825,-0.002316937316209078,-0.15382705628871918,0.2239920682480847,0.000333965610479936,0.2719411551952362,-3.1405029296875,0
1780882641.00713,28635,-0.008007812313735485,-4.8828122089616954e-05,0.013007812201976776,-0.20933863520622253,-0.0023047204595059156,-0.20289859175682068,0.2915404165176783,0.0001649691112106666,0.24170313775539398,-3.1405129432678223,0
1780882641.0179791,28635,-0.008007812313735485,-4.8828122089616954e-05,0.013007812201976776,-0.20933863520622253,-0.0023047204595059156,-0.20289859175682068,0.2915404165176783,0.00010308271157555282,0.2337791621685028,-3.1405141353607178,0
1780882641.0281897,28653,-0.012343749403953552,-8.789062121650204e-05,0.008588867262005806,-0.26629066467285156,-0.0022600004449486732,-0.2761000096797943,0.3835974987393723,1.1455898857093416e-05,0.21618305146694183,-3.1405141353607178,0
1780882641.0394173,28660,-0.01433593686670065,-0.00010742187441792339,0.006455077789723873,-0.2881540358066559,-0.002237578621134162,-0.30759918689727783,0.4214914173380233,1.5735566876173834e-06,0.20952902734279633,-3.1405141353607178,0
1780882641.0486262,28667,-0.016484374180436134,-0.00012695312034338713,0.0040917969308793545,-0.30955639481544495,-0.0022146403789520264,-0.3402060866355896,0.45996765928383054,3.4563836948109383e-07,0.20276354253292084,-3.1405138969421387,0
1780882641.0600274,28688,-0.023945311084389687,-0.00018554687267169356,-0.004589843563735485,-0.37136080861091614,-0.002148945815861225,-0.44452518224716187,0.5792375210499968,3.0224098281905754e-06,0.1958322376012802,-3.1405131816864014,0
1780882641.0708964,28695,-0.026640623807907104,-0.0002050781185971573,-0.007919921539723873,-0.3902641236782074,-0.0021294241305440664,-0.47977107763290405,0.6184584930377179,8.626361704955343e-06,0.18115662038326263,-3.1405129432678223,0
1780882641.0824425,28702,-0.02949218638241291,-0.00022460936452262104,-0.01149902306497097,-0.4084551930427551,-0.002110664965584874,-0.515396237373352,0.6576270836338783,8.564599738747347e-06,0.173889622092247,-3.140512704849243,0
1780882641.0919387,28713,-0.03246093541383743,-0.00023437499476131052,-0.015327148139476776,-0.4393352270126343,-0.0020781958010047674,-0.5800435543060303,0.7276470885559859,6.437342563003767e-06,0.16666637361049652,-3.140512704849243,0
1780882641.1017628,28727,-0.040703125298023224,-0.0002636718563735485,-0.026445312425494194,-0.46793943643569946,-0.002046706387773156,-0.6451130509376526,0.7969581881559936,-9.587372915120795e-06,0.14290845394134521,-3.140512704849243,0
1780882641.1119306,28734,-0.044062498956918716,-0.0002734375011641532,-0.03117675706744194,-0.48289504647254944,-0.002029536059126258,-0.6812798380851746,0.8350652445801482,-1.3848443813913036e-05,0.13689611852169037,-3.1405129432678223,0
1780882641.1234562,28748,-0.04749999940395355,-0.00028320311685092747,-0.036162108182907104,-0.5112969279289246,-0.001995443133637309,-0.7541885375976562,0.911168963774857,-1.3848443813913036e-05,0.13689611852169037,-3.1405129432678223,0
1780882641.1349125,28755,-0.05492187291383743,-0.00030273437732830644,-0.047246091067790985,-0.5248079299926758,-0.0019785729236900806,-0.7909690141677856,0.9492414126593773,-1.757685822667554e-05,0.13133752346038818,-3.1405129432678223,0
1780882641.1447618,28769,-0.0625,-0.00032226560870185494,-0.05896972492337227,-0.5493661165237427,-0.0019468782702460885,-0.8618618845939636,1.0220630256668306,-2.5566339900251478e-05,0.11628221720457077,-3.140512704849243,0
1780882641.1577933,28780,-0.06640625,-0.00033203125349245965,-0.06520019471645355,-0.5690593123435974,-0.0019204153213649988,-0.9231666922569275,1.0844671182901633,-2.929477341240272e-05,0.1068652793765068,-3.140512704849243,0
1780882641.1700723,28787,-0.07230468839406967,-0.00035156248486600816,-0.07489746063947678,-0.5769678950309753,-0.0019094779854640365,-0.9491105675697327,1.1107233982748324,-3.195793033228256e-05,0.10015081614255905,-3.140512228012085,0
1780882641.1769228,28801,-0.08101562410593033,-0.0003808593610301614,-0.08969726413488388,-0.5980470180511475,-0.0018795010400936007,-1.0207594633102417,1.1830526827920393,-3.35558142978698e-05,0.0959850549697876,-3.140511989593506,0
1780882641.189131,28815,-0.0852343738079071,-0.00039062497671693563,-0.09700683504343033,-0.615415632724762,-0.0018536573043093085,-1.0819400548934937,1.2447225069991934,-3.5153723729308695e-05,0.09156692028045654,-3.140511989593506,0
1780882641.198801,28822,-0.09355468302965164,-0.0004101562371943146,-0.1116943359375,-0.6232761740684509,-0.0018415820086374879,-1.110239863395691,1.2732278409061681,-3.675161497085355e-05,0.08783948421478271,-3.140511989593506,0
1780882641.2098384,28836,-0.10234374552965164,-0.00042968749767169356,-0.12769530713558197,-0.6383597254753113,-0.0018176756566390395,-1.1661076545715332,1.3294034395562657,-4.0480044845025986e-05,0.07454120367765427,-3.1405112743377686,0
1780882641.221119,28849,-0.10683593153953552,-0.0004394531133584678,-0.13597655296325684,-0.6514934301376343,-0.0017959577962756157,-1.2163869142532349,1.3798710230102715,-4.0480044845025986e-05,0.07454120367765427,-3.1405112743377686,0
1780882641.2336512,28856,-0.11539062112569809,-0.0004589843738358468,-0.15199218690395355,-0.657367467880249,-0.001785938278771937,-1.2393594980239868,1.4029066764204576,-4.1012681322172284e-05,0.07145046442747116,-3.1405112743377686,0
1780882641.244388,28869,-0.12464843690395355,-0.0004785156052093953,-0.16969238221645355,-0.6689701080322266,-0.0017655439442023635,-1.2859678268432617,1.4495645464283573,-4.261057256371714e-05,0.06604039669036865,-3.1405107975006104,0
1780882641.2539127,28869,-0.12464843690395355,-0.0004785156052093953,-0.16969238221645355,-0.6689701080322266,-0.0017655439442023635,-1.2859678268432617,1.4495645464283573,-4.314319812692702e-05,0.060594912618398666,-3.1405107975006104,0
1780882641.2650127,28891,-0.13906249403953552,-0.0005078124813735485,-0.19795410335063934,-0.6844663023948669,-0.0017367744585499167,-1.3514902591705322,1.5149333503928328,-4.367583824205212e-05,0.057932253926992416,-3.140510320663452,0
1780882641.276051,28898,-0.1438281238079071,-0.0005175780970603228,-0.20747558772563934,-0.6889756917953491,-0.0017280001193284988,-1.3712823390960693,1.5346353779924662,-4.420845289132558e-05,0.050432201474905014,-3.140510320663452,0
1780882641.287075,28911,-0.1534765660762787,-0.0005371093866415322,-0.2268945276737213,-0.6971959471702576,-0.001711451099254191,-1.4071842432022095,1.570430709115201,-4.4208467443240806e-05,0.04819631204009056,-3.140510320663452,0
1780882641.2977984,28925,-0.1632421910762787,-0.0005566406180150807,-0.2467919886112213,-0.7045567035675049,-0.0016959315398707986,-1.4407786130905151,1.603822320790157,-4.4208467443240806e-05,0.04602682217955589,-3.140509843826294,0
1780882641.3088863,28932,-0.16816405951976776,-0.0005664062337018549,-0.25690916180610657,-0.7079582214355469,-0.001688507036305964,-1.4570492506027222,1.6199383361832478,-4.4208471081219614e-05,0.04203164204955101,-3.140509843826294,0
1780882641.3186095,28932,-0.16816405951976776,-0.0005664062337018549,-0.25690916180610657,-0.7079582214355469,-0.001688507036305964,-1.4570492506027222,1.6199383361832478,-4.367583824205212e-05,0.04017472267150879,-3.140509843826294,0
1780882641.3294635,28955,-0.18417967855930328,-0.0005957031389698386,-0.2903124988079071,-0.7176622748374939,-0.0016662976704537868,-1.5029724836349487,1.6655234023683545,-4.3675834604073316e-05,0.0383911095559597,-3.140509843826294,0
1780882641.3407145,28962,-0.1891796886920929,-0.0006054687546566129,-0.3008398413658142,-0.7203075885772705,-0.0016599250957369804,-1.515588641166687,1.6780508653633865,-4.314320540288463e-05,0.03313278779387474,-3.140509605407715,0
1780882641.3504443,28969,-0.1942187398672104,-0.0006152343703433871,-0.31145018339157104,-0.7228137850761414,-0.0016537409974262118,-1.527900218963623,1.6902489703781725,-4.2610568925738335e-05,0.031611084938049316,-3.140509605407715,0
1780882641.3612096,28988,-0.20839843153953552,-0.0006445312174037099,-0.34168943762779236,-0.7290794253349304,-0.0016375157283619046,-1.558678150177002,1.7207664181241085,-4.2077936086570844e-05,0.030121801421046257,-3.140509605407715,0
1780882641.3725202,28995,-0.21347655355930328,-0.0006542968330904841,-0.3525781035423279,-0.7310464978218079,-0.0016321594594046474,-1.5678130388259888,1.729875536168661,-4.1545314161339775e-05,0.02762114815413952,-3.140509605407715,0
1780882641.3820667,29002,-0.21855467557907104,-0.0006640625069849193,-0.363525390625,-0.7328944206237793,-0.0016269930638372898,-1.5762486457824707,1.7383028137292327,-4.0480044845025986e-05,0.025119898840785027,-3.140509605407715,0
1780882641.3920965,29020,-0.23156249523162842,-0.0006933593540452421,-0.39152342081069946,-0.7370110154151917,-0.0016148973954841495,-1.5916227102279663,1.7539813842941283,-3.994740836787969e-05,0.023960350081324577,-3.1405093669891357,0
1780882641.403016,29027,-0.23667968809604645,-0.0007031249697320163,-0.40260741114616394,-0.7384586930274963,-0.0016104356618598104,-1.5963032245635986,1.7588370645295834,-3.8882146327523515e-05,0.021262526512145996,-3.1405093669891357,0
1780882641.4149094,29034,-0.24183593690395355,-0.0007128905854187906,-0.41371092200279236,-0.7397930026054382,-0.0016062009381130338,-1.5992176532745361,1.762042385736035,-3.834952076431364e-05,0.020279882475733757,-3.1405093669891357,0
1780882641.4262905,29048,-0.24699218571186066,-0.0007226562593132257,-0.4248290956020355,-0.7427712082862854,-0.0015964573249220848,-1.628891110420227,1.7902507830304386,-3.834952076431364e-05,0.020279882475733757,-3.1405093669891357,0
1780882641.4359367,29062,-0.26304686069488525,-0.0007519531063735485,-0.4608105421066284,-0.7463905811309814,-0.0015874739037826657,-1.7101705074310303,1.8659540680738491,-0.00019867178343702108,0.01697981171309948,3.1293277740478516,0
1780882641.447072,29069,-0.2682421803474426,-0.0007617187220603228,-0.4729638695716858,-0.7480392456054688,-0.001586348400451243,-1.74990975856781,1.9030894336835822,-0.0003206445253454149,0.01639544777572155,3.1188652515411377,0
1780882641.4567804,29081,-0.2734375,-0.000771484337747097,-0.4853466749191284,-0.7505562901496887,-0.001593038672581315,-1.7994054555892944,1.949665939606063,-0.0004308994684834033,0.015863416716456413,3.105297803878784,0
1780882641.468016,29095,-0.28773435950279236,-0.0008007812430150807,-0.5196288824081421,-0.7521439790725708,-0.0016223258571699262,-1.7987630367279053,1.9496850154563177,-0.0005102615687064826,0.01504421140998602,3.075955867767334,0
1780882641.479275,29102,-0.29296875,-0.0008105468587018549,-0.5320116877555847,-0.7527300119400024,-0.0016498817130923271,-1.7834279537200928,1.9357738656917292,-0.00045380255323834717,0.014619110152125359,3.05658221244812,0
1780882641.4891522,29113,-0.29820311069488525,-0.0008203124743886292,-0.5442333817481995,-0.7534783482551575,-0.0017213720129802823,-1.7380146980285645,1.8943145660038223,-0.00013049488188698888,0.013792394660413265,3.015761375427246,0
1780882641.5004206,29127,-0.31187498569488525,-0.0008496093796566129,-0.5751659870147705,-0.7540310621261597,-0.0018291901797056198,-1.6825774908065796,1.8438094264746516,0.0003352031053509563,0.01315069105476141,2.9835638999938965,0
1780882641.5120022,29134,-0.3171093761920929,-0.0008593749953433871,-0.5866308212280273,-0.7543041110038757,-0.0019118463387712836,-1.6510573625564575,1.815204881407511,0.0007271344074979424,0.012771963141858578,2.9648845195770264,0
1780882641.5218544,29148,-0.32234373688697815,-0.0008691406110301614,-0.5978857278823853,-0.7548697590827942,-0.00216365372762084,-1.5921655893325806,1.7620511622623027,0.0016783635364845395,0.012088536284863949,2.93168568611145,0
1780882641.5317357,29155,-0.33320310711860657,-0.0009082031319849193,-0.6206347346305847,-0.7551681399345398,-0.0023455889895558357,-1.5656635761260986,1.7382712259506181,0.002874213270843029,0.011527775786817074,2.903583526611328,0
1780882641.5413315,29169,-0.34367185831069946,-0.0009472655947320163,-0.641918957233429,-0.7557632327079773,-0.0028255870565772057,-1.5219398736953735,1.6992607295525064,0.0035105145070701838,0.01131355669349432,2.891935110092163,0
1780882641.5537913,29180,-0.3489062488079071,-0.0009667968261055648,-0.6523632407188416,-0.7563061118125916,-0.003419805085286498,-1.4920076131820679,1.6727514303162776,0.004182569216936827,0.011132954619824886,2.881381034851074,0
1780882641.5636592,29187,-0.35691404342651367,-0.0010058593470603228,-0.6681005954742432,-0.7565445303916931,-0.003735518781468272,-1.4816677570343018,1.66364447007202,0.004881603177636862,0.010982274077832699,2.8716695308685303,0
1780882641.5749736,29201,-0.3674609363079071,-0.0010644531575962901,-0.6884521245956421,-0.7571653723716736,-0.0047194380313158035,-1.4600646495819092,1.6447219993581925,0.006750587373971939,0.010708569549024105,2.84934401512146,0
1780882641.5850165,29201,-0.3674609363079071,-0.0010644531575962901,-0.6884521245956421,-0.7571653723716736,-0.0047194380313158035,-1.4600646495819092,1.6447219993581925,0.007531069219112396,0.010643004439771175,2.840855121612549,0
1780882641.5961385,29222,-0.3833593726158142,-0.0011914062779396772,-0.7187451124191284,-0.7580258250236511,-0.006673515308648348,-1.4383949041366577,1.6259236105843555,0.00833173654973507,0.01059937383979559,2.8323211669921875,0
1780882641.6076527,29229,-0.38863280415534973,-0.0012402343563735485,-0.7286962866783142,-0.7582765221595764,-0.007442611735314131,-1.4327812194824219,1.6210801027183699,0.010832741856575012,0.010565279982984066,2.8060128688812256,0
1780882641.617519,29235,-0.39390623569488525,-0.001298828050494194,-0.7386083602905273,-0.7585041522979736,-0.008266131393611431,-1.427250623703003,1.6163048044357522,0.011691136285662651,0.01058351993560791,2.7971107959747314,0
1780882641.6289303,29253,-0.40730467438697815,-0.0014746093656867743,-0.76368647813797,-0.7589725852012634,-0.01062910445034504,-1.413705825805664,1.6045923235717476,0.013924377970397472,0.010676502250134945,2.774416208267212,0
1780882641.638589,29260,-0.41257810592651367,-0.0015527342911809683,-0.7734667658805847,-0.7591128945350647,-0.011649928987026215,-1.4082915782928467,1.59989789580003,0.014808569103479385,0.010719179175794125,2.765734910964966,0
1780882641.6496506,29267,-0.4178515672683716,-0.0016406249487772584,-0.7832080125808716,-0.759225070476532,-0.012719051912426949,-1.402482271194458,1.5948482695656072,0.015704158693552017,0.010765551589429379,2.757279872894287,0
1780882641.6605961,29287,-0.43257811665534973,-0.0019335936522111297,-0.8102245926856995,-0.7593845129013062,-0.01597355492413044,-1.3844201564788818,1.579094412173091,0.016611197963356972,0.010816693305969238,2.74906325340271,0
1780882641.671923,29294,-0.43785154819488525,-0.0020507811568677425,-0.8197900056838989,-0.7593870162963867,-0.01722763665020466,-1.3773657083511353,1.5729277562957888,0.018267126753926277,0.01090764906257391,2.7351276874542236,0
1780882641.6817827,29300,-0.4431249797344208,-0.0021777343936264515,-0.8293017148971558,-0.7593596577644348,-0.018527859821915627,-1.3699203729629517,1.5664138021891447,0.020144395530223846,0.01101004984229803,2.720900297164917,0
1780882641.692993,29315,-0.4483984410762787,-0.002314453013241291,-0.83875972032547,-0.7592107057571411,-0.021338369697332382,-1.3536735773086548,1.5521882539373912,0.021095318719744682,0.011063337326049805,2.7142555713653564,0
1780882641.7036598,29329,-0.46476560831069946,-0.002802734263241291,-0.8677001595497131,-0.758935272693634,-0.02434643916785717,-1.3362609148025513,1.5369348488688992,0.023099999874830246,0.011170386336743832,2.7013015747070312,0
1780882641.714634,29336,-0.470039039850235,-0.0029785155784338713,-0.8769189119338989,-0.7587542533874512,-0.02588818222284317,-1.3274554014205933,1.5292207354640008,0.024062208831310272,0.01122200395911932,2.695491313934326,0
1780882641.726054,29346,-0.4753125011920929,-0.003173828125,-0.8860839605331421,-0.7583553791046143,-0.028747187927365303,-1.3115718364715576,1.5153052379161134,0.025999994948506355,0.01133489515632391,2.6843459606170654,0
1780882641.7354517,29360,-0.4887109398841858,-0.0037109374534338713,-0.9090917706489563,-0.7578592300415039,-0.03177059069275856,-1.2957133054733276,1.501410321322151,0.02846694178879261,0.011501072905957699,2.670850992202759,0
1780882641.7468593,29367,-0.4939843714237213,-0.003945312462747097,-0.9180468320846558,-0.7575370669364929,-0.033547818660736084,-1.2866250276565552,1.4934496394963808,0.029445650056004524,0.011578798294067383,2.6656486988067627,0
1780882641.7567434,29381,-0.49925780296325684,-0.004189453087747097,-0.9269189238548279,-0.7567936778068542,-0.037282440811395645,-1.2684218883514404,1.4775049028718361,0.029445650056004524,0.011578798294067383,2.6656486988067627,0
1780882641.7679338,29395,-0.5151562094688416,-0.005009765736758709,-0.953417956829071,-0.7559231519699097,-0.041212644428014755,-1.2498924732208252,1.4612835071809112,0.030407845973968506,0.011657117865979671,2.6605567932128906,0
1780882641.7791348,29402,-0.5203906297683716,-0.0053125000558793545,-0.9620361328125,-0.7554417252540588,-0.04324640706181526,-1.2409210205078125,1.4534261010167446,0.03424059972167015,0.011968730948865414,2.6410982608795166,0
1780882641.790458,29415,-0.5256249904632568,-0.005624999757856131,-0.9705907702445984,-0.7544392347335815,-0.0472344234585762,-1.2231090068817139,1.4378474510114168,0.03424059972167015,0.011968730948865414,2.6410982608795166,0
1780882641.7999666,29422,-0.5350781083106995,-0.006230468396097422,-0.9858935475349426,-0.7539224624633789,-0.04918714240193367,-1.214490532875061,1.4303166463506125,0.03695092350244522,0.012218116782605648,2.6284103393554688,0
1780882641.81104,29436,-0.5455468893051147,-0.006962890271097422,-1.0025537014007568,-0.7526921629905701,-0.05362003669142723,-1.194744348526001,1.413094002144596,0.03791176900267601,0.01229786779731512,2.6241281032562256,0
1780882641.821148,29447,-0.55078125,-0.007353515364229679,-1.010781168937683,-0.7514751553535461,-0.057756006717681885,-1.176830530166626,1.3974908808854072,0.03983030840754509,0.01245021726936102,2.615896701812744,0
1780882641.8323064,29454,-0.5590624809265137,-0.008007812313735485,-1.023706078529358,-0.7509033679962158,-0.05962654948234558,-1.1686558723449707,1.3903840266047418,0.04133826494216919,0.012560009956359863,2.609706401824951,0
1780882641.8432262,29467,-0.5694531202316284,-0.008886718191206455,-1.0397167205810547,-0.7493788599967957,-0.06444879621267319,-1.1476993560791016,1.3722012006581776,0.04323786124587059,0.012690900824964046,2.6023292541503906,0
1780882641.8541372,29481,-0.5746484398841858,-0.009355468675494194,-1.0476123094558716,-0.7477229833602905,-0.06944416463375092,-1.126314401626587,1.3536972642206047,0.04323786124587059,0.012690900824964046,2.6023292541503906,0
1780882641.864082,29488,-0.5850390791893005,-0.010332031175494194,-1.0632177591323853,-0.7468468546867371,-0.07200194895267487,-1.1153697967529297,1.3442523157938495,0.04418062046170235,0.012756465934216976,2.598799467086792,0
1780882641.875403,29502,-0.5953906178474426,-0.011386718600988388,-1.0784863233566284,-0.7449962496757507,-0.07724595814943314,-1.0937052965164185,1.3255857670137472,0.046961452811956406,0.012925385497510433,2.5888662338256836,0
1780882641.8867812,29512,-0.6005468368530273,-0.011943358927965164,-1.0860106945037842,-0.7432708740234375,-0.08197494596242905,-1.075356364250183,1.3097949435199696,0.048806965351104736,0.013073443435132504,2.5826549530029297,0
1780882641.8965993,29519,-0.6081640720367432,-0.012792968191206455,-1.0969970226287842,-0.7425088882446289,-0.08401946723461151,-1.0674057006835938,1.302971085576536,0.05016632378101349,0.013198018074035645,2.5782206058502197,0
1780882641.907322,29533,-0.6184765696525574,-0.014023437164723873,-1.111596703529358,-0.7403687834739685,-0.08965609222650528,-1.0456874370574951,1.2843855988121031,0.05108118802309036,0.013282774947583675,2.575307607650757,0
1780882641.918623,29533,-0.6184765696525574,-0.014023437164723873,-1.111596703529358,-0.7403687834739685,-0.08965609222650528,-1.0456874370574951,1.2843855988121031,0.05199246108531952,0.013366936706006527,2.572448492050171,0
1780882641.9285178,29555,-0.6345312595367432,-0.01611328125,-1.1338818073272705,-0.7367724180221558,-0.09879573434591293,-1.0106276273727417,1.2545765796842454,0.05290239304304123,0.013453125953674316,2.569641590118408,0
1780882641.9386272,29562,-0.6396484375,-0.016816405579447746,-1.1408202648162842,-0.7355645298957825,-0.10178492218255997,-0.9992215037345886,1.2449333161057767,0.054827746003866196,0.013636468909680843,2.5639023780822754,0
1780882641.9513044,29569,-0.6447656154632568,-0.017548827454447746,-1.1476757526397705,-0.7343339323997498,-0.10479146987199783,-0.987363874912262,1.2349554639392348,0.056619081646203995,0.013802050612866879,2.558807611465454,0
1780882641.960933,29589,-0.6591405868530273,-0.01972656138241291,-1.1666796207427979,-0.7306693196296692,-0.1135532334446907,-0.9539309740066528,1.206961596175748,0.057507310062646866,0.013886689208447933,2.5563602447509766,0
1780882641.9706478,29596,-0.6642187237739563,-0.020537108182907104,-1.1732226610183716,-0.7293229699134827,-0.116708904504776,-0.9419437050819397,1.1969924420720541,0.059977080672979355,0.014118908904492855,2.5498147010803223,0
1780882641.9819028,29603,-0.6692578196525574,-0.021367186680436134,-1.1796777248382568,-0.7279507517814636,-0.11989223212003708,-0.929753303527832,1.1868983316876134,0.0608387291431427,0.014195202849805355,2.547625780105591,0
1780882641.9930158,29615,-0.6742968559265137,-0.022226562723517418,-1.1860547065734863,-0.725250780582428,-0.12607568502426147,-0.9074991941452026,1.1685198160339216,0.0608387291431427,0.014195202849805355,2.547625780105591,0
1780882642.0040998,29629,-0.688281238079071,-0.024726562201976776,-1.2034032344818115,-0.7224380373954773,-0.13242056965827942,-0.8856499195098877,1.1505771182638402,0.06396229565143585,0.014550446532666683,2.5398993492126465,0
1780882642.0141616,29636,-0.6932812333106995,-0.025673827156424522,-1.20947265625,-0.7209203243255615,-0.13580738008022308,-0.8738090395927429,1.1409259380800836,0.06477919220924377,0.014655827544629574,2.537973642349243,0
1780882642.0267673,29646,-0.6982812285423279,-0.026640623807907104,-1.2154589891433716,-0.7181898355484009,-0.14183911681175232,-0.8526933193206787,1.123833115616858,0.06559767574071884,0.014760254882276058,2.536088705062866,0
1780882642.036853,29662,-0.7112500071525574,-0.02925781160593033,-1.2306395769119263,-0.7152306437492371,-0.14830467104911804,-0.8309831619262695,1.106382467602373,0.06682497262954712,0.01492690946906805,2.5333075523376465,0
1780882642.0492597,29668,-0.7167187333106995,-0.03041992150247097,-1.2368896007537842,-0.7134309411048889,-0.15220347046852112,-0.8176191449165344,1.0957420637552044,0.06768309324979782,0.015057443641126156,2.5313854217529297,0
1780882642.0591006,29680,-0.7216796875,-0.03150390461087227,-1.2424852848052979,-0.7103816270828247,-0.1587570756673813,-0.7957525253295898,1.078456279475306,0.06933237612247467,0.015316843055188656,2.5277857780456543,0
1780882642.0685616,29694,-0.7346484065055847,-0.03447265550494194,-1.2568408250808716,-0.7072674632072449,-0.16538895666599274,-0.77324378490448,1.0608895901044948,0.07138441503047943,0.0156631451100111,2.5234925746917725,0
1780882642.0796213,29701,-0.7395312190055847,-0.03564453125,-1.262123942375183,-0.7055289149284363,-0.16906656324863434,-0.7605652213096619,1.0511013312115136,0.07216842472553253,0.015792012214660645,2.521921157836914,0
1780882642.0907154,29715,-0.7444140315055847,-0.036845702677965164,-1.2673193216323853,-0.7019715905189514,-0.17654596269130707,-0.7356389164924622,1.0320354675574432,0.07216842472553253,0.015792012214660645,2.521921157836914,0
1780882642.101609,29728,-0.7589452862739563,-0.040595702826976776,-1.2823486328125,-0.6983428597450256,-0.1841130554676056,-0.7099595665931702,1.0127304444656733,0.07441623508930206,0.016202567145228386,2.517472505569458,0
1780882642.1129918,29735,-0.7637890577316284,-0.04190429672598839,-1.2871874570846558,-0.6965002417564392,-0.18793347477912903,-0.6968197226524353,1.0029901812015671,0.07515096664428711,0.016337988898158073,2.5160701274871826,0
1780882642.12223,29748,-0.7685937285423279,-0.043232422322034836,-1.291933536529541,-0.6929037570953369,-0.1953527182340622,-0.6716360449790955,0.9845675588975253,0.07588866353034973,0.016472697257995605,2.514699935913086,0
1780882642.133449,29755,-0.7774218320846558,-0.04574218764901161,-1.3004101514816284,-0.6911512017250061,-0.1989528238773346,-0.6596906185150146,0.975942581267673,0.07793253660202026,0.016876934096217155,2.51100754737854,0
1780882642.1430614,29769,-0.7869921922683716,-0.048583984375,-1.309301733970642,-0.6872771978378296,-0.20688118040561676,-0.6333521008491516,0.9572275869007717,0.07863666117191315,0.01703464798629284,2.509767770767212,0
1780882642.1557436,29782,-0.7917578220367432,-0.050048828125,-1.3136132955551147,-0.683491051197052,-0.21460281312465668,-0.608538031578064,0.939964318654901,0.07932452112436295,0.017197608947753906,2.5085644721984863,0
1780882642.165048,29788,-0.8003515601158142,-0.05278320237994194,-1.3212255239486694,-0.681651771068573,-0.21834953129291534,-0.5971144437789917,0.9321326696271581,0.07999750226736069,0.01736593060195446,2.507394790649414,0
1780882642.1763413,29802,-0.8097655773162842,-0.05589843541383743,-1.329248070716858,-0.6775835156440735,-0.22662663459777832,-0.5712743401527405,0.9147859989629522,0.08117453753948212,0.017707347869873047,2.5053508281707764,0
1780882642.187578,29802,-0.8097655773162842,-0.05589843541383743,-1.329248070716858,-0.6775835156440735,-0.22662663459777832,-0.5712743401527405,0.9147859989629522,0.08243182301521301,0.018110036849975586,2.5032098293304443,0
1780882642.1971984,29821,-0.8226562142372131,-0.060371093451976776,-1.3397119045257568,-0.6719022393226624,-0.23817668855190277,-0.5349901914596558,0.8912885386531106,0.08305519074201584,0.01831662468612194,2.502171277999878,0
1780882642.206926,29828,-0.8273046612739563,-0.06205077841877937,-1.3433398008346558,-0.6697996854782104,-0.2424524575471878,-0.5221198797225952,0.8831896634579222,0.08470680564641953,0.01887381076812744,2.4994094371795654,0
1780882642.217616,29835,-0.8319531083106995,-0.06375976651906967,-1.3468798398971558,-0.6676725745201111,-0.24678035080432892,-0.5095350742340088,0.8753931689155895,0.08524690568447113,0.01906871609389782,2.498444080352783,0
1780882642.230234,29855,-0.8452343344688416,-0.0688769519329071,-1.3566259145736694,-0.6613706350326538,-0.2596244513988495,-0.47595787048339844,0.8551911290014302,0.08575218170881271,0.019256234169006348,2.4974963665008545,0
1780882642.2397048,29862,-0.8498046398162842,-0.07071288675069809,-1.3598535060882568,-0.6591418981552124,-0.264178603887558,-0.46497493982315063,0.8487991937550237,0.08654472231864929,0.019636033102869987,2.495788097381592,0
1780882642.2494311,29869,-0.8543750047683716,-0.07257812470197678,-1.3630077838897705,-0.6569020748138428,-0.26876571774482727,-0.4541435241699219,0.8426159786492896,0.08719579875469208,0.02008652687072754,2.4940786361694336,0
1780882642.2621267,29886,-0.8655468821525574,-0.07732421904802322,-1.3705029487609863,-0.6513105630874634,-0.28028181195259094,-0.42858657240867615,0.8285226573544948,0.08746485412120819,0.02032792568206787,2.493263006210327,0
1780882642.2716527,29894,-0.8700390458106995,-0.07930663973093033,-1.3734130859375,-0.6490301489830017,-0.2850096523761749,-0.41870540380477905,0.8232768983834106,0.08799634873867035,0.020990967750549316,2.491361379623413,0
1780882642.2829618,29900,-0.8745312094688416,-0.08131835609674454,-1.3762547969818115,-0.6467455625534058,-0.28976938128471375,-0.40901368856430054,0.818253209248593,0.08817318826913834,0.021274326369166374,2.490635395050049,0
1780882642.2927792,29915,-0.8790234327316284,-0.08335937559604645,-1.3790283203125,-0.6420974731445312,-0.29953086376190186,-0.390221506357193,0.8088762126482765,0.08817318826913834,0.021274326369166374,2.490635395050049,0
1780882642.3037,29928,-0.892578125,-0.0898144543170929,-1.387109398841858,-0.6374380588531494,-0.3094261586666107,-0.372307687997818,0.8004279112349383,0.08873800933361053,0.02244233898818493,2.4879093170166016,0
1780882642.3147292,29935,-0.8969921469688416,-0.09200195223093033,-1.3896337747573853,-0.6351369619369507,-0.3143550455570221,-0.3637462854385376,0.7965735466709845,0.08885751664638519,0.022730587050318718,2.4872753620147705,0
1780882642.3261132,29948,-0.9014062285423279,-0.09421874582767487,-1.3921045064926147,-0.6308069825172424,-0.3237093389034271,-0.34834492206573486,0.7899679550556372,0.08896511793136597,0.023021459579467773,2.48665452003479,0
1780882642.3358579,29961,-0.9134374856948853,-0.10050781071186066,-1.3986327648162842,-0.6264746785163879,-0.3331804573535919,-0.3337710201740265,0.7841446511279476,0.08911311626434326,0.023558853194117546,2.4855971336364746,0
1780882642.3473022,29968,-0.917773425579071,-0.10286132246255875,-1.4008984565734863,-0.6241719126701355,-0.3382648825645447,-0.32630255818367004,0.7813367179519389,0.08921521157026291,0.024210212752223015,2.484449863433838,0
1780882642.3568482,29982,-0.9221093654632568,-0.10524413734674454,-1.403115153312683,-0.6197159886360168,-0.3482166826725006,-0.31248965859413147,0.7765001940700553,0.08924383670091629,0.024550078436732292,2.483896017074585,0
1780882642.3683577,29995,-0.9344140291213989,-0.11231444776058197,-1.4092284440994263,-0.61528080701828,-0.3582874536514282,-0.29954344034194946,0.7724420001404515,0.08925344794988632,0.025226948782801628,2.482891798019409,0
1780882642.3801107,30002,-0.9386718273162842,-0.11484374850988388,-1.4112646579742432,-0.613005518913269,-0.36352771520614624,-0.2932143211364746,0.7706508963601164,0.08922906219959259,0.0256196241825819,2.482377290725708,0
1780882642.389437,30014,-0.9429296851158142,-0.1174023374915123,-1.4132567644119263,-0.6088235378265381,-0.37331533432006836,-0.28195300698280334,0.7678072265854048,0.08918438106775284,0.02603602223098278,2.481877088546753,0
1780882642.3991802,30021,-0.9501171708106995,-0.1218554675579071,-1.416567325592041,-0.6069143414497375,-0.37785449624061584,-0.2769666612148285,0.7667004432052376,0.08901731669902802,0.027173278853297234,2.480581760406494,0
1780882642.410316,30035,-0.9585155844688416,-0.12720702588558197,-1.4202978610992432,-0.6024823784828186,-0.3885560929775238,-0.2657676637172699,0.7645870158785122,0.08886891603469849,0.027995705604553223,2.4796764850616455,0
1780882642.421355,30048,-0.962695300579071,-0.1299414038658142,-1.4221044778823853,-0.5982444286346436,-0.3990245461463928,-0.25560447573661804,0.7631845339341706,0.08886891603469849,0.027995705604553223,2.4796764850616455,0
1780882642.430944,30055,-0.9704686999320984,-0.13517577946186066,-1.4254052639007568,-0.5962153673171997,-0.4041248559951782,-0.2509205639362335,0.7627258962854115,0.0887838751077652,0.028407810255885124,2.4792399406433105,0
1780882642.4437044,30069,-0.9787108898162842,-0.14090819656848907,-1.4287890195846558,-0.5919381380081177,-0.4150765836238861,-0.24137717485427856,0.7621956901229678,0.08846481889486313,0.02964150719344616,2.4780540466308594,0
1780882642.4533267,30080,-0.9828124642372131,-0.1438281238079071,-1.4304345846176147,-0.5881983637809753,-0.42491015791893005,-0.23336198925971985,0.7622229171892959,0.08818049728870392,0.03055381588637829,2.477285385131836,0
1780882642.4633641,30087,-0.9892187118530273,-0.14847655594348907,-1.4329540729522705,-0.5865804553031921,-0.4292483925819397,-0.22994332015514374,0.7623678531797168,0.08794185519218445,0.03127133846282959,2.4767062664031982,0
1780882642.4747882,30101,-0.9973437190055847,-0.15455077588558197,-1.436059594154358,-0.5825045704841614,-0.440382182598114,-0.2216256707906723,0.7631290712181207,0.08778826147317886,0.0317155085504055,2.476349115371704,0
1780882642.4841633,30101,-0.9973437190055847,-0.15455077588558197,-1.436059594154358,-0.5825045704841614,-0.440382182598114,-0.2216256707906723,0.7631290712181207,0.08762939274311066,0.03215443715453148,2.476001024246216,0
1780882642.495224,30122,-1.0095312595367432,-0.16407226026058197,-1.4405713081359863,-0.576484739780426,-0.45743903517723083,-0.20997506380081177,0.7652938347600459,0.08746468275785446,0.03259217366576195,2.475663423538208,0
1780882642.5062912,30129,-1.013515591621399,-0.16728515923023224,-1.4420019388198853,-0.5745519399642944,-0.4630887508392334,-0.2063574194908142,0.7662535529767439,0.08709575980901718,0.033502936363220215,2.475008249282837,0
1780882642.5173383,30136,-1.0174999237060547,-0.1705370992422104,-1.4434081315994263,-0.5726456046104431,-0.46875232458114624,-0.2028152048587799,0.7673237501874923,0.08670568466186523,0.034413810819387436,2.4743993282318115,0
1780882642.5270462,30155,-1.0283203125,-0.1796582043170929,-1.4471533298492432,-0.5675563216209412,-0.4843617379665375,-0.19365490972995758,0.7708623064337599,0.08650202304124832,0.034874077886343,2.4741058349609375,0
1780882642.5380266,30162,-1.032265543937683,-0.18306639790534973,-1.4484765529632568,-0.5657497644424438,-0.49008291959762573,-0.1904735118150711,0.7723562796735581,0.08591178059577942,0.0361475944519043,2.473336696624756,0
1780882642.54948,30168,-1.036171793937683,-0.18651366233825684,-1.4497753381729126,-0.5639715194702148,-0.4958173334598541,-0.18736976385116577,0.7739548638896359,0.0856870710849762,0.03661513328552246,2.473067283630371,0
1780882642.5588706,30180,-1.040078043937683,-0.1899999976158142,-1.4510546922683716,-0.5608152747154236,-0.506276547908783,-0.1819813996553421,0.7771402351809406,0.08545175939798355,0.03709149360656738,2.4728050231933594,0
1780882642.5701673,30194,-1.0502734184265137,-0.19935546815395355,-1.4543408155441284,-0.5577589273452759,-0.516778290271759,-0.17685435712337494,0.7806614413195245,0.08504986017942429,0.03788017854094505,2.472388982772827,0
1780882642.5801196,30201,-1.054140567779541,-0.20298828184604645,-1.4555517435073853,-0.5561198592185974,-0.5225738883018494,-0.1741330623626709,0.782735645004128,0.08453536033630371,0.03885340690612793,2.4719040393829346,0
1780882642.5898845,30215,-1.058007836341858,-0.20666015148162842,-1.4567431211471558,-0.5528987646102905,-0.5343418121337891,-0.16888056695461273,0.7872349471389837,0.08427071571350098,0.03934132680296898,2.471669912338257,0
1780882642.6009998,30229,-1.0696874856948853,-0.21808592975139618,-1.4602636098861694,-0.5498128533363342,-0.5461580157279968,-0.1639471799135208,0.7921246301178752,0.08369624614715576,0.040367599576711655,2.4712109565734863,0
1780882642.6120305,30236,-1.0734765529632568,-0.221923828125,-1.4613866806030273,-0.548341691493988,-0.5520143508911133,-0.16163039207458496,0.7946841119982261,0.08339063823223114,0.04089533910155296,2.4709978103637695,0
1780882642.622027,30248,-1.0772656202316284,-0.2258007824420929,-1.4624950885772705,-0.545717179775238,-0.5629039406776428,-0.15748801827430725,0.7996690331832459,0.08306571841239929,0.041445132344961166,2.470789670944214,0
1780882642.6331341,30255,-1.0837500095367432,-0.2325097620487213,-1.46435546875,-0.5445536971092224,-0.5679340362548828,-0.15564461052417755,0.8020679792619253,0.08216909319162369,0.04292583465576172,2.470250368118286,0
1780882642.6429904,30268,-1.0912890434265137,-0.24051757156848907,-1.4664745330810547,-0.5419372320175171,-0.5797290205955505,-0.15154708921909332,0.8079283514138269,0.08182618021965027,0.04347550496459007,2.4700605869293213,0
1780882642.6543982,30282,-1.0950390100479126,-0.24458007514476776,-1.4675146341323853,-0.5395507216453552,-0.5912211537361145,-0.14777109026908875,0.8139371775342377,0.08147244155406952,0.04403316602110863,2.469876766204834,0
1780882642.6656709,30289,-1.1020703315734863,-0.25236326456069946,-1.4694384336471558,-0.5384485721588135,-0.5968102812767029,-0.1460104137659073,0.8169629230421254,0.08111698180437088,0.04458772763609886,2.469696283340454,0
1780882642.6765437,30302,-1.109531283378601,-0.26078125834465027,-1.4714306592941284,-0.5362319350242615,-0.6086781024932861,-0.14240628480911255,0.8235977601644052,0.07969748973846436,0.04673301801085472,2.46903133392334,0
1780882642.6868503,30302,-1.109531283378601,-0.26078125834465027,-1.4714306592941284,-0.5362319350242615,-0.6086781024932861,-0.14240628480911255,0.8235977601644052,0.07969748973846436,0.04673301801085472,2.46903133392334,0
1780882642.697913,30322,-1.119960904121399,-0.2728515565395355,-1.474145531654358,-0.5334016680717468,-0.6253567934036255,-0.13761867582798004,0.8333830802784715,0.07869666069746017,0.04819631204009056,2.4685776233673096,0
1780882642.7092376,30336,-1.127382755279541,-0.28166013956069946,-1.4760204553604126,-0.5315683484077454,-0.6372726559638977,-0.13437330722808838,0.8406768301574825,0.07834818959236145,0.04869544133543968,2.468421697616577,0
1780882642.7190454,30347,-1.1310546398162842,-0.28612303733825684,-1.4769433736801147,-0.5300710797309875,-0.6478395462036133,-0.13159212470054626,0.8473416751675104,0.0780094712972641,0.049176331609487534,2.4682693481445312,0
1780882642.7298484,30353,-1.136757731437683,-0.2930957078933716,-1.4783446788787842,-0.5294557213783264,-0.6524457335472107,-0.13041381537914276,0.8503038041582238,0.07768117636442184,0.04963850602507591,2.4681196212768555,0
1780882642.7409265,30367,-1.1441015005111694,-0.3022851347923279,-1.4801220893859863,-0.5279543399810791,-0.6644002199172974,-0.12748411297798157,0.8581466287254135,0.07641640305519104,0.05135691165924072,2.467625379562378,0
1780882642.7508638,30367,-1.1441015005111694,-0.3022851347923279,-1.4801220893859863,-0.5279543399810791,-0.6644002199172974,-0.12748411297798157,0.8581466287254135,0.07641640305519104,0.05135691165924072,2.467625379562378,0
1780882642.7618475,30386,-1.1541014909744263,-0.31513670086860657,-1.4824950695037842,-0.5261713266372681,-0.680782675743103,-0.12369143962860107,0.8692645677839155,0.07600563019514084,0.05189203843474388,2.4674973487854004,0
1780882642.7739294,30400,-1.1613671779632568,-0.3247167766094208,-1.4841845035552979,-0.5250720977783203,-0.6927496194839478,-0.1210588738322258,0.8776434322058173,0.07485645264387131,0.05335962399840355,2.467160701751709,0
1780882642.7838945,30400,-1.1613671779632568,-0.3247167766094208,-1.4841845035552979,-0.5250720977783203,-0.6927496194839478,-0.1210588738322258,0.8776434322058173,0.07444054633378983,0.05388211831450462,2.4670417308807373,0
1780882642.7947478,30419,-1.1714062690734863,-0.3382031321525574,-1.4864550828933716,-0.5238399505615234,-0.7092658281326294,-0.11760129034519196,0.889548409167156,0.07329952716827393,0.055289383977651596,2.4667234420776367,0
1780882642.8044832,30426,-1.1750390529632568,-0.3431738317012787,-1.4872655868530273,-0.5234712958335876,-0.7152519822120667,-0.11640646308660507,0.8939564084832767,0.07286333292722702,0.05581080541014671,2.4666130542755127,0
1780882642.8160117,30433,-1.1786718368530273,-0.3481835722923279,-1.48806631565094,-0.5231464505195618,-0.7212370038032532,-0.11523070186376572,0.8984114530649785,0.07243204116821289,0.05632102116942406,2.466505765914917,0
1780882642.8271167,30448,-1.1823046207427979,-0.35323241353034973,-1.488857388496399,-0.5226110219955444,-0.7335394620895386,-0.11288105696439743,0.907713917363415,0.07243204116821289,0.05632102116942406,2.466505765914917,0
1780882642.8364987,30462,-1.1935937404632568,-0.36921873688697815,-1.491274356842041,-0.5222517848014832,-0.745836079120636,-0.11063078790903091,0.9172009348445689,0.07111484557390213,0.05784749612212181,2.466184377670288,0
1780882642.8466847,30469,-1.1972265243530273,-0.3744433522224426,-1.4920361042022705,-0.5221419334411621,-0.7518128752708435,-0.10956478863954544,0.9218781052776533,0.07068156450986862,0.058338042348623276,2.4660861492156982,0
1780882642.8578622,30479,-1.2008593082427979,-0.379707008600235,-1.4927880764007568,-0.522057056427002,-0.7623493075370789,-0.10774368047714233,0.9302304755006955,0.06978984922170639,0.05933522805571556,2.465895891189575,0
1780882642.867922,30493,-1.2100390195846558,-0.3931933641433716,-1.4946630001068115,-0.5221099257469177,-0.772876501083374,-0.1059894859790802,0.9387068933529998,0.06907583028078079,0.06011497601866722,2.465756893157959,0
1780882642.8787825,30500,-1.2136718034744263,-0.39860349893569946,-1.49539053440094,-0.5222005248069763,-0.7788397073745728,-0.10502002388238907,0.9435644563612223,0.0681077092885971,0.06114446744322777,2.4655814170837402,0
1780882642.8900697,30514,-1.2173047065734863,-0.404052734375,-1.4961133003234863,-0.5225208401679993,-0.790808379650116,-0.10313478112220764,0.9534373103732827,0.0681077092885971,0.06114446744322777,2.4655814170837402,0
1780882642.9001267,30521,-1.224648356437683,-0.4151855409145355,-1.4975537061691284,-0.5227513909339905,-0.7968126535415649,-0.10221429914236069,0.9584504079588759,0.06761780381202698,0.061655279248952866,2.4654970169067383,0
1780882642.9101493,30536,-1.2321875095367432,-0.4267968535423279,-1.4990038871765137,-0.5233705043792725,-0.809137761592865,-0.10036931931972504,0.9688625301612355,0.06557736545801163,0.06371866911649704,2.465167760848999,0
1780882642.9215772,30548,-1.2358202934265137,-0.4324609339237213,-1.499697208404541,-0.5241082906723022,-0.8203022480010986,-0.09876077622175217,0.9784370032592907,0.06557736545801163,0.06371866911649704,2.465167760848999,0
1780882642.9326158,30555,-1.242226481437683,-0.44254881143569946,-1.5009032487869263,-0.5245133638381958,-0.8255299925804138,-0.09802774339914322,0.9829666708340654,0.06506190448999405,0.06422578543424606,2.4650917053222656,0
1780882642.9438736,30569,-1.2494921684265137,-0.4541308581829071,-1.5022460222244263,-0.5255644917488098,-0.8373462557792664,-0.09640848636627197,0.9933083022396304,0.06357211619615555,0.06564687937498093,2.4648897647857666,0
1780882642.953288,30581,-1.2531640529632568,-0.4599902331829071,-1.5029101371765137,-0.5267394781112671,-0.8484988808631897,-0.09492441266775131,1.0032026080245868,0.06302434206008911,0.06615661829710007,2.46481990814209,0
1780882642.9642606,30588,-1.2597265243530273,-0.4705468714237213,-1.5040868520736694,-0.5273541808128357,-0.8537484407424927,-0.09423528611660004,1.00790332931313,0.06151583045721054,0.06753778457641602,2.464627981185913,0
1780882642.9754956,30602,-1.2670702934265137,-0.4825195074081421,-1.5053808689117432,-0.5288607478141785,-0.8654820919036865,-0.09274414926767349,1.018505974065905,0.06096738576889038,0.06802666187286377,2.4645612239837646,0
1780882642.9851582,30613,-1.2707421779632568,-0.48857420682907104,-1.506020426750183,-0.5303472280502319,-0.8757857084274292,-0.09146416187286377,1.027927274807612,0.060419414192438126,0.06850766390562057,2.4644954204559326,0
1780882642.9959984,30619,-1.2763671875,-0.497871071100235,-1.50698721408844,-0.5310363173484802,-0.8802312016487122,-0.0909174457192421,1.0320235077918927,0.05987532064318657,0.06897961348295212,2.4644298553466797,0
1780882643.0073369,30633,-1.283789038658142,-0.5102148056030273,-1.5082323551177979,-0.5329576730728149,-0.8918725252151489,-0.08951614797115326,1.042829623317457,0.059059400111436844,0.069679856300354,2.4643325805664062,0
1780882643.0171542,30633,-1.283789038658142,-0.5102148056030273,-1.5082323551177979,-0.5329576730728149,-0.8918725252151489,-0.08951614797115326,1.042829623317457,0.05798313021659851,0.07058393955230713,2.4642088413238525,0
1780882643.0272617,30655,-1.2952343225479126,-0.5294824242591858,-1.5101122856140137,-0.5362590551376343,-0.9096604585647583,-0.08744561672210693,1.05957664186092,0.05742711201310158,0.07104038447141647,2.464149236679077,0
1780882643.038646,30662,-1.2989842891693115,-0.535839855670929,-1.5107128620147705,-0.5374287366867065,-0.9154271483421326,-0.08678735792636871,1.0650673952545529,0.05624586343765259,0.0719836875796318,2.46402907371521,0
1780882643.0499585,30669,-1.302734375,-0.542236328125,-1.5113134384155273,-0.5386450290679932,-0.9211810827255249,-0.0861414223909378,1.0705761996058774,0.05506737530231476,0.07289814203977585,2.4639174938201904,0
1780882643.0606656,30681,-1.306484341621399,-0.5486718416213989,-1.5119091272354126,-0.5411161184310913,-0.9321813583374023,-0.08492378145456314,1.0811941486681462,0.054443471133708954,0.0733705684542656,2.463864326477051,0
1780882643.0702953,30695,-1.3171874284744263,-0.5671581625938416,-1.5135693550109863,-0.5437658429145813,-0.9431262016296387,-0.08372422307729721,1.091869071661457,0.05273920297622681,0.07464039325714111,2.4637136459350586,0
1780882643.08152,30702,-1.3209764957427979,-0.5737499594688416,-1.5141454935073853,-0.5452128648757935,-0.9488088488578796,-0.08310598880052567,1.0974524614176224,0.05217834189534187,0.07505428791046143,2.463660717010498,0
1780882643.0930254,30714,-1.3247655630111694,-0.5803808569908142,-1.5147167444229126,-0.5480116009712219,-0.9593030214309692,-0.08198116719722748,1.1078356888549168,0.05217834189534187,0.07505428791046143,2.463660717010498,0
1780882643.101898,30728,-1.3350781202316284,-0.5985156297683716,-1.5162451267242432,-0.550953209400177,-0.9697481393814087,-0.08087880909442902,1.1182585901939643,0.05070481449365616,0.07611262053251266,2.4635202884674072,0
1780882643.1144805,30735,-1.338906168937683,-0.6052929759025574,-1.5168017148971558,-0.5525997281074524,-0.9753674268722534,-0.0802915170788765,1.1239015991725692,0.0495835617184639,0.07688701152801514,2.46342134475708,0
1780882643.1239355,30748,-1.3427734375,-0.612109363079071,-1.5173535346984863,-0.5558976531028748,-0.9861560463905334,-0.07918591052293777,1.1348111547668356,0.048983801156282425,0.07728754729032516,2.463373899459839,0
1780882643.1348417,30762,-1.3538280725479126,-0.6317968368530273,-1.5189160108566284,-0.5593624711036682,-0.9968795776367188,-0.07809948921203613,1.1457551206970649,0.047843873500823975,0.07803117483854294,2.4632880687713623,0
1780882643.144654,30769,-1.3577343225479126,-0.6387597322463989,-1.5194530487060547,-0.5612226128578186,-1.002411127090454,-0.07754294574260712,1.1514390115556066,0.047233324497938156,0.07842158526182175,2.4632434844970703,0
1780882643.1547184,30781,-1.3616405725479126,-0.6457617282867432,-1.5199902057647705,-0.5648501515388489,-1.012791395187378,-0.07651318609714508,1.1621774268612313,0.0466313436627388,0.07880448549985886,2.46319842338562,0
1780882643.1663227,30788,-1.368593692779541,-0.658251941204071,-1.5209276676177979,-0.5666075348854065,-1.0176433324813843,-0.07603682577610016,1.167229047619549,0.04603380709886551,0.07917892187833786,2.4631547927856445,0
1780882643.176319,30802,-1.3764843940734863,-0.6725000143051147,-1.52197265625,-0.5706989169120789,-1.0285502672195435,-0.07499030232429504,1.1786587510406492,0.043651558458805084,0.08060061186552048,2.4629945755004883,0
1780882643.18743,30814,-1.380468726158142,-0.6796777248382568,-1.52249014377594,-0.5747528076171875,-1.0388169288635254,-0.07401776313781738,1.1895209249177638,0.043651558458805084,0.08060061186552048,2.4629945755004883,0
1780882643.1974158,30821,-1.3876562118530273,-0.6926562190055847,-1.5234081745147705,-0.5767297148704529,-1.043643832206726,-0.07356449216604233,1.1946636962029702,0.04297378286719322,0.08098661154508591,2.462954044342041,0
1780882643.2081583,30835,-1.3957030773162842,-0.7072656154632568,-1.5244189500808716,-0.5812656283378601,-1.0543408393859863,-0.07256489247083664,1.2061384663061938,0.041080292314291,0.08203434199094772,2.4628419876098633,0
1780882643.2194483,30835,-1.3957030773162842,-0.7072656154632568,-1.5244189500808716,-0.5812656283378601,-1.0543408393859863,-0.07256489247083664,1.2061384663061938,0.04042089357972145,0.0823901817202568,2.4628024101257324,0
1780882643.2293262,30854,-1.4070311784744263,-0.7278808355331421,-1.5258104801177979,-0.5878884792327881,-1.069101095199585,-0.07120691984891891,1.2221540169741139,0.03858276829123497,0.08335267752408981,2.4626951217651367,0
1780882643.242068,30868,-1.4152343273162842,-0.7428417801856995,-1.5267919301986694,-0.5928458571434021,-1.0795810222625732,-0.07025258243083954,1.2336518225576452,0.03792094439268112,0.08368825167417526,2.4626572132110596,0
1780882643.2517278,30868,-1.4152343273162842,-0.7428417801856995,-1.5267919301986694,-0.5928458571434021,-1.0795810222625732,-0.07025258243083954,1.2336518225576452,0.037258248776197433,0.08401631563901901,2.462620258331299,0
1780882643.2611697,30888,-1.4269530773162842,-0.7641699314117432,-1.5281493663787842,-0.6001275181770325,-1.0941880941390991,-0.06893604248762131,1.2498611128373158,0.036594126373529434,0.08433865755796432,2.4625837802886963,0
1780882643.2720473,30895,-1.4311327934265137,-0.7718065977096558,-1.5286229848861694,-0.6027893424034119,-1.099324107170105,-0.06847503781318665,1.2556103355436365,0.03539687395095825,0.08490359038114548,2.4625184535980225,0
1780882643.283036,30902,-1.4353514909744263,-0.7794726490974426,-1.5290966033935547,-0.6054918766021729,-1.1044354438781738,-0.06801476329565048,1.2613580262367077,0.03411465510725975,0.08549439162015915,2.462449312210083,0
1780882643.2926896,30914,-1.4395703077316284,-0.7871777415275574,-1.529565453529358,-0.6107515692710876,-1.1141070127487183,-0.06714902818202972,1.2723053514030191,0.033484697341918945,0.08577930182218552,2.4624152183532715,0
1780882643.3036394,30928,-1.451562523841858,-0.8090136647224426,-1.5308642387390137,-0.6161524653434753,-1.1236907243728638,-0.06629370898008347,1.2832457131979011,0.03170474246144295,0.08655761927366257,2.4623215198516846,0
1780882643.3149247,30935,-1.4558593034744263,-0.8168554306030273,-1.5313231945037842,-0.6190426349639893,-1.1286853551864624,-0.06585291028022766,1.288984492035465,0.031047627329826355,0.08683228492736816,2.4622886180877686,0
1780882643.326146,30947,-1.4601953029632568,-0.8247265219688416,-1.531777262687683,-0.6245973706245422,-1.1380245685577393,-0.06502979248762131,1.2997887012676728,0.031047627329826355,0.08683228492736816,2.4622886180877686,0
1780882643.335667,30961,-1.472265601158142,-0.8466991782188416,-1.5330175161361694,-0.6302888989448547,-1.1472704410552979,-0.0642167180776596,1.3105790124723502,0.02924601174890995,0.0875551626086235,2.4622011184692383,0
1780882643.3455262,30968,-1.4766796827316284,-0.8547655940055847,-1.5334619283676147,-0.6333874464035034,-1.1521786451339722,-0.06378528475761414,1.3163448826640822,0.027947675436735153,0.08805417269468307,2.4621386528015137,0
1780882643.356081,30981,-1.4810937643051147,-0.8628027439117432,-1.533901333808899,-0.6393468976020813,-1.1613752841949463,-0.06298337876796722,1.3272241378958294,0.027299808338284492,0.08829604834318161,2.4621083736419678,0
1780882643.3672428,30995,-1.4936327934265137,-0.8855370879173279,-1.535122036933899,-0.645443856716156,-1.1704716682434082,-0.06220008805394173,1.3380846569956069,0.0260862335562706,0.08872734755277634,2.4620556831359863,0
1780882643.3786006,31002,-1.4981249570846558,-0.8937011361122131,-1.53555166721344,-0.6487018465995789,-1.1752064228057861,-0.06179634854197502,1.3437793757454373,0.025382455438375473,0.08896290510892868,2.462026834487915,0
1780882643.3896477,31014,-1.5026562213897705,-0.9018945097923279,-1.535976529121399,-0.6550143957138062,-1.1841301918029785,-0.06103304401040077,1.3545970626695072,0.024658221751451492,0.08919668197631836,2.461998701095581,0
1780882643.3990953,31021,-1.5108983516693115,-0.9167773127555847,-1.5367382764816284,-0.658060610294342,-1.188325047492981,-0.0606735460460186,1.3597210980601704,0.02266821451485157,0.08981990069150925,2.461921453475952,0
1780882643.4101284,31035,-1.520117163658142,-0.9333788752555847,-1.537573218345642,-0.6649107933044434,-1.197526216506958,-0.05988272652029991,1.3710438881413385,0.02130254916846752,0.09023630619049072,2.4618687629699707,0
1780882643.4211266,31048,-1.5247656106948853,-0.9417284727096558,-1.537988305091858,-0.6716887354850769,-1.2063246965408325,-0.05913008004426956,1.38198458646539,0.02130254916846752,0.09023630619049072,2.4618687629699707,0
1780882643.4309597,31055,-1.5335546731948853,-0.9574609398841858,-1.5387548208236694,-0.6750183701515198,-1.2105406522750854,-0.058771003037691116,1.3872679992166834,0.020623106509447098,0.0904376432299614,2.4618420600891113,0
1780882643.4421804,31069,-1.543007731437683,-0.974365234375,-1.5395654439926147,-0.6822237372398376,-1.219440221786499,-0.05801209434866905,1.3985095942663088,0.018631188198924065,0.09098481386899948,2.461768865585327,0
1780882643.453431,31069,-1.543007731437683,-0.974365234375,-1.5395654439926147,-0.6822237372398376,-1.219440221786499,-0.05801209434866905,1.3985095942663088,0.017921146005392075,0.09116578102111816,2.4617440700531006,0
1780882643.4632015,31090,-1.5577343702316284,-1.0005565881729126,-1.5407861471176147,-0.6935673952102661,-1.2328448295593262,-0.05686993896961212,1.4156893357754463,0.017193956300616264,0.09134422987699509,2.461719512939453,0
1780882643.4742754,31097,-1.5625780820846558,-1.0091503858566284,-1.541176676750183,-0.6973358988761902,-1.2371407747268677,-0.056501761078834534,1.4212625026216192,0.014998378232121468,0.09184860438108444,2.461646795272827,0
1780882643.4853916,31111,-1.5724999904632568,-1.0266796350479126,-1.541967749595642,-0.7050879001617432,-1.2457555532455444,-0.055758342146873474,1.4325379011096273,0.014313963241875172,0.09200155735015869,2.4616239070892334,0
1780882643.4950538,31118,-1.57742178440094,-1.0353612899780273,-1.5423535108566284,-0.7089582681655884,-1.2499511241912842,-0.055396124720573425,1.438078012314166,0.013621499761939049,0.09215068072080612,2.4616007804870605,0
1780882643.5064943,31132,-1.587343692779541,-1.0528124570846558,-1.543115258216858,-0.7167947292327881,-1.2582443952560425,-0.05467890575528145,1.4491250549154635,0.012954797595739365,0.09228920191526413,2.461578130722046,0
1780882643.5161698,31132,-1.587343692779541,-1.0528124570846558,-1.543115258216858,-0.7167947292327881,-1.2582443952560425,-0.05467890575528145,1.4491250549154635,0.01162678375840187,0.09254908561706543,2.4615352153778076,0
1780882643.527291,31155,-1.6040234565734863,-1.0819921493530273,-1.5443553924560547,-0.7300537824630737,-1.2716997861862183,-0.053515415638685226,1.4673318544847636,0.01094974298030138,0.09267163276672363,2.461514472961426,0
1780882643.5386922,31162,-1.6091406345367432,-1.0908496379852295,-1.5447264909744263,-0.7341244220733643,-1.2756816148757935,-0.05316948890686035,1.4727964028226306,0.009340569376945496,0.09293209761381149,2.46146821975708,0
1780882643.5483906,31169,-1.6142578125,-1.0997363328933716,-1.5450927019119263,-0.7382267713546753,-1.2796273231506348,-0.05282364785671234,1.4782473371771372,0.007943469099700451,0.09314084053039551,2.4614291191101074,0
1780882643.559836,31181,-1.61941397190094,-1.1086523532867432,-1.5454589128494263,-0.7459495663642883,-1.2868767976760864,-0.05218940228223801,1.4883602996810639,0.0072491769678890705,0.09323882311582565,2.4614100456237793,0
1780882643.5696127,31195,-1.6335936784744263,-1.1330664157867432,-1.5464403629302979,-0.7537793517112732,-1.2940003871917725,-0.05156603828072548,1.4984256302608727,0.00532063003629446,0.093475341796875,2.461359739303589,0
1780882643.580864,31202,-1.6388671398162842,-1.1420800685882568,-1.5467967987060547,-0.7580277919769287,-1.2977737188339233,-0.051233090460300446,1.5038110214596654,0.004610283300280571,0.09355365484952927,2.4613420963287354,0
1780882643.593307,31219,-1.65234375,-1.1650097370147705,-1.5476855039596558,-0.768925130367279,-1.3071508407592773,-0.05040648207068443,1.5173760213087477,0.003893058281391859,0.09362506866455078,2.461325168609619,0
1780882643.602911,31226,-1.6577343940734863,-1.174111247062683,-1.5480321645736694,-0.7732818722724915,-1.310789942741394,-0.05008454620838165,1.5227092925920351,0.0027851711492985487,0.09372305124998093,2.461298942565918,0
1780882643.6125314,31233,-1.663124918937683,-1.1832422018051147,-1.548378825187683,-0.7776673436164856,-1.3143885135650635,-0.04976300150156021,1.5280248748753216,0.0020549229811877012,0.09378039836883545,2.46128249168396,0
1780882643.6231837,31248,-1.668554663658142,-1.1923925876617432,-1.5487207174301147,-0.7868424654006958,-1.3217179775238037,-0.049109745770692825,1.5389838350668668,0.0006068963557481766,0.0938870906829834,2.4612505435943604,0
1780882643.6340625,31255,-1.6803125143051147,-1.2120800018310547,-1.5494482517242432,-0.7916396260261536,-1.3254388570785522,-0.04877786710858345,1.5446231714137237,-0.0011291825212538242,0.09399782866239548,2.4612183570861816,0
1780882643.6449025,31269,-1.69140625,-1.230556607246399,-1.5501220226287842,-0.8007083535194397,-1.3322422504425049,-0.04817105084657669,1.5550960521458426,-0.002018675208091736,0.0940474197268486,2.4612040519714355,0
1780882643.655896,31281,-1.6969921588897705,-1.239833950996399,-1.550454020500183,-0.8093681335449219,-1.3384478092193604,-0.04760649427771568,1.564859639680029,-0.0029513132758438587,0.09409486502408981,2.4611892700195312,0
1780882643.6670806,31288,-1.706874966621399,-1.256191372871399,-1.5510351657867432,-0.8134676218032837,-1.3412858247756958,-0.047344692051410675,1.5694007631360294,-0.0039020611438900232,0.0941394492983818,2.4611752033233643,0
1780882643.6768312,31302,-1.7182421684265137,-1.2748827934265137,-1.5516844987869263,-0.8229032158851624,-1.347595453262329,-0.04674658551812172,1.5796735269115094,-0.00751863420009613,0.094284288585186,2.4611246585845947,0
1780882643.6876445,31315,-1.7239843606948853,-1.2842577695846558,-1.5520068407058716,-0.8321162462234497,-1.3534637689590454,-0.046177174896001816,1.5894697079828874,-0.00751863420009613,0.094284288585186,2.4611246585845947,0
1780882643.697319,31322,-1.73464834690094,-1.3016210794448853,-1.5525976419448853,-0.836585283279419,-1.35621178150177,-0.04590482637286186,1.594143213631772,-0.01012480165809393,0.09436380118131638,2.4610884189605713,0
1780882643.710083,31336,-1.74636709690094,-1.3205273151397705,-1.5532275438308716,-0.846375584602356,-1.3620266914367676,-0.04532391577959061,1.6042202453961123,-0.011036135256290436,0.0943828746676445,2.4610769748687744,0
1780882643.7194211,31346,-1.7522655725479126,-1.3300096988677979,-1.5535399913787842,-0.8550828099250793,-1.3669463396072388,-0.04482425004243851,1.612984228251121,-0.011980493552982807,0.09439253062009811,2.461064577102661,0
1780882643.7308636,31353,-1.7612500190734863,-1.344335913658142,-1.5540087223052979,-0.8588617444038391,-1.3690050840377808,-0.044609494507312775,1.616727689848199,-0.014444984495639801,0.0943828746676445,2.46103835105896,0
1780882643.7402139,31367,-1.773281216621399,-1.3634082078933716,-1.5546239614486694,-0.8689879179000854,-1.374330997467041,-0.04404675215482712,1.6266117571290533,-0.0154340835288167,0.09436856955289841,2.4610273838043213,0
1780882643.7516034,31367,-1.773281216621399,-1.3634082078933716,-1.5546239614486694,-0.8689879179000854,-1.374330997467041,-0.04404675215482712,1.6266117571290533,-0.016437562182545662,0.09434568136930466,2.4610180854797363,0
1780882643.761568,31388,-1.792031168937683,-1.39285147190094,-1.5555517673492432,-0.8848285675048828,-1.3820607662200928,-0.04320663958787918,1.6416090792579363,-0.01745595596730709,0.09431540220975876,2.4610087871551514,0
1780882643.7738771,31396,-1.7982031106948853,-1.4024707078933716,-1.555849552154541,-0.8900620341300964,-1.3844503164291382,-0.04293530434370041,1.6464375310407717,-0.02074495702981949,0.09416460990905762,2.4609835147857666,0
1780882643.784609,31403,-1.8053905963897705,-1.413613200187683,-1.556191325187683,-0.8961590528488159,-1.3871415853500366,-0.04262667894363403,1.6519926935577116,-0.02201954834163189,0.09408735483884811,2.4609744548797607,0
1780882643.7956593,31422,-1.8219921588897705,-1.4391698837280273,-1.5569628477096558,-0.9103119373321533,-1.3929460048675537,-0.04192709922790527,1.6645492715373624,-0.023141272366046906,0.09401237219572067,2.460968255996704,0
1780882643.8068984,31429,-1.8283593654632568,-1.4488574266433716,-1.5572509765625,-0.9157299399375916,-1.3950251340866089,-0.0416639968752861,1.669249033627724,-0.026013752445578575,0.09378694742918015,2.460952043533325,0
1780882643.816841,31436,-1.8347655534744263,-1.4585546255111694,-1.5575389862060547,-0.9211835265159607,-1.3970409631729126,-0.041400182992219925,1.6739224944600244,-0.02702362835407257,0.09369956701993942,2.4609460830688477,0
1780882643.8283973,31453,-1.8509374856948853,-1.48291015625,-1.55825674533844,-0.9349936246871948,-1.401816487312317,-0.04075067117810249,1.6855156954201904,-0.029449768364429474,0.09346091002225876,2.4609336853027344,0
1780882643.8393853,31460,-1.857460856437683,-1.4926562309265137,-1.5585399866104126,-0.9405597448348999,-1.4036250114440918,-0.04049471765756607,1.6901052122614986,-0.030399981886148453,0.09335660189390182,2.4609296321868896,0
1780882643.8486948,31467,-1.8640234470367432,-1.5024120807647705,-1.5588183403015137,-0.9461559057235718,-1.4053754806518555,-0.04024006798863411,1.6946712078231447,-0.03134487196803093,0.093246690928936,2.460926055908203,0
1780882643.8595679,31486,-1.8826953172683716,-1.5298925638198853,-1.559594750404358,-0.9620386362075806,-1.4099771976470947,-0.039534792304039,1.7073713817571792,-0.032288696616888046,0.0931323766708374,2.4609224796295166,0
1780882643.8693771,31493,-1.8894140720367432,-1.539697289466858,-1.5598680973052979,-0.9677464365959167,-1.4115041494369507,-0.039287861436605453,1.7118471501504118,-0.03402028605341911,0.09290003031492233,2.4609177112579346,0
1780882643.8804648,31500,-1.8961718082427979,-1.5495116710662842,-1.5601415634155273,-0.9734832644462585,-1.4129700660705566,-0.039041969925165176,1.716297861440145,-0.035974517464637756,0.09260392189025879,2.460914373397827,0
1780882643.8914967,31514,-1.9029687643051147,-1.5593359470367432,-1.5604101419448853,-0.9849911332130432,-1.4157012701034546,-0.038567472249269485,1.725081177393269,-0.03700249642133713,0.0924292728304863,2.460914134979248,0
1780882643.9023097,31528,-1.9234765768051147,-1.588662028312683,-1.5612010955810547,-0.9966167211532593,-1.4181654453277588,-0.038100745528936386,1.733750208655738,-0.039117034524679184,0.09202491492033005,2.460916519165039,0
1780882643.911979,31535,-1.9304296970367432,-1.5985156297683716,-1.561464786529541,-1.0025005340576172,-1.4192984104156494,-0.037865687161684036,1.738059006149798,-0.041269946843385696,0.09157811850309372,2.4609222412109375,0
1780882643.9231973,31548,-1.9374217987060547,-1.6083788871765137,-1.5617284774780273,-1.0138047933578491,-1.4212664365768433,-0.037424854934215546,1.7461955968739689,-0.041269946843385696,0.09157811850309372,2.4609222412109375,0
1780882643.934079,31561,-1.9573436975479126,-1.6361815929412842,-1.5624560117721558,-1.0252071619033813,-1.422986388206482,-0.036993034183979034,1.7542258892220954,-0.04419462010264397,0.0909186527132988,2.4609320163726807,0
1780882643.9450092,31568,-1.9644922018051147,-1.6460644006729126,-1.562709927558899,-1.0312210321426392,-1.423789620399475,-0.03676728159189224,1.7583928836543523,-0.045225806534290314,0.0906667709350586,2.4609367847442627,0
1780882643.9562566,31581,-1.9716796875,-1.6559569835662842,-1.562963843345642,-1.0427428483963013,-1.42512845993042,-0.036344263702631,1.7662459287113357,-0.04725353792309761,0.09015332907438278,2.460947275161743,0
1780882643.9657934,31588,-1.9848437309265137,-1.67385733127594,-1.563417911529541,-1.0482450723648071,-1.425676703453064,-0.03614600747823715,1.7699373797856557,-0.04907461255788803,0.0896606370806694,2.46095871925354,0
1780882643.9770956,31602,-1.9995311498641968,-1.6936718225479126,-1.5639159679412842,-1.0604792833328247,-1.42669677734375,-0.03571270778775215,1.7780200792900727,-0.0500812791287899,0.08937406539916992,2.460965871810913,0
1780882643.9881618,31615,-2.006953001022339,-1.7035839557647705,-1.5641601085662842,-1.0723705291748047,-1.4274178743362427,-0.0353020578622818,1.7857061838686004,-0.05108156427741051,0.08907531946897507,2.4609744548797607,0
1780882643.997776,31622,-2.020820379257202,-1.722021460533142,-1.564614176750183,-1.0781288146972656,-1.4276729822158813,-0.0351051427423954,1.7893697930491292,-0.05207439139485359,0.08876680582761765,2.4609832763671875,0
1780882644.009256,31635,-2.035937547683716,-1.7418553829193115,-1.5650975704193115,-1.0905646085739136,-1.428026795387268,-0.03469064086675644,1.7971630795177576,-0.05585820600390434,0.08750557154417038,2.46102237701416,0
1780882644.020081,31635,-2.035937547683716,-1.7418553829193115,-1.5650975704193115,-1.0905646085739136,-1.428026795387268,-0.03469064086675644,1.7971630795177576,-0.05585820600390434,0.08750557154417038,2.46102237701416,0
1780882644.0298612,31655,-2.0571484565734863,-1.7693358659744263,-1.5657567977905273,-1.107919692993164,-1.4280349016189575,-0.0341276079416275,1.8077429076026685,-0.05872538313269615,0.08643495291471481,2.4610612392425537,0
1780882644.0397737,31662,-2.064882755279541,-1.7792479991912842,-1.5659911632537842,-1.1142176389694214,-1.4279001951217651,-0.033924978226423264,1.8114996048487093,-0.05973949655890465,0.08603977411985397,2.4610769748687744,0
1780882644.0510454,31669,-2.0726561546325684,-1.789160132408142,-1.566225528717041,-1.120532512664795,-1.4276918172836304,-0.03372170403599739,1.8152229037781022,-0.0607009083032608,0.08565843105316162,2.4610910415649414,0
1780882644.0619662,31688,-2.0951170921325684,-1.8175097703933716,-1.5668896436691284,-1.138680338859558,-1.4267138242721558,-0.033151302486658096,1.8257065096370664,-0.0607009083032608,0.08565843105316162,2.4610910415649414,0
1780882644.0731213,31695,-2.103085994720459,-1.8274120092391968,-1.5671191215515137,-1.1450499296188354,-1.426245093345642,-0.03295769542455673,1.82931698108893,-0.06417206674814224,0.08417975157499313,2.461146831512451,0
1780882644.0845308,31702,-2.111093759536743,-1.8373143672943115,-1.567348599433899,-1.1514317989349365,-1.4257078170776367,-0.032768916338682175,1.8328970972623737,-0.06512388586997986,0.08372806757688522,2.4611656665802,0
1780882644.0941844,31721,-2.132929563522339,-1.8640624284744263,-1.5679540634155273,-1.1687443256378174,-1.423879861831665,-0.03225797414779663,1.8423999936323485,-0.06607944518327713,0.08325885981321335,2.4611856937408447,0
1780882644.1053483,31728,-2.1410937309265137,-1.8739452362060547,-1.568178653717041,-1.1751651763916016,-1.4230718612670898,-0.03206973150372505,1.8458535103881901,-0.06767786294221878,0.0824497863650322,2.4612205028533936,0
1780882644.115148,31735,-2.149296760559082,-1.88381826877594,-1.568398356437683,-1.1815948486328125,-1.422192931175232,-0.03188187628984451,1.8492743370944609,-0.06858441978693008,0.08198165148496628,2.461240768432617,0
1780882644.126344,31748,-2.157539129257202,-1.8936914205551147,-1.5686181783676147,-1.1939536333084106,-1.4203100204467773,-0.03152935579419136,1.8557478096305748,-0.07034528255462646,0.08105015009641647,2.4612812995910645,0
1780882644.1376202,31762,-2.1811718940734863,-1.9216502904891968,-1.5692334175109863,-1.2063380479812622,-1.4181652069091797,-0.031182607635855675,1.8620999960028919,-0.07199004292488098,0.08011901378631592,2.4613230228424072,0
1780882644.148661,31769,-2.1896092891693115,-1.931494116783142,-1.5694482326507568,-1.2128009796142578,-1.4169425964355469,-0.03100142441689968,1.8653615269064303,-0.0737578496336937,0.07906758040189743,2.4613711833953857,0
1780882644.1583822,31781,-2.1980857849121094,-1.9413280487060547,-1.5696630477905273,-1.2250896692276,-1.414420485496521,-0.03066212497651577,1.8714620416531242,-0.0737578496336937,0.07906758040189743,2.4613711833953857,0
1780882644.1681526,31795,-2.2220311164855957,-1.9687987565994263,-1.570253849029541,-1.2373899221420288,-1.4116435050964355,-0.030327538028359413,1.877442666091955,-0.07613607496023178,0.07757460325956345,2.4614412784576416,0
1780882644.1792774,31802,-2.230664014816284,-1.9785937070846558,-1.57046377658844,-1.2438684701919556,-1.4100807905197144,-0.030152330175042152,1.8805440090424268,-0.07780802249908447,0.07646298408508301,2.461493730545044,0
1780882644.1905801,31814,-2.239335775375366,-1.988378882408142,-1.5706738233566284,-1.2560900449752808,-1.4069346189498901,-0.02983125112950802,1.8862971999739666,-0.07866287976503372,0.0758659765124321,2.4615232944488525,0
1780882644.2017112,31828,-2.2636327743530273,-2.0154199600219727,-1.5712450742721558,-1.2683085203170776,-1.4035226106643677,-0.02951226197183132,1.8919178615790144,-0.08018781989812851,0.07474683970212936,2.461580753326416,0
1780882644.2117007,31835,-2.2725000381469727,-2.025156259536743,-1.571450114250183,-1.2747836112976074,-1.4016072750091553,-0.029342306777834892,1.8948448960161894,-0.08102831989526749,0.07410824298858643,2.461613893508911,0
1780882644.2229176,31848,-2.2814061641693115,-2.0348730087280273,-1.5716503858566284,-1.2871367931365967,-1.39774751663208,-0.029023030772805214,1.9003319659502516,-0.08263792097568512,0.07286309450864792,2.4616756439208984,0
1780882644.234448,31855,-2.2976951599121094,-2.0525097846984863,-1.5720165967941284,-1.2930142879486084,-1.3958162069320679,-0.028873896226286888,1.9028984561076185,-0.08408082276582718,0.07168637961149216,2.461735486984253,0
1780882644.245463,31869,-2.3159375190734863,-2.072011709213257,-1.57241690158844,-1.3060383796691895,-1.3913215398788452,-0.028550170361995697,1.9084881421500794,-0.08488297462463379,0.07099556177854538,2.4617717266082764,0
1780882644.2554173,31882,-2.3251562118530273,-2.0817675590515137,-1.5726171731948853,-1.318530559539795,-1.3867077827453613,-0.0282368753105402,1.9137080843990244,-0.08570536971092224,0.07026480883359909,2.461810827255249,0
1780882644.2650557,31889,-2.342226505279541,-2.0996387004852295,-1.5729784965515137,-1.3244990110397339,-1.3843995332717896,-0.028085822239518166,1.9161546157289218,-0.0865037813782692,0.06954251974821091,2.4618494510650635,0
1780882644.2749808,31902,-2.360781192779541,-2.1188182830810547,-1.5733642578125,-1.3373315334320068,-1.379226803779602,-0.027763452380895615,1.9213258484348266,-0.08790034055709839,0.06826531887054443,2.4619147777557373,0
1780882644.2857132,31902,-2.360781192779541,-2.1188182830810547,-1.5733642578125,-1.3373315334320068,-1.379226803779602,-0.027763452380895615,1.9213258484348266,-0.08933790773153305,0.06691192835569382,2.4619832038879395,0
1780882644.2981913,31921,-2.385937452316284,-2.144423723220825,-1.573876976966858,-1.3544775247573853,-1.371840000152588,-0.02734164148569107,1.928030579749885,-0.09128361940383911,0.0649406909942627,2.462087392807007,0
1780882644.3079057,31935,-2.4048826694488525,-2.163408041000366,-1.5742528438568115,-1.3672027587890625,-1.3659969568252563,-0.027024278417229652,1.932853171174742,-0.09201173484325409,0.06415867805480957,2.462130546569824,0
1780882644.319059,31935,-2.4048826694488525,-2.163408041000366,-1.5742528438568115,-1.3672027587890625,-1.3659969568252563,-0.027024278417229652,1.932853171174742,-0.09270361810922623,0.06340717524290085,2.462169647216797,0
1780882644.3285923,31955,-2.431874990463257,-2.190058469772339,-1.5747753381729126,-1.385061264038086,-1.3572694063186646,-0.02657400071620941,1.9394022594555946,-0.09270361810922623,0.06340717524290085,2.462169647216797,0
1780882644.3393602,31962,-2.441523313522339,-2.199462890625,-1.5749609470367432,-1.3913618326187134,-1.3540524244308472,-0.026417169719934464,1.9416600073728592,-0.0951090082526207,0.060654036700725555,2.4623045921325684,0
1780882644.3494768,31968,-2.4512109756469727,-2.2088475227355957,-1.5751415491104126,-1.397645354270935,-1.35076904296875,-0.026259202510118484,1.9438824783083744,-0.09572097659111023,0.059905167669057846,2.462341070175171,0
1780882644.3606796,31982,-2.4609766006469727,-2.218203067779541,-1.5753222703933716,-1.4101475477218628,-1.3440085649490356,-0.02594597265124321,1.9482167031670703,-0.09572097659111023,0.059905167669057846,2.462341070175171,0
1780882644.3714714,31996,-2.490429639816284,-2.24609375,-1.5758593082427979,-1.4225727319717407,-1.3369812965393066,-0.02563251368701458,1.9524060005038353,-0.09750530868768692,0.05757701024413109,2.462456464767456,0
1780882644.3810835,32003,-2.5003514289855957,-2.2553515434265137,-1.5760351419448853,-1.4287607669830322,-1.3333643674850464,-0.025475263595581055,1.9544479667681114,-0.09865846484899521,0.05598592385649681,2.4625346660614014,0
1780882644.3907743,32015,-2.510312557220459,-2.264589786529541,-1.576210856437683,-1.4401072263717651,-1.3265202045440674,-0.025187605991959572,1.9581111030805731,-0.0992230549454689,0.055180665105581284,2.4625747203826904,0
1780882644.4020321,32029,-2.537304639816284,-2.289257764816284,-1.5766748189926147,-1.4513773918151855,-1.3194506168365479,-0.02490426041185856,1.961648920150917,-0.1001540794968605,0.05379688739776611,2.4626433849334717,0
1780882644.413428,32036,-2.547421932220459,-2.298388719558716,-1.576845645904541,-1.4574586153030396,-1.3155208826065063,-0.024753732606768608,1.9635156111355017,-0.10069788992404938,0.052930232137441635,2.462688446044922,0
1780882644.4245572,32048,-2.5575780868530273,-2.307499885559082,-1.5770165920257568,-1.4688775539398193,-1.3078984022140503,-0.02446546033024788,1.9669260427711723,-0.10124228149652481,0.05202316865324974,2.4627370834350586,0
1780882644.4343667,32055,-2.5757811069488525,-2.3236522674560547,-1.5773192644119263,-1.4742202758789062,-1.3042209148406982,-0.024329228326678276,1.9684789884251643,-0.10269206762313843,0.0494915209710598,2.4628713130950928,0
1780882644.4441154,32069,-2.596367120742798,-2.341669797897339,-1.5776513814926147,-1.486136555671692,-1.2957755327224731,-0.02402024157345295,1.9718552343696978,-0.10367373377084732,0.04770779237151146,2.4629619121551514,0
1780882644.4554205,32079,-2.6067187786102295,-2.350634813308716,-1.5778173208236694,-1.4965136051177979,-1.2881298065185547,-0.023747224360704422,1.9746886588546142,-0.10367373377084732,0.04770779237151146,2.4629619121551514,0
1780882644.465232,32093,-2.6329686641693115,-2.3730664253234863,-1.5782275199890137,-1.5068011283874512,-1.2802903652191162,-0.023468751460313797,1.9774083650267338,-0.1048220843076706,0.04552936553955078,2.463066577911377,0
1780882644.476493,32100,-2.6434764862060547,-2.3819236755371094,-1.5783886909484863,-1.5126135349273682,-1.2757505178451538,-0.023309677839279175,1.9789094044216924,-0.10524873435497284,0.04467129334807396,2.4631056785583496,0
1780882644.4871445,32113,-2.6540234088897705,-2.390751838684082,-1.5785497426986694,-1.5235873460769653,-1.2669399976730347,-0.02301028184592724,1.9816621386856612,-0.10566738247871399,0.043799396604299545,2.4631459712982178,0
1780882644.4968934,32120,-2.673163890838623,-2.406611204147339,-1.5788378715515137,-1.528752088546753,-1.2626804113388062,-0.022868450731039047,1.9829189936690892,-0.10679123550653458,0.04124915227293968,2.4632649421691895,0
1780882644.5081246,32134,-2.694531202316284,-2.4240527153015137,-1.5791503190994263,-1.5400943756103516,-1.2530708312988281,-0.022550014778971672,1.9855945450179668,-0.10717473179101944,0.0403057336807251,2.4633097648620605,0
1780882644.517968,32134,-2.694531202316284,-2.4240527153015137,-1.5791503190994263,-1.5400943756103516,-1.2530708312988281,-0.022550014778971672,1.9855945450179668,-0.10755079239606857,0.03935670480132103,2.463355302810669,0
1780882644.5291445,32154,-2.7259373664855957,-2.4492480754852295,-1.5795996189117432,-1.5563753843307495,-1.2386078834533691,-0.022083481773734093,1.9892062502593273,-0.10791616886854172,0.038388848304748535,2.4634017944335938,0
1780882644.5407956,32168,-2.747734308242798,-2.466386556625366,-1.5799022912979126,-1.5673803091049194,-1.2283740043640137,-0.021762894466519356,1.991496259484982,-0.10921630263328552,0.03463542461395264,2.463573932647705,0
1780882644.5505517,32168,-2.747734308242798,-2.466386556625366,-1.5799022912979126,-1.5673803091049194,-1.2283740043640137,-0.021762894466519356,1.991496259484982,-0.10921630263328552,0.03463542461395264,2.463573932647705,0
1780882644.5633333,32184,-2.758671760559082,-2.4748828411102295,-1.580053687095642,-1.5788841247558594,-1.217256784439087,-0.021429099142551422,1.9937523329037443,-0.10952205955982208,0.03361332416534424,2.4636242389678955,0
1780882644.5730653,32197,-2.79449200630188,-2.502275228500366,-1.580532193183899,-1.5901892185211182,-1.2058680057525635,-0.021088533103466034,1.9958116454783315,-0.11014522612094879,0.031287312507629395,2.463735580444336,0
1780882644.5829146,32204,-2.8055858612060547,-2.510615110397339,-1.5806787014007568,-1.5954327583312988,-1.2004207372665405,-0.020923642441630363,1.9967106529563032,-0.11040142178535461,0.0302658062428236,2.463782787322998,0
1780882644.594018,32218,-2.8278515338897705,-2.527177572250366,-1.5809667110443115,-1.6057919263839722,-1.1893608570098877,-0.020593252032995224,1.9983921139397387,-0.11110182851552963,0.027378318831324577,2.4638991355895996,0
1780882644.6054807,32232,-2.850234270095825,-2.543583869934082,-1.5812499523162842,-1.615983247756958,-1.1780894994735718,-0.020265521481633186,1.9999268529528622,-0.11131168901920319,0.02641105465590954,2.463937759399414,0
1780882644.6163678,32232,-2.850234270095825,-2.543583869934082,-1.5812499523162842,-1.615983247756958,-1.1780894994735718,-0.020265521481633186,1.9999268529528622,-0.11150768399238586,0.025443673133850098,2.4639742374420166,0
1780882644.6260765,32248,-2.8614842891693115,-2.5517284870147705,-1.5813915729522705,-1.626780390739441,-1.1657073497772217,-0.01990572363138199,2.0014205712074338,-0.11150768399238586,0.025443673133850098,2.4639742374420166,0
1780882644.6359088,32262,-2.899062395095825,-2.5784082412719727,-1.5818456411361694,-1.637362003326416,-1.1530884504318237,-0.01954628899693489,2.0027354697687634,-0.11204779148101807,0.022165535017848015,2.464097499847412,0
1780882644.6473532,32271,-2.910468578338623,-2.586376905441284,-1.5819823741912842,-1.642189621925354,-1.1471562385559082,-0.019376400858163834,2.0032797195916734,-0.11231143027544022,0.020151494070887566,2.4641711711883545,0
1780882644.6580734,32282,-2.9219141006469727,-2.594306468963623,-1.5821142196655273,-1.6514050960540771,-1.1355162858963013,-0.01905842311680317,2.004220359716168,-0.11242543905973434,0.01911461167037487,2.4642109870910645,0
1780882644.6680424,32296,-2.954960823059082,-2.6168651580810547,-1.5824902057647705,-1.6604266166687012,-1.123691201210022,-0.018736161291599274,2.005006111900569,-0.11260386556386948,0.01715385913848877,2.464284896850586,0
1780882644.680753,32303,-2.9665234088897705,-2.624628782272339,-1.582617163658142,-1.6650060415267944,-1.1175199747085571,-0.018567724153399467,2.0053530294124218,-0.11268110573291779,0.016124842688441277,2.4643213748931885,0
1780882644.6899536,32315,-2.9781248569488525,-2.6323437690734863,-1.5827441215515137,-1.6733989715576172,-1.1058952808380127,-0.01826494187116623,2.005891846110212,-0.1127987951040268,0.014079569838941097,2.464390993118286,0
1780882644.6997643,32322,-2.9982030391693115,-2.645576000213623,-1.5829589366912842,-1.677222728729248,-1.1004544496536255,-0.018124127760529518,2.0060918626861355,-0.11285156011581421,0.012282966636121273,2.4644525051116943,0
1780882644.7122495,32336,-3.021601438522339,-2.6607322692871094,-1.5832079648971558,-1.6859322786331177,-1.08772873878479,-0.017794126644730568,2.0064491242636717,-0.11287176609039307,0.01022112276405096,2.4645183086395264,0
1780882644.7221112,32346,-3.033320188522339,-2.6682422161102295,-1.5833300352096558,-1.6934505701065063,-1.0763235092163086,-0.017502164468169212,2.0066273833591604,-0.11287176609039307,0.01022112276405096,2.4645183086395264,0
1780882644.7318912,32353,-3.051445245742798,-2.6797168254852295,-1.5835156440734863,-1.6966630220413208,-1.071321725845337,-0.01737184450030327,2.0066632581506947,-0.11283449828624725,0.007635711692273617,2.4645934104919434,0
1780882644.7419393,32367,-3.0751171112060547,-2.694472551345825,-1.5837500095367432,-1.704883098602295,-1.0582093000411987,-0.017034921795129776,2.0066697513925935,-0.11279933899641037,0.006641387473791838,2.464618682861328,0
1780882644.7529764,32367,-3.0751171112060547,-2.694472551345825,-1.5837500095367432,-1.704883098602295,-1.0582093000411987,-0.017034921795129776,2.0066697513925935,-0.11275246739387512,0.0056420559994876385,2.4646434783935547,0
1780882644.7643328,32388,-3.1111717224121094,-2.7164745330810547,-1.5841015577316284,-1.7169156074523926,-1.0380510091781616,-0.01654265820980072,2.006395464585699,-0.11269177496433258,0.004638552665710449,2.4646682739257812,0
1780882644.7738955,32402,-3.1351170539855957,-2.7307519912719727,-1.584326148033142,-1.724548101425171,-1.0245647430419922,-0.016212882474064827,2.006006461697465,-0.112370565533638,0.001407742383889854,2.464759349822998,0
1780882644.786136,32402,-3.1351170539855957,-2.7307519912719727,-1.584326148033142,-1.724548101425171,-1.0245647430419922,-0.016212882474064827,2.006006461697465,-0.112247534096241,0.0003595351881813258,2.464785575866699,0
1780882644.795923,32421,-3.1685545444488525,-2.750302791595459,-1.584633708000183,-1.734757900238037,-1.0055664777755737,-0.015746694058179855,2.005192477553718,-0.11187522858381271,-0.002476811408996582,2.464848041534424,0
1780882644.8067758,32428,-3.1806249618530273,-2.7572362422943115,-1.584741234779358,-1.7383173704147339,-0.9986742734909058,-0.015580863691866398,2.0048292566030574,-0.11170849949121475,-0.003508090740069747,2.464869976043701,0
1780882644.8178496,32435,-3.1927342414855957,-2.7641210556030273,-1.5848486423492432,-1.7418153285980225,-0.9917499423027039,-0.01541039440780878,2.0044266180761663,-0.11153540760278702,-0.004519104491919279,2.4648892879486084,0
1780882644.8277376,32453,-3.2233593463897705,-2.78130841255188,-1.58511221408844,-1.7503710985183716,-0.9741159081459045,-0.014980296604335308,2.0032286924656617,-0.11134792864322662,-0.005523204803466797,2.464907169342041,0
1780882644.8389487,32467,-3.247734308242798,-2.7946972846984863,-1.5853173732757568,-1.7568775415420532,-0.9600281119346619,-0.014637799002230167,2.002120609963174,-0.11104004830121994,-0.007049798499792814,2.4649314880371094,0
1780882644.8491907,32467,-3.247734308242798,-2.7946972846984863,-1.5853173732757568,-1.7568775415420532,-0.9600281119346619,-0.014637799002230167,2.002120609963174,-0.11059902608394623,-0.009029864333570004,2.464958667755127,0
1780882644.8602607,32488,-3.285781145095825,-2.8150975704193115,-1.5856249332427979,-1.7665024995803833,-0.9379335641860962,-0.014114298857748508,2.0001124131615255,-0.11036999523639679,-0.01000749971717596,2.4649698734283447,0
1780882644.8711238,32495,-3.298085927963257,-2.8215625286102295,-1.58572256565094,-1.769469141960144,-0.9307681918144226,-0.013952321372926235,1.9993861904380432,-0.10980329662561417,-0.012130617164075375,2.464998483657837,0
1780882644.8823164,32502,-3.3103904724121094,-2.8279783725738525,-1.5858203172683716,-1.7723684310913086,-0.9235783815383911,-0.013787145726382732,1.9986187649878155,-0.10918915271759033,-0.014199613593518734,2.4650280475616455,0
1780882644.892017,32515,-3.3227343559265137,-2.834345579147339,-1.585913062095642,-1.7776877880096436,-0.909855306148529,-0.013477153144776821,1.9970458641258444,-0.10918915271759033,-0.014199613593518734,2.4650280475616455,0
1780882644.9033215,32529,-3.3573436737060547,-2.8518943786621094,-1.5861718654632568,-1.7827625274658203,-0.8960523009300232,-0.013165350072085857,1.9953258585456235,-0.10824692249298096,-0.01707601360976696,2.465064764022827,0
1780882644.914892,32535,-3.3697264194488525,-2.8580663204193115,-1.5862597227096558,-1.7853385210037231,-0.8887558579444885,-0.013002690859138966,1.9943644801239275,-0.10753851383924484,-0.019077537581324577,2.4650814533233643,0
1780882644.9243572,32548,-3.382148265838623,-2.864189386367798,-1.5863475799560547,-1.7900553941726685,-0.8748114109039307,-0.012692217715084553,1.9924242548325195,-0.10753851383924484,-0.019077537581324577,2.4650814533233643,0
1780882644.934109,32562,-3.417109251022339,-2.881103515625,-1.5865917205810547,-1.7945301532745361,-0.8608022928237915,-0.012382264249026775,1.9903447889273254,-0.10717368870973587,-0.0200649481266737,2.465088129043579,0
1780882644.9447894,32569,-3.429570198059082,-2.887031078338623,-1.5866748094558716,-1.7967842817306519,-0.853420078754425,-0.012221431359648705,1.9891980668802245,-0.10566046088933945,-0.023796914145350456,2.4651031494140625,0
1780882644.9560075,32579,-3.442070245742798,-2.8929100036621094,-1.586757779121399,-1.8005322217941284,-0.8405460715293884,-0.01196052972227335,1.9871026733295956,-0.10520398616790771,-0.024821994826197624,2.4651103019714355,0
1780882644.9685185,32593,-3.473085880279541,-2.9072558879852295,-1.5869628190994263,-1.8040578365325928,-0.8276285529136658,-0.011699595488607883,1.9848754569713498,-0.10448599606752396,-0.02635621838271618,2.4651217460632324,0
1780882644.9784474,32600,-3.4856250286102295,-2.9129490852355957,-1.5870410203933716,-1.8059866428375244,-0.8201816082000732,-0.011551594361662865,1.9835370084446386,-0.10396665334701538,-0.027400491759181023,2.4651291370391846,0
1780882644.9895203,32613,-3.498163938522339,-2.918593645095825,-1.5871191024780273,-1.809478998184204,-0.8058333396911621,-0.01125426311045885,1.9808352467243917,-0.10343032330274582,-0.02844226360321045,2.4651362895965576,0
1780882644.9990337,32627,-3.533945322036743,-2.934375047683716,-1.587343692779541,-1.812703013420105,-0.7914513945579529,-0.01095031201839447,1.9779806455431654,-0.1019410789012909,-0.031236765906214714,2.465134382247925,0
1780882645.0087392,32634,-3.546562433242798,-2.939814329147339,-1.5874170064926147,-1.8142790794372559,-0.7839601039886475,-0.010790848173201084,1.9764408579904142,-0.1009242907166481,-0.03308284282684326,2.4651174545288086,0
1780882645.0212822,32648,-3.5591795444488525,-2.945204973220825,-1.587490200996399,-1.817229151725769,-0.7689453959465027,-0.010476665571331978,1.9732482287717314,-0.1009242907166481,-0.03308284282684326,2.4651174545288086,0
1780882645.0309155,32655,-3.5844922065734863,-2.9558496475219727,-1.5876367092132568,-1.8186005353927612,-0.7614239454269409,-0.010318598710000515,1.9715934686135743,-0.10040762275457382,-0.03399753198027611,2.4651076793670654,0
1780882645.0408072,32668,-3.609804630279541,-2.9662694931030273,-1.5877734422683716,-1.821122646331787,-0.7463929057121277,-0.009993486106395721,1.9681691828815029,-0.09928429126739502,-0.0358579121530056,2.4650895595550537,0
1780882645.053439,32668,-3.609804630279541,-2.9662694931030273,-1.5877734422683716,-1.821122646331787,-0.7463929057121277,-0.009993486106395721,1.9681691828815029,-0.09808854013681412,-0.0377194844186306,2.46506929397583,0
1780882645.0631723,32688,-3.6458983421325684,-2.980761766433716,-1.5879687070846558,-1.8242069482803345,-0.7249492406845093,-0.009527101181447506,1.9630010589350733,-0.09746749699115753,-0.03865217790007591,2.4650583267211914,0
1780882645.0730968,32695,-3.6585545539855957,-2.9857420921325684,-1.5880322456359863,-1.8251463174819946,-0.7174295783042908,-0.009357929229736328,1.961109851814382,-0.09626109153032303,-0.04037916287779808,2.4650380611419678,0
1780882645.0842106,32702,-3.6712498664855957,-2.990673780441284,-1.5880956649780273,-1.826011061668396,-0.7099118828773499,-0.009180326014757156,1.9591772653773685,-0.09495612233877182,-0.04217540845274925,2.465008020401001,0
1780882645.0954623,32721,-3.705742120742798,-3.0038084983825684,-1.5882666110992432,-1.8279980421066284,-0.6895114183425903,-0.008677692152559757,1.953734408846702,-0.09434200078248978,-0.043018218129873276,2.4649875164031982,0
1780882645.104646,32728,-3.718437433242798,-3.008544921875,-1.5883251428604126,-1.8286094665527344,-0.6820050477981567,-0.008488821797072887,1.951669932771406,-0.09270363301038742,-0.04519045352935791,2.4649195671081543,0
1780882645.1159658,32735,-3.731132745742798,-3.013232469558716,-1.5883837938308716,-1.8291560411453247,-0.6745030879974365,-0.008298520930111408,1.9495730568578706,-0.09209270030260086,-0.0459669791162014,2.4648916721343994,0
1780882645.127194,32754,-3.7668750286102295,-3.0261425971984863,-1.588539958000183,-1.8303354978561401,-0.6534141898155212,-0.007781452964991331,1.943486220474641,-0.09143595397472382,-0.04675936698913574,2.4648663997650146,0
1780882645.136935,32761,-3.7795703411102295,-3.0306248664855957,-1.5885937213897705,-1.8306257724761963,-0.6459389328956604,-0.007597937248647213,1.9412587546576292,-0.09018372744321823,-0.048202034085989,2.4648187160491943,0
1780882645.1480236,32768,-3.7922656536102295,-3.0350584983825684,-1.588647484779358,-1.8308465480804443,-0.638473391532898,-0.007413921412080526,1.938995183218438,-0.08947372436523438,-0.04899429902434349,2.4647936820983887,0
1780882645.1578486,32780,-3.804999828338623,-3.039443254470825,-1.5886962413787842,-1.8310636281967163,-0.6250177621841431,-0.007092003710567951,1.9348104584344243,-0.0880233645439148,-0.05056917294859886,2.464740753173828,0
1780882645.170355,32793,-3.838202953338623,-3.050654172897339,-1.5888231992721558,-1.8310493230819702,-0.6116010546684265,-0.006775937043130398,1.930503402471305,-0.08601801097393036,-0.052632566541433334,2.464672327041626,0
1780882645.180133,32800,-3.8509373664855957,-3.0548534393310547,-1.5888671875,-1.8309434652328491,-0.6041895151138306,-0.006607861258089542,1.9280670649338847,-0.08520577102899551,-0.05342971906065941,2.464646577835083,0
1780882645.1900847,32813,-3.8636326789855957,-3.0589940547943115,-1.5889110565185547,-1.8305366039276123,-0.5901608467102051,-0.006273898761719465,1.9233287407809967,-0.08520577102899551,-0.05342971906065941,2.464646577835083,0
1780882645.2000444,32827,-3.8991405963897705,-3.070322275161743,-1.589028239250183,-1.8298717737197876,-0.5761919617652893,-0.005935349501669407,1.918453312810359,-0.08215056359767914,-0.05628001317381859,2.4645345211029053,0
1780882645.211335,32834,-3.9118359088897705,-3.07427716255188,-1.5890673398971558,-1.8294222354888916,-0.5688599944114685,-0.005757646635174751,1.915834168042152,-0.08135108649730682,-0.056996461004018784,2.4645025730133057,0
1780882645.22098,32847,-3.9245312213897705,-3.078173875808716,-1.5891064405441284,-1.828320860862732,-0.5543227791786194,-0.005411076359450817,1.9105130707559992,-0.08135108649730682,-0.056996461004018784,2.4645025730133057,0
1780882645.2335315,32854,-3.9496874809265137,-3.085742235183716,-1.5891796350479126,-1.8276689052581787,-0.5471205711364746,-0.00523562403395772,1.9078107763526646,-0.07884078472852707,-0.05910598859190941,2.464404582977295,0
1780882645.2431974,32868,-3.9750781059265137,-3.093193292617798,-1.5892480611801147,-1.826141595840454,-0.5326359272003174,-0.004907951224595308,1.9022403231422904,-0.07795022428035736,-0.05981087312102318,2.464372396469116,0
1780882645.2540727,32881,-3.987734317779541,-3.0968456268310547,-1.5892821550369263,-1.8244096040725708,-0.5189328789710999,-0.004582137800753117,1.8967822047605503,-0.07701703906059265,-0.06052875518798828,2.4643402099609375,0
1780882645.2650363,32888,-4.010663986206055,-3.10332989692688,-1.5893408060073853,-1.8234928846359253,-0.5124560594558716,-0.004421367775648832,1.8941375508879748,-0.07608763873577118,-0.061233632266521454,2.4643073081970215,0
1780882645.2759852,32902,-4.035976409912109,-3.110292911529541,-1.5893993377685547,-1.8212722539901733,-0.4982147216796875,-0.004065899644047022,1.8881914795890617,-0.073573037981987,-0.06310331076383591,2.4642064571380615,0
1780882645.2870622,32914,-4.048632621765137,-3.113701105117798,-1.5894286632537842,-1.8189071416854858,-0.4847801923751831,-0.00373076437972486,1.8824050955085732,-0.07269314676523209,-0.06373964995145798,2.4641685485839844,0
1780882645.29702,32921,-4.071367263793945,-3.1197166442871094,-1.5894775390625,-1.8176994323730469,-0.4784506559371948,-0.0035679673310369253,1.8796167127919734,-0.07179617881774902,-0.06437230110168457,2.4641306400299072,0
1780882645.3076956,32935,-4.096601486206055,-3.126210927963257,-1.5895262956619263,-1.8148287534713745,-0.4644675850868225,-0.0032146263401955366,1.8733242847530043,-0.06926456838846207,-0.06607841700315475,2.464019775390625,0
1780882645.3177772,32935,-4.096601486206055,-3.126210927963257,-1.5895262956619263,-1.8148287534713745,-0.4644675850868225,-0.0032146263401955366,1.8733242847530043,-0.06832287460565567,-0.06667280197143555,2.463979959487915,0
1780882645.3291352,32955,-4.132148265838623,-3.13506817817688,-1.5895849466323853,-1.8103034496307373,-0.44492852687835693,-0.002722844947129488,1.8641800845572025,-0.06557983160018921,-0.06831347942352295,2.4638659954071045,0
1780882645.3388288,32962,-4.144726276397705,-3.138115167617798,-1.5896044969558716,-1.8085731267929077,-0.4380747377872467,-0.0025482177734375,1.8608741828126534,-0.06460510939359665,-0.0688694640994072,2.46382474899292,0
1780882645.3495798,32968,-4.157265663146973,-3.14111328125,-1.5896191596984863,-1.806775450706482,-0.43125540018081665,-0.0023688888177275658,1.857531792754826,-0.06365009397268295,-0.06940685957670212,2.463783025741577,0
1780882645.3592212,32988,-4.191640377044678,-3.149101495742798,-1.5896581411361694,-1.8015038967132568,-0.41271623969078064,-0.0018715285696089268,1.848175989184129,-0.0627179816365242,-0.06992720812559128,2.4637398719787598,0
1780882645.3717213,32994,-4.204140663146973,-3.151923656463623,-1.5896679162979126,-1.799468755722046,-0.4060233235359192,-0.001691636978648603,1.8447074574876823,-0.06109717860817909,-0.07079612463712692,2.4636647701263428,0
1780882645.3810213,33001,-4.216640472412109,-3.1546971797943115,-1.5896776914596558,-1.7973721027374268,-0.3993642330169678,-0.0015261697117239237,1.8412062881453504,-0.05916106328368187,-0.07175683975219727,2.463578224182129,0
1780882645.3913047,33014,-4.229101657867432,-3.157421827316284,-1.589687466621399,-1.793161392211914,-0.386685848236084,-0.0012072896352037787,1.834381416525389,-0.05916106328368187,-0.07175683975219727,2.463578224182129,0
1780882645.402431,33028,-4.264413833618164,-3.164921760559082,-1.5897070169448853,-1.7887121438980103,-0.37415891885757446,-0.0008832263993099332,1.827426280422211,-0.05622893571853638,-0.0730736181139946,2.463456630706787,0
1780882645.4138281,33035,-4.276835918426514,-3.167470693588257,-1.5897119045257568,-1.7863045930862427,-0.3676956593990326,-0.0007152127800509334,1.8237556603753742,-0.05420385301113129,-0.07393979281187057,2.4633710384368896,0
1780882645.4236,33048,-4.289218425750732,-3.16998028755188,-1.5897167921066284,-1.7815465927124023,-0.35550054907798767,-0.0003947782388422638,1.8166697713810782,-0.05420385301113129,-0.07393979281187057,2.4633710384368896,0
1780882645.4348643,33061,-4.323945045471191,-3.1767969131469727,-1.5897216796875,-1.7765698432922363,-0.3434569835662842,-7.813453703420237e-05,1.80946486944645,-0.050353456288576126,-0.07545697689056396,2.463205575942993,0
1780882645.4446108,33069,-4.336249828338623,-3.179140567779541,-1.5897216796875,-1.7738710641860962,-0.33719587326049805,8.58259154483676e-05,1.8056355160072342,-0.049318019300699234,-0.07583283632993698,2.4631621837615967,0
1780882645.4559832,33081,-4.348554611206055,-3.1814355850219727,-1.5897216796875,-1.768523931503296,-0.32531416416168213,0.0003885412006638944,1.7981953043727905,-0.049318019300699234,-0.07583283632993698,2.4631621837615967,0
1780882645.4682653,33088,-4.37109375,-3.185546875,-1.5897119045257568,-1.7658838033676147,-0.3196898102760315,0.0005306529928930104,1.79458838271705,-0.0462266206741333,-0.07685863971710205,2.4630396366119385,0
1780882645.477961,33102,-4.395546913146973,-3.1898632049560547,-1.5897021293640137,-1.759954810142517,-0.3075781464576721,0.0008436536882072687,1.786629777450736,-0.045103296637535095,-0.07719862461090088,2.4629967212677,0
1780882645.4880645,33115,-4.407734394073486,-3.19195294380188,-1.589697241783142,-1.7540948390960693,-0.29626262187957764,0.001145215006545186,1.7789383230409754,-0.04398849233984947,-0.07752882689237595,2.462953567504883,0
1780882645.4992342,33121,-4.429648399353027,-3.195624828338623,-1.5896825790405273,-1.7512444257736206,-0.29096752405166626,0.0012906312476843596,1.7752523213855975,-0.040964219719171524,-0.07837545871734619,2.4628329277038574,0
1780882645.5089893,33135,-4.453906059265137,-3.1995506286621094,-1.589663028717041,-1.7447516918182373,-0.27933624386787415,0.0016083096852526069,1.7669719267438453,-0.03990481421351433,-0.07865237444639206,2.4627907276153564,0
1780882645.5247416,33135,-4.453906059265137,-3.1995506286621094,-1.589663028717041,-1.7447516918182373,-0.27933624386787415,0.0016083096852526069,1.7669719267438453,-0.03884114325046539,-0.07891177386045456,2.462747812271118,0
1780882645.5339754,33158,-4.493242263793945,-3.2055859565734863,-1.5896191596984863,-1.7337146997451782,-0.26082727313041687,0.0021070956718176603,1.7532261595051943,-0.03884114325046539,-0.07891177386045456,2.462747812271118,0
1780882645.543218,33165,-4.505273342132568,-3.2073631286621094,-1.5896044969558716,-1.7302049398422241,-0.2552639842033386,0.0022589541040360928,1.7489350869484668,-0.035214442759752274,-0.07965707033872604,2.462611436843872,0
1780882645.5546293,33180,-4.530781269073486,-3.211015462875366,-1.5895702838897705,-1.7225534915924072,-0.24360248446464539,0.0025873517151921988,1.7396952021039316,-0.0329640693962574,-0.08006680011749268,2.4625301361083984,0
1780882645.5643241,33187,-4.542734146118164,-3.2126660346984863,-1.5895507335662842,-1.7188752889633179,-0.23821179568767548,0.002739453222602606,1.7353053400532814,-0.030660973861813545,-0.08048462122678757,2.4624438285827637,0
1780882645.5757055,33200,-4.566523551940918,-3.2158689498901367,-1.5895116329193115,-1.7113633155822754,-0.22759346663951874,0.0030455398373305798,1.726433450582632,-0.029581865295767784,-0.08066260814666748,2.4624040126800537,0
1780882645.5855322,33200,-4.566523551940918,-3.2158689498901367,-1.5895116329193115,-1.7113633155822754,-0.22759346663951874,0.0030455398373305798,1.726433450582632,-0.028504878282546997,-0.08082722872495651,2.4623639583587646,0
1780882645.596947,33221,-4.601953029632568,-3.2203807830810547,-1.5894384384155273,-1.699737548828125,-0.2121054232120514,0.003498244099318981,1.7129240155838743,-0.025245696306228638,-0.08122086524963379,2.462247133255005,0
1780882645.6070437,33228,-4.613710880279541,-3.221816301345825,-1.5894140005111694,-1.69575834274292,-0.207048237323761,0.0036468505859375,1.7083555335703067,-0.024137824773788452,-0.08132278919219971,2.4622087478637695,0
1780882645.6183774,33235,-4.625468730926514,-3.223222494125366,-1.5893895626068115,-1.6917309761047363,-0.20205017924308777,0.003797016106545925,1.703758312606504,-0.023040061816573143,-0.08141421526670456,2.4621713161468506,0
1780882645.6282628,33254,-4.657773494720459,-3.226923704147339,-1.5893114805221558,-1.6803624629974365,-0.18856003880500793,0.004209480248391628,1.6909141359066457,-0.021957766264677048,-0.08149873465299606,2.462134599685669,0
1780882645.6397421,33261,-4.669414043426514,-3.228203058242798,-1.5892821550369263,-1.6761614084243774,-0.18378284573554993,0.00435669906437397,1.6862123775801752,-0.020052537322044373,-0.08161461353302002,2.462071418762207,0
1780882645.6494596,33268,-4.681015491485596,-3.229443311691284,-1.5892529487609863,-1.671915888786316,-0.17906567454338074,0.004503550473600626,1.6814837307992845,-0.01787620037794113,-0.081694595515728,2.462001323699951,0
1780882645.6604607,33283,-4.692577838897705,-3.230654239654541,-1.5892187356948853,-1.662982702255249,-0.16948644816875458,0.004798402544111013,1.6716040645978356,-0.016760334372520447,-0.081711046397686,2.461968421936035,0
1780882645.6703224,33297,-4.72878885269165,-3.234247922897339,-1.589111328125,-1.6538604497909546,-0.16018418967723846,0.005089907441288233,1.6616074353357513,-0.014303837902843952,-0.0816885232925415,2.461897850036621,0
1780882645.6830714,33304,-4.740234375,-3.2353320121765137,-1.589077115058899,-1.6493890285491943,-0.15579627454280853,0.005231046583503485,1.656738968729906,-0.012021506205201149,-0.08162486553192139,2.4618351459503174,0
1780882645.6928022,33318,-4.763085842132568,-3.2374119758605957,-1.5889990329742432,-1.6403025388717651,-0.14720478653907776,0.005497493781149387,1.6469037284088732,-0.010844391770660877,-0.08156871050596237,2.461804151535034,0
1780882645.7026212,33325,-4.774453163146973,-3.238408088684082,-1.5889599323272705,-1.635702133178711,-0.1430225372314453,0.005631217733025551,1.6419526866675125,-0.009628926403820515,-0.08149134367704391,2.4617743492126465,0
1780882645.713569,33332,-4.785780906677246,-3.239374876022339,-1.5889208316802979,-1.6310594081878662,-0.13891220092773438,0.005766186397522688,1.6369742336122186,-0.007235275581479073,-0.08130359649658203,2.461716651916504,0
1780882645.7246203,33348,-4.797070026397705,-3.240312337875366,-1.5888818502426147,-1.6210168600082397,-0.13036787509918213,0.006052198354154825,1.6262619937739944,-0.006083726417273283,-0.08120297640562057,2.461688995361328,0
1780882645.734493,33361,-4.833749771118164,-3.2431836128234863,-1.5887402296066284,-1.6108007431030273,-0.12213756144046783,0.006332898046821356,1.6154370069716617,-0.0035116448998451233,-0.08092057704925537,2.4616284370422363,0
1780882645.7458568,33368,-4.844921588897705,-3.2440037727355957,-1.5886962413787842,-1.605956792831421,-0.11839145421981812,0.006465410813689232,1.6103277798046758,-0.0024069647770375013,-0.08078312128782272,2.4616031646728516,0
1780882645.756708,33381,-4.856054782867432,-3.244804620742798,-1.58865225315094,-1.5967766046524048,-0.11155040562152863,0.006702093873172998,1.600682334575438,-0.0013283845037221909,-0.08064495772123337,2.461578845977783,0
1780882645.7665284,33394,-4.886484146118164,-3.2468748092651367,-1.588525414466858,-1.5874755382537842,-0.10495606809854507,0.006937193684279919,1.5909564687448432,0.0017541408305987716,-0.08016908168792725,2.4615161418914795,0
1780882645.7789884,33401,-4.8974609375,-3.2475781440734863,-1.588476538658142,-1.5824689865112305,-0.10154058039188385,0.007062158547341824,1.5857390885071696,0.004007477313280106,-0.07976686954498291,2.461473226547241,0
1780882645.7886543,33414,-4.908398151397705,-3.2482616901397705,-1.5884276628494263,-1.57277512550354,-0.09519591927528381,0.00729352468624711,1.5756703506608516,0.004007477313280106,-0.07976686954498291,2.461473226547241,0
1780882645.7984304,33421,-4.928437232971191,-3.249453067779541,-1.5883300304412842,-1.5680941343307495,-0.09225796163082123,0.00740515673533082,1.5708232179188883,0.007254201453179121,-0.0790848657488823,2.461418867111206,0
1780882645.8098118,33435,-4.950117111206055,-3.250663995742798,-1.588222622871399,-1.5578047037124634,-0.08606261759996414,0.007646803744137287,1.5601989432967627,0.00837190542370081,-0.07882702350616455,2.4614012241363525,0
1780882645.8198767,33448,-4.960898399353027,-3.2512402534484863,-1.5881688594818115,-1.547797679901123,-0.08038170635700226,0.00787415448576212,1.5499035063296773,0.009476205334067345,-0.07856535911560059,2.4613845348358154,0
1780882645.831317,33455,-4.980702877044678,-3.25225567817688,-1.5880712270736694,-1.542955994606018,-0.0777515321969986,0.007983922958374023,1.5449343821261252,0.012589085847139359,-0.07776391506195068,2.461341381072998,0
1780882645.8422177,33469,-5.001992225646973,-3.2532713413238525,-1.587954044342041,-1.532395601272583,-0.07226275652647018,0.008210902102291584,1.5341204658349679,0.013691933825612068,-0.07744956016540527,2.4613280296325684,0
1780882645.852143,33469,-5.001992225646973,-3.2532713413238525,-1.587954044342041,-1.532395601272583,-0.07226275652647018,0.008210902102291584,1.5341204658349679,0.01479034498333931,-0.0771176815032959,2.461315870285034,0
1780882645.8629804,33488,-5.031405925750732,-3.254580020904541,-1.5877881050109863,-1.517528772354126,-0.0651283860206604,0.008526887744665146,1.518949633596482,0.01588042452931404,-0.07677435874938965,2.4613046646118164,0
1780882645.8727634,33495,-5.041913986206055,-3.255019426345825,-1.5877294540405273,-1.5121451616287231,-0.06270306557416916,0.00863788090646267,1.5134692852040672,0.01778695359826088,-0.07615374773740768,2.4612863063812256,0
1780882645.8838837,33502,-5.052382469177246,-3.255439281463623,-1.587670922279358,-1.5067394971847534,-0.06035168841481209,0.008749885484576225,1.5079730764065635,0.019892828539013863,-0.07544194906949997,2.461268663406372,0
1780882645.8965044,33520,-5.079296588897705,-3.2564549446105957,-1.5875097513198853,-1.4926412105560303,-0.05461214855313301,0.009030832909047604,1.4936672407744611,0.022597098723053932,-0.07448636740446091,2.461250066757202,0
1780882645.9061265,33527,-5.089609146118164,-3.2568163871765137,-1.5874462127685547,-1.4871594905853271,-0.05252314358949661,0.009134216234087944,1.4881147351453596,0.023689106106758118,-0.07406783103942871,2.46124529838562,0
1780882645.9161305,33534,-5.09988260269165,-3.2571678161621094,-1.5873827934265137,-1.48165762424469,-0.05051209405064583,0.009240674786269665,1.4825471922331193,0.024756701663136482,-0.07364463806152344,2.4612410068511963,0
1780882645.927523,33548,-5.110116958618164,-3.257509708404541,-1.587319254875183,-1.4704372882843018,-0.046663861721754074,0.009457454085350037,1.4712079316688904,0.024756701663136482,-0.07364463806152344,2.4612410068511963,0
1780882645.9370856,33562,-5.141211032867432,-3.2584667205810547,-1.5871142148971558,-1.459147334098816,-0.04311462864279747,0.0096691083163023,1.4598161889314423,0.0287883710116148,-0.07198166847229004,2.461228132247925,0
1780882645.948229,33569,-5.151288986206055,-3.2587499618530273,-1.5870459079742432,-1.4535590410232544,-0.04147258773446083,0.009771814569830894,1.454183396148444,0.02974633313715458,-0.07158290594816208,2.461225986480713,0
1780882645.9596765,33581,-5.161366939544678,-3.259023427963257,-1.586977481842041,-1.4429258108139038,-0.03855504095554352,0.009959650225937366,1.4434751751688244,0.030706800520420074,-0.07118367403745651,2.4612247943878174,0
1780882645.971012,33595,-5.189179420471191,-3.259755849838257,-1.5867822170257568,-1.4322428703308105,-0.035884760320186615,0.010145682841539383,1.4327282682061513,0.032381322234869,-0.07048916071653366,2.4612226486206055,0
1780882645.9809284,33602,-5.199101448059082,-3.259999990463257,-1.586708903312683,-1.426580786705017,-0.03456847742199898,0.010243148542940617,1.42703631443606,0.033284518867731094,-0.07011556625366211,2.4612209796905518,0
1780882645.9919605,33614,-5.208984375,-3.2602343559265137,-1.586635708808899,-1.4159183502197266,-0.032273128628730774,0.010422014631330967,1.41632445001469,0.0350278802216053,-0.06939195841550827,2.461219072341919,0
1780882646.001603,33628,-5.235976219177246,-3.260820150375366,-1.5864355564117432,-1.4052083492279053,-0.030196402221918106,0.0105951689183712,1.4055726893517002,0.036521319299936295,-0.06875883787870407,2.4612183570861816,0
1780882646.0133858,33635,-5.245703220367432,-3.2610254287719727,-1.5863622426986694,-1.3994821310043335,-0.02917603589594364,0.010686187073588371,1.3998270145504421,0.037358831614255905,-0.06839609146118164,2.4612183570861816,0
1780882646.0225568,33648,-5.255390644073486,-3.261220693588257,-1.5862890481948853,-1.3883750438690186,-0.027375847101211548,0.010857157409191132,1.3886873576546364,0.03818441554903984,-0.06803428381681442,2.46121883392334,0
1780882646.0329628,33655,-5.273359298706055,-3.2615721225738525,-1.586147427558899,-1.3829967975616455,-0.026587702333927155,0.01093713752925396,1.3832955826425886,0.04050799086689949,-0.06697583198547363,2.4612226486206055,0
1780882646.043833,33669,-5.292460918426514,-3.2619237899780273,-1.5859911441802979,-1.3714451789855957,-0.0250710342079401,0.011103691533207893,1.3717192597921606,0.042110931128263474,-0.06621050089597702,2.4612271785736084,0
1780882646.053579,33681,-5.301952838897705,-3.262089729309082,-1.585913062095642,-1.360445261001587,-0.023856522515416145,0.011256852187216282,1.3607009805866128,0.042110931128263474,-0.06621050089597702,2.4612271785736084,0
1780882646.0645344,33688,-5.318867206573486,-3.262382745742798,-1.5857763290405273,-1.3552290201187134,-0.023358114063739777,0.011328601278364658,1.3554776411551268,0.04291195422410965,-0.06581532210111618,2.461230516433716,0
1780882646.0767593,33702,-5.337577819824219,-3.2626953125,-1.5856200456619263,-1.3435897827148438,-0.022408153861761093,0.01148125622421503,1.3438256764996341,0.04503972455859184,-0.06473755836486816,2.4612410068511963,0
1780882646.0861773,33702,-5.337577819824219,-3.2626953125,-1.5856200456619263,-1.3435897827148438,-0.022408153861761093,0.01148125622421503,1.3438256764996341,0.045779455453157425,-0.06434857845306396,2.461245059967041,0
1780882646.0973053,33722,-5.36355447769165,-3.263124942779541,-1.5853954553604126,-1.327201008796692,-0.021462783217430115,0.011684508062899113,1.3274259665017356,0.04782947525382042,-0.06322991102933884,2.461259126663208,0
1780882646.1084285,33729,-5.372734069824219,-3.2632713317871094,-1.5853124856948853,-1.3213523626327515,-0.021231509745121002,0.011753744445741177,1.3215751941337683,0.04853886365890503,-0.06283127516508102,2.4612648487091064,0
1780882646.1183403,33746,-5.390976428985596,-3.263564348220825,-1.585146427154541,-1.3051280975341797,-0.02087772637605667,0.011942114681005478,1.3053497020089577,0.04921848326921463,-0.06244504079222679,2.461270332336426,0
1780882646.1282592,33753,-5.404921531677246,-3.2637791633605957,-1.5850194692611694,-1.3006144762039185,-0.020852334797382355,0.011991958133876324,1.3008369008594352,0.04986783117055893,-0.062073107808828354,2.4612743854522705,0
1780882646.1395566,33767,-5.4228515625,-3.2640721797943115,-1.5848535299301147,-1.288872241973877,-0.020916113629937172,0.012107977643609047,1.28909881043416,0.05150248482823372,-0.061096545308828354,2.4612879753112793,0
1780882646.151856,33767,-5.4228515625,-3.2640721797943115,-1.5848535299301147,-1.288872241973877,-0.020916113629937172,0.012107977643609047,1.28909881043416,0.052174851298332214,-0.06066596135497093,2.4612956047058105,0
1780882646.1616077,33788,-5.449999809265137,-3.264531135559082,-1.5845947265625,-1.2708772420883179,-0.021437350660562515,0.012271199375391006,1.2711172671297732,0.052863094955682755,-0.06021284684538841,2.4613049030303955,0
1780882646.1728222,33795,-5.458788871765137,-3.2646777629852295,-1.5845067501068115,-1.2649985551834106,-0.021721061319112778,0.01232252549380064,1.2652450330886467,0.05489203333854675,-0.05882680043578148,2.461334466934204,0
1780882646.1835046,33802,-5.467538833618164,-3.264833927154541,-1.5844188928604126,-1.2591196298599243,-0.022058438509702682,0.012373914010822773,1.2593736263540007,0.05550996959209442,-0.05839991569519043,2.461343288421631,0
1780882646.193325,33821,-5.491289138793945,-3.265263557434082,-1.5841845273971558,-1.243039846420288,-0.023246407508850098,0.01250440999865532,1.243320077663051,0.05611242353916168,-0.05797695741057396,2.4613516330718994,0
1780882646.206062,33828,-5.499882698059082,-3.2654294967651367,-1.5840966701507568,-1.2371621131896973,-0.02377067320048809,0.012549499981105328,1.2374540917408523,0.057121776044368744,-0.0572504960000515,2.4613659381866455,0
1780882646.21596,33835,-5.508437156677246,-3.2655956745147705,-1.584008812904358,-1.2312854528427124,-0.02434311993420124,0.0125906802713871,1.2315904266840947,0.0582662895321846,-0.05639016255736351,2.461383819580078,0
1780882646.2254472,33848,-5.516952991485596,-3.2657713890075684,-1.5839208364486694,-1.220093846321106,-0.025574661791324615,0.012665962800383568,1.220427582353837,0.058846306055784225,-0.05593430623412132,2.4613938331604004,0
1780882646.2362576,33862,-5.540663719177246,-3.2662792205810547,-1.5836766958236694,-1.2089141607284546,-0.026988381519913673,0.01273806020617485,1.2092824644906848,0.0604272335767746,-0.054648514837026596,2.461423397064209,0
1780882646.247069,33869,-5.549023151397705,-3.266474485397339,-1.5835888385772705,-1.2030526399612427,-0.027800487354397774,0.012773189693689346,1.2034415964182925,0.06097961589694023,-0.05418240651488304,2.4614346027374268,0
1780882646.2582211,33880,-5.557343482971191,-3.266669750213623,-1.5835009813308716,-1.1925013065338135,-0.029391774907708168,0.012834767811000347,1.1929325101537973,0.061517320573329926,-0.05372011289000511,2.4614455699920654,0
1780882646.2680151,33894,-5.578788757324219,-3.267216682434082,-1.5832666158676147,-1.181966781616211,-0.03113871067762375,0.012892026454210281,1.182447164355746,0.06235957518219948,-0.05297970399260521,2.461463212966919,0
1780882646.2791564,33901,-5.586953163146973,-3.2674412727355957,-1.5831786394119263,-1.17612886428833,-0.032171741127967834,0.012922368012368679,1.1766397553773242,0.06286979466676712,-0.0525207482278347,2.4614737033843994,0
1780882646.2886603,33913,-5.595077991485596,-3.2676756381988525,-1.5830907821655273,-1.16493558883667,-0.034286677837371826,0.01297669392079115,1.165512289510701,0.06386873871088028,-0.05160200223326683,2.4614956378936768,0
1780882646.3013973,33927,-5.617968559265137,-3.26836895942688,-1.5828319787979126,-1.153767466545105,-0.03657316043972969,0.013024535030126572,1.1544204612857532,0.064784474670887,-0.050725217908620834,2.461517095565796,0
1780882646.3110983,33934,-5.625937461853027,-3.268632650375366,-1.582739233970642,-1.1479634046554565,-0.03783303499221802,0.01304667443037033,1.1486607561323587,0.06529070436954498,-0.05021822080016136,2.461531162261963,0
1780882646.321074,33948,-5.633867263793945,-3.2689061164855957,-1.5826464891433716,-1.1363983154296875,-0.04049897566437721,0.01309015229344368,1.1371950801988027,0.06580525636672974,-0.04968702420592308,2.4615461826324463,0
1780882646.3320003,33955,-5.649609088897705,-3.269482374191284,-1.582460880279541,-1.1306378841400146,-0.04190409183502197,0.013110489584505558,1.1314901072931538,0.06730084121227264,-0.04809093102812767,2.4615936279296875,0
1780882646.3444662,33969,-5.665194988250732,-3.270097494125366,-1.582275390625,-1.11911940574646,-0.044867634773254395,0.013145694509148598,1.1200956022824944,0.0682758092880249,-0.046997543424367905,2.4616265296936035,0
1780882646.3541358,33982,-5.672929763793945,-3.2704198360443115,-1.58218252658844,-1.108015775680542,-0.04792332649230957,0.013176493346691132,1.1091299402486423,0.0682758092880249,-0.046997543424367905,2.4616265296936035,0
1780882646.3639102,33989,-5.687265396118164,-3.27105450630188,-1.582006812095642,-1.102664828300476,-0.04946448281407356,0.0131911039352417,1.1038525553052874,0.0695837140083313,-0.045477624982595444,2.461669921875,0
1780882646.3767257,34003,-5.702460765838623,-3.2717771530151367,-1.5818212032318115,-1.091257929801941,-0.05288638174533844,0.01321765873581171,1.0926186641423383,0.07000776380300522,-0.04497706517577171,2.4616827964782715,0
1780882646.3876286,34003,-5.702460765838623,-3.2717771530151367,-1.5818212032318115,-1.091257929801941,-0.05288638174533844,0.01321765873581171,1.0926186641423383,0.07042711973190308,-0.04446732997894287,2.461696147918701,0
1780882646.3977444,34017,-5.710000038146973,-3.272158145904541,-1.581728458404541,-1.0797274112701416,-0.05653906241059303,0.013237904757261276,1.0812877463232222,0.07084676623344421,-0.04394232854247093,2.461709976196289,0
1780882646.4102724,34031,-5.732851505279541,-3.2733983993530273,-1.58145010471344,-1.068252444267273,-0.060376252979040146,0.013254832476377487,1.0700393764674125,0.07170181721448898,-0.04282557591795921,2.4617409706115723,0
1780882646.4198523,34047,-5.749882698059082,-3.2744140625,-1.581240177154541,-1.0552504062652588,-0.06498797982931137,0.013271870091557503,1.0573329655226946,0.07252367585897446,-0.04171073064208031,2.4617722034454346,0
1780882646.4313428,34054,-5.757187366485596,-3.2748827934265137,-1.5811474323272705,-1.0496554374694824,-0.06705109030008316,0.013279542326927185,1.0518786680811114,0.07343953847885132,-0.040435075759887695,2.461808443069458,0
1780882646.4407024,34068,-5.771679401397705,-3.2758593559265137,-1.58096182346344,-1.0385102033615112,-0.07130636274814606,0.013291478157043457,1.041040202511861,0.07381558418273926,-0.0399022102355957,2.461822271347046,0
1780882646.4522963,34068,-5.771679401397705,-3.2758593559265137,-1.58096182346344,-1.0385102033615112,-0.07130636274814606,0.013291478157043457,1.041040202511861,0.07418324798345566,-0.0393679104745388,2.461836099624634,0
1780882646.4621062,34086,-5.790859222412109,-3.2772557735443115,-1.580712914466858,-1.0236374139785767,-0.0772935077548027,0.013297857716679573,1.0266375575915985,0.07516274601221085,-0.03786587342619896,2.4618782997131348,0
1780882646.4726725,34100,-5.80496072769165,-3.27837872505188,-1.5805273056030273,-1.0126453638076782,-0.08194971084594727,0.01329946517944336,1.0160429438379948,0.07552941143512726,-0.03727256879210472,2.4618961811065674,0
1780882646.4836862,34100,-5.80496072769165,-3.27837872505188,-1.5805273056030273,-1.0126453638076782,-0.08194971084594727,0.01329946517944336,1.0160429438379948,0.0758865550160408,-0.0366893969476223,2.4619128704071045,0
1780882646.493771,34121,-5.825976371765137,-3.2801952362060547,-1.5802489519119263,-0.9962019920349121,-0.08929789066314697,0.013299407437443733,1.0002846577096949,0.07623239606618881,-0.036124229431152344,2.461928367614746,0
1780882646.5050611,34128,-5.832851409912109,-3.280829906463623,-1.5801562070846558,-0.99078768491745,-0.09181681275367737,0.013297352939844131,0.9951217931909293,0.0769016295671463,-0.0349884033203125,2.461958885192871,0
1780882646.515134,34135,-5.839687347412109,-3.281484365463257,-1.5800634622573853,-0.9853922724723816,-0.09437671303749084,0.013295435346662998,0.9899907389531998,0.07754025608301163,-0.03385734185576439,2.4619884490966797,0
1780882646.5262854,34148,-5.846484184265137,-3.282158136367798,-1.5799707174301147,-0.9751737713813782,-0.09936336427927017,0.013288559392094612,0.9803129848991048,0.07785125076770782,-0.033286452293395996,2.462003707885742,0
1780882646.5360942,34162,-5.865429401397705,-3.2841405868530273,-1.5797119140625,-0.9650272727012634,-0.1044967994093895,0.01327961403876543,0.9707592730914618,0.07840312272310257,-0.032234784215688705,2.462031841278076,0
1780882646.5474296,34169,-5.872109413146973,-3.2848827838897705,-1.57961905002594,-0.9597269892692566,-0.10725095868110657,0.013274416327476501,0.9657923545973448,0.07899028062820435,-0.03106665425002575,2.4620625972747803,0
1780882646.558533,34181,-5.878867149353027,-3.2856640815734863,-1.5795263051986694,-0.9497033953666687,-0.1126025840640068,0.013260225765407085,0.9564474448166089,0.07899028062820435,-0.03106665425002575,2.4620625972747803,0
1780882646.56831,34195,-5.896992206573486,-3.2878808975219727,-1.5792675018310547,-0.9398682117462158,-0.11804145574569702,0.013245024718344212,0.9473444312420812,0.07978220283985138,-0.02936994843184948,2.4621102809906006,0
1780882646.5811896,34202,-5.903476238250732,-3.2887206077575684,-1.5791747570037842,-0.9346738457679749,-0.12098847329616547,0.013236417435109615,0.942564910963563,0.08032282441854477,-0.028152702376246452,2.4621427059173584,0
1780882646.5895956,34215,-5.909921646118164,-3.2895801067352295,-1.5790820121765137,-0.9247655272483826,-0.1267605870962143,0.01321610901504755,0.9335063965316218,0.08058904111385345,-0.027525899931788445,2.462160348892212,0
1780882646.6006274,34229,-5.928085803985596,-3.2921385765075684,-1.578823208808899,-0.914946436882019,-0.1326802372932434,0.013193883933126926,0.924610786387729,0.0810609981417656,-0.026373980566859245,2.4621922969818115,0
1780882646.611603,34235,-5.934413909912109,-3.293085813522339,-1.5787304639816284,-0.9098686575889587,-0.1358204483985901,0.01318078488111496,0.920044510529795,0.08130887895822525,-0.025736210867762566,2.4622106552124023,0
1780882646.6229117,34248,-5.94070291519165,-3.2940526008605957,-1.578637719154358,-0.9002326726913452,-0.14194054901599884,0.01315381471067667,0.9114488506095165,0.08155371993780136,-0.025081753730773926,2.4622292518615723,0
1780882646.6326323,34255,-5.952070236206055,-3.2958691120147705,-1.5784716606140137,-0.8956708908081055,-0.1449136883020401,0.01314093079417944,0.9074133599195151,0.08179516345262527,-0.024411557242274284,2.462249279022217,0
1780882646.6436782,34269,-5.964375019073486,-3.2979490756988525,-1.578286051750183,-0.8857479691505432,-0.15154126286506653,0.01311237271875143,0.8987136104028726,0.0826566144824028,-0.02193581871688366,2.462317705154419,0
1780882646.6534257,34281,-5.970507621765137,-3.299023389816284,-1.5781933069229126,-0.8764266967773438,-0.157973513007164,0.013084025122225285,0.8906461572079395,0.0826566144824028,-0.02193581871688366,2.462317705154419,0
1780882646.6646283,34288,-5.981406211853027,-3.301015615463257,-1.578027367591858,-0.8720484972000122,-0.1610642969608307,0.013070344924926758,0.8868940878936689,0.0828670933842659,-0.021311519667506218,2.462332010269165,0
1780882646.6755316,34302,-5.993398189544678,-3.3033201694488525,-1.5778417587280273,-0.8623733520507812,-0.1680448353290558,0.013036265037953854,0.8786903944019246,0.08341315388679504,-0.01959955506026745,2.462371349334717,0
1780882646.6859257,34313,-5.999335765838623,-3.304511547088623,-1.5777490139007568,-0.8539041876792908,-0.17434892058372498,0.013006734661757946,0.8716186568629086,0.0835978090763092,-0.01895868591964245,2.4623866081237793,0
1780882646.6972873,34320,-6.008437156677246,-3.306396484375,-1.577612280845642,-0.850248396396637,-0.17712995409965515,0.01299375481903553,0.8686001346296787,0.08404813706874847,-0.017302868887782097,2.4624273777008057,0
1780882646.7069604,34334,-6.020117282867432,-3.3089354038238525,-1.5774364471435547,-0.8408300876617432,-0.1844414919614792,0.01295933686196804,0.8609191859205677,0.08421440422534943,-0.016657469794154167,2.4624428749084473,0
1780882646.7185419,34334,-6.020117282867432,-3.3089354038238525,-1.5774364471435547,-0.8408300876617432,-0.1844414919614792,0.01295933686196804,0.8609191859205677,0.08437249809503555,-0.016014335677027702,2.4624569416046143,0
1780882646.729746,34355,-6.038164138793945,-3.313105344772339,-1.5771631002426147,-0.8263661861419678,-0.19612710177898407,0.01290472038090229,0.8494194755591342,0.08437249809503555,-0.016014335677027702,2.4624569416046143,0
1780882646.7395828,34362,-6.043867111206055,-3.3144922256469727,-1.5770751237869263,-0.8217929601669312,-0.19994385540485382,0.012886423617601395,0.8458648087062948,0.08494973182678223,-0.013341068290174007,2.4625155925750732,0
1780882646.7492762,34369,-6.049530982971191,-3.315908193588257,-1.5769872665405273,-0.8172504305839539,-0.20379488170146942,0.012869500555098057,0.8423753582233466,0.08507872372865677,-0.012692569755017757,2.462529420852661,0
1780882646.759231,34381,-6.055156230926514,-3.3173534870147705,-1.5768994092941284,-0.8089945912361145,-0.2109529823064804,0.012837428599596024,0.8361448492733397,0.08520223945379257,-0.012044190429151058,2.462542772293091,0
1780882646.7705083,34395,-6.070077896118164,-3.3213281631469727,-1.5766650438308716,-0.8008416295051575,-0.21822310984134674,0.012805185280740261,0.8301401170810735,0.08539563417434692,-0.010966061614453793,2.462563991546631,0
1780882646.7814035,34402,-6.075624942779541,-3.322870969772339,-1.576577067375183,-0.7964416146278381,-0.2222294807434082,0.012786735780537128,0.8269635350088926,0.08560604602098465,-0.009664296172559261,2.462589979171753,0
1780882646.7927153,34414,-6.081132888793945,-3.3244433403015137,-1.5764892101287842,-0.7882372736930847,-0.22987143695354462,0.012754354625940323,0.8211708413771879,0.08560604602098465,-0.009664296172559261,2.462589979171753,0
1780882646.8024204,34428,-6.096210956573486,-3.3289451599121094,-1.5762450695037842,-0.7801474332809448,-0.2376284897327423,0.012721328064799309,0.8156342004693296,0.08593898266553879,-0.007183551322668791,2.4626383781433105,0
1780882646.8123605,34435,-6.101601600646973,-3.33062481880188,-1.5761572122573853,-0.7759012579917908,-0.24178890883922577,0.012703747488558292,0.8128013433743574,0.08601561933755875,-0.006528973579406738,2.4626498222351074,0
1780882646.823352,34447,-6.106953144073486,-3.33233380317688,-1.5760693550109863,-0.7679182887077332,-0.24978870153427124,0.012669271789491177,0.8076220675499566,0.08601561933755875,-0.006528973579406738,2.4626498222351074,0
1780882646.8335516,34461,-6.121796607971191,-3.337275266647339,-1.5758252143859863,-0.7600584030151367,-0.2579036355018616,0.012631029821932316,0.8027219967793082,0.08608824759721756,-0.005865334998816252,2.4626622200012207,0
1780882646.8445845,34468,-6.127031326293945,-3.3390917778015137,-1.5757372379302979,-0.755975604057312,-0.2622164189815521,0.012611160054802895,0.8002597113882809,0.08630405366420746,-0.003254174953326583,2.4627156257629395,0
1780882646.8557596,34481,-6.132265567779541,-3.340947151184082,-1.575649380683899,-0.748288094997406,-0.2705307900905609,0.012568678706884384,0.7957888873227038,0.08634528517723083,-0.002558112144470215,2.4627299308776855,0
1780882646.8671036,34488,-6.141679763793945,-3.3443846702575684,-1.5754930973052979,-0.7446783185005188,-0.2745265066623688,0.012547468766570091,0.7937682532562333,0.08640033006668091,-0.001285672071389854,2.462756395339966,0
1780882646.876897,34502,-6.151953220367432,-3.3482909202575684,-1.5753173828125,-0.7368249297142029,-0.28341972827911377,0.012503156438469887,0.7895530687338702,0.08642223477363586,-0.0005993842496536672,2.4627685546875,0
1780882646.886886,34514,-6.157031059265137,-3.350292921066284,-1.5752294063568115,-0.7295311093330383,-0.2919369339942932,0.012463049963116646,0.7858741251174166,0.08644140511751175,6.818770634708926e-05,2.4627792835235596,0
1780882646.897793,34521,-6.166054725646973,-3.353935480117798,-1.5750732421875,-0.7261376976966858,-0.29598554968833923,0.012444128282368183,0.7842437490788561,0.0864764153957367,0.001861095312051475,2.462800979614258,0
1780882646.9076393,34535,-6.17605447769165,-3.358144521713257,-1.5748974084854126,-0.7186170220375061,-0.30514654517173767,0.012401318177580833,0.780819205120393,0.0864807665348053,0.0025007722433656454,2.4628076553344727,0
1780882646.918469,34546,-6.181015491485596,-3.360292911529541,-1.5748095512390137,-0.7119612693786621,-0.3135020434856415,0.012360991910099983,0.7780264613018959,0.08647732436656952,0.0031584498938173056,2.462815999984741,0
1780882646.9296868,34553,-6.188945293426514,-3.3638086318969727,-1.574672818183899,-0.7090377807617188,-0.31725454330444336,0.012341045774519444,0.7768766447806388,0.08643031865358353,0.004974245559424162,2.46284556388855,0
1780882646.9407403,34567,-6.198710918426514,-3.3683104515075684,-1.574501872062683,-0.7018635869026184,-0.32667380571365356,0.01229002419859171,0.7742604953464004,0.08639226853847504,0.0057183499448001385,2.462859869003296,0
1780882646.9505434,34567,-6.198710918426514,-3.3683104515075684,-1.574501872062683,-0.7018635869026184,-0.32667380571365356,0.01229002419859171,0.7742604953464004,0.08634506911039352,0.006480574142187834,2.4628772735595703,0
1780882646.9617915,34588,-6.21316385269165,-3.375312328338623,-1.5742528438568115,-0.6914246082305908,-0.3410118818283081,0.012219996191561222,0.771042424722422,0.08618102967739105,0.008650421164929867,2.46291446685791,0
1780882646.972615,34595,-6.217929363250732,-3.3777148723602295,-1.5741698741912842,-0.6880247592926025,-0.3458476960659027,0.012196631170809269,0.7701541768280254,0.08612128347158432,0.009332775138318539,2.4629228115081787,0
1780882646.9822493,34602,-6.222695350646973,-3.3801465034484863,-1.5740869045257568,-0.6846640110015869,-0.3507087230682373,0.012174100615084171,0.7693566306484405,0.0860627144575119,0.00999212171882391,2.4629292488098145,0
1780882646.9934433,34621,-6.235820293426514,-3.3871190547943115,-1.5738574266433716,-0.6754967570304871,-0.36438998579978943,0.012109021656215191,0.7676083369240763,0.08600034564733505,0.010639785788953304,2.4629342555999756,0
1780882647.0045087,34628,-6.24050760269165,-3.3896875381469727,-1.5737743377685547,-0.672278881072998,-0.36934134364128113,0.012083897367119789,0.7671492310072977,0.08586926013231277,0.01180946733802557,2.462942600250244,0
1780882647.0152943,34635,-6.245156288146973,-3.392285108566284,-1.5736913681030273,-0.6691003441810608,-0.37431633472442627,0.012056980282068253,0.7667811681296463,0.08568517863750458,0.013178347609937191,2.462956428527832,0
1780882647.0251613,34647,-6.249765396118164,-3.3949217796325684,-1.5736083984375,-0.6631633043289185,-0.383859246969223,0.01200839038938284,0.7663404538010326,0.08557947725057602,0.01388311292976141,2.4629640579223633,0
1780882647.0363324,34661,-6.262656211853027,-3.4025096893310547,-1.5733789205551147,-0.6573770046234131,-0.39348670840263367,0.011960892006754875,0.7662371557388661,0.08527267724275589,0.01579093746840954,2.462979555130005,0
1780882647.0470872,34668,-6.267187595367432,-3.4052734375,-1.5732958316802979,-0.6543963551521301,-0.398573100566864,0.011935381218791008,0.7663142693808553,0.08515775948762894,0.016457796096801758,2.4629828929901123,0
1780882647.0584524,34681,-6.271718502044678,-3.408076047897339,-1.5732128620147705,-0.6488113403320312,-0.40835729241371155,0.011889257468283176,0.7667158457042945,0.08515775948762894,0.016457796096801758,2.4629828929901123,0
1780882647.0682526,34695,-6.284374713897705,-3.4161815643310547,-1.5729833841323853,-0.6433699131011963,-0.41821685433387756,0.011841893196105957,0.7674440779413394,0.08481717109680176,0.018280863761901855,2.46298885345459,0
1780882647.0781386,34702,-6.288827896118164,-3.419121026992798,-1.572900414466858,-0.6405798196792603,-0.4234031140804291,0.011816496960818768,0.7679533397243243,0.08455254882574081,0.019565580412745476,2.4629909992218018,0
1780882647.0906274,34713,-6.29324197769165,-3.4220995903015137,-1.572817325592041,-0.6356231570243835,-0.4328630268573761,0.011769866570830345,0.7691070975650067,0.08441199362277985,0.020212292671203613,2.4629921913146973,0
1780882647.100361,34727,-6.30480432510376,-3.4300975799560547,-1.572597622871399,-0.6308015584945679,-0.44238775968551636,0.011720342561602592,0.7705549315580994,0.08415906876325607,0.02129673771560192,2.4629967212677,0
1780882647.1120126,34734,-6.309179782867432,-3.4332029819488525,-1.5725146532058716,-0.6282017230987549,-0.44766467809677124,0.01169494166970253,0.771477699340939,0.08399113267660141,0.021969914436340332,2.4630000591278076,0
1780882647.1217892,34746,-6.313515663146973,-3.436347484588623,-1.5724315643310547,-0.6233744025230408,-0.4577558934688568,0.011653709225356579,0.7734803893216289,0.08364567160606384,0.023299453780055046,2.4630045890808105,0
1780882647.1313944,34753,-6.321328163146973,-3.4421191215515137,-1.5722851753234863,-0.6211391687393188,-0.4625662565231323,0.011636228300631046,0.7745429687403151,0.08331582695245743,0.02449786476790905,2.463007926940918,0
1780882647.1426032,34767,-6.329921722412109,-3.448662042617798,-1.572119116783142,-0.6163058876991272,-0.4732764661312103,0.011603751219809055,0.7771474812727808,0.08312506973743439,0.02516317367553711,2.4630095958709717,0
1780882647.154171,34779,-6.334179401397705,-3.451982259750366,-1.5720410346984863,-0.6119743585586548,-0.4832860827445984,0.011582035571336746,0.7798796040773674,0.0829307809472084,0.02582835964858532,2.4630117416381836,0
1780882647.1640413,34786,-6.341444969177246,-3.457763671875,-1.5719043016433716,-0.6100262403488159,-0.4879266917705536,0.011574248783290386,0.7812415975171608,0.08273210376501083,0.026490330696105957,2.463012456893921,0
1780882647.1739542,34800,-6.34988260269165,-3.46465802192688,-1.5717480182647705,-0.6055976152420044,-0.49879559874534607,0.011559981852769852,0.784652250423694,0.08195661008358002,0.02891707234084606,2.463013172149658,0
1780882647.1855597,34800,-6.34988260269165,-3.46465802192688,-1.5717480182647705,-0.6055976152420044,-0.49879559874534607,0.011559981852769852,0.784652250423694,0.08195661008358002,0.02891707234084606,2.463013172149658,0
1780882647.1952887,34821,-6.36257791519165,-3.4754490852355957,-1.5715038776397705,-0.5991897583007812,-0.515472412109375,0.011548547074198723,0.7904894325909303,0.08172503858804703,0.029588816687464714,2.4630141258239746,0
1780882647.2066336,34828,-6.366718769073486,-3.47906231880188,-1.5714257955551147,-0.5971792936325073,-0.5209771990776062,0.011546711437404156,0.7925740831286289,0.08096258342266083,0.031650543212890625,2.463017702102661,0
1780882647.2158298,34835,-6.370859146118164,-3.4827146530151367,-1.5713475942611694,-0.5952150821685791,-0.5264962911605835,0.011547517962753773,0.7947406393395888,0.08071000874042511,0.03230941295623779,2.463016986846924,0
1780882647.2271163,34854,-6.382382869720459,-3.493173837661743,-1.5711230039596558,-0.58994060754776,-0.542068600654602,0.011553029529750347,0.8012501237071816,0.08000396937131882,0.03410434350371361,2.4630095958709717,0
1780882647.2383866,34861,-6.386484146118164,-3.4969725608825684,-1.571044921875,-0.5881447792053223,-0.5476385951042175,0.011554126627743244,0.8037137612336424,0.07973326742649078,0.034754276275634766,2.463007688522339,0
1780882647.2484426,34869,-6.390546798706055,-3.500810384750366,-1.5709667205810547,-0.5863943099975586,-0.5532211065292358,0.011557264253497124,0.8062539611462198,0.07945830374956131,0.03540360555052757,2.4630050659179688,0
1780882647.264639,34881,-6.394609451293945,-3.5046873092651367,-1.570888638496399,-0.5831964612007141,-0.5638594031333923,0.011562666855752468,0.8112886256590799,0.07917602360248566,0.03605162724852562,2.4630026817321777,0
1780882647.272444,34896,-6.406796932220459,-3.51665997505188,-1.570644497871399,-0.5798258185386658,-0.5758212804794312,0.011568402871489525,0.8172526872650848,0.0786416232585907,0.03722989186644554,2.462998867034912,0
1780882647.2821486,34903,-6.410859107971191,-3.5207324028015137,-1.5705615282058716,-0.5782976150512695,-0.5815026760101318,0.011573457159101963,0.820187441193502,0.07826178520917892,0.03804158791899681,2.462996244430542,0
1780882647.293311,34915,-6.414882659912109,-3.5248143672943115,-1.5704833269119263,-0.5756446123123169,-0.5918578505516052,0.0115863848477602,0.8257098032950828,0.07764288783073425,0.03933488950133324,2.462989091873169,0
1780882647.302588,34929,-6.425507545471191,-3.5358593463897705,-1.5702685117721558,-0.5731463432312012,-0.602245032787323,0.011600236408412457,0.831462792770087,0.07712405920028687,0.04038834571838379,2.462981939315796,0
1780882647.3135986,34936,-6.429491996765137,-3.5400781631469727,-1.5701855421066284,-0.5718454718589783,-0.6079291701316833,0.011608915403485298,0.8346974820253503,0.07648953795433044,0.04163217172026634,2.462970733642578,0
1780882647.3247113,34948,-6.433437347412109,-3.5443358421325684,-1.5701024532318115,-0.569549560546875,-0.6185306906700134,0.0116194486618042,0.840893530006663,0.07648953795433044,0.04163217172026634,2.462970733642578,0
1780882647.3345451,34962,-6.444179534912109,-3.5561327934265137,-1.5698827505111694,-0.5674194693565369,-0.6291584968566895,0.011631855741143227,0.8473137367231842,0.0751863569021225,0.04401015862822533,2.4629526138305664,0
1780882647.3456595,34968,-6.448124885559082,-3.560537099838257,-1.569799780845642,-0.5663427710533142,-0.6348785758018494,0.011640576645731926,0.850852774198437,0.07482947409152985,0.0446392260491848,2.462946653366089,0
1780882647.3563287,34981,-6.452070236206055,-3.5649900436401367,-1.5697168111801147,-0.5644060969352722,-0.6459099650382996,0.011658086441457272,0.8578402159918604,0.07446431368589401,0.045268889516592026,2.4629411697387695,0
1780882647.3661556,34988,-6.459335803985596,-3.5733299255371094,-1.5695703029632568,-0.5635392069816589,-0.651219367980957,0.01166798546910286,0.861277681659023,0.0737915113568306,0.046404000371694565,2.462928056716919,0
1780882647.3788629,35002,-6.467148303985596,-3.5824902057647705,-1.5694042444229126,-0.5617976784706116,-0.6627097725868225,0.011692247353494167,0.8688714420817512,0.07343380898237228,0.04699670895934105,2.462919235229492,0
1780882647.38874,35013,-6.471054553985596,-3.5871288776397705,-1.5693212747573853,-0.5604250431060791,-0.6727908253669739,0.011714481748640537,0.8757059738982393,0.07308077812194824,0.0475769005715847,2.462909460067749,0
1780882647.3985267,35026,-6.480781078338623,-3.5989255905151367,-1.5691113471984863,-0.5591914057731628,-0.6828837990760803,0.011738982051610947,0.8827021666625467,0.07271874696016312,0.04816007241606712,2.462899923324585,0
1780882647.4097075,35033,-6.48464822769165,-3.603710889816284,-1.5690282583236694,-0.5585474967956543,-0.6886491179466248,0.011753368191421032,0.8867643742783078,0.07141653448343277,0.05019151791930199,2.4628636837005615,0
1780882647.4209394,35048,-6.488515377044678,-3.608535051345825,-1.568945288658142,-0.5573912262916565,-0.7002730965614319,0.011783242225646973,0.8951012421575569,0.07141653448343277,0.05019151791930199,2.4628636837005615,0
1780882647.4305162,35055,-6.49636697769165,-3.6184473037719727,-1.5687792301177979,-0.556881844997406,-0.7061310410499573,0.011798953637480736,0.8993762570409287,0.0710219293832779,0.050783753395080566,2.4628546237945557,0
1780882647.4418023,35068,-6.504101276397705,-3.628369092941284,-1.5686132907867432,-0.5560231804847717,-0.7176824808120728,0.011831078678369522,0.9079481785452659,0.07019311934709549,0.05198752507567406,2.462836265563965,0
1780882647.4515557,35080,-6.507968425750732,-3.6333885192871094,-1.5685302019119263,-0.5556666254997253,-0.723459780216217,0.011847523972392082,0.9123046728527842,0.06934826821088791,0.05317258834838867,2.4628169536590576,0
1780882647.462956,35087,-6.514218807220459,-3.6415820121765137,-1.5683934688568115,-0.5552026033401489,-0.7327933311462402,0.011875562369823456,0.919443867731838,0.06891035288572311,0.05377185344696045,2.46280837059021,0
1780882647.4739254,35100,-6.521953105926514,-3.6518750190734863,-1.5682275295257568,-0.5547968149185181,-0.744349479675293,0.011911015026271343,0.9284382187391726,0.06775198131799698,0.05532383546233177,2.4627838134765625,0
1780882647.4838066,35100,-6.521953105926514,-3.6518750190734863,-1.5682275295257568,-0.5547968149185181,-0.744349479675293,0.011911015026271343,0.9284382187391726,0.0673060342669487,0.055905576795339584,2.4627726078033447,0
1780882647.495035,35122,-6.533866882324219,-3.6681151390075684,-1.567968726158142,-0.5545499920845032,-0.7622165679931641,0.011966300196945667,0.9426786210499333,0.0673060342669487,0.055905576795339584,2.4627726078033447,0
1780882647.5045004,35129,-6.537734031677246,-3.6734471321105957,-1.5678857564926147,-0.5545699000358582,-0.7679888010025024,0.011983899399638176,0.9473638088590167,0.06543881446123123,0.05823206529021263,2.4627270698547363,0
1780882647.5159957,35136,-6.541601181030273,-3.6788182258605957,-1.5678026676177979,-0.5546385049819946,-0.7737582921981812,0.012002506293356419,0.952087089562415,0.06497561931610107,0.05878865346312523,2.462714433670044,0
1780882647.527322,35154,-6.551405906677246,-3.6926755905151367,-1.567592740058899,-0.5550398230552673,-0.7884365916252136,0.012047362513840199,0.9642855402495395,0.06449973583221436,0.059347983449697495,2.462702512741089,0
1780882647.5368264,35160,-6.555273056030273,-3.698193311691284,-1.5675097703933716,-0.5552797317504883,-0.7941940426826477,0.012065519578754902,0.9691363860098365,0.06376255303621292,0.06019913777709007,2.46268367767334,0
1780882647.5476892,35167,-6.559140682220459,-3.703749895095825,-1.5674266815185547,-0.5555669665336609,-0.7999472618103027,0.012083997018635273,0.9740206871340882,0.06282433867454529,0.06126057729125023,2.462655782699585,0
1780882647.5591629,35180,-6.563007831573486,-3.709345579147339,-1.5673437118530273,-0.5562558770179749,-0.811050534248352,0.01211576908826828,0.9835498775772248,0.06234109774231911,0.061792727559804916,2.462642192840576,0
1780882647.5688796,35194,-6.574062347412109,-3.725595712661743,-1.567104458808899,-0.5571247935295105,-0.8221364617347717,0.012146396562457085,0.9931988382134375,0.06088928133249283,0.06333302706480026,2.462604284286499,0
1780882647.5798068,35201,-6.577929496765137,-3.7313475608825684,-1.5670214891433716,-0.5576455593109131,-0.8278629183769226,0.012163138017058372,0.9982352044328823,0.06037645787000656,0.06386685371398926,2.4625909328460693,0
1780882647.5907688,35213,-6.581796646118164,-3.737138509750366,-1.5669384002685547,-0.5587268471717834,-0.8383071422576904,0.012191166169941425,1.0075133642008727,0.059853557497262955,0.06439995020627975,2.4625773429870605,0
1780882647.6019893,35227,-6.592109203338623,-3.752695322036743,-1.5667186975479126,-0.5599724650382996,-0.8487263321876526,0.012218356132507324,1.0168848689878103,0.05843932926654816,0.06580138206481934,2.462541341781616,0
1780882647.6118286,35233,-6.596015453338623,-3.7586326599121094,-1.5666357278823853,-0.5607219338417053,-0.8544179201126099,0.012232775799930096,1.0220512267516297,0.05789494886994362,0.06632542610168457,2.46252703666687,0
1780882647.6230435,35248,-6.599921703338623,-3.7646093368530273,-1.566552758216858,-0.5624074935913086,-0.8660376667976379,0.012263359501957893,1.0327021928640554,0.057360246777534485,0.06683456897735596,2.462512969970703,0
1780882647.6339362,35255,-6.608124732971191,-3.777236223220825,-1.5663769245147705,-0.5633465647697449,-0.8719643950462341,0.012277927249670029,1.038186883833429,0.05623352527618408,0.06788074970245361,2.4624812602996826,0
1780882647.6450026,35269,-6.615937232971191,-3.7894628047943115,-1.5662108659744263,-0.5652900338172913,-0.8832616209983826,0.01230383850634098,1.0487398618836965,0.055680979043245316,0.06837927550077438,2.46246600151062,0
1780882647.6560562,35281,-6.619882583618164,-3.7956347465515137,-1.5661230087280273,-0.5673059225082397,-0.8938817977905273,0.012328571639955044,1.0587788587863056,0.054546087980270386,0.06938063353300095,2.4624361991882324,0
1780882647.6657686,35288,-6.626874923706055,-3.8066794872283936,-1.5659667253494263,-0.5683145523071289,-0.8988606929779053,0.012341069988906384,1.0635244603455265,0.05356886610388756,0.07023334503173828,2.462407350540161,0
1780882647.6757278,35302,-6.634765625,-3.819277286529541,-1.5657910108566284,-0.5707162022590637,-0.9100519418716431,0.01236813049763441,1.0742739367020702,0.05303415283560753,0.07069623470306396,2.462390661239624,0
1780882647.6882749,35313,-6.638750076293945,-3.825634717941284,-1.56570303440094,-0.5730259418487549,-0.9200401306152344,0.012388897128403187,1.0839677378714776,0.052502673119306564,0.07115267962217331,2.462373733520508,0
1780882647.6980717,35320,-6.645078182220459,-3.8357810974121094,-1.5655664205551147,-0.5740960240364075,-0.9244415163993835,0.012396907433867455,1.0882702078854898,0.051062777638435364,0.07234477996826172,2.462329864501953,0
1780882647.7090142,35334,-6.653124809265137,-3.8488378524780273,-1.5653905868530273,-0.57694411277771,-0.9356101155281067,0.012418079189956188,1.0992656668149625,0.050480492413043976,0.07280921936035156,2.462313413619995,0
1780882647.7187,35346,-6.657148361206055,-3.8553709983825684,-1.5653027296066284,-0.5797761082649231,-0.9459765553474426,0.01243804395198822,1.1095795077051418,0.04931144788861275,0.0737152099609375,2.4622790813446045,0
1780882647.7298398,35353,-6.664257526397705,-3.8669629096984863,-1.5651464462280273,-0.5811589956283569,-0.9508128762245178,0.012447361834347248,1.1144262382996624,0.04831709712743759,0.07447051256895065,2.462247610092163,0
1780882647.7412515,35367,-6.672382831573486,-3.8802831172943115,-1.56497061252594,-0.5844222903251648,-0.961757481098175,0.012465981766581535,1.1254697981636925,0.04775625467300415,0.0748901292681694,2.4622302055358887,0
1780882647.751138,35367,-6.672382831573486,-3.8802831172943115,-1.56497061252594,-0.5844222903251648,-0.961757481098175,0.012465981766581535,1.1254697981636925,0.047190774232149124,0.07530462741851807,2.462212562561035,0
1780882647.7622156,35389,-6.685117244720459,-3.9013867378234863,-1.564697265625,-0.5898682475090027,-0.9787246584892273,0.012488837353885174,1.1428046541787658,0.04661889746785164,0.07571684569120407,2.4621942043304443,0
1780882647.7733436,35396,-6.689218521118164,-3.9082226753234863,-1.5646092891693115,-0.5917060375213623,-0.9841243028640747,0.012494854629039764,1.1483783347482368,0.04475247487425804,0.07700693607330322,2.462139844894409,0
1780882647.784521,35403,-6.693359375,-3.91509747505188,-1.5645214319229126,-0.5935896635055542,-0.9895064234733582,0.012501602061092854,1.1539618454566718,0.04415193945169449,0.0774148628115654,2.4621224403381348,0
1780882647.7957892,35420,-6.703866958618164,-3.93267560005188,-1.564296841621399,-0.5985733270645142,-1.0030733346939087,0.012518147937953472,1.1681621662572523,0.04356488212943077,0.07781373709440231,2.462104558944702,0
1780882647.8055665,35427,-6.708046913146973,-3.9396777153015137,-1.564208984375,-0.6006128787994385,-1.0083951950073242,0.012523345649242401,1.173777463440093,0.04208306968212128,0.07879865169525146,2.4620587825775146,0
1780882647.8155565,35434,-6.712226390838623,-3.946718692779541,-1.5641210079193115,-0.6026954650878906,-1.0136995315551758,0.012528209015727043,1.1794004917473255,0.041495949029922485,0.0791773796081543,2.462040901184082,0
1780882647.8265083,35448,-6.716444969177246,-3.953798770904541,-1.5640331506729126,-0.6070405840873718,-1.0243779420852661,0.012534565292298794,1.190800383896079,0.040897395461797714,0.07955276221036911,2.462022542953491,0
1780882647.8362768,35462,-6.729335784912109,-3.9755859375,-1.5637694597244263,-0.611562967300415,-1.0349777936935425,0.012538742274045944,1.2022252353323217,0.03902599588036537,0.08067678660154343,2.4619691371917725,0
1780882647.848933,35469,-6.733593463897705,-3.9828124046325684,-1.5636816024780273,-0.6138639450073242,-1.040185809135437,0.012540368363261223,1.207879431626098,0.038400549441576004,0.08104264736175537,2.4619510173797607,0
1780882647.8587184,35484,-6.737890243530273,-3.990068197250366,-1.5635937452316284,-0.6186730265617371,-1.0507010221481323,0.012538966722786427,1.2193794230774377,0.038400549441576004,0.08104264736175537,2.4619510173797607,0
1780882647.8684022,35490,-6.746757507324219,-4.00515604019165,-1.563417911529541,-0.6211851239204407,-1.0560051202774048,0.012537979520857334,1.2252244582779985,0.03775141015648842,0.08141183853149414,2.4619336128234863,0
1780882647.8795426,35504,-6.755429744720459,-4.019931316375732,-1.5632421970367432,-0.6261924505233765,-1.066222906112671,0.01253544818609953,1.2365700174567742,0.03510366752743721,0.08286308497190475,2.4618637561798096,0
1780882647.8899927,35518,-6.764296531677246,-4.035038948059082,-1.5630663633346558,-0.6314419507980347,-1.0764777660369873,0.012529563158750534,1.2480706342000678,0.034417327493429184,0.08322583884000778,2.461846113204956,0
1780882647.9014413,35525,-6.768710613250732,-4.042548656463623,-1.5629785060882568,-0.6341009736061096,-1.081505537033081,0.012527002952992916,1.2537524465238,0.03375730291008949,0.08357048034667969,2.4618284702301025,0
1780882647.912987,35532,-6.773124694824219,-4.050097465515137,-1.562890648841858,-0.6368025541305542,-1.0865105390548706,0.012522067874670029,1.2594361621806645,0.03245043382048607,0.0842348262667656,2.461793899536133,0
1780882647.9226878,35548,-6.777577877044678,-4.057675838470459,-1.5628026723861694,-0.6426852941513062,-1.0970700979232788,0.012510680593550205,1.271520233501873,0.03245043382048607,0.0842348262667656,2.461793899536133,0
1780882647.9341087,35555,-6.787656307220459,-4.074872970581055,-1.5626074075698853,-0.6458768248558044,-1.1026173830032349,0.012504186481237411,1.2779195283218248,0.030301246792078018,0.08526109904050827,2.4617369174957275,0
1780882647.9431314,35569,-6.796679496765137,-4.090292930603027,-1.5624315738677979,-0.6516814827919006,-1.1123939752578735,0.012491779401898384,1.2892886239149441,0.029008548706769943,0.08585929125547409,2.4617021083831787,0
1780882647.952908,35580,-6.801210880279541,-4.098046779632568,-1.562343716621399,-0.6569749116897583,-1.1209888458251953,0.012479224242269993,1.2993797589973295,0.02835223264992237,0.08615588396787643,2.4616847038269043,0
1780882647.9653127,35587,-6.808320045471191,-4.11013650894165,-1.5622069835662842,-0.6593295931816101,-1.1247172355651855,0.012473491951823235,1.3037867772085636,0.027339046820998192,0.08660589903593063,2.461657762527466,0
1780882647.9749038,35600,-6.817538738250732,-4.125859260559082,-1.5620312690734863,-0.665505051612854,-1.1342651844024658,0.012453031726181507,1.3151462125060318,0.02666204795241356,0.08689200133085251,2.4616401195526123,0
1780882647.9860265,35600,-6.817538738250732,-4.125859260559082,-1.5620312690734863,-0.665505051612854,-1.1342651844024658,0.012453031726181507,1.3151462125060318,0.02595551498234272,0.08717846125364304,2.461623430252075,0
1780882647.9957578,35622,-6.831835746765137,-4.150205135345459,-1.561767578125,-0.6752899885177612,-1.148672342300415,0.012419738806784153,1.3325235339273633,0.02524425834417343,0.08746027201414108,2.461606740951538,0
1780882648.0056832,35629,-6.836562156677246,-4.158212661743164,-1.5616796016693115,-0.6785684823989868,-1.1533143520355225,0.012408151291310787,1.338186512461865,0.023074718192219734,0.08828592300415039,2.4615554809570312,0
1780882648.0170987,35635,-6.841289043426514,-4.166249752044678,-1.5615917444229126,-0.6818878054618835,-1.1579267978668213,0.012397069483995438,1.343844907639094,0.022392960265278816,0.08854209631681442,2.4615390300750732,0
1780882648.0268323,35655,-6.854374885559082,-4.188407897949219,-1.5613573789596558,-0.6911692023277283,-1.1703966856002808,0.012365207076072693,1.3592998809153574,0.02173382043838501,0.0887913629412651,2.4615230560302734,0
1780882648.0379984,35661,-6.859179496765137,-4.19656229019165,-1.5612695217132568,-0.69463050365448,-1.17490553855896,0.012352237477898598,1.3649421742017156,0.020611807703971863,0.08920680731534958,2.461493968963623,0
1780882648.0489144,35668,-6.864023208618164,-4.204755783081055,-1.561181664466858,-0.6981284022331238,-1.1793872117996216,0.012336716055870056,1.3705800436034747,0.019287602975964546,0.08966969698667526,2.4614615440368652,0
1780882648.0587204,35681,-6.868906021118164,-4.212978363037109,-1.5610936880111694,-0.7048906683921814,-1.187829852104187,0.012306733056902885,1.3812900012722762,0.01858827844262123,0.08989929407835007,2.4614455699920654,0
1780882648.069784,35695,-6.882734298706055,-4.236201286315918,-1.560854434967041,-0.7117921113967896,-1.1961603164672852,0.012276357971131802,1.3919763724657293,0.017320604994893074,0.09029864519834518,2.4614169597625732,0
1780882648.0817845,35702,-6.8876953125,-4.244540691375732,-1.5607714653015137,-0.7154732942581177,-1.200494408607483,0.012259125709533691,1.3975833234757615,0.015922045335173607,0.09071885794401169,2.461386203765869,0
1780882648.0913403,35715,-6.89269495010376,-4.252910137176514,-1.5606884956359863,-0.7228219509124756,-1.2089234590530396,0.012225165031850338,1.4085868653475864,0.015922045335173607,0.09071885794401169,2.461386203765869,0
1780882648.1022422,35729,-6.90749979019165,-4.277626991271973,-1.5604394674301147,-0.7303116321563721,-1.2172291278839111,0.012189020402729511,1.4195599325320187,0.015222796238958836,0.09091925621032715,2.4613707065582275,0
1780882648.1130905,35736,-6.912617206573486,-4.286113262176514,-1.5603563785552979,-0.7341731786727905,-1.2214055061340332,0.012170090340077877,1.4251279864615418,0.012503472156822681,0.0916590616106987,2.4613120555877686,0
1780882648.1228387,35748,-6.917734146118164,-4.294628620147705,-1.5602734088897705,-0.7414994835853577,-1.2291343212127686,0.012133092619478703,1.435527734206845,0.012503472156822681,0.0916590616106987,2.4613120555877686,0
1780882648.136855,35755,-6.926718711853027,-4.309531211853027,-1.5601269006729126,-0.7449558973312378,-1.2326935529708862,0.012115092016756535,1.4403608783770654,0.010563771240413189,0.09214531630277634,2.461272716522217,0
1780882648.1446607,35769,-6.937148094177246,-4.326728343963623,-1.559960961341858,-0.7529829740524292,-1.2407647371292114,0.012072867713868618,1.4514221461211756,0.009847649373114109,0.09231363981962204,2.461258888244629,0
1780882648.1542451,35781,-6.942421913146973,-4.335371017456055,-1.559877872467041,-0.7606319189071655,-1.2481968402862549,0.012032408267259598,1.4617458900266138,0.009129117242991924,0.09247814863920212,2.4612443447113037,0
1780882648.1651635,35788,-6.951679706573486,-4.350527286529541,-1.559731364250183,-0.7642400860786438,-1.251618504524231,0.012013249099254608,1.4665456379502433,0.007177144289016724,0.09289693087339401,2.4612066745758057,0
1780882648.1762066,35802,-6.962382793426514,-4.368007659912109,-1.5595654249191284,-0.7726062536239624,-1.2593663930892944,0.011964473873376846,1.4775206542775166,0.006446078419685364,0.09303807467222214,2.461193084716797,0
1780882648.1863246,35814,-6.9677734375,-4.376777172088623,-1.5594823360443115,-0.7768391966819763,-1.2631809711456299,0.011939363554120064,1.482986126626946,0.005684056784957647,0.09317492693662643,2.461179733276367,0
1780882648.197637,35821,-6.977421760559082,-4.392402172088623,-1.5593359470367432,-0.784444272518158,-1.2698521614074707,0.011896156705915928,1.4926549658451342,0.0049103666096925735,0.0933070108294487,2.4611661434173584,0
1780882648.2068188,35828,-6.982890605926514,-4.401249885559082,-1.5592528581619263,-0.7887750267982483,-1.2735602855682373,0.011871452443301678,1.4980863710949184,0.002850060351192951,0.09364747256040573,2.4611315727233887,0
1780882648.2179906,35835,-6.98839807510376,-4.410117149353027,-1.559169888496399,-0.793138861656189,-1.277231216430664,0.011846508830785751,1.5035056281456705,0.002138750860467553,0.09375977516174316,2.4611189365386963,0
1780882648.228767,35855,-7.004062175750732,-4.435165882110596,-1.5589404106140137,-0.805573046207428,-1.287347674369812,0.011772837489843369,1.518667365549099,0.001437327591702342,0.09386848658323288,2.461106538772583,0
1780882648.239855,35862,-7.009687423706055,-4.444130897521973,-1.5588574409484863,-0.8100578784942627,-1.2908796072006226,0.011745071038603783,1.524041296517506,-0.0005699190078303218,0.09414421766996384,2.461073637008667,0
1780882648.2500422,35868,-7.015351295471191,-4.453114986419678,-1.5587743520736694,-0.814574658870697,-1.2943737506866455,0.011714324355125427,1.5294026633741762,-0.0013518189080059528,0.09423433989286423,2.4610629081726074,0
1780882648.2608235,35887,-7.030195236206055,-4.476572036743164,-1.5585644245147705,-0.8264719247817993,-1.3032461404800415,0.011635813862085342,1.5432568604392756,-0.0034647714346647263,0.09445320814847946,2.4610342979431152,0
1780882648.2706397,35894,-7.035976409912109,-4.485644340515137,-1.5584814548492432,-0.8311133980751038,-1.3065868616104126,0.011605753563344479,1.5485649488828894,-0.004283960442990065,0.09453260898590088,2.461024284362793,0
1780882648.28196,35900,-7.041796684265137,-4.494736194610596,-1.5584032535552979,-0.8357897996902466,-1.309883952140808,0.011575737036764622,1.5538579584473704,-0.005090361926704645,0.09460878372192383,2.4610135555267334,0
1780882648.2928054,35915,-7.047616958618164,-4.503857135772705,-1.558325171470642,-0.8453775644302368,-1.3164348602294922,0.011508150026202202,1.5645435133566812,-0.005943639669567347,0.09468065947294235,2.4610040187835693,0
1780882648.3024776,35929,-7.065624713897705,-4.531855583190918,-1.558081030845642,-0.8551164269447327,-1.3227914571762085,0.011440949514508247,1.5751610197484183,-0.007771104108542204,0.094817154109478,2.460984468460083,0
1780882648.3136106,35936,-7.071601390838623,-4.541064262390137,-1.5580029487609863,-0.8599768877029419,-1.3258521556854248,0.011408209800720215,1.580371580790348,-0.00958844181150198,0.09493743628263474,2.460965871810913,0
1780882648.3244412,35948,-7.077617168426514,-4.55029296875,-1.557924747467041,-0.8694595694541931,-1.3316105604171753,0.01133817620575428,1.5903695110790095,-0.0105589022859931,0.09499119967222214,2.4609572887420654,0
1780882648.3355947,35962,-7.094921588897705,-4.576767444610596,-1.5577001571655273,-0.8790934085845947,-1.337166666984558,0.011270460672676563,1.6002958912636274,-0.012430037371814251,0.0950779840350151,2.4609413146972656,0
1780882648.3453631,35969,-7.101054668426514,-4.586074352264404,-1.5576220750808716,-0.884148895740509,-1.3399670124053955,0.011236371472477913,1.605414937085634,-0.013453762978315353,0.09511851519346237,2.4609334468841553,0
1780882648.356527,35981,-7.107226371765137,-4.595400333404541,-1.5575438737869263,-0.8936138153076172,-1.3449965715408325,0.011171255260705948,1.6148331880752669,-0.014474809169769287,0.09515523910522461,2.4609248638153076,0
1780882648.368339,35995,-7.124101638793945,-4.620703220367432,-1.5573339462280273,-0.903234601020813,-1.349835753440857,0.011102699674665928,1.6241959782269315,-0.015490544028580189,0.09518563002347946,2.4609174728393555,0
1780882648.3783283,36002,-7.130429744720459,-4.630097389221191,-1.5572558641433716,-0.9084842205047607,-1.3523632287979126,0.011067070998251438,1.6292183283928947,-0.01943468488752842,0.09523188322782516,2.460890293121338,0
1780882648.3876362,36015,-7.136874675750732,-4.6396484375,-1.5571776628494263,-0.918761670589447,-1.3570812940597534,0.010996994562447071,1.6388757060621202,-0.01943468488752842,0.09523188322782516,2.460890293121338,0
1780882648.398484,36022,-7.148632526397705,-4.657001972198486,-1.5570409297943115,-0.9237027764320374,-1.3592431545257568,0.010962952859699726,1.6434381517564902,-0.022507444024086,0.09520959109067917,2.4608709812164307,0
1780882648.4098618,36036,-7.161562442779541,-4.675927639007568,-1.5568896532058716,-0.9345599412918091,-1.3637654781341553,0.010883554816246033,1.6532927795715038,-0.023623306304216385,0.09518193453550339,2.4608657360076904,0
1780882648.4199884,36046,-7.16808557510376,-4.685410022735596,-1.5568163394927979,-0.9442466497421265,-1.3675217628479004,0.010814351961016655,1.6618767877373448,-0.02587740682065487,0.09509515017271042,2.4608561992645264,0
1780882648.432071,36053,-7.178046703338623,-4.699833869934082,-1.5566991567611694,-0.9484657049179077,-1.3690766096115112,0.01078546978533268,1.6655552475823983,-0.027539746835827827,0.09501778334379196,2.4608495235443115,0
1780882648.4417396,36067,-7.191367149353027,-4.718886375427246,-1.5565526485443115,-0.9596850872039795,-1.37301766872406,0.010706915520131588,1.6751977863136394,-0.028601817786693573,0.0949629470705986,2.460845470428467,0
1780882648.453052,36067,-7.191367149353027,-4.718886375427246,-1.5565526485443115,-0.9596850872039795,-1.37301766872406,0.010706915520131588,1.6751977863136394,-0.029651103541254997,0.09490489214658737,2.4608426094055176,0
1780882648.4646525,36088,-7.21218729019165,-4.748398303985596,-1.5563231706619263,-0.9772858023643494,-1.3786169290542603,0.010576610453426838,1.6899065184993556,-0.03069240041077137,0.09483945369720459,2.460839033126831,0
1780882648.4743383,36096,-7.21902322769165,-4.757987976074219,-1.556249976158142,-0.9830617308616638,-1.380301833152771,0.0105325598269701,1.6946251656652982,-0.033954765647649765,0.09456562250852585,2.4608328342437744,0
1780882648.4856699,36102,-7.225898265838623,-4.767587661743164,-1.556176781654358,-0.9888729453086853,-1.3819221258163452,0.01048972550779581,1.6993200105116957,-0.035005122423172,0.09446536749601364,2.4608311653137207,0
1780882648.4953504,36120,-7.24328088760376,-4.791689395904541,-1.555996060371399,-1.0035932064056396,-1.3856943845748901,0.010380534455180168,1.7109810071656295,-0.03603310137987137,0.09436594694852829,2.460829973220825,0
1780882648.5063553,36127,-7.25027322769165,-4.801318168640137,-1.5559228658676147,-1.0095230340957642,-1.3870943784713745,0.01033457275480032,1.7155973812497005,-0.0386216901242733,0.09408628195524216,2.460829019546509,0
1780882648.5159783,36134,-7.257343769073486,-4.810956954956055,-1.555849552154541,-1.0154857635498047,-1.3884307146072388,0.010288252495229244,1.7201909874710142,-0.03965872526168823,0.09395837038755417,2.460829019546509,0
1780882648.5257878,36149,-7.264452934265137,-4.820605278015137,-1.5557763576507568,-1.0279006958007812,-1.3909897804260254,0.010190257802605629,1.7296058079896286,-0.03965872526168823,0.09395837038755417,2.460829019546509,0
1780882648.5382767,36162,-7.286952972412109,-4.850869178771973,-1.5555615425109863,-1.0404502153396606,-1.3932708501815796,0.01008807122707367,1.7389198031384685,-0.04291898384690285,0.0934891626238823,2.460834503173828,0
1780882648.5479093,36169,-7.29421854019165,-4.860546588897705,-1.5554931163787842,-1.0465749502182007,-1.3942724466323853,0.01003575325012207,1.7433919519734467,-0.04507027193903923,0.09312021732330322,2.460841417312622,0
1780882648.557889,36179,-7.301523208618164,-4.870234489440918,-1.5554248094558716,-1.0572319030761719,-1.3958295583724976,0.009947376325726509,1.7510506569497615,-0.046171221882104874,0.0929107591509819,2.4608471393585205,0
1780882648.5687559,36193,-7.319648265838623,-4.89404296875,-1.5552587509155273,-1.0679796934127808,-1.39717435836792,0.009857368655502796,1.7586284374306236,-0.04777071624994278,0.09258949011564255,2.460855484008789,0
1780882648.579824,36200,-7.327109336853027,-4.903749942779541,-1.5551904439926147,-1.0742396116256714,-1.397859811782837,0.00980498269200325,1.762980128722049,-0.049932144582271576,0.09212767332792282,2.4608683586120605,0
1780882648.5906541,36215,-7.334609031677246,-4.913456916809082,-1.5551220178604126,-1.0873668193817139,-1.3990650177001953,0.009692730382084846,1.771960347374346,-0.05099262669682503,0.0918886587023735,2.460875988006592,0
1780882648.6002042,36222,-7.351015567779541,-4.934501647949219,-1.5549755096435547,-1.094236969947815,-1.3995732069015503,0.009632563218474388,1.7765845023953752,-0.05326483026146889,0.09133732318878174,2.4608936309814453,0
1780882648.6100163,36236,-7.366366863250732,-4.953955173492432,-1.55483877658844,-1.1070071458816528,-1.4002892971038818,0.009520106017589569,1.785039374645644,-0.05535861477255821,0.090788833796978,2.4609129428863525,0
1780882648.6224651,36248,-7.374101161956787,-4.963681697845459,-1.554775357246399,-1.1187893152236938,-1.4006909132003784,0.00941324234008789,1.7926832333996336,-0.05535861477255821,0.090788833796978,2.4609129428863525,0
1780882648.63224,36255,-7.387031078338623,-4.979853630065918,-1.5546679496765137,-1.124165415763855,-1.4007902145385742,0.009362625889480114,1.7961204764464138,-0.0581836961209774,0.08996105194091797,2.460944890975952,0
1780882648.6420033,36268,-7.402773380279541,-4.999306678771973,-1.554540991783142,-1.1371597051620483,-1.4008289575576782,0.009242681786417961,1.8043113341502273,-0.05926866456866264,0.08962010592222214,2.460958480834961,0
1780882648.653253,36281,-7.410703182220459,-5.009033203125,-1.5544774532318115,-1.1496341228485107,-1.4005815982818604,0.009128937497735023,1.8120073861227146,-0.06034405529499054,0.08926916122436523,2.460973024368286,0
1780882648.6646628,36288,-7.425195217132568,-5.026679515838623,-1.554360270500183,-1.1555945873260498,-1.4003673791885376,0.009075121954083443,1.8156293687840364,-0.06140504404902458,0.0889122486114502,2.4609882831573486,0
1780882648.6739805,36302,-7.44140625,-5.046123027801514,-1.5542333126068115,-1.1687908172607422,-1.399690866470337,0.008953843265771866,1.823536856634037,-0.06429033726453781,0.08791517466306686,2.4610307216644287,0
1780882648.685147,36302,-7.44140625,-5.046123027801514,-1.5542333126068115,-1.1687908172607422,-1.399690866470337,0.008953843265771866,1.823536856634037,-0.06531456857919693,0.08754193037748337,2.461047410964966,0
1780882648.6962025,36322,-7.46484375,-5.073837757110596,-1.554052710533142,-1.1877480745315552,-1.3982069492340088,0.008778772316873074,1.8346131004337352,-0.06635373830795288,0.08714865893125534,2.461064577102661,0
1780882648.7057428,36329,-7.473124980926514,-5.083544731140137,-1.553994059562683,-1.1944247484207153,-1.3975425958633423,0.008717498742043972,1.8384373205732785,-0.06827013939619064,0.08638381212949753,2.4611012935638428,0
1780882648.7169619,36336,-7.481484413146973,-5.093242168426514,-1.5539355278015137,-1.2011172771453857,-1.396802306175232,0.008657446131110191,1.8422308073005143,-0.07028350234031677,0.08554231375455856,2.461141347885132,0
1780882648.7274165,36353,-7.502968788146973,-5.11794900894165,-1.5537890195846558,-1.218251347541809,-1.3945732116699219,0.008503932505846024,1.851767562455628,-0.0726957842707634,0.0845094844698906,2.4611897468566895,0
1780882648.7388735,36360,-7.511484146118164,-5.127626895904541,-1.5537304878234863,-1.224994421005249,-1.3935784101486206,0.00844187755137682,1.85546311793658,-0.0736156553030014,0.08409463614225388,2.461209297180176,0
1780882648.748821,36367,-7.520039081573486,-5.137294769287109,-1.5536718368530273,-1.2317498922348022,-1.3925138711929321,0.008378944359719753,1.8591322936234946,-0.07451580464839935,0.08367597311735153,2.4612293243408203,0
1780882648.7598915,36381,-7.528632640838623,-5.146953105926514,-1.553613305091858,-1.245412826538086,-1.3901574611663818,0.008248934522271156,1.8664562465439412,-0.07451580464839935,0.08367597311735153,2.4612293243408203,0
1780882648.7695348,36395,-7.555038928985596,-5.176230430603027,-1.5534374713897705,-1.2591146230697632,-1.3875187635421753,0.00811545830219984,1.873671212852771,-0.07812386006116867,0.0818474218249321,2.461318016052246,0
1780882648.7792192,36402,-7.563827991485596,-5.185859203338623,-1.553383708000183,-1.2659183740615845,-1.386102318763733,0.0080497981980443,1.8772037095424545,-0.07904797792434692,0.08134352415800095,2.46134352684021,0
1780882648.7906659,36415,-7.572656154632568,-5.195478439331055,-1.5533300638198853,-1.278901219367981,-1.3831931352615356,0.007919649593532085,1.8838456144772664,-0.07904797792434692,0.08134352415800095,2.46134352684021,0
1780882648.8032777,36429,-7.59777307510376,-5.222431659698486,-1.5531786680221558,-1.2919057607650757,-1.3799968957901,0.007790493778884411,1.8903630918110998,-0.08176280558109283,0.07973551005125046,2.4614319801330566,0
1780882648.8129792,36435,-7.606796741485596,-5.232001781463623,-1.553125023841858,-1.2987382411956787,-1.3782012462615967,0.007723803166300058,1.8937315943597748,-0.08376018702983856,0.07844173908233643,2.4615073204040527,0
1780882648.8242629,36446,-7.615859031677246,-5.241562366485596,-1.5530712604522705,-1.3105992078781128,-1.3748775720596313,0.007612929213792086,1.8994779752696629,-0.08473542332649231,0.07778989523649216,2.461545705795288,0
1780882648.8350828,36460,-7.638437271118164,-5.265117168426514,-1.5529394149780273,-1.3224655389785767,-1.3713065385818481,0.007501854561269283,1.9051123332667512,-0.0861346572637558,0.07683264464139938,2.461602210998535,0
1780882648.8447382,36467,-7.647655963897705,-5.274628639221191,-1.55288565158844,-1.3293054103851318,-1.3691432476043701,0.00743912672623992,1.9083137706221884,-0.08795786648988724,0.07555222511291504,2.4616763591766357,0
1780882648.8574238,36481,-7.656952857971191,-5.284121036529541,-1.5528368949890137,-1.343363881111145,-1.364456295967102,0.0073091029189527035,1.914790046888625,-0.08795786648988724,0.07555222511291504,2.4616763591766357,0
1780882648.8667083,36488,-7.676679611206055,-5.304101467132568,-1.5527294874191284,-1.3505806922912598,-1.361926555633545,0.007240791339427233,1.9180627149259253,-0.08882712572813034,0.07493018358945847,2.461711883544922,0
1780882648.8780446,36502,-7.69558572769165,-5.322968482971191,-1.5526318550109863,-1.364247441291809,-1.3568967580795288,0.007114768028259277,1.9241596901198401,-0.09229297190904617,0.07227122783660889,2.4618608951568604,0
1780882648.8875518,36513,-7.705117225646973,-5.332373142242432,-1.5525829792022705,-1.3763489723205566,-1.3521804809570312,0.007004589773714542,1.9294500799364929,-0.09312279522418976,0.07160592079162598,2.4618983268737793,0
1780882648.8990834,36520,-7.719921588897705,-5.346874713897705,-1.5525048971176147,-1.3816198110580444,-1.3500468730926514,0.006957006175071001,1.9317215797806453,-0.09437131136655807,0.07058226317167282,2.4619555473327637,0
1780882648.9101837,36534,-7.7392578125,-5.365566253662109,-1.552407145500183,-1.3952457904815674,-1.3443360328674316,0.006828565616160631,1.937523371325015,-0.09517290443181992,0.0698854923248291,2.4619946479797363,0
1780882648.9196088,36546,-7.748984336853027,-5.374882698059082,-1.5523583889007568,-1.408186912536621,-1.338608980178833,0.006710009649395943,1.9429126091217617,-0.09598357230424881,0.06914674490690231,2.4620375633239746,0
1780882648.9292717,36553,-7.766679286956787,-5.391679763793945,-1.552270531654358,-1.4143191576004028,-1.3357900381088257,0.006655225530266762,1.9454248886793728,-0.09818119555711746,0.06705629080533981,2.4621589183807373,0
1780882648.940282,36567,-7.786484241485596,-5.410165786743164,-1.5521825551986694,-1.4278517961502075,-1.3293464183807373,0.006533246021717787,1.9508883451224595,-0.09893063455820084,0.06632494181394577,2.462200164794922,0
1780882648.9512043,36567,-7.786484241485596,-5.410165786743164,-1.5521825551986694,-1.4278517961502075,-1.3293464183807373,0.006533246021717787,1.9508883451224595,-0.0996725931763649,0.0655754804611206,2.46224308013916,0
1780882648.9624188,36583,-7.796445369720459,-5.419374942779541,-1.5521386861801147,-1.4423609972000122,-1.3220868110656738,0.006401157006621361,1.9566194717033354,-0.0996725931763649,0.0655754804611206,2.46224308013916,0
1780882648.9720058,36597,-7.829687118530273,-5.449628829956055,-1.5519970655441284,-1.4568017721176147,-1.3144792318344116,0.0062729069031775,1.962184090122541,-0.10277997702360153,0.062161918729543686,2.462440013885498,0
1780882648.9829032,36606,-7.83984375,-5.458730220794678,-1.5519530773162842,-1.4678754806518555,-1.3083680868148804,0.006177935283631086,1.9663477932906261,-0.10347452759742737,0.06137048825621605,2.4624838829040527,0
1780882648.9977674,36620,-7.86355447769165,-5.479726314544678,-1.5518505573272705,-1.478904128074646,-1.3020544052124023,0.00608140928670764,1.9704162194085197,-0.10438106209039688,0.06030726060271263,2.462545156478882,0
1780882649.0062208,36627,-7.873867034912109,-5.488739967346191,-1.5518065690994263,-1.485530972480774,-1.2981526851654053,0.0060250042006373405,1.9728251227307108,-0.10506602376699448,0.059464093297719955,2.462594509124756,0
1780882649.015613,36634,-7.884218692779541,-5.497724533081055,-1.5517675876617432,-1.492138147354126,-1.2941763401031494,0.005969882011413574,1.9751972786441905,-0.106400266289711,0.05776345357298851,2.462693214416504,0
1780882649.0269132,36648,-7.894608974456787,-5.506679534912109,-1.5517284870147705,-1.5053576231002808,-1.2859607934951782,0.005861497018486261,1.9798563313988653,-0.10704156756401062,0.05691694840788841,2.4627418518066406,0
1780882649.0368035,36662,-7.926328182220459,-5.533564567565918,-1.551611304283142,-1.5184884071350098,-1.2774529457092285,0.005754771176725626,1.984370476623733,-0.10889139771461487,0.05429541692137718,2.462891101837158,0
1780882649.0481513,36669,-7.936913967132568,-5.542402267456055,-1.5515722036361694,-1.5249848365783691,-1.2731118202209473,0.00570397824048996,1.9865610974616452,-0.10947781056165695,0.05343150720000267,2.4629387855529785,0
1780882649.0581613,36686,-7.963828086853027,-5.564589500427246,-1.5514745712280273,-1.541268229484558,-1.2618281841278076,0.005576562602072954,1.9919209872703785,-0.11090580374002457,0.051193829625844955,2.463062286376953,0
1780882649.0689535,36693,-7.974570274353027,-5.573320388793945,-1.5514354705810547,-1.5476762056350708,-1.2572391033172607,0.005528158973902464,1.9939865498394418,-0.11144379526376724,0.050315018743276596,2.4631094932556152,0
1780882649.0814009,36700,-7.9853515625,-5.582021236419678,-1.5513964891433716,-1.5540580749511719,-1.2525814771652222,0.005478801671415567,1.9960177540608466,-0.11197270452976227,0.04940902814269066,2.463158369064331,0
1780882649.0910206,36714,-7.996171474456787,-5.590683460235596,-1.551357388496399,-1.566846489906311,-1.2429746389389038,0.005383210256695747,2.0000057137242617,-0.11249092221260071,0.04847967252135277,2.4632089138031006,0
1780882649.1006532,36728,-8.029335975646973,-5.616777420043945,-1.5512402057647705,-1.5795124769210815,-1.2330907583236694,0.005296263378113508,2.0038464345898324,-0.113493911921978,0.046615954488515854,2.463305950164795,0
1780882649.1118464,36735,-8.040350914001465,-5.625302791595459,-1.5512059926986694,-1.5857454538345337,-1.2280925512313843,0.005256342701613903,2.0056987779538327,-0.11396314203739166,0.04572534188628197,2.4633500576019287,0
1780882649.1237993,36748,-8.051405906677246,-5.633798599243164,-1.551171898841858,-1.5976253747940063,-1.2183164358139038,0.00518238078802824,2.0091611764690795,-0.11442067474126816,0.044850822538137436,2.4633915424346924,0
1780882649.1334457,36755,-8.0718355178833,-5.649335861206055,-1.5511034727096558,-1.603273630142212,-1.2135467529296875,0.00514997960999608,2.0107731291584234,-0.11569313704967499,0.04220151528716087,2.4635257720947266,0
1780882649.1433473,36769,-8.094218254089355,-5.666074275970459,-1.5510351657867432,-1.6154606342315674,-1.2029868364334106,0.005086688790470362,2.0141788063096024,-0.11655174940824509,0.04027974605560303,2.4636247158050537,0
1780882649.1544373,36781,-8.10546875,-5.674394607543945,-1.551000952720642,-1.6267104148864746,-1.1928876638412476,0.005032939836382866,2.0172241032984295,-0.11655174940824509,0.04027974605560303,2.4636247158050537,0
1780882649.1657372,36788,-8.125117301940918,-5.688740253448486,-1.550942301750183,-1.6318907737731934,-1.1881167888641357,0.005007958505302668,2.018592103708743,-0.11697037518024445,0.03930079564452171,2.4636762142181396,0
1780882649.1769953,36802,-8.147890090942383,-5.705126762390137,-1.5508739948272705,-1.6437264680862427,-1.1769368648529053,0.004957599565386772,2.0216433076906792,-0.11804737895727158,0.03651725873351097,2.4638266563415527,0
1780882649.186472,36814,-8.15933609008789,-5.713261604309082,-1.5508397817611694,-1.6548818349838257,-1.1660075187683105,0.004915337543934584,2.024408946366034,-0.1184132993221283,0.035480257123708725,2.4638831615448,0
1780882649.1973553,36821,-8.180312156677246,-5.727988243103027,-1.55078125,-1.6601462364196777,-1.1607131958007812,0.004896602593362331,2.025676337898392,-0.11937575042247772,0.03257954120635986,2.464033603668213,0
1780882649.2071896,36835,-8.203475952148438,-5.743984222412109,-1.5507128238677979,-1.6715809106826782,-1.148924469947815,0.004857358988374472,2.0283574074950255,-0.11968949437141418,0.031576987355947495,2.4640820026397705,0
1780882649.219581,36835,-8.203475952148438,-5.743984222412109,-1.5507128238677979,-1.6715809106826782,-1.148924469947815,0.004857358988374472,2.0283574074950255,-0.11999042332172394,0.03055703453719616,2.4641315937042236,0
1780882649.2292168,36854,-8.235937118530273,-5.765947341918945,-1.5506200790405273,-1.6871789693832397,-1.1321358680725098,0.004803113639354706,2.0318286267316,-0.12028015404939651,0.029515264555811882,2.4641833305358887,0
1780882649.2404728,36861,-8.247694969177246,-5.773769378662109,-1.5505858659744263,-1.6927028894424438,-1.1259822845458984,0.004785818979144096,2.033003217189117,-0.12076540291309357,0.027574896812438965,2.464282751083374,0
1780882649.250383,36868,-8.259491920471191,-5.781542778015137,-1.5505517721176147,-1.6981770992279053,-1.1197681427001953,0.00477211456745863,2.0341359165074966,-0.12126020342111588,0.025398014113307,2.464390754699707,0
1780882649.2612782,36888,-8.293046951293945,-5.803300857543945,-1.5504589080810547,-1.713402509689331,-1.1018809080123901,0.004742469638586044,2.037133325698193,-0.12149137258529663,0.02437436580657959,2.464434862136841,0
1780882649.2710822,36895,-8.304999351501465,-5.81090784072876,-1.5504248142242432,-1.7187005281448364,-1.0954558849334717,0.004733910318464041,2.0381308866673944,-0.12206023931503296,0.021582243964076042,2.4645419120788574,0
1780882649.2837946,36902,-8.316991806030273,-5.818466663360596,-1.550390601158142,-1.7239539623260498,-1.0889790058135986,0.0047264620661735535,2.0390965839719617,-0.1222354918718338,0.020606040954589844,2.4645767211914062,0
1780882649.2934198,36921,-8.350820541381836,-5.839482307434082,-1.5502978563308716,-1.738457202911377,-1.070505976676941,0.004704327322542667,2.041626465137797,-0.12239048629999161,0.019583819434046745,2.4646151065826416,0
1780882649.3044379,36928,-8.362929344177246,-5.846874713897705,-1.5502636432647705,-1.7435234785079956,-1.063836693763733,0.004698119126260281,2.0424604533332085,-0.12263013422489166,0.017690299078822136,2.464688777923584,0
1780882649.3140893,36935,-8.375078201293945,-5.854218482971191,-1.5502294301986694,-1.748537540435791,-1.0571173429489136,0.004693150520324707,2.0432578478347816,-0.12285172939300537,0.015577792190015316,2.464768409729004,0
1780882649.325216,36948,-8.3872652053833,-5.861513614654541,-1.550195336341858,-1.7580398321151733,-1.044040322303772,0.004683580249547958,2.044687306612839,-0.12294494360685349,0.014503001235425472,2.4648096561431885,0
1780882649.336191,36962,-8.422148704528809,-5.882050514221191,-1.5501024723052979,-1.7673346996307373,-1.0307778120040894,0.004678263328969479,2.045970851304236,-0.12309247255325317,0.012433766387403011,2.4648938179016113,0
1780882649.3470924,36969,-8.434453010559082,-5.88916015625,-1.5500683784484863,-1.7720794677734375,-1.0238159894943237,0.00467884074896574,2.0465792708808483,-0.12323468178510666,0.010192394256591797,2.464982271194458,0
1780882649.358413,36981,-8.446796417236328,-5.896220684051514,-1.5500341653823853,-1.7807581424713135,-1.0107206106185913,0.004683437291532755,2.047602903224149,-0.12323468178510666,0.010192394256591797,2.464982271194458,0
1780882649.3680077,36995,-8.480546951293945,-5.915205001831055,-1.5499414205551147,-1.7892409563064575,-0.9974536895751953,0.004689841065555811,2.048491898246326,-0.12343867868185043,0.007162212859839201,2.4650957584381104,0
1780882649.3791022,37002,-8.49300765991211,-5.922080039978027,-1.5499072074890137,-1.7937177419662476,-0.9902559518814087,0.004693970549851656,2.048914888774195,-0.12363363057374954,0.004865050315856934,2.465183734893799,0
1780882649.3899162,37014,-8.505507469177246,-5.928905963897705,-1.5498729944229126,-1.8020745515823364,-0.9764118194580078,0.004703502636402845,2.049603584495067,-0.12363363057374954,0.004865050315856934,2.465183734893799,0
1780882649.3997123,37021,-8.528124809265137,-5.941112995147705,-1.5498144626617432,-1.8059639930725098,-0.969774067401886,0.004707360174506903,2.0498755682527205,-0.12392017245292664,0.0015430449275299907,2.4653148651123047,0
1780882649.41243,37035,-8.553319931030273,-5.954423904418945,-1.549746036529541,-1.8144123554229736,-0.9549180269241333,0.004716529510915279,2.0503616459802525,-0.12402191758155823,0.0003312826156616211,2.465363025665283,0
1780882649.4217052,37046,-8.565937042236328,-5.961005687713623,-1.54971182346344,-1.8217812776565552,-0.9413943886756897,0.004719438496977091,2.050642019405082,-0.12421580404043198,-0.002139568328857422,2.465463638305664,0
1780882649.4316142,37053,-8.586054801940918,-5.971366882324219,-1.5496630668640137,-1.8249773979187012,-0.9353464841842651,0.004721331410109997,2.050716421000296,-0.12435324490070343,-0.004109382163733244,2.465541362762451,0
1780882649.4424045,37067,-8.61148452758789,-5.984199047088623,-1.5495946407318115,-1.8328603506088257,-0.9199874401092529,0.004719491116702557,2.0507989244167955,-0.12449276447296143,-0.006549477111548185,2.4656312465667725,0
1780882649.4535058,37081,-8.624258041381836,-5.990537166595459,-1.549560546875,-1.8406424522399902,-0.9041149020195007,0.004701132886111736,2.050709753644379,-0.12449276447296143,-0.006549477111548185,2.4656312465667725,0
1780882649.4647882,37088,-8.650858879089355,-6.003525257110596,-1.5494921207427979,-1.8445043563842773,-0.8959439396858215,0.00468848692253232,2.0505935349771174,-0.12454712390899658,-0.0077886576764285564,2.465676784515381,0
1780882649.4745483,37102,-8.676562309265137,-6.015800476074219,-1.5494238138198853,-1.8517284393310547,-0.8800444006919861,0.004664483014494181,2.0502190413754655,-0.12461525946855545,-0.010465382598340511,2.4657795429229736,0
1780882649.4871476,37113,-8.689453125,-6.021855354309082,-1.5493896007537842,-1.8578660488128662,-0.8658140897750854,0.004647769965231419,2.049712637212895,-0.1246136724948883,-0.013168691657483578,2.465890645980835,0
1780882649.496908,37120,-8.709258079528809,-6.031044960021973,-1.549340844154358,-1.8604564666748047,-0.8595831394195557,0.004639210645109415,2.049439669822434,-0.1245497614145279,-0.01660001091659069,2.466027021408081,0
1780882649.5081618,37134,-8.735156059265137,-6.042812347412109,-1.5492724180221558,-1.8670247793197632,-0.8432053923606873,0.004623789805918932,2.048608854743218,-0.12451779842376709,-0.017944572493433952,2.4660775661468506,0
1780882649.5181417,37134,-8.735156059265137,-6.042812347412109,-1.5492724180221558,-1.8670247793197632,-0.8432053923606873,0.004623789805918932,2.048608854743218,-0.12447786331176758,-0.019250033423304558,2.46612286567688,0
1780882649.5291152,37153,-8.772187232971191,-6.059189319610596,-1.5491796731948853,-1.8758944272994995,-0.8195354342460632,0.0046056220307946205,2.047105137044136,-0.1243303045630455,-0.02275991253554821,2.4662163257598877,0
1780882649.5398853,37167,-8.798319816589355,-6.070400238037109,-1.549111247062683,-1.8818039894104004,-0.8027067184448242,0.004591603297740221,2.0458605556631175,-0.1242712065577507,-0.02395784668624401,2.4662420749664307,0
1780882649.5510283,37167,-8.798319816589355,-6.070400238037109,-1.549111247062683,-1.8818039894104004,-0.8027067184448242,0.004591603297740221,2.0458605556631175,-0.12420941144227982,-0.02511751465499401,2.466261863708496,0
1780882649.5607846,37188,-8.837890625,-6.086874961853027,-1.5490087270736694,-1.890249490737915,-0.7769860625267029,0.004562730900943279,2.0437150723887543,-0.12414602935314178,-0.026241181418299675,2.466275930404663,0
1780882649.5721588,37195,-8.851054191589355,-6.092206954956055,-1.54897940158844,-1.8929150104522705,-0.7683872580528259,0.004549112170934677,2.0429309605454127,-0.12395267188549042,-0.028629660606384277,2.4663162231445312,0
1780882649.5819392,37202,-8.864218711853027,-6.097480297088623,-1.5489501953125,-1.8955094814300537,-0.7597473859786987,0.004538221284747124,2.0421050120268367,-0.12368477135896683,-0.031148670241236687,2.4663708209991455,0
1780882649.592934,37220,-8.897148132324219,-6.110400199890137,-1.5488719940185547,-1.9016528129577637,-0.7379948496818542,0.004507317673414946,2.0398382619952318,-0.12352659553289413,-0.03244185075163841,2.466402053833008,0
1780882649.6040058,37226,-8.910390853881836,-6.115468502044678,-1.5488427877426147,-1.9039889574050903,-0.7292081117630005,0.004495716188102961,2.038857187653301,-0.12307277321815491,-0.03571057319641113,2.4664812088012695,0
1780882649.6153538,37233,-8.923632621765137,-6.120468616485596,-1.5488134622573853,-1.906247615814209,-0.7203846573829651,0.004485411569476128,2.037830745255129,-0.12287462502717972,-0.0370028018951416,2.466510057449341,0
1780882649.6251078,37249,-8.936874389648438,-6.125410079956055,-1.5487841367721558,-1.9107205867767334,-0.7018522620201111,0.004460892640054226,2.035551438308135,-0.12287462502717972,-0.0370028018951416,2.466510057449341,0
1780882649.634895,37262,-8.979022979736328,-6.140673637390137,-1.5486865043640137,-1.914866328239441,-0.6831647157669067,0.004442772828042507,2.0330880015691593,-0.12266264855861664,-0.0382845364511013,2.4665369987487793,0
1780882649.646001,37269,-8.99234390258789,-6.145351409912109,-1.5486571788787842,-1.916736125946045,-0.6741558909416199,0.00443747965618968,2.0318423248430575,-0.12165914475917816,-0.04348742589354515,2.466622829437256,0
1780882649.657611,37281,-9.005663871765137,-6.149970531463623,-1.5486278533935547,-1.9200211763381958,-0.6572437286376953,0.004428896587342024,2.0294014515481336,-0.12165914475917816,-0.04348742589354515,2.466622829437256,0
1780882649.6687229,37295,-9.04214859008789,-6.162275314331055,-1.548549771308899,-1.9230304956436157,-0.64021897315979,0.004424953367561102,2.0268068978028992,-0.12084851413965225,-0.04699575528502464,2.4666826725006104,0
1780882649.6784172,37302,-9.05550765991211,-6.166659832000732,-1.5485204458236694,-1.9245268106460571,-0.6310579180717468,0.004428210202604532,2.025353586389826,-0.12017259001731873,-0.04961418733000755,2.4667282104492188,0
1780882649.6893108,37314,-9.068866729736328,-6.170976638793945,-1.54849112033844,-1.927092432975769,-0.613903820514679,0.004440412390977144,2.022518940167728,-0.11982104182243347,-0.05089664086699486,2.4667463302612305,0
1780882649.7003882,37321,-9.091992378234863,-6.178290843963623,-1.5484423637390137,-1.9281831979751587,-0.6059203147888184,0.004447788931429386,2.0211505771846565,-0.11918935924768448,-0.053093429654836655,2.4667720794677734,0
1780882649.7101338,37335,-9.118788719177246,-6.186513423919678,-1.5483837127685547,-1.930489182472229,-0.5873582363128662,0.00447098258882761,2.017869711129082,-0.1184346154332161,-0.05556809529662132,2.4667909145355225,0
1780882649.7211802,37347,-9.132186889648438,-6.190527439117432,-1.5483545064926147,-1.9323736429214478,-0.5697174072265625,0.0044952440075576305,2.0146131209671876,-0.1184346154332161,-0.05556809529662132,2.4667909145355225,0
1780882649.7323346,37354,-9.15609359741211,-6.197529315948486,-1.5482958555221558,-1.933160662651062,-0.5613773465156555,0.004505605436861515,2.0130263220541367,-0.11804259568452835,-0.056778665632009506,2.4667954444885254,0
1780882649.742254,37368,-9.182968139648438,-6.205136775970459,-1.5482373237609863,-1.9346979856491089,-0.54259192943573,0.00453527458012104,2.009348866244741,-0.11634883284568787,-0.061460014432668686,2.4668173789978027,0
1780882649.75315,37381,-9.196406364440918,-6.208837985992432,-1.5482079982757568,-1.935845136642456,-0.5246365070343018,0.004570326767861843,2.0056821147585095,-0.11634883284568787,-0.061460014432668686,2.4668173789978027,0
1780882649.7645316,37388,-9.220703125,-6.215371131896973,-1.5481493473052979,-1.9362801313400269,-0.5160894989967346,0.004590149037539959,2.0038837759373767,-0.11494743824005127,-0.06493508070707321,2.4668259620666504,0
1780882649.7754688,37402,-9.247577667236328,-6.222343444824219,-1.5480810403823853,-1.937008261680603,-0.49712279438972473,0.004635577090084553,1.9997883805782346,-0.11444464325904846,-0.06614982336759567,2.466825008392334,0
1780882649.785269,37402,-9.247577667236328,-6.222343444824219,-1.5480810403823853,-1.937008261680603,-0.49712279438972473,0.004635577090084553,1.9997883805782346,-0.1139274537563324,-0.0673445463180542,2.4668214321136475,0
1780882649.7960777,37421,-9.285624504089355,-6.231767654418945,-1.5479882955551147,-1.937466025352478,-0.47017917037010193,0.004701823927462101,1.993706387308144,-0.11339427530765533,-0.06852161884307861,2.4668147563934326,0
1780882649.805845,37428,-9.299062728881836,-6.234970569610596,-1.5479540824890137,-1.9374711513519287,-0.4606355130672455,0.004725350998342037,1.9914823291110946,-0.11237269639968872,-0.07066213339567184,2.466799020767212,0
1780882649.816893,37435,-9.3125,-6.238105297088623,-1.5479198694229126,-1.9373921155929565,-0.4510812759399414,0.0047520920634269714,1.9892172102222363,-0.11122063547372818,-0.07298147678375244,2.4667787551879883,0
1780882649.826608,37454,-9.349609375,-6.246416091918945,-1.547827124595642,-1.9367433786392212,-0.4246736168861389,0.004831056576222181,1.982762198219863,-0.11066241562366486,-0.07410406321287155,2.4667625427246094,0
1780882649.837814,37461,-9.363046646118164,-6.24929666519165,-1.547792911529541,-1.9363616704940796,-0.4150838851928711,0.00485945213586092,1.9803572316580895,-0.10966960340738297,-0.0760415717959404,2.4667298793792725,0
1780882649.8479507,37468,-9.376483917236328,-6.252109050750732,-1.54775869846344,-1.9359005689620972,-0.40548601746559143,0.004882316570729017,1.9779165200490576,-0.10845676809549332,-0.07826507091522217,2.4666926860809326,0
1780882649.8606372,37481,-9.389921188354492,-6.254863262176514,-1.5477246046066284,-1.9347856044769287,-0.3872149884700775,0.004929308779537678,1.9731586557274305,-0.10778991132974625,-0.07941031455993652,2.466677665710449,0
1780882649.8702323,37495,-9.42757797241211,-6.262216567993164,-1.547631859779358,-1.9333542585372925,-0.36893072724342346,0.004978527780622244,1.9682462641263943,-0.10578402876853943,-0.08263253420591354,2.4666335582733154,0
1780882649.87939,37502,-9.441015243530273,-6.264716625213623,-1.5475976467132568,-1.932474970817566,-0.3593154549598694,0.005008006002753973,1.9656022459117952,-0.10506018251180649,-0.08375643938779831,2.4666147232055664,0
1780882649.8919656,37514,-9.454413414001465,-6.267148494720459,-1.5475634336471558,-1.930566668510437,-0.3410857021808624,0.00506479712203145,1.9604725884249408,-0.1043459102511406,-0.08483636379241943,2.466590642929077,0
1780882649.9017467,37528,-9.491796493530273,-6.273583889007568,-1.5474706888198853,-1.9283545017242432,-0.3228612542152405,0.005118751432746649,1.9552024640455583,-0.10302817076444626,-0.08674991130828857,2.4665443897247314,0
1780882649.9114969,37535,-9.505194664001465,-6.275761604309082,-1.5474364757537842,-1.9270678758621216,-0.3132530450820923,0.005149078089743853,1.9523689665219859,-0.10228461772203445,-0.08779620379209518,2.4665164947509766,0
1780882649.9222429,37548,-9.5185546875,-6.277871131896973,-1.547402262687683,-1.924359679222107,-0.29478996992111206,0.005205583292990923,1.9468149371420285,-0.10154852271080017,-0.08882319927215576,2.4664857387542725,0
1780882649.933179,37555,-9.543203353881836,-6.281591892242432,-1.5473339557647705,-1.9229505062103271,-0.2859362065792084,0.00523156626150012,1.9441001859094118,-0.10080549865961075,-0.08983265608549118,2.4664530754089355,0
1780882649.9442317,37568,-9.5698823928833,-6.285370826721191,-1.5472607612609863,-1.9196586608886719,-0.26676851511001587,0.005287399049848318,1.9381131988528442,-0.0977678969502449,-0.09373509883880615,2.4663264751434326,0
1780882649.9538832,37581,-9.583203315734863,-6.287158012390137,-1.5472216606140137,-1.9162522554397583,-0.24881158769130707,0.005341587122529745,1.9323453224515583,-0.0977678969502449,-0.09373509883880615,2.4663264751434326,0
1780882649.9636798,37588,-9.606562614440918,-6.290136814117432,-1.5471532344818115,-1.9145532846450806,-0.24043448269367218,0.005369329359382391,1.929598883164895,-0.09691087156534195,-0.09475922584533691,2.4662935733795166,0
1780882649.9751782,37602,-9.633124351501465,-6.293271541595459,-1.5470751523971558,-1.9104480743408203,-0.22136667370796204,0.005426349584013224,1.9232380232958384,-0.09457423537969589,-0.09747158735990524,2.4661927223205566,0
1780882649.9865334,37602,-9.633124351501465,-6.293271541595459,-1.5470751523971558,-1.9104480743408203,-0.22136667370796204,0.005426349584013224,1.9232380232958384,-0.09368740022182465,-0.09845446795225143,2.466155529022217,0
1780882649.9962978,37622,-9.670976638793945,-6.297304630279541,-1.5469677448272705,-1.9039701223373413,-0.1942083090543747,0.005507039837539196,1.9138572103338332,-0.09103170037269592,-0.10127412527799606,2.466049909591675,0
1780882650.0076768,37628,-9.684179306030273,-6.298583984375,-1.5469286441802979,-1.9015371799468994,-0.18474069237709045,0.005537786521017551,1.9104982170156364,-0.0901123508810997,-0.10222100466489792,2.4660089015960693,0
1780882650.019077,37635,-9.697382926940918,-6.2998046875,-1.5468896627426147,-1.8990185260772705,-0.17529051005840302,0.005570482928305864,1.9070996711187589,-0.08921008557081223,-0.10314178466796875,2.465965986251831,0
1780882650.0289257,37654,-9.73355484008789,-6.302822113037109,-1.54678213596344,-1.891656756401062,-0.14938898384571075,0.005661730654537678,1.897554849727998,-0.08677007257938385,-0.1055675745010376,2.465836763381958,0
1780882650.0385828,37661,-9.746679306030273,-6.303798675537109,-1.5467431545257568,-1.8888328075408936,-0.14000605046749115,0.005693907383829355,1.8940230963722737,-0.08587154000997543,-0.10641442984342575,2.465787649154663,0
1780882650.0493653,37668,-9.759765625,-6.304707050323486,-1.5467040538787842,-1.8859297037124634,-0.13064336776733398,0.005726112984120846,1.8904579670694817,-0.08496659249067307,-0.10724484175443649,2.4657363891601562,0
1780882650.0608401,37683,-9.77285099029541,-6.305546760559082,-1.5466649532318115,-1.8797321319580078,-0.1115129366517067,0.005783166736364365,1.883045795506202,-0.08496659249067307,-0.10724484175443649,2.4657363891601562,0
1780882650.0720942,37697,-9.813241958618164,-6.307744026184082,-1.54653799533844,-1.8731919527053833,-0.0924903005361557,0.00583585724234581,1.8754830323421292,-0.08191779255867004,-0.1097949668765068,2.465580463409424,0
1780882650.0819776,37704,-9.826210975646973,-6.308320045471191,-1.5464990139007568,-1.8698734045028687,-0.08325705677270889,0.005863876082003117,1.871735203337349,-0.07984001189470291,-0.11142479628324509,2.4654808044433594,0
1780882650.0918717,37718,-9.852850914001465,-6.309306621551514,-1.54641592502594,-1.8627833127975464,-0.06433885544538498,0.005922832526266575,1.863903495007764,-0.07874332368373871,-0.11225926131010056,2.4654252529144287,0
1780882650.1044006,37725,-9.8657808303833,-6.30968713760376,-1.5463769435882568,-1.8592143058776855,-0.05519679933786392,0.005950245540589094,1.8600429907019305,-0.07666604965925217,-0.11378633975982666,2.4653191566467285,0
1780882650.114208,37732,-9.878671646118164,-6.310009479522705,-1.5463378429412842,-1.8555643558502197,-0.04608564451336861,0.00597381079569459,1.8561461827527153,-0.07557680457830429,-0.11455094069242477,2.4652657508850098,0
1780882650.1236963,37748,-9.891523361206055,-6.310263633728027,-1.54629385471344,-1.847542405128479,-0.026850935071706772,0.006025013979524374,1.8477473345280744,-0.07557680457830429,-0.11455094069242477,2.4652657508850098,0
1780882650.134713,37761,-9.933085441589355,-6.310654163360596,-1.5461523532867432,-1.8391450643539429,-0.0077788736671209335,0.0060813045129179955,1.8391715691793347,-0.07081080973148346,-0.11768495291471481,2.4650371074676514,0
1780882650.1457512,37768,-9.945819854736328,-6.310644626617432,-1.546108365058899,-1.8350603580474854,0.001144284033216536,0.006104182917624712,1.8350708673270375,-0.0696352943778038,-0.1183915063738823,2.4649813175201416,0
1780882650.1555624,37781,-9.958515167236328,-6.31057596206665,-1.5460643768310547,-1.8270975351333618,0.01791725866496563,0.006151590030640364,1.827195740228282,-0.0696352943778038,-0.1183915063738823,2.4649813175201416,0
1780882650.1667244,37795,-9.993749618530273,-6.310068130493164,-1.5459423065185547,-1.818841814994812,0.03454025462269783,0.006202425807714462,1.8191803229061498,-0.0663558691740036,-0.12027512490749359,2.4648239612579346,0
1780882650.1777139,37802,-10.006366729736328,-6.309765338897705,-1.5458984375,-1.8143664598464966,0.04326380789279938,0.006226429715752602,1.8148928828215452,-0.06518460065126419,-0.12091516703367233,2.464766502380371,0
1780882650.1876085,37815,-10.01894474029541,-6.309404373168945,-1.5458544492721558,-1.805441975593567,0.06007661670446396,0.006275782361626625,1.806452134033478,-0.06398510932922363,-0.12154721468687057,2.4647083282470703,0
1780882650.1987903,37822,-10.0425386428833,-6.308564186096191,-1.5457763671875,-1.8010032176971436,0.0681697204709053,0.006302695255726576,1.8023039213495688,-0.06052248552441597,-0.12330149114131927,2.4645397663116455,0
1780882650.208865,37835,-10.067421913146973,-6.307431697845459,-1.5456883907318115,-1.7913590669631958,0.08521788567304611,0.006356024648994207,1.793396162000793,-0.059335771948099136,-0.12387298047542572,2.464479684829712,0
1780882650.220072,37848,-10.079843521118164,-6.306777000427246,-1.5456445217132568,-1.7820682525634766,0.1009751707315445,0.006409807130694389,1.7849381859118707,-0.058132562786340714,-0.12442826479673386,2.4644198417663574,0
1780882650.2310777,37855,-10.101327896118164,-6.305517673492432,-1.5455663204193115,-1.7776583433151245,0.10824314504861832,0.006433372385799885,1.7809624230421437,-0.0569533072412014,-0.12495803087949753,2.4643590450286865,0
1780882650.242516,37869,-10.125898361206055,-6.303837776184082,-1.5454784631729126,-1.7673084735870361,0.12483511865139008,0.006491951644420624,1.7717237914238775,-0.052504219114780426,-0.12683306634426117,2.4641315937042236,0
1780882650.2521877,37869,-10.125898361206055,-6.303837776184082,-1.5454784631729126,-1.7673084735870361,0.12483511865139008,0.006491951644420624,1.7717237914238775,-0.052504219114780426,-0.12683306634426117,2.4641315937042236,0
1780882650.2626386,37889,-10.161444664001465,-6.300986289978027,-1.5453466176986694,-1.7517086267471313,0.1486598700284958,0.0065825507044792175,1.7580176904545035,-0.05131005495786667,-0.12730205059051514,2.4640700817108154,0
1780882650.2739248,37896,-10.173554420471191,-6.299902439117432,-1.5453027486801147,-1.7462235689163208,0.15673545002937317,0.006613921839743853,1.7532559704438098,-0.04792678728699684,-0.1285693645477295,2.463892698287964,0
1780882650.2833347,37903,-10.185625076293945,-6.298759460449219,-1.5452587604522705,-1.7406713962554932,0.16476021707057953,0.0066475579515099525,1.7484641914828885,-0.04679068177938461,-0.12897717952728271,2.463832139968872,0
1780882650.2945793,37921,-10.218241691589355,-6.295371055603027,-1.545131802558899,-1.7252531051635742,0.18629693984985352,0.00673267338424921,1.7352954087315722,-0.045650310814380646,-0.12936769425868988,2.4637720584869385,0
1780882650.3058221,37928,-10.230195045471191,-6.294023513793945,-1.545082926750183,-1.7194582223892212,0.19413036108016968,0.006762137170881033,1.73039559122593,-0.04240977391600609,-0.1303546279668808,2.463611364364624,0
1780882650.315184,37935,-10.242109298706055,-6.292616844177246,-1.5450341701507568,-1.7135975360870361,0.20190685987472534,0.00679451460018754,1.7254648826263272,-0.041194841265678406,-0.13069498538970947,2.4635534286499023,0
1780882650.3276827,37948,-10.253984451293945,-6.291162014007568,-1.544985294342041,-1.7022956609725952,0.21650205552577972,0.00685319397598505,1.7160217433589484,-0.0399644672870636,-0.13102196156978607,2.463496208190918,0
1780882650.3374205,37962,-10.28695297241211,-6.286826133728027,-1.5448485612869263,-1.6907585859298706,0.2308843433856964,0.006910843774676323,1.7064641618498462,-0.03771036118268967,-0.1315692663192749,2.463393211364746,0
1780882650.3484368,37969,-10.298632621765137,-6.285165786743164,-1.5447998046875,-1.6845852136611938,0.23837678134441376,0.006944322492927313,1.70138151382485,-0.035175565630197525,-0.13212798535823822,2.463280439376831,0
1780882650.358068,37981,-10.310273170471191,-6.283456802368164,-1.5447509288787842,-1.6725459098815918,0.2525981366634369,0.007010492961853743,1.6915273531099195,-0.035175565630197525,-0.13212798535823822,2.463280439376831,0
1780882650.3679597,37995,-10.34316349029541,-6.278329849243164,-1.5446141958236694,-1.6602835655212402,0.2665950655937195,0.007077069021761417,1.6815660949973927,-0.033938270062208176,-0.13238298892974854,2.463224411010742,0
1780882650.3793054,38002,-10.35464859008789,-6.276425838470459,-1.5445654392242432,-1.6538166999816895,0.2737923860549927,0.007111463230103254,1.6763420058893963,-0.029261749237775803,-0.13322721421718597,2.4630138874053955,0
1780882650.3901706,38014,-10.366093635559082,-6.274472713470459,-1.5445165634155273,-1.6415127515792847,0.2871320843696594,0.007166995666921139,1.6664514134227704,-0.02797224000096321,-0.13341866433620453,2.4629602432250977,0
1780882650.3999624,38028,-10.397382736206055,-6.268847465515137,-1.5443798303604126,-1.6289963722229004,0.3002344071865082,0.007231349591165781,1.6564486627695147,-0.025675002485513687,-0.13372063636779785,2.46286678314209,0
1780882650.4127092,38035,-10.408632278442383,-6.26671838760376,-1.5443310737609863,-1.6222466230392456,0.3071177899837494,0.007268843706697226,1.651077914265578,-0.024385495111346245,-0.13387058675289154,2.4628140926361084,0
1780882650.4225612,38048,-10.419843673706055,-6.264540672302246,-1.5442821979522705,-1.609042763710022,0.32022660970687866,0.007335882168263197,1.6406149798716132,-0.023126887157559395,-0.13400757312774658,2.4627628326416016,0
1780882650.432288,38055,-10.440664291381836,-6.260361194610596,-1.5441845655441284,-1.6025975942611694,0.3264578580856323,0.0073705147951841354,1.635526859065877,-0.02184218168258667,-0.1341225951910019,2.4627115726470947,0
1780882650.4436038,38069,-10.462773323059082,-6.255683422088623,-1.5440771579742432,-1.588616132736206,0.33962807059288025,0.007449469529092312,1.6245319135432972,-0.018195249140262604,-0.13436149060726166,2.4625699520111084,0
1780882650.4535708,38081,-10.473750114440918,-6.253281116485596,-1.5440233945846558,-1.5754276514053345,0.35162052512168884,0.007525300607085228,1.614207517219706,-0.01694568619132042,-0.1344233602285385,2.462522268295288,0
1780882650.4647915,38088,-10.492538452148438,-6.24905252456665,-1.5439355373382568,-1.5692716836929321,0.3570793569087982,0.00756382942199707,1.609402527612771,-0.015685485675930977,-0.13446903228759766,2.462474822998047,0
1780882650.4761732,38102,-10.514179229736328,-6.243964672088623,-1.5438281297683716,-1.5548080205917358,0.3695942461490631,0.007636427879333496,1.5981508698222586,-0.010928013361990452,-0.13448190689086914,2.462306499481201,0
1780882650.485873,38113,-10.524921417236328,-6.241357326507568,-1.5437743663787842,-1.541638731956482,0.38056817650794983,0.007704205345362425,1.5879362303376603,-0.010928013361990452,-0.13448190689086914,2.462306499481201,0
1780882650.4973297,38120,-10.541913986206055,-6.237119197845459,-1.5436865091323853,-1.5357458591461182,0.38534781336784363,0.007740306667983532,1.583372411499942,-0.007416895125061274,-0.1343212127685547,2.462195634841919,0
1780882650.5083864,38134,-10.563085556030273,-6.231650352478027,-1.5435791015625,-1.5208250284194946,0.3971470296382904,0.007821588777005672,1.5718446829978687,-0.006082660984247923,-0.1342315524816513,2.462155818939209,0
1780882650.5182686,38134,-10.563085556030273,-6.231650352478027,-1.5435791015625,-1.5208250284194946,0.3971470296382904,0.007821588777005672,1.5718446829978687,-0.004728170111775398,-0.13411760330200195,2.4621152877807617,0
1780882650.5294592,38155,-10.595155715942383,-6.22292947769165,-1.5434081554412842,-1.497577428817749,0.4146338105201721,0.007980437017977238,1.5539379136586686,-0.004728170111775398,-0.13411760330200195,2.4621152877807617,0
1780882650.5403862,38162,-10.605507850646973,-6.220009803771973,-1.5433545112609863,-1.4899166822433472,0.42017582058906555,0.008035412058234215,1.5480516813342065,0.0003869015781674534,-0.13357162475585938,2.4619672298431396,0
1780882650.5504098,38169,-10.615819931030273,-6.217050552368164,-1.5432958602905273,-1.482216477394104,0.4256437122821808,0.008092241361737251,1.5421425809678555,0.001571287284605205,-0.1334293931722641,2.4619333744049072,0
1780882650.5632412,38188,-10.643750190734863,-6.208759784698486,-1.5431395769119263,-1.4609206914901733,0.4402475953102112,0.008246174082159996,1.5258359057865767,0.002735424553975463,-0.13328991830348969,2.4619009494781494,0
1780882650.5728786,38195,-10.653827667236328,-6.205664157867432,-1.5430810451507568,-1.4530798196792603,0.44544437527656555,0.00830003246665001,1.519845565958459,0.004798583686351776,-0.13299524784088135,2.4618470668792725,0
1780882650.5831418,38202,-10.663866996765137,-6.202538967132568,-1.5430223941802979,-1.4452029466629028,0.4505636394023895,0.008357696235179901,1.5138325539111066,0.007240060716867447,-0.1325586885213852,2.46178936958313,0
1780882650.5940845,38221,-10.691718101501465,-6.193603515625,-1.5428564548492432,-1.4229685068130493,0.4644688367843628,0.008517107926309109,1.4968778216183867,0.008470417931675911,-0.13230834901332855,2.461761951446533,0
1780882650.6040556,38228,-10.70156192779541,-6.190341472625732,-1.5427978038787842,-1.4149624109268188,0.46928903460502625,0.008575500920414925,1.4907797830505984,0.01186428964138031,-0.13152480125427246,2.4616925716400146,0
1780882650.6150484,38235,-10.71132755279541,-6.187050819396973,-1.5427392721176147,-1.4069252014160156,0.4740302860736847,0.008634562604129314,1.484660833377765,0.013047376647591591,-0.13122950494289398,2.461670398712158,0
1780882650.6264527,38248,-10.721054077148438,-6.183730125427246,-1.5426806211471558,-1.3915241956710815,0.48284584283828735,0.008747310377657413,1.4729413465997585,0.013047376647591591,-0.13122950494289398,2.461670398712158,0
1780882650.6360245,38262,-10.748085975646973,-6.174218654632568,-1.54250967502594,-1.3760180473327637,0.49137774109840393,0.008861226961016655,1.4611489562586344,0.017505036666989326,-0.130044087767601,2.4615957736968994,0
1780882650.647427,38269,-10.757577896118164,-6.17077112197876,-1.542446255683899,-1.36784029006958,0.4957444667816162,0.008919310756027699,1.454932709642128,0.01865946315228939,-0.12974129617214203,2.4615776538848877,0
1780882650.657142,38281,-10.767030715942383,-6.167294979095459,-1.542382836341858,-1.352278470993042,0.5037999749183655,0.009037208743393421,1.4431053838791181,0.01865946315228939,-0.12974129617214203,2.4615776538848877,0
1780882650.668375,38295,-10.793086051940918,-6.157470703125,-1.5422070026397705,-1.336612343788147,0.5115933418273926,0.009153432212769985,1.4312037207505564,0.021787606179714203,-0.128983736038208,2.4615299701690674,0
1780882650.6783068,38302,-10.8023042678833,-6.153886795043945,-1.54214346408844,-1.3282949924468994,0.5156091451644897,0.009213232435286045,1.4248878065267703,0.02399192564189434,-0.12852227687835693,2.461498260498047,0
1780882650.6892965,38314,-10.811484336853027,-6.150282859802246,-1.542080044746399,-1.3124195337295532,0.5230381488800049,0.009324264712631702,1.4128343425933385,0.025085726752877235,-0.1283024400472641,2.461482048034668,0
1780882650.6992743,38321,-10.827812194824219,-6.143740177154541,-1.5419628620147705,-1.3048670291900635,0.5264657735824585,0.009373664855957031,1.4071005792813498,0.027051830664277077,-0.12791621685028076,2.4614551067352295,0
1780882650.710316,38335,-10.845742225646973,-6.13634729385376,-1.541835904121399,-1.2879656553268433,0.5339058041572571,0.009480681270360947,1.394274298813423,0.02813219092786312,-0.12770545482635498,2.4614412784576416,0
1780882650.7199523,38348,-10.854609489440918,-6.132616996765137,-1.5417675971984863,-1.2716729640960693,0.5407748222351074,0.009582538157701492,1.3819122117608769,0.029196353629231453,-0.12749707698822021,2.4614274501800537,0
1780882650.7310622,38355,-10.870702743530273,-6.125722408294678,-1.5416455268859863,-1.2638524770736694,0.5439698696136475,0.009631738066673279,1.3759793142452845,0.030248714610934258,-0.12728476524353027,2.461414098739624,0
1780882650.7423584,38369,-10.88808536529541,-6.118095397949219,-1.5415087938308716,-1.2466681003570557,0.5507734417915344,0.009730620309710503,1.362948062694384,0.033185120671987534,-0.126670703291893,2.4613802433013916,0
1780882650.751897,38369,-10.88808536529541,-6.118095397949219,-1.5415087938308716,-1.2466681003570557,0.5507734417915344,0.009730620309710503,1.362948062694384,0.034252580255270004,-0.1264328956604004,2.4613704681396484,0
1780882650.7633324,38388,-10.911796569824219,-6.107353210449219,-1.541323184967041,-1.222617745399475,0.5597632527351379,0.009871440008282661,1.344703125528514,0.03532863408327103,-0.12618647515773773,2.4613614082336426,0
1780882650.7740514,38402,-10.928593635559082,-6.099521160125732,-1.5411864519119263,-1.2051646709442139,0.5659255981445312,0.009973186999559402,1.3314627787460862,0.03719001263380051,-0.12575624883174896,2.4613454341888428,0
1780882650.7840087,38402,-10.928593635559082,-6.099521160125732,-1.5411864519119263,-1.2051646709442139,0.5659255981445312,0.009973186999559402,1.3314627787460862,0.03919590637087822,-0.12529228627681732,2.461329460144043,0
1780882650.7951179,38421,-10.951522827148438,-6.088505744934082,-1.540991187095642,-1.1807758808135986,0.5740566253662109,0.010109133087098598,1.3129641596059447,0.04185064509510994,-0.12466274946928024,2.4613089561462402,0
1780882650.805929,38428,-10.959648132324219,-6.08450174331665,-1.54092276096344,-1.171940803527832,0.5768740773200989,0.010153908282518387,1.30626645440767,0.042825039476156235,-0.12441741675138474,2.4613027572631836,0
1780882650.8157635,38435,-10.967734336853027,-6.080478191375732,-1.5408495664596558,-1.1630812883377075,0.5796289443969727,0.010199079290032387,1.2995506214389705,0.043799687176942825,-0.12416624277830124,2.4612979888916016,0
1780882650.8271668,38454,-10.989921569824219,-6.069150447845459,-1.5406494140625,-1.138222575187683,0.5869798064231873,0.010314411483705044,1.2807038341863972,0.04477439448237419,-0.12390683591365814,2.461293935775757,0
1780882650.838808,38461,-10.997773170471191,-6.06505823135376,-1.5405761003494263,-1.129272222518921,0.589494526386261,0.01035277359187603,1.273917865921202,0.04753199964761734,-0.12312590330839157,2.461287021636963,0
1780882650.848049,38468,-11.005546569824219,-6.060946941375732,-1.540502905845642,-1.1202988624572754,0.5919439792633057,0.010392054915428162,1.2671129431169532,0.04850829020142555,-0.12283801287412643,2.4612863063812256,0
1780882650.8576913,38479,-11.013280868530273,-6.056816101074219,-1.540429711341858,-1.10401451587677,0.5962055921554565,0.010458741337060928,1.2547583610617676,0.04948018863797188,-0.12254535406827927,2.461285352706909,0
1780882650.8703775,38493,-11.033203125,-6.045937538146973,-1.5402392148971558,-1.0876598358154297,0.6002601385116577,0.010522703640162945,1.2423473264848204,0.05195150524377823,-0.12177466601133347,2.461285352706909,0
1780882650.8801014,38500,-11.040702819824219,-6.041757583618164,-1.5401660203933716,-1.0785868167877197,0.6024182438850403,0.010554509237408638,1.2354629333084195,0.05289492756128311,-0.12146519869565964,2.461287021636963,0
1780882650.8898945,38514,-11.048124313354492,-6.037558555603027,-1.5400927066802979,-1.0603723526000977,0.6065483689308167,0.01061648316681385,1.221639537558494,0.05289492756128311,-0.12146519869565964,2.461287021636963,0
1780882650.9012086,38528,-11.070038795471191,-6.024872779846191,-1.5398730039596558,-1.0420836210250854,0.6104322075843811,0.010670499876141548,1.207758093673026,0.05563804507255554,-0.12051676958799362,2.4612948894500732,0
1780882650.9121053,38535,-11.077226638793945,-6.02062463760376,-1.5397998094558716,-1.0329163074493408,0.61227947473526,0.010693325661122799,1.2007983180328667,0.05656804144382477,-0.1201786920428276,2.461298704147339,0
1780882650.9235556,38548,-11.084335327148438,-6.016357421875,-1.5397264957427979,-1.0153098106384277,0.6156300902366638,0.010737466625869274,1.1874214554120976,0.058490198105573654,-0.11944770067930222,2.4613113403320312,0
1780882650.9335103,38562,-11.104101181030273,-6.004218578338623,-1.539516568183899,-0.9976388812065125,0.6187363862991333,0.010777930729091167,1.1739822046420862,0.060261402279138565,-0.118751160800457,2.4613254070281982,0
1780882650.9447885,38569,-11.110976219177246,-5.999911785125732,-1.5394433736801147,-0.9883872270584106,0.6202629804611206,0.01079958863556385,1.1669413467083185,0.061213478446006775,-0.11837255209684372,2.4613330364227295,0
1780882650.9560144,38581,-11.117773056030273,-5.995595455169678,-1.539370059967041,-0.9707402586936951,0.6229867935180664,0.010834426619112492,1.1535018766984253,0.062142547219991684,-0.1180032417178154,2.461341142654419,0
1780882650.9652262,38588,-11.1298828125,-5.987773418426514,-1.5392333269119263,-0.9623492360115051,0.6241959929466248,0.010850452817976475,1.1471069793131352,0.06471914798021317,-0.11693930625915527,2.4613654613494873,0
1780882650.977924,38602,-11.143046379089355,-5.979072093963623,-1.539086937904358,-0.9437111616134644,0.6266995072364807,0.010881790891289711,1.132899572908951,0.06560564041137695,-0.11655985563993454,2.461374521255493,0
1780882650.987627,38613,-11.149531364440918,-5.974716663360596,-1.5390136241912842,-0.9270172715187073,0.6287194490432739,0.010904602706432343,1.12016430833135,0.06648599356412888,-0.11617051810026169,2.4613847732543945,0
1780882650.9975607,38620,-11.159647941589355,-5.967841625213623,-1.5388964414596558,-0.9196556806564331,0.6295427083969116,0.010914678685367107,1.11454462578677,0.06736576557159424,-0.11576973646879196,2.461395502090454,0
1780882651.0088053,38634,-11.172225952148438,-5.959082126617432,-1.5387401580810547,-0.9009016752243042,0.6314795017242432,0.010935511440038681,1.1002316914769867,0.06956443190574646,-0.11473690718412399,2.46142315864563,0
1780882651.018688,38634,-11.172225952148438,-5.959082126617432,-1.5387401580810547,-0.9009016752243042,0.6314795017242432,0.010935511440038681,1.1002316914769867,0.07040789723396301,-0.11432944983243942,2.461434841156006,0
1780882651.030883,38654,-11.1904296875,-5.945986270904541,-1.538515567779541,-0.8728944063186646,0.6339089274406433,0.010958905331790447,1.0788444143978462,0.07291903346776962,-0.11306547373533249,2.4614737033843994,0
1780882651.042443,38668,-11.20238208770752,-5.937167644500732,-1.53835928440094,-0.8540380001068115,0.6352354884147644,0.010970668867230415,1.0644366523863131,0.07375206798315048,-0.11263322085142136,2.461487293243408,0
1780882651.0507243,38668,-11.20238208770752,-5.937167644500732,-1.53835928440094,-0.8540380001068115,0.6352354884147644,0.010970668867230415,1.0644366523863131,0.07455591857433319,-0.11221062391996384,2.461500883102417,0
1780882651.0620055,38686,-11.217577934265137,-5.925624847412109,-1.5381542444229126,-0.8293367624282837,0.6366056799888611,0.010981154628098011,1.0455557579900145,0.07657183706760406,-0.11112617701292038,2.4615345001220703,0
1780882651.0732214,38700,-11.22890567779541,-5.91677713394165,-1.5379979610443115,-0.8104065656661987,0.6373946070671082,0.010979198850691319,1.0310922507712483,0.07736627757549286,-0.11067771166563034,2.461549758911133,0
1780882651.083042,38700,-11.22890567779541,-5.91677713394165,-1.5379979610443115,-0.8104065656661987,0.6373946070671082,0.010979198850691319,1.0310922507712483,0.07816595584154129,-0.11021625250577927,2.461566209793091,0
1780882651.0940511,38721,-11.24527359008789,-5.903584003448486,-1.5377733707427979,-0.7821552157402039,0.6381190419197083,0.01096747349947691,1.009496398530026,0.07896579802036285,-0.10974836349487305,2.461582660675049,0
1780882651.1039722,38728,-11.250624656677246,-5.899150371551514,-1.537695288658142,-0.7726635336875916,0.6382368803024292,0.01096027810126543,1.002235191641578,0.08059131354093552,-0.10875343531370163,2.4616219997406006,0
1780882651.1147466,38735,-11.255937576293945,-5.894716739654541,-1.5376172065734863,-0.763167679309845,0.6382889151573181,0.010953960008919239,0.9949661477637103,0.08226267993450165,-0.10768651217222214,2.461667060852051,0
1780882651.124595,38748,-11.261171340942383,-5.890283107757568,-1.537539005279541,-0.7450489401817322,0.6382045745849609,0.010937914252281189,0.9810823819920953,0.08226267993450165,-0.10768651217222214,2.461667060852051,0
1780882651.1359568,38761,-11.27554702758789,-5.87780237197876,-1.5373241901397705,-0.7269195914268494,0.6378835439682007,0.010919775813817978,0.9671746220664772,0.08536732196807861,-0.10560619831085205,2.4617576599121094,0
1780882651.1458163,38768,-11.280546188354492,-5.873378753662109,-1.5372461080551147,-0.7174091339111328,0.63762366771698,0.010907130315899849,0.9598743524772935,0.08618101477622986,-0.10503493994474411,2.4617834091186523,0
1780882651.1572416,38783,-11.285468101501465,-5.868955135345459,-1.537172794342041,-0.6979416608810425,0.636887788772583,0.010879721492528915,0.9449163909154997,0.08618101477622986,-0.10503493994474411,2.4617834091186523,0
1780882651.1684084,38790,-11.295546531677246,-5.859697341918945,-1.53701651096344,-0.6879857778549194,0.6364038586616516,0.010863875970244408,0.9372578757477447,0.0869976133108139,-0.10445057600736618,2.4618101119995117,0
1780882651.1780577,38804,-11.30492115020752,-5.850869178771973,-1.5368701219558716,-0.6689623594284058,0.6352705359458923,0.010835089720785618,0.9226032144656002,0.09031014144420624,-0.10197972506284714,2.461927652359009,0
1780882651.189346,38814,-11.309492111206055,-5.84646463394165,-1.5367968082427979,-0.6521399617195129,0.6340429782867432,0.01080695167183876,0.909622898893101,0.09109606593847275,-0.10137879103422165,2.4619557857513428,0
1780882651.1994765,38821,-11.31640625,-5.839697360992432,-1.5366796255111694,-0.6448289155960083,0.6334421634674072,0.010793247260153294,0.9039744460068615,0.0923045352101326,-0.10043179243803024,2.462001323699951,0
1780882651.2093387,38835,-11.325156211853027,-5.830917835235596,-1.5365331172943115,-0.6258196830749512,0.6317120790481567,0.010758004151284695,0.8892840722697647,0.09307535737752914,-0.09981166571378708,2.4620308876037598,0
1780882651.2205114,38848,-11.329452514648438,-5.82653284072876,-1.5364599227905273,-0.6074705719947815,0.6297951340675354,0.010720228776335716,0.8750870414077841,0.09382838010787964,-0.09919881075620651,2.46205997467041,0
1780882651.231771,38855,-11.337265014648438,-5.81838846206665,-1.5363231897354126,-0.5986251831054688,0.6287841200828552,0.010699438862502575,0.8682373278708989,0.09596326947212219,-0.0973893404006958,2.4621450901031494,0
1780882651.241749,38869,-11.345390319824219,-5.80968713760376,-1.5361766815185547,-0.579656720161438,0.6264256834983826,0.010655594058334827,0.8535365205188746,0.09671472758054733,-0.09673046320676804,2.462176561355591,0
1780882651.2518358,38869,-11.345390319824219,-5.80968713760376,-1.5361766815185547,-0.579656720161438,0.6264256834983826,0.010655594058334827,0.8535365205188746,0.09745492786169052,-0.0960681363940239,2.4622087478637695,0
1780882651.263395,38888,-11.356171607971191,-5.797734260559082,-1.535976529121399,-0.5535392165184021,0.622738778591156,0.010593767277896404,0.8332595504944119,0.09818203002214432,-0.0954056903719902,2.462240219116211,0
1780882651.2747214,38895,-11.359960556030273,-5.793417930603027,-1.5359033346176147,-0.5440835952758789,0.6212855577468872,0.010569801554083824,0.8259142955646669,0.09942490607500076,-0.0942600890994072,2.4622936248779297,0
1780882651.284153,38902,-11.36367130279541,-5.789111137390137,-1.535830020904541,-0.5346355438232422,0.619769811630249,0.010546116158366203,0.8185725408865081,0.10080421715974808,-0.09296809881925583,2.4623520374298096,0
1780882651.2965474,38921,-11.373671531677246,-5.77712869644165,-1.5356298685073853,-0.5082600116729736,0.6152035593986511,0.010476259514689445,0.7980685502987823,0.10147405415773392,-0.09233713150024414,2.4623799324035645,0
1780882651.30618,38928,-11.377148628234863,-5.772871017456055,-1.5355565547943115,-0.4988418519496918,0.6134571433067322,0.01044930424541235,0.7907477776698888,0.10335142910480499,-0.09050678461790085,2.46246337890625,0
1780882651.3155317,38935,-11.380546569824219,-5.768622875213623,-1.5354833602905273,-0.48943305015563965,0.6116485595703125,0.010422281920909882,0.7834330188149654,0.10402446240186691,-0.0898282453417778,2.4624955654144287,0
1780882651.3277516,38948,-11.383867263793945,-5.764384746551514,-1.5354101657867432,-0.4716978967189789,0.6080598831176758,0.010366820730268955,0.7696383554619945,0.10469929873943329,-0.08912897109985352,2.462529420852661,0
1780882651.337687,38962,-11.392773628234863,-5.752695083618164,-1.5352098941802979,-0.4540051519870758,0.6042401194572449,0.010307145304977894,0.7558657534488854,0.10591370612382889,-0.08781933784484863,2.4625966548919678,0
1780882651.3472295,38968,-11.395858764648438,-5.748515605926514,-1.5351366996765137,-0.44465330243110657,0.6021213531494141,0.010276412591338158,0.7485801813681137,0.10660786926746368,-0.08704566210508347,2.462637186050415,0
1780882651.3585184,38981,-11.398866653442383,-5.744345664978027,-1.53506338596344,-0.4268897771835327,0.5979002714157104,0.010217104107141495,0.7347271640814178,0.1079614982008934,-0.08551167696714401,2.462716817855835,0
1780882651.3683379,38995,-11.407031059265137,-5.732734203338623,-1.5348681211471558,-0.40918081998825073,0.5934404134750366,0.010155782103538513,0.7209047147174266,0.10915499925613403,-0.08412324637174606,2.4627888202667236,0
1780882651.379181,39002,-11.409804344177246,-5.72863245010376,-1.5347998142242432,-0.39990130066871643,0.5910047292709351,0.010123305022716522,0.7136596679102198,0.11043453961610794,-0.0826038047671318,2.4628641605377197,0
1780882651.3904696,39014,-11.41249942779541,-5.724550724029541,-1.534731388092041,-0.3825189769268036,0.5862549543380737,0.010060076601803303,0.7000834552653702,0.11043453961610794,-0.0826038047671318,2.4628641605377197,0
1780882651.4003046,39028,-11.419648170471191,-5.71337890625,-1.5345361232757568,-0.3651959002017975,0.5812807083129883,0.009993805550038815,0.6865531177778036,0.11275990307331085,-0.0797107145190239,2.4630062580108643,0
1780882651.4130535,39035,-11.42210865020752,-5.709364891052246,-1.5344676971435547,-0.3559964597225189,0.5785415768623352,0.009957714006304741,0.6793695544853006,0.11337579041719437,-0.07891666144132614,2.463045597076416,0
1780882651.4222775,39048,-11.424530982971191,-5.705370903015137,-1.534399390220642,-0.3383384943008423,0.573081374168396,0.009884328581392765,0.6655771165657689,0.11337579041719437,-0.07891666144132614,2.463045597076416,0
1780882651.432302,39055,-11.428828239440918,-5.69802713394165,-1.5342724323272705,-0.32987937331199646,0.5703680515289307,0.009849505499005318,0.6589667122853774,0.11400005221366882,-0.07808934897184372,2.4630889892578125,0
1780882651.4431481,39069,-11.433202743530273,-5.690175533294678,-1.5341356992721558,-0.31165629625320435,0.5643149614334106,0.009773911908268929,0.6447298287235107,0.11574023216962814,-0.07570921629667282,2.463210344314575,0
1780882651.4539928,39080,-11.435312271118164,-5.686279296875,-1.5340673923492432,-0.29535895586013794,0.5586481094360352,0.009704379364848137,0.6319958844502899,0.1169264018535614,-0.07403910160064697,2.463294267654419,0
1780882651.4651902,39087,-11.438554763793945,-5.680107116699219,-1.533959984779358,-0.28815534710884094,0.5560645461082458,0.009673671796917915,0.6263663971127607,0.11785019189119339,-0.07270967215299606,2.4633610248565674,0
1780882651.47494,39100,-11.4423828125,-5.672451019287109,-1.5338232517242432,-0.270134299993515,0.5494136214256287,0.009594148956239223,0.6123070431860186,0.11841852217912674,-0.07187222689390182,2.4634029865264893,0
1780882651.486371,39100,-11.4423828125,-5.672451019287109,-1.5338232517242432,-0.270134299993515,0.5494136214256287,0.009594148956239223,0.6123070431860186,0.11898330599069595,-0.07102679461240768,2.463444709777832,0
1780882651.496011,39121,-11.447616577148438,-5.6611328125,-1.5336229801177979,-0.24324525892734528,0.5389403700828552,0.009472179226577282,0.5913668072144197,0.11954133957624435,-0.07017158716917038,2.4634881019592285,0
1780882651.506789,39128,-11.449257850646973,-5.657412052154541,-1.5335595607757568,-0.23433849215507507,0.5353243350982666,0.009430251084268093,0.5844446956636938,0.12062804400920868,-0.06846462935209274,2.463571310043335,0
1780882651.5165594,39135,-11.450819969177246,-5.653720378875732,-1.5334960222244263,-0.2254623919725418,0.5316468477249146,0.009388899430632591,0.5775550296918356,0.1216842532157898,-0.06675457209348679,2.463653564453125,0
1780882651.5275624,39155,-11.454882621765137,-5.643515586853027,-1.5333154201507568,-0.20071017742156982,0.520997941493988,0.009268025867640972,0.5583988956517144,0.12219571322202682,-0.0659174919128418,2.463690996170044,0
1780882651.5385146,39162,-11.45621109008789,-5.63992166519165,-1.5332518815994263,-0.19193334877490997,0.517083466053009,0.009222259745001793,0.5516328229104472,0.12362631410360336,-0.06343673914670944,2.463810920715332,0
1780882651.5484674,39169,-11.457499504089355,-5.636357307434082,-1.5331884622573853,-0.18318533897399902,0.5131040215492249,0.009174012579023838,0.5449006954040401,0.12414932996034622,-0.062470074743032455,2.463862657546997,0
1780882651.5597062,39187,-11.460546493530273,-5.627197265625,-1.5330272912979126,-0.16051851212978363,0.5023845434188843,0.009051136672496796,0.5274830284261519,0.12468388676643372,-0.06145560368895531,2.4639203548431396,0
1780882651.570682,39194,-11.461601257324219,-5.623740196228027,-1.5329638719558716,-0.15189234912395477,0.4981536865234375,0.009006815031170845,0.520873788778328,0.1255326122045517,-0.05980479344725609,2.4640140533447266,0
1780882651.5820312,39201,-11.462577819824219,-5.620312213897705,-1.532900333404541,-0.14330105483531952,0.4938538372516632,0.008964329026639462,0.5143025997212199,0.12652921676635742,-0.0578230582177639,2.4641201496124268,0
1780882651.594328,39214,-11.463515281677246,-5.616913795471191,-1.5328369140625,-0.12649354338645935,0.48520293831825256,0.008882026188075542,0.501499150807191,0.12699437141418457,-0.05689847096800804,2.464163064956665,0
1780882651.6025274,39230,-11.466132164001465,-5.606210708618164,-1.5326415300369263,-0.10752490907907486,0.47506076097488403,0.00878828950226307,0.48715661416311984,0.12784211337566376,-0.05517541989684105,2.4642372131347656,0
1780882651.6125422,39237,-11.466835975646973,-5.602939128875732,-1.5325829982757568,-0.09909813851118088,0.47044169902801514,0.008745974861085415,0.4808454276761062,0.1287854164838791,-0.053187962621450424,2.4643144607543945,0
1780882651.624741,39248,-11.467460632324219,-5.599707126617432,-1.5325243473052979,-0.08397801965475082,0.4619543254375458,0.00866297259926796,0.46960531690968677,0.1287854164838791,-0.053187962621450424,2.4643144607543945,0
1780882651.6341083,39262,-11.468828201293945,-5.59142541885376,-1.5323681831359863,-0.0689745619893074,0.4532639980316162,0.008580302819609642,0.45856227898694196,0.1298772096633911,-0.05066942796111107,2.4644296169281006,0
1780882651.6451752,39269,-11.469257354736328,-5.588310241699219,-1.5323095321655273,-0.06071055680513382,0.44836002588272095,0.008535871282219887,0.45253214870955877,0.13070419430732727,-0.04864823445677757,2.4645261764526367,0
1780882651.6565926,39281,-11.469609260559082,-5.58523416519165,-1.532251000404358,-0.045426029711961746,0.4390522539615631,0.008451604284346104,0.44147687991456597,0.13070419430732727,-0.04864823445677757,2.4645261764526367,0
1780882651.6673443,39295,-11.470312118530273,-5.57702112197876,-1.5320947170257568,-0.03028198890388012,0.42952001094818115,0.008370098657906055,0.43066750191817754,0.13179700076580048,-0.04581475257873535,2.4646661281585693,0
1780882651.6778483,39302,-11.470468521118164,-5.574072360992432,-1.5320360660552979,-0.022207066416740417,0.42431265115737915,0.00832738820463419,0.4249749699986482,0.13254858553409576,-0.0437847338616848,2.464759588241577,0
1780882651.6876547,39314,-11.470585823059082,-5.57116174697876,-1.5319775342941284,-0.006852972786873579,0.41416606307029724,0.008246378973126411,0.41430483197922696,0.13254858553409576,-0.0437847338616848,2.464759588241577,0
1780882651.6999803,39321,-11.470624923706055,-5.565927505493164,-1.5318701267242432,0.0004332601965870708,0.40923887491226196,0.00820682942867279,0.409321385347899,0.13352882862091064,-0.041020747274160385,2.4648733139038086,0
1780882651.7098005,39335,-11.470468521118164,-5.560361385345459,-1.5317529439926147,0.016241468489170074,0.3983050584793091,0.008115715347230434,0.3987186598900129,0.13386204838752747,-0.040005918592214584,2.464916706085205,0
1780882651.7209547,39347,-11.470312118530273,-5.557636737823486,-1.5316991806030273,0.031003519892692566,0.38775184750556946,0.008033017627894878,0.389072284880238,0.1341966986656189,-0.0389401875436306,2.4649665355682373,0
1780882651.7306871,39354,-11.46988296508789,-5.552880764007568,-1.5316015481948853,0.037891946732997894,0.38270971179008484,0.0079943323507905,0.38466405144671506,0.1345241367816925,-0.037871476262807846,2.4650166034698486,0
1780882651.7406843,39368,-11.469218254089355,-5.547685623168945,-1.531494140625,0.05328098312020302,0.3711922764778137,0.007906351238489151,0.3750800976710753,0.1350831836462021,-0.036018844693899155,2.4650962352752686,0
1780882651.7518861,39368,-11.469218254089355,-5.547685623168945,-1.531494140625,0.05328098312020302,0.3711922764778137,0.007906351238489151,0.3750800976710753,0.13567893207073212,-0.03396784886717796,2.465179443359375,0
1780882651.762727,39388,-11.467890739440918,-5.540566444396973,-1.5313427448272705,0.07488424330949783,0.3543781638145447,0.007775196805596352,0.3622871603713967,0.13596737384796143,-0.03292035683989525,2.4652233123779297,0
1780882651.774069,39395,-11.467304229736328,-5.538144588470459,-1.531288981437683,0.08237907290458679,0.348357230424881,0.007729682605713606,0.358048627472719,0.13676920533180237,-0.02975165657699108,2.465369462966919,0
1780882651.7849805,39402,-11.466679573059082,-5.535771369934082,-1.5312353372573853,0.08982416987419128,0.34227412939071655,0.007686099968850613,0.35394778891312734,0.13703379034996033,-0.02866673469543457,2.46541690826416,0
1780882651.794649,39421,-11.464726448059082,-5.529394626617432,-1.5310888290405273,0.11021718382835388,0.32509756088256836,0.007565335836261511,0.3433562086364011,0.13728933036327362,-0.027620313689112663,2.465456008911133,0
1780882651.8044074,39428,-11.463906288146973,-5.527177810668945,-1.53103506565094,0.1174897849559784,0.3188004493713379,0.00752069940790534,0.3398442834710525,0.13770245015621185,-0.02585768513381481,2.4655139446258545,0
1780882651.8153925,39435,-11.46304702758789,-5.525009632110596,-1.530981421470642,0.12471823394298553,0.31245023012161255,0.007475476246327162,0.33650507711773875,0.1381288468837738,-0.02389502339065075,2.4655706882476807,0
1780882651.8252196,39447,-11.46214771270752,-5.522880554199219,-1.5309276580810547,0.13820183277130127,0.300349622964859,0.00738664623349905,0.3307025931846597,0.1383289247751236,-0.022884368896484375,2.465601921081543,0
1780882651.8362045,39461,-11.459335327148438,-5.517236232757568,-1.53079092502594,0.1515171229839325,0.28805848956108093,0.0072958325035870075,0.3255585371902569,0.13883885741233826,-0.01999819278717041,2.4656951427459717,0
1780882651.8473387,39468,-11.45824146270752,-5.515283107757568,-1.5307421684265137,0.15852060914039612,0.28145256638526917,0.007245964836329222,0.3231049901402111,0.13900993764400482,-0.018898367881774902,2.465735673904419,0
1780882651.8582346,39481,-11.457109451293945,-5.513378620147705,-1.5306932926177979,0.17170675098896027,0.2687169909477234,0.007153449114412069,0.3189721012775508,0.13900993764400482,-0.018898367881774902,2.465735673904419,0
1780882651.8682554,39495,-11.453593254089355,-5.508261680603027,-1.530556559562683,0.18469516932964325,0.255778044462204,0.007065453566610813,0.315570331680145,0.13958269357681274,-0.014631866477429867,2.4658937454223633,0
1780882651.879758,39502,-11.452265739440918,-5.506533145904541,-1.5305078029632568,0.19143998622894287,0.24890463054180145,0.007019514683634043,0.31408925008488,0.13971766829490662,-0.01354896929115057,2.4659292697906494,0
1780882651.8894026,39513,-11.450898170471191,-5.504853248596191,-1.530458927154541,0.20364782214164734,0.23618066310882568,0.006937007885426283,0.3119324657164802,0.13984471559524536,-0.012479065917432308,2.4659619331359863,0
1780882651.900729,39527,-11.447031021118164,-5.500605583190918,-1.5303319692611694,0.21568022668361664,0.22328269481658936,0.006854347884654999,0.31051586766504913,0.14003658294677734,-0.010705708526074886,2.466014862060547,0
1780882651.9105673,39534,-11.44546890258789,-5.499101638793945,-1.5302832126617432,0.22220738232135773,0.21613703668117523,0.006808790843933821,0.31006079890270904,0.1401384323835373,-0.009639262221753597,2.466045618057251,0
1780882651.9205594,39548,-11.443866729736328,-5.497646331787109,-1.5302343368530273,0.23500540852546692,0.20179982483386993,0.0067178248427808285,0.3098319552754694,0.14023306965827942,-0.008568763732910156,2.4660756587982178,0
1780882651.9318542,39555,-11.440546989440918,-5.494912147521973,-1.5301464796066284,0.24130219221115112,0.19457893073558807,0.006671547889709473,0.3100519598444054,0.14045850932598114,-0.005296587944030762,2.466172933578491,0
1780882651.9430428,39569,-11.4370698928833,-5.492362976074219,-1.53005850315094,0.25380441546440125,0.17988848686218262,0.0065760561265051365,0.31115879150197734,0.1405121386051178,-0.0041332240216434,2.4662137031555176,0
1780882651.953111,39581,-11.435273170471191,-5.491161823272705,-1.5300146341323853,0.2599625289440155,0.1724632978439331,0.006530103739351034,0.3120364526990716,0.1405535340309143,-0.00292718387208879,2.466259717941284,0
1780882651.9645476,39588,-11.43187427520752,-5.489101409912109,-1.52993643283844,0.27107149362564087,0.15872184932231903,0.006449670530855656,0.31418780746344915,0.14063724875450134,0.0004426240629982203,2.4663803577423096,0
1780882651.9742017,39602,-11.428007125854492,-5.487060546875,-1.529848575592041,0.2829725444316864,0.14352624118328094,0.0063657332211732864,0.3173543214922198,0.14065766334533691,0.0015808343887329102,2.466414213180542,0
1780882651.985145,39613,-11.42601490020752,-5.48611307144165,-1.5298047065734863,0.2933340072631836,0.12987589836120605,0.0062995958141982555,0.32086176727623694,0.14067129790782928,0.0026817319449037313,2.466442346572876,0
1780882651.994973,39620,-11.4228515625,-5.484745979309082,-1.5297362804412842,0.29779955744743347,0.12386827170848846,0.006272425409406424,0.32259458841160327,0.1406760811805725,0.005391835700720549,2.4664957523345947,0
1780882652.0060787,39634,-11.418593406677246,-5.48318338394165,-1.5296484231948853,0.30917471647262573,0.10825366526842117,0.006205158308148384,0.3276375517849031,0.14065907895565033,0.006472110282629728,2.4665169715881348,0
1780882652.017479,39634,-11.418593406677246,-5.48318338394165,-1.5296484231948853,0.30917471647262573,0.10825366526842117,0.006205158308148384,0.3276375517849031,0.14062397181987762,0.007593750488013029,2.466543674468994,0
1780882652.0272372,39655,-11.411913871765137,-5.481249809265137,-1.529516577720642,0.32585951685905457,0.08435632288455963,0.006118831690400839,0.3366568787942346,0.14062397181987762,0.007593750488013029,2.466543674468994,0
1780882652.0384178,39662,-11.409608840942383,-5.480722427368164,-1.5294725894927979,0.3312547504901886,0.07634438574314117,0.006095213815569878,0.3399931272662319,0.1403397172689438,0.01233577635139227,2.4666736125946045,0
1780882652.0499845,39669,-11.407265663146973,-5.480244159698486,-1.5294287204742432,0.3365821838378906,0.06828746944665909,0.006074800156056881,0.3434933014739123,0.14025506377220154,0.013498424552381039,2.4667019844055176,0
1780882652.059488,39687,-11.401054382324219,-5.479267597198486,-1.5293164253234863,0.35004302859306335,0.04724233224987984,0.0060304924845695496,0.3532680662933159,0.1401645541191101,0.014645217917859554,2.4667282104492188,0
1780882652.069226,39694,-11.39859390258789,-5.478993892669678,-1.529272437095642,0.355135440826416,0.03903230279684067,0.006015801336616278,0.35732463091468897,0.14000928401947021,0.016431091353297234,2.4667625427246094,0
1780882652.0818112,39700,-11.396093368530273,-5.478779315948486,-1.5292284488677979,0.3601635694503784,0.03078213706612587,0.006002464331686497,0.36152643928162226,0.1397916078567505,0.018630385398864746,2.466796398162842,0
1780882652.091489,39715,-11.3935546875,-5.478622913360596,-1.5291845798492432,0.3703060448169708,0.01368612702935934,0.005972309038043022,0.3706069958545009,0.13966163992881775,0.019762156531214714,2.4668164253234863,0
1780882652.1012588,39729,-11.385390281677246,-5.478515625,-1.5290576219558716,0.3801634907722473,-0.0035760151222348213,0.005948428995907307,0.3802268420401358,0.1393478363752365,0.022157905623316765,2.4668567180633545,0
1780882652.1125925,39736,-11.382734298706055,-5.478603363037109,-1.529018521308899,0.3848511874675751,-0.012025956995785236,0.005938543938100338,0.3850848301880663,0.13918940722942352,0.023277638480067253,2.4668736457824707,0
1780882652.1225293,39748,-11.38003921508789,-5.478749752044678,-1.5289794206619263,0.39327895641326904,-0.027643080800771713,0.005915441550314426,0.394293634138827,0.1390286237001419,0.024383781477808952,2.4668874740600586,0
1780882652.1337914,39761,-11.372694969177246,-5.479413986206055,-1.528872013092041,0.401467889547348,-0.04338696226477623,0.005894818343222141,0.4038485405637444,0.13851936161518097,0.027478931471705437,2.466939926147461,0
1780882652.1448588,39769,-11.369882583618164,-5.479775428771973,-1.528833031654358,0.4058258831501007,-0.052012450993061066,0.005883445497602224,0.40918767995112953,0.13805797696113586,0.029892800375819206,2.4669909477233887,0
1780882652.155907,39780,-11.36703109741211,-5.480195045471191,-1.5287939310073853,0.41350340843200684,-0.06769843399524689,0.0058706472627818584,0.41904965248712456,0.13805797696113586,0.029892800375819206,2.4669909477233887,0
1780882652.1656008,39793,-11.359453201293945,-5.481572151184082,-1.5286865234375,0.42093726992607117,-0.08349935710430145,0.005861510988324881,0.4291790828555278,0.13741081953048706,0.032979484647512436,2.467043161392212,0
1780882652.1765578,39800,-11.356484413146973,-5.482216835021973,-1.5286474227905273,0.424951434135437,-0.09228700399398804,0.005857605952769518,0.4348964520750301,0.13716082274913788,0.034116026014089584,2.4670560359954834,0
1780882652.1876786,39813,-11.353515625,-5.482919692993164,-1.5286083221435547,0.43239691853523254,-0.10911537706851959,0.005851249676197767,0.44599046827745426,0.1366555094718933,0.03634452447295189,2.4670729637145996,0
1780882652.1973433,39820,-11.34804630279541,-5.484335899353027,-1.528530240058899,0.4358411729335785,-0.11714929342269897,0.005847844760864973,0.45134873685643817,0.13616691529750824,0.03836381435394287,2.46708607673645,0
1780882652.208128,39834,-11.341875076293945,-5.486171722412109,-1.5284521579742432,0.4433121681213379,-0.1351444572210312,0.0058420514687895775,0.46349091931490144,0.1358822137117386,0.03948032855987549,2.467092514038086,0
1780882652.2179766,39834,-11.341875076293945,-5.486171722412109,-1.5284521579742432,0.4433121681213379,-0.1351444572210312,0.0058420514687895775,0.46349091931490144,0.13557903468608856,0.04061424732208252,2.4670982360839844,0
1780882652.2291625,39855,-11.332304000854492,-5.489433288574219,-1.5283252000808716,0.4540937840938568,-0.16271686553955078,0.005835008341819048,0.48240231177518583,0.13526932895183563,0.04172837734222412,2.4671032428741455,0
1780882652.2402084,39862,-11.329140663146973,-5.490624904632568,-1.528286099433899,0.4574577212333679,-0.17177119851112366,0.005833687726408243,0.4886787730876622,0.13457918167114258,0.04405808076262474,2.4671151638031006,0
1780882652.25135,39869,-11.325937271118164,-5.491884708404541,-1.5282469987869263,0.46074435114860535,-0.1808527112007141,0.00583523279055953,0.49500213151633826,0.13387784361839294,0.04632234200835228,2.4671247005462646,0
1780882652.2611172,39887,-11.317811965942383,-5.495302677154541,-1.5281493663787842,0.4686480164527893,-0.20376740396022797,0.00584299536421895,0.5110638500585332,0.13301168382167816,0.04907405376434326,2.46712327003479,0
1780882652.2719927,39894,-11.314531326293945,-5.496777057647705,-1.5281102657318115,0.4716717302799225,-0.2129402756690979,0.005846667103469372,0.5175441678383654,0.1326519101858139,0.050165411084890366,2.467120885848999,0
1780882652.283202,39900,-11.311249732971191,-5.49832010269165,-1.5280712842941284,0.4746205806732178,-0.22213786840438843,0.0058508156798779964,0.5240650343439712,0.13228121399879456,0.05125987157225609,2.467118740081787,0
1780882652.2943242,39915,-11.307929039001465,-5.499931335449219,-1.5280321836471558,0.4803776144981384,-0.24089330434799194,0.0058592031709849834,0.5374258710300568,0.13228121399879456,0.05125987157225609,2.467118740081787,0
1780882652.303989,39929,-11.297656059265137,-5.505263328552246,-1.5279052257537842,0.4858150780200958,-0.25974196195602417,0.005870151333510876,0.550923438881588,0.13061560690402985,0.05572938919067383,2.467108726501465,0
1780882652.3150818,39936,-11.294257164001465,-5.507128715515137,-1.5278661251068115,0.48837313055992126,-0.2690543830394745,0.005876288283616304,0.5576137609937925,0.13018368184566498,0.05682706460356712,2.4671053886413574,0
1780882652.3243897,39948,-11.29085922241211,-5.50906229019165,-1.5278271436691284,0.49305057525634766,-0.2869502007961273,0.005888547748327255,0.5705032537086335,0.12974287569522858,0.05792104825377464,2.467100143432617,0
1780882652.3368404,39962,-11.281132698059082,-5.514882564544678,-1.5277099609375,0.4974368214607239,-0.30491897463798523,0.005897469352930784,0.5834841493853943,0.12890097498893738,0.05993342027068138,2.4670917987823486,0
1780882652.346638,39969,-11.277655601501465,-5.517070293426514,-1.5276708602905273,0.49960845708847046,-0.31432783603668213,0.005899820011109114,0.5902926450312496,0.1284022182226181,0.06106673926115036,2.467090368270874,0
1780882652.3564,39980,-11.274179458618164,-5.51931619644165,-1.5276317596435547,0.5031903982162476,-0.3308295011520386,0.005910196341574192,0.6022322360272061,0.1278713345527649,0.062233682721853256,2.4670934677124023,0
1780882652.3676467,39993,-11.265429496765137,-5.525205135345459,-1.5275341272354126,0.5065081119537354,-0.34738412499427795,0.005919608753174543,0.6142159551336717,0.12595252692699432,0.06627225875854492,2.4670937061309814,0
1780882652.3788943,40000,-11.261914253234863,-5.527685642242432,-1.52749502658844,0.5082896947860718,-0.35687097907066345,0.00592335220426321,0.6210880739717256,0.12536613643169403,0.06744837760925293,2.467095375061035,0
1780882652.3902006,40013,-11.2583589553833,-5.530234336853027,-1.5274560451507568,0.5114130973815918,-0.3748730421066284,0.005936913192272186,0.634120178522939,0.12536613643169403,0.06744837760925293,2.467095375061035,0
1780882652.3999338,40027,-11.248476028442383,-5.537656307220459,-1.5273388624191284,0.5142241716384888,-0.3929261267185211,0.005954189226031303,0.6471884517856052,0.12477836012840271,0.0686105415225029,2.467094659805298,0
1780882652.4110544,40034,-11.244882583618164,-5.540449142456055,-1.5272997617721558,0.515590250492096,-0.40248093008995056,0.005963664036244154,0.6541099072612424,0.12263089418411255,0.07273459434509277,2.4670515060424805,0
1780882652.4222322,40048,-11.241289138793945,-5.543310642242432,-1.527260661125183,0.518108606338501,-0.42187681794166565,0.005980696529150009,0.6681708959611926,0.12263089418411255,0.07273459434509277,2.4670515060424805,0
1780882652.4317513,40055,-11.233866691589355,-5.549394607543945,-1.5271728038787842,0.5192563533782959,-0.4317169189453125,0.005988964810967445,0.6753092079387533,0.12087776511907578,0.07591819018125534,2.466992139816284,0
1780882652.442672,40069,-11.226640701293945,-5.555595397949219,-1.5270849466323853,0.521242082118988,-0.4509263038635254,0.006004757713526487,0.6892487916586844,0.12028132379055023,0.07695566862821579,2.4669713973999023,0
1780882652.4527395,40069,-11.226640701293945,-5.555595397949219,-1.5270849466323853,0.521242082118988,-0.4509263038635254,0.006004757713526487,0.6892487916586844,0.1196717843413353,0.07798683643341064,2.466949462890625,0
1780882652.465368,40088,-11.216601371765137,-5.564589500427246,-1.5269628763198853,0.523429274559021,-0.4774976670742035,0.0060270787216722965,0.7085326761728121,0.11794780939817429,0.08079874515533447,2.4668829441070557,0
1780882652.4736679,40102,-11.209335327148438,-5.571415901184082,-1.5268750190734863,0.5246246457099915,-0.4967780113220215,0.006043143104761839,0.7225343804954759,0.11730610579252243,0.08181655406951904,2.466858148574829,0
1780882652.4850214,40102,-11.209335327148438,-5.571415901184082,-1.5268750190734863,0.5246246457099915,-0.4967780113220215,0.006043143104761839,0.7225343804954759,0.11667636036872864,0.08280407637357712,2.4668307304382324,0
1780882652.4947245,40120,-11.199843406677246,-5.580712795257568,-1.52676260471344,0.5256830453872681,-0.5219427943229675,0.006066408008337021,0.7408128954462279,0.11606431752443314,0.08375798910856247,2.466798782348633,0
1780882652.5053806,40127,-11.196171760559082,-5.584403991699219,-1.5267187356948853,0.5259507298469543,-0.5316036343574524,0.00607142923399806,0.7478391916324921,0.11506388336420059,0.08528780937194824,2.4667465686798096,0
1780882652.5153341,40134,-11.192500114440918,-5.58816385269165,-1.526674747467041,0.5261359810829163,-0.5412676334381104,0.006077751982957125,0.7548686380205113,0.11373050510883331,0.08724354952573776,2.4666881561279297,0
1780882652.5264711,40148,-11.188827514648438,-5.591991901397705,-1.5266308784484863,0.5262578129768372,-0.5609800219535828,0.006089310627430677,0.7692093021110206,0.1130511686205864,0.0882188007235527,2.466658592224121,0
1780882652.537533,40162,-11.17757797241211,-5.604189395904541,-1.5264990329742432,0.5260238647460938,-0.5806982517242432,0.006095156539231539,0.7835487966752593,0.11153692752122879,0.09029542654752731,2.4666032791137695,0
1780882652.5472834,40169,-11.173945426940918,-5.608290672302246,-1.526455044746399,0.5257728099822998,-0.5903685092926025,0.006100420840084553,0.7905752586664215,0.1099982038140297,0.092323899269104,2.466552972793579,0
1780882652.5599792,40186,-11.164999961853027,-5.618603229522705,-1.5263525247573853,0.5247669816017151,-0.6140413880348206,0.0061110686510801315,0.807752781709331,0.10923296958208084,0.09331130236387253,2.466524600982666,0
1780882652.5695717,40193,-11.16136646270752,-5.622939109802246,-1.526308536529541,0.5242108106613159,-0.6237055063247681,0.006112403701990843,0.8147655454871944,0.10727845877408981,0.09574376791715622,2.466456174850464,0
1780882652.5802984,40200,-11.157733917236328,-5.627333641052246,-1.5262646675109863,0.5235638618469238,-0.6333656907081604,0.006115932483226061,0.8217716350838773,0.1064634844660759,0.09672855585813522,2.466427803039551,0
1780882652.589921,40213,-11.154101371765137,-5.631796836853027,-1.526220679283142,0.5220571160316467,-0.6520078182220459,0.006121487356722355,0.8352815693102603,0.1056387722492218,0.09770917147397995,2.466398239135742,0
1780882652.600916,40227,-11.14378833770752,-5.644950866699219,-1.526098608970642,0.5202182531356812,-0.6706292033195496,0.006125683430582285,0.8487685687147263,0.1041119247674942,0.0994865819811821,2.4663374423980713,0
1780882652.6137311,40234,-11.1401948928833,-5.649677753448486,-1.5260546207427979,0.5191373825073242,-0.6802619695663452,0.006125173531472683,0.8557438208398759,0.10239790380001068,0.10139714926481247,2.4662723541259766,0
1780882652.6233122,40248,-11.136601448059082,-5.654472351074219,-1.5260107517242432,0.5166507363319397,-0.6998797655105591,0.006124229170382023,0.869940903571261,0.10239790380001068,0.10139714926481247,2.4662723541259766,0
1780882652.6335537,40255,-11.129179000854492,-5.664648532867432,-1.5259227752685547,0.5152369141578674,-0.7098618745803833,0.00612667528912425,0.8771604726866093,0.10149374604225159,0.10237240046262741,2.4662413597106934,0
1780882652.643456,40269,-11.1220703125,-5.674706935882568,-1.5258349180221558,0.5122431516647339,-0.7290385365486145,0.006132402457296848,0.8910262849996421,0.0979418158531189,0.10612320154905319,2.4660909175872803,0
1780882652.6545036,40280,-11.118515014648438,-5.679833889007568,-1.5257909297943115,0.5093114972114563,-0.7458990216255188,0.006134423892945051,0.9032171293826196,0.09708664566278458,0.10700952261686325,2.466049909591675,0
1780882652.6653771,40287,-11.11312484741211,-5.687763690948486,-1.525722622871399,0.50795578956604,-0.7531796097755432,0.006133618298918009,0.9084801759029943,0.0957363098859787,0.10837041586637497,2.4659886360168457,0
1780882652.6751432,40300,-11.106093406677246,-5.698417663574219,-1.525634765625,0.5041750073432922,-0.772254467010498,0.006135277450084686,0.9222836014354081,0.0948314443230629,0.10925566405057907,2.4659476280212402,0
1780882652.6861308,40313,-11.102617263793945,-5.703847408294678,-1.5255907773971558,0.500231146812439,-0.7904369235038757,0.006135044153779745,0.9354460802453173,0.09392911195755005,0.11012589931488037,2.465904474258423,0
1780882652.6973767,40320,-11.096288681030273,-5.713915824890137,-1.5255126953125,0.4982357919216156,-0.7990896701812744,0.006132120732218027,0.9417116375233194,0.09129985421895981,0.11255895346403122,2.4657838344573975,0
1780882652.7075887,40334,-11.089374542236328,-5.725273132324219,-1.5254247188568115,0.49357789754867554,-0.8181191682815552,0.006125516723841429,0.9554975857705809,0.09029236435890198,0.11344646662473679,2.4657437801361084,0
1780882652.7187693,40334,-11.089374542236328,-5.725273132324219,-1.5254247188568115,0.49357789754867554,-0.8181191682815552,0.006125516723841429,0.9554975857705809,0.08927865326404572,0.11432420462369919,2.4657018184661865,0
1780882652.7288291,40355,-11.079062461853027,-5.742998123168945,-1.525292992591858,0.485824316740036,-0.8468089699745178,0.0061235190369188786,0.9762930891134189,0.08829574286937714,0.11516570299863815,2.4656572341918945,0
1780882652.7400863,40362,-11.075702667236328,-5.748945236206055,-1.5252490043640137,0.48310354351997375,-0.8561818599700928,0.006121969316154718,0.9830940390480001,0.08534213900566101,0.11762642115354538,2.465517282485962,0
1780882652.7498753,40369,-11.072382926940918,-5.754951000213623,-1.5252050161361694,0.4802972972393036,-0.8655338883399963,0.0061221071518957615,0.9898847841018229,0.08440037071704865,0.11840247362852097,2.465468168258667,0
1780882652.7607362,40388,-11.063359260559082,-5.771698951721191,-1.5250829458236694,0.47219452261924744,-0.8909856081008911,0.006117095705121756,1.008394982085095,0.08345502614974976,0.11916898936033249,2.4654195308685303,0
1780882652.7719934,40395,-11.0601167678833,-5.77794885635376,-1.5250390768051147,0.46907901763916016,-0.9002596139907837,0.006114668678492308,1.0151551046737646,0.0818057730793953,0.12047504633665085,2.4653332233428955,0
1780882652.781797,40402,-11.056875228881836,-5.784267425537109,-1.5249950885772705,0.46588119864463806,-0.9095109105110168,0.006112475413829088,1.02190642915329,0.08084362000226974,0.12122022360563278,2.4652833938598633,0
1780882652.7927065,40414,-11.053671836853027,-5.79064416885376,-1.5249511003494263,0.45961517095565796,-0.9269095659255981,0.006103186402469873,1.0346229736774855,0.07887931168079376,0.12270187586545944,2.4651834964752197,0
1780882652.8036256,40428,-11.044843673706055,-5.808671951293945,-1.5248290300369263,0.45304712653160095,-0.9442164897918701,0.006094260141253471,1.0472982471388417,0.07704729586839676,0.12402772158384323,2.4650967121124268,0
1780882652.8145695,40435,-11.041718482971191,-5.815292835235596,-1.5247851610183716,0.44944652915000916,-0.953346312046051,0.006090635899454355,1.0539964274619038,0.07495822012424469,0.12549243867397308,2.464998245239258,0
1780882652.8237152,40446,-11.0386323928833,-5.821972370147705,-1.5247411727905273,0.44276586174964905,-0.9696601629257202,0.006083063781261444,1.0659828533147286,0.07391534000635147,0.12620459496974945,2.46494722366333,0
1780882652.8365161,40460,-11.030741691589355,-5.839560508728027,-1.5246288776397705,0.4358159601688385,-0.9858812689781189,0.00607299292460084,1.0779305677560382,0.07224287837743759,0.1273193359375,2.4648663997650146,0
1780882652.847089,40467,-11.02773380279541,-5.84646463394165,-1.5245848894119263,0.43183067440986633,-0.9948786497116089,0.006063980981707573,1.0845727411652113,0.07006942480802536,0.12871217727661133,2.464766025543213,0
1780882652.8567076,40479,-11.024765014648438,-5.853437423706055,-1.5245410203933716,0.42405936121940613,-1.011795997619629,0.006050638854503632,1.0970843599593691,0.06895723193883896,0.12940190732479095,2.4647161960601807,0
1780882652.8664355,40493,-11.016640663146973,-5.873144626617432,-1.5244189500808716,0.4159854054450989,-1.02859365940094,0.006037683226168156,1.1095428010319746,0.06697561591863632,0.1306046098470688,2.4646260738372803,0
1780882652.8774433,40500,-11.013789176940918,-5.880351543426514,-1.5243749618530273,0.411596417427063,-1.0374314785003662,0.006031131837517023,1.1161147154183975,0.0647868663072586,0.1319025605916977,2.4645235538482666,0
1780882652.888465,40513,-11.010976791381836,-5.887617111206055,-1.524330973625183,0.40298816561698914,-1.0542021989822388,0.006009101867675781,1.128617670990309,0.0647868663072586,0.1319025605916977,2.4645235538482666,0
1780882652.8986635,40527,-11.003202438354492,-5.908398151397705,-1.524208903312683,0.39407145977020264,-1.0708364248275757,0.005987934768199921,1.1410603925760068,0.06365194916725159,0.13255129754543304,2.464473009109497,0
1780882652.909933,40534,-11.000507354736328,-5.915898323059082,-1.5241650342941284,0.3892773687839508,-1.0794962644577026,0.005978994071483612,1.1475560130972244,0.059164561331272125,0.13499139249324799,2.4642815589904785,0
1780882652.9212966,40546,-10.997851371765137,-5.92345666885376,-1.5241259336471558,0.37991663813591003,-1.0958722829818726,0.0059609985910356045,1.1598742371673731,0.059164561331272125,0.13499139249324799,2.4642815589904785,0
1780882652.9311717,40553,-10.993124961853027,-5.937255859375,-1.5240478515625,0.3753666579723358,-1.1035951375961304,0.005952158011496067,1.1657005549574626,0.05589494854211807,0.13668464124202728,2.4641361236572266,0
1780882652.9408703,40567,-10.988007545471191,-5.952763557434082,-1.5239696502685547,0.365069717168808,-1.120574951171875,0.005931248422712088,1.1785581442149622,0.05473564937710762,0.13726304471492767,2.4640839099884033,0
1780882652.9517827,40567,-10.988007545471191,-5.952763557434082,-1.5239696502685547,0.365069717168808,-1.120574951171875,0.005931248422712088,1.1785581442149622,0.053576938807964325,0.1378244161605835,2.4640309810638428,0
1780882652.9627545,40588,-10.98046875,-5.976913928985596,-1.523842692375183,0.348719984292984,-1.1462074518203735,0.005886454600840807,1.198095071520462,0.05241796746850014,0.13837037980556488,2.463977575302124,0
1780882652.9738946,40602,-10.97574234008789,-5.993007659912109,-1.5237646102905273,0.3376072645187378,-1.1627484560012817,0.005853962618857622,1.2107835916742233,0.048619724810123444,0.14004968106746674,2.463819980621338,0
1780882652.9851866,40602,-10.97574234008789,-5.993007659912109,-1.5237646102905273,0.3376072645187378,-1.1627484560012817,0.005853962618857622,1.2107835916742233,0.04731547459959984,0.14060162007808685,2.4637696743011475,0
1780882652.9949195,40622,-10.969257354736328,-6.016327857971191,-1.523647427558899,0.3211767375469208,-1.1859772205352783,0.005807862151414156,1.2287107859999593,0.04731547459959984,0.14060162007808685,2.4637696743011475,0
1780882653.0060563,40629,-10.967069625854492,-6.024619102478027,-1.5236083269119263,0.3152519166469574,-1.1940293312072754,0.00579412467777729,1.2349588602919754,0.04224247485399246,0.1426527351140976,2.463573694229126,0
1780882653.0172887,40636,-10.964921951293945,-6.032968521118164,-1.5235693454742432,0.3092460632324219,-1.202030897140503,0.005782179534435272,1.2411868670370798,0.041003551334142685,0.14313946664333344,2.46352219581604,0
1780882653.0284564,40653,-10.959726333618164,-6.054013729095459,-1.5234715938568115,0.2939123511314392,-1.2217780351638794,0.0057495832443237305,1.2566459704562791,0.03980701416730881,0.14361034333705902,2.463470220565796,0
1780882653.03841,40660,-10.957734107971191,-6.062548637390137,-1.5234326124191284,0.2876414656639099,-1.2296130657196045,0.005735101643949747,1.2628217592156517,0.03800775855779648,0.14429593086242676,2.463392496109009,0
1780882653.0494866,40667,-10.955780982971191,-6.071142673492432,-1.5233935117721558,0.28129705786705017,-1.2373994588851929,0.005720848683267832,1.268983129802632,0.03561801463365555,0.145161971449852,2.463289499282837,0
1780882653.0605233,40687,-10.950468063354492,-6.095810413360596,-1.5232861042022705,0.2629062831401825,-1.2592203617095947,0.005677270703017712,1.286385581566143,0.03444164618849754,0.14557479321956635,2.4632375240325928,0
1780882653.0703166,40694,-10.948671340942383,-6.10460901260376,-1.5232470035552979,0.2562909424304962,-1.2668200731277466,0.005659976042807102,1.2924976519050648,0.03109780326485634,0.1466730833053589,2.463094472885132,0
1780882653.0830715,40701,-10.946913719177246,-6.113534927368164,-1.5232080221176147,0.24954968690872192,-1.2744338512420654,0.005642108619213104,1.2986487288014397,0.029900677502155304,0.14704428613185883,2.4630441665649414,0
1780882653.0924435,40719,-10.942461013793945,-6.137714862823486,-1.52310049533844,0.23111993074417114,-1.2945728302001953,0.005581245291978121,1.3150537576003285,0.02865585871040821,0.14740656316280365,2.462995767593384,0
1780882653.103602,40726,-10.940897941589355,-6.14675760269165,-1.5230615139007568,0.22417491674423218,-1.3019218444824219,0.005559210665524006,1.3210926490072596,0.025220654904842377,0.1483445167541504,2.4628682136535645,0
1780882653.114527,40733,-10.939374923706055,-6.155849456787109,-1.5230224132537842,0.2171594798564911,-1.3092138767242432,0.005537581164389849,1.3271133634712657,0.02395426295697689,0.14867568016052246,2.4628219604492188,0
1780882653.1242824,40748,-10.937929153442383,-6.164989948272705,-1.5229833126068115,0.20259320735931396,-1.32395339012146,0.005487680435180664,1.339375489367638,0.02266528457403183,0.14899969100952148,2.462775707244873,0
1780882653.135128,40762,-10.93375015258789,-6.193564414978027,-1.522866129875183,0.18773584067821503,-1.3384466171264648,0.005433530546724796,1.3515596975445205,0.01995997689664364,0.1496403068304062,2.462681770324707,0
1780882653.1473627,40769,-10.932499885559082,-6.20290994644165,-1.5228271484375,0.18036536872386932,-1.345438003540039,0.0054036760702729225,1.3574845440445265,0.01723814569413662,0.15021131932735443,2.4625935554504395,0
1780882653.1583061,40781,-10.931288719177246,-6.212304592132568,-1.5227880477905273,0.16637659072875977,-1.3583390712738037,0.0053474330343306065,1.3685009307748246,0.01723814569413662,0.15021131932735443,2.4625935554504395,0
1780882653.1680365,40795,-10.928241729736328,-6.238300800323486,-1.522680640220642,0.1521371603012085,-1.3710026741027832,0.005297660827636719,1.3794281833976507,0.013357945717871189,0.1509394496679306,2.462475061416626,0
1780882653.1781676,40802,-10.927226066589355,-6.247870922088623,-1.522646427154541,0.1444307267665863,-1.3776779174804688,0.005271553993225098,1.385238054786667,0.011998835951089859,0.15118657052516937,2.462432384490967,0
1780882653.188852,40814,-10.926288604736328,-6.257480144500732,-1.52261221408844,0.1295289844274521,-1.390245795249939,0.005219526123255491,1.3962766102996547,0.00937182828783989,0.15165530145168304,2.4623491764068604,0
1780882653.1999462,40821,-10.924687385559082,-6.275077819824219,-1.5225439071655273,0.12234726548194885,-1.39614999294281,0.0051927994936704636,1.4015101217371568,0.007000469136983156,0.15204404294490814,2.4622743129730225,0
1780882653.2108464,40835,-10.923163414001465,-6.294599533081055,-1.5224756002426147,0.10637740790843964,-1.4089502096176147,0.005132908932864666,1.4129696362091269,0.005684113595634699,0.1522437334060669,2.4622347354888916,0
1780882653.220598,40846,-10.922499656677246,-6.304423809051514,-1.5224413871765137,0.0919608473777771,-1.4201045036315918,0.005079064052551985,1.4230879788603439,0.004359380807727575,0.15243719518184662,2.4621944427490234,0
1780882653.2303338,40853,-10.921523094177246,-6.319804668426514,-1.5223827362060547,0.08558673411607742,-1.4249168634414673,0.005055513232946396,1.4274938581270933,0.0030330708250403404,0.1526167243719101,2.462155818939209,0
1780882653.241646,40867,-10.920507431030273,-6.339726448059082,-1.522314429283142,0.06904991716146469,-1.4371124505996704,0.004989971872419119,1.4387789915577314,-0.0003499491431284696,0.15302836894989014,2.4620583057403564,0
1780882653.2515147,40867,-10.920507431030273,-6.339726448059082,-1.522314429283142,0.06904991716146469,-1.4371124505996704,0.004989971872419119,1.4387789915577314,-0.0016959051135927439,0.15317128598690033,2.462022066116333,0
1780882653.2643101,40888,-10.919374465942383,-6.370761394500732,-1.5222119092941284,0.043070290237665176,-1.4553712606430054,0.004883579909801483,1.4560166226934028,-0.003093522973358631,0.15330325067043304,2.4619863033294678,0
1780882653.273923,40895,-10.919140815734863,-6.380908012390137,-1.5221776962280273,0.03452145308256149,-1.4611436128616333,0.004849257413297892,1.4615594081072238,-0.007326359860599041,0.15364466607570648,2.4618804454803467,0
1780882653.2850716,40902,-10.9189453125,-6.391093730926514,-1.5221434831619263,0.025913752615451813,-1.4668439626693726,0.004816426895558834,1.4670807514797004,-0.008655807934701443,0.15373729169368744,2.461848020553589,0
1780882653.294633,40920,-10.91878890991211,-6.417548656463623,-1.522060513496399,0.0034366154577583075,-1.4812177419662476,0.0047277114354074,1.481229273507923,-0.009951167739927769,0.15382419526576996,2.461815595626831,0
1780882653.3043296,40927,-10.918828010559082,-6.427870750427246,-1.5220263004302979,-0.005369986407458782,-1.4866693019866943,0.004690141417086124,1.4866863985555707,-0.012003932148218155,0.15394020080566406,2.461766481399536,0
1780882653.3149931,40934,-10.9189453125,-6.438486099243164,-1.5219922065734863,-0.014448294416069984,-1.4921820163726807,0.0046511124819517136,1.4922592120824358,-0.014664418995380402,0.15403878688812256,2.461707353591919,0
1780882653.3277798,40949,-10.91910171508789,-6.448886394500732,-1.5219579935073853,-0.032751183956861496,-1.5029679536819458,0.004568181000649929,1.503331692649073,-0.015982693061232567,0.15407121181488037,2.4616787433624268,0
1780882653.3377767,40963,-10.920039176940918,-6.482353210449219,-1.5218554735183716,-0.05219193920493126,-1.5139490365982056,0.004471736028790474,1.5148550030803996,-0.018862109631299973,0.1540766805410385,2.4616241455078125,0
1780882653.3487623,40970,-10.9204683303833,-6.492900371551514,-1.521826148033142,-0.061332475394010544,-1.5189340114593506,0.004429206717759371,1.520178220334083,-0.02184484340250492,0.15402232110500336,2.461573839187622,0
1780882653.3598747,40984,-10.920976638793945,-6.503486156463623,-1.5217968225479126,-0.07956191897392273,-1.5285485982894897,0.004329843446612358,1.5306239459213518,-0.0233234241604805,0.15399038791656494,2.461550712585449,0
1780882653.3696043,40997,-10.922773361206055,-6.53494119644165,-1.5217089653015137,-0.09801590442657471,-1.5378276109695435,0.004233460407704115,1.5409538606875537,-0.026323210448026657,0.153936967253685,2.461507797241211,0
1780882653.3806145,41004,-10.923515319824219,-6.545654296875,-1.5216796398162842,-0.10743876546621323,-1.5423928499221802,0.004188766237348318,1.546135937613042,-0.02937999926507473,0.15390513837337494,2.461466073989868,0
1780882653.3919702,41018,-10.92519474029541,-6.56716775894165,-1.5216211080551147,-0.1264623999595642,-1.5512663125991821,0.004089741501957178,1.5564178864283684,-0.030946996062994003,0.15389345586299896,2.4614455699920654,0
1780882653.401807,41025,-10.926132202148438,-6.577968597412109,-1.5215917825698853,-0.13606414198875427,-1.5555719137191772,0.004042577464133501,1.5615164974855797,-0.03250761702656746,0.153883695602417,2.461425304412842,0
1780882653.4133725,41032,-10.92714786529541,-6.588798522949219,-1.5215624570846558,-0.1457253396511078,-1.5597909688949585,0.003996286075562239,1.5665885584814865,-0.035580363124608994,0.1538710594177246,2.4613866806030273,0
1780882653.4231806,41048,-10.928241729736328,-6.599658012390137,-1.5215331315994263,-0.16617825627326965,-1.5683680772781372,0.0038931844756007195,1.5771521155451387,-0.03711753338575363,0.15386198461055756,2.4613683223724365,0
1780882653.4342186,41061,-10.932147979736328,-6.634541034698486,-1.521450161933899,-0.1868903636932373,-1.5765631198883057,0.003790969727560878,1.5876062643126645,-0.040532246232032776,0.15382039546966553,2.461329936981201,0
1780882653.4440627,41068,-10.933515548706055,-6.645517349243164,-1.521425724029541,-0.19685721397399902,-1.5803310871124268,0.00374399172142148,1.5925492535747707,-0.0420992411673069,0.1537916660308838,2.4613139629364014,0
1780882653.4554126,41079,-10.93496036529541,-6.656513690948486,-1.521401286125183,-0.21483466029167175,-1.5868420600891113,0.0036519335117191076,1.6013228879738362,-0.043667856603860855,0.15375863015651703,2.4612977504730225,0
1780882653.4662762,41093,-10.938944816589355,-6.684970378875732,-1.521337866783142,-0.23300309479236603,-1.5930579900741577,0.0035503243561834097,1.6100114306193511,-0.04783943295478821,0.15361176431179047,2.4612619876861572,0
1780882653.4761899,41100,-10.940625190734863,-6.696054458618164,-1.5213134288787842,-0.24324335157871246,-1.5964018106460571,0.0034968184772878885,1.614830733191785,-0.05124722048640251,0.15343426167964935,2.4612390995025635,0
1780882653.4872391,41115,-10.9423828125,-6.707167625427246,-1.5212889909744263,-0.2648385465145111,-1.6030775308609009,0.0033766506239771843,1.624810274290644,-0.05124722048640251,0.15343426167964935,2.4612390995025635,0
1780882653.4985766,41122,-10.946484565734863,-6.731464862823486,-1.521240234375,-0.27620387077331543,-1.6063885688781738,0.0033074331004172564,1.6299643405812114,-0.052938319742679596,0.15333092212677002,2.4612295627593994,0
1780882653.5099072,41136,-10.950546264648438,-6.753828048706055,-1.5211913585662842,-0.2972467243671417,-1.6121366024017334,0.003186578629538417,1.639313940108411,-0.05845265835523605,0.15289317071437836,2.4612085819244385,0
1780882653.5194328,41136,-10.950546264648438,-6.753828048706055,-1.5211913585662842,-0.2972467243671417,-1.6121366024017334,0.003186578629538417,1.639313940108411,-0.060189586132764816,0.15272963047027588,2.4612045288085938,0
1780882653.5303223,41155,-10.956562042236328,-6.784404277801514,-1.5211328268051147,-0.32628023624420166,-1.6192870140075684,0.00302076805382967,1.6518348438438857,-0.06486502289772034,0.1522347778081894,2.4611997604370117,0
1780882653.5428944,41169,-10.96132755279541,-6.806943416595459,-1.521093726158142,-0.3478579521179199,-1.6240630149841309,0.002890028990805149,1.6609016177241163,-0.06655082106590271,0.1520392894744873,2.4611997604370117,0
1780882653.5526469,41180,-10.963828086853027,-6.818242073059082,-1.5210741758346558,-0.35872477293014526,-1.6263020038604736,0.002823047572746873,1.6653977423042143,-0.06816735118627548,0.15184389054775238,2.461199998855591,0
1780882653.5622048,41187,-10.96792984008789,-6.836318016052246,-1.5210448503494263,-0.3762071430683136,-1.62967050075531,0.002705049468204379,1.6725325326642562,-0.06971624493598938,0.15165100991725922,2.461199998855591,0
1780882653.5729873,41201,-10.973398208618164,-6.858994007110596,-1.5210058689117432,-0.3982405364513397,-1.6335557699203491,0.0025361108127981424,1.681400133867953,-0.07219885289669037,0.1513197273015976,2.4612033367156982,0
1780882653.584622,41201,-10.973398208618164,-6.858994007110596,-1.5210058689117432,-0.3982405364513397,-1.6335557699203491,0.0025361108127981424,1.681400133867953,-0.07547987997531891,0.1508094072341919,2.4612159729003906,0
1780882653.5941992,41220,-10.981367111206055,-6.89013671875,-1.520961880683899,-0.42874589562416077,-1.6381858587265015,0.002299985848367214,1.6933638831275903,-0.07718536257743835,0.15051697194576263,2.4612255096435547,0
1780882653.603931,41227,-10.984414100646973,-6.901523113250732,-1.5209472179412842,-0.4399700164794922,-1.6396747827529907,0.00221112254075706,1.6976783846358892,-0.08198811113834381,0.14961254596710205,2.4612629413604736,0
1780882653.6151946,41234,-10.987539291381836,-6.912919998168945,-1.5209325551986694,-0.45124197006225586,-1.6410502195358276,0.002125654136762023,1.7019605333231917,-0.08372504264116287,0.14925692975521088,2.4612796306610107,0
1780882653.6265693,41248,-10.990741729736328,-6.924325942993164,-1.5209178924560547,-0.47393426299095154,-1.6434688568115234,0.0019519090419635177,1.710440697275138,-0.08372504264116287,0.14925692975521088,2.4612796306610107,0
1780882653.636417,41261,-11.00082015991211,-6.958603382110596,-1.5208740234375,-0.4967998266220093,-1.6454540491104126,0.0017642354359850287,1.7188170955608348,-0.08872165530920029,0.14815258979797363,2.4613349437713623,0
1780882653.647662,41268,-11.004335403442383,-6.970038890838623,-1.5208642482757568,-0.5082882046699524,-1.6462849378585815,0.0016679238760843873,1.7229665631104667,-0.09197977930307388,0.14735376834869385,2.4613795280456543,0
1780882653.6577199,41281,-11.007929801940918,-6.98147439956665,-1.5208544731140137,-0.5303412675857544,-1.6475653648376465,0.0014705037465319037,1.730819359118201,-0.09197977930307388,0.14735376834869385,2.4613795280456543,0
1780882653.668902,41295,-11.0185546875,-7.013798713684082,-1.5208251476287842,-0.552587628364563,-1.648439884185791,0.0012588691897690296,1.7385938926464897,-0.09664883464574814,0.1460658311843872,2.461459159851074,0
1780882653.6786537,41302,-11.0224609375,-7.025243759155273,-1.520815372467041,-0.5642594695091248,-1.648729681968689,0.0011478901142254472,1.7426128746187455,-0.10008271783590317,0.14502190053462982,2.4615297317504883,0
1780882653.6895714,41313,-11.02652359008789,-7.036835670471191,-1.5208104848861694,-0.5853545665740967,-1.6489421129226685,0.0009434556704945862,1.7497573976090586,-0.10182709246873856,0.1444626897573471,2.461568832397461,0
1780882653.7008042,41327,-11.037187576293945,-7.066308498382568,-1.5207958221435547,-0.606415867805481,-1.6487634181976318,0.000735216133762151,1.756747436160297,-0.1045728251338005,0.1435454934835434,2.4616363048553467,0
1780882653.7118893,41334,-11.041483879089355,-7.07775354385376,-1.520790934562683,-0.6182459592819214,-1.6484977006912231,0.000618143065366894,1.7606172546733494,-0.10631027817726135,0.14293597638607025,2.4616823196411133,0
1780882653.7217262,41346,-11.045859336853027,-7.089199066162109,-1.5207860469818115,-0.640390157699585,-1.647668719291687,0.00039373873732984066,1.767742039337471,-0.10802853107452393,0.1423191875219345,2.461728811264038,0
1780882653.7327807,41360,-11.058202743530273,-7.120419979095459,-1.5207860469818115,-0.6626346707344055,-1.6464118957519531,0.0001634216314414516,1.7747554378109294,-0.11267896741628647,0.1405423879623413,2.4618682861328125,0
1780882653.7426093,41367,-11.06289005279541,-7.131845474243164,-1.5207860469818115,-0.6746014952659607,-1.6455628871917725,4.0359496779274195e-05,1.7784724891734707,-0.1160968616604805,0.13914905488491058,2.4619812965393066,0
1780882653.7538621,41381,-11.067655563354492,-7.143271446228027,-1.5207860469818115,-0.6992100477218628,-1.6434333324432373,-0.00022351741790771484,1.7859921217577444,-0.1160968616604805,0.13914905488491058,2.4619812965393066,0
1780882653.7652032,41388,-11.077929496765137,-7.167226314544678,-1.520790934562683,-0.7118510007858276,-1.642136812210083,-0.0003658294735942036,1.7897891750612644,-0.11778797954320908,0.13842950761318207,2.462040901184082,0
1780882653.7752295,41402,-11.088086128234863,-7.190009593963623,-1.5208007097244263,-0.7360010147094727,-1.6392571926116943,-0.0006276178173720837,1.7969034562509674,-0.12487199902534485,0.13511121273040771,2.4623308181762695,0
1780882653.7861536,41413,-11.093280792236328,-7.201386451721191,-1.5208055973052979,-0.7574694156646729,-1.636249303817749,-0.0008553504594601691,1.8030730521905811,-0.12487199902534485,0.13511121273040771,2.4623308181762695,0
1780882653.7976356,41420,-11.101445198059082,-7.218935489654541,-1.520815372467041,-0.766843855381012,-1.6348007917404175,-0.0009528398513793945,1.8057198107996968,-0.12659507989883423,0.13424669206142426,2.4624085426330566,0
1780882653.8075433,41434,-11.112343788146973,-7.241601467132568,-1.5208349227905273,-0.7911533117294312,-1.6307156085968018,-0.0012137555750086904,1.812500601926598,-0.1308971494436264,0.13202832639217377,2.462610960006714,0
1780882653.817291,41434,-11.112343788146973,-7.241601467132568,-1.5208349227905273,-0.7911533117294312,-1.6307156085968018,-0.0012137555750086904,1.812500601926598,-0.13256379961967468,0.13112545013427734,2.4626951217651367,0
1780882653.8280058,41455,-11.130000114440918,-7.276738166809082,-1.5208642482757568,-0.8290773630142212,-1.623313546180725,-0.0016329431673511863,1.8227777729552892,-0.1342277228832245,0.13019561767578125,2.462782144546509,0
1780882653.837704,41462,-11.135859489440918,-7.287988185882568,-1.5208789110183716,-0.8412835001945496,-1.6206579208374023,-0.001769428257830441,1.826004697406051,-0.13930743932724,0.12716268002986908,2.463069438934326,0
1780882653.849151,41469,-11.141797065734863,-7.299218654632568,-1.5208935737609863,-0.8534952998161316,-1.6178690195083618,-0.0019017743179574609,1.8291960003888956,-0.14089417457580566,0.1261873096227646,2.463160753250122,0
1780882653.8601944,41488,-11.158475875854492,-7.329911708831787,-1.520937442779541,-0.88700270652771,-1.6095324754714966,-0.002286419738084078,1.8377632651405635,-0.1424877792596817,0.1251739263534546,2.463257312774658,0
1780882653.871556,41495,-11.164726257324219,-7.341064453125,-1.5209521055221558,-0.8992297649383545,-1.6062508821487427,-0.0024269388522952795,1.8408318653768723,-0.1451973021030426,0.12339376658201218,2.463425636291504,0
1780882653.8812234,41502,-11.17105484008789,-7.352197170257568,-1.520971655845642,-0.911457359790802,-1.6028404235839844,-0.0025673341006040573,1.8438705305406045,-0.14819760620594025,0.1213596984744072,2.463613271713257,0
1780882653.8924563,41520,-11.1875,-7.380380630493164,-1.521020531654358,-0.942533016204834,-1.5935726165771484,-0.002938122721388936,1.851445598311181,-0.14968951046466827,0.12031041830778122,2.4637107849121094,0
1780882653.9024112,41527,-11.194140434265137,-7.391416072845459,-1.5210399627685547,-0.954753577709198,-1.5897060632705688,-0.0030856274534016848,1.8543811050710435,-0.15197399258613586,0.11864959448575974,2.4638671875,0
1780882653.9135122,41534,-11.200859069824219,-7.402431488037109,-1.5210644006729126,-0.9669680595397949,-1.5857092142105103,-0.0032320404425263405,1.8572860270533702,-0.15490242838859558,0.11642908304929733,2.4640772342681885,0
1780882653.9232223,41548,-11.207655906677246,-7.413417816162109,-1.5210888385772705,-0.9919598698616028,-1.577118992805481,-0.0035395908635109663,1.863142836603545,-0.15636928379535675,0.11527001112699509,2.464189291000366,0
1780882653.934286,41562,-11.229257583618164,-7.447226524353027,-1.5211669206619263,-1.0169074535369873,-1.5679713487625122,-0.0038500833325088024,1.8688632220526142,-0.1594058722257614,0.11276411265134811,2.4644339084625244,0
1780882653.9453118,41569,-11.236406326293945,-7.458085536956787,-1.5211962461471558,-1.0290684700012207,-1.563295602798462,-0.004004230257123709,1.8716012106054034,-0.16086845099925995,0.1114884540438652,2.464561939239502,0
1780882653.9562006,41581,-11.243632316589355,-7.468905925750732,-1.5212255716323853,-1.0520498752593994,-1.554040789604187,-0.004290380515158176,1.8766646272448062,-0.16235503554344177,0.110145203769207,2.4647018909454346,0
1780882653.967103,41588,-11.256757736206055,-7.488173484802246,-1.521279215812683,-1.0628700256347656,-1.549487590789795,-0.0044173384085297585,1.8789954758548584,-0.16386771202087402,0.10873579233884811,2.4648516178131104,0
1780882653.9772131,41602,-11.271757125854492,-7.509580135345459,-1.5213427543640137,-1.0870139598846436,-1.5388997793197632,-0.004702887497842312,1.8841003149846685,-0.16799935698509216,0.10477625578641891,2.4652745723724365,0
1780882653.9882395,41613,-11.279375076293945,-7.520224571228027,-1.5213769674301147,-1.1083219051361084,-1.5290191173553467,-0.004936680663377047,1.8884653233402589,-0.170909121632576,0.10184561461210251,2.4655919075012207,0
1780882653.998004,41620,-11.291288375854492,-7.536601543426514,-1.5214306116104126,-1.1175811290740967,-1.524566888809204,-0.005034890025854111,1.8903219642784352,-0.17304018139839172,0.09967517107725143,2.465820074081421,0
1780882654.0102675,41634,-11.307069778442383,-7.557656288146973,-1.5215039253234863,-1.1414932012557983,-1.5126965045928955,-0.0052940985187888145,1.8950687246113005,-0.1743462234735489,0.09832441806793213,2.4659550189971924,0
1780882654.020043,41634,-11.307069778442383,-7.557656288146973,-1.5215039253234863,-1.1414932012557983,-1.5126965045928955,-0.0052940985187888145,1.8950687246113005,-0.1756143867969513,0.09699559211730957,2.4660849571228027,0
1780882654.031329,41655,-11.33226490020752,-7.590058326721191,-1.5216259956359863,-1.178478717803955,-1.493209958076477,-0.005707115866243839,1.9022409517164536,-0.17945469915866852,0.09274076670408249,2.4664924144744873,0
1780882654.0424573,41662,-11.340546607971191,-7.600380897521973,-1.5216649770736694,-1.1903082132339478,-1.4866799116134644,-0.0058393762446939945,1.9044907194318743,-0.18066594004631042,0.09133671969175339,2.466625690460205,0
1780882654.0518475,41669,-11.348905563354492,-7.610654354095459,-1.521704077720642,-1.2021054029464722,-1.4800214767456055,-0.005967121105641127,1.9067135542486795,-0.18185743689537048,0.08993709087371826,2.4667556285858154,0
1780882654.0644636,41688,-11.371874809265137,-7.638222694396973,-1.521826148033142,-1.2338452339172363,-1.4613617658615112,-0.006309456657618284,1.9125877969979492,-0.18302974104881287,0.08854794502258301,2.466883420944214,0
1780882654.073902,41695,-11.380507469177246,-7.648320198059082,-1.5218701362609863,-1.2455202341079712,-1.4542312622070312,-0.0064414311200380325,1.9147194858744987,-0.1861962229013443,0.08456229418516159,2.4672653675079346,0
1780882654.084988,41702,-11.3892183303833,-7.658369064331055,-1.521914005279541,-1.2571548223495483,-1.446968674659729,-0.0065671345219016075,1.9168202106768089,-0.18735897541046143,0.08300899714231491,2.467419147491455,0
1780882654.0946805,41722,-11.414335250854492,-7.686484336853027,-1.5220507383346558,-1.2898011207580566,-1.425722599029541,-0.006909956689924002,1.9225814958003067,-0.18851803243160248,0.08143353462219238,2.4675750732421875,0
1780882654.1073396,41729,-11.423358917236328,-7.696328163146973,-1.5220996141433716,-1.3012713193893433,-1.4179562330245972,-0.007029804866760969,1.9245665339486324,-0.1916264444589615,0.07695353031158447,2.468019723892212,0
1780882654.1171734,41735,-11.43246078491211,-7.706122875213623,-1.5221483707427979,-1.312696933746338,-1.4100576639175415,-0.007159661967307329,1.9265220258795688,-0.1927337497472763,0.07522356510162354,2.4682021141052246,0
1780882654.1269212,41755,-11.458046913146973,-7.73291015625,-1.5222851037979126,-1.3439947366714478,-1.3874735832214355,-0.007493386045098305,1.9316989794407162,-0.1927337497472763,0.07522356510162354,2.4682021141052246,0
1780882654.1378744,41762,-11.467460632324219,-7.742490291595459,-1.5223388671875,-1.3552038669586182,-1.3790448904037476,-0.00760026928037405,1.933494270708194,-0.1968691349029541,0.0683351680636406,2.468947410583496,0
1780882654.1477668,41769,-11.47695255279541,-7.752011775970459,-1.5223925113677979,-1.366355061531067,-1.3704798221588135,-0.007702851202338934,1.9352520329488518,-0.1978907287120819,0.06658696383237839,2.4691247940063477,0
1780882654.158981,41782,-11.486757278442383,-7.761689186096191,-1.5224462747573853,-1.387934684753418,-1.3533940315246582,-0.007908549159765244,1.9385821207413294,-0.19890911877155304,0.0647883415222168,2.4693055152893066,0
1780882654.1710818,41795,-11.51449203491211,-7.788330078125,-1.522607445716858,-1.4090358018875122,-1.336012840270996,-0.0081121064722538,1.9417461231173287,-0.20069986581802368,0.061440225690603256,2.4696431159973145,0
1780882654.180777,41802,-11.524335861206055,-7.797548770904541,-1.5226659774780273,-1.4198932647705078,-1.3267992734909058,-0.008208684623241425,1.9433374843242979,-0.2025720328092575,0.05773937329649925,2.470012903213501,0
1780882654.1919434,41813,-11.534257888793945,-7.806699275970459,-1.5227246284484863,-1.4386730194091797,-1.310401439666748,-0.008372511714696884,1.9460221193010692,-0.2025720328092575,0.05773937329649925,2.470012903213501,0
1780882654.2027776,41827,-11.559257507324219,-7.829198837280273,-1.5228710174560547,-1.457254409790039,-1.2936139106750488,-0.008533305488526821,1.9486149393985126,-0.20558518171310425,0.051373839378356934,2.470611572265625,0
1780882654.2137997,41835,-11.570234298706055,-7.838788986206055,-1.5229345560073853,-1.4686205387115479,-1.2830804586410522,-0.008629360236227512,1.9501836364635041,-0.2064720094203949,0.04938935860991478,2.4707932472229004,0
1780882654.2246199,41848,-11.5816011428833,-7.848564147949219,-1.5230028629302979,-1.4902433156967163,-1.2624107599258423,-0.00881939847022295,1.9530959650116175,-0.2064720094203949,0.04938935860991478,2.4707932472229004,0
1780882654.235969,41862,-11.612070083618164,-7.873974323272705,-1.5231835842132568,-1.510448932647705,-1.2422977685928345,-0.008976902812719345,1.9557198952742278,-0.20886456966400146,0.04352974519133568,2.471343755722046,0
1780882654.246718,41869,-11.6226167678833,-7.882529258728027,-1.5232470035552979,-1.5206396579742432,-1.2318589687347412,-0.009050488471984863,1.9570138986726244,-0.20961132645606995,0.041603803634643555,2.471518039703369,0
1780882654.2563777,41882,-11.633241653442383,-7.891005516052246,-1.5233105421066284,-1.5398844480514526,-1.2115803956985474,-0.009187955409288406,1.9594018442158256,-0.21105259656906128,0.03776836395263672,2.4718592166900635,0
1780882654.2670717,41889,-11.65273380279541,-7.906239986419678,-1.5234277248382568,-1.5489487648010254,-1.2017631530761719,-0.009252013638615608,1.960500587050811,-0.21229258179664612,0.03419601917266846,2.4721810817718506,0
1780882654.2779853,41903,-11.674452781677246,-7.922704696655273,-1.5235546827316284,-1.5686602592468262,-1.1798192262649536,-0.009383010677993298,1.9628439715102515,-0.2129509150981903,0.032192230224609375,2.4723634719848633,0
1780882654.2892802,41913,-11.685429573059082,-7.930819988250732,-1.5236181020736694,-1.5857573747634888,-1.1600512266159058,-0.009487385861575603,1.9647990509159825,-0.21357624232769012,0.030176280066370964,2.4725446701049805,0
1780882654.2989116,41920,-11.702265739440918,-7.943076133728027,-1.5237157344818115,-1.593073844909668,-1.1513698101043701,-0.009528255090117455,1.9656112287530585,-0.21417014300823212,0.02815544418990612,2.472724199295044,0
1780882654.3100014,41934,-11.724609375,-7.958827972412109,-1.5238524675369263,-1.6120145320892334,-1.1283408403396606,-0.009636607021093369,1.9676983426938595,-0.21612009406089783,0.02102780155837536,2.4733333587646484,0
1780882654.3194482,41946,-11.735858917236328,-7.96658182144165,-1.5239208936691284,-1.6296180486679077,-1.1060938835144043,-0.009729137644171715,1.9695667848061094,-0.21612009406089783,0.02102780155837536,2.4733333587646484,0
1780882654.3307598,41953,-11.756132125854492,-7.98025369644165,-1.5240380764007568,-1.6378097534179688,-1.0954444408416748,-0.009765605442225933,1.970409774237737,-0.21752305328845978,0.015233755111694336,2.4738264083862305,0
1780882654.340209,41967,-11.779062271118164,-7.995214462280273,-1.5241748094558716,-1.655875563621521,-1.0713034868240356,-0.009847668930888176,1.972235285067073,-0.21798747777938843,0.013153313659131527,2.4739978313446045,0
1780882654.3516703,41967,-11.779062271118164,-7.995214462280273,-1.5241748094558716,-1.655875563621521,-1.0713034868240356,-0.009847668930888176,1.972235285067073,-0.21841572225093842,0.011063933372497559,2.474168539047241,0
1780882654.3612802,41988,-11.814140319824219,-8.0171480178833,-1.524379849433899,-1.6824088096618652,-1.034028172492981,-0.009967122226953506,1.9747944216709028,-0.21841572225093842,0.011063933372497559,2.474168539047241,0
1780882654.3724573,41995,-11.825898170471191,-8.024237632751465,-1.5244481563568115,-1.6909955739974976,-1.021458625793457,-0.01000372413545847,1.9755869583451806,-0.21982881426811218,0.002469301223754883,2.47485613822937,0
1780882654.3825755,42002,-11.837695121765137,-8.031240463256836,-1.5245165824890137,-1.6994789838790894,-1.0087785720825195,-0.010050292126834393,1.9763511915930791,-0.22013188898563385,0.0001746415946399793,2.475052833557129,0
1780882654.393792,42021,-11.870702743530273,-8.050175666809082,-1.5247118473052979,-1.7223581075668335,-0.9731015563011169,-0.010122551582753658,1.9782685752009015,-0.22041523456573486,-0.0020966529846191406,2.4752414226531982,0
1780882654.4036539,42028,-11.882734298706055,-8.056845664978027,-1.5247802734375,-1.7304216623306274,-0.9600169658660889,-0.010140690952539444,1.9789124634068123,-0.22109811007976532,-0.008100152015686035,2.4756813049316406,0
1780882654.4150925,42035,-11.894804000854492,-8.063417434692383,-1.5248485803604126,-1.7383804321289062,-0.9468332529067993,-0.010156125761568546,1.979536027080396,-0.2213154137134552,-0.010155677795410156,2.4758079051971436,0
1780882654.4260533,42048,-11.906913757324219,-8.069902420043945,-1.5249170064926147,-1.7532479763031006,-0.9214544296264648,-0.01020173542201519,1.9806718071641176,-0.22149968147277832,-0.012265562079846859,2.4759433269500732,0
1780882654.4368634,42062,-11.94124984741211,-8.087626457214355,-1.5251171588897705,-1.7677217721939087,-0.8957310318946838,-0.010236434638500214,1.9817363926571052,-0.22176872193813324,-0.016127465292811394,2.476189613342285,0
1780882654.4465804,42068,-11.953593254089355,-8.09375,-1.5251903533935547,-1.7751641273498535,-0.882090151309967,-0.010250033810734749,1.9822703592751745,-0.2219822257757187,-0.020378468558192253,2.4764444828033447,0
1780882654.4582183,42083,-11.96597671508789,-8.099784851074219,-1.5252636671066284,-1.7901396751403809,-0.853729248046875,-0.010289492085576057,1.9833203369929353,-0.22205416858196259,-0.022495506331324577,2.47656512260437,0
1780882654.4679685,42090,-11.99234390258789,-8.11221694946289,-1.525415062904358,-1.7976521253585815,-0.8389992117881775,-0.010316538624465466,1.9838294463377135,-0.2220834642648697,-0.027208803221583366,2.476863145828247,0
1780882654.4792593,42107,-12.017460823059082,-8.123583793640137,-1.5255614519119263,-1.8160641193389893,-0.8011685013771057,-0.010353798978030682,1.9849602147908691,-0.22206056118011475,-0.0294800978153944,2.4770090579986572,0
1780882654.4900506,42114,-12.0347261428833,-8.131152153015137,-1.525659203529358,-1.8206005096435547,-0.7914239168167114,-0.010363039560616016,1.9852066452671397,-0.2219603955745697,-0.03486478328704834,2.4773480892181396,0
1780882654.4998531,42127,-12.060155868530273,-8.141845703125,-1.5258055925369263,-1.833570957183838,-0.7627171874046326,-0.010379438288509846,1.9859072726916718,-0.22188478708267212,-0.03711568936705589,2.4774820804595947,0
1780882654.5109534,42134,-12.072929382324219,-8.147040367126465,-1.52587890625,-1.8398683071136475,-0.748238205909729,-0.010389456525444984,1.9862234872015645,-0.22162854671478271,-0.04159652814269066,2.4777328968048096,0
1780882654.5232654,42148,-12.085741996765137,-8.152138710021973,-1.5259521007537842,-1.8520342111587524,-0.7191433310508728,-0.010419955477118492,1.986782933631531,-0.22162854671478271,-0.04159652814269066,2.4777328968048096,0
1780882654.5330553,42155,-12.111328125,-8.16195297241211,-1.526098608970642,-1.857897400856018,-0.7045329213142395,-0.0104285329580307,1.987022431585205,-0.22099581360816956,-0.04844140633940697,2.4781150817871094,0
1780882654.54425,42169,-12.137226104736328,-8.171425819396973,-1.5262451171875,-1.8693139553070068,-0.6748736500740051,-0.010439099743962288,1.9874350509823464,-0.22075621783733368,-0.05069136247038841,2.478226661682129,0
1780882654.5551782,42181,-12.15023422241211,-8.176005363464355,-1.5263183116912842,-1.879422903060913,-0.6471234560012817,-0.010447869077324867,1.9877395135744547,-0.22049464285373688,-0.05290233716368675,2.4783246517181396,0
1780882654.5635717,42188,-12.172538757324219,-8.183603286743164,-1.5264452695846558,-1.8839259147644043,-0.6342631578445435,-0.010451206937432289,1.9878570958311563,-0.22021128237247467,-0.05508088693022728,2.4784116744995117,0
1780882654.5748224,42202,-12.198827743530273,-8.192090034484863,-1.5265917778015137,-1.8941304683685303,-0.6039575338363647,-0.010476780124008656,1.988115866040372,-0.21938036382198334,-0.06089341267943382,2.478610038757324,0
1780882654.586112,42202,-12.198827743530273,-8.192090034484863,-1.5265917778015137,-1.8941304683685303,-0.6039575338363647,-0.010476780124008656,1.988115866040372,-0.21901440620422363,-0.06310855597257614,2.4786925315856934,0
1780882654.5974844,42221,-12.236249923706055,-8.203398704528809,-1.5268017053604126,-1.9076331853866577,-0.5606182217597961,-0.010537304915487766,1.9883330192280277,-0.21860484778881073,-0.0653846263885498,2.4787845611572266,0
1780882654.6088455,42235,-12.26285171508789,-8.210868835449219,-1.5269482135772705,-1.9164693355560303,-0.5296919345855713,-0.010548376478254795,1.9883509569333842,-0.21722479164600372,-0.07209288328886032,2.4790899753570557,0
1780882654.6186712,42235,-12.26285171508789,-8.210868835449219,-1.5269482135772705,-1.9164693355560303,-0.5296919345855713,-0.010548376478254795,1.9883509569333842,-0.21672677993774414,-0.07436525076627731,2.4791712760925293,0
1780882654.628336,42255,-12.300272941589355,-8.22060489654541,-1.5271581411361694,-1.9278777837753296,-0.48599299788475037,-0.010553335770964622,1.9882186288392376,-0.2153451293706894,-0.08039628714323044,2.4793121814727783,0
1780882654.6381955,42262,-12.313672065734863,-8.223867416381836,-1.5272314548492432,-1.931697964668274,-0.47028848528862,-0.010563807561993599,1.9881498635990253,-0.2147916853427887,-0.08256231993436813,2.4793598651885986,0
1780882654.6495297,42269,-12.327109336853027,-8.227021217346191,-1.5273046493530273,-1.9353786706924438,-0.4545345902442932,-0.010569710284471512,1.988065394164713,-0.2142212688922882,-0.08471690863370895,2.4794013500213623,0
1780882654.6605012,42288,-12.364375114440918,-8.235175132751465,-1.527504801750183,-1.9447969198226929,-0.41075432300567627,-0.010604800656437874,1.987729014482771,-0.21359646320343018,-0.0869208499789238,2.4794509410858154,0
1780882654.6714444,42295,-12.3779296875,-8.237919807434082,-1.5275781154632568,-1.9479433298110962,-0.39480650424957275,-0.010613927617669106,1.987578438052894,-0.21175839006900787,-0.09290754795074463,2.479548215866089,0
1780882654.6814318,42302,-12.391484260559082,-8.240546226501465,-1.527651309967041,-1.9509433507919312,-0.3788347840309143,-0.010621966794133186,1.987412533363311,-0.2110808789730072,-0.09501278400421143,2.4795644283294678,0
1780882654.6923594,42314,-12.405038833618164,-8.24306583404541,-1.5277246236801147,-1.9562679529190063,-0.3482544720172882,-0.01065665204077959,1.9870528541361647,-0.21036984026432037,-0.09714055061340332,2.4795830249786377,0
1780882654.703534,42328,-12.443359375,-8.2495698928833,-1.5279345512390137,-1.961058259010315,-0.3175339102745056,-0.010702958330512047,1.986628257305279,-0.20896096527576447,-0.10108601301908493,2.479628562927246,0
1780882654.7148054,42335,-12.456992149353027,-8.251660346984863,-1.5280077457427979,-1.9633498191833496,-0.30137839913368225,-0.01071914192289114,1.986375179052345,-0.20727837085723877,-0.10549639910459518,2.4796817302703857,0
1780882654.7247348,42348,-12.470624923706055,-8.253642082214355,-1.5280810594558716,-1.9672660827636719,-0.2706942558288574,-0.010750479064881802,1.9858315118184588,-0.20642460882663727,-0.10764288157224655,2.4796926975250244,0
1780882654.7347996,42361,-12.508749961853027,-8.258584022521973,-1.5282909870147705,-1.9706460237503052,-0.23990313708782196,-0.010787120088934898,1.9852243268878405,-0.20397980511188507,-0.1134951040148735,2.4796853065490723,0
1780882654.7458684,42368,-12.5224609375,-8.260136604309082,-1.5283641815185547,-1.9722199440002441,-0.22360381484031677,-0.010807899758219719,1.9848846274332048,-0.20308130979537964,-0.11557578295469284,2.4796741008758545,0
1780882654.7559066,42380,-12.536171913146973,-8.261571884155273,-1.5284374952316284,-1.9747130870819092,-0.19355085492134094,-0.010866455733776093,1.984205581484328,-0.20308130979537964,-0.11557578295469284,2.4796741008758545,0
1780882654.7669075,42394,-12.572929382324219,-8.264883041381836,-1.5286425352096558,-1.9766758680343628,-0.16341964900493622,-0.010930880904197693,1.9834497606714518,-0.20040318369865417,-0.12132560461759567,2.479670763015747,0
1780882654.7782493,42401,-12.586679458618164,-8.265908241271973,-1.5287206172943115,-1.977517008781433,-0.14701075851917267,-0.010968460701406002,1.9830042839768165,-0.19929423928260803,-0.12352990359067917,2.479677438735962,0
1780882654.7891304,42415,-12.60042953491211,-8.266816139221191,-1.5287988185882568,-1.9787043333053589,-0.11389169096946716,-0.011017984710633755,1.982009977749954,-0.19813041388988495,-0.12576639652252197,2.4796876907348633,0
1780882654.800437,42422,-12.62831974029541,-8.268301010131836,-1.528955101966858,-1.9790536165237427,-0.09718221426010132,-0.011042437516152859,1.9814690346484094,-0.1946704387664795,-0.13217876851558685,2.4796316623687744,0
1780882654.8100402,42436,-12.6558198928833,-8.269306182861328,-1.5291112661361694,-1.9792678356170654,-0.06424514949321747,-0.011090321466326714,1.9803412836104526,-0.19356252253055573,-0.13419614732265472,2.479588508605957,0
1780882654.8198621,42448,-12.669569969177246,-8.269638061523438,-1.5291894674301147,-1.9789191484451294,-0.03380521014332771,-0.011140108108520508,1.9792392200854096,-0.1924530565738678,-0.13615940511226654,2.4795329570770264,0
1780882654.8308856,42455,-12.692851066589355,-8.269950866699219,-1.5293164253234863,-1.9785854816436768,-0.0198444165289402,-0.011164083145558834,1.9787164894928722,-0.18943682312965393,-0.1412808746099472,2.479341983795166,0
1780882654.8418026,42468,-12.720351219177246,-8.269882202148438,-1.5294725894927979,-1.9773937463760376,0.01315920427441597,-0.011254439130425453,1.9774695586188773,-0.18821704387664795,-0.14323852956295013,2.479278326034546,0
1780882654.852928,42481,-12.734062194824219,-8.26967716217041,-1.5295507907867432,-1.9756851196289062,0.04416003078222275,-0.011338992044329643,1.9762111154890192,-0.18693503737449646,-0.14522695541381836,2.4792191982269287,0
1780882654.8643742,42488,-12.758163452148438,-8.26904296875,-1.529687523841858,-1.9746812582015991,0.05865587666630745,-0.011379150673747063,1.9755849939777836,-0.18560604751110077,-0.1472378820180893,2.4791629314422607,0
1780882654.8742485,42501,-12.785585403442383,-8.267889976501465,-1.5298436880111694,-1.9719332456588745,0.09163415431976318,-0.011450733989477158,1.9740943905704051,-0.18175886571407318,-0.15283571183681488,2.479011297225952,0
1780882654.885391,42501,-12.785585403442383,-8.267889976501465,-1.5298436880111694,-1.9719332456588745,0.09163415431976318,-0.011450733989477158,1.9740943905704051,-0.18035590648651123,-0.1548079252243042,2.4789435863494873,0
1780882654.895177,42520,-12.82210922241211,-8.265644073486328,-1.53005850315094,-1.967220425605774,0.1356416791677475,-0.011535987257957458,1.971924934435899,-0.17666901648044586,-0.15985296666622162,2.4787135124206543,0
1780882654.9060829,42534,-12.849374771118164,-8.263418197631836,-1.530214786529541,-1.9629807472229004,0.16853438317775726,-0.011597094126045704,1.9702364692780032,-0.17531879246234894,-0.16165411472320557,2.478610038757324,0
1780882654.91609,42534,-12.849374771118164,-8.263418197631836,-1.530214786529541,-1.9629807472229004,0.16853438317775726,-0.011597094126045704,1.9702364692780032,-0.17401757836341858,-0.1633690595626831,2.4784908294677734,0
1780882654.9269369,42555,-12.890233993530273,-8.259218215942383,-1.5304638147354126,-1.9555331468582153,0.217819482088089,-0.011710124090313911,1.9676616432315106,-0.17276428639888763,-0.1650082916021347,2.4783575534820557,0
1780882654.9381292,42562,-12.903788566589355,-8.257587432861328,-1.53054678440094,-1.952764868736267,0.23420403897762299,-0.011759934015572071,1.9667944632045447,-0.17006704211235046,-0.16833482682704926,2.4780991077423096,0
1780882654.947819,42569,-12.917343139648438,-8.255849838256836,-1.5306298732757568,-1.9498447179794312,0.2505660653114319,-0.011802725493907928,1.9659138032088346,-0.16713544726371765,-0.17176543176174164,2.4778599739074707,0
1780882654.958805,42581,-12.930858612060547,-8.25399398803711,-1.5307128429412842,-1.9439599514007568,0.2811151146888733,-0.011892237700521946,1.964216746103672,-0.16560089588165283,-0.17350159585475922,2.4777426719665527,0
1780882654.9696891,42595,-12.9677734375,-8.248339653015137,-1.5309423208236694,-1.937522053718567,0.3115733861923218,-0.01197612751275301,1.9624507920606225,-0.16284771263599396,-0.1765291690826416,2.4775400161743164,0
1780882654.981089,42602,-12.981210708618164,-8.246064186096191,-1.5310254096984863,-1.93385648727417,0.32781481742858887,-0.012015581130981445,1.9614810328137373,-0.16123811900615692,-0.178261861205101,2.4774229526519775,0
1780882654.99178,42614,-12.994608879089355,-8.243671417236328,-1.5311083793640137,-1.9264461994171143,0.3586221933364868,-0.01209286693483591,1.9595793105237715,-0.15804333984851837,-0.18161641061306,2.4771690368652344,0
1780882655.002976,42628,-13.032031059265137,-8.2363862991333,-1.531347632408142,-1.9184744358062744,0.38931453227996826,-0.012173929251730442,1.9576154296592576,-0.15344248712062836,-0.18618498742580414,2.4767935276031494,0
1780882655.0120902,42635,-13.04531192779541,-8.233573913574219,-1.5314306020736694,-1.9140608310699463,0.405402809381485,-0.012215223163366318,1.9565606340125279,-0.1517726480960846,-0.18779097497463226,2.476656436920166,0
1780882655.022181,42647,-13.058554649353027,-8.230644226074219,-1.5315136909484863,-1.9052808284759521,0.4357360601425171,-0.012291721999645233,1.9545106896346847,-0.1517726480960846,-0.18779097497463226,2.476656436920166,0
1780882655.0330472,42654,-13.082109451293945,-8.225165367126465,-1.5316698551177979,-1.9009486436843872,0.44998645782470703,-0.012329716235399246,1.953521328282234,-0.14708921313285828,-0.19208823144435883,2.476250648498535,0
1780882655.0428596,42668,-13.1083984375,-8.218584060668945,-1.5318456888198853,-1.8908084630966187,0.4818315804004669,-0.012415600009262562,1.9512745739932653,-0.14363186061382294,-0.1951138824224472,2.4759531021118164,0
1780882655.0539541,42681,-13.12148380279541,-8.215126991271973,-1.5319335460662842,-1.8805618286132812,0.5120376348495483,-0.012501721270382404,1.9490642944178034,-0.14363186061382294,-0.1951138824224472,2.4759531021118164,0
1780882655.0640526,42688,-13.145116806030273,-8.20858383178711,-1.5320898294448853,-1.8754863739013672,0.5263465642929077,-0.012547344900667667,1.9479854415001934,-0.13853353261947632,-0.19931817054748535,2.475531578063965,0
1780882655.0741181,42696,-13.158085823059082,-8.204824447631836,-1.5321776866912842,-1.869748830795288,0.5420710444450378,-0.012590646743774414,1.9467820196086432,-0.13665491342544556,-0.20080099999904633,2.47538161277771,0
1780882655.0856838,42703,-13.17269515991211,-8.200429916381836,-1.5322753190994263,-1.8630841970443726,0.5597882866859436,-0.012641677632927895,1.9454062463147983,-0.13448551297187805,-0.20245681703090668,2.4752109050750732,0
1780882655.0969324,42721,-13.20726490020752,-8.189462661743164,-1.5325145721435547,-1.846380591392517,0.6016002297401428,-0.012752818875014782,1.9419595153050007,-0.1324806660413742,-0.2039536088705063,2.4750537872314453,0
1780882655.1079612,42735,-13.232772827148438,-8.180781364440918,-1.532690405845642,-1.8332269191741943,0.6324589848518372,-0.012821035459637642,1.9393013390535732,-0.12734659016132355,-0.20769129693508148,2.4746363162994385,0
1780882655.1207833,42735,-13.232772827148438,-8.180781364440918,-1.532690405845642,-1.8332269191741943,0.6324589848518372,-0.012821035459637642,1.9393013390535732,-0.1254483312368393,-0.20904694497585297,2.474473476409912,0
1780882655.1301796,42755,-13.26894474029541,-8.16763687133789,-1.5329443216323853,-1.813338279724121,0.6761993169784546,-0.012929916381835938,1.935357438751975,-0.12352977693080902,-0.21038293838500977,2.4743077754974365,0
1780882655.1414506,42762,-13.28148365020752,-8.162832260131836,-1.5330321788787842,-1.8060932159423828,0.6913667917251587,-0.012959280051290989,1.9339412318663887,-0.11781250685453415,-0.21414397656917572,2.473830461502075,0
1780882655.1513224,42769,-13.293984413146973,-8.157929420471191,-1.533120036125183,-1.7986958026885986,0.7064672708511353,-0.0129780862480402,1.9325038230534228,-0.11588381975889206,-0.21538351476192474,2.4736549854278564,0
1780882655.1623144,42788,-13.327851295471191,-8.143994331359863,-1.533364176750183,-1.7777068614959717,0.74746173620224,-0.013021096587181091,1.9284994896169034,-0.11087653040885925,-0.2185523360967636,2.473155975341797,0
1780882655.1748948,42795,-13.340155601501465,-8.138701438903809,-1.5334570407867432,-1.7697844505310059,0.762334942817688,-0.013038091361522675,1.927034394661531,-0.10905224829912186,-0.2196580022573471,2.4729702472686768,0
1780882655.1847599,42802,-13.35238265991211,-8.13330078125,-1.5335497856140137,-1.761726975440979,0.7771465182304382,-0.013055295683443546,1.9255672118987421,-0.10720241814851761,-0.22075103223323822,2.472785472869873,0
1780882655.194686,42820,-13.384061813354492,-8.11874008178711,-1.533789038658142,-1.7400180101394653,0.8155176639556885,-0.01310152467340231,1.9216928437661975,-0.10219889134168625,-0.22358094155788422,2.4723055362701416,0
1780882655.2056525,42834,-13.40804672241211,-8.107099533081055,-1.533974528312683,-1.7227638959884644,0.8446018099784851,-0.0131300063803792,1.918707913103981,-0.10020631551742554,-0.22464297711849213,2.47212290763855,0
1780882655.2170205,42834,-13.40804672241211,-8.107099533081055,-1.533974528312683,-1.7227638959884644,0.8446018099784851,-0.0131300063803792,1.918707913103981,-0.09820516407489777,-0.22568093240261078,2.4719412326812744,0
1780882655.228099,42854,-13.443046569824219,-8.08919906616211,-1.534243106842041,-1.696270227432251,0.8869959115982056,-0.013169617392122746,1.9142277478103924,-0.09620728343725204,-0.22669684886932373,2.4717602729797363,0
1780882655.2378745,42861,-13.454765319824219,-8.082939147949219,-1.5343358516693115,-1.6870225667953491,0.9011949896812439,-0.013184957206249237,1.9126869564567737,-0.0921214371919632,-0.22863267362117767,2.471410036087036,0
1780882655.2492688,42868,-13.466405868530273,-8.076581954956055,-1.5344287157058716,-1.6776320934295654,0.9153072237968445,-0.013189210556447506,1.9111281249865628,-0.08779914677143097,-0.23056016862392426,2.4710581302642822,0
1780882655.2590024,42881,-13.478007316589355,-8.0701265335083,-1.534521460533142,-1.6593129634857178,0.942000687122345,-0.013198594562709332,1.9081035108791022,-0.08562494069337845,-0.23149262368679047,2.470884084701538,0
1780882655.2699454,42895,-13.5103120803833,-8.051435470581055,-1.5347802639007568,-1.640482783317566,0.968376874923706,-0.01319588627666235,1.9050227467573655,-0.07949697971343994,-0.2340085357427597,2.4703948497772217,0
1780882655.280915,42902,-13.52164077758789,-8.044618606567383,-1.5348730087280273,-1.6304168701171875,0.9820722937583923,-0.01318857166916132,1.9033914728592405,-0.07734036445617676,-0.23486743867397308,2.470221996307373,0
1780882655.290823,42914,-13.532890319824219,-8.037704467773438,-1.5349657535552979,-1.6108072996139526,1.0079859495162964,-0.013165020383894444,1.9002392345895744,-0.07734036445617676,-0.23486743867397308,2.470221996307373,0
1780882655.3019142,42928,-13.564257621765137,-8.017714500427246,-1.5352245569229126,-1.590718150138855,1.033581256866455,-0.013139142654836178,1.8970627519395677,-0.07137700170278549,-0.23709627985954285,2.4697296619415283,0
1780882655.3117588,42935,-13.575234413146973,-8.010449409484863,-1.535317301750183,-1.5800154209136963,1.046852707862854,-0.013123350217938423,1.8953948255194266,-0.0692501962184906,-0.2378389686346054,2.4695568084716797,0
1780882655.322876,42948,-13.586132049560547,-8.00308609008789,-1.5354101657867432,-1.5593458414077759,1.071779727935791,-0.013096227310597897,1.892205789416049,-0.06495080143213272,-0.23927722871303558,2.4692142009735107,0
1780882655.3339398,42961,-13.616171836853027,-7.982040882110596,-1.535668969154358,-1.5382014513015747,1.0963586568832397,-0.013066206127405167,1.888977695752826,-0.0608670637011528,-0.24051760137081146,2.4689104557037354,0
1780882655.345193,42968,-13.626757621765137,-7.974335670471191,-1.5357617139816284,-1.5268676280975342,1.1091657876968384,-0.013037681579589844,1.8872581909930366,-0.058550670742988586,-0.2411886304616928,2.468743085861206,0
1780882655.3564146,42981,-13.6372652053833,-7.966542720794678,-1.5358495712280273,-1.5050369501113892,1.1331382989883423,-0.012972593307495117,1.8839604332394848,-0.056253962218761444,-0.2418442815542221,2.468576669692993,0
1780882655.36608,42988,-13.655898094177246,-7.952412128448486,-1.5360058546066284,-1.494570016860962,1.1443252563476562,-0.01293980609625578,1.8823887128318406,-0.0499635748565197,-0.24352608621120453,2.4681169986724854,0
1780882655.3767948,43001,-13.676405906677246,-7.936259746551514,-1.5361815690994263,-1.4708017110824585,1.1690700054168701,-0.012855395674705505,1.8788687053880166,-0.04550011828541756,-0.24460551142692566,2.4677939414978027,0
1780882655.387702,43013,-13.6865234375,-7.928056240081787,-1.5362695455551147,-1.448920726776123,1.1910446882247925,-0.012768053449690342,1.8756656805035474,-0.04550011828541756,-0.24460551142692566,2.4677939414978027,0
1780882655.3974466,43020,-13.702655792236328,-7.914687156677246,-1.536415934562683,-1.4390326738357544,1.2007341384887695,-0.01272438932210207,1.874230353447214,-0.03982119634747505,-0.245827779173851,2.467384099960327,0
1780882655.4085245,43034,-13.722382545471191,-7.897763729095459,-1.5365917682647705,-1.4141693115234375,1.2245439291000366,-0.012624788098037243,1.870706300097626,-0.03766561672091484,-0.24625764787197113,2.4672322273254395,0
1780882655.419367,43047,-13.732109069824219,-7.889179706573486,-1.5366796255111694,-1.4015649557113647,1.2362951040267944,-0.01257351879030466,1.868948368118711,-0.0354786291718483,-0.2466782182455063,2.4670822620391846,0
1780882655.4292593,43054,-13.751015663146973,-7.8720703125,-1.5368456840515137,-1.376450777053833,1.2590845823287964,-0.012457575649023056,1.8654934784933535,-0.033263418823480606,-0.2470785230398178,2.4669346809387207,0
1780882655.4405117,43068,-13.769843101501465,-7.854345321655273,-1.5370213985443115,-1.3504492044448853,1.2818523645401,-0.012343530543148518,1.8619911119576105,-0.026688599959015846,-0.24816738069057465,2.4665074348449707,0
1780882655.4518666,43068,-13.769843101501465,-7.854345321655273,-1.5370213985443115,-1.3504492044448853,1.2818523645401,-0.012343530543148518,1.8619911119576105,-0.024382295086979866,-0.24849103391170502,2.4663665294647217,0
1780882655.4617202,43087,-13.794374465942383,-7.830273151397705,-1.5372412204742432,-1.3151100873947144,1.31143319606781,-0.012175940908491611,1.8572882983675345,-0.022007299587130547,-0.24878762662410736,2.4662277698516846,0
1780882655.4726777,43100,-13.81234359741211,-7.811835765838623,-1.5374071598052979,-1.2880330085754395,1.3331208229064941,-0.012035560794174671,1.8537489081238636,-0.018066352233290672,-0.24924205243587494,2.4660022258758545,0
1780882655.4837468,43100,-13.81234359741211,-7.811835765838623,-1.5374071598052979,-1.2880330085754395,1.3331208229064941,-0.012035560794174671,1.8537489081238636,-0.013295557349920273,-0.24970947206020355,2.4657371044158936,0
1780882655.493404,43120,-13.83707046508789,-7.785390377044678,-1.537636637687683,-1.2491384744644165,1.3628005981445312,-0.01181831769645214,1.8487055123311436,-0.006404372397810221,-0.250189870595932,2.465378761291504,0
1780882655.5045638,43127,-13.845664024353027,-7.775859355926514,-1.5377197265625,-1.2351102828979492,1.37310791015625,-0.011728500947356224,1.8469056016993366,-0.004030424170196056,-0.25031399726867676,2.465256690979004,0
1780882655.516077,43134,-13.854140281677246,-7.766249656677246,-1.5378026962280273,-1.2209734916687012,1.3832926750183105,-0.01164039596915245,1.845104439031919,-0.0016639494569972157,-0.2504086196422577,2.4651379585266113,0
1780882655.5257041,43154,-13.8779296875,-7.738329887390137,-1.538027286529541,-1.179864764213562,1.4117918014526367,-0.011361579410731792,1.8399364222625498,0.0007055791793391109,-0.2504774332046509,2.4650228023529053,0
1780882655.537089,43161,-13.886014938354492,-7.728456974029541,-1.5381054878234863,-1.1653324365615845,1.4215036630630493,-0.011254305951297283,1.83815097617325,0.007098263129591942,-0.2505913972854614,2.4647107124328613,0
1780882655.5484042,43168,-13.894022941589355,-7.718515396118164,-1.538183569908142,-1.1507045030593872,1.4311023950576782,-0.01116335391998291,1.8363821876101165,0.009359343908727169,-0.25059542059898376,2.4646079540252686,0
1780882655.558323,43183,-13.9019136428833,-7.708515644073486,-1.5382616519927979,-1.1196593046188354,1.4508819580078125,-0.010946125723421574,1.8327070775659897,0.011631369590759277,-0.2505767345428467,2.464507818222046,0
1780882655.569205,43197,-13.926445007324219,-7.676044940948486,-1.5385009050369263,-1.0882058143615723,1.4701229333877563,-0.010708804242312908,1.8290893942536692,0.01652749814093113,-0.2504647970199585,2.464299201965332,0
1780882655.5788853,43204,-13.933905601501465,-7.665771484375,-1.53857421875,-1.0730987787246704,1.4790905714035034,-0.0105914156883955,1.8273921542464293,0.018691744655370712,-0.25039395689964294,2.4642086029052734,0
1780882655.5911238,43211,-13.941913604736328,-7.654472351074219,-1.5386523008346558,-1.0564886331558228,1.4887664318084717,-0.010465702973306179,1.8255692951531346,0.02315600775182247,-0.2501997649669647,2.464026689529419,0
1780882655.6005414,43225,-13.956249237060547,-7.633613109588623,-1.5387988090515137,-1.0258240699768066,1.5060871839523315,-0.010268745012581348,1.8222840270751917,0.027753282338380814,-0.24986706674098969,2.463865041732788,0
1780882655.6116,43232,-13.96328067779541,-7.623095512390137,-1.5388671159744263,-1.0103620290756226,1.514548420906067,-0.010160345584154129,1.8206569093844287,0.03012629598379135,-0.24965904653072357,2.4637882709503174,0
1780882655.623418,43248,-13.970194816589355,-7.612519264221191,-1.5389355421066284,-0.9776612520217896,1.5318495035171509,-0.009924306534230709,1.817273484369026,0.03012629598379135,-0.24965904653072357,2.4637882709503174,0
1780882655.6331284,43254,-13.984960556030273,-7.589111328125,-1.5390820503234863,-0.9604116082191467,1.5406591892242432,-0.009788875468075275,1.815521141883542,0.03254176303744316,-0.2494175285100937,2.4637155532836914,0
1780882655.64278,43268,-13.997968673706055,-7.567548751831055,-1.5392186641693115,-0.9287047386169434,1.5562983751296997,-0.009539022110402584,1.8123598199319393,0.039848051965236664,-0.24857197701931,2.463503837585449,0
1780882655.6526575,43281,-14.00429630279541,-7.556689262390137,-1.539282202720642,-0.8984952569007874,1.5705735683441162,-0.009310126304626465,1.809442383361844,0.04204529896378517,-0.24830184876918793,2.463442802429199,0
1780882655.6637847,43288,-14.015312194824219,-7.537294864654541,-1.5393993854522705,-0.8841970562934875,1.5771194696426392,-0.009199228137731552,1.8080915025745457,0.04818294942378998,-0.24744997918605804,2.463287115097046,0
1780882655.6746664,43301,-14.027226448059082,-7.515233993530273,-1.539526343345642,-0.8517695665359497,1.5914973020553589,-0.008979487232863903,1.8051193002450812,0.05050189048051834,-0.24706970155239105,2.4632394313812256,0
1780882655.684454,43301,-14.027226448059082,-7.515233993530273,-1.539526343345642,-0.8517695665359497,1.5914973020553589,-0.008979487232863903,1.8051193002450812,0.05281958356499672,-0.24664996564388275,2.46319580078125,0
1780882655.6953924,43320,-14.042421340942383,-7.485605239868164,-1.5396875143051147,-0.80818772315979,1.6097159385681152,-0.008656458929181099,1.801229505928555,0.05512101575732231,-0.24620352685451508,2.46315598487854,0
1780882655.7054892,43327,-14.047929763793945,-7.474384784698486,-1.5397460460662842,-0.7916882634162903,1.6163125038146973,-0.00853714905679226,1.7998081284772705,0.06108095496892929,-0.2449854463338852,2.463064193725586,0
1780882655.7164307,43334,-14.053319931030273,-7.463115215301514,-1.5398046970367432,-0.7751259207725525,1.6227684020996094,-0.008412075228989124,1.7984071404762814,0.06324750185012817,-0.24452684819698334,2.4630343914031982,0
1780882655.72612,43348,-14.05859375,-7.451806545257568,-1.5398632287979126,-0.7416663765907288,1.6353293657302856,-0.008164948783814907,1.7956719675301727,0.06536304950714111,-0.24407659471035004,2.4630062580108643,0
1780882655.7374227,43362,-14.0737886428833,-7.417411804199219,-1.5400341749191284,-0.7079656720161438,1.6473461389541626,-0.007933340035378933,1.7930498130739632,0.07184307277202606,-0.24257706105709076,2.4629411697387695,0
1780882655.7482996,43369,-14.078593254089355,-7.405927658081055,-1.5400878190994263,-0.6911007761955261,1.6531192064285278,-0.007831558585166931,1.791782555677674,0.07410366833209991,-0.2419935166835785,2.4629294872283936,0
1780882655.758141,43381,-14.083280563354492,-7.39440393447876,-1.5401415824890137,-0.6592442989349365,1.6635627746582031,-0.007621617056429386,1.7894418794566282,0.07410366833209991,-0.2419935166835785,2.4629294872283936,0
1780882655.7694297,43395,-14.095624923706055,-7.36242151260376,-1.5402880907058716,-0.627199113368988,1.6734834909439087,-0.0074163577519357204,1.787171151466742,0.08244497328996658,-0.2395850270986557,2.4629204273223877,0
1780882655.7795334,43402,-14.09984302520752,-7.350761413574219,-1.5403368473052979,-0.6100775599479675,1.6785529851913452,-0.007323259953409433,1.7859978676871895,0.0847325548529625,-0.23887155950069427,2.462928533554077,0
1780882655.790545,43414,-14.103944778442383,-7.339072227478027,-1.5403857231140137,-0.5776136517524719,1.6876931190490723,-0.007133717183023691,1.7838151486903735,0.0869942456483841,-0.23814056813716888,2.4629404544830322,0
1780882655.8019252,43428,-14.114765167236328,-7.306445121765137,-1.5405224561691284,-0.5449762344360352,1.6962755918502808,-0.006960067432373762,1.7816841533071353,0.09105899184942245,-0.23676955699920654,2.462972640991211,0
1780882655.8117054,43435,-14.118436813354492,-7.294638633728027,-1.5405712127685547,-0.5276252031326294,1.700592279434204,-0.006872763391584158,1.780575662736242,0.09338267147541046,-0.23594103753566742,2.462998390197754,0
1780882655.8230455,43447,-14.121992111206055,-7.282802581787109,-1.5406200885772705,-0.4945083558559418,1.7083407640457153,-0.006693234201520681,1.7784857265369665,0.09800732880830765,-0.23421333730220795,2.4630627632141113,0
1780882655.8342264,43461,-14.131288528442383,-7.249462604522705,-1.540747046470642,-0.461245059967041,1.7155017852783203,-0.00652014696970582,1.7764391047693164,0.10212830454111099,-0.23261509835720062,2.4631307125091553,0
1780882655.8440597,43468,-14.134374618530273,-7.237529277801514,-1.5407910346984863,-0.44370272755622864,1.7190366983413696,-0.0064238691702485085,1.7753874356828006,0.10654712468385696,-0.23086892068386078,2.463209629058838,0
1780882655.8554869,43481,-14.137343406677246,-7.225566387176514,-1.540834903717041,-0.4098551869392395,1.725394368171692,-0.006241569295525551,1.7734164646711899,0.10654712468385696,-0.23086892068386078,2.463209629058838,0
1780882655.8665688,43488,-14.142499923706055,-7.203417778015137,-1.5409131050109863,-0.39355841279029846,1.728244423866272,-0.0061577605083584785,1.7724996279033065,0.10867374390363693,-0.23001037538051605,2.4632484912872314,0
1780882655.8765206,43502,-14.14761734008789,-7.179355144500732,-1.5410009622573853,-0.35818734765052795,1.7339848279953003,-0.0059841107577085495,1.7706036736989934,0.11459730565547943,-0.22750817239284515,2.4633731842041016,0
1780882655.8863158,43514,-14.149999618530273,-7.167294979095459,-1.541040062904358,-0.32491594552993774,1.7388014793395996,-0.005831713322550058,1.7689078452800955,0.11667574942111969,-0.22659610211849213,2.463421583175659,0
1780882655.8971343,43521,-14.1538667678833,-7.146142482757568,-1.5411083698272705,-0.30935490131378174,1.7408561706542969,-0.005758190061897039,1.7681385179404896,0.12245460599660873,-0.22393475472927094,2.463581085205078,0
1780882655.9073021,43535,-14.157812118530273,-7.121913909912109,-1.5411864519119263,-0.2737314999103546,1.745119333267212,-0.005604367237538099,1.766465915413684,0.12454921752214432,-0.2229285091161728,2.463646411895752,0
1780882655.9181476,43535,-14.157812118530273,-7.121913909912109,-1.5411864519119263,-0.2737314999103546,1.745119333267212,-0.005604367237538099,1.766465915413684,0.12663497030735016,-0.22188638150691986,2.4637157917022705,0
1780882655.9279118,43555,-14.16249942779541,-7.087470531463623,-1.5412938594818115,-0.22307220101356506,1.7500582933425903,-0.005409355275332928,1.7642263171392472,0.12871253490447998,-0.22081302106380463,2.463791847229004,0
1780882655.941164,43562,-14.16390609741211,-7.075302600860596,-1.5413329601287842,-0.20517952740192413,1.7514923810958862,-0.005346694029867649,1.7634774698415807,0.13463133573532104,-0.21760056912899017,2.464031457901001,0
1780882655.9534457,43570,-14.16519546508789,-7.063134670257568,-1.5413720607757568,-0.18726974725723267,1.7527620792388916,-0.0052975937724113464,1.7627458492804366,0.13678862154483795,-0.21638260781764984,2.4641292095184326,0
1780882655.96303,43588,-14.168241500854492,-7.028232097625732,-1.5414745807647705,-0.1359088271856308,1.7554255723953247,-0.005146942101418972,1.7606864117552057,0.13935765624046326,-0.21490059792995453,2.4642558097839355,0
1780882655.97285,43595,-14.169062614440918,-7.016035079956055,-1.5415087938308716,-0.11795888841152191,1.7560192346572876,-0.0050819492898881435,1.759983999373356,0.14512374997138977,-0.21152137219905853,2.464543342590332,0
1780882655.9840932,43602,-14.16976547241211,-7.003837585449219,-1.541542887687683,-0.10000092536211014,1.756447672843933,-0.005015730857849121,1.759299226984479,0.14708729088306427,-0.2103578895330429,2.4646387100219727,0
1780882655.9951456,43621,-14.17105484008789,-6.970175743103027,-1.5416357517242432,-0.05040978267788887,1.7568079233169556,-0.004851236008107662,1.7575376980621702,0.14898011088371277,-0.20923088490962982,2.4647278785705566,0
1780882656.006022,43628,-14.17128849029541,-6.957978248596191,-1.5416698455810547,-0.032429005950689316,1.7566579580307007,-0.004801783245056868,1.7569638240618026,0.1522701233625412,-0.20721100270748138,2.4648919105529785,0
1780882656.0163903,43635,-14.171405792236328,-6.945781230926514,-1.5417040586471558,-0.014446775428950787,1.7563527822494507,-0.0047524357214570045,1.7564186262622494,0.1560295820236206,-0.20479749143123627,2.4650957584381104,0
1780882656.0275111,43655,-14.171015739440918,-6.911542892456055,-1.5417968034744263,0.036056265234947205,1.7546337842941284,-0.004647054709494114,1.7550103607575938,0.15794318914413452,-0.20351360738277435,2.465209722518921,0
1780882656.038468,43662,-14.170624732971191,-6.899364948272705,-1.5418310165405273,0.05402882397174835,1.753716230392456,-0.00461156852543354,1.7545543585554597,0.1633164882659912,-0.19972775876522064,2.4655563831329346,0
1780882656.0484347,43669,-14.170116424560547,-6.887197017669678,-1.5418652296066284,0.07199352979660034,1.7526342868804932,-0.004575738683342934,1.7541182825756554,0.16520346701145172,-0.19835685193538666,2.465683698654175,0
1780882656.0592537,43681,-14.1694917678833,-6.87502908706665,-1.541894555091858,0.1063590869307518,1.7500994205474854,-0.004523181822150946,1.7533341656247914,0.16520346701145172,-0.19835685193538666,2.465683698654175,0
1780882656.0691583,43695,-14.167070388793945,-6.840576171875,-1.5419824123382568,0.14085838198661804,1.7469428777694702,-0.004477867856621742,1.75261819951349,0.17238393425941467,-0.192869171500206,2.4662058353424072,0
1780882656.080097,43702,-14.165976524353027,-6.828456878662109,-1.5420117378234863,0.15876828134059906,1.7450634241104126,-0.004456701222807169,1.7522766857758494,0.17423860728740692,-0.1914036124944687,2.46634840965271,0
1780882656.0911863,43716,-14.164765357971191,-6.816347599029541,-1.5420409440994263,0.19365543127059937,1.7409114837646484,-0.00444262009114027,1.7516549195653537,0.17612719535827637,-0.18986628949642181,2.466503381729126,0
1780882656.1024833,43729,-14.160468101501465,-6.781328201293945,-1.5421289205551147,0.22846339643001556,1.7360992431640625,-0.004424285609275103,1.751072722626425,0.17974355816841125,-0.18681512773036957,2.4668214321136475,0
1780882656.112701,43736,-14.1587495803833,-6.769287109375,-1.5421581268310547,0.2462763786315918,1.7333778142929077,-0.004408321343362331,1.7507912882613437,0.18160325288772583,-0.18521153926849365,2.4669878482818604,0
1780882656.1234193,43748,-14.156913757324219,-6.757265567779541,-1.5421874523162842,0.27870094776153564,1.7279731035232544,-0.004387679044157267,1.7503098344322814,0.18517138063907623,-0.1820959895849228,2.4673023223876953,0
1780882656.1331189,43755,-14.153632164001465,-6.737509727478027,-1.542236328125,0.2933186888694763,1.7253462076187134,-0.004383568651974201,1.7501070267439394,0.18805094063282013,-0.1795104593038559,2.4675638675689697,0
1780882656.144976,43769,-14.149218559265137,-6.713613033294678,-1.5422948598861694,0.32874053716659546,1.7185304164886475,-0.004377612844109535,1.7496960583676922,0.19153590500354767,-0.17629526555538177,2.4678938388824463,0
1780882656.1548262,43779,-14.146796226501465,-6.701708793640137,-1.542324185371399,0.35972368717193604,1.7119848728179932,-0.004376659169793129,1.74937488578512,0.19153590500354767,-0.17629526555538177,2.4678938388824463,0
1780882656.165994,43786,-14.14296817779541,-6.683779239654541,-1.5423730611801147,0.37301933765411377,1.7090013027191162,-0.0043726395815610886,1.7492421213018112,0.1958722174167633,-0.17214809358119965,2.4683284759521484,0
1780882656.1760027,43800,-14.137421607971191,-6.660136699676514,-1.5424315929412842,0.4081645607948303,1.700682282447815,-0.004376335069537163,1.748981900086272,0.19755688309669495,-0.170485720038414,2.468501567840576,0
1780882656.1857867,43800,-14.137421607971191,-6.660136699676514,-1.5424315929412842,0.4081645607948303,1.700682282447815,-0.004376335069537163,1.748981900086272,0.1992388367652893,-0.1687987893819809,2.4686787128448486,0
1780882656.1968598,43821,-14.1279296875,-6.624042987823486,-1.542519450187683,0.46188220381736755,1.6866141557693481,-0.0043873549439013,1.74872002605567,0.20427386462688446,-0.16353821754455566,2.4692299365997314,0
1780882656.2082293,43835,-14.121171951293945,-6.600722312927246,-1.542578101158142,0.4966500997543335,1.6766188144683838,-0.004414877854287624,1.7486370297353955,0.2058856189250946,-0.1618018001317978,2.469411849975586,0
1780882656.219134,43846,-14.117616653442383,-6.589111328125,-1.5426074266433716,0.5278319716453552,1.6670178174972534,-0.004451694432646036,1.748592237123238,0.20751367509365082,-0.15998625755310059,2.469609260559082,0
1780882656.2288494,43853,-14.111679077148438,-6.570556640625,-1.5426561832427979,0.5416600704193115,1.66255521774292,-0.004461855627596378,1.7485723868592065,0.2091624140739441,-0.1580951064825058,2.469820261001587,0
1780882656.239629,43867,-14.103827476501465,-6.547587871551514,-1.5427148342132568,0.5759974122047424,1.6509867906570435,-0.004502267576754093,1.748585334550172,0.2133631557226181,-0.1531616449356079,2.4703657627105713,0
1780882656.2510643,43867,-14.103827476501465,-6.547587871551514,-1.5427148342132568,0.5759974122047424,1.6509867906570435,-0.004502267576754093,1.748585334550172,0.21496908366680145,-0.15119849145412445,2.470588445663452,0
1780882656.2621424,43888,-14.091093063354492,-6.513427734375,-1.5428075790405273,0.6271269917488098,1.6323065757751465,-0.0045780036598443985,1.748637749568562,0.21659229695796967,-0.1491701453924179,2.470824956893921,0
1780882656.2720745,43895,-14.086640357971191,-6.502138614654541,-1.5428417921066284,0.6440404653549194,1.6257269382476807,-0.004591937176883221,1.7486558508310879,0.21980349719524384,-0.14502643048763275,2.4713127613067627,0
1780882656.2822268,43902,-14.082070350646973,-6.490898132324219,-1.54287588596344,0.6608931422233582,1.618975043296814,-0.004598111845552921,1.748679810282125,0.22281083464622498,-0.14109206199645996,2.471747636795044,0
1780882656.293209,43920,-14.069804191589355,-6.46227502822876,-1.5429589748382568,0.7038577795028687,1.6008951663970947,-0.004622683394700289,1.748800296420966,0.22636307775974274,-0.13638043403625488,2.4722182750701904,0
1780882656.3045745,43927,-14.064804077148438,-6.451210975646973,-1.542993187904358,0.7205170392990112,1.5935777425765991,-0.004643940832465887,1.7489014814283272,0.22772377729415894,-0.13447438180446625,2.472412109375,0
1780882656.3155842,43934,-14.059687614440918,-6.440195083618164,-1.5430272817611694,0.7371192574501038,1.5861015319824219,-0.004674868658185005,1.7490239346154612,0.22909095883369446,-0.1324751228094101,2.472623825073242,0
1780882656.3267658,43948,-14.054452896118164,-6.429238319396973,-1.5430614948272705,0.7705811262130737,1.5704424381256104,-0.004733400419354439,1.7493161888638802,0.22909095883369446,-0.1324751228094101,2.472623825073242,0
1780882656.3360937,43962,-14.037734031677246,-6.396083831787109,-1.5431640148162842,0.8037533164024353,1.554110050201416,-0.004769759252667427,1.7496571642376941,0.23449546098709106,-0.12414216250181198,2.4734997749328613,0
1780882656.3484395,43969,-14.032031059265137,-6.385351657867432,-1.5431982278823853,0.8200087547302246,1.5458136796951294,-0.004785776138305664,1.7498506204302284,0.23576293885707855,-0.12215530127286911,2.473693609237671,0
1780882656.358242,43982,-14.02621078491211,-6.374638557434082,-1.5432324409484863,0.8512098789215088,1.529340386390686,-0.004836997948586941,1.7502753131917095,0.23703406751155853,-0.12008403986692429,2.473905086517334,0
1780882656.3695195,43995,-14.00902271270752,-6.344482421875,-1.5433251857757568,0.8820884227752686,1.5123034715652466,-0.004876036662608385,1.750761420478528,0.239332914352417,-0.11622094362974167,2.4742982387542725,0
1780882656.3793137,44002,-14.00277328491211,-6.334043025970459,-1.543359398841858,0.897996723651886,1.5032403469085693,-0.004892811644822359,1.751043573378204,0.2405352145433426,-0.11414503306150436,2.4745054244995117,0
1780882656.388959,44014,-13.996444702148438,-6.323671817779541,-1.5433934926986694,0.9273590445518494,1.485978364944458,-0.004930553492158651,1.7516137727686611,0.24171540141105652,-0.1120823547244072,2.4747068881988525,0
1780882656.399939,44021,-13.985273361206055,-6.306005954742432,-1.5434521436691284,0.940830647945404,1.4778192043304443,-0.004950761795043945,1.7518950935611377,0.2448418289422989,-0.10634028166532516,2.4752793312072754,0
1780882656.4125774,44035,-13.971874237060547,-6.285683631896973,-1.543520450592041,0.9719938635826111,1.4583841562271118,-0.004991574212908745,1.7526212750590584,0.24712210893630981,-0.10193263739347458,2.475738286972046,0
1780882656.4218457,44048,-13.96500015258789,-6.275624752044678,-1.543554663658142,1.0015859603881836,1.4391250610351562,-0.0050253961235284805,1.753362664126381,0.24712210893630981,-0.10193263739347458,2.475738286972046,0
1780882656.4330509,44055,-13.952109336853027,-6.257304668426514,-1.5436229705810547,1.0156468152999878,1.429688811302185,-0.005031585693359375,1.7537314125732744,0.24825423955917358,-0.09965944290161133,2.475982666015625,0
1780882656.4428182,44069,-13.937694549560547,-6.23766565322876,-1.5436913967132568,1.0459849834442139,1.4087319374084473,-0.00505779730156064,1.754604182822694,0.2523126006126404,-0.09112416952848434,2.476846218109131,0
1780882656.454251,44081,-13.930312156677246,-6.227949142456055,-1.543725609779358,1.0740848779678345,1.3885241746902466,-0.0050919149070978165,1.7554724823749956,0.2523126006126404,-0.09112416952848434,2.476846218109131,0
1780882656.4642591,44088,-13.917186737060547,-6.211171627044678,-1.5437841415405273,1.0870648622512817,1.378910779953003,-0.005110225640237331,1.755884696732132,0.25508198142051697,-0.0845874473452568,2.477550506591797,0
1780882656.4752953,44102,-13.901796340942383,-6.192245960235596,-1.54385244846344,1.1165064573287964,1.356459140777588,-0.005132913589477539,1.756870631736409,0.2560650110244751,-0.08214878290891647,2.477815866470337,0
1780882656.486485,44114,-13.89394474029541,-6.182909965515137,-1.543886661529541,1.13107430934906,1.3449937105178833,-0.0051429555751383305,1.7573740707641514,0.257024347782135,-0.079688660800457,2.4780828952789307,0
1780882656.4974208,44121,-13.879335403442383,-6.16604471206665,-1.5439550876617432,1.1574257612228394,1.3236116170883179,-0.005163593217730522,1.7582971217426078,0.25963646173477173,-0.07261455059051514,2.4788460731506348,0
1780882656.507087,44135,-13.862968444824219,-6.147910118103027,-1.5440233945846558,1.1858514547348022,1.2996265888214111,-0.005152773577719927,1.7593463258107447,0.26052090525627136,-0.07013069838285446,2.4791038036346436,0
1780882656.519751,44146,-13.854531288146973,-6.138866901397705,-1.5440576076507568,1.2106646299362183,1.277871012687683,-0.005134906619787216,1.7603095007730996,0.2613760828971863,-0.06771063059568405,2.479341745376587,0
1780882656.529515,44153,-13.841718673706055,-6.125439167022705,-1.5441161394119263,1.2212011814117432,1.2683922052383423,-0.005133314058184624,1.7607320814661276,0.2622157335281372,-0.06532430648803711,2.479562520980835,0
1780882656.5403845,44167,-13.82445240020752,-6.108085632324219,-1.5441845655441284,1.2486884593963623,1.2430481910705566,-0.005112871993333101,1.7619358147825546,0.26421618461608887,-0.0592111311852932,2.4801437854766846,0
1780882656.5503078,44167,-13.82445240020752,-6.108085632324219,-1.5441845655441284,1.2486884593963623,1.2430481910705566,-0.005112871993333101,1.7619358147825546,0.2649599313735962,-0.05674445256590843,2.4803781509399414,0
1780882656.5615935,44188,-13.796992301940918,-6.081913948059082,-1.5442968606948853,1.2904173135757446,1.2026259899139404,-0.005064382217824459,1.7639477777870225,0.26567816734313965,-0.0542600117623806,2.480614185333252,0
1780882656.571737,44195,-13.78792953491211,-6.073652267456055,-1.5443310737609863,1.3036507368087769,1.189284324645996,-0.005043225362896919,1.7646325063742907,0.26708000898361206,-0.0490492545068264,2.481090784072876,0
1780882656.5826082,44202,-13.778788566589355,-6.065488338470459,-1.5443651676177979,1.3167697191238403,1.1758028268814087,-0.005011243745684624,1.7653384642803396,0.2683316469192505,-0.04417550563812256,2.4815030097961426,0
1780882656.5923042,44215,-13.769570350646973,-6.057421684265137,-1.544399380683899,1.3412057161331177,1.149999737739563,-0.004960427060723305,1.766736192991426,0.2683316469192505,-0.04417550563812256,2.4815030097961426,0
1780882656.6031477,44228,-13.743515014648438,-6.035556316375732,-1.5444921255111694,1.365247130393982,1.1237159967422485,-0.004899835679680109,1.768236798840335,0.2704506516456604,-0.03508114814758301,2.4822065830230713,0
1780882656.6142204,44235,-13.7339448928833,-6.027851581573486,-1.5445263385772705,1.3778427839279175,1.1095852851867676,-0.004880785942077637,1.7690828314119853,0.27096208930015564,-0.03255820274353027,2.482414722442627,0
1780882656.6267269,44248,-13.7241792678833,-6.020155906677246,-1.5445605516433716,1.4014949798583984,1.0822848081588745,-0.00483674043789506,1.770748988026775,0.2714528739452362,-0.02992701157927513,2.4826431274414062,0
1780882656.6361403,44262,-13.696874618530273,-5.999492168426514,-1.544653296470642,1.42454195022583,1.0546590089797974,-0.004773049149662256,1.7724695131859518,0.2722557485103607,-0.025215385481715202,2.4830572605133057,0
1780882656.6472616,44269,-13.68691349029541,-5.992275238037109,-1.5446875095367432,1.4365335702896118,1.0398707389831543,-0.0047232103534042835,1.7734097555495834,0.2730798125267029,-0.020010709762573242,2.4834868907928467,0
1780882656.657505,44283,-13.676718711853027,-5.985058307647705,-1.5447216033935547,1.460780143737793,1.0090925693511963,-0.004619068931788206,1.7754345320670661,0.2734629213809967,-0.017479658126831055,2.4836697578430176,0
1780882656.6684735,44290,-13.655546188354492,-5.970585823059082,-1.5447900295257568,1.4728667736053467,0.9933003783226013,-0.004567346535623074,1.7765142935031013,0.27417680621147156,-0.012286185286939144,2.4840333461761475,0
1780882656.6792862,44307,-13.634843826293945,-5.957118988037109,-1.5448485612869263,1.5035582780838013,0.9517135620117188,-0.004415774252265692,1.7794565740061223,0.2744934856891632,-0.009779213927686214,2.484205722808838,0
1780882656.6891556,44314,-13.62027359008789,-5.947948932647705,-1.544887661933899,1.5113340616226196,0.9408087134361267,-0.0043730782344937325,1.7802445913164038,0.27518850564956665,-0.0037504432257264853,2.484614610671997,0
1780882656.700068,44328,-13.59902286529541,-5.935204982757568,-1.544946312904358,1.5333340167999268,0.9092426300048828,-0.004263539332896471,1.7826535123409815,0.27543333172798157,-0.0012358425883576274,2.4847774505615234,0
1780882656.7110984,44334,-13.58828067779541,-5.929003715515137,-1.5449755191802979,1.544137716293335,0.893278181552887,-0.004219436552375555,1.7839072285751991,0.275810182094574,0.004050731658935547,2.485163927078247,0
1780882656.721045,44348,-13.577499389648438,-5.922910213470459,-1.5450048446655273,1.5647481679916382,0.8618594408035278,-0.0041285608895123005,1.7864085674756423,0.275810182094574,0.004050731658935547,2.485163927078247,0
1780882656.7320461,44355,-13.55687427520752,-5.911689281463623,-1.5450586080551147,1.5745618343353271,0.8464217782020569,-0.0040698908269405365,1.787649675068218,0.27594414353370667,0.006834148894995451,2.485389471054077,0
1780882656.7421467,44368,-13.534765243530273,-5.900282859802246,-1.5451171398162842,1.5948885679244995,0.8134461641311646,-0.003963436931371689,1.7903574824230706,0.2761913537979126,0.014746307395398617,2.4859771728515625,0
1780882656.7529838,44368,-13.534765243530273,-5.900282859802246,-1.5451171398162842,1.5948885679244995,0.8134461641311646,-0.003963436931371689,1.7903574824230706,0.2762276530265808,0.017476199194788933,2.486170768737793,0
1780882656.7640278,44388,-13.502577781677246,-5.884687423706055,-1.54519522190094,1.6230454444885254,0.765264630317688,-0.003800454083830118,1.7944138075542848,0.2762276232242584,0.025321243330836296,2.4867069721221924,0
1780882656.7749956,44402,-13.479843139648438,-5.874413967132568,-1.5452440977096558,1.6419068574905396,0.731209933757782,-0.0036581610329449177,1.7973701561010358,0.27619436383247375,0.028031347319483757,2.48688006401062,0
1780882656.7847881,44402,-13.479843139648438,-5.874413967132568,-1.5452440977096558,1.6419068574905396,0.731209933757782,-0.0036581610329449177,1.7973701561010358,0.27615851163864136,0.030577776953577995,2.487001657485962,0
1780882656.795875,44421,-13.448827743530273,-5.861318111419678,-1.5453076362609863,1.6663917303085327,0.6847518086433411,-0.0034548710100352764,1.801598838369599,0.27603745460510254,0.036972519010305405,2.4871745109558105,0
1780882656.8088646,44435,-13.425507545471191,-5.85216760635376,-1.5453563928604126,1.6839830875396729,0.6498048901557922,-0.003335561603307724,1.805008742461166,0.2759421467781067,0.03942966088652611,2.487253189086914,0
1780882656.8182526,44435,-13.425507545471191,-5.85216760635376,-1.5453563928604126,1.6839830875396729,0.6498048901557922,-0.003335561603307724,1.805008742461166,0.27581968903541565,0.04190850257873535,2.487332820892334,0
1780882656.8278024,44455,-13.392108917236328,-5.840048789978027,-1.5454199314117432,1.7078920602798462,0.5997515916824341,-0.003169593634083867,1.8101401348007164,0.2756781280040741,0.044400688260793686,2.487413167953491,0
1780882656.8408875,44462,-13.380194664001465,-5.836005687713623,-1.54543936252594,1.7160645723342896,0.5818840861320496,-0.0031213711481541395,1.8120365473887228,0.2753380835056305,0.04915439710021019,2.4876091480255127,0
1780882656.8507745,44468,-13.368203163146973,-5.832089900970459,-1.5454589128494263,1.7240804433822632,0.5639193058013916,-0.0030912826769053936,1.8139646950085035,0.27479618787765503,0.0547252856194973,2.4879209995269775,0
1780882656.8620994,44488,-13.333632469177246,-5.821572303771973,-1.5455175638198853,1.7460346221923828,0.5119907259941101,-0.002977352123707533,1.8195549648263285,0.2744414210319519,0.05770265683531761,2.488128185272217,0
1780882656.8719099,44495,-13.32144546508789,-5.81814432144165,-1.5455371141433716,1.7533632516860962,0.49366623163223267,-0.002925724955275655,1.8215371531988371,0.27324971556663513,0.0660632774233818,2.4886605739593506,0
1780882656.8846114,44502,-13.309218406677246,-5.814843654632568,-1.545556664466858,1.7605141401290894,0.47525718808174133,-0.0028643417172133923,1.8235371224275374,0.27282407879829407,0.06879471987485886,2.488786220550537,0
1780882656.8942184,44520,-13.278085708618164,-5.807040691375732,-1.5456054210662842,1.7778223752975464,0.4283234179019928,-0.0027612780686467886,1.8286937887706698,0.27237337827682495,0.0715106651186943,2.4889020919799805,0
1780882656.9054797,44527,-13.265703201293945,-5.80419921875,-1.5456249713897705,1.7843804359436035,0.40963178873062134,-0.0027189396787434816,1.8307974041793673,0.2716382145881653,0.07567309588193893,2.48907208442688,0
1780882656.915423,44534,-13.253280639648438,-5.801484107971191,-1.5456445217132568,1.7907710075378418,0.3908672630786896,-0.0026750469114631414,1.8329334888807889,0.27063557505607605,0.08095788210630417,2.4892282485961914,0
1780882656.9254124,44548,-13.240819931030273,-5.798896312713623,-1.5456640720367432,1.8032362461090088,0.35259440541267395,-0.0025961589999496937,1.8373868710892596,0.2701367139816284,0.08351445198059082,2.4892737865448,0
1780882656.9377122,44562,-13.20238208770752,-5.791816234588623,-1.5457226037979126,1.8150376081466675,0.3140416741371155,-0.002539200708270073,1.8420070954320058,0.2690308392047882,0.0888056680560112,2.489361047744751,0
1780882656.947519,44569,-13.189725875854492,-5.789765357971191,-1.545742154121399,1.820605754852295,0.29492950439453125,-0.0025290250778198242,1.8443413792277021,0.268453449010849,0.09141623228788376,2.4894073009490967,0
1780882656.9586806,44579,-13.177030563354492,-5.787851333618164,-1.5457617044448853,1.829897165298462,0.2613722085952759,-0.002494239713996649,1.8484710677273448,0.2671383023262024,0.09681545943021774,2.4895384311676025,0
1780882656.9682143,44593,-13.145234107971191,-5.783632755279541,-1.5458104610443115,1.8386480808258057,0.22762425243854523,-0.002468924503773451,1.8526860665020477,0.26532891392707825,0.103575699031353,2.4896914958953857,0
1780882656.9791589,44600,-13.132421493530273,-5.782187461853027,-1.5458251237869263,1.843417763710022,0.20823588967323303,-0.002451558131724596,1.855143457376527,0.2645762264728546,0.10624729841947556,2.4897384643554688,0
1780882656.990523,44615,-13.119569778442383,-5.78087854385376,-1.545839786529541,1.8526231050491333,0.16838839650154114,-0.0024472379591315985,1.860261543550229,0.2645762264728546,0.10624729841947556,2.4897384643554688,0
1780882657.001528,44621,-13.092656135559082,-5.778584003448486,-1.5458788871765137,1.8570369482040405,0.1479339301586151,-0.0024426793679594994,1.8629215338735137,0.2620350122451782,0.11450039595365524,2.489861488342285,0
1780882657.0113623,44635,-13.066757202148438,-5.776943206787109,-1.5459082126617432,1.864927053451538,0.10866431891918182,-0.002440338023006916,1.8680917547463434,0.2603389620780945,0.11968039721250534,2.489881992340088,0
1780882657.0210907,44648,-13.053789138793945,-5.776328086853027,-1.545922875404358,1.8717451095581055,0.07124299556016922,-0.0024535751435905695,1.8731020633169073,0.2603389620780945,0.11968039721250534,2.489881992340088,0
1780882657.0323439,44655,-13.030467987060547,-5.775556564331055,-1.5459520816802979,1.8747395277023315,0.053494758903980255,-0.0024583148770034313,1.8755042066793106,0.2594536542892456,0.12229704111814499,2.4898951053619385,0
1780882657.041595,44669,-13.004374504089355,-5.775224685668945,-1.5459911823272705,1.8809232711791992,0.01378802303224802,-0.0025034237187355757,1.8809754726664867,0.25690317153930664,0.12945044040679932,2.489872932434082,0
1780882657.0529742,44680,-12.991289138793945,-5.77526330947876,-1.5460107326507568,1.8858108520507812,-0.02186318300664425,-0.0025708675384521484,1.8859393356742882,0.2548465430736542,0.13474534451961517,2.489886999130249,0
1780882657.0639818,44687,-12.970624923706055,-5.775585651397705,-1.5460400581359863,1.8877582550048828,-0.0376233272254467,-0.0026090573519468307,1.8881349398999159,0.2530421316623688,0.13911759853363037,2.489941358566284,0
1780882657.075339,44700,-12.944375038146973,-5.776523113250732,-1.5460790395736694,1.892171025276184,-0.07768388837575912,-0.002677173586562276,1.8937669187802166,0.2518467903137207,0.141898974776268,2.489973783493042,0
1780882657.0849595,44700,-12.944375038146973,-5.776523113250732,-1.5460790395736694,1.892171025276184,-0.07768388837575912,-0.002677173586562276,1.8937669187802166,0.2506386637687683,0.14461658895015717,2.4899866580963135,0
1780882657.0958536,44722,-12.90414047241211,-5.779052734375,-1.5461376905441284,1.8973830938339233,-0.13911110162734985,-0.002784361829981208,1.9024779252421211,0.24943184852600098,0.14726269245147705,2.4899773597717285,0
1780882657.1057377,44729,-12.890936851501465,-5.780156135559082,-1.5461572408676147,1.8987019062042236,-0.15927164256572723,-0.0028309677727520466,1.9053725092820215,0.24578425288200378,0.15500019490718842,2.4898386001586914,0
1780882657.1170447,44735,-12.877734184265137,-5.781405925750732,-1.5461766719818115,1.899831771850586,-0.17945285141468048,-0.002871713601052761,1.9082904218050256,0.2445971965789795,0.15745721757411957,2.4897680282592773,0
1780882657.1264055,44749,-12.864530563354492,-5.782793045043945,-1.5461962223052979,1.9015023708343506,-0.21880483627319336,-0.0029585598967969418,1.9140521350636868,0.24343247711658478,0.15986263751983643,2.489680528640747,0
1780882657.1373398,44763,-12.82632827758789,-5.787587642669678,-1.5462548732757568,1.902489423751831,-0.258232980966568,-0.003069863189011812,1.9199374218985505,0.2411661297082901,0.1643836349248886,2.489500045776367,0
1780882657.1484811,44769,-12.813124656677246,-5.789521217346191,-1.5462744235992432,1.9027304649353027,-0.2785141170024872,-0.0031500004697591066,1.9230089074327108,0.238583505153656,0.16926036775112152,2.4893267154693604,0
1780882657.1596465,44781,-12.799921989440918,-5.791591644287109,-1.5462987422943115,1.902645230293274,-0.31621992588043213,-0.0033176850993186235,1.9287469820886278,0.237131729722023,0.1718447059392929,2.4892735481262207,0
1780882657.1709065,44795,-12.76406192779541,-5.797919750213623,-1.546362280845642,1.9018431901931763,-0.35395529866218567,-0.003474445315077901,1.934503539750042,0.23291665315628052,0.17896008491516113,2.489145040512085,0
1780882657.180867,44802,-12.750859260559082,-5.800517559051514,-1.54638671875,1.9011156558990479,-0.3742791414260864,-0.003544826526194811,1.9376114622406155,0.23137027025222778,0.1814960092306137,2.489074230194092,0
1780882657.1922174,44813,-12.737655639648438,-5.803261756896973,-1.546411156654358,1.8993247747421265,-0.41001689434051514,-0.0036737346090376377,1.9430805309919217,0.22984614968299866,0.18395088613033295,2.488982677459717,0
1780882657.2019026,44827,-12.70449161529541,-5.810751914978027,-1.546474575996399,1.896924376487732,-0.44576185941696167,-0.003817543853074312,1.9485995738132829,0.22754652798175812,0.18758128583431244,2.488818883895874,0
1780882657.21336,44834,-12.691328048706055,-5.813984394073486,-1.5465039014816284,1.8953019380569458,-0.46609511971473694,-0.0039033936336636543,1.9517759434694775,0.22602705657482147,0.18992970883846283,2.4886972904205322,0
1780882657.2230241,44848,-12.678163528442383,-5.817363262176514,-1.546533226966858,1.8914676904678345,-0.5068866014480591,-0.004098410718142986,1.958213687977311,0.22294990718364716,0.19456087052822113,2.488434314727783,0
1780882657.2339032,44861,-12.638671875,-5.828388690948486,-1.5466210842132568,1.8868402242660522,-0.5476540327072144,-0.004309072624891996,1.964716147324017,0.2196488082408905,0.19929693639278412,2.4881792068481445,0
1780882657.2438295,44869,-12.625585556030273,-5.832334041595459,-1.5466504096984863,1.8842262029647827,-0.567975640296936,-0.004411058500409126,1.967974636357616,0.2162119597196579,0.20406746864318848,2.4879298210144043,0
1780882657.2546144,44881,-12.61253833770752,-5.836415767669678,-1.5466796159744263,1.878615379333496,-0.6070141792297363,-0.004621605854481459,1.9742551295349242,0.2162119597196579,0.20406746864318848,2.4879298210144043,0
1780882657.2658086,44888,-12.5884370803833,-5.844326019287109,-1.5467382669448853,1.875641942024231,-0.6257480978965759,-0.004734902177006006,1.9772748407847194,0.21445469558238983,0.20643113553524017,2.487797498703003,0
1780882657.2765207,44902,-12.562460899353027,-5.853437423706055,-1.5468065738677979,1.8685853481292725,-0.666236162185669,-0.00500191655009985,1.9838111921794517,0.20898407697677612,0.21335433423519135,2.4874563217163086,0
1780882657.2862682,44913,-12.549491882324219,-5.858202934265137,-1.546840786933899,1.861486792564392,-0.7023288607597351,-0.005194978788495064,1.9895793262276196,0.20687520503997803,0.21587906777858734,2.487353563308716,0
1780882657.2972443,44920,-12.52914047241211,-5.865966796875,-1.546899437904358,1.8581205606460571,-0.7182025909423828,-0.005270752590149641,1.9920980800063124,0.20156803727149963,0.22211825847625732,2.487020969390869,0
1780882657.3083823,44934,-12.503202438354492,-5.876454830169678,-1.5469775199890137,1.8489359617233276,-0.7587893605232239,-0.005513024050742388,1.998588471304484,0.19951462745666504,0.22445331513881683,2.486870765686035,0
1780882657.3194795,44934,-12.503202438354492,-5.876454830169678,-1.5469775199890137,1.8489359617233276,-0.7587893605232239,-0.005513024050742388,1.998588471304484,0.1973557472229004,0.2268453687429428,2.4867186546325684,0
1780882657.329177,44955,-12.464648246765137,-5.893193244934082,-1.547094702720642,1.833540439605713,-0.8192226886749268,-0.005845670588314533,2.0082406551939718,0.19523760676383972,0.22915588319301605,2.486558675765991,0
1780882657.3401659,44962,-12.451952934265137,-5.899023532867432,-1.5471338033676147,1.8280084133148193,-0.8391835689544678,-0.005955553147941828,2.011437120609595,0.19100965559482574,0.2336268275976181,2.486192464828491,0
1780882657.351487,44969,-12.43929672241211,-5.904990196228027,-1.5471776723861694,1.8222700357437134,-0.8591046929359436,-0.006057228893041611,2.0146378450271945,0.18694573640823364,0.23782978951931,2.4857795238494873,0
1780882657.3625624,44989,-12.403203010559082,-5.922871112823486,-1.5472997426986694,1.8046948909759521,-0.9160977602005005,-0.006381354294717312,2.023906983396646,0.18501877784729004,0.23982129991054535,2.4855501651763916,0
1780882657.3739264,44996,-12.390703201293945,-5.929374694824219,-1.5473437309265137,1.7981982231140137,-0.9358798265457153,-0.006511292420327663,2.027172981339929,0.17913605272769928,0.24554765224456787,2.484893798828125,0
1780882657.3851793,45003,-12.378280639648438,-5.936015605926514,-1.547387719154358,1.791500210762024,-0.9556135535240173,-0.006629695650190115,2.0304468034655794,0.177012637257576,0.2475327104330063,2.484663963317871,0
1780882657.3945303,45022,-12.344061851501465,-5.955126762390137,-1.547524333000183,1.7718427181243896,-1.0101053714752197,-0.006980294827371836,2.0395558839535126,0.177012637257576,0.2475327104330063,2.484663963317871,0
1780882657.4057114,45029,-12.331796646118164,-5.96227502822876,-1.547573208808899,1.7643815279006958,-1.029654622077942,-0.007105145137757063,2.042861057402361,0.16868902742862701,0.25485432147979736,2.4837827682495117,0
1780882657.4152427,45036,-12.319608688354492,-5.969560623168945,-1.5476220846176147,1.7567189931869507,-1.0491496324539185,-0.007228183560073376,2.0461741907617603,0.16644759476184845,0.2567445933818817,2.483543634414673,0
1780882657.42666,45049,-12.30746078491211,-5.976982116699219,-1.547670841217041,1.741472601890564,-1.0863335132598877,-0.007474217098206282,2.052535794837277,0.16415075957775116,0.25855883955955505,2.483293294906616,0
1780882657.4364038,45062,-12.273398399353027,-5.998710632324219,-1.5478222370147705,1.7254968881607056,-1.1232657432556152,-0.0077244373969733715,2.0589135746691674,0.1597180962562561,0.26166510581970215,2.4828038215637207,0
1780882657.447696,45069,-12.261484146118164,-6.006640434265137,-1.547876000404358,1.7168776988983154,-1.1424328088760376,-0.007850832305848598,2.062252019356185,0.1548631340265274,0.26476821303367615,2.4822287559509277,0
1780882657.4576678,45080,-12.249608993530273,-6.014707088470459,-1.5479296445846558,1.701451063156128,-1.1755015850067139,-0.008095174096524715,2.0680438168743107,0.15234196186065674,0.2662297487258911,2.4819295406341553,0
1780882657.468632,45093,-12.22054672241211,-6.035175800323486,-1.548071265220642,1.6854625940322876,-1.208297848701477,-0.008328552357852459,2.073845995208671,0.14863945543766022,0.2682788372039795,2.4814767837524414,0
1780882657.4793339,45100,-12.208906173706055,-6.043701171875,-1.5481297969818115,1.6760108470916748,-1.227079153060913,-0.0084748025983572,2.077211455226627,0.14358799159526825,0.27088066935539246,2.4808428287506104,0
1780882657.4901478,45114,-12.197343826293945,-6.052353382110596,-1.5481884479522705,1.6570963859558105,-1.2633317708969116,-0.008750252425670624,2.0837591421809885,0.14358799159526825,0.27088066935539246,2.4808428287506104,0
1780882657.4999762,45127,-12.164258003234863,-6.078085899353027,-1.54836905002594,1.637510895729065,-1.2991840839385986,-0.008997082710266113,2.090311499534956,0.14093509316444397,0.27211424708366394,2.4805209636688232,0
1780882657.5112104,45134,-12.152968406677246,-6.087236404418945,-1.5484325885772705,1.6271952390670776,-1.317461371421814,-0.009122042916715145,2.0936933927627,0.13100284337997437,0.27649521827697754,2.4792442321777344,0
1780882657.5237892,45147,-12.14175796508789,-6.096513748168945,-1.5484960079193115,1.6072896718978882,-1.351619839668274,-0.009302186779677868,2.1000816200932277,0.12841473519802094,0.27753162384033203,2.478914260864258,0
1780882657.5335324,45161,-12.111054420471191,-6.122851371765137,-1.5486767292022705,1.5867977142333984,-1.385365605354309,-0.009399333037436008,2.1064788614786996,0.1237625777721405,0.2792733907699585,2.4783284664154053,0
1780882657.5433283,45167,-12.100116729736328,-6.13259744644165,-1.5487401485443115,1.5756984949111938,-1.403098225593567,-0.009422349743545055,2.109881313771916,0.12114319205284119,0.28019747138023376,2.477997303009033,0
1780882657.5542712,45182,-12.08925724029541,-6.142460823059082,-1.548803687095642,1.5528855323791504,-1.4384280443191528,-0.009418467991054058,2.116746896276359,0.11855330318212509,0.2810859680175781,2.4776670932769775,0
1780882657.5654898,45189,-12.06753921508789,-6.162802696228027,-1.5489404201507568,1.541168212890625,-1.456018090248108,-0.009399938397109509,2.1202067112421137,0.11053168773651123,0.28354883193969727,2.4766783714294434,0
1780882657.575188,45202,-12.046366691589355,-6.183388710021973,-1.5490673780441284,1.5175405740737915,-1.4903831481933594,-0.009308733977377415,2.1270303182858545,0.10778934508562088,0.2843056619167328,2.476355791091919,0
1780882657.5864518,45214,-12.035898208618164,-6.193857192993164,-1.5491307973861694,1.4951636791229248,-1.5216288566589355,-0.00918098445981741,2.1332962980470462,0.10502646118402481,0.2850247323513031,2.4760348796844482,0
1780882657.5976295,45221,-12.01839828491211,-6.211816310882568,-1.5492382049560547,1.4847208261489868,-1.5357922315597534,-0.009125561453402042,2.1361500382678313,0.09731917083263397,0.28680944442749023,2.4751858711242676,0
1780882657.6069353,45235,-11.998046875,-6.233496189117432,-1.5493651628494263,1.459597110748291,-1.5688860416412354,-0.008936709724366665,2.1428735385323514,0.09435651451349258,0.28742465376853943,2.4748764038085938,0
1780882657.6182199,45235,-11.998046875,-6.233496189117432,-1.5493651628494263,1.459597110748291,-1.5688860416412354,-0.008936709724366665,2.1428735385323514,0.09137086570262909,0.2880180776119232,2.474569797515869,0
1780882657.629251,45254,-11.9702730178833,-6.264472484588623,-1.549536108970642,1.4234623908996582,-1.6140556335449219,-0.008639196865260601,2.1520909372529653,0.08838064223527908,0.288595050573349,2.474266529083252,0
1780882657.638887,45261,-11.960468292236328,-6.275790691375732,-1.5495946407318115,1.4102071523666382,-1.6299667358398438,-0.008497781120240688,2.1553533317798235,0.07987076044082642,0.2900868356227875,2.473435640335083,0
1780882657.6500921,45268,-11.950780868530273,-6.287216663360596,-1.5496532917022705,1.3967961072921753,-1.6457237005233765,-0.008328599855303764,2.1585910287468724,0.07700355350971222,0.2905784845352173,2.473144054412842,0
1780882657.6625311,45286,-11.926132202148438,-6.317245960235596,-1.5497997999191284,1.3614076375961304,-1.6858117580413818,-0.00786808505654335,2.1668996160454936,0.07428763061761856,0.29105305671691895,2.4728550910949707,0
1780882657.6722598,45300,-11.907499313354492,-6.340976238250732,-1.5499072074890137,1.333399772644043,-1.7162188291549683,-0.007464709226042032,2.1733425282539027,0.06722812354564667,0.2921818196773529,2.4721267223358154,0
1780882657.6833777,45300,-11.907499313354492,-6.340976238250732,-1.5499072074890137,1.333399772644043,-1.7162188291549683,-0.007464709226042032,2.1733425282539027,0.06452401727437973,0.2925780713558197,2.4718527793884277,0
1780882657.693925,45317,-11.898320198059082,-6.352997779846191,-1.54995596408844,1.3022435903549194,-1.7487763166427612,-0.007044868543744087,2.1803913879035326,0.06183673441410065,0.2929583787918091,2.4715840816497803,0
1780882657.7051399,45330,-11.868281364440918,-6.39415979385376,-1.5501171350479126,1.270382285118103,-1.780665397644043,-0.006688933353871107,2.1873923174725936,0.054845988750457764,0.2937748432159424,2.4709715843200684,0
1780882657.7150848,45338,-11.859570503234863,-6.406630516052246,-1.5501611232757568,1.2555111646652222,-1.7950397729873657,-0.00653838599100709,2.190552172785876,0.04847016558051109,0.2944183051586151,2.470470905303955,0
1780882657.7275956,45352,-11.841914176940918,-6.4326171875,-1.5502538681030273,1.2244099378585815,-1.8241182565689087,-0.006145867984741926,2.196958097362837,0.042144034057855606,0.2950206995010376,2.4699740409851074,0
1780882657.7372713,45359,-11.833515167236328,-6.445380687713623,-1.55029296875,1.2090803384780884,-1.8379958868026733,-0.0059621999971568584,2.200031748095159,0.03913098946213722,0.2952896058559418,2.469740152359009,0
1780882657.748416,45365,-11.825234413146973,-6.458241939544678,-1.550331950187683,1.193610668182373,-1.8517135381698608,-0.00575579609721899,2.203084788161597,0.03623593971133232,0.29554054141044617,2.4695122241973877,0
1780882657.7578692,45380,-11.817070007324219,-6.47119140625,-1.5503710508346558,1.1619936227798462,-1.878935694694519,-0.005336093716323376,2.209220902959764,0.03343931958079338,0.2957758605480194,2.4692907333374023,0
1780882657.7686367,45393,-11.792929649353027,-6.511064529418945,-1.550478458404541,1.1298389434814453,-1.9055780172348022,-0.004941854160279036,2.2153528025798352,0.027801301330327988,0.2962106168270111,2.4688591957092285,0
1780882657.7784274,45400,-11.785195350646973,-6.524384498596191,-1.550512671470642,1.1137009859085083,-1.91856849193573,-0.004754271358251572,2.2183907562371137,0.025022774934768677,0.2964087724685669,2.468656301498413,0
1780882657.7895365,45413,-11.77757740020752,-6.537792682647705,-1.5505468845367432,1.0830047130584717,-1.9425864219665527,-0.004460969008505344,2.2240865800503746,0.019384726881980896,0.2967846393585205,2.468263864517212,0
1780882657.8007338,45426,-11.757147789001465,-6.57522439956665,-1.5506298542022705,1.0518065690994263,-1.9660629034042358,-0.004251751583069563,2.2297350686425785,0.013972757384181023,0.29709193110466003,2.467931032180786,0
1780882657.8116043,45433,-11.749960899353027,-6.588964462280273,-1.5506591796875,1.034994125366211,-1.9783132076263428,-0.004150867462158203,2.2327008793638448,0.007256857119500637,0.29741334915161133,2.467566728591919,0
1780882657.8214834,45448,-11.742890357971191,-6.602783203125,-1.55068838596344,1.0002551078796387,-2.002727508544922,-0.003886051010340452,2.2386252155540265,0.007256857119500637,0.29741334915161133,2.467566728591919,0
1780882657.8340116,45455,-11.728554725646973,-6.631777286529541,-1.550747036933899,0.9823205471038818,-2.014892816543579,-0.00374991400167346,2.2415978188061314,0.003929719794541597,0.2975623309612274,2.4673891067504883,0
1780882657.8436215,45469,-11.715272903442383,-6.659999847412109,-1.5507959127426147,0.9473620653152466,-2.037796974182129,-0.0035636471584439278,2.2472481149987154,-0.009216667152941227,0.29809248447418213,2.4667043685913086,0
1780882657.854527,45481,-11.70882797241211,-6.674228191375732,-1.550820231437683,0.9141485095024109,-2.0585577487945557,-0.003335127839818597,2.252407295678403,-0.009216667152941227,0.29809248447418213,2.4667043685913086,0
1780882657.8642373,45488,-11.697890281677246,-6.699169635772705,-1.5508593320846558,0.8985228538513184,-2.0680043697357178,-0.003212189534679055,2.2547717645696976,-0.017961956560611725,0.2984023094177246,2.466270685195923,0
1780882657.8751156,45502,-11.68578052520752,-6.728115081787109,-1.5508984327316284,0.8622613549232483,-2.0892598628997803,-0.002949471352621913,2.260201344637098,-0.02098621055483818,0.2985035181045532,2.4661190509796143,0
1780882657.8861384,45502,-11.68578052520752,-6.728115081787109,-1.5508984327316284,0.8622613549232483,-2.0892598628997803,-0.002949471352621913,2.260201344637098,-0.02398018166422844,0.29859790205955505,2.465972423553467,0
1780882657.895797,45522,-11.669257164001465,-6.770253658294678,-1.5509520769119263,0.8091880679130554,-2.118692398071289,-0.0026043367106467485,2.267961549380332,-0.02697037160396576,0.2986856698989868,2.465829372406006,0
1780882657.9058897,45529,-11.663749694824219,-6.785038948059082,-1.5509716272354126,0.79049152135849,-2.1286070346832275,-0.0024893665686249733,2.2706498960404478,-0.03270416334271431,0.2988358736038208,2.465574264526367,0
1780882657.9171221,45536,-11.658398628234863,-6.799892425537109,-1.5509862899780273,0.7716683149337769,-2.1383490562438965,-0.00235576624982059,2.2733266866525192,-0.038891203701496124,0.2989802062511444,2.465317487716675,0
1780882657.9284694,45553,-11.645586013793945,-6.837109088897705,-1.5510205030441284,0.7242655158042908,-2.161837339401245,-0.002032575663179159,2.279935383026575,-0.0418824702501297,0.29904842376708984,2.4651942253112793,0
1780882657.9381015,45560,-11.640703201293945,-6.852187156677246,-1.5510351657867432,0.7049983739852905,-2.1710031032562256,-0.0019098042976111174,2.2826039579880084,-0.049546509981155396,0.29920709133148193,2.4648966789245605,0
1780882657.9490082,45567,-11.635937690734863,-6.867323875427246,-1.551049828529358,0.685604453086853,-2.1799981594085693,-0.001780447899363935,2.2852677329170854,-0.05262460932135582,0.2992652356624603,2.464782238006592,0
1780882657.9587703,45587,-11.622929573059082,-6.911532878875732,-1.5510790348052979,0.6286908984184265,-2.2051117420196533,-0.0014217853313311934,2.292983223231397,-0.05262460932135582,0.2992652356624603,2.464782238006592,0
1780882657.9699302,45594,-11.6187105178833,-6.926904201507568,-1.551088809967041,0.6088064312934875,-2.2134594917297363,-0.0013086366234347224,2.2956589260695037,-0.06445171684026718,0.2994586229324341,2.4643590450286865,0
1780882657.981237,45601,-11.614608764648438,-6.942333698272705,-1.5510985851287842,0.5887869596481323,-2.221647024154663,-0.0012417506659403443,2.2983444314836015,-0.06772366911172867,0.29950055480003357,2.464256525039673,0
1780882657.9914093,45613,-11.610663414001465,-6.957822322845459,-1.5511083602905273,0.5510127544403076,-2.236449718475342,-0.0010769701329991221,2.3033287995179927,-0.07104197144508362,0.29954004287719727,2.464158058166504,0
1780882658.002512,45627,-11.6005859375,-7.000478267669678,-1.551123023033142,0.5127775073051453,-2.2506167888641357,-0.0008991050417535007,2.3082932029326493,-0.07672515511512756,0.2996028661727905,2.4639925956726074,0
1780882658.0135458,45634,-11.597187042236328,-7.016161918640137,-1.5511279106140137,0.49214181303977966,-2.257948160171509,-0.0008034610655158758,2.3109595634094653,-0.08299052715301514,0.29966673254966736,2.463813304901123,0
1780882658.0232975,45648,-11.59390640258789,-7.031894207000732,-1.5511327981948853,0.44956105947494507,-2.2724180221557617,-0.0006576156592927873,2.3164604995710363,-0.08604037761688232,0.29969561100006104,2.4637274742126465,0
1780882658.0341563,45655,-11.587577819824219,-7.064911842346191,-1.5511425733566284,0.4276079535484314,-2.2795422077178955,-0.0006057691643945873,2.3193019651743354,-0.09243623167276382,0.29974982142448425,2.463557720184326,0
1780882658.0443401,45669,-11.582109451293945,-7.09670877456665,-1.5511523485183716,0.3851926028728485,-2.292659044265747,-0.0005182313616387546,2.3247922709621247,-0.09550901502370834,0.29977333545684814,2.4634804725646973,0
1780882658.0553536,45680,-11.579569816589355,-7.112675666809082,-1.5511572360992432,0.34754741191864014,-2.3035948276519775,-0.0004687929176725447,2.3296649015004474,-0.10168168693780899,0.2998164892196655,2.463331460952759,0
1780882658.0651338,45693,-11.573866844177246,-7.152939319610596,-1.5511670112609863,0.30951955914497375,-2.3140008449554443,-0.00044785975478589535,2.334609703682003,-0.10637631267309189,0.2998456656932831,2.4632232189178467,0
1780882658.076469,45700,-11.571874618530273,-7.169052600860596,-1.551171898841858,0.2876889705657959,-2.3196961879730225,-0.00044795990106649697,2.3374677642589754,-0.10955348610877991,0.29985854029655457,2.4631547927856445,0
1780882658.0861242,45713,-11.570038795471191,-7.185194969177246,-1.55117666721344,0.24566859006881714,-2.3300459384918213,-0.0005063056596554816,2.34296124337857,-0.11278706789016724,0.29986438155174255,2.463087320327759,0
1780882658.0987642,45720,-11.567070007324219,-7.214599609375,-1.551186442375183,0.22551314532756805,-2.3347153663635254,-0.0005284118815325201,2.3455814417471457,-0.11616984754800797,0.2997903823852539,2.4630322456359863,0
1780882658.1084054,45734,-11.564414024353027,-7.247128963470459,-1.5511962175369263,0.180740088224411,-2.3444395065307617,-0.0006451940280385315,2.3513961800489733,-0.12937383353710175,0.29887375235557556,2.462918758392334,0
1780882658.119368,45734,-11.564414024353027,-7.247128963470459,-1.5511962175369263,0.180740088224411,-2.3444395065307617,-0.0006451940280385315,2.3513961800489733,-0.12937383353710175,0.29887375235557556,2.462918758392334,0
1780882658.13076,45755,-11.561601638793945,-7.296572208404541,-1.551210880279541,0.11214382201433182,-2.357517719268799,-0.0008041334222070873,2.360183611525362,-0.1328630894422531,0.29845985770225525,2.462918281555176,0
1780882658.1404479,45762,-11.560976028442383,-7.312968730926514,-1.5512157678604126,0.08925482630729675,-2.3614208698272705,-0.0008876609499566257,2.363107220677236,-0.14277009665966034,0.29708194732666016,2.46294903755188,0
1780882658.1518743,45769,-11.560507774353027,-7.329394340515137,-1.5512206554412842,0.06627114117145538,-2.3651208877563477,-0.0009757709340192378,2.3660493718395768,-0.14581993222236633,0.2966073751449585,2.4629671573638916,0
1780882658.1616218,45788,-11.560038566589355,-7.375644207000732,-1.5512499809265137,0.0012166857486590743,-2.374478816986084,-0.001336865359917283,2.374479505038701,-0.14875957369804382,0.2961519658565521,2.462984561920166,0
1780882658.1727877,45795,-11.560194969177246,-7.392158031463623,-1.5512597560882568,-0.02210705168545246,-2.3774566650390625,-0.0015169525286182761,2.3775599292168974,-0.1569908708333969,0.29456377029418945,2.4630911350250244,0
1780882658.18368,45802,-11.560507774353027,-7.40869140625,-1.55126953125,-0.045508671551942825,-2.3802385330200195,-0.0017129515763372183,2.3806741581877224,-0.15995924174785614,0.29387450218200684,2.4631526470184326,0
1780882658.1936848,45815,-11.560976028442383,-7.425234317779541,-1.5512841939926147,-0.09069648385047913,-2.385005474090576,-0.0021819828543812037,2.386730341843006,-0.15995924174785614,0.29387450218200684,2.4631526470184326,0
1780882658.2049463,45829,-11.563202857971191,-7.472362995147705,-1.551332950592041,-0.1361333131790161,-2.3889694213867188,-0.0027014589868485928,2.3928465210202154,-0.17186680436134338,0.2903333604335785,2.4635555744171143,0
1780882658.2144756,45836,-11.56429672241211,-7.488964557647705,-1.5513525009155273,-0.15986871719360352,-2.3907063007354736,-0.0029816769529134035,2.396047477307341,-0.17501835525035858,0.2892778813838959,2.4636898040771484,0
1780882658.2258224,45853,-11.567811965942383,-7.530781269073486,-1.551416039466858,-0.21986709535121918,-2.3940155506134033,-0.0037658594083040953,2.4040936291862804,-0.17812363803386688,0.288179486989975,2.463832139968872,0
1780882658.2357273,45860,-11.56949234008789,-7.547411918640137,-1.5514452457427979,-0.2438020259141922,-2.3949320316314697,-0.004112667869776487,2.4073129788233416,-0.18292587995529175,0.28634414076805115,2.4640843868255615,0
1780882658.2470014,45867,-11.571367263793945,-7.564052581787109,-1.5514745712280273,-0.26777389645576477,-2.3955976963043213,-0.004447250161319971,2.410520889806946,-0.18617068231105804,0.28499647974967957,2.4642791748046875,0
1780882658.2584035,45882,-11.57339859008789,-7.580693244934082,-1.5515087842941284,-0.3175143599510193,-2.3961868286132812,-0.005192460957914591,2.417137490513454,-0.19263634085655212,0.28215765953063965,2.46470046043396,0
1780882658.268363,45896,-11.580820083618164,-7.632919788360596,-1.5516259670257568,-0.36738425493240356,-2.3956751823425293,-0.005923700053244829,2.423688482517188,-0.19950619339942932,0.27892613410949707,2.465196132659912,0
1780882658.2793314,45903,-11.5835542678833,-7.649550437927246,-1.5516698360443115,-0.3915245831012726,-2.3950369358062744,-0.006276669446378946,2.4268359688343737,-0.2026120126247406,0.27743038535118103,2.465426445007324,0
1780882658.2904782,45915,-11.586444854736328,-7.666181564331055,-1.5517138242721558,-0.43754062056541443,-2.3931405544281006,-0.006987075787037611,2.432819830386389,-0.20564107596874237,0.27596351504325867,2.4656500816345215,0
1780882658.301536,45922,-11.592069625854492,-7.696191310882568,-1.5518016815185547,-0.4594050347805023,-2.3919246196746826,-0.00734073156490922,2.435653969374028,-0.21408066153526306,0.2715890109539032,2.466334342956543,0
1780882658.311052,45936,-11.598944664001465,-7.729384422302246,-1.5519139766693115,-0.507865846157074,-2.388517379760742,-0.008124246262013912,2.4419273114671713,-0.22022508084774017,0.2681290805339813,2.4668965339660645,0
1780882658.321784,45946,-11.602656364440918,-7.745956897735596,-1.5519726276397705,-0.5501020550727844,-2.384674072265625,-0.008798003196716309,2.4473169199740905,-0.22022508084774017,0.2681290805339813,2.4668965339660645,0
1780882658.331639,45953,-11.608437538146973,-7.77053689956665,-1.552065372467041,-0.5680928826332092,-2.382779836654663,-0.009077749215066433,2.4495819395964986,-0.22772511839866638,0.2635335624217987,2.467668294906616,0
1780882658.3429735,45967,-11.616835594177246,-7.803564071655273,-1.5521972179412842,-0.6165583729743958,-2.3770411014556885,-0.009843711741268635,2.4557209784410263,-0.23053736984729767,0.26161977648735046,2.4679923057556152,0
1780882658.354173,45980,-11.621289253234863,-7.820048809051514,-1.552270531654358,-0.6631660461425781,-2.370560646057129,-0.01059906929731369,2.4615969047878536,-0.235824316740036,0.25759050250053406,2.4686858654022217,0
1780882658.3639436,45987,-11.629961013793945,-7.850536823272705,-1.552407145500183,-0.6855329871177673,-2.3671202659606934,-0.010967569425702095,2.464413544340223,-0.2402808964252472,0.2537449300289154,2.469348430633545,0
1780882658.3751435,46001,-11.639960289001465,-7.883339881896973,-1.5525683164596558,-0.7336845993995667,-2.3590309619903564,-0.011794299818575382,2.470518017852422,-0.24254664778709412,0.2516292333602905,2.469712018966675,0
1780882658.3864858,46015,-11.645234107971191,-7.89968729019165,-1.552651286125183,-0.7576754689216614,-2.354642629623413,-0.012223329395055771,2.473573010692634,-0.24468202888965607,0.2493942826986313,2.4701015949249268,0
1780882658.3977053,46022,-11.65609359741211,-7.931816101074219,-1.5528271198272705,-0.804732620716095,-2.3453235626220703,-0.013103089295327663,2.4795783704460637,-0.24671928584575653,0.24705027043819427,2.470515251159668,0
1780882658.4073322,46035,-11.667734146118164,-7.964277267456055,-1.553017497062683,-0.8521080017089844,-2.3349609375,-0.013989763334393501,2.4856239336845607,-0.2505057752132416,0.2420477718114853,2.4714152812957764,0
1780882658.4186668,46035,-11.667734146118164,-7.964277267456055,-1.553017497062683,-0.8521080017089844,-2.3349609375,-0.013989763334393501,2.4856239336845607,-0.25416499376296997,0.2369462102651596,2.472320556640625,0
1780882658.4284334,46055,-11.68570327758789,-8.010732650756836,-1.5533154010772705,-0.9195151329040527,-2.318505048751831,-0.015014237724244595,2.4942331823752424,-0.2559514045715332,0.23448596894741058,2.472744941711426,0
1780882658.4396634,46062,-11.692265510559082,-8.026796340942383,-1.5534228086471558,-0.9427133798599243,-2.312385320663452,-0.015266122296452522,2.4972119337927063,-0.2606699466705322,0.2272235006093979,2.4739818572998047,0
1780882658.4504046,46069,-11.698984146118164,-8.04281234741211,-1.553530216217041,-0.9657833576202393,-2.3060622215270996,-0.015485224314033985,2.500180044633342,-0.2621784508228302,0.22449682652950287,2.4744532108306885,0
1780882658.4617712,46087,-11.716327667236328,-8.08243179321289,-1.5538036823272705,-1.0225000381469727,-2.2893943786621094,-0.01584329642355442,2.5074058225787446,-0.2636410593986511,0.2216261476278305,2.4749605655670166,0
1780882658.4715748,46094,-11.723593711853027,-8.098280906677246,-1.5539159774780273,-1.0450589656829834,-2.2823474407196045,-0.015892114490270615,2.5102809884984363,-0.2670237720012665,0.2146603912115097,2.476139783859253,0
1780882658.482425,46100,-11.7310152053833,-8.114091873168945,-1.5540282726287842,-1.0674928426742554,-2.275099039077759,-0.01590411178767681,2.5131393808432234,-0.2682909369468689,0.2120046466588974,2.4765570163726807,0
1780882658.4922934,46120,-11.752382278442383,-8.15771484375,-1.5543359518051147,-1.1290314197540283,-2.2539889812469482,-0.015768785029649734,2.520997209232046,-0.2695249915122986,0.20942352712154388,2.47694730758667,0
1780882658.5033972,46127,-11.760390281677246,-8.173310279846191,-1.554443359375,-1.1509301662445068,-2.24605655670166,-0.015657663345336914,2.523817637210653,-0.2726897895336151,0.20215249061584473,2.478008985519409,0
1780882658.5146747,46134,-11.768515586853027,-8.188847541809082,-1.5545507669448853,-1.172703742980957,-2.2379422187805176,-0.015568284317851067,2.526630525992753,-0.27374133467674255,0.19925986230373383,2.4784531593322754,0
1780882658.525971,46148,-11.776796340942383,-8.204336166381836,-1.5546581745147705,-1.2161993980407715,-2.2209789752960205,-0.015226206742227077,2.5322165037518913,-0.27374133467674255,0.19925986230373383,2.4784531593322754,0
1780882658.5356905,46162,-11.80296802520752,-8.251083374023438,-1.5549755096435547,-1.2590094804763794,-2.203253746032715,-0.014804811216890812,2.5376467689124427,-0.27751556038856506,0.18701671063899994,2.4803154468536377,0
1780882658.5465999,46169,-11.811874389648438,-8.266318321228027,-1.555078148841858,-1.2799551486968994,-2.194204568862915,-0.014627484604716301,2.5402820386721734,-0.2783922553062439,0.1840585321187973,2.4807393550872803,0
1780882658.5577843,46181,-11.820898056030273,-8.281494140625,-1.55517578125,-1.3189473152160645,-2.176673173904419,-0.014147390611469746,2.5451381642205426,-0.2792385220527649,0.1811358779668808,2.481144428253174,0
1780882658.5688367,46195,-11.846601486206055,-8.323163986206055,-1.5554394721984863,-1.3573439121246338,-2.1585326194763184,-0.013598356395959854,2.5498687182719375,-0.28064897656440735,0.17587672173976898,2.481870651245117,0
1780882658.578609,46202,-11.856171607971191,-8.338086128234863,-1.5555322170257568,-1.3774876594543457,-2.1486597061157227,-0.01330315601080656,2.552329868687463,-0.2813973128795624,0.17285297811031342,2.482282876968384,0
1780882658.5893395,46215,-11.865859031677246,-8.35293960571289,-1.5556200742721558,-1.4158790111541748,-2.1291117668151855,-0.012727569788694382,2.5569498002210627,-0.28212010860443115,0.16980433464050293,2.482694625854492,0
1780882658.5995834,46222,-11.884257316589355,-8.38037109375,-1.5557812452316284,-1.4341471195220947,-2.119454860687256,-0.012467007152736187,2.559105760454558,-0.284040242433548,0.16070042550563812,2.4839422702789307,0
1780882658.6107614,46235,-11.904569625854492,-8.409589767456055,-1.555947184562683,-1.4729228019714355,-2.098172903060913,-0.011926431208848953,2.5635860335607665,-0.28528398275375366,0.154075026512146,2.484858274459839,0
1780882658.6219156,46246,-11.914921760559082,-8.424081802368164,-1.5560302734375,-1.506673812866211,-2.078685998916626,-0.01146352756768465,2.567320173436323,-0.28528398275375366,0.154075026512146,2.484858274459839,0
1780882658.6319368,46253,-11.931171417236328,-8.446367263793945,-1.55615234375,-1.5211834907531738,-2.0700109004974365,-0.011207250878214836,2.5688654972945675,-0.28677263855934143,0.14556467533111572,2.4860129356384277,0
1780882658.6433225,46267,-11.952733993530273,-8.474921226501465,-1.556298851966858,-1.5582871437072754,-2.0471060276031494,-0.010559086687862873,2.572744333353823,-0.2873111069202423,0.142256498336792,2.486440658569336,0
1780882658.6543117,46281,-11.963671684265137,-8.489052772521973,-1.556372046470642,-1.5765267610549927,-2.035414934158325,-0.010212010703980923,2.574578580599144,-0.28783151507377625,0.1389148235321045,2.486868381500244,0
1780882658.6640458,46288,-11.9858980178833,-8.517041206359863,-1.5565038919448853,-1.612377405166626,-2.0115649700164795,-0.009452051483094692,2.5780310057418823,-0.28925687074661255,0.1289503574371338,2.4880783557891846,0
1780882658.675225,46302,-12.008671760559082,-8.544726371765137,-1.5566259622573853,-1.6475211381912231,-1.9870245456695557,-0.00865977257490158,2.5812143339020213,-0.28969889879226685,0.12560629844665527,2.488468647003174,0
1780882658.6849537,46302,-12.008671760559082,-8.544726371765137,-1.5566259622573853,-1.6475211381912231,-1.9870245456695557,-0.00865977257490158,2.5812143339020213,-0.2901223599910736,0.12230455130338669,2.4888336658477783,0
1780882658.6961136,46322,-12.042304039001465,-8.584023475646973,-1.5567822456359863,-1.6968432664871216,-1.9505053758621216,-0.007422609254717827,2.5853052793466906,-0.29052984714508057,0.11904119700193405,2.4891765117645264,0
1780882658.70753,46329,-12.054218292236328,-8.597479820251465,-1.5568310022354126,-1.7135950326919556,-1.937518835067749,-0.0070314789190888405,2.586587832261766,-0.2916010022163391,0.10913418978452682,2.4902572631835938,0
1780882658.717399,46336,-12.06624984741211,-8.61083984375,-1.5568749904632568,-1.7301455736160278,-1.9243663549423218,-0.006627826485782862,2.587785443583192,-0.2919508218765259,0.1056598350405693,2.490626335144043,0
1780882658.7269833,46354,-12.099061965942383,-8.646288871765137,-1.5569872856140137,-1.7736304998397827,-1.888197898864746,-0.00556651595979929,2.590576661930523,-0.2922966182231903,0.10224413126707077,2.4909722805023193,0
1780882658.7379732,46361,-12.11148452758789,-8.659306526184082,-1.5570214986801147,-1.7894784212112427,-1.8744442462921143,-0.005173673387616873,2.5914862568291994,-0.2928542494773865,0.09650754183530807,2.4915342330932617,0
1780882658.7479823,46368,-12.1240234375,-8.672225952148438,-1.5570555925369263,-1.805138349533081,-1.8605302572250366,-0.0047856280580163,2.5923194635771236,-0.29316794872283936,0.09310781210660934,2.4918575286865234,0
1780882658.7594056,46380,-12.136679649353027,-8.685049057006836,-1.5570849180221558,-1.8335912227630615,-1.8343671560287476,-0.004122333601117134,2.5936415768076078,-0.2937580943107605,0.08624386787414551,2.4925038814544678,0
1780882658.7692647,46394,-12.171327590942383,-8.71915054321289,-1.55715811252594,-1.8613883256912231,-1.8076385259628296,-0.003510384587571025,2.5946745195427883,-0.29448193311691284,0.07663940638303757,2.493441343307495,0
1780882658.78027,46401,-12.184374809265137,-8.73160171508789,-1.5571825504302979,-1.876146674156189,-1.7929526567459106,-0.0031755445525050163,2.5951138041255057,-0.29473385214805603,0.07308506220579147,2.4937751293182373,0
1780882658.7905276,46413,-12.19749927520752,-8.743945121765137,-1.5572021007537842,-1.9029816389083862,-1.7652829885482788,-0.0025091981515288353,2.59568284729775,-0.29473385214805603,0.07308506220579147,2.4937751293182373,0
1780882658.8015132,46427,-12.23355484008789,-8.776885032653809,-1.5572460889816284,-1.9291608333587646,-1.7370638847351074,-0.0018663215450942516,2.5959691723463543,-0.29557543992996216,0.06012248992919922,2.4948766231536865,0
1780882658.811391,46434,-12.247031211853027,-8.788837432861328,-1.5572558641433716,-1.9430140256881714,-1.7216248512268066,-0.001550812739878893,2.596015800684355,-0.2957836985588074,0.05660330876708031,2.4951624870300293,0
1780882658.8223205,46448,-12.260624885559082,-8.80068302154541,-1.5572656393051147,-1.9706143140792847,-1.689725637435913,-0.0009055137634277344,2.5958609987088193,-0.2957836985588074,0.05660330876708031,2.4951624870300293,0
1780882658.8335223,46455,-12.2890625,-8.82485294342041,-1.557275414466858,-1.9843523502349854,-1.6732438802719116,-0.0006145143415778875,2.5956501517689916,-0.2959844172000885,0.05311357602477074,2.495432138442993,0
1780882658.8432937,46469,-12.316874504089355,-8.847753524780273,-1.55728018283844,-2.010294198989868,-1.6408647298812866,-0.0001376247382722795,2.5949412030335623,-0.29654374718666077,0.04174768924713135,2.4964096546173096,0
1780882658.8544052,46469,-12.316874504089355,-8.847753524780273,-1.55728018283844,-2.010294198989868,-1.6408647298812866,-0.0001376247382722795,2.5949412030335623,-0.2967141568660736,0.03791749104857445,2.496755361557007,0
1780882658.86529,46491,-12.361328125,-8.882802963256836,-1.5572705268859863,-2.0493907928466797,-1.5886362791061401,0.0005707120872102678,2.593022980000222,-0.2968819737434387,0.03411399945616722,2.4970881938934326,0
1780882658.8751898,46498,-12.375624656677246,-8.893720626831055,-1.5572656393051147,-2.061398506164551,-1.5716623067855835,0.0008091687923297286,2.5921973039377533,-0.29737192392349243,0.022191524505615234,2.4980931282043457,0
1780882658.8860478,46512,-12.40453052520752,-8.91518497467041,-1.5572460889816284,-2.084815263748169,-1.5372437238693237,0.0013351154047995806,2.590284681857598,-0.29751789569854736,0.018659112975001335,2.498321771621704,0
1780882658.897411,46518,-12.41910171508789,-8.925742149353027,-1.5572363138198853,-2.096254587173462,-1.5198067426681519,0.0015860700514167547,2.5892273644706383,-0.2976595461368561,0.015293954871594906,2.4984941482543945,0
1780882658.9073398,46532,-12.44847583770752,-8.946484565734863,-1.5572069883346558,-2.1186156272888184,-1.4844961166381836,0.0020638180430978537,2.5869412741404,-0.29804953932762146,0.00537526560947299,2.498911142349243,0
1780882658.918547,46532,-12.44847583770752,-8.946484565734863,-1.5572069883346558,-2.1186156272888184,-1.4844961166381836,0.0020638180430978537,2.5869412741404,-0.29804953932762146,0.00537526560947299,2.498911142349243,0
1780882658.9297295,46555,-12.49625015258789,-8.978720664978027,-1.557153344154358,-2.153095006942749,-1.4265787601470947,0.002636456396430731,2.5828186190143025,-0.29816877841949463,0.001990437274798751,2.4990599155426025,0
1780882658.9394553,46562,-12.5112886428833,-8.988495826721191,-1.5571337938308716,-2.1634421348571777,-1.4082131385803223,0.002788000041618943,2.5813860399967026,-0.2984106242656708,-0.005789994727820158,2.49945330619812,0
1780882658.9506104,46569,-12.5263671875,-8.998144149780273,-1.5571142435073853,-2.1735951900482178,-1.3896995782852173,0.0029561470728367567,2.5798817234308196,-0.2986108958721161,-0.012916088104248047,2.499816656112671,0
1780882658.9604857,46586,-12.565234184265137,-9.022255897521973,-1.5570555925369263,-2.1987061500549316,-1.341645359992981,0.003350653685629368,2.5757197505086213,-0.29884469509124756,-0.02164912223815918,2.5001468658447266,0
1780882658.9717283,46593,-12.580585479736328,-9.031445503234863,-1.557031273841858,-2.208219289779663,-1.322613000869751,0.003488850547000766,2.5740143266700803,-0.29892778396606445,-0.02502727322280407,2.5002601146698,0
1780882658.9830155,46600,-12.595975875854492,-9.040497779846191,-1.5570068359375,-2.217559576034546,-1.3034348487854004,0.0036011934280395508,2.5722608434769674,-0.29900825023651123,-0.02851700596511364,2.500403881072998,0
1780882658.9943302,46614,-12.611445426940918,-9.049413681030273,-1.556982398033142,-2.235846519470215,-1.2642841339111328,0.0038457203190773726,2.5685479982767054,-0.29900825023651123,-0.02851700596511364,2.500403881072998,0
1780882659.0045152,46628,-12.658827781677246,-9.075663566589355,-1.5568945407867432,-2.2533628940582275,-1.22455894947052,0.004147076513618231,2.5646064320457485,-0.29929208755493164,-0.042697545140981674,2.500983715057373,0
1780882659.0139184,46635,-12.674530982971191,-9.084033012390137,-1.5568652153015137,-2.2617650032043457,-1.2046722173690796,0.0043051098473370075,2.562583582049898,-0.2993538975715637,-0.04607951641082764,2.501080274581909,0
1780882659.025223,46648,-12.690312385559082,-9.092255592346191,-1.5568358898162842,-2.2771432399749756,-1.166746735572815,0.004602327011525631,2.5586520790735636,-0.29941144585609436,-0.04938649758696556,2.5011513233184814,0
1780882659.0348816,46661,-12.734375,-9.114375114440918,-1.5567431449890137,-2.291908025741577,-1.1283491849899292,0.004886646289378405,2.554611156524227,-0.29950788617134094,-0.055274009704589844,2.501274585723877,0
1780882659.0463486,46668,-12.750350952148438,-9.1220703125,-1.5567089319229126,-2.2994813919067383,-1.107830286026001,0.005041627679020166,2.5524357058252134,-0.2995578944683075,-0.05859171971678734,2.501340389251709,0
1780882659.056183,46681,-12.766366958618164,-9.129618644714355,-1.5566747188568115,-2.313322067260742,-1.0686391592025757,0.00528905401006341,2.5482300943103673,-0.29965582489967346,-0.06538211554288864,2.501512289047241,0
1780882659.0688217,46695,-12.811249732971191,-9.149882316589355,-1.5565673112869263,-2.3265058994293213,-1.028961420059204,0.00555309746414423,2.543899003683349,-0.2997411787509918,-0.07162367552518845,2.501718044281006,0
1780882659.0783815,46702,-12.827460289001465,-9.15688419342041,-1.5565283298492432,-2.333211660385132,-1.0077828168869019,0.005687818396836519,2.541561569084597,-0.2998337149620056,-0.0788273811340332,2.502004384994507,0
1780882659.0882547,46714,-12.843710899353027,-9.163740158081055,-1.5564892292022705,-2.3454179763793945,-0.9671658277511597,0.00598875992000103,2.5370122363793555,-0.2998337149620056,-0.0788273811340332,2.502004384994507,0
1780882659.1009526,46721,-12.873046875,-9.175703048706055,-1.5564111471176147,-2.350966691970825,-0.9477545619010925,0.006128878332674503,2.5348216228188902,-0.29993340373039246,-0.0884622260928154,2.5022549629211426,0
1780882659.110597,46735,-12.9058198928833,-9.188417434692383,-1.5563231706619263,-2.3628122806549072,-0.9042297005653381,0.0063765998929739,2.5299315971038268,-0.2999994456768036,-0.09540247917175293,2.502441167831421,0
1780882659.1207323,46748,-12.92226505279541,-9.194540977478027,-1.5562793016433716,-2.373478412628174,-0.8620002269744873,0.006645560264587402,2.5251709506461646,-0.2999994456768036,-0.09540247917175293,2.502441167831421,0
1780882659.1313756,46755,-12.95253849029541,-9.205400466918945,-1.556191325187683,-2.3783531188964844,-0.8416236042976379,0.006770906504243612,2.5228832106640353,-0.30006441473960876,-0.10475802421569824,2.5025386810302734,0
1780882659.1423185,46768,-12.985702514648438,-9.216630935668945,-1.556093692779541,-2.3885207176208496,-0.7968612313270569,0.0069817970506846905,2.517949122993979,-0.30007830262184143,-0.10790299624204636,2.5025196075439453,0
1780882659.1524677,46768,-12.985702514648438,-9.216630935668945,-1.556093692779541,-2.3885207176208496,-0.7968612313270569,0.0069817970506846905,2.517949122993979,-0.300090491771698,-0.11102663725614548,2.5024917125701904,0
1780882659.1634684,46788,-13.031952857971191,-9.231201171875,-1.5559569597244263,-2.40157151222229,-0.7338447570800781,0.007183227222412825,2.511200002899989,-0.3001171350479126,-0.1197037622332573,2.5024049282073975,0
1780882659.17426,46802,-13.065468788146973,-9.240937232971191,-1.5558593273162842,-2.4102225303649902,-0.6878524422645569,0.007270588539540768,2.506464938846351,-0.3001273274421692,-0.12287377566099167,2.502387523651123,0
1780882659.1841476,46802,-13.065468788146973,-9.240937232971191,-1.5558593273162842,-2.4102225303649902,-0.6878524422645569,0.007270588539540768,2.506464938846351,-0.3001320958137512,-0.12595902383327484,2.502340316772461,0
1780882659.1953778,46821,-13.112343788146973,-9.253437042236328,-1.5557225942611694,-2.4212145805358887,-0.6229690909385681,0.007277631666511297,2.500084698002665,-0.3001309931278229,-0.12893593311309814,2.502263307571411,0
1780882659.2063158,46828,-13.129179000854492,-9.257597923278809,-1.5556738376617432,-2.424860715866089,-0.5995118021965027,0.007237648591399193,2.497882358294848,-0.30013635754585266,-0.1344379037618637,2.502180337905884,0
1780882659.2165809,46835,-13.1460542678833,-9.261601448059082,-1.5556249618530273,-2.428340435028076,-0.5759403109550476,0.007206449285149574,2.495715617430528,-0.3001512587070465,-0.14079593122005463,2.5021629333496094,0
1780882659.2292438,46856,-13.196210861206055,-9.272500038146973,-1.5554784536361694,-2.437687873840332,-0.5053014159202576,0.0070197246968746185,2.489518220004432,-0.3001597225666046,-0.1440119594335556,2.5021679401397705,0
1780882659.2388973,46862,-13.213163375854492,-9.275839805603027,-1.5554296970367432,-2.440507411956787,-0.48125243186950684,0.006953911855816841,2.487514560336568,-0.3001757264137268,-0.15034078061580658,2.5021846294403076,0
1780882659.2499032,46869,-13.230116844177246,-9.279013633728027,-1.5553808212280273,-2.443159341812134,-0.457084596157074,0.006883697584271431,2.485558545442132,-0.30018264055252075,-0.1535489410161972,2.502192497253418,0
1780882659.2608166,46888,-13.276093482971191,-9.28677749633789,-1.5552538633346558,-2.4494898319244385,-0.39108261466026306,0.006572537124156952,2.4805219705608272,-0.3001508116722107,-0.15985940396785736,2.5021755695343018,0
1780882659.2717824,46895,-13.29312515258789,-9.289325714111328,-1.5552098751068115,-2.4515252113342285,-0.36647868156433105,0.00643375376239419,2.478774672905131,-0.2998327612876892,-0.16840992867946625,2.50215744972229,0
1780882659.2841907,46902,-13.310155868530273,-9.291699409484863,-1.5551660060882568,-2.4533886909484863,-0.34176477789878845,0.006280827336013317,2.4770867326515154,-0.2996383309364319,-0.17151403427124023,2.502131700515747,0
1780882659.293881,46921,-13.356796264648438,-9.297324180603027,-1.5550537109375,-2.457587242126465,-0.27361035346984863,0.005673870909959078,2.472777764175293,-0.29932835698127747,-0.1746034473180771,2.5020997524261475,0
1780882659.303561,46928,-13.37386703491211,-9.299052238464355,-1.5550146102905273,-2.4587979316711426,-0.2485206574201584,0.005402254872024059,2.4713314165268363,-0.29854002594947815,-0.1798839420080185,2.502016305923462,0
1780882659.3143487,46935,-13.390936851501465,-9.300604820251465,-1.5549803972244263,-2.4598262310028076,-0.22335122525691986,0.00510933855548501,2.469950801512799,-0.2973235547542572,-0.18586218357086182,2.5018787384033203,0
1780882659.3253534,46947,-13.408007621765137,-9.301981925964355,-1.5549463033676147,-2.4612207412719727,-0.1767147332429886,0.004451145883649588,2.467560626795657,-0.2965170443058014,-0.18893061578273773,2.5018317699432373,0
1780882659.336585,46961,-13.45394515991211,-9.304823875427246,-1.554872989654541,-2.4619200229644775,-0.12986241281032562,0.0037193153984844685,2.465345468497542,-0.29485204815864563,-0.19419513642787933,2.5017740726470947,0
1780882659.346398,46968,-13.471054077148438,-9.305546760559082,-1.554848551750183,-2.4619979858398438,-0.10439106822013855,0.003316216403618455,2.464212363960303,-0.2925746440887451,-0.20043037831783295,2.5016977787017822,0
1780882659.3574889,46981,-13.488163948059082,-9.306093215942383,-1.5548291206359863,-2.4615256786346436,-0.05391785502433777,0.0024514675606042147,2.462117343134029,-0.2914144992828369,-0.20343051850795746,2.501620054244995,0
1780882659.3686762,46995,-13.538593292236328,-9.306670188903809,-1.5547900199890137,-2.4602153301239014,-0.0032957028597593307,0.0015139102470129728,2.4602180033806422,-0.28750231862068176,-0.21227703988552094,2.501375675201416,0
1780882659.3794782,47002,-13.5556640625,-9.306513786315918,-1.554785132408142,-2.4592268466949463,0.02235983870923519,0.0010359382722526789,2.459328713096396,-0.2861260771751404,-0.21522246301174164,2.5012717247009277,0
1780882659.3904922,47014,-13.572968482971191,-9.306171417236328,-1.5547802448272705,-2.4567716121673584,0.0706891119480133,9.621620120014995e-05,2.457788378635752,-0.2861260771751404,-0.21522246301174164,2.5012717247009277,0
1780882659.4003918,47028,-13.619569778442383,-9.304365158081055,-1.554785132408142,-2.4535815715789795,0.11871034651994705,-0.0008846378186717629,2.4564518023659514,-0.28212547302246094,-0.22304438054561615,2.5008914470672607,0
1780882659.4111161,47035,-13.636601448059082,-9.303359031677246,-1.5547949075698853,-2.451564311981201,0.14444610476493835,-0.0014185523614287376,2.455816415217641,-0.2788960933685303,-0.2287348359823227,2.5006020069122314,0
1780882659.4222867,47048,-13.653671264648438,-9.302167892456055,-1.5548095703125,-2.447032928466797,0.19406338036060333,-0.0024679945781826973,2.454717262658779,-0.2788960933685303,-0.2287348359823227,2.5006020069122314,0
1780882659.4323533,47055,-13.685077667236328,-9.299521446228027,-1.5548436641693115,-2.444553852081299,0.2178407609462738,-0.002979125827550888,2.454242654679008,-0.273600697517395,-0.23668025434017181,2.500123977661133,0
1780882659.4436502,47069,-13.71898365020752,-9.295966148376465,-1.554897427558899,-2.438526153564453,0.2692185938358307,-0.004078678786754608,2.4533456928255,-0.27155375480651855,-0.23935316503047943,2.4999191761016846,0
1780882659.4534843,47081,-13.7358980178833,-9.293915748596191,-1.554931640625,-2.4320414066314697,0.3171802759170532,-0.0051055666990578175,2.452642411321331,-0.26949942111968994,-0.2419867366552353,2.4997010231018066,0
1780882659.4647741,47088,-13.765312194824219,-9.28994083404541,-1.554995059967041,-2.4287502765655518,0.3394697606563568,-0.0055845738388597965,2.4523659620420215,-0.2638258934020996,-0.24870561063289642,2.4989519119262695,0
1780882659.4761622,47102,-13.798945426940918,-9.284687042236328,-1.5550878047943115,-2.4206178188323975,0.3904785215854645,-0.006690425798296928,2.4519194241381275,-0.2617107629776001,-0.25096917152404785,2.4986259937286377,0
1780882659.4868975,47102,-13.798945426940918,-9.284687042236328,-1.5550878047943115,-2.4206178188323975,0.3904785215854645,-0.006690425798296928,2.4519194241381275,-0.259509414434433,-0.2531023919582367,2.498265027999878,0
1780882659.496585,47121,-13.846874237060547,-9.27596664428711,-1.555239200592041,-2.407550811767578,0.4629530906677246,-0.008282270282506943,2.4516718930971484,-0.2529153823852539,-0.258699893951416,2.4971072673797607,0
1780882659.5077128,47128,-13.863554000854492,-9.272578239440918,-1.5553027391433716,-2.4026007652282715,0.4881538152694702,-0.00884510949254036,2.4517061040017727,-0.2505154311656952,-0.2605358064174652,2.4966747760772705,0
1780882659.5187368,47135,-13.880194664001465,-9.269013404846191,-1.5553661584854126,-2.3974571228027344,0.5132431387901306,-0.009342274628579617,2.4517965766531176,-0.24796676635742188,-0.2622898817062378,2.496225118637085,0
1780882659.5288281,47155,-13.926210403442383,-9.258241653442383,-1.5555615425109863,-2.382140636444092,0.5821839570999146,-0.010426892898976803,2.452272597367247,-0.2452886700630188,-0.26397642493247986,2.4957635402679443,0
1780882659.5381372,47161,-13.942694664001465,-9.254023551940918,-1.5556347370147705,-2.3762645721435547,0.606796145439148,-0.010734900832176208,2.4525395240526247,-0.24057862162590027,-0.266799658536911,2.4949166774749756,0
1780882659.54932,47168,-13.95914077758789,-9.249638557434082,-1.5557128190994263,-2.3702049255371094,0.6312845349311829,-0.011004118248820305,2.452858056166742,-0.2355005443096161,-0.2697899043560028,2.493940591812134,0
1780882659.5606785,47188,-14.005781173706055,-9.23624038696289,-1.55593740940094,-2.351961851119995,0.7002778649330139,-0.011434287764132023,2.4540261571905884,-0.23285329341888428,-0.27121493220329285,2.4934439659118652,0
1780882659.5704045,47195,-14.022069931030273,-9.231210708618164,-1.5560156106948853,-2.34521222114563,0.7242364883422852,-0.011509804055094719,2.454520590430353,-0.22487185895442963,-0.27493903040885925,2.4920029640197754,0
1780882659.5831969,47202,-14.03831958770752,-9.226015090942383,-1.556093692779541,-2.3382785320281982,0.7480548620223999,-0.011573252268135548,2.4550491869018347,-0.2220301628112793,-0.2761728763580322,2.4914917945861816,0
1780882659.592846,47215,-14.054491996765137,-9.220654487609863,-1.5561718940734863,-2.3245527744293213,0.7930467128753662,-0.011501789093017578,2.4561353751497124,-0.2220301628112793,-0.2761728763580322,2.4914917945861816,0
1780882659.604112,47229,-14.099803924560547,-9.204696655273438,-1.556396484375,-2.310192823410034,0.8374755382537842,-0.011293807066977024,2.457332641012762,-0.21390801668167114,-0.279339075088501,2.4900341033935547,0
1780882659.61387,47235,-14.1157808303833,-9.198720932006836,-1.5564745664596558,-2.302422523498535,0.8605608344078064,-0.011190475896000862,2.458015389126114,-0.2082962542772293,-0.2813718318939209,2.488994836807251,0
1780882659.625024,47248,-14.131718635559082,-9.192587852478027,-1.5565526485443115,-2.2875404357910156,0.9030448794364929,-0.010889721103012562,2.459359649518777,-0.2055036723613739,-0.2823352515697479,2.488476276397705,0
1780882659.6348786,47261,-14.174726486206055,-9.175146102905273,-1.5567529201507568,-2.272094964981079,0.9449849724769592,-0.010482273064553738,2.460797026605049,-0.20048891007900238,-0.2838852107524872,2.487586736679077,0
1780882659.647442,47268,-14.1904296875,-9.168427467346191,-1.556826114654541,-2.263554811477661,0.967329204082489,-0.010239453054964542,2.4616074057479995,-0.19753649830818176,-0.2847226858139038,2.4870712757110596,0
1780882659.6570542,47281,-14.206093788146973,-9.161552429199219,-1.5568945407867432,-2.2468020915985107,1.0095162391662598,-0.009776253253221512,2.4631967544391378,-0.19461344182491302,-0.2855254113674164,2.4865589141845703,0
1780882659.6667478,47295,-14.24984359741211,-9.141406059265137,-1.5570800304412842,-2.229449987411499,1.051098108291626,-0.009287595748901367,2.4648206301997235,-0.19155079126358032,-0.28629156947135925,2.486049175262451,0
1780882659.6780465,47302,-14.265273094177246,-9.133955001831055,-1.5571435689926147,-2.2201192378997803,1.0726642608642578,-0.009046215564012527,2.4656885206863004,-0.17988081276416779,-0.28896042704582214,2.4841439723968506,0
1780882659.6892507,47315,-14.280624389648438,-9.126357078552246,-1.5572069883346558,-2.201791286468506,1.1134991645812988,-0.008633551187813282,2.4673548177953655,-0.17988081276416779,-0.28896042704582214,2.4841439723968506,0
1780882659.700482,47321,-14.308515548706055,-9.112090110778809,-1.557314395904541,-2.192824363708496,1.1327613592147827,-0.008390221744775772,2.4681364190061736,-0.170834019780159,-0.29072558879852295,2.4827637672424316,0
1780882659.7097132,47335,-14.338749885559082,-9.095927238464355,-1.5574266910552979,-2.1727588176727295,1.1743885278701782,-0.0078118848614394665,2.4698441893594767,-0.16769947111606598,-0.291292667388916,2.482282876968384,0
1780882659.721049,47347,-14.35374927520752,-9.087626457214355,-1.5574804544448853,-2.1534504890441895,1.2126332521438599,-0.007175469305366278,2.471412531393617,-0.16159126162528992,-0.2923473119735718,2.4813358783721924,0
1780882659.73178,47354,-14.379687309265137,-9.072890281677246,-1.5575683116912842,-2.1442880630493164,1.2302055358886719,-0.0068811941891908646,2.472129508885081,-0.1561221182346344,-0.29316890239715576,2.480531930923462,0
1780882659.7432435,47368,-14.409218788146973,-9.055390357971191,-1.557656168937683,-2.1227715015411377,1.2701658010482788,-0.00614381767809391,2.473765905740374,-0.1529492735862732,-0.2936044931411743,2.480079174041748,0
1780882659.7530618,47381,-14.423867225646973,-9.046435356140137,-1.5576952695846558,-2.101738929748535,1.3074958324432373,-0.005369772668927908,2.475253666825982,-0.14980506896972656,-0.294021338224411,2.4796335697174072,0
1780882659.765717,47388,-14.450156211853027,-9.02994155883789,-1.5577588081359863,-2.0915720462799072,1.3249715566635132,-0.004977989010512829,2.4759337695345245,-0.1410992294549942,-0.2950759828090668,2.4784276485443115,0
1780882659.7755961,47401,-14.478983879089355,-9.01114273071289,-1.5578222274780273,-2.0686135292053223,1.3632490634918213,-0.004195561166852713,2.4774235699726703,-0.13792264461517334,-0.29541537165641785,2.478013753890991,0
1780882659.7853315,47401,-14.478983879089355,-9.01114273071289,-1.5578222274780273,-2.0686135292053223,1.3632490634918213,-0.004195561166852713,2.4774235699726703,-0.13471399247646332,-0.29573747515678406,2.477607250213623,0
1780882659.7964435,47421,-14.519140243530273,-8.983720779418945,-1.557885766029358,-2.0351688861846924,1.4160393476486206,-0.003050575265660882,2.479332397116777,-0.13147878646850586,-0.2960469424724579,2.4772074222564697,0
1780882659.8079252,47428,-14.533203125,-8.973759651184082,-1.5579051971435547,-2.0230484008789062,1.4344019889831543,-0.0026292132679373026,2.4799679052479564,-0.12577322125434875,-0.2965719401836395,2.4764957427978516,0
1780882659.817329,47435,-14.547147750854492,-8.963671684265137,-1.5579198598861694,-2.0107879638671875,1.4525865316390991,-0.0021869372576475143,2.480580708267124,-0.11971399188041687,-0.2970897853374481,2.4757421016693115,0
1780882659.830026,47453,-14.5830078125,-8.936894416809082,-1.5579442977905273,-1.9782600402832031,1.4990606307983398,-0.0011073637288063765,2.4820750971808336,-0.11209042370319366,-0.2976911962032318,2.474799394607544,0
1780882659.8398316,47467,-14.61019515991211,-8.915702819824219,-1.557949185371399,-1.9526127576828003,1.5340828895568848,-0.000255584716796875,2.4831647063415625,-0.10900220274925232,-0.29789969325065613,2.474447250366211,0
1780882659.84971,47467,-14.61019515991211,-8.915702819824219,-1.557949185371399,-1.9526127576828003,1.5340828895568848,-0.000255584716796875,2.4831647063415625,-0.10597842186689377,-0.29809197783470154,2.474104166030884,0
1780882659.8609207,47486,-14.647811889648438,-8.885146141052246,-1.5579394102096558,-1.9156625270843506,1.5821038484573364,0.0010257005924358964,2.4845153565716633,-0.09760493040084839,-0.2985624074935913,2.4731836318969727,0
1780882659.8708992,47494,-14.661015510559082,-8.874042510986328,-1.5579296350479126,-1.9022467136383057,1.5988987684249878,0.0014249944360926747,2.484959126792193,-0.09447570890188217,-0.2987099587917328,2.472872018814087,0
1780882659.8816404,47500,-14.674139976501465,-8.862822532653809,-1.5579149723052979,-1.8886913061141968,1.6155167818069458,0.0018300150986760855,2.485367713447345,-0.09136030822992325,-0.29884955286979675,2.472567081451416,0
1780882659.8929775,47514,-14.687148094177246,-8.851484298706055,-1.557900309562683,-1.8609637022018433,1.648468017578125,0.002618651371449232,2.4860892106329873,-0.08827423304319382,-0.29898321628570557,2.472269058227539,0
1780882659.902834,47528,-14.72597599029541,-8.816484451293945,-1.557836890220642,-1.8326727151870728,1.6807212829589844,0.0033990000374615192,2.4866694322293235,-0.08198653161525726,-0.29922744631767273,2.471686363220215,0
1780882659.9125197,47535,-14.738593101501465,-8.804706573486328,-1.5578124523162842,-1.8184138536453247,1.6964795589447021,0.003768997034057975,2.4869029016801387,-0.07581433653831482,-0.29943713545799255,2.471139430999756,0
1780882659.9226935,47548,-14.751249313354492,-8.792704582214355,-1.5577831268310547,-1.790658950805664,1.7262378931045532,0.004440746270120144,2.487242742861646,-0.07581433653831482,-0.29943713545799255,2.471139430999756,0
1780882659.9340425,47562,-14.786015510559082,-8.75863265991211,-1.5576903820037842,-1.7624948024749756,1.7552294731140137,0.004999170079827309,2.487417018463307,-0.06325273215770721,-0.299763560295105,2.4701638221740723,0
1780882659.9454749,47569,-14.798163414001465,-8.746337890625,-1.557656168937683,-1.7475152015686035,1.770153284072876,0.005234017036855221,2.487424254879269,-0.059622872620821,-0.29983556270599365,2.469923496246338,0
1780882659.955046,47583,-14.810194969177246,-8.7339448928833,-1.5576171875,-1.7167445421218872,1.7997115850448608,0.005784730892628431,2.4872086915579628,-0.059622872620821,-0.29983556270599365,2.469923496246338,0
1780882659.966159,47590,-14.834452629089355,-8.708281517028809,-1.557534098625183,-1.7009541988372803,1.814346432685852,0.006102762185037136,2.4869932464822533,-0.05602708086371422,-0.2999039590358734,2.4696857929229736,0
1780882659.976219,47597,-14.846171379089355,-8.695586204528809,-1.5574902296066284,-1.6853541135787964,1.8284797668457031,0.006369023118168116,2.486724212769998,-0.04564926400780678,-0.3000820577144623,2.4689955711364746,0
1780882659.988764,47613,-14.872929573059082,-8.665781021118164,-1.5573828220367432,-1.6485655307769775,1.8605016469955444,0.007029314059764147,2.4858165859522425,-0.03794629126787186,-0.30019184947013855,2.468498706817627,0
1780882659.997921,47620,-14.884257316589355,-8.652763366699219,-1.5573339462280273,-1.6324824094772339,1.8740204572677612,0.007323408033698797,2.485358147997164,-0.0347590334713459,-0.30023300647735596,2.468292236328125,0
1780882660.0078447,47634,-14.9067964553833,-8.626220703125,-1.5572216510772705,-1.599621057510376,1.9007712602615356,0.007974647916853428,2.484307248807248,-0.031725164502859116,-0.3002699315547943,2.468092679977417,0
1780882660.0205817,47634,-14.9067964553833,-8.626220703125,-1.5572216510772705,-1.599621057510376,1.9007712602615356,0.007974647916853428,2.484307248807248,-0.02866520546376705,-0.300303190946579,2.467895746231079,0
1780882660.0300763,47655,-14.939140319824219,-8.586435317993164,-1.557045817375183,-1.5501600503921509,1.9390108585357666,0.008768515661358833,2.4825060278312137,-0.01924293115735054,-0.3003807067871094,2.467353105545044,0
1780882660.0401335,47662,-14.949804306030273,-8.572880744934082,-1.556982398033142,-1.5332458019256592,1.951526403427124,0.009012460708618164,2.4818096657165087,-0.015897996723651886,-0.3004017770290375,2.4671812057495117,0
1780882660.050195,47668,-14.96035099029541,-8.55923843383789,-1.5569188594818115,-1.5161889791488647,1.9638575315475464,0.009274912066757679,2.4810585339129636,-0.012660689651966095,-0.30042076110839844,2.467012643814087,0
1780882660.061358,47689,-14.990234375,-8.519121170043945,-1.5567187070846558,-1.4657931327819824,1.9987391233444214,0.009957785718142986,2.478630014502942,-0.009549034759402275,-0.3004384934902191,2.4668474197387695,0
1780882660.0728042,47696,-15.000272750854492,-8.505156517028809,-1.5566504001617432,-1.4481844902038574,2.010416030883789,0.010151577182114124,2.477723549837798,-0.0035361519549041986,-0.3004661500453949,2.466543197631836,0
1780882660.0825934,47703,-15.010194778442383,-8.49111270904541,-1.5565770864486694,-1.4304397106170654,2.021916627883911,0.01035600621253252,2.476774487652914,-0.0003137261955998838,-0.3004774749279022,2.4663891792297363,0
1780882660.0938294,47715,-15.019999504089355,-8.476991653442383,-1.5565038919448853,-1.3965917825698853,2.043135166168213,0.010672583244740963,2.474870464975502,0.006062908098101616,-0.30049511790275574,2.466092586517334,0
1780882660.1036317,47729,-15.046523094177246,-8.437479972839355,-1.5562939643859863,-1.3622465133666992,2.063739538192749,0.01095502357929945,2.4728235798821907,0.011781850829720497,-0.3005053699016571,2.46584153175354,0
1780882660.114849,47736,-15.055858612060547,-8.423075675964355,-1.556215763092041,-1.3438334465026855,2.074420928955078,0.011102070100605488,2.4716864239596927,0.018208421766757965,-0.30051183700561523,2.4655709266662598,0
1780882660.1247652,47748,-15.065077781677246,-8.40859317779541,-1.5561376810073853,-1.3092198371887207,2.0938217639923096,0.011342939920723438,2.4694685306240234,0.021363791078329086,-0.3005131185054779,2.4654407501220703,0
1780882660.1363142,47762,-15.089491844177246,-8.368876457214355,-1.5559228658676147,-1.2741485834121704,2.112633228302002,0.011582026258111,2.4671457016700944,0.026771560311317444,-0.3005128800868988,2.465226173400879,0
1780882660.1462207,47768,-15.0982027053833,-8.354140281677246,-1.5558397769927979,-1.2550994157791138,2.122514486312866,0.011688866652548313,2.465862712662784,0.033196911215782166,-0.300508975982666,2.4649899005889893,0
1780882660.1575325,47782,-15.106796264648438,-8.339335441589355,-1.5557568073272705,-1.2178266048431396,2.14113450050354,0.011941208504140377,2.463270423881806,0.033196911215782166,-0.300508975982666,2.4649899005889893,0
1780882660.1671329,47795,-15.130742073059082,-8.296435356140137,-1.555517554283142,-1.1800541877746582,2.1590967178344727,0.012201628647744656,2.4605640415948855,0.036443911492824554,-0.30050572752952576,2.464877128601074,0
1780882660.1781528,47802,-15.138789176940918,-8.281376838684082,-1.5554296970367432,-1.1603611707687378,2.168118953704834,0.012340745888650417,2.4591319887413583,0.048815906047821045,-0.30048656463623047,2.464470386505127,0
1780882660.1893477,47815,-15.14671802520752,-8.26625919342041,-1.5553417205810547,-1.123133897781372,2.184534788131714,0.012562250718474388,2.4563753383891402,0.048815906047821045,-0.30048656463623047,2.464470386505127,0
1780882660.1991725,47821,-15.160195350646973,-8.239765167236328,-1.5551855564117432,-1.1056361198425293,2.1919608116149902,0.01267328206449747,2.4550527573220453,0.0520746111869812,-0.3004802465438843,2.4643709659576416,0
1780882660.210513,47835,-15.175116539001465,-8.20914077758789,-1.5550097227096558,-1.0651216506958008,2.2085142135620117,0.012941684573888779,2.4519760703330666,0.061006125062704086,-0.30046042799949646,2.464113235473633,0
1780882660.2214432,47846,-15.182382583618164,-8.19374942779541,-1.5549169778823853,-1.0282973051071167,2.22275972366333,0.013171624392271042,2.449128340557018,0.06751111149787903,-0.3004436194896698,2.463934898376465,0
1780882660.231174,47853,-15.193632125854492,-8.169169425964355,-1.5547704696655273,-1.011849045753479,2.2288763523101807,0.013287844136357307,2.447836769901448,0.0726194828748703,-0.300429105758667,2.4637973308563232,0
1780882660.2440267,47867,-15.207225799560547,-8.138056755065918,-1.5545849800109863,-0.9701364636421204,2.243821620941162,0.013553676195442677,2.4446030202937807,0.07574368268251419,-0.30042001605033875,2.463714599609375,0
1780882660.2524557,47867,-15.207225799560547,-8.138056755065918,-1.5545849800109863,-0.9701364636421204,2.243821620941162,0.013553676195442677,2.4446030202937807,0.07882171869277954,-0.3004109561443329,2.4636330604553223,0
1780882660.2636588,47888,-15.226874351501465,-8.090205192565918,-1.554296851158142,-0.9055246710777283,2.265336751937866,0.013897075317800045,2.4396554384406866,0.08195281773805618,-0.3004015386104584,2.4635539054870605,0
1780882660.2750003,47902,-15.238984107971191,-8.058603286743164,-1.554101586341858,-0.8625556826591492,2.2785937786102295,0.014107408002018929,2.4364299564258705,0.09129680693149567,-0.3003721237182617,2.4633281230926514,0
1780882660.285796,47902,-15.238984107971191,-8.058603286743164,-1.554101586341858,-0.8625556826591492,2.2785937786102295,0.014107408002018929,2.4364299564258705,0.094304159283638,-0.3003624677658081,2.4632582664489746,0
1780882660.2966397,47921,-15.244804382324219,-8.042734146118164,-1.5540038347244263,-0.8160313367843628,2.292076349258423,0.014286036603152752,2.4330485454026025,0.09725764393806458,-0.30035242438316345,2.4631903171539307,0
1780882660.3077557,47932,-15.262889862060547,-7.99035120010376,-1.5536816120147705,-0.7689265012741089,2.304786443710327,0.014402909204363823,2.4297110855544304,0.1045234352350235,-0.30032920837402344,2.463041305541992,0
1780882660.3189812,47939,-15.268085479736328,-7.974306583404541,-1.5535790920257568,-0.7467243075370789,2.3104374408721924,0.01447307039052248,2.4281531725608465,0.10773686319589615,-0.30031919479370117,2.462979316711426,0
1780882660.328624,47953,-15.278359413146973,-7.940761566162109,-1.553369164466858,-0.7000783085823059,2.321669340133667,0.01457896176725626,2.4249681872532616,0.11728917807340622,-0.3002886474132538,2.4627957344055176,0
1780882660.3392467,47960,-15.28304672241211,-7.924599647521973,-1.5532665252685547,-0.677490234375,2.3268015384674072,0.014605826698243618,2.423471012259343,0.12038661539554596,-0.3002792298793793,2.4627397060394287,0
1780882660.350208,47967,-15.287616729736328,-7.908378601074219,-1.553164005279541,-0.654740035533905,2.331773281097412,0.014621409587562084,2.4219960640325278,0.12347456067800522,-0.3002694845199585,2.462686061859131,0
1780882660.3599641,47981,-15.2919921875,-7.892148494720459,-1.5530614852905273,-0.6096358895301819,2.3410565853118896,0.01461353711783886,2.419176597295558,0.126546710729599,-0.300260066986084,2.462632417678833,0
1780882660.369704,47995,-15.30394458770752,-7.844257831573486,-1.55276358127594,-0.5640539526939392,2.349691867828369,0.014544048346579075,2.416489243640603,0.13247406482696533,-0.30024242401123047,2.462533950805664,0
1780882660.3807127,48002,-15.307695388793945,-7.82790994644165,-1.5526610612869263,-0.5407384634017944,2.3538284301757812,0.014496779069304466,2.4151845728865737,0.13853831589221954,-0.30022501945495605,2.4624381065368652,0
1780882660.3906674,48013,-15.311288833618164,-7.811532974243164,-1.5525585412979126,-0.4982224404811859,2.3608827590942383,0.01435382291674614,2.412923337907729,0.14155907928943634,-0.30021628737449646,2.462392568588257,0
1780882660.401634,48027,-15.319960594177246,-7.768535137176514,-1.5522997379302979,-0.45530447363853455,2.367391586303711,0.01414626557379961,2.4108183679917796,0.14959432184696198,-0.30019423365592957,2.46227765083313,0
1780882660.4125113,48034,-15.322968482971191,-7.75206995010376,-1.5522021055221558,-0.4314163625240326,2.370758056640625,0.013995742425322533,2.4097322925557387,0.15281304717063904,-0.3001863956451416,2.4622364044189453,0
1780882660.4237409,48048,-15.325780868530273,-7.735585689544678,-1.5521044731140137,-0.38312697410583496,2.3769679069519043,0.01364145241677761,2.4076853611281623,0.15281304717063904,-0.3001863956451416,2.4622364044189453,0
1780882660.43328,48062,-15.33324146270752,-7.685839653015137,-1.5518261194229126,-0.3343246877193451,2.3824377059936523,0.013285178691148758,2.405817722881721,0.16274966299533844,-0.3001631200313568,2.462118625640869,0
1780882660.4447079,48069,-15.335390090942383,-7.669277191162109,-1.551733374595642,-0.3098025321960449,2.3848929405212402,0.013123502023518085,2.404966563802601,0.16595862805843353,-0.30015572905540466,2.4620814323425293,0
1780882660.454242,48080,-15.337382316589355,-7.652695178985596,-1.5516455173492432,-0.26554667949676514,2.388841152191162,0.01276572234928608,2.40358899420447,0.16907855868339539,-0.30014848709106445,2.4620444774627686,0
1780882660.4654531,48093,-15.341718673706055,-7.609824180603027,-1.55142080783844,-0.22090327739715576,2.3922183513641357,0.012358169071376324,2.402427860084657,0.17224039137363434,-0.3000929057598114,2.462017774581909,0
1780882660.476892,48100,-15.343085289001465,-7.593203067779541,-1.5513378381729126,-0.19582048058509827,2.393854856491089,0.012103877030313015,2.4018811874032644,0.18364177644252777,-0.2995055913925171,2.462003231048584,0
1780882660.4875877,48114,-15.344257354736328,-7.576571941375732,-1.5512548685073853,-0.14524686336517334,2.396535873413086,0.011524672619998455,2.4009609871783093,0.18364177644252777,-0.2995055913925171,2.462003231048584,0
1780882660.49976,48121,-15.34609317779541,-7.543193340301514,-1.5510985851287842,-0.11977681517601013,2.397576332092285,0.011213469319045544,2.400592530096887,0.18690796196460724,-0.29910168051719666,2.4620487689971924,0
1780882660.5094318,48135,-15.3472261428833,-7.509872913360596,-1.5509520769119263,-0.06869799643754959,2.399075746536255,0.010538935661315918,2.4000822739018544,0.19604378938674927,-0.297682523727417,2.462238073348999,0
1780882660.5194519,48147,-15.347538948059082,-7.493212699890137,-1.5508837699890137,-0.021863827481865883,2.3997578620910645,0.009866109117865562,2.399877739329477,0.20193473994731903,-0.29652294516563416,2.4624178409576416,0
1780882660.530763,48153,-15.34765625,-7.465810298919678,-1.5507714748382568,-0.0006445812759920955,2.399843692779541,0.00954526849091053,2.399862762203149,0.20671775937080383,-0.29541897773742676,2.462602376937866,0
1780882660.5409467,48167,-15.347147941589355,-7.432480335235596,-1.5506494045257568,0.051181428134441376,2.399517774581909,0.008630838245153427,2.40007907796581,0.20970439910888672,-0.2945493459701538,2.462759494781494,0
1780882660.5524392,48167,-15.347147941589355,-7.432480335235596,-1.5506494045257568,0.051181428134441376,2.399517774581909,0.008630838245153427,2.40007907796581,0.21267125010490417,-0.29356181621551514,2.4629435539245605,0
1780882660.5621555,48188,-15.34496021270752,-7.382080078125,-1.5504882335662842,0.1300341933965683,2.3973703384399414,0.007095842156559229,2.4009047840470155,0.22157880663871765,-0.29004380106925964,2.463620901107788,0
1780882660.5748498,48195,-15.343867301940918,-7.365439414978027,-1.55044424533844,0.15617254376411438,2.3962042331695557,0.006557378452271223,2.4012970640255276,0.22452287375926971,-0.2887554168701172,2.463874340057373,0
1780882660.5847142,48202,-15.34261703491211,-7.348788738250732,-1.5504003763198853,0.18237686157226562,2.3948049545288086,0.006023220717906952,2.4017469410952716,0.22742317616939545,-0.28748902678489685,2.4641225337982178,0
1780882660.594166,48221,-15.338241577148438,-7.303232192993164,-1.5503027439117432,0.25430288910865784,2.3897933959960938,0.00453884107992053,2.4032900440924525,0.23027539253234863,-0.28627046942710876,2.4643614292144775,0
1780882660.605665,48228,-15.336288452148438,-7.28665018081665,-1.5502734184265137,0.28057122230529785,2.387568712234497,0.003973350394517183,2.4040009055614644,0.2374459207057953,-0.2826470136642456,2.465078353881836,0
1780882660.616731,48235,-15.334139823913574,-7.270087718963623,-1.5502489805221558,0.3068520724773407,2.3851327896118164,0.00338371261022985,2.404792728693289,0.23983243107795715,-0.2810322046279907,2.46540904045105,0
1780882660.6262205,48248,-15.331835746765137,-7.253544807434082,-1.5502294301986694,0.3568446934223175,2.3798906803131104,0.002232789993286133,2.4064959527944403,0.24209600687026978,-0.279284805059433,2.465770959854126,0
1780882660.6375253,48262,-15.324413299560547,-7.207197189331055,-1.55020010471344,0.40671294927597046,2.373882293701172,0.001030993415042758,2.4084712226647254,0.24589478969573975,-0.27596935629844666,2.4664556980133057,0
1780882660.648327,48269,-15.321406364440918,-7.190732479095459,-1.550195336341858,0.4328427314758301,2.370434284210205,0.0003719758824445307,2.409628947434991,0.2498101443052292,-0.2721503674983978,2.4672367572784424,0
1780882660.658247,48281,-15.31820297241211,-7.174296855926514,-1.550195336341858,0.4823320209980011,2.363308906555176,-0.0008821535157039762,2.412026936930403,0.2498101443052292,-0.2721503674983978,2.4672367572784424,0
1780882660.6691926,48295,-15.308320045471191,-7.128398418426514,-1.5502245426177979,0.5315790772438049,2.3554635047912598,-0.002161316806450486,2.4147027372033265,0.25650298595428467,-0.2642945945262909,2.4688234329223633,0
1780882660.6803095,48302,-15.304452896118164,-7.112070083618164,-1.5502440929412842,0.557377815246582,2.3510496616363525,-0.0028517579194158316,2.4162186724161976,0.258132666349411,-0.26191648840904236,2.4693124294281006,0
1780882660.6914778,48315,-15.300312042236328,-7.095429420471191,-1.550268530845642,0.6065049767494202,2.3420119285583496,-0.004084363114088774,2.419273618744573,0.2597386837005615,-0.2594844102859497,2.4698076248168945,0
1780882660.7028568,48328,-15.2880859375,-7.050136566162109,-1.550356388092041,0.6546159386634827,2.332364559173584,-0.005061688367277384,2.4224929483345017,0.2623912990093231,-0.255220502614975,2.4706575870513916,0
1780882660.7139025,48335,-15.283358573913574,-7.033974647521973,-1.5503954887390137,0.6798158288002014,2.32700777053833,-0.005499453283846378,2.424282361693764,0.2637825310230255,-0.2528800666332245,2.4711098670959473,0
1780882660.7235894,48348,-15.278398513793945,-7.01769495010376,-1.5504345893859863,0.7273240685462952,2.3163259029388428,-0.006133389193564653,2.427839287880312,0.2664399743080139,-0.2482111155986786,2.471982479095459,0
1780882660.7347622,48362,-15.263866424560547,-6.973085880279541,-1.5505566596984863,0.7740777134895325,2.3050575256347656,-0.006548137404024601,2.4315693247592414,0.26863551139831543,-0.2438424676656723,2.4727938175201416,0
1780882660.7444444,48369,-15.258319854736328,-6.957118988037109,-1.5506054162979126,0.7986035943031311,2.2988409996032715,-0.006695609074085951,2.4336151038058014,0.2709333598613739,-0.23873339593410492,2.4737279415130615,0
1780882660.755307,48382,-15.2524995803833,-6.940898418426514,-1.5506542921066284,0.8456581830978394,2.2862908840179443,-0.0068060252815485,2.4376853962240546,0.2709333598613739,-0.23873339593410492,2.4737279415130615,0
1780882660.7651172,48388,-15.241561889648438,-6.911777019500732,-1.5507421493530273,0.8677510023117065,2.280104875564575,-0.006791209802031517,2.4396549276725374,0.2720388174057007,-0.23605607450008392,2.474212884902954,0
1780882660.7764583,48402,-15.228983879089355,-6.880253791809082,-1.5508397817611694,0.9154383540153503,2.2661192417144775,-0.006724414881318808,2.4440476704488456,0.2757912874221802,-0.22530806064605713,2.476147413253784,0
1780882660.7861395,48414,-15.222460746765137,-6.864570140838623,-1.5508886575698853,0.9594516754150391,2.252349615097046,-0.0066263675689697266,2.448197339846544,0.2757912874221802,-0.22530806064605713,2.476147413253784,0
1780882660.7991414,48421,-15.210702896118164,-6.837343692779541,-1.550966739654541,0.9797184467315674,2.2457096576690674,-0.006527228280901909,2.4501229981621875,0.2766910791397095,-0.22220395505428314,2.4767215251922607,0
1780882660.8085198,48435,-15.196640014648438,-6.806318283081055,-1.55105459690094,1.0257339477539062,2.2299704551696777,-0.006252321880310774,2.454574801067054,0.27902042865753174,-0.21375201642513275,2.478240489959717,0
1780882660.819406,48435,-15.196640014648438,-6.806318283081055,-1.55105459690094,1.0257339477539062,2.2299704551696777,-0.006252321880310774,2.454574801067054,0.279808908700943,-0.2106013149023056,2.4787991046905518,0
1780882660.8288953,48454,-15.176366806030273,-6.764140605926514,-1.5511670112609863,1.0875818729400635,2.2071878910064697,-0.005674223881214857,2.4605984868259303,0.28185367584228516,-0.20214246213436127,2.4802310466766357,0
1780882660.841039,48461,-15.168671607971191,-6.748876571655273,-1.5512059926986694,1.1097893714904785,2.198564052581787,-0.005391674116253853,2.4627921984056753,0.28255000710487366,-0.19913719594478607,2.480708360671997,0
1780882660.8509579,48468,-15.160820007324219,-6.73367166519165,-1.5512402057647705,1.1318094730377197,2.1897737979888916,-0.0050644539296627045,2.4649802470426048,0.28322485089302063,-0.19621549546718597,2.4811487197875977,0
1780882660.86073,48486,-15.139960289001465,-6.694892406463623,-1.5513231754302979,1.1875475645065308,2.166431188583374,-0.004170527216047049,2.470568903335712,0.28388479351997375,-0.1933581829071045,2.481558084487915,0
1780882660.8718402,48493,-15.131562232971191,-6.679912090301514,-1.5513476133346558,1.2089526653289795,2.157069206237793,-0.003776335623115301,2.4727572400492783,0.2854677736759186,-0.1858276128768921,2.4826133251190186,0
1780882660.882011,48500,-15.123007774353027,-6.664999961853027,-1.5513720512390137,1.2301803827285767,2.1475470066070557,-0.0033666181843727827,2.4749370201593317,0.28603702783584595,-0.18281029164791107,2.4830267429351807,0
1780882660.8933706,48514,-15.114336013793945,-6.650156021118164,-1.5513916015625,1.272641897201538,2.1277666091918945,-0.002560582011938095,2.4793173855488817,0.2865878939628601,-0.1797642558813095,2.4834389686584473,0
1780882660.9028883,48528,-15.0869140625,-6.605292797088623,-1.5514403581619263,1.31437087059021,2.1073014736175537,-0.0018202542560175061,2.483604960433993,0.2876356840133667,-0.17320798337459564,2.4843454360961914,0
1780882660.9142108,48535,-15.077655792236328,-6.590732097625732,-1.5514501333236694,1.334685206413269,2.0969395637512207,-0.0014574527740478516,2.4856673668075904,0.28858938813209534,-0.16660688817501068,2.485259771347046,0
1780882660.925525,48548,-15.068242073059082,-6.576240062713623,-1.5514599084854126,1.372839331626892,2.076719284057617,-0.0007421350455842912,2.48946808897061,0.2890317738056183,-0.1631471961736679,2.4857537746429443,0
1780882660.935318,48561,-15.041054725646973,-6.535898208618164,-1.5514647960662842,1.4102145433425903,2.0558927059173584,9.962558397091925e-05,2.493070373339751,0.290164053440094,-0.1534777730703354,2.4870712757110596,0
1780882660.9465044,48568,-15.031132698059082,-6.521698951721191,-1.5514599084854126,1.4295377731323242,2.044725179672241,0.0005444383714348078,2.4948906993315245,0.2905384600162506,-0.15012550354003906,2.487492799758911,0
1780882660.957317,48581,-15.0210542678833,-6.507577896118164,-1.551455020904541,1.466023564338684,2.0228543281555176,0.0013241672422736883,2.498232670820053,0.2905384600162506,-0.15012550354003906,2.487492799758911,0
1780882660.966881,48595,-14.991835594177246,-6.468007564544678,-1.55142080783844,1.5017564296722412,2.0003886222839355,0.002161703072488308,2.501365964265348,0.291540265083313,-0.14044451713562012,2.488694429397583,0
1780882660.977882,48602,-14.98128890991211,-6.454198837280273,-1.5514013767242432,1.5201284885406494,1.9884209632873535,0.0025568341370671988,2.502921310451907,0.2918716371059418,-0.13698983192443848,2.4891092777252197,0
1780882660.9880164,48614,-14.970624923706055,-6.440478324890137,-1.5513818264007568,1.5539993047714233,1.96553373336792,0.0032812643330544233,2.5056431236177517,0.29250580072402954,-0.12990139424800873,2.489967107772827,0
1780882660.999064,48621,-14.951679229736328,-6.416679382324219,-1.5513378381729126,1.5695340633392334,1.9546514749526978,0.0036269568372517824,2.5068132597648396,0.29302191734313965,-0.1235428899526596,2.4907374382019043,0
1780882661.0090523,48635,-14.92953109741211,-6.389794826507568,-1.5512793064117432,1.6044830083847046,1.9292981624603271,0.004481143783777952,2.50929814978564,0.293303519487381,-0.11993526667356491,2.4911558628082275,0
1780882661.0200942,48647,-14.918280601501465,-6.376484394073486,-1.551245093345642,1.636932134628296,1.9045802354812622,0.005325188394635916,2.5113743337853975,0.2935732305049896,-0.11637722700834274,2.4915480613708496,0
1780882661.029982,48654,-14.89769458770752,-6.352705001831055,-1.55117666721344,1.6520661115646362,1.8926423788070679,0.005681161768734455,2.5122599162180284,0.29383301734924316,-0.11286424845457077,2.4919164180755615,0
1780882661.0408802,48668,-14.874374389648438,-6.326699256896973,-1.551088809967041,1.6850378513336182,1.86570143699646,0.006475195754319429,2.514008023176881,0.29450875520706177,-0.10266899317502975,2.493001937866211,0
1780882661.052217,48668,-14.874374389648438,-6.326699256896973,-1.551088809967041,1.6850378513336182,1.86570143699646,0.006475195754319429,2.514008023176881,0.2947368323802948,-0.0989994928240776,2.493382453918457,0
1780882661.0617838,48683,-14.862577438354492,-6.31383752822876,-1.5510400533676147,1.7185087203979492,1.8369343280792236,0.007262830622494221,2.51548259713088,0.2949601709842682,-0.09531628340482712,2.493759870529175,0
1780882661.0727398,48697,-14.82445240020752,-6.273769378662109,-1.5508739948272705,1.7510662078857422,1.807462453842163,0.008081793785095215,2.5165887033520735,0.2954147458076477,-0.08742653578519821,2.494518280029297,0
1780882661.0825725,48704,-14.812187194824219,-6.261318206787109,-1.5508153438568115,1.7663832902908325,1.7930564880371094,0.008433322422206402,2.5169887998236535,0.2958080768585205,-0.08016049116849899,2.495181083679199,0
1780882661.0938838,48718,-14.78734302520752,-6.236718654632568,-1.55068838596344,1.796381950378418,1.7637794017791748,0.009221983142197132,2.5175366799232437,0.29618144035339355,-0.07315254211425781,2.495734453201294,0
1780882661.103752,48732,-14.762069702148438,-6.212529182434082,-1.5505517721176147,1.8255997896194458,1.733885407447815,0.010003985837101936,2.517791349129564,0.29635870456695557,-0.06966244429349899,2.495995283126831,0
1780882661.1152387,48732,-14.762069702148438,-6.212529182434082,-1.5505517721176147,1.8255997896194458,1.733885407447815,0.010003985837101936,2.517791349129564,0.2965291142463684,-0.06626319885253906,2.4962193965911865,0
1780882661.1265316,48747,-14.749296188354492,-6.200595378875732,-1.550478458404541,1.855703353881836,1.7016140222549438,0.010829529725015163,2.517785236484043,0.29669320583343506,-0.06293618679046631,2.4964139461517334,0
1780882661.1362927,48761,-14.707343101501465,-6.162753582000732,-1.5502294301986694,1.8849974870681763,1.6686513423919678,0.011515531688928604,2.5174879217565143,0.29703009128570557,-0.055284615606069565,2.496885061264038,0
1780882661.1470451,48768,-14.694140434265137,-6.151278972625732,-1.550146460533142,1.8985358476638794,1.652830719947815,0.011826276779174805,2.517226174679279,0.29717329144477844,-0.05176245793700218,2.497115135192871,0
1780882661.1571019,48785,-14.680858612060547,-6.139912128448486,-1.5500634908676147,1.9328385591506958,1.6109471321105957,0.01253819465637207,2.5161821803121356,0.2973140776157379,-0.04829227551817894,2.4973244667053223,0
1780882661.1682448,48792,-14.64867115020752,-6.113056659698486,-1.5498583316802979,1.9431354999542236,1.5978409051895142,0.012721080332994461,2.5157569348734854,0.29776039719581604,-0.0363767109811306,2.4980459213256836,0
1780882661.1790926,48806,-14.621405601501465,-6.091200828552246,-1.5496777296066284,1.9683879613876343,1.5646345615386963,0.01303272694349289,2.5145183096706094,0.2978813350200653,-0.032591816037893295,2.498337507247925,0
1780882661.1888385,48813,-14.60765552520752,-6.080449104309082,-1.549584984779358,1.98070228099823,1.5477808713912964,0.013180498965084553,2.513758317211374,0.29811176657676697,-0.024879692122340202,2.4989585876464844,0
1780882661.201402,48827,-14.57992172241211,-6.059306621551514,-1.5493993759155273,2.0046935081481934,1.5135911703109741,0.01353391632437706,2.5119588888646107,0.2982200086116791,-0.021138666197657585,2.4992282390594482,0
1780882661.2111971,48834,-14.565937042236328,-6.048915863037109,-1.5493066310882568,2.0163893699645996,1.4962537288665771,0.013700704090297222,2.5109338943401003,0.29832208156585693,-0.017433641478419304,2.4994823932647705,0
1780882661.221049,48848,-14.551836013793945,-6.038642406463623,-1.5492089986801147,2.039283037185669,1.4609743356704712,0.014055094681680202,2.5086488117964003,0.2985095679759979,-0.010217785835266113,2.4999098777770996,0
1780882661.2323823,48855,-14.523241996765137,-6.018320083618164,-1.549013614654541,2.0504941940307617,1.4430326223373413,0.014215226285159588,2.5074033703299485,0.298682302236557,-0.0031927821692079306,2.5002331733703613,0
1780882661.243241,48868,-14.494569778442383,-5.99865198135376,-1.5488134622573853,2.072190523147583,1.4069679975509644,0.01444394513964653,2.504743726992129,0.2987646162509918,0.00036752221058122814,2.500406265258789,0
1780882661.2530954,48881,-14.480116844177246,-5.989003658294678,-1.5487109422683716,2.0920116901397705,1.37225341796875,0.014685082249343395,2.501960832317134,0.2988455593585968,0.004019737243652344,2.5006017684936523,0
1780882661.2642677,48888,-14.4541015625,-5.972070217132568,-1.548525333404541,2.1011290550231934,1.3556796312332153,0.01479684840887785,2.5005658389904712,0.2990524470806122,0.013798952102661133,2.500991106033325,0
1780882661.2751348,48902,-14.424726486206055,-5.953632831573486,-1.5483202934265137,2.1210315227508545,1.3181743621826172,0.014941100962460041,2.497314879248576,0.29918891191482544,0.020892499014735222,2.5012755393981934,0
1780882661.2849977,48902,-14.424726486206055,-5.953632831573486,-1.5483202934265137,2.1210315227508545,1.3181743621826172,0.014941100962460041,2.497314879248576,0.29918891191482544,0.020892499014735222,2.5012755393981934,0
1780882661.2976494,48921,-14.383085250854492,-5.928661823272705,-1.5480321645736694,2.1476428508758545,1.2646057605743408,0.015187124721705914,2.4923539462430466,0.29936400055885315,0.030756710097193718,2.501631498336792,0
1780882661.307217,48935,-14.3530855178833,-5.91149377822876,-1.547817349433899,2.165739059448242,1.2257378101348877,0.015419935807585716,2.488593302899117,0.2994207441806793,0.034203410148620605,2.5017330646514893,0
1780882661.3168168,48935,-14.3530855178833,-5.91149377822876,-1.547817349433899,2.165739059448242,1.2257378101348877,0.015419935807585716,2.488593302899117,0.2994707226753235,0.03747701272368431,2.5017786026000977,0
1780882661.3275905,48955,-14.309218406677246,-5.887636661529541,-1.5475049018859863,2.1906988620758057,1.1685913801193237,0.015752581879496574,2.4829449171951614,0.29959383606910706,0.04667031764984131,2.5018086433410645,0
1780882661.34023,48962,-14.2939453125,-5.879658222198486,-1.54739248752594,2.1990082263946533,1.1485867500305176,0.015847444534301758,2.4809554295866127,0.29963549971580505,0.050011392682790756,2.5018646717071533,0
1780882661.3494766,48969,-14.278632164001465,-5.871826171875,-1.547280192375183,2.2071444988250732,1.1284451484680176,0.015925893560051918,2.478937055651167,0.2996778190135956,0.05348479375243187,2.5019586086273193,0
1780882661.3593934,48981,-14.2632417678833,-5.86413049697876,-1.5471678972244263,2.221897602081299,1.0902974605560303,0.016125263646245003,2.475042935134099,0.2997174859046936,0.05694520100951195,2.502047538757324,0
1780882661.3704205,48995,-14.220624923706055,-5.843671798706055,-1.5468603372573853,2.2360153198242188,1.0516855716705322,0.016353989019989967,2.4710472486590462,0.2998080253601074,0.06616722792387009,2.5021932125091553,0
1780882661.3815818,49002,-14.205039024353027,-5.836513519287109,-1.5467480421066284,2.243299722671509,1.0309159755706787,0.016459131613373756,2.4688969799160065,0.29983842372894287,0.06951486319303513,2.502243995666504,0
1780882661.3915272,49014,-14.189414024353027,-5.829501628875732,-1.546630859375,2.25642991065979,0.9917478561401367,0.016646800562739372,2.4648157878120793,0.2998686134815216,0.07290183752775192,2.5023062229156494,0
1780882661.4027014,49028,-14.146445274353027,-5.81103515625,-1.5463085174560547,2.268948554992676,0.9521350860595703,0.016853822395205498,2.460685436750977,0.29991382360458374,0.0786505863070488,2.5023703575134277,0
1780882661.4125705,49035,-14.130624771118164,-5.804570198059082,-1.5461913347244263,2.275414228439331,0.9307546019554138,0.016943035647273064,2.4584753621914297,0.2999352216720581,0.08186876028776169,2.50237774848938,0
1780882661.4237409,49047,-14.114765167236328,-5.798251628875732,-1.5460741519927979,2.287179708480835,0.8899351358413696,0.01710822992026806,2.4542755054032703,0.2999577224254608,0.0851508304476738,2.5024044513702393,0
1780882661.433784,49061,-14.070390701293945,-5.781445026397705,-1.5457372665405273,2.298332691192627,0.8486597537994385,0.017248621210455894,2.4500722544564533,0.30001580715179443,0.09431421011686325,2.5024795532226562,0
1780882661.4452443,49068,-14.054374694824219,-5.775702953338623,-1.5456151962280273,2.303975820541382,0.826677680015564,0.0173349566757679,2.4478564232810305,0.30005306005477905,0.10092150419950485,2.5025405883789062,0
1780882661.4561474,49081,-14.03831958770752,-5.770117282867432,-1.5454931259155273,2.3142220973968506,0.7845380306243896,0.01743057183921337,2.443650478773615,0.30005306005477905,0.10092150419950485,2.5025405883789062,0
1780882661.4660194,49088,-14.009374618530273,-5.760439395904541,-1.5452783107757568,2.3188514709472656,0.7644098401069641,0.017466267570853233,2.4416591937593397,0.3001028299331665,0.11031018942594528,2.5026628971099854,0
1780882661.4773192,49101,-13.977069854736328,-5.750283241271973,-1.5450341701507568,2.3286497592926025,0.7193391919136047,0.017559895291924477,2.4372867956806146,0.30011528730392456,0.11358963698148727,2.50268292427063,0
1780882661.4886603,49113,-13.960859298706055,-5.745449066162109,-1.5449120998382568,2.337059736251831,0.6774432063102722,0.017602328211069107,2.433328451020098,0.30013155937194824,0.12000095099210739,2.5026752948760986,0
1780882661.4984493,49120,-13.93359375,-5.73766565322876,-1.54470694065094,2.340707302093506,0.6581884622573853,0.017617348581552505,2.431549525897765,0.3001352846622467,0.1252042055130005,2.502610445022583,0
1780882661.5084882,49134,-13.900976181030273,-5.72900390625,-1.54446280002594,2.3489816188812256,0.61198490858078,0.01758025586605072,2.4274573610197163,0.3001333475112915,0.1282322257757187,2.5025486946105957,0
1780882661.5196087,49146,-13.884648323059082,-5.724912166595459,-1.54434072971344,2.356198787689209,0.5680637359619141,0.01745699904859066,2.4237726547757914,0.30012983083724976,0.1312389224767685,2.5024795532226562,0
1780882661.530347,49153,-13.855741500854492,-5.718085765838623,-1.5441259145736694,2.359384775161743,0.5473251938819885,0.017370138317346573,2.422098905253076,0.30012640357017517,0.13425253331661224,2.5024125576019287,0
1780882661.5413542,49167,-13.822890281677246,-5.710976600646973,-1.543886661529541,2.3661386966705322,0.49999603629112244,0.017182206735014915,2.418450660323018,0.30013900995254517,0.14307831227779388,2.502382516860962,0
1780882661.552329,49167,-13.822890281677246,-5.710976600646973,-1.543886661529541,2.3661386966705322,0.49999603629112244,0.017182206735014915,2.418450660323018,0.3001437187194824,0.1462927907705307,2.502380609512329,0
1780882661.563597,49189,-13.771484375,-5.701210975646973,-1.543520450592041,2.3753504753112793,0.4251628518104553,0.01678660325706005,2.4131587434667514,0.30014821887016296,0.14951252937316895,2.5023813247680664,0
1780882661.573237,49196,-13.754961013793945,-5.698427677154541,-1.5434032678604126,2.377957820892334,0.40093544125556946,0.016631383448839188,2.4115781614770935,0.3001505732536316,0.15623068809509277,2.502352237701416,0
1780882661.5831158,49203,-13.73843765258789,-5.695810317993164,-1.5432909727096558,2.380401372909546,0.3765939772129059,0.016474641859531403,2.410063304904476,0.30014142394065857,0.1623755544424057,2.502270221710205,0
1780882661.5942383,49222,-13.69261646270752,-5.689453125,-1.5429834127426147,2.386331081390381,0.30862370133399963,0.015863388776779175,2.406257730613736,0.30013421177864075,0.16540132462978363,2.502215623855591,0
1780882661.604148,49229,-13.67601490020752,-5.687480449676514,-1.54287588596344,2.388181686401367,0.2838326096534729,0.015598826110363007,2.405039717123524,0.3001232445240021,0.17391131818294525,2.5021116733551025,0
1780882661.6153886,49236,-13.659374237060547,-5.685673713684082,-1.5427684783935547,2.3898744583129883,0.2588459849357605,0.015332465060055256,2.40390021733411,0.3001169264316559,0.17696547508239746,2.5020651817321777,0
1780882661.6264267,49248,-13.642772674560547,-5.684052467346191,-1.542665958404541,2.3926031589508057,0.21173378825187683,0.01473978441208601,2.4019988206810967,0.30010026693344116,0.18004022538661957,2.5020291805267334,0
1780882661.6377368,49262,-13.59691333770752,-5.680468559265137,-1.5423924922943115,2.394768476486206,0.16422520577907562,0.014104804955422878,2.40043431897398,0.30003389716148376,0.1882535070180893,2.50184965133667,0
1780882661.6474676,49269,-13.580272674560547,-5.679502010345459,-1.5422948598861694,2.395702362060547,0.13877876102924347,0.013752827420830727,2.399758007040994,0.300009548664093,0.1911318302154541,2.5017545223236084,0
1780882661.6582437,49280,-13.56363296508789,-5.6787109375,-1.542202115058899,2.396977424621582,0.09325975179672241,0.013077902607619762,2.398826627121542,0.29994338750839233,0.1939840167760849,2.5016515254974365,0
1780882661.6682422,49293,-13.5210542678833,-5.677470684051514,-1.5419775247573853,2.3977601528167725,0.04742387309670448,0.0123527767136693,2.398260904336295,0.29968389868736267,0.1984773725271225,2.5015106201171875,0
1780882661.6790562,49300,-13.504413604736328,-5.677324295043945,-1.541894555091858,2.3979763984680176,0.021519575268030167,0.01192424725741148,2.398102601516878,0.2993830442428589,0.20142757892608643,2.5014402866363525,0
1780882661.6900413,49313,-13.487772941589355,-5.677353382110596,-1.5418163537979126,2.397897481918335,-0.028442643582820892,0.01103097852319479,2.398091532917676,0.2984960079193115,0.20730088651180267,2.501293420791626,0
1780882661.701231,49327,-13.440507888793945,-5.678417682647705,-1.5416113138198853,2.397139310836792,-0.07868307083845139,0.010067171417176723,2.3984514273038764,0.29725030064582825,0.2127476930618286,2.501174211502075,0
1780882661.7107806,49334,-13.423867225646973,-5.679150104522705,-1.541542887687683,2.3964641094207764,-0.10495367646217346,0.009548716247081757,2.398780248360989,0.2955368459224701,0.21867845952510834,2.5010464191436768,0
1780882661.7221284,49346,-13.4072265625,-5.680058479309082,-1.541479468345642,2.394674777984619,-0.15379559993743896,0.008517594076693058,2.3996234971938115,0.2945643961429596,0.22160707414150238,2.5009703636169434,0
1780882661.7320879,49360,-13.362265586853027,-5.683417797088623,-1.5413280725479126,2.392186164855957,-0.20280791819095612,0.007402810733765364,2.400779144489547,0.2926868796348572,0.22656939923763275,2.5008273124694824,0
1780882661.741986,49367,-13.345664024353027,-5.685009479522705,-1.5412793159484863,2.3905527591705322,-0.22930996119976044,0.006777219474315643,2.401535234675328,0.29147106409072876,0.22943972051143646,2.5007293224334717,0
1780882661.7529635,49367,-13.345664024353027,-5.685009479522705,-1.5412793159484863,2.3905527591705322,-0.22930996119976044,0.006777219474315643,2.401535234675328,0.290209025144577,0.23228299617767334,2.500622510910034,0
1780882661.7639258,49388,-13.293710708618164,-5.691210746765137,-1.541162133216858,2.3840863704681396,-0.3125169575214386,0.004710812587291002,2.4044868189170088,0.28539156913757324,0.24077151715755463,2.5001440048217773,0
1780882661.7750268,49395,-13.27718734741211,-5.693564414978027,-1.5411328077316284,2.381572723388672,-0.3390694260597229,0.004032616503536701,2.405592021618227,0.28363335132598877,0.24334464967250824,2.4999442100524902,0
1780882661.7863214,49402,-13.260663986206055,-5.696103572845459,-1.5411083698272705,2.378843069076538,-0.3656059503555298,0.003349781036376953,2.406776532888304,0.28192782402038574,0.2458709329366684,2.4997267723083496,0
1780882661.7961612,49421,-13.215624809265137,-5.703964710235596,-1.5410643815994263,2.370298385620117,-0.43808427453041077,0.0014534187503159046,2.410442776937514,0.28030768036842346,0.24836908280849457,2.499498128890991,0
1780882661.8060372,49428,-13.199179649353027,-5.707187175750732,-1.5410594940185547,2.366809129714966,-0.46456506848335266,0.0007483052904717624,2.411971541979271,0.2757018804550171,0.25465404987335205,2.4987058639526367,0
1780882661.8170345,49435,-13.18277359008789,-5.710595607757568,-1.5410594940185547,2.363128185272217,-0.49101534485816956,3.7989615520928055e-05,2.413601228529137,0.27391380071640015,0.2567356824874878,2.4983530044555664,0
1780882661.8281653,49453,-13.140507698059082,-5.720224380493164,-1.541079044342041,2.352722644805908,-0.5591638088226318,-0.0018425320740789175,2.4182579273940124,0.27208104729652405,0.25873661041259766,2.4979772567749023,0
1780882661.8380852,49460,-13.124217987060547,-5.724287033081055,-1.5410985946655273,2.348372459411621,-0.5854350924491882,-0.0025846194475889206,2.420246709707848,0.2665654718875885,0.26349854469299316,2.4969019889831543,0
1780882661.848821,49467,-13.107929229736328,-5.728535175323486,-1.5411230325698853,2.343831777572632,-0.6116194128990173,-0.003320446005091071,2.422320526510869,0.26425880193710327,0.2651931941509247,2.4964516162872314,0
1780882661.8612902,49481,-13.091679573059082,-5.732958793640137,-1.5411523580551147,2.3341588973999023,-0.6638889312744141,-0.004797525238245726,2.426740465651039,0.26425880193710327,0.2651931941509247,2.4964516162872314,0
1780882661.8711722,49495,-13.042929649353027,-5.747392654418945,-1.5412695407867432,2.3237569332122803,-0.7156885266304016,-0.006093563977628946,2.4314796900908893,0.2545372247695923,0.2713371217250824,2.4945297241210938,0
1780882661.8810532,49502,-13.026835441589355,-5.752539157867432,-1.5413182973861694,2.318300485610962,-0.7413137555122375,-0.006681670900434256,2.4339490279013036,0.2520173192024231,0.2727411687374115,2.494035243988037,0
1780882661.892007,49514,-13.010781288146973,-5.757861137390137,-1.5413671731948853,2.307421922683716,-0.7896960973739624,-0.007493467070162296,2.43882594859449,0.2495317906141281,0.27407968044281006,2.493532657623291,0
1780882661.9031854,49528,-12.965898513793945,-5.773749828338623,-1.5415185689926147,2.2959368228912354,-0.8375400304794312,-0.008008508943021297,2.4439442165440024,0.24497021734714508,0.2763380706310272,2.4926064014434814,0
1780882661.9144938,49535,-12.949999809265137,-5.779736042022705,-1.5415771007537842,2.2896728515625,-0.8624494671821594,-0.008204669691622257,2.44673009693139,0.2424243837594986,0.27749907970428467,2.492089033126831,0
1780882661.924159,49548,-12.933788299560547,-5.786035060882568,-1.5416357517242432,2.2771687507629395,-0.90992671251297,-0.008413133211433887,2.452250990907403,0.237203910946846,0.27971383929252625,2.4910404682159424,0
1780882661.933978,49562,-12.889570236206055,-5.80419921875,-1.5418016910552979,2.2642087936401367,-0.9563101530075073,-0.008454741910099983,2.457893824517921,0.2322748601436615,0.28155362606048584,2.4901037216186523,0
1780882661.9450088,49569,-12.873906135559082,-5.811005592346191,-1.5418603420257568,2.257157325744629,-0.9804776310920715,-0.008420009166002274,2.460927970256123,0.22947834432125092,0.28251656889915466,2.489583969116211,0
1780882661.9561403,49582,-12.858281135559082,-5.817978382110596,-1.5419188737869263,2.2430930137634277,-1.026604413986206,-0.008268513716757298,2.46687074236356,0.2237192988395691,0.28433656692504883,2.4885458946228027,0
1780882661.9661145,49589,-12.829413414001465,-5.831347465515137,-1.5420262813568115,2.2360947132110596,-1.0485751628875732,-0.00817105732858181,2.4697563047501303,0.21793411672115326,0.28589022159576416,2.487583637237549,0
1780882661.9773645,49602,-12.798515319824219,-5.846396446228027,-1.5421338081359863,2.2205100059509277,-1.0954387187957764,-0.007893180474638939,2.4760276604802147,0.21482041478157043,0.28668126463890076,2.4870669841766357,0
1780882661.9885428,49615,-12.783164024353027,-5.854159832000732,-1.5421874523162842,2.2052180767059326,-1.1389139890670776,-0.007483014836907387,2.481968540460242,0.21178320050239563,0.2874496877193451,2.4865527153015137,0
1780882661.9996777,49622,-12.756171226501465,-5.868261814117432,-1.542275309562683,2.197844982147217,-1.1590937376022339,-0.007247233297675848,2.484768275008534,0.20875482261180878,0.28818273544311523,2.4860401153564453,0
1780882662.0093338,49635,-12.72581958770752,-5.884824275970459,-1.5423681735992432,2.1807377338409424,-1.2043099403381348,-0.0066679236479103565,2.4911892656722703,0.19784635305404663,0.29064783453941345,2.484132766723633,0
1780882662.022157,49635,-12.72581958770752,-5.884824275970459,-1.5423681735992432,2.1807377338409424,-1.2043099403381348,-0.0066679236479103565,2.4911892656722703,0.19784635305404663,0.29064783453941345,2.484132766723633,0
1780882662.0302305,49658,-12.677460670471191,-5.912851333618164,-1.5425000190734863,2.1518771648406982,-1.27578604221344,-0.005601582583039999,2.501646804766194,0.19482795894145966,0.291233628988266,2.4836366176605225,0
1780882662.0429604,49665,-12.662577629089355,-5.921864986419678,-1.5425341129302979,2.1425790786743164,-1.2975645065307617,-0.005242414306849241,2.504864515276039,0.18772777915000916,0.2924059331417084,2.482553243637085,0
1780882662.0538137,49679,-12.633008003234863,-5.940331935882568,-1.5426025390625,2.123476028442383,-1.3406187295913696,-0.00466297147795558,2.5112607918739975,0.17776675522327423,0.2938126027584076,2.4811441898345947,0
1780882662.0653274,49686,-12.61832046508789,-5.949785232543945,-1.54263174533844,2.1136724948883057,-1.3618561029434204,-0.004365520551800728,2.514414945577059,0.17434637248516083,0.2942478358745575,2.480685234069824,0
1780882662.0750794,49700,-12.589179039001465,-5.969130516052246,-1.5426855087280273,2.0935897827148438,-1.4036802053451538,-0.0035492277238518,2.5206048667300545,0.17096972465515137,0.2946567237377167,2.4802334308624268,0
1780882662.0863874,49700,-12.589179039001465,-5.969130516052246,-1.5426855087280273,2.0935897827148438,-1.4036802053451538,-0.0035492277238518,2.5206048667300545,0.16764748096466064,0.2950397729873657,2.479788303375244,0
1780882662.0976932,49722,-12.543241500854492,-6.001240253448486,-1.5427392721176147,2.0602376461029053,-1.4689058065414429,-0.0020373486913740635,2.5302702578381813,0.1644960343837738,0.2953983247280121,2.479351043701172,0
1780882662.1071754,49729,-12.529023170471191,-6.011581897735596,-1.542749047279358,2.0494725704193115,-1.4889405965805054,-0.0015712499152868986,2.5332359514804277,0.1544228345155716,0.29641079902648926,2.4780080318450928,0
1780882662.1201227,49736,-12.51488208770752,-6.022060394287109,-1.5427587032318115,2.0385613441467285,-1.5087915658950806,-0.0010844373609870672,2.536175372321448,0.15145963430404663,0.29670044779777527,2.477602243423462,0
1780882662.1299732,49755,-12.47597599029541,-6.051855564117432,-1.542763590812683,2.007514238357544,-1.5630511045455933,0.00022368907229974866,2.54425671320059,0.14863014221191406,0.2969813048839569,2.477201223373413,0
1780882662.1398237,49762,-12.462109565734863,-6.062841892242432,-1.5427587032318115,1.9960812330245972,-1.582281470298767,0.0007075691246427596,2.547146529106225,0.1434696465730667,0.29744622111320496,2.4765045642852783,0
1780882662.1513884,49769,-12.448320388793945,-6.073964595794678,-1.542749047279358,1.9845097064971924,-1.6013424396514893,0.0011958216782659292,2.5500152576406365,0.13754954934120178,0.2979128062725067,2.4757442474365234,0
1780882662.1621358,49783,-12.434609413146973,-6.085214614868164,-1.5427392721176147,1.960450530052185,-1.6397536993026733,0.002144885016605258,2.5558096712569247,0.13459289073944092,0.29812702536582947,2.4753737449645996,0
1780882662.171387,49797,-12.392889976501465,-6.120732307434082,-1.5426855087280273,1.935787558555603,-1.6774718761444092,0.0030006407760083675,2.5614828461184693,0.1281709372997284,0.29852697253227234,2.4746246337890625,0
1780882662.182946,49807,-12.379530906677246,-6.132509708404541,-1.5426610708236694,1.9149237871170044,-1.7080661058425903,0.0036712789442390203,2.5660156684408393,0.1249932199716568,0.2987027168273926,2.474276065826416,0
1780882662.1939266,49821,-12.348124504089355,-6.160947322845459,-1.5425927639007568,1.8936307430267334,-1.738147497177124,0.004306955263018608,2.5704109910173347,0.12183079123497009,0.29886898398399353,2.4739341735839844,0
1780882662.2039194,49828,-12.335078239440918,-6.173144340515137,-1.5425585508346558,1.8808139562606812,-1.755733609199524,0.004681048449128866,2.5729523036294952,0.11057019233703613,0.2993546426296234,2.472834825515747,0
1780882662.2167218,49835,-12.32210922241211,-6.185458660125732,-1.5425243377685547,1.8678408861160278,-1.7731342315673828,0.005036091897636652,2.5754339326071563,0.10718193650245667,0.2994771897792816,2.4725258350372314,0
1780882662.2258875,49848,-12.309218406677246,-6.197890281677246,-1.5424853563308716,1.8416987657546997,-1.8070107698440552,0.005863218102604151,2.580150507904783,0.10376621782779694,0.2995901107788086,2.4722249507904053,0
1780882662.2370875,49862,-12.271601676940918,-6.235419750213623,-1.5423535108566284,1.8149842023849487,-1.840127944946289,0.006779475137591362,2.5846246284445877,0.09734880179166794,0.2997834384441376,2.4716598987579346,0
1780882662.248379,49869,-12.259100914001465,-6.248310565948486,-1.5423046350479126,1.8012909889221191,-1.8565785884857178,0.0072368476539850235,2.5868099377340448,0.09423311054706573,0.299870103597641,2.4713850021362305,0
1780882662.2580607,49880,-12.246679306030273,-6.261318206787109,-1.5422509908676147,1.7766354084014893,-1.885348916053772,0.008027381263673306,2.5905671866409894,0.08817405253648758,0.3000262677669525,2.4708566665649414,0
1780882662.2677083,49894,-12.215468406677246,-6.294970512390137,-1.5421044826507568,1.7515320777893066,-1.9135968685150146,0.0087432237342,2.5941846577829923,0.080172099173069,0.3001970946788788,2.47021746635437,0
1780882662.2785013,49901,-12.203397750854492,-6.308369159698486,-1.5420409440994263,1.7371925115585327,-1.9292821884155273,0.009115786291658878,2.596160758179694,0.07692650705575943,0.3002564609050751,2.4699761867523193,0
1780882662.2892985,49915,-12.191445350646973,-6.321875095367432,-1.5419726371765137,1.7075858116149902,-1.9606237411499023,0.009929628111422062,2.5999987222888965,0.07692650705575943,0.3002564609050751,2.4699761867523193,0
1780882662.2994,49922,-12.167031288146973,-6.350156307220459,-1.5418261289596558,1.6923010349273682,-1.9762778282165527,0.01033076737076044,2.6018577155315477,0.06695232540369034,0.3004065752029419,2.469268321990967,0
1780882662.310544,49936,-12.143827438354492,-6.377919673919678,-1.5416747331619263,1.6622834205627441,-2.006011724472046,0.011016554199159145,2.6052620930462087,0.06367624551057816,0.300446480512619,2.469047784805298,0
1780882662.3200057,49936,-12.143827438354492,-6.377919673919678,-1.5416747331619263,1.6622834205627441,-2.006011724472046,0.011016554199159145,2.6052620930462087,0.06039080396294594,0.30048394203186035,2.4688315391540527,0
1780882662.3308518,49955,-12.111835479736328,-6.417724609375,-1.5414501428604126,1.618963599205017,-2.0466856956481934,0.011944737285375595,2.609618391464662,0.051206640899181366,0.3005717694759369,2.4682462215423584,0
1780882662.3422625,49962,-12.100703239440918,-6.432031154632568,-1.5413671731948853,1.6033178567886353,-2.060786008834839,0.012242231518030167,2.6110566819468453,0.04793108254671097,0.300596684217453,2.4680471420288086,0
1780882662.3518114,49980,-12.078788757324219,-6.4609375,-1.5411913394927979,1.5595972537994385,-2.0985970497131348,0.013168582692742348,2.6146943574141814,0.04478592798113823,0.30061912536621094,2.46785306930542,0
1780882662.3630602,49987,-12.062617301940918,-6.482802391052246,-1.541054606437683,1.5474997758865356,-2.108670234680176,0.013394122011959553,2.615611805581917,0.04176439344882965,0.3006382882595062,2.467665672302246,0
1780882662.3728,50001,-12.041211128234863,-6.512743949890137,-1.5408642292022705,1.5144094228744507,-2.135509967803955,0.013915338553488255,2.6180206949770346,0.03067508339881897,0.3006856441497803,2.4670422077178955,0
1780882662.3836963,50001,-12.041211128234863,-6.512743949890137,-1.5408642292022705,1.5144094228744507,-2.135509967803955,0.013915338553488255,2.6180206949770346,0.03067508339881897,0.3006856441497803,2.4670422077178955,0
1780882662.394561,50021,-12.010429382324219,-6.557675838470459,-1.540566325187683,1.4643608331680298,-2.173840045928955,0.014506210573017597,2.621095882478578,0.027211811393499374,0.30069422721862793,2.466876268386841,0
1780882662.4043329,50028,-12.00039005279541,-6.572861194610596,-1.5404638051986694,1.4473347663879395,-2.1862564086914062,0.014692597091197968,2.621966987387286,0.016548331826925278,0.3007086217403412,2.466405153274536,0
1780882662.417353,50035,-11.99046802520752,-6.588124752044678,-1.5403612852096558,1.430159091949463,-2.198472499847412,0.014896984212100506,2.622757762548737,0.013108011335134506,0.30071017146110535,2.4662551879882812,0
1780882662.4265773,50053,-11.965781211853027,-6.627255916595459,-1.5400927066802979,1.3858453035354614,-2.228623628616333,0.015366091392934322,2.62441738298675,0.00966497603803873,0.3007107675075531,2.4661097526550293,0
1780882662.436411,50060,-11.95628833770752,-6.642812252044678,-1.5399852991104126,1.3681511878967285,-2.240182399749756,0.015546664595603943,2.6249755343377683,0.004503508564084768,0.3007090985774994,2.465893030166626,0
1780882662.447722,50067,-11.946913719177246,-6.658447265625,-1.5398778915405273,1.3503183126449585,-2.251563310623169,0.015721520408988,2.6254797758529134,-0.0019515561871230602,0.300702303647995,2.4656267166137695,0
1780882662.4590776,50082,-11.93765640258789,-6.674160003662109,-1.5397655963897705,1.3121397495269775,-2.2750816345214844,0.015991926193237305,2.6263973248023684,-0.005230445880442858,0.30069753527641296,2.465498924255371,0
1780882662.4688616,50096,-11.908671379089355,-6.725449085235596,-1.539404273033142,1.2733349800109863,-2.2977938652038574,0.016230424866080284,2.6270710011302314,-0.01261967048048973,0.3006831407546997,2.4652259349823,0
1780882662.4799423,50103,-11.899921417236328,-6.741523265838623,-1.5392919778823853,1.2547205686569214,-2.30827260017395,0.01633983664214611,2.6273014848673246,-0.01590331457555294,0.3006751537322998,2.4651079177856445,0
1780882662.489715,50115,-11.891327857971191,-6.757627010345459,-1.5391796827316284,1.2198749780654907,-2.327202320098877,0.01649194210767746,2.6275915940150134,-0.019150784239172935,0.30066657066345215,2.4649922847747803,0
1780882662.5009282,50129,-11.868671417236328,-6.801660060882568,-1.5388671159744263,1.1845488548278809,-2.34552001953125,0.016588592901825905,2.627716752793265,-0.028056930750608444,0.3006405532360077,2.464691638946533,0
1780882662.5133312,50136,-11.86058521270752,-6.818017482757568,-1.5387499332427979,1.1653168201446533,-2.3551220893859863,0.0166251789778471,2.6277061753175346,-0.035289011895656586,0.30061861872673035,2.464482307434082,0
1780882662.523946,50146,-11.852617263793945,-6.834433555603027,-1.5386327505111694,1.1312423944473267,-2.3714356422424316,0.016772013157606125,2.627488850731446,-0.035289011895656586,0.30061861872673035,2.464482307434082,0
1780882662.5325768,50160,-11.833280563354492,-6.875859260559082,-1.5383398532867432,1.096724033355713,-2.38714337348938,0.01693771779537201,2.6270789819147797,-0.04423509165644646,0.30058929324150085,2.464233875274658,0
1780882662.5439243,50167,-11.825819969177246,-6.892499923706055,-1.5382226705551147,1.0768508911132812,-2.3958537578582764,0.01703583262860775,2.626787637082306,-0.047640226781368256,0.3005776107311249,2.464139938354492,0
1780882662.554806,50182,-11.818476676940918,-6.909199237823486,-1.5381054878234863,1.035754680633545,-2.413114547729492,0.01719222590327263,2.6260626709104864,-0.05097396671772003,0.30056536197662354,2.464048147201538,0
1780882662.5661125,50189,-11.80355453491211,-6.944325923919678,-1.5378515720367432,1.0145258903503418,-2.4216415882110596,0.017278946936130524,2.625625511369007,-0.06138426437973976,0.30052638053894043,2.4637815952301025,0
1780882662.5760746,50203,-11.78988265991211,-6.978124618530273,-1.5376074314117432,0.9735326766967773,-2.4373779296875,0.017444027587771416,2.62466785304781,-0.06468234211206436,0.30051371455192566,2.463700771331787,0
1780882662.5869517,50203,-11.78988265991211,-6.978124618530273,-1.5376074314117432,0.9735326766967773,-2.4373779296875,0.017444027587771416,2.62466785304781,-0.06793299317359924,0.3005008399486542,2.4636216163635254,0
1780882662.598642,50223,-11.771210670471191,-7.027245998382568,-1.5372509956359863,0.9134847521781921,-2.4588170051574707,0.01765129528939724,2.6230796834139447,-0.07711932063102722,0.30046364665031433,2.4634063243865967,0
1780882662.60858,50237,-11.75894546508789,-7.061542987823486,-1.5370068550109863,0.8712372183799744,-2.472838878631592,0.017766280099749565,2.6218890234086962,-0.0803273618221283,0.30045077204704285,2.4633352756500244,0
1780882662.6200924,50237,-11.75894546508789,-7.061542987823486,-1.5370068550109863,0.8712372183799744,-2.472838878631592,0.017766280099749565,2.6218890234086962,-0.08348479866981506,0.3004380166530609,2.463266611099243,0
1780882662.6298428,50255,-11.74339771270752,-7.107949256896973,-1.5366747379302979,0.8136229515075684,-2.490583658218384,0.01790556311607361,2.620173634512579,-0.08659642934799194,0.30042481422424316,2.4631991386413574,0
1780882662.6394892,50262,-11.737890243530273,-7.125292778015137,-1.5365526676177979,0.7919718027114868,-2.496875047683716,0.017920974642038345,2.619527724870985,-0.09519898891448975,0.3003901243209839,2.463024854660034,0
1780882662.6509361,50269,-11.732539176940918,-7.142675399780273,-1.5364257097244263,0.7701964974403381,-2.5029847621917725,0.017947401851415634,2.618865684541073,-0.09844543784856796,0.30037733912467957,2.4629626274108887,0
1780882662.661907,50289,-11.718398094177246,-7.191415786743164,-1.536074161529541,0.7087187767028809,-2.519090414047241,0.017988290637731552,2.616949062782078,-0.10165613144636154,0.30036458373069763,2.462902307510376,0
1780882662.6715612,50295,-11.713632583618164,-7.208945274353027,-1.5359472036361694,0.6864621043205261,-2.5245347023010254,0.017980217933654785,2.616262405040296,-0.1073685809969902,0.3003425598144531,2.4627974033355713,0
1780882662.6827297,50302,-11.709023475646973,-7.226513385772705,-1.5358202457427979,0.6640821099281311,-2.5298047065734863,0.01796620897948742,2.6155763584328895,-0.1136840432882309,0.30031928420066833,2.462686777114868,0
1780882662.693393,50320,-11.698163986206055,-7.2705078125,-1.5355126857757568,0.6076239347457886,-2.542161464691162,0.01781691424548626,2.6138303696050937,-0.11697357892990112,0.30030810832977295,2.4626336097717285,0
1780882662.7046714,50327,-11.694101333618164,-7.288193225860596,-1.5353906154632568,0.5847864151000977,-2.546797513961792,0.017763452604413033,2.6131338022872113,-0.12555751204490662,0.30027973651885986,2.4625084400177,0
1780882662.7144768,50334,-11.690195083618164,-7.305908203125,-1.5352685451507568,0.5618053078651428,-2.5512444972991943,0.017681140452623367,2.612429197446808,-0.12912562489509583,0.30026865005493164,2.462460517883301,0
1780882662.7258422,50353,-11.679999351501465,-7.35631799697876,-1.5349218845367432,0.4958555996417999,-2.5627856254577637,0.01742294803261757,2.6103728654863114,-0.13885736465454102,0.30023932456970215,2.4623312950134277,0
1780882662.7368217,50360,-11.676718711853027,-7.37414026260376,-1.5347998142242432,0.47235170006752014,-2.566497325897217,0.01731109991669655,2.6096598105068343,-0.14219965040683746,0.30022966861724854,2.4622883796691895,0
1780882662.7484598,50367,-11.673554420471191,-7.392382621765137,-1.5346777439117432,0.44820737838745117,-2.5700998306274414,0.01720677874982357,2.6089459685219816,-0.14551475644111633,0.30021965503692627,2.4622457027435303,0
1780882662.7576275,50382,-11.670624732971191,-7.410253524780273,-1.5345605611801147,0.39954230189323425,-2.5767455101013184,0.01689971797168255,2.607592198810422,-0.14551475644111633,0.30021965503692627,2.4622457027435303,0
1780882662.7685628,50396,-11.662616729736328,-7.465507507324219,-1.5341992378234863,0.35036295652389526,-2.5826683044433594,0.016523508355021477,2.606377332315653,-0.15519748628139496,0.30019137263298035,2.4621241092681885,0
1780882662.7796998,50403,-11.660351753234863,-7.483457088470459,-1.53408682346344,0.32610073685646057,-2.5853052139282227,0.016333002597093582,2.6058418038546804,-0.15829262137413025,0.30018243193626404,2.462087392807007,0
1780882662.7890785,50415,-11.658242225646973,-7.501425743103027,-1.533974528312683,0.27998238801956177,-2.5898027420043945,0.015910014510154724,2.6049417476512464,-0.16451165080070496,0.3001647889614105,2.46201491355896,0
1780882662.799875,50422,-11.654921531677246,-7.533329963684082,-1.533779263496399,0.25815412402153015,-2.5916965007781982,0.01569165103137493,2.604569164335509,-0.17018741369247437,0.3001505136489868,2.4619534015655518,0
1780882662.811185,50436,-11.651874542236328,-7.56936502456665,-1.5335644483566284,0.20856492221355438,-2.595466136932373,0.015154953114688396,2.6038766229114065,-0.1734449863433838,0.3001419007778168,2.461920738220215,0
1780882662.8224294,50448,-11.650586128234863,-7.58740234375,-1.5334619283676147,0.16158638894557953,-2.598332166671753,0.014604796655476093,2.603392692149793,-0.17669084668159485,0.3001345098018646,2.4618873596191406,0
1780882662.8323412,50455,-11.648749351501465,-7.619023323059082,-1.5332860946655273,0.13950115442276,-2.5994484424591064,0.014341859146952629,2.603228469806703,-0.17991487681865692,0.30012640357017517,2.46185564994812,0
1780882662.8420818,50469,-11.647343635559082,-7.65514612197876,-1.5330957174301147,0.08873004466295242,-2.6015124320983887,0.013676648028194904,2.6030610837799504,-0.1854499876499176,0.30011364817619324,2.461801528930664,0
1780882662.8529868,50469,-11.647343635559082,-7.65514612197876,-1.5330957174301147,0.08873004466295242,-2.6015124320983887,0.013676648028194904,2.6030610837799504,-0.19181708991527557,0.30010029673576355,2.4617438316345215,0
1780882662.8643582,50489,-11.646562576293945,-7.70763635635376,-1.5328320264816284,0.014117485843598843,-2.6032049655914307,0.01261924672871828,2.603273831481127,-0.19508589804172516,0.30009350180625916,2.46171498298645,0
1780882662.8738582,50496,-11.64664077758789,-7.725712776184082,-1.5327489376068115,-0.011821486987173557,-2.6034276485443115,0.012232537381350994,2.60348322516784,-0.20461733639240265,0.300075501203537,2.461637020111084,0
1780882662.8848548,50503,-11.646913528442383,-7.743788719177246,-1.5326659679412842,-0.037880849093198776,-2.603463649749756,0.011851176619529724,2.6037661923996955,-0.20778334140777588,0.3000694513320923,2.461611747741699,0
1780882662.8968205,50522,-11.648476600646973,-7.79248046875,-1.5324609279632568,-0.10868807882070541,-2.6026570796966553,0.010752430185675621,2.604947713050639,-0.21592675149440765,0.29998478293418884,2.461561679840088,0
1780882662.9075553,50529,-11.6494140625,-7.810595512390137,-1.532387614250183,-0.13524740934371948,-2.6020448207855225,0.010289192199707031,2.6055776669650577,-0.2189105898141861,0.2998819351196289,2.4615607261657715,0
1780882662.9175384,50535,-11.65054702758789,-7.828671932220459,-1.5323193073272705,-0.16186727583408356,-2.6012582778930664,0.009808497503399849,2.6063080880656497,-0.22187522053718567,0.2997349202632904,2.461571216583252,0
1780882662.9284487,50555,-11.65468692779541,-7.879482269287109,-1.5321483612060547,-0.23732802271842957,-2.598072052001953,0.008356123231351376,2.608902605034641,-0.22483448684215546,0.29955339431762695,2.4615914821624756,0
1780882662.9381912,50562,-11.656522750854492,-7.897509574890137,-1.5320947170257568,-0.2643021047115326,-2.59659481048584,0.0077867647632956505,2.610023150491662,-0.22998562455177307,0.29876041412353516,2.461742401123047,0
1780882662.9495106,50569,-11.658554077148438,-7.91552734375,-1.532045841217041,-0.29133692383766174,-2.5949254035949707,0.007195381913334131,2.6112385618580682,-0.2353401929140091,0.2972629964351654,2.462069272994995,0
1780882662.960697,50587,-11.664569854736328,-7.961669921875,-1.5319384336471558,-0.3608584403991699,-2.589735269546509,0.005533165764063597,2.614761594536646,-0.2353401929140091,0.2972629964351654,2.462069272994995,0
1780882662.9706736,50594,-11.667264938354492,-7.979638576507568,-1.5319042205810547,-0.3880254328250885,-2.5873830318450928,0.004826416727155447,2.616321460428253,-0.24375465512275696,0.2934589087963104,2.462954521179199,0
1780882662.9815748,50601,-11.670194625854492,-7.997753620147705,-1.5318750143051147,-0.415455162525177,-2.584822416305542,0.004089541267603636,2.6180005042498027,-0.24592885375022888,0.2923020124435425,2.463226079940796,0
1780882662.992897,50620,-11.679140090942383,-8.047343254089355,-1.531826138496399,-0.4906826615333557,-2.576824188232422,0.0019310808274894953,2.6231271605589956,-0.24796569347381592,0.29101526737213135,2.4635307788848877,0
1780882663.0043173,50627,-11.682734489440918,-8.065215110778809,-1.5318163633346558,-0.5178164839744568,-2.573596954345703,0.0011089801555499434,2.625173598894011,-0.25132444500923157,0.28843259811401367,2.4641432762145996,0
1780882663.0141096,50634,-11.6865234375,-8.0830659866333,-1.5318163633346558,-0.5449064373970032,-2.570185899734497,0.000273208599537611,2.6273139628437367,-0.254870742559433,0.28522515296936035,2.4648971557617188,0
1780882663.0248075,50648,-11.690507888793945,-8.1008882522583,-1.5318212509155273,-0.5993798971176147,-2.562760353088379,-0.0014462661929428577,2.6319192579021675,-0.2565576136112213,0.2835552394390106,2.465285539627075,0
1780882663.034576,50662,-11.7036714553833,-8.154775619506836,-1.5318701267242432,-0.6536012291908264,-2.5546042919158936,-0.0031906175427138805,2.636893595713556,-0.25980979204177856,0.2799827754497528,2.4661052227020264,0
1780882663.045732,50669,-11.70839786529541,-8.172490119934082,-1.531899333000183,-0.6803860068321228,-2.550291061401367,-0.004060759674757719,2.6394935320863753,-0.26280534267425537,0.276376336812973,2.466912269592285,0
1780882663.0570183,50680,-11.713319778442383,-8.190165519714355,-1.5319335460662842,-0.7280385494232178,-2.54213285446167,-0.0056145284324884415,2.6443356636609545,-0.26280534267425537,0.276376336812973,2.466912269592285,0
1780882663.066866,50693,-11.72679615020752,-8.235527038574219,-1.532045841217041,-0.7753406167030334,-2.533409595489502,-0.007071070373058319,2.6494088492461754,-0.26629090309143066,0.2710798978805542,2.4680936336517334,0
1780882663.0778198,50700,-11.732382774353027,-8.25308609008789,-1.5320996046066284,-0.8016340732574463,-2.528292417526245,-0.007807192858308554,2.6523462609901363,-0.26874300837516785,0.2666850984096527,2.4690515995025635,0
1780882663.0892189,50715,-11.73812484741211,-8.270605087280273,-1.5321581363677979,-0.8538852334022522,-2.5175116062164307,-0.008932361379265785,2.658395092219488,-0.26874300837516785,0.2666850984096527,2.4690515995025635,0
1780882663.0989363,50721,-11.75023365020752,-8.305742263793945,-1.5322850942611694,-0.8798302412033081,-2.511838912963867,-0.009349818341434002,2.6614889436400806,-0.27203798294067383,0.25920161604881287,2.47067928314209,0
1780882663.1116402,50735,-11.763007164001465,-8.340507507324219,-1.5324218273162842,-0.9309342503547668,-2.5000219345092773,-0.010061325505375862,2.667742394194392,-0.27304837107658386,0.2566402852535248,2.4712233543395996,0
1780882663.1214473,50747,-11.769648551940918,-8.35782241821289,-1.532495141029358,-0.9764249920845032,-2.488762140274048,-0.010453615337610245,2.6734719063611476,-0.2750079035758972,0.2515594959259033,2.472275495529175,0
1780882663.1321137,50753,-11.780624389648438,-8.385565757751465,-1.5326123237609863,-0.9965109825134277,-2.48356032371521,-0.010563177987933159,2.6760451417215445,-0.27649664878845215,0.24748967587947845,2.4730923175811768,0
1780882663.1418679,50767,-11.795000076293945,-8.419921875,-1.5327587127685547,-1.0460646152496338,-2.4701831340789795,-0.01068643108010292,2.6825678174045935,-0.27737489342689514,0.24491654336452484,2.473597764968872,0
1780882663.1531322,50767,-11.795000076293945,-8.419921875,-1.5327587127685547,-1.0460646152496338,-2.4701831340789795,-0.01068643108010292,2.6825678174045935,-0.27822601795196533,0.24229000508785248,2.474109649658203,0
1780882663.1637607,50789,-11.818359375,-8.472294807434082,-1.532983422279358,-1.1208027601242065,-2.448347568511963,-0.010493330657482147,2.6927151266572498,-0.27903780341148376,0.23959015309810638,2.4746315479278564,0
1780882663.174998,50802,-11.834452629089355,-8.506142616271973,-1.5331298112869263,-1.1685138940811157,-2.4332311153411865,-0.010207338258624077,2.6992855667897486,-0.281962513923645,0.2273855060338974,2.4769983291625977,0
1780882663.1860216,50802,-11.834452629089355,-8.506142616271973,-1.5331298112869263,-1.1685138940811157,-2.4332311153411865,-0.010207338258624077,2.6992855667897486,-0.281962513923645,0.2273855060338974,2.4769983291625977,0
1780882663.1957738,50822,-11.858437538146973,-8.553915977478027,-1.5333251953125,-1.2350618839263916,-2.4105517864227295,-0.00957312062382698,2.708547473608705,-0.28264155983924866,0.22454868257045746,2.4775071144104004,0
1780882663.206599,50829,-11.8671875,-8.570595741271973,-1.533388614654541,-1.25809645652771,-2.4022679328918457,-0.009279431775212288,2.7117861315343643,-0.28439924120903015,0.21607767045497894,2.4790031909942627,0
1780882663.2161775,50836,-11.876093864440918,-8.5872163772583,-1.5334521532058716,-1.2809339761734009,-2.393817186355591,-0.008954129181802273,2.7150014271517797,-0.2849701941013336,0.21303044259548187,2.479524850845337,0
1780882663.227633,50853,-11.898749351501465,-8.62807559967041,-1.533593773841858,-1.3365063667297363,-2.372180938720703,-0.007979735732078552,2.7227844847731357,-0.28551024198532104,0.20991836488246918,2.4800519943237305,0
1780882663.23867,50860,-11.908203125,-8.644482612609863,-1.5336474180221558,-1.3586612939834595,-2.3631510734558105,-0.007587346713989973,2.72589454593796,-0.28627094626426697,0.20526264607906342,2.4808261394500732,0
1780882663.2485359,50867,-11.91796875,-8.661142349243164,-1.5336962938308716,-1.381024956703186,-2.3537769317626953,-0.0071581220254302025,2.729019423574368,-0.28724029660224915,0.19867122173309326,2.481902599334717,0
1780882663.2594433,50887,-11.945234298706055,-8.70595645904541,-1.5338183641433716,-1.4405474662780762,-2.3274600505828857,-0.005939926952123642,2.7372034218142556,-0.28769516944885254,0.19535301625728607,2.482433795928955,0
1780882663.2718928,50894,-11.955389976501465,-8.722050666809082,-1.5338573455810547,-1.4617165327072144,-2.3176109790802,-0.005506529472768307,2.7400668229460243,-0.28885048627853394,0.1857963651418686,2.4839539527893066,0
1780882663.281475,50900,-11.965703010559082,-8.738076210021973,-1.5338915586471558,-1.4826858043670654,-2.3075802326202393,-0.005126891192048788,2.7428652918917806,-0.28923603892326355,0.18212495744228363,2.4845473766326904,0
1780882663.2912343,50913,-11.9761323928833,-8.754033088684082,-1.5339257717132568,-1.5218256711959839,-2.288046360015869,-0.0041741798631846905,2.747931393406776,-0.2896099388599396,0.17851434648036957,2.48511004447937,0
1780882663.3023896,50927,-12.006054878234863,-8.798319816589355,-1.533998966217041,-1.5601714849472046,-2.267895221710205,-0.003166255773976445,2.75272479995258,-0.29061394929885864,0.16887640953063965,2.4864752292633057,0
1780882663.3133774,50934,-12.017030715942383,-8.813994407653809,-1.5340185165405273,-1.580080509185791,-2.2570459842681885,-0.0026965283323079348,2.7551621117231977,-0.29095640778541565,0.16543340682983398,2.4869418144226074,0
1780882663.3235273,50948,-12.028124809265137,-8.82958984375,-1.534033179283142,-1.6200367212295532,-2.234410047531128,-0.001615719753317535,2.75991120313509,-0.29129260778427124,0.16203151643276215,2.4873838424682617,0
1780882663.3343184,50962,-12.063241958618164,-8.877158164978027,-1.5340576171875,-1.6591286659240723,-2.211099863052368,-0.0005056667141616344,2.764357211031168,-0.2919524312019348,0.15492355823516846,2.4882729053497314,0
1780882663.3440866,50969,-12.074882507324219,-8.892431259155273,-1.5340576171875,-1.6779781579971313,-2.1994268894195557,7.276534688571701e-06,2.766421757554364,-0.2922544777393341,0.1515103429555893,2.488682270050049,0
1780882663.3568969,50982,-12.086679458618164,-8.90762710571289,-1.5340527296066284,-1.713485836982727,-2.1766281127929688,0.0009296941570937634,2.7701524361074976,-0.292835533618927,0.1446533054113388,2.4894814491271973,0
1780882663.3663218,50989,-12.108515739440918,-8.935175895690918,-1.5340380668640137,-1.7301799058914185,-2.1655170917510986,0.0013014697469770908,2.771820426225349,-0.29332131147384644,0.1379479020833969,2.490314483642578,0
1780882663.3770924,51003,-12.132929801940918,-8.96498966217041,-1.5340136289596558,-1.766082763671875,-2.14070987701416,0.0021706055849790573,2.775192212660859,-0.29357272386550903,0.13418126106262207,2.490788698196411,0
1780882663.3868325,51015,-12.145312309265137,-8.979765892028809,-1.5339940786361694,-1.7987867593765259,-2.1169161796569824,0.0030392694752663374,2.777944771690172,-0.2938139736652374,0.1304234266281128,2.4912502765655518,0
1780882663.3996122,51022,-12.167109489440918,-9.005224227905273,-1.5339550971984863,-1.8137226104736328,-2.1056525707244873,0.003434486221522093,2.77909594149564,-0.2940463125705719,0.12669871747493744,2.4916934967041016,0
1780882663.4094102,51035,-12.19261646270752,-9.034198760986328,-1.533901333808899,-1.8475778102874756,-2.0792300701141357,0.004198179114609957,2.781503024309227,-0.2944377660751343,0.12037967890501022,2.4923951625823975,0
1780882663.419218,51047,-12.205546379089355,-9.048544883728027,-1.5338720083236694,-1.877140760421753,-2.0549631118774414,0.004829826299101114,2.7832632201852294,-0.29485854506492615,0.11282753199338913,2.493253231048584,0
1780882663.430055,51053,-12.226249694824219,-9.071063995361328,-1.5338183641433716,-1.8899633884429932,-2.044060230255127,0.005105333402752876,2.7839126960080334,-0.295377254486084,0.10300468653440475,2.494338274002075,0
1780882663.4410415,51067,-12.252851486206055,-9.099169731140137,-1.5337401628494263,-1.921791434288025,-2.016082525253296,0.005867075640708208,2.7853016870908442,-0.2955695688724518,0.09925436228513718,2.4947264194488525,0
1780882663.4510455,51067,-12.252851486206055,-9.099169731140137,-1.5337401628494263,-1.921791434288025,-2.016082525253296,0.005867075640708208,2.7853016870908442,-0.29575276374816895,0.09547054022550583,2.49511456489563,0
1780882663.4623034,51088,-12.294296264648438,-9.141347885131836,-1.53359854221344,-1.968709111213684,-1.972066879272461,0.0071619413793087006,2.7865596412608,-0.29575276374816895,0.09547054022550583,2.49511456489563,0
1780882663.473172,51095,-12.308085441589355,-9.15494155883789,-1.533544898033142,-1.983620285987854,-1.9573240280151367,0.007575149182230234,2.7867407795690413,-0.2964179217815399,0.08009076118469238,2.4965779781341553,0
1780882663.4839866,51102,-12.321952819824219,-9.168427467346191,-1.5334911346435547,-1.998321294784546,-1.9424139261245728,0.007970924489200115,2.7868124072547964,-0.29657354950904846,0.07641291618347168,2.4968783855438232,0
1780882663.4936664,51122,-12.36117172241211,-9.205488204956055,-1.5333203077316284,-2.0381782054901123,-1.900006651878357,0.00913442112505436,2.7864456054562035,-0.2967248260974884,0.07276593893766403,2.4971601963043213,0
1780882663.5045338,51129,-12.375429153442383,-9.218573570251465,-1.5332518815994263,-2.05210280418396,-1.884500503540039,0.009533209726214409,2.7861369221325103,-0.2969847321510315,0.06632386893033981,2.4976162910461426,0
1780882663.5154479,51136,-12.389765739440918,-9.231552124023438,-1.5331835746765137,-2.065830707550049,-1.8688371181488037,0.009918336756527424,2.785732768919423,-0.2972606122493744,0.059180255979299545,2.498077869415283,0
1780882663.5249667,51147,-12.404218673706055,-9.244423866271973,-1.53311026096344,-2.0897765159606934,-1.8405414819717407,0.010529574938118458,2.7847566689870633,-0.2972606122493744,0.059180255979299545,2.498077869415283,0
1780882663.5360656,51160,-12.441601753234863,-9.276874542236328,-1.5329149961471558,-2.1130869388580322,-1.8117406368255615,0.011107658967375755,2.7834625785853913,-0.2977043688297272,0.046129580587148666,2.4989426136016846,0
1780882663.5459242,51167,-12.456366539001465,-9.289345741271973,-1.5328369140625,-2.1259284019470215,-1.7953323125839233,0.011346520856022835,2.7826100025602747,-0.29781779646873474,0.0422973595559597,2.4992258548736572,0
1780882663.556895,51182,-12.471210479736328,-9.301698684692383,-1.532753825187683,-2.1515822410583496,-1.7612152099609375,0.011891250498592854,2.780526309473413,-0.29781779646873474,0.0422973595559597,2.4992258548736572,0
1780882663.5680895,51196,-12.517773628234863,-9.339228630065918,-1.5324902534484863,-2.17639422416687,-1.726392149925232,0.012308874167501926,2.7779980530399313,-0.29792702198028564,0.03855299577116966,2.4994776248931885,0
1780882663.5796225,51203,-12.532968521118164,-9.351093292236328,-1.5324022769927979,-2.188188314437866,-1.7091323137283325,0.012454881332814693,2.7765908033669287,-0.2983301281929016,0.022678373381495476,2.500620126724243,0
1780882663.58911,51213,-12.54824161529541,-9.362841606140137,-1.532314419746399,-2.2083370685577393,-1.6784197092056274,0.012738938443362713,2.7738074210674317,-0.2984239459037781,0.018726229667663574,2.500913619995117,0
1780882663.6004848,51227,-12.5869140625,-9.391806602478027,-1.5320849418640137,-2.2278316020965576,-1.647199034690857,0.013043737038969994,2.770680141456705,-0.29856076836586,0.012873648665845394,2.501314163208008,0
1780882663.6100113,51234,-12.602460861206055,-9.403124809265137,-1.5319921970367432,-2.238673448562622,-1.629201054573059,0.013223023153841496,2.7687776606045054,-0.29864612221717834,0.009172916412353516,2.5015177726745605,0
1780882663.6213558,51248,-12.618085861206055,-9.414316177368164,-1.531899333000183,-2.2600886821746826,-1.5922417640686035,0.013519730418920517,2.7646731216635705,-0.29872697591781616,0.005593657027930021,2.5016767978668213,0
1780882663.6322765,51255,-12.650429725646973,-9.436894416809082,-1.531704068183899,-2.270653247833252,-1.5732693672180176,0.013622932136058807,2.7624677840659535,-0.29880425333976746,0.0020853278692811728,2.5018069744110107,0
1780882663.6436584,51269,-12.682147979736328,-9.458358764648438,-1.5315088033676147,-2.2906222343444824,-1.535861611366272,0.013837728649377823,2.7579000330824326,-0.2990263104438782,-0.009090900421142578,2.50230073928833,0
1780882663.653287,51279,-12.698124885559082,-9.46889591217041,-1.531411051750183,-2.3073153495788574,-1.502846598625183,0.014020118862390518,2.7536246267664013,-0.2991616427898407,-0.0165330171585083,2.5026347637176514,0
1780882663.664235,51286,-12.721796989440918,-9.48421859741211,-1.5312646627426147,-2.314211130142212,-1.4886858463287354,0.014104031957685947,2.751719031378578,-0.2992548942565918,-0.02191734127700329,2.5028393268585205,0
1780882663.6742542,51300,-12.75413990020752,-9.504491806030273,-1.531069278717041,-2.332444667816162,-1.4499146938323975,0.01429233979433775,2.7464076570662153,-0.29931342601776123,-0.025512216612696648,2.5029563903808594,0
1780882663.684218,51300,-12.75413990020752,-9.504491806030273,-1.531069278717041,-2.332444667816162,-1.4499146938323975,0.01429233979433775,2.7464076570662153,-0.299367219209671,-0.029059290885925293,2.5030553340911865,0
1780882663.6952786,51320,-12.800507545471191,-9.532392501831055,-1.530786156654358,-2.357076406478882,-1.3937947750091553,0.014620470814406872,2.7383730240763504,-0.2994172275066376,-0.032574888318777084,2.503140687942505,0
1780882663.7062063,51334,-12.833436965942383,-9.551337242126465,-1.530580997467041,-2.373530149459839,-1.3536837100982666,0.014882597140967846,2.732457950102419,-0.2995451092720032,-0.04235386475920677,2.5032999515533447,0
1780882663.7158914,51334,-12.833436965942383,-9.551337242126465,-1.530580997467041,-2.373530149459839,-1.3536837100982666,0.014882597140967846,2.732457950102419,-0.2995849847793579,-0.04572641849517822,2.503331422805786,0
1780882663.726663,51353,-12.8794527053833,-9.576699256896973,-1.5302929878234863,-2.395185947418213,-1.2971301078796387,0.015263495035469532,2.7239117485260462,-0.29962286353111267,-0.04904353246092796,2.5033445358276367,0
1780882663.7380257,51360,-12.896132469177246,-9.585566520690918,-1.5301854610443115,-2.40266489982605,-1.2765042781829834,0.015388131141662598,2.720753312532324,-0.29972729086875916,-0.058601852506399155,2.5034830570220947,0
1780882663.7493594,51367,-12.912851333618164,-9.594286918640137,-1.5300780534744263,-2.409964084625244,-1.2557346820831299,0.015491942875087261,2.7175423605279927,-0.2997671961784363,-0.06227564439177513,2.5036017894744873,0
1780882663.7589884,51386,-12.959843635559082,-9.617871284484863,-1.5297753810882568,-2.42927622795105,-1.1969952583312988,0.01588386483490467,2.7082158217759877,-0.2998705506324768,-0.07263719290494919,2.5039658546447754,0
1780882663.7708573,51395,-12.976757049560547,-9.6260347366333,-1.5296630859375,-2.4358325004577637,-1.175694227218628,0.01605694741010666,2.7047725804144163,-0.2998967170715332,-0.07609819620847702,2.504016637802124,0
1780882663.7825136,51400,-12.9937105178833,-9.634052276611328,-1.5295507907867432,-2.4422130584716797,-1.1542515754699707,0.016202831640839577,2.7012892947993716,-0.29992008209228516,-0.07954061031341553,2.504060983657837,0
1780882663.7935958,51415,-13.010703086853027,-9.641913414001465,-1.5294384956359863,-2.4546656608581543,-1.1101584434509277,0.016485584899783134,2.6940874244669706,-0.29994240403175354,-0.08298956602811813,2.5041043758392334,0
1780882663.8029838,51429,-13.063241958618164,-9.665145874023438,-1.52908194065094,-2.4664041996002197,-1.0655409097671509,0.016771240159869194,2.6867840219655745,-0.29997438192367554,-0.08982383459806442,2.50408673286438,0
1780882663.8143425,51435,-13.080389976501465,-9.672391891479492,-1.5289647579193115,-2.4719161987304688,-1.0434561967849731,0.01690901257097721,2.683180285195383,-0.2999850809574127,-0.09300767630338669,2.5040409564971924,0
1780882663.8243053,51446,-13.097578048706055,-9.679482460021973,-1.528847575187683,-2.481247901916504,-1.0041699409484863,0.017108825966715813,2.6767968045773474,-0.30000001192092896,-0.09925710409879684,2.50390625,0
1780882663.835935,51460,-13.141249656677246,-9.696757316589355,-1.528540015220642,-2.490082263946533,-0.9645065069198608,0.017264332622289658,2.6704083096584195,-0.3000132441520691,-0.10413800925016403,2.503831624984741,0
1780882663.8473299,51467,-13.15859317779541,-9.703300476074219,-1.528417944908142,-2.4948644638061523,-0.9418725967407227,0.017349353060126305,2.6667908956844513,-0.3000372648239136,-0.11075972765684128,2.503809690475464,0
1780882663.8571486,51481,-13.17593765258789,-9.709687232971191,-1.528295874595642,-2.5040364265441895,-0.8956212997436523,0.017484677955508232,2.659443861407477,-0.30004847049713135,-0.11408542841672897,2.5038044452667236,0
1780882663.8665786,51488,-13.211679458618164,-9.722285270690918,-1.528041958808899,-2.508418083190918,-0.8719987273216248,0.01753418892621994,2.655720336991648,-0.3000654876232147,-0.12084721773862839,2.5037801265716553,0
1780882663.8788207,51502,-13.246601104736328,-9.733915328979492,-1.527797818183899,-2.5164477825164795,-0.8255893588066101,0.017612503841519356,2.648474548074492,-0.3000723719596863,-0.12726640701293945,2.503711223602295,0
1780882663.888384,51513,-13.264101028442383,-9.739481925964355,-1.527675747871399,-2.5229666233062744,-0.7842898964881897,0.017621206119656563,2.642116903347774,-0.3000723719596863,-0.12726640701293945,2.503711223602295,0
1780882663.8992226,51527,-13.308398246765137,-9.75284194946289,-1.527368187904358,-2.5289807319641113,-0.7426174283027649,0.017591208219528198,2.635817451583354,-0.30007776618003845,-0.13532935082912445,2.5036208629608154,0
1780882663.909122,51533,-13.325976371765137,-9.757831573486328,-1.527246117591858,-2.5321834087371826,-0.7187925577163696,0.017555279657244682,2.6322848904243137,-0.3000771701335907,-0.1384807676076889,2.5035741329193115,0
1780882663.920314,51546,-13.34359359741211,-9.762656211853027,-1.527124047279358,-2.5378177165985107,-0.6731867790222168,0.017421850934624672,2.625643296988678,-0.30007776618003845,-0.14482057094573975,2.503491163253784,0
1780882663.9312792,51553,-13.375350952148438,-9.770936965942383,-1.5269091129302979,-2.540278434753418,-0.6514135003089905,0.017327865585684776,2.622528232333037,-0.3000846207141876,-0.1506723016500473,2.5034635066986084,0
1780882663.9420989,51567,-13.410663604736328,-9.779481887817383,-1.526674747467041,-2.545269012451172,-0.6027443408966064,0.0171250868588686,2.6157194717375507,-0.3000878393650055,-0.15392421185970306,2.5034501552581787,0
1780882663.9519646,51567,-13.410663604736328,-9.779481887817383,-1.526674747467041,-2.545269012451172,-0.6027443408966064,0.0171250868588686,2.6157194717375507,-0.30008944869041443,-0.15714453160762787,2.503427267074585,0
1780882663.9633305,51588,-13.464530944824219,-9.791152000427246,-1.5263231992721558,-2.5516083240509033,-0.5278159976005554,0.016717400401830673,2.6056811466802925,-0.30006763339042664,-0.166528582572937,2.503232955932617,0
1780882663.974383,51602,-13.5,-9.797968864440918,-1.5260937213897705,-2.5549893379211426,-0.4779709279537201,0.01636848971247673,2.599364278494864,-0.30005642771720886,-0.16955314576625824,2.50314998626709,0
1780882663.9846814,51602,-13.5,-9.797968864440918,-1.5260937213897705,-2.5549893379211426,-0.4779709279537201,0.01636848971247673,2.599364278494864,-0.30004197359085083,-0.17251360416412354,2.5030484199523926,0
1780882663.996,51620,-13.546015739440918,-9.805790901184082,-1.5258055925369263,-2.5584511756896973,-0.4127129018306732,0.015827851369976997,2.5915738227194067,-0.30002397298812866,-0.1754230260848999,2.5029306411743164,0
1780882664.0057838,51634,-13.581562042236328,-9.810986518859863,-1.5255907773971558,-2.560453414916992,-0.36184900999069214,0.015275091864168644,2.585940781306252,-0.2999877631664276,-0.18311035633087158,2.502676248550415,0
1780882664.017025,51634,-13.581562042236328,-9.810986518859863,-1.5255907773971558,-2.560453414916992,-0.36184900999069214,0.015275091864168644,2.585940781306252,-0.29997649788856506,-0.18611417710781097,2.5025932788848877,0
1780882664.0268114,51648,-13.599335670471191,-9.81332015991211,-1.525488257408142,-2.5618667602539062,-0.30940312147140503,0.014630426652729511,2.580524295226483,-0.2999642789363861,-0.18909025192260742,2.5025036334991455,0
1780882664.0381486,51662,-13.654296875,-9.8193941116333,-1.5251805782318115,-2.562628984451294,-0.25646883249282837,0.013873051851987839,2.575468119693543,-0.29994887113571167,-0.1985757201910019,2.5023386478424072,0
1780882664.0489898,51669,-13.67210865020752,-9.820996284484863,-1.525087833404541,-2.5627548694610596,-0.23039470613002777,0.013483786024153233,2.573125736151395,-0.2999514937400818,-0.2017441838979721,2.502321481704712,0
1780882664.0602489,51681,-13.689921379089355,-9.82241153717041,-1.5249950885772705,-2.5625407695770264,-0.18114371597766876,0.012698163278400898,2.568966618104109,-0.2999514937400818,-0.2017441838979721,2.502321481704712,0
1780882664.0716379,51695,-13.738866806030273,-9.825390815734863,-1.5247607231140137,-2.561776638031006,-0.13148808479309082,0.011829485185444355,2.565176133586883,-0.29991844296455383,-0.21001099050045013,2.5021450519561768,0
1780882664.0810442,51702,-13.756640434265137,-9.826123237609863,-1.524682641029358,-2.561154365539551,-0.10487291216850281,0.011349181644618511,2.563325733447274,-0.29984551668167114,-0.21581147611141205,2.5019590854644775,0
1780882664.0908148,51715,-13.774492263793945,-9.826669692993164,-1.5246093273162842,-2.559530735015869,-0.05358897149562836,0.010329145938158035,2.5601125078036406,-0.29971128702163696,-0.21869395673274994,2.5018582344055176,0
1780882664.1021032,51729,-13.824647903442383,-9.8272066116333,-1.5244189500808716,-2.5573205947875977,-0.0020466994028538465,0.00917130894958973,2.557337859261284,-0.29910942912101746,-0.22393570840358734,2.501678705215454,0
1780882664.1133952,51736,-13.842382431030273,-9.827031135559082,-1.5243602991104126,-2.555908441543579,0.025036897510290146,0.008519568480551243,2.556045263847603,-0.2984553873538971,-0.22684550285339355,2.501591444015503,0
1780882664.124664,51746,-13.860116958618164,-9.826669692993164,-1.5243066549301147,-2.5529096126556396,0.07312403619289398,0.0073255919851362705,2.5539671648939892,-0.2975722551345825,-0.22978399693965912,2.501512050628662,0
1780882664.1342442,51760,-13.90511703491211,-9.824931144714355,-1.5241894721984863,-2.5492868423461914,0.12134550511837006,0.006080240942537785,2.552180460998353,-0.29375535249710083,-0.23980329930782318,2.5011000633239746,0
1780882664.145083,51767,-13.922812461853027,-9.823896408081055,-1.5241503715515137,-2.54697847366333,0.1486254185438156,0.005353965796530247,2.5513168218179922,-0.2925959527492523,-0.2424597591161728,2.5009262561798096,0
1780882664.1557455,51782,-13.940468788146973,-9.822675704956055,-1.5241161584854126,-2.5416646003723145,0.20458947122097015,0.0037897538859397173,2.5498882631901245,-0.2925959527492523,-0.2424597591161728,2.5009262561798096,0
1780882664.1657717,51789,-13.977460861206055,-9.81948184967041,-1.5240674018859863,-2.5386545658111572,0.2332506626844406,0.0029530429746955633,2.549349249635949,-0.2913990318775177,-0.24496816098690033,2.500706672668457,0
1780882664.1766813,51802,-14.012656211853027,-9.815673828125,-1.5240429639816284,-2.5323712825775146,0.2878977954387665,0.0013087224215269089,2.54868420291651,-0.28715983033180237,-0.2519267499446869,2.4997785091400146,0
1780882664.1864517,51813,-14.030234336853027,-9.813486099243164,-1.5240380764007568,-2.526177167892456,0.33636289834976196,-0.00019679545948747545,2.5484723113457313,-0.2855677902698517,-0.25403010845184326,2.49943470954895,0
1780882664.1975138,51820,-14.057499885559082,-9.809736251831055,-1.5240429639816284,-2.523279905319214,0.35751235485076904,-0.0008639621664769948,2.5484813734632845,-0.2810831069946289,-0.25921759009361267,2.4985015392303467,0
1780882664.2087083,51834,-14.092460632324219,-9.80419921875,-1.524072289466858,-2.51535701751709,0.4118275046348572,-0.002625694265589118,2.5488487035162795,-0.27906808257102966,-0.26112186908721924,2.498102903366089,0
1780882664.220042,51834,-14.092460632324219,-9.80419921875,-1.524072289466858,-2.51535701751709,0.4118275046348572,-0.002625694265589118,2.5488487035162795,-0.2768619656562805,-0.26296767592430115,2.4976887702941895,0
1780882664.2301388,51855,-14.14378833770752,-9.794677734375,-1.5241601467132568,-2.502296209335327,0.49132034182548523,-0.005215144250541925,2.5500802331054238,-0.27456364035606384,-0.26472771167755127,2.4972543716430664,0
1780882664.2412689,51868,-14.178437232971191,-9.787304878234863,-1.5242528915405273,-2.4925625324249268,0.5447878837585449,-0.006962857209146023,2.551413392165055,-0.2681252360343933,-0.2694813013076782,2.495884656906128,0
1780882664.2510455,51868,-14.178437232971191,-9.787304878234863,-1.5242528915405273,-2.4925625324249268,0.5447878837585449,-0.006962857209146023,2.551413392165055,-0.2660761773586273,-0.2709735333919525,2.4953997135162354,0
1780882664.2622237,51888,-14.227069854736328,-9.775653839111328,-1.5244189500808716,-2.4777400493621826,0.6194571256637573,-0.009042524732649326,2.554017355070724,-0.2641049027442932,-0.2724268436431885,2.4949116706848145,0
1780882664.2730997,51895,-14.244257926940918,-9.771171569824219,-1.5244872570037842,-2.472195863723755,0.645675539970398,-0.009596467018127441,2.555140188660524,-0.2601640522480011,-0.274892657995224,2.4939956665039062,0
1780882664.2830966,51902,-14.261366844177246,-9.76650333404541,-1.5245556831359863,-2.4664907455444336,0.6717537045478821,-0.010085945017635822,2.556351181609647,-0.25534847378730774,-0.27737078070640564,2.4929656982421875,0
1780882664.2938967,51922,-14.309179306030273,-9.752470016479492,-1.5247656106948853,-2.4496240615844727,0.744045078754425,-0.010990495793521404,2.560152712888447,-0.25280460715293884,-0.2785281836986542,2.4924428462982178,0
1780882664.305042,51929,-14.326132774353027,-9.7471284866333,-1.524843692779541,-2.4433040618896484,0.7695136666297913,-0.01120102871209383,2.5616423413546023,-0.24508625268936157,-0.2814835011959076,2.4909629821777344,0
1780882664.3156333,51935,-14.343046188354492,-9.74161148071289,-1.5249218940734863,-2.4368159770965576,0.7948200702667236,-0.011380910873413086,2.5631895317093036,-0.24208864569664001,-0.2824598252773285,2.4904351234436035,0
1780882664.3253133,51947,-14.3599214553833,-9.735918045043945,-1.524999976158142,-2.4244563579559326,0.8407513499259949,-0.011420641094446182,2.56612195639224,-0.23913943767547607,-0.2833894193172455,2.4899065494537354,0
1780882664.337473,51961,-14.404804229736328,-9.71988296508789,-1.5252147912979126,-2.4115469455718994,0.8861026763916016,-0.011287507601082325,2.5692146721582767,-0.23439523577690125,-0.2848513126373291,2.4890239238739014,0
1780882664.3471406,51968,-14.421483993530273,-9.713554382324219,-1.525292992591858,-2.404306173324585,0.9105778932571411,-0.011193075217306614,2.570985328567268,-0.23170603811740875,-0.2856762111186981,2.4885003566741943,0
1780882664.3568602,51984,-14.438124656677246,-9.707059860229492,-1.5253710746765137,-2.388190746307373,0.9628100395202637,-0.010802345350384712,2.5749902725280824,-0.2289496660232544,-0.2864719331264496,2.4879791736602783,0
1780882664.3679678,51991,-14.476445198059082,-9.691367149353027,-1.52554190158844,-2.379262685775757,0.9905380010604858,-0.0105736730620265,2.5772404354331773,-0.21981388330459595,-0.2888801097869873,2.486269474029541,0
1780882664.37896,52006,-14.5093355178833,-9.677119255065918,-1.5256835222244263,-2.3633227348327637,1.0379210710525513,-0.010180615819990635,2.581216407752508,-0.21681728959083557,-0.2895539700984955,2.4857587814331055,0
1780882664.3884413,52013,-14.529569625854492,-9.668007850646973,-1.5257714986801147,-2.353100299835205,1.0668390989303589,-0.009884710423648357,2.5836649147269912,-0.20985741913318634,-0.29094839096069336,2.4846251010894775,0
1780882664.3995814,52027,-14.5620698928833,-9.652714729309082,-1.525903344154358,-2.3361282348632812,1.113006353378296,-0.009293803945183754,2.5877334961656415,-0.20663867890834808,-0.29151856899261475,2.484125852584839,0
1780882664.4102747,52034,-14.578242301940918,-9.644824028015137,-1.525966763496399,-2.3274030685424805,1.1357954740524292,-0.008947710506618023,2.5897715080412493,-0.20343276858329773,-0.29205310344696045,2.4836301803588867,0
1780882664.4213743,52048,-14.594335556030273,-9.6367769241333,-1.526025414466858,-2.3093271255493164,1.1811854839324951,-0.008226961828768253,2.593888702923015,-0.20025615394115448,-0.29255732893943787,2.4831416606903076,0
1780882664.4323378,52055,-14.626874923706055,-9.619940757751465,-1.5261377096176147,-2.2999706268310547,1.2037869691848755,-0.007876657880842686,2.595964174098771,-0.1905861794948578,-0.29393959045410156,2.4817018508911133,0
1780882664.441938,52069,-14.658632278442383,-9.602763175964355,-1.5262402296066284,-2.281095504760742,1.2476975917816162,-0.00717723835259676,2.6000379795548527,-0.18752676248550415,-0.2943607270717621,2.4812402725219727,0
1780882664.4532375,52081,-14.674413681030273,-9.593945503234863,-1.5262889862060547,-2.2630341053009033,1.2878118753433228,-0.006577720399945974,2.6038099113483697,-0.1844838261604309,-0.2947673499584198,2.4807848930358887,0
1780882664.4630198,52088,-14.701250076293945,-9.578544616699219,-1.5263671875,-2.2545323371887207,1.3060837984085083,-0.006287259981036186,2.605534585748748,-0.1814430058002472,-0.2951620817184448,2.4803340435028076,0
1780882664.4743536,52102,-14.732343673706055,-9.55996036529541,-1.5264452695846558,-2.2342488765716553,1.3482900857925415,-0.005537929479032755,2.6095564501598885,-0.17293260991573334,-0.296140193939209,2.4791359901428223,0
1780882664.48425,52102,-14.732343673706055,-9.55996036529541,-1.5264452695846558,-2.2342488765716553,1.3482900857925415,-0.005537929479032755,2.6095564501598885,-0.16968834400177002,-0.29646313190460205,2.4787046909332275,0
1780882664.4953938,52121,-14.775741577148438,-9.532753944396973,-1.5265380144119263,-2.2045605182647705,1.4065476655960083,-0.004388160537928343,2.6150492672678887,-0.16039013862609863,-0.29727575182914734,2.4775211811065674,0
1780882664.5065715,52128,-14.790976524353027,-9.522841453552246,-1.5265673398971558,-2.1937642097473145,1.4268020391464233,-0.003927111625671387,2.6169411321400355,-0.15719328820705414,-0.2975275218486786,2.4771180152893066,0
1780882664.5177896,52135,-14.806132316589355,-9.512792587280273,-1.5265917778015137,-2.1828250885009766,1.4468566179275513,-0.0034236335195600986,2.6188033834361306,-0.1539851576089859,-0.2977602183818817,2.4767234325408936,0
1780882664.528764,52155,-14.848671913146973,-9.483583450317383,-1.526635766029358,-2.151026725769043,1.5026283264160156,-0.0018831396009773016,2.6238924155794274,-0.14508862793445587,-0.29833945631980896,2.4756603240966797,0
1780882664.5395875,52162,-14.86351490020752,-9.473017692565918,-1.5266454219818115,-2.1395387649536133,1.5219619274139404,-0.0013316774275153875,2.6256420183645677,-0.14212936162948608,-0.2985215187072754,2.4753036499023438,0
1780882664.5492508,52169,-14.878280639648438,-9.46231460571289,-1.526650309562683,-2.1279079914093018,1.5411385297775269,-0.000830693228635937,2.627375321098919,-0.1392056792974472,-0.2986970841884613,2.4749536514282227,0
1780882664.5605674,52188,-14.91820240020752,-9.43246078491211,-1.5266454219818115,-2.0954859256744385,1.592550277709961,0.0005993986269459128,2.6319722663836043,-0.1362464278936386,-0.2988627851009369,2.4746105670928955,0
1780882664.5706756,52195,-14.932656288146973,-9.421269416809082,-1.526635766029358,-2.0833518505096436,1.6110844612121582,0.001095623942092061,2.633619045073347,-0.13106228411197662,-0.2991257905960083,2.474034309387207,0
1780882664.5821514,52202,-14.947031021118164,-9.409951210021973,-1.5266259908676147,-2.0710771083831787,1.6294476985931396,0.001572508830577135,2.6352348404085983,-0.12496362626552582,-0.2993963658809662,2.47339129447937,0
1780882664.5916083,52214,-14.96132755279541,-9.398505210876465,-1.526611328125,-2.0471997261047363,1.664079189300537,0.0024275921750813723,2.638217610438951,-0.12180191278457642,-0.2995191812515259,2.473078489303589,0
1780882664.6024318,52228,-15.001249313354492,-9.365517616271973,-1.526552677154541,-2.0227952003479004,1.6980456113815308,0.0032558345701545477,2.6410357667667674,-0.1159658208489418,-0.2997218370437622,2.4725229740142822,0
1780882664.612585,52235,-15.0151948928833,-9.35360336303711,-1.526528239250183,-2.0098249912261963,1.7155475616455078,0.0036628006491810083,2.6424445779871757,-0.11275940388441086,-0.29982221126556396,2.4722280502319336,0
1780882664.6237319,52246,-15.029062271118164,-9.341571807861328,-1.5264990329742432,-1.9862312078475952,1.746422529220581,0.004365806467831135,2.644829885240834,-0.10641149431467056,-0.30000385642051697,2.471653699874878,0
1780882664.635989,52260,-15.064453125,-9.309989929199219,-1.5264159440994263,-1.9621682167053223,1.7767257690429688,0.005004300735890865,2.6470518718105485,-0.09802570194005966,-0.30020448565483093,2.4709463119506836,0
1780882664.6476178,52267,-15.07796859741211,-9.297538757324219,-1.5263769626617432,-1.9485288858413696,1.7934046983718872,0.005333166103810072,2.6482246267568126,-0.09473562240600586,-0.3002724349498749,2.4706828594207764,0
1780882664.6556141,52282,-15.091601371765137,-9.284794807434082,-1.5263378620147705,-1.920249104499817,1.8268582820892334,0.0061147878877818584,2.6504349071051125,-0.09473562240600586,-0.3002724349498749,2.4706828594207764,0
1780882664.6668763,52288,-15.118906021118164,-9.258584022521973,-1.5262451171875,-1.905782699584961,1.8434138298034668,0.006511621177196503,2.6514570800143797,-0.09144501388072968,-0.3003354072570801,2.4704222679138184,0
1780882664.6781511,52302,-15.1450777053833,-9.232656478881836,-1.526147484779358,-1.8771626949310303,1.8750947713851929,0.007075624540448189,2.6532565366695047,-0.07774727791547775,-0.3005317449569702,2.4694457054138184,0
1780882664.689315,52315,-15.158007621765137,-9.219531059265137,-1.5260937213897705,-1.8495265245437622,1.9042887687683105,0.007694744970649481,2.654641838167292,-0.07416849583387375,-0.300569623708725,2.469219446182251,0
1780882664.7005184,52322,-15.180819511413574,-9.195868492126465,-1.5259960889816284,-1.8363027572631836,1.9177918434143066,0.00799650140106678,2.6551831038618547,-0.06780461221933365,-0.3006281852722168,2.4688313007354736,0
1780882664.7117894,52335,-15.206015586853027,-9.168925285339355,-1.52587890625,-1.8061985969543457,1.9475339651107788,0.00864611566066742,2.6561846080827998,-0.06424399465322495,-0.3006555736064911,2.4686224460601807,0
1780882664.7232542,52348,-15.218437194824219,-9.155303001403809,-1.5258153676986694,-1.7774468660354614,1.9746500253677368,0.009316539391875267,2.656811412609169,-0.05727821961045265,-0.3007011115550995,2.4682202339172363,0
1780882664.7325985,52355,-15.239921569824219,-9.131278991699219,-1.525698184967041,-1.763866901397705,1.9870623350143433,0.009632544592022896,2.657016363328294,-0.051679160445928574,-0.30073246359825134,2.4678845405578613,0
1780882664.745035,52368,-15.264101028442383,-9.103388786315918,-1.5255565643310547,-1.7323598861694336,2.0150349140167236,0.010260133072733879,2.657356157959642,-0.04517146944999695,-0.3007589280605316,2.467517852783203,0
1780882664.7543378,52381,-15.276015281677246,-9.089296340942383,-1.5254833698272705,-1.7019752264022827,2.040856122970581,0.010855202563107014,2.657429438644853,-0.04517146944999695,-0.3007589280605316,2.467517852783203,0
1780882664.7669868,52388,-15.297069549560547,-9.06386661529541,-1.5253466367721558,-1.6874494552612305,2.052814245223999,0.01115731243044138,2.657377744144906,-0.04182920604944229,-0.30076858401298523,2.4673407077789307,0
1780882664.776562,52402,-15.32015609741211,-9.035087585449219,-1.525185465812683,-1.6545466184616089,2.079099178314209,0.011648926883935928,2.65712506356534,-0.029382120817899704,-0.30078789591789246,2.466707706451416,0
1780882664.7876842,52414,-15.331522941589355,-9.020556449890137,-1.5251024961471558,-1.62265145778656,2.10343337059021,0.01209712028503418,2.6566098769462805,-0.029382120817899704,-0.30078789591789246,2.466707706451416,0
1780882664.7977004,52421,-15.35179615020752,-8.994062423706055,-1.5249462127685547,-1.6073142290115356,2.1147475242614746,0.01232082862406969,2.6562695505108223,-0.025928549468517303,-0.30078884959220886,2.4665489196777344,0
1780882664.8084774,52435,-15.373788833618164,-8.964433670043945,-1.5247704982757568,-1.5729879140853882,2.139275312423706,0.012753352522850037,2.6553629673181813,-0.0166319552809,-0.3007851541042328,2.466120958328247,0
1780882664.8187108,52435,-15.373788833618164,-8.964433670043945,-1.5247704982757568,-1.5729879140853882,2.139275312423706,0.012753352522850037,2.6553629673181813,-0.013335502706468105,-0.30078125,2.465975046157837,0
1780882664.8313,52454,-15.403281211853027,-8.923105239868164,-1.5245214700698853,-1.5247689485549927,2.1718599796295166,0.013280549086630344,2.6536903531832543,-0.004249341785907745,-0.3007650375366211,2.4655914306640625,0
1780882664.8411355,52468,-15.424100875854492,-8.892695426940918,-1.5243358612060547,-1.4890855550765991,2.194694995880127,0.013646917417645454,2.6522157064677185,-0.0009832283249124885,-0.30075713992118835,2.465459108352661,0
1780882664.8524942,52468,-15.424100875854492,-8.892695426940918,-1.5243358612060547,-1.4890855550765991,2.194694995880127,0.013646917417645454,2.6522157064677185,0.0021314299665391445,-0.30074891448020935,2.4653313159942627,0
1780882664.8608446,52488,-15.452421188354492,-8.849609375,-1.5240625143051147,-1.4382222890853882,2.2255280017852783,0.01411355473101139,2.6498410201330067,0.005108228884637356,-0.3007398545742035,2.465207815170288,0
1780882664.8722463,52494,-15.462265014648438,-8.834081649780273,-1.523964762687683,-1.4198079109191895,2.236243486404419,0.014221052639186382,2.6489321759405375,0.013699699193239212,-0.30071112513542175,2.4648823738098145,0
1780882664.8836935,52501,-15.471991539001465,-8.818476676940918,-1.523867130279541,-1.4012466669082642,2.2467973232269287,0.014271397143602371,2.647979249533055,0.017101168632507324,-0.3006996810436249,2.464773178100586,0
1780882664.893571,52521,-15.499296188354492,-8.773124694824219,-1.523584008216858,-1.3469431400299072,2.276123523712158,0.014441866427659988,2.6448445483951213,0.020706480368971825,-0.30068743228912354,2.4646661281585693,0
1780882664.9050014,52528,-15.508515357971191,-8.757246017456055,-1.5234813690185547,-1.3278226852416992,2.2859256267547607,0.014537100680172443,2.643630152232496,0.02731563337147236,-0.30066347122192383,2.464472770690918,0
1780882664.9145188,52535,-15.517617225646973,-8.741308212280273,-1.523378849029541,-1.308565616607666,2.295544147491455,0.01464027352631092,2.6423628145391005,0.03387586772441864,-0.30063745379447937,2.464277744293213,0
1780882664.9254866,52547,-15.526561737060547,-8.725293159484863,-1.5232763290405273,-1.2731096744537354,2.3126161098480225,0.014799050986766815,2.6399281290645784,0.0370996817946434,-0.30062398314476013,2.464183807373047,0
1780882664.9356513,52561,-15.549609184265137,-8.6826753616333,-1.5230077505111694,-1.2372280359268188,2.3290998935699463,0.014956564642488956,2.637359138596178,0.04239681735634804,-0.30060192942619324,2.464033603668213,0
1780882664.94698,52568,-15.558046340942383,-8.666435241699219,-1.5229052305221558,-1.217354416847229,2.3379037380218506,0.015051831491291523,2.6359006472371527,0.04564761742949486,-0.3005877733230591,2.463945150375366,0
1780882664.9566593,52581,-15.566367149353027,-8.650136947631836,-1.5227978229522705,-1.1782389879226685,2.354557752609253,0.015220284461975098,2.632949103209645,0.04886482656002045,-0.30057382583618164,2.4638590812683105,0
1780882664.967888,52595,-15.58968734741211,-8.602587699890137,-1.522485375404358,-1.13862144947052,2.370542049407959,0.015378808602690697,2.629860247419941,0.05827103182673454,-0.30053266882896423,2.4636220932006836,0
1780882664.977794,52602,-15.597460746765137,-8.586073875427246,-1.522377848625183,-1.1181013584136963,2.3784804344177246,0.0154667804017663,2.628223553256168,0.06486526131629944,-0.300504207611084,2.4634687900543213,0
1780882664.9888396,52615,-15.605077743530273,-8.569501876831055,-1.5222704410552979,-1.0781646966934204,2.393272638320923,0.015610074624419212,2.624964134795252,0.06486526131629944,-0.300504207611084,2.4634687900543213,0
1780882665.0000408,52621,-15.618866920471191,-8.5386323928833,-1.5220654010772705,-1.0587643384933472,2.4001500606536865,0.015660662204027176,2.623346621104771,0.07440591603517532,-0.30046436190605164,2.4632627964019775,0
1780882665.0112097,52635,-15.633124351501465,-8.505146026611328,-1.5218505859375,-1.0165503025054932,2.4144468307495117,0.015811672434210777,2.619766788289663,0.07778856158256531,-0.3004506826400757,2.463195323944092,0
1780882665.0210764,52648,-15.64003849029541,-8.488329887390137,-1.5217382907867432,-0.9763990044593811,2.42720365524292,0.015963081270456314,2.6162812195743617,0.08113738149404526,-0.30043697357177734,2.4631292819976807,0
1780882665.030905,52654,-15.651874542236328,-8.458662033081055,-1.5215429067611694,-0.9574562907218933,2.4329521656036377,0.01603485457599163,2.614619648308264,0.08442742377519608,-0.3004234731197357,2.4630656242370605,0
1780882665.0420065,52668,-15.664687156677246,-8.424736022949219,-1.5213183164596558,-0.9139947295188904,2.4455618858337402,0.016129670664668083,2.6108273534086353,0.09654530882835388,-0.300373911857605,2.462838649749756,0
1780882665.0531857,52681,-15.6708984375,-8.40771484375,-1.521206021308899,-0.8920636773109436,2.45160174369812,0.01615358702838421,2.608905834340341,0.09654530882835388,-0.300373911857605,2.462838649749756,0
1780882665.064059,52688,-15.68187427520752,-8.37630844116211,-1.5210009813308716,-0.8513919115066528,2.462197780609131,0.016244148835539818,2.605292684169453,0.1000015139579773,-0.3003610372543335,2.462782382965088,0
1780882665.0737221,52702,-15.69320297241211,-8.341992378234863,-1.520776391029358,-0.8066576719284058,2.473052501678467,0.01631276123225689,2.6013364607290037,0.10935068130493164,-0.3003256022930145,2.462629556655884,0
1780882665.0850618,52702,-15.69320297241211,-8.341992378234863,-1.520776391029358,-0.8066576719284058,2.473052501678467,0.01631276123225689,2.6013364607290037,0.11255015432834625,-0.3003135919570923,2.462578773498535,0
1780882665.095007,52721,-15.707812309265137,-8.29457950592041,-1.5204687118530273,-0.74429851770401,2.4868240356445312,0.01633688434958458,2.5958699816258113,0.12133031338453293,-0.30028149485588074,2.46244478225708,0
1780882665.1062455,52728,-15.712812423706055,-8.277275085449219,-1.5203564167022705,-0.7213864922523499,2.491513252258301,0.01631329581141472,2.593897237941996,0.12457767874002457,-0.3002706468105316,2.4623987674713135,0
1780882665.1175256,52735,-15.717656135559082,-8.259941101074219,-1.5202441215515137,-0.6983388066291809,2.496027708053589,0.016257286071777344,2.5919289549611384,0.12789694964885712,-0.30025991797447205,2.4623537063598633,0
1780882665.1282432,52754,-15.73031234741211,-8.21158218383789,-1.519936442375183,-0.6335471868515015,2.507601499557495,0.01608090288937092,2.586446580540218,0.13127583265304565,-0.30024921894073486,2.462310314178467,0
1780882665.1382852,52761,-15.734530448913574,-8.194140434265137,-1.5198241472244263,-0.6100130677223206,2.511429786682129,0.01601307839155197,2.5845022605727808,0.14019621908664703,-0.30022192001342773,2.462195634841919,0
1780882665.14964,52768,-15.738593101501465,-8.17667007446289,-1.5197118520736694,-0.5863575339317322,2.515087366104126,0.015937136486172676,2.582582740021018,0.14321482181549072,-0.3002122640609741,2.4621567726135254,0
1780882665.159036,52781,-15.742499351501465,-8.1591796875,-1.5195995569229126,-0.5407538414001465,2.521624803543091,0.015750760212540627,2.5790026082344353,0.14616569876670837,-0.3002028465270996,2.4621193408966064,0
1780882665.1702492,52795,-15.752655982971191,-8.109609603881836,-1.5192968845367432,-0.4947146475315094,2.5275745391845703,0.015470637939870358,2.5755805120893784,0.1515602320432663,-0.30018600821495056,2.4620513916015625,0
1780882665.1814082,52802,-15.755937576293945,-8.092041015625,-1.519189476966858,-0.4704829156398773,2.5304503440856934,0.015280298888683319,2.5738621962580925,0.15769052505493164,-0.3001680076122284,2.4619805812835693,0
1780882665.1922169,52814,-15.75902271270752,-8.074453353881836,-1.5190868377685547,-0.4241664409637451,2.535414457321167,0.014874371699988842,2.5706934642167094,0.15769052505493164,-0.3001680076122284,2.4619805812835693,0
1780882665.2034345,52828,-15.766796112060547,-8.025224685668945,-1.518798828125,-0.3774004280567169,2.5397250652313232,0.014462275430560112,2.5676533347537926,0.16682404279708862,-0.3001447916030884,2.461887836456299,0
1780882665.213279,52835,-15.769257545471191,-8.007577896118164,-1.518701195716858,-0.35257378220558167,2.5417444705963135,0.014244341291487217,2.5661208324949376,0.17313537001609802,-0.3001292645931244,2.461825370788574,0
1780882665.2246966,52847,-15.771523475646973,-7.989912033081055,-1.5186034440994263,-0.30516815185546875,2.5450923442840576,0.013766822405159473,2.5633595470084445,0.17620429396629333,-0.30012187361717224,2.46179461479187,0
1780882665.2341363,52861,-15.776991844177246,-7.94054651260376,-1.51833975315094,-0.25732386112213135,2.5478265285491943,0.013216347433626652,2.5608221845573986,0.181732639670372,-0.3001088798046112,2.461742401123047,0
1780882665.2454703,52868,-15.778593063354492,-7.922832012176514,-1.518251895904541,-0.23189809918403625,2.549025774002075,0.012904495932161808,2.559585054446777,0.1848015934228897,-0.3001021146774292,2.461714506149292,0
1780882665.2564182,52881,-15.780038833618164,-7.905126571655273,-1.518164038658142,-0.18315955996513367,2.550825357437134,0.012231840752065182,2.5574219531549907,0.18784815073013306,-0.3000955283641815,2.461686849594116,0
1780882665.2677133,52888,-15.782187461853027,-7.873095512390137,-1.5180126428604126,-0.15986311435699463,2.5514492988586426,0.01191026158630848,2.556480313694833,0.19101406633853912,-0.3000889718532562,2.461660146713257,0
1780882665.2772624,52902,-15.783866882324219,-7.837646484375,-1.5178563594818115,-0.10798940062522888,2.5523247718811035,0.011189699172973633,2.554632784016698,0.2030980885028839,-0.3000660836696625,2.461564540863037,0
1780882665.288582,52915,-15.784452438354492,-7.819921493530273,-1.5177831649780273,-0.05721041560173035,2.552489757537842,0.010446094907820225,2.5531521918772757,0.2030980885028839,-0.3000660836696625,2.461564540863037,0
1780882665.2993975,52922,-15.785038948059082,-7.786601543426514,-1.5176513195037842,-0.032436758279800415,2.5523228645324707,0.010048446245491505,2.5525487496568773,0.21225398778915405,-0.29991111159324646,2.4615285396575928,0
1780882665.3106742,52935,-15.784921646118164,-7.751162052154541,-1.517519474029541,0.020628171041607857,2.5514304637908936,0.0091664744541049,2.55153031674222,0.2154206782579422,-0.2997910678386688,2.4615325927734375,0
1780882665.3204043,52948,-15.784608840942383,-7.733447074890137,-1.5174609422683716,0.04733404889702797,2.5507071018218994,0.00868966057896614,2.5511610575717554,0.22155071794986725,-0.29938066005706787,2.461583137512207,0
1780882665.331572,52955,-15.783514976501465,-7.701132774353027,-1.517358422279358,0.09635691344738007,2.548898220062256,0.0077767036855220795,2.5507307321875143,0.22693146765232086,-0.29885074496269226,2.4616708755493164,0
1780882665.3411403,52969,-15.781600952148438,-7.665751934051514,-1.5172606706619263,0.15042205154895782,2.546234369277954,0.006692109163850546,2.5506824657745146,0.22978515923023224,-0.2984564006328583,2.461744546890259,0
1780882665.3519144,52980,-15.780351638793945,-7.648076057434082,-1.5172168016433716,0.19818559288978577,2.5432846546173096,0.005651555024087429,2.5510010395362746,0.23249973356723785,-0.29797133803367615,2.4618427753448486,0
1780882665.3643749,52986,-15.77816390991211,-7.621337890625,-1.5171581506729126,0.21882590651512146,2.541836977005005,0.005183429457247257,2.5512441794099296,0.2350984662771225,-0.29741212725639343,2.4619600772857666,0
1780882665.3740296,53000,-15.774531364440918,-7.586073875427246,-1.5171045064926147,0.27346694469451904,2.537564277648926,0.003845582017675042,2.5522600615026527,0.24342744052410126,-0.2942781448364258,2.462676525115967,0
1780882665.3836927,53000,-15.774531364440918,-7.586073875427246,-1.5171045064926147,0.27346694469451904,2.537564277648926,0.003845582017675042,2.5522600615026527,0.24342744052410126,-0.2942781448364258,2.462676525115967,0
1780882665.3943944,53020,-15.768163681030273,-7.536386489868164,-1.5170605182647705,0.35071349143981934,2.5302484035491943,0.0017932414775714278,2.554439302950092,0.2456037700176239,-0.29300904273986816,2.4629786014556885,0
1780882665.4057295,53027,-15.765507698059082,-7.518661975860596,-1.517055630683899,0.3783171474933624,2.527285575866699,0.001008849125355482,2.555444631340688,0.25126326084136963,-0.2893049418926239,2.4638590812683105,0
1780882665.415346,53034,-15.762656211853027,-7.50100564956665,-1.517055630683899,0.4058302342891693,2.5241506099700928,0.00020886420679744333,2.556566941134116,0.25313884019851685,-0.287990540266037,2.464167833328247,0
1780882665.4262807,53048,-15.759648323059082,-7.483495712280273,-1.5170605182647705,0.45968422293663025,2.5175018310546875,-0.0014000796945765615,2.559126220881594,0.25496581196784973,-0.2867201566696167,2.4644615650177,0
1780882665.43761,53061,-15.749687194824219,-7.432050704956055,-1.5171045064926147,0.5134180188179016,2.5102009773254395,-0.0030503319576382637,2.562170235003432,0.25826749205589294,-0.28398609161376953,2.46509051322937,0
1780882665.4470332,53068,-15.74593734741211,-7.414648056030273,-1.5171337127685547,0.5405758023262024,2.506253242492676,-0.0038996790535748005,2.563892104021226,0.26139482855796814,-0.280814528465271,2.465813398361206,0
1780882665.4597096,53083,-15.741991996765137,-7.397275447845459,-1.5171679258346558,0.595933735370636,2.4976561069488525,-0.005659279879182577,2.5677723950888733,0.2628580331802368,-0.27906155586242676,2.466212034225464,0
1780882665.4694302,53097,-15.728593826293945,-7.343769550323486,-1.517309546470642,0.6509100794792175,2.488323450088501,-0.007425918243825436,2.572060004760726,0.2656346261501312,-0.2746916711330414,2.4672183990478516,0
1780882665.479093,53104,-15.723905563354492,-7.326523303985596,-1.5173680782318115,0.6776145100593567,2.4834845066070557,-0.008288412354886532,2.574281534055597,0.26687130331993103,-0.2724559009075165,2.4677295684814453,0
1780882665.4899318,53111,-15.718476295471191,-7.307548522949219,-1.5174365043640137,0.7068997621536255,2.4779579639434814,-0.00915413349866867,2.5768326959591086,0.2680765986442566,-0.2702265679836273,2.4682328701019287,0
1780882665.4997857,53125,-15.708125114440918,-7.273241996765137,-1.517578125,0.7595068216323853,2.4673874378204346,-0.010407027788460255,2.581658321050175,0.2704686224460602,-0.26539692282676697,2.4693048000335693,0
1780882665.5124338,53135,-15.702655792236328,-7.256142616271973,-1.5176562070846558,0.7855704426765442,2.4618449211120605,-0.010913806036114693,2.584167263776566,0.2725851833820343,-0.2605609595775604,2.4703614711761475,0
1780882665.525048,53148,-15.697031021118164,-7.239081859588623,-1.5177342891693115,0.8401240110397339,2.4495675563812256,-0.011577491648495197,2.5896570439951794,0.2725851833820343,-0.2605609595775604,2.4703614711761475,0
1780882665.5348032,53162,-15.67757797241211,-7.184228420257568,-1.5179979801177979,0.8938482403755188,2.436504364013672,-0.011884250678122044,2.5953148996016377,0.275615394115448,-0.251840204000473,2.4722447395324707,0
1780882665.5456562,53169,-15.671210289001465,-7.16735315322876,-1.5180810689926147,0.918974757194519,2.4300496578216553,-0.01201409287750721,2.598037775373472,0.2764853239059448,-0.24910806119441986,2.4728143215179443,0
1780882665.555496,53182,-15.664648056030273,-7.150527000427246,-1.518164038658142,0.9670941233634949,2.417074680328369,-0.012012515217065811,2.603394967009527,0.2773491442203522,-0.24644041061401367,2.473356008529663,0
1780882665.566624,53189,-15.6519136428833,-7.119130611419678,-1.5183203220367432,0.990128219127655,2.4105734825134277,-0.0119476318359375,2.606024011941621,0.27967533469200134,-0.238678440451622,2.474884271621704,0
1780882665.5779335,53202,-15.637656211853027,-7.085800647735596,-1.5184862613677979,1.038827657699585,2.396193265914917,-0.011786279268562794,2.611712845317532,0.2804151475429535,-0.2357008308172226,2.475475549697876,0
1780882665.5875041,53214,-15.63027286529541,-7.06920862197876,-1.5185693502426147,1.0835188627243042,2.382120370864868,-0.011407241225242615,2.6169907742139857,0.28112441301345825,-0.23253975808620453,2.476111650466919,0
1780882665.5982673,53221,-15.617109298706055,-7.040566444396973,-1.51870596408844,1.1040278673171997,2.3753716945648193,-0.01118790078908205,2.619426156293926,0.28180551528930664,-0.2293923944234848,2.476731300354004,0
1780882665.6095765,53235,-15.601288795471191,-7.007734298706055,-1.5188573598861694,1.150821566581726,2.3593409061431885,-0.01061218697577715,2.625069981547652,0.28355398774147034,-0.22109471261501312,2.4782731533050537,0
1780882665.6194093,53235,-15.601288795471191,-7.007734298706055,-1.5188573598861694,1.150821566581726,2.3593409061431885,-0.01061218697577715,2.625069981547652,0.28414833545684814,-0.21803246438503265,2.47882080078125,0
1780882665.6308458,53255,-15.5776948928833,-6.961474418640137,-1.5190576314926147,1.2159851789474487,2.335383892059326,-0.009674983099102974,2.633008067592652,0.2847244441509247,-0.214902862906456,2.479377031326294,0
1780882665.640451,53262,-15.569101333618164,-6.9453125,-1.5191210508346558,1.2385374307632446,2.3266398906707764,-0.009298396296799183,2.635775902544796,0.2862641513347626,-0.20605717599391937,2.4808743000030518,0
1780882665.6527798,53269,-15.560351371765137,-6.929218769073486,-1.5191845893859863,1.260886788368225,2.3177318572998047,-0.008886313065886497,2.638521446186073,0.28677472472190857,-0.20298266410827637,2.481365203857422,0
1780882665.662476,53288,-15.535780906677246,-6.885751724243164,-1.5193407535552979,1.320717453956604,2.292660713195801,-0.007781181018799543,2.6458738227275953,0.28727614879608154,-0.19996440410614014,2.4818274974823,0
1780882665.6726818,53295,-15.526445388793945,-6.869892597198486,-1.5193896293640137,1.3423560857772827,2.2831506729125977,-0.007337617687880993,2.6485374637482266,0.2885332405567169,-0.19131362438201904,2.4831597805023193,0
1780882665.683836,53302,-15.51699161529541,-6.854101181030273,-1.51943838596344,1.3637930154800415,2.273477077484131,-0.006878165993839502,2.651165162732297,0.28896135091781616,-0.18808627128601074,2.4836413860321045,0
1780882665.6951442,53321,-15.489921569824219,-6.810546875,-1.519555687904358,1.422351598739624,2.2457029819488525,-0.005553946364670992,2.6582507029795654,0.28937792778015137,-0.18487226963043213,2.4841086864471436,0
1780882665.704713,53328,-15.47988224029541,-6.795019149780273,-1.5195897817611694,1.4430299997329712,2.2354183197021484,-0.005057558882981539,2.6607247552295163,0.2900722026824951,-0.17904864251613617,2.484941244125366,0
1780882665.716329,53335,-15.4697265625,-6.77957010269165,-1.519619107246399,1.4635077714920044,2.2249701023101807,-0.004565896932035685,2.6631499771523313,0.29079025983810425,-0.17239104211330414,2.4858672618865967,0
1780882665.726089,53353,-15.442538261413574,-6.739589691162109,-1.5196874141693115,1.5159562826156616,2.1969172954559326,-0.0033134459517896175,2.669190894784294,0.291135311126709,-0.16905367374420166,2.4863178730010986,0
1780882665.7361124,53360,-15.43187427520752,-6.724413871765137,-1.5197069644927979,1.5356987714767456,2.1858835220336914,-0.0028195190243422985,2.671416373069,0.29197344183921814,-0.16018687188625336,2.487492084503174,0
1780882665.7473073,53367,-15.421092987060547,-6.709316253662109,-1.5197216272354126,1.5552574396133423,2.174675941467285,-0.002399611519649625,2.6735831597324062,0.29226452112197876,-0.1565525382757187,2.487995147705078,0
1780882665.7589934,53381,-15.41015625,-6.694296836853027,-1.5197362899780273,1.5942444801330566,2.1514134407043457,-0.0013965320540592074,2.6777223914326536,0.29226452112197876,-0.1565525382757187,2.487995147705078,0
1780882665.7687588,53395,-15.375859260559082,-6.648808479309082,-1.5197558403015137,1.6323095560073853,2.127450466156006,-0.0003686189593281597,2.681507059185258,0.293073445558548,-0.14529693126678467,2.4894962310791016,0
1780882665.7799928,53402,-15.364413261413574,-6.634120941162109,-1.5197558403015137,1.650752067565918,2.1153860092163086,6.361007399391383e-05,2.6832518257903963,0.2933259904384613,-0.14174030721187592,2.4899275302886963,0
1780882665.7896078,53414,-15.352811813354492,-6.619511604309082,-1.519750952720642,1.6848349571228027,2.0922658443450928,0.000920257531106472,2.686307138625441,0.29382577538490295,-0.13473378121852875,2.4907331466674805,0
1780882665.800392,53428,-15.320195198059082,-6.579638481140137,-1.5197265148162842,1.718187928199768,2.068565845489502,0.0017296361038461328,2.6890774264379522,0.2942432165145874,-0.12844668328762054,2.4914498329162598,0
1780882665.8115907,53435,-15.308124542236328,-6.565361022949219,-1.5197118520736694,1.735633373260498,2.055722236633301,0.0021313761826604605,2.690431501326259,0.29446905851364136,-0.12480544298887253,2.4918644428253174,0
1780882665.82117,53447,-15.295937538146973,-6.551171779632568,-1.519692301750183,1.767966628074646,2.031012535095215,0.0029402589425444603,2.6927173191447658,0.29468876123428345,-0.12113379687070847,2.492281198501587,0
1780882665.8322442,53454,-15.274023056030273,-6.526171684265137,-1.5196533203125,1.7829099893569946,2.0191736221313477,0.0033074331004172564,2.6936668475469823,0.29490041732788086,-0.11745213717222214,2.4926912784576416,0
1780882665.8434703,53468,-15.248906135559082,-6.49840784072876,-1.5195995569229126,1.815956950187683,1.9920319318771362,0.003986635245382786,2.6955345955512584,0.2956157326698303,-0.1028139516711235,2.49438214302063,0
1780882665.8542805,53481,-15.23617172241211,-6.484667778015137,-1.519570231437683,1.8465741872787476,1.9654805660247803,0.004642524756491184,2.6968447559289306,0.2956157326698303,-0.1028139516711235,2.49438214302063,0
1780882665.8653278,53488,-15.212812423706055,-6.45999002456665,-1.5195116996765137,1.860817551612854,1.9526329040527344,0.0050101326778531075,2.6973027860826675,0.29609185457229614,-0.09164547175168991,2.4956448078155518,0
1780882665.8763025,53502,-15.186640739440918,-6.433173656463623,-1.519433617591858,1.8916009664535522,1.923844575881958,0.005873422604054213,2.6980301454082256,0.296255886554718,-0.08792972564697266,2.495997190475464,0
1780882665.8862271,53514,-15.1733980178833,-6.419911861419678,-1.5193896293640137,1.9066698551177979,1.9092172384262085,0.006338209845125675,2.698247685595739,0.29641488194465637,-0.08430027216672897,2.4963104724884033,0
1780882665.89774,53521,-15.1494140625,-6.396425724029541,-1.5193017721176147,1.9331183433532715,1.8826316595077515,0.007171959616243839,2.6983883952823664,0.2968367338180542,-0.07440125197172165,2.497051954269409,0
1780882665.906878,53528,-15.135897636413574,-6.383456707000732,-1.5192480087280273,1.9476350545883179,1.867568016052246,0.007599548902362585,2.6983606789282417,0.2969805896282196,-0.07082653045654297,2.4973044395446777,0
1780882665.918133,53535,-15.122264862060547,-6.370595455169678,-1.51919424533844,1.961954951286316,1.8523459434509277,0.008007301948964596,2.6982432881377654,0.2971206605434418,-0.06721328943967819,2.4975597858428955,0
1780882665.9295897,53554,-15.083632469177246,-6.335155963897705,-1.5190234184265137,2.0009706020355225,1.808854579925537,0.009000205434858799,2.6973911924720637,0.2972576916217804,-0.06356215476989746,2.497819662094116,0
1780882665.9408019,53561,-15.069647789001465,-6.322704792022705,-1.518959879875183,2.0145246982574463,1.793009877204895,0.009320340119302273,2.696902120653159,0.2974911332130432,-0.05678844079375267,2.498333692550659,0
1780882665.950654,53568,-15.055546760559082,-6.310361385345459,-1.5188915729522705,2.027862548828125,1.7770040035247803,0.009654621593654156,2.6963054272839555,0.2977314591407776,-0.04924857243895531,2.498889207839966,0
1780882665.96213,53587,-15.018007278442383,-6.278368949890137,-1.51870596408844,2.0620124340057373,1.7340524196624756,0.010486259125173092,2.6942425714404394,0.29802560806274414,-0.03983640298247337,2.499436616897583,0
1780882665.9718463,53594,-15.003593444824219,-6.266445159912109,-1.5186327695846558,2.0746359825134277,1.7174766063690186,0.010778002440929413,2.693317010435443,0.2981288731098175,-0.0363234244287014,2.4996163845062256,0
1780882665.9815853,53600,-14.98910140991211,-6.254638671875,-1.5185546875,2.0870654582977295,1.700753927230835,0.011080818250775337,2.692309219377248,0.29822733998298645,-0.032891035079956055,2.4997646808624268,0
1780882665.992854,53614,-14.974531173706055,-6.24294900894165,-1.5184764862060547,2.11126708984375,1.667013168334961,0.011564664542675018,2.6900772051235715,0.29822733998298645,-0.032891035079956055,2.4997646808624268,0
1780882666.004094,53628,-14.930546760559082,-6.208798885345459,-1.5182323455810547,2.1347217559814453,1.6326402425765991,0.011926097795367241,2.6875069058422354,0.2984938621520996,-0.022173522040247917,2.5003204345703125,0
1780882666.0132127,53635,-14.915624618530273,-6.197577953338623,-1.5181493759155273,2.1462061405181885,1.615126132965088,0.01209801621735096,2.686071403552246,0.29865920543670654,-0.01461243536323309,2.500781774520874,0
1780882666.0241776,53647,-14.90062427520752,-6.186484336853027,-1.51806640625,2.1668598651885986,1.5823719501495361,0.01238897256553173,2.68315786912109,0.29873859882354736,-0.010895252227783203,2.5009872913360596,0
1780882666.0364757,53661,-14.8599214553833,-6.157236099243164,-1.5178320407867432,2.1868438720703125,1.5490620136260986,0.01261045876890421,2.6799325115646444,0.2988666296005249,-0.004550933372229338,2.501344919204712,0
1780882666.0462441,53668,-14.844648361206055,-6.146591663360596,-1.5177440643310547,2.197406053543091,1.5307670831680298,0.012703685089945793,2.678059486022191,0.2990085184574127,0.0030940768774598837,2.501795768737793,0
1780882666.0577278,53681,-14.829296112060547,-6.136093616485596,-1.5176562070846558,2.217684507369995,1.4941216707229614,0.012915834784507751,2.6740775904863066,0.2990085184574127,0.0030940768774598837,2.501795768737793,0
1780882666.0675743,53688,-14.79906177520752,-6.115888595581055,-1.517480492591858,2.2274346351623535,1.4757659435272217,0.013010367751121521,2.671987919820121,0.29919371008872986,0.013897418044507504,2.502274990081787,0
1780882666.0785248,53702,-14.767929077148438,-6.095790863037109,-1.5172948837280273,2.246793746948242,1.4378424882888794,0.013186011463403702,2.667517016506697,0.29930558800697327,0.020911097526550293,2.50248646736145,0
1780882666.0881774,53715,-14.752264976501465,-6.0859375,-1.5172021389007568,2.264655351638794,1.4009318351745605,0.013336562551558018,2.662977981961639,0.29930558800697327,0.020911097526550293,2.50248646736145,0
1780882666.0993643,53722,-14.723359107971191,-6.068193435668945,-1.517031192779541,2.272956132888794,1.3830862045288086,0.013427600264549255,2.6607212051704234,0.2994541525840759,0.03079080395400524,2.502741575241089,0
1780882666.11075,53736,-14.691600799560547,-6.049384593963623,-1.516845703125,2.290539264678955,1.343795895576477,0.013612045906484127,2.6556624069708024,0.29950153827667236,0.034247636795043945,2.5028164386749268,0
1780882666.1205957,53736,-14.691600799560547,-6.049384593963623,-1.516845703125,2.290539264678955,1.343795895576477,0.013612045906484127,2.6556624069708024,0.2995462417602539,0.03771662339568138,2.5028913021087646,0
1780882666.1303415,53755,-14.646367073059082,-6.023769378662109,-1.5165722370147705,2.314107656478882,1.287368893623352,0.013921999372541904,2.6481326885391763,0.29958876967430115,0.04120337590575218,2.5029683113098145,0
1780882666.1415043,53769,-14.614062309265137,-6.006308555603027,-1.5163769721984863,2.3299272060394287,1.2467626333236694,0.01417351234704256,2.6425704792393185,0.29969722032546997,0.05101608857512474,2.503164529800415,0
1780882666.1515954,53769,-14.614062309265137,-6.006308555603027,-1.5163769721984863,2.3299272060394287,1.2467626333236694,0.01417351234704256,2.6425704792393185,0.29973122477531433,0.054440855979919434,2.5032155513763428,0
1780882666.1638348,53788,-14.568944931030273,-5.983066082000732,-1.5161035060882568,2.3506362438201904,1.1896389722824097,0.014540648087859154,2.634566959783155,0.2997625768184662,0.057800766080617905,2.503246545791626,0
1780882666.174383,53795,-14.55257797241211,-5.974951267242432,-1.5160009860992432,2.357787609100342,1.1687626838684082,0.014657974243164062,2.63161233410989,0.2998172640800476,0.063858263194561,2.5033328533172607,0
1780882666.1842473,53802,-14.536171913146973,-5.966982364654541,-1.51589834690094,2.364753246307373,1.1477562189102173,0.014797291718423367,2.628615836102822,0.29987597465515137,0.07081067562103271,2.5034589767456055,0
1780882666.1948352,53821,-14.490507125854492,-5.945683479309082,-1.5156103372573853,2.3830864429473877,1.0889246463775635,0.015191459096968174,2.620131420459216,0.29990077018737793,0.0741962194442749,2.503493547439575,0
1780882666.205416,53828,-14.473905563354492,-5.938271522521973,-1.5155029296875,2.3893930912017822,1.0674262046813965,0.015322084538638592,2.617027476546234,0.299956738948822,0.08339690417051315,2.503530979156494,0
1780882666.2155795,53835,-14.45726490020752,-5.931005954742432,-1.5153955221176147,2.395529270172119,1.0458017587661743,0.015451764687895775,2.6139052316259974,0.2999730706214905,0.08667051047086716,2.503526449203491,0
1780882666.2268121,53853,-14.414179801940918,-5.912949085235596,-1.515112280845642,2.4105539321899414,0.9894077777862549,0.015710778534412384,2.605752259771155,0.29998913407325745,0.08997320383787155,2.5035297870635986,0
1780882666.2364278,53860,-14.397382736206055,-5.906230449676514,-1.5150048732757568,2.416085958480835,0.9673258066177368,0.01579844020307064,2.6025833638194493,0.30002596974372864,0.0984959527850151,2.5035369396209717,0
1780882666.2473676,53867,-14.380585670471191,-5.899667739868164,-1.514892578125,2.421447515487671,0.945119321346283,0.015885185450315475,2.5994058823046977,0.300037682056427,0.10177742689847946,2.5035312175750732,0
1780882666.2585802,53886,-14.334413528442383,-5.882480144500732,-1.5145848989486694,2.435236930847168,0.883674144744873,0.016046475619077682,2.590659451342903,0.3000504970550537,0.10510968416929245,2.503542423248291,0
1780882666.268296,53893,-14.317461013793945,-5.876503944396973,-1.5144726037979126,2.4399638175964355,0.8609933257102966,0.016094688326120377,2.5874682562477482,0.3000692129135132,0.11085890978574753,2.5035488605499268,0
1780882666.2807071,53900,-14.300468444824219,-5.870683670043945,-1.5143603086471558,2.44452166557312,0.8381898999214172,0.016140302643179893,2.584281136245836,0.30008384585380554,0.11737560480833054,2.5035243034362793,0
1780882666.2903342,53914,-14.283475875854492,-5.86501932144165,-1.514248013496399,2.453263521194458,0.7915086150169373,0.016151294112205505,2.5778379810164487,0.3000938296318054,0.12071370333433151,2.503537654876709,0
1780882666.301693,53928,-14.231249809265137,-5.848701000213623,-1.5139013528823853,2.461294651031494,0.7443156838417053,0.016157370060682297,2.571427280133791,0.30011188983917236,0.12757335603237152,2.5035605430603027,0
1780882666.3127642,53935,-14.214139938354492,-5.843691349029541,-1.5137890577316284,2.4649910926818848,0.7208794355392456,0.01616227626800537,2.568289210108273,0.300118088722229,0.13086508214473724,2.5035605430603027,0
1780882666.32235,53948,-14.196991920471191,-5.838847637176514,-1.5136767625808716,2.4714889526367188,0.6764307022094727,0.016116756945848465,2.56243553826265,0.3001221716403961,0.13412213325500488,2.503549098968506,0
1780882666.3335264,53954,-14.166718482971191,-5.830693244934082,-1.5134813785552979,2.474329710006714,0.6554491519927979,0.01607397571206093,2.559722539136845,0.30012303590774536,0.137323260307312,2.5035202503204346,0
1780882666.342973,53968,-14.132304191589355,-5.822089672088623,-1.5132567882537842,2.4803144931793213,0.6075270175933838,0.015941500663757324,2.5536842392168846,0.30012527108192444,0.14942359924316406,2.5034284591674805,0
1780882666.3538082,53981,-14.11507797241211,-5.818037033081055,-1.5131444931030273,2.4854490756988525,0.5608837008476257,0.015749631449580193,2.5479983682607816,0.30012527108192444,0.14942359924316406,2.5034284591674805,0
1780882666.3649433,53988,-14.083046913146973,-5.810956954956055,-1.512939453125,2.48769474029541,0.5382729768753052,0.01562156155705452,2.5453107770394428,0.30013272166252136,0.158766970038414,2.503411054611206,0
1780882666.3774073,54002,-14.048437118530273,-5.803994178771973,-1.51272451877594,2.4920458793640137,0.4891261160373688,0.015295528806746006,2.539639930274849,0.3001408874988556,0.16214965283870697,2.5034401416778564,0
1780882666.3866396,54015,-14.031132698059082,-5.800771236419678,-1.5126171112060547,2.495534658432007,0.4420711398124695,0.014945887960493565,2.534431593801138,0.30014240741729736,0.165428027510643,2.5034375190734863,0
1780882666.397515,54021,-14.000039100646973,-5.79541015625,-1.5124316215515137,2.4969797134399414,0.4196856617927551,0.014763292856514454,2.5320469385185183,0.30011099576950073,0.17400072515010834,2.503248929977417,0
1780882666.407374,54035,-13.965351104736328,-5.790097713470459,-1.512231469154358,2.499779224395752,0.36938783526420593,0.014241022989153862,2.5269638601091193,0.3000970780849457,0.17702293395996094,2.503166913986206,0
1780882666.4201524,54035,-13.965351104736328,-5.790097713470459,-1.512231469154358,2.499779224395752,0.36938783526420593,0.014241022989153862,2.5269638601091193,0.3000843822956085,0.1800626516342163,2.5030901432037354,0
1780882666.4298255,54055,-13.916796684265137,-5.783847332000732,-1.5119677782058716,2.502620220184326,0.2983078062534332,0.013401484116911888,2.520372018874142,0.3000734746456146,0.183130145072937,2.503023147583008,0
1780882666.4398396,54062,-13.8994140625,-5.781952857971191,-1.5118749141693115,2.5033304691314697,0.2726607918739319,0.013076872564852238,2.5181696427570923,0.3000655174255371,0.18881426751613617,2.5029585361480713,0
1780882666.4508526,54069,-13.88199234008789,-5.780234336853027,-1.5117870569229126,2.5038769245147705,0.24684451520442963,0.01274805050343275,2.5160473724863954,0.30004724860191345,0.19500623643398285,2.5028460025787354,0
1780882666.4620433,54088,-13.833202362060547,-5.7763671875,-1.5115526914596558,2.504575729370117,0.17401336133480072,0.011708102189004421,2.5106408173471886,0.30002501606941223,0.19790434837341309,2.50273060798645,0
1780882666.4725683,54095,-13.81581974029541,-5.775341510772705,-1.511474609375,2.50455379486084,0.1478298306465149,0.011273784562945366,2.5089381156973927,0.29997530579566956,0.20296645164489746,2.5024755001068115,0
1780882666.4824383,54102,-13.798437118530273,-5.774501800537109,-1.5114012956619263,2.5043892860412598,0.12154266238212585,0.01081469003111124,2.5073602199001352,0.29991623759269714,0.20848391950130463,2.502168893814087,0
1780882666.4934747,54115,-13.781054496765137,-5.773837566375732,-1.511328101158142,2.5036730766296387,0.07129551470279694,0.009833741001784801,2.5047072937808417,0.29991623759269714,0.20848391950130463,2.502168893814087,0
1780882666.5032482,54128,-13.732382774353027,-5.77294921875,-1.511147379875183,2.5024025440216064,0.020677873864769936,0.008770017884671688,2.5025033426565235,0.2993851900100708,0.21939218044281006,2.5017478466033936,0
1780882666.5139298,54135,-13.71500015258789,-5.772988319396973,-1.5110888481140137,2.501505136489868,-0.0060966466553509235,0.008204049430787563,2.501526018935781,0.2991343140602112,0.2223036140203476,2.5016562938690186,0
1780882666.5251153,54148,-13.697616577148438,-5.773212909698486,-1.5110350847244263,2.4993417263031006,-0.0571729876101017,0.007044901605695486,2.500005489192106,0.29878318309783936,0.22517238557338715,2.501554012298584,0
1780882666.5362656,54162,-13.649101257324219,-5.774824142456055,-1.5109130144119263,2.496551036834717,-0.10853099822998047,0.0058000897988677025,2.498915704488443,0.2976689040660858,0.23029516637325287,2.5013670921325684,0
1780882666.5461602,54169,-13.631757736206055,-5.775761604309082,-1.5108789205551147,2.494811773300171,-0.135675847530365,0.005123052280396223,2.4985035452175954,0.2967793047428131,0.23313891887664795,2.5012619495391846,0
1780882666.5570354,54183,-13.614452362060547,-5.776894569396973,-1.5108495950698853,2.4906415939331055,-0.1915925294160843,0.0036676025483757257,2.4980025416452536,0.294796347618103,0.23869012296199799,2.5010077953338623,0
1780882666.5694811,54190,-13.57796859741211,-5.779911994934082,-1.5108007192611694,2.4881880283355713,-0.22034133970737457,0.002890834817662835,2.497926805825671,0.29207783937454224,0.2441488355398178,2.500613212585449,0
1780882666.579101,54204,-13.543476104736328,-5.783535003662109,-1.5107762813568115,2.482933521270752,-0.2748819887638092,0.0013666391605511308,2.498103449919422,0.29068228602409363,0.24658630788326263,2.5003774166107178,0
1780882666.5885458,54211,-13.525468826293945,-5.785742282867432,-1.51077139377594,2.4798941612243652,-0.30340608954429626,0.0005386352422647178,2.4983855979762577,0.28930604457855225,0.24894212186336517,2.500115156173706,0
1780882666.5994413,54225,-13.491093635559082,-5.79052734375,-1.510781168937683,2.473534345626831,-0.35792410373687744,-0.001087675103917718,2.4992965022318847,0.28640007972717285,0.25343212485313416,2.4994773864746094,0
1780882666.6106763,54232,-13.473944664001465,-5.793202877044678,-1.5107958316802979,2.470097064971924,-0.3851586878299713,-0.0019230126636102796,2.4999460840529184,0.28332841396331787,0.257511705160141,2.4987616539001465,0
1780882666.6215146,54248,-13.456835746765137,-5.796064376831055,-1.5108153820037842,2.46218204498291,-0.44320148229599,-0.0037343166768550873,2.5017557677892204,0.28332841396331787,0.257511705160141,2.4987616539001465,0
1780882666.6313775,54255,-13.418046951293945,-5.803300857543945,-1.5108838081359863,2.4576501846313477,-0.47396183013916016,-0.004707932472229004,2.502939554019538,0.28150475025177,0.2594190835952759,2.4983675479888916,0
1780882666.6435323,54269,-13.38402271270752,-5.810439109802246,-1.5109667778015137,2.449098587036133,-0.527897298336029,-0.006443333346396685,2.5053544585861447,0.2750808298587799,0.26518210768699646,2.4969658851623535,0
1780882666.6529336,54269,-13.38402271270752,-5.810439109802246,-1.5109667778015137,2.449098587036133,-0.527897298336029,-0.006443333346396685,2.5053544585861447,0.27293661236763,0.26684972643852234,2.496518850326538,0
1780882666.6637757,54288,-13.336288452148438,-5.821747779846191,-1.5111181735992432,2.4358317852020264,-0.6032491326332092,-0.008878865279257298,2.5094351627551283,0.2665223777294159,0.27130255103111267,2.4952147006988525,0
1780882666.6743813,54295,-13.319414138793945,-5.826122760772705,-1.5111864805221558,2.4307892322540283,-0.6298034191131592,-0.009678635746240616,2.511071945277288,0.2642580568790436,0.2727566659450531,2.4947288036346436,0
1780882666.684164,54302,-13.30257797241211,-5.83068323135376,-1.51125967502594,2.4255824089050293,-0.656205952167511,-0.010344705544412136,2.512799889959882,0.2618933320045471,0.274119108915329,2.494227886199951,0
1780882666.696726,54322,-13.255898475646973,-5.844296932220459,-1.5114794969558716,2.4102084636688232,-0.7288894653320312,-0.011783389374613762,2.518039622261333,0.2618933320045471,0.274119108915329,2.494227886199951,0
1780882666.706307,54328,-13.239218711853027,-5.849540710449219,-1.511562466621399,2.404376745223999,-0.7547340989112854,-0.012175731360912323,2.5200792331725514,0.25235632061958313,0.2786822021007538,2.492269277572632,0
1780882666.7169285,54335,-13.222578048706055,-5.854960918426514,-1.5116503238677979,2.398381471633911,-0.7804358005523682,-0.012532605789601803,2.522195628508728,0.2498747706413269,0.27979156374931335,2.491748094558716,0
1780882666.7281163,54355,-13.174999237060547,-5.871493816375732,-1.5119091272354126,2.3802947998046875,-0.8534173369407654,-0.013208221644163132,2.5286951065890304,0.24747562408447266,0.28088828921318054,2.49122953414917,0
1780882666.739097,54362,-13.158514976501465,-5.877597332000732,-1.512001872062683,2.373706817626953,-0.8785291314125061,-0.013294105418026447,2.531101385568732,0.24280276894569397,0.282808393239975,2.490250587463379,0
1780882666.7502394,54369,-13.142069816589355,-5.883867263793945,-1.5120947360992432,2.366964101791382,-0.9034841060638428,-0.013329939916729927,2.5335706574668975,0.2401849329471588,0.2837640941143036,2.48972487449646,0
1780882666.7599294,54381,-13.125663757324219,-5.890312194824219,-1.5121874809265137,2.35402250289917,-0.9494250416755676,-0.013252200558781624,2.5383076004960423,0.23492132127285004,0.2855377197265625,2.4886693954467773,0
1780882666.77081,54395,-13.081405639648438,-5.908661842346191,-1.5124365091323853,2.340548038482666,-0.9948254823684692,-0.013097090646624565,2.5432291274279866,0.22742308676242828,0.28768834471702576,2.4872429370880127,0
1780882666.7816477,54402,-13.065195083618164,-5.915741920471191,-1.5125243663787842,2.3330795764923096,-1.019038200378418,-0.013007573783397675,2.545951366592015,0.22462603449821472,0.2884277105331421,2.4867236614227295,0
1780882666.7914076,54419,-13.02457046508789,-5.934316158294678,-1.5127440690994263,2.313544273376465,-1.0793179273605347,-0.012446608394384384,2.5529530374167475,0.22185298800468445,0.28912708163261414,2.4862070083618164,0
1780882666.8027883,54427,-13.008554458618164,-5.941972732543945,-1.5128271579742432,2.3055548667907715,-1.102913498878479,-0.012174815870821476,2.555807045911813,0.2147606611251831,0.29072806239128113,2.4849190711975098,0
1780882666.8138037,54433,-12.992616653442383,-5.949794769287109,-1.5129101276397705,2.297412872314453,-1.126358985900879,-0.011933021247386932,2.5586974944279546,0.21172738075256348,0.2913029193878174,2.484419345855713,0
1780882666.825183,54448,-12.97671890258789,-5.957783222198486,-1.5129930973052979,2.2803449630737305,-1.1735583543777466,-0.011281995102763176,2.564632458103702,0.20864257216453552,0.2918487787246704,2.483924388885498,0
1780882666.8363304,54462,-12.928202629089355,-5.983359336853027,-1.5132274627685547,2.2626445293426514,-1.2199862003326416,-0.01051405444741249,2.5706102661638983,0.20236660540103912,0.292887419462204,2.4829182624816895,0
1780882666.8462117,54469,-12.912538528442383,-5.991991996765137,-1.5132958889007568,2.2537333965301514,-1.242504358291626,-0.01014646515250206,2.573564503517273,0.19945098459720612,0.2933519780635834,2.482445001602173,0
1780882666.8558962,54481,-12.896952629089355,-6.000771522521973,-1.5133641958236694,2.2366838455200195,-1.2841436862945557,-0.009425916709005833,2.5791216488886675,0.19660153985023499,0.2937999665737152,2.481977939605713,0
1780882666.8671317,54488,-12.86996078491211,-6.016396522521973,-1.5134764909744263,2.2285752296447754,-1.303313970565796,-0.009108304977416992,2.581716061320029,0.1886196881532669,0.29493284225463867,2.4807286262512207,0
1780882666.876453,54502,-12.839179039001465,-6.034951210021973,-1.5135936737060547,2.209519624710083,-1.3469278812408447,-0.008409662172198296,2.5877137422174012,0.1824737936258316,0.29567956924438477,2.4798409938812256,0
1780882666.889132,54515,-12.823905944824219,-6.044453144073486,-1.513647437095642,2.190484046936035,-1.3884752988815308,-0.007669181562960148,2.5934808331335844,0.1824737936258316,0.29567956924438477,2.4798409938812256,0
1780882666.8987384,54522,-12.795429229736328,-6.062665939331055,-1.5137450695037842,2.181065082550049,-1.4083245992660522,-0.00729150278493762,2.596242715392727,0.17935311794281006,0.2960273027420044,2.4794039726257324,0
1780882666.9100437,54535,-12.765351295471191,-6.082655906677246,-1.5138378143310547,2.1605279445648193,-1.4501088857650757,-0.00651240348815918,2.602064409506326,0.16999058425426483,0.296909898519516,2.478182315826416,0
1780882666.9197185,54548,-12.750429153442383,-6.092871189117432,-1.513881802558899,2.1407511234283447,-1.488477349281311,-0.005829334259033203,2.6073768758890883,0.16668635606765747,0.29718419909477234,2.477771282196045,0
1780882666.9311235,54555,-12.724609375,-6.110947132110596,-1.5139501094818115,2.1313693523406982,-1.5060780048370361,-0.005474095232784748,2.6097962063099356,0.15776921808719635,0.2978733777999878,2.4766767024993896,0
1780882666.9424176,54568,-12.695234298706055,-6.132275104522705,-1.5140185356140137,2.1093976497650146,-1.5460245609283447,-0.0045762015506625175,2.6152956485736905,0.15460525453090668,0.2980998754501343,2.476289987564087,0
1780882666.9521449,54568,-12.695234298706055,-6.132275104522705,-1.5140185356140137,2.1093976497650146,-1.5460245609283447,-0.0045762015506625175,2.6152956485736905,0.15145568549633026,0.29830965399742126,2.475911855697632,0
1780882666.9618094,54588,-12.654335975646973,-6.163290977478027,-1.5140917301177979,2.077418088912964,-1.6010613441467285,-0.0031275558285415173,2.6227987199686487,0.14830659329891205,0.29850471019744873,2.475541591644287,0
1780882666.9731693,54595,-12.639999389648438,-6.174540996551514,-1.5141112804412842,2.0658071041107178,-1.6202212572097778,-0.0026283501647412777,2.62539193682264,0.13923382759094238,0.2989823818206787,2.474546432495117,0
1780882666.9841764,54602,-12.625741958618164,-6.185927391052246,-1.514125943183899,2.0540385246276855,-1.6392104625701904,-0.002190060680732131,2.6279440628788207,0.135830357670784,0.2991320788860321,2.474209785461426,0
1780882666.9953732,54621,-12.5864839553833,-6.218251705169678,-1.5141552686691284,2.0204553604125977,-1.6909656524658203,-0.0010572433238849044,2.634692737114255,0.13229545950889587,0.29927584528923035,2.473879337310791,0
1780882667.0050263,54628,-12.572538375854492,-6.230116844177246,-1.51416015625,2.008089065551758,-1.7091857194900513,-0.0006015253020450473,2.636994099487131,0.1260172575712204,0.29951342940330505,2.473304033279419,0
1780882667.0164094,54635,-12.558671951293945,-6.242109298706055,-1.51416015625,1.9955743551254272,-1.727207899093628,-0.00012947559298481792,2.639235523838223,0.11948912590742111,0.29975149035453796,2.4726803302764893,0
1780882667.0260446,54647,-12.544882774353027,-6.254228591918945,-1.51416015625,1.9714903831481934,-1.7608081102371216,0.0007868051179684699,2.643335043271081,0.11634256690740585,0.29985854029655457,2.472377300262451,0
1780882667.037103,54661,-12.50699234008789,-6.288622856140137,-1.514135718345642,1.9468961954116821,-1.793774127960205,0.0016673135105520487,2.6472690074456393,0.10760743916034698,0.30011582374572754,2.471565008163452,0
1780882667.0491035,54668,-12.49355411529541,-6.301200866699219,-1.5141210556030273,1.9337040185928345,-1.8109323978424072,0.0021363496780395508,2.649281401638428,0.1044846698641777,0.3001956641674042,2.471285343170166,0
1780882667.0585132,54681,-12.480234146118164,-6.313896179199219,-1.514101505279541,1.9081617593765259,-1.8431403636932373,0.0031042909249663353,2.6529714165147547,0.1044846698641777,0.3001956641674042,2.471285343170166,0
1780882667.0682862,54695,-12.443163871765137,-6.350234031677246,-1.5140283107757568,1.8821035623550415,-1.8747138977050781,0.004021897446364164,2.6564792853205486,0.09247045964002609,0.3004384934902191,2.470283269882202,0
1780882667.0795317,54702,-12.430194854736328,-6.363368988037109,-1.5139989852905273,1.8682291507720947,-1.891021490097046,0.00444791791960597,2.658244198672743,0.08922456949949265,0.30048975348472595,2.4700374603271484,0
1780882667.090343,54715,-12.417304039001465,-6.376640319824219,-1.5139647722244263,1.8408935070037842,-1.9221221208572388,0.005261830985546112,2.6614789194135544,0.08584827184677124,0.30053603649139404,2.469796895980835,0
1780882667.1018755,54729,-12.380820274353027,-6.415331840515137,-1.5138475894927979,1.8130264282226562,-1.952476143836975,0.006083664949983358,2.6644445823971514,0.0795481950044632,0.30061113834381104,2.4693660736083984,0
1780882667.1116414,54736,-12.36832046508789,-6.428994178771973,-1.5138037204742432,1.7984293699264526,-1.9678740501403809,0.0064887902699410915,2.6658804512260357,0.0762571394443512,0.3006456792354584,2.4691455364227295,0
1780882667.1227875,54748,-12.355937004089355,-6.442763328552246,-1.5137548446655273,1.7709358930587769,-1.9959805011749268,0.007179656066000462,2.6683709723079407,0.07302514463663101,0.3006766736507416,2.468930721282959,0
1780882667.1338196,54761,-12.3228120803833,-6.480624675750732,-1.513613224029541,1.7429182529449463,-2.0234763622283936,0.00776484003290534,2.6706330556043176,0.0640595331788063,0.300744891166687,2.468371629714966,0
1780882667.1440237,54768,-12.310819625854492,-6.494775295257568,-1.5135595798492432,1.7276105880737305,-2.0380280017852783,0.008065848611295223,2.671752521847631,0.05724238231778145,0.3007816970348358,2.4679789543151855,0
1780882667.1549106,54781,-12.298945426940918,-6.509023189544678,-1.5135009288787842,1.6975845098495483,-2.065622329711914,0.008676557801663876,2.6736985730895118,0.05724238231778145,0.3007816970348358,2.4679789543151855,0
1780882667.1649268,54788,-12.277030944824219,-6.535898208618164,-1.5133837461471558,1.6828856468200684,-2.0786962509155273,0.008974732831120491,2.674539726695541,0.05387945473194122,0.30079662799835205,2.4677886962890625,0
1780882667.1767344,54802,-12.253984451293945,-6.56505823135376,-1.5132519006729126,1.6509760618209839,-2.1061861515045166,0.009558109566569328,2.676160200539911,0.044365547597408295,0.3008258044719696,2.467266321182251,0
1780882667.1862333,54814,-12.242616653442383,-6.579775333404541,-1.51318359375,1.620710849761963,-2.1311304569244385,0.010008139535784721,2.6774093534280627,0.04106182977557182,0.30083224177360535,2.467092752456665,0
1780882667.1972678,54821,-12.223320007324219,-6.605351448059082,-1.5130615234375,1.6065233945846558,-2.1424472332000732,0.010237502865493298,2.6778914038585238,0.03179032355546951,0.30083954334259033,2.466637372970581,0
1780882667.2070484,54835,-12.20132827758789,-6.635380744934082,-1.512915015220642,1.5731903314590454,-2.168208122253418,0.010701699182391167,2.6788372116960195,0.028302570804953575,0.3008396327495575,2.466477870941162,0
1780882667.218267,54835,-12.20132827758789,-6.635380744934082,-1.512915015220642,1.5731903314590454,-2.168208122253418,0.010701699182391167,2.6788372116960195,0.02487003616988659,0.3008374869823456,2.466323137283325,0
1780882667.230691,54856,-12.170820236206055,-6.678759574890137,-1.5126904249191284,1.524658203125,-2.2036006450653076,0.011342057958245277,2.679658015786216,0.021494269371032715,0.30083441734313965,2.466172933578491,0
1780882667.2418282,54869,-12.148749351501465,-6.711572170257568,-1.512514591217041,1.4876670837402344,-2.2290406227111816,0.011752547696232796,2.6799092469929233,0.0150730200111866,0.3008253574371338,2.465907573699951,0
1780882667.2522213,54869,-12.148749351501465,-6.711572170257568,-1.512514591217041,1.4876670837402344,-2.2290406227111816,0.011752547696232796,2.6799092469929233,0.007672777399420738,0.30080923438072205,2.465620756149292,0
1780882667.2634497,54888,-12.1220703125,-6.752812385559082,-1.512294888496399,1.4407325983047485,-2.259382963180542,0.012190427631139755,2.679677294125968,0.0040697562508285046,0.3008001744747162,2.4654905796051025,0
1780882667.2746642,54895,-12.112187385559082,-6.76858377456665,-1.51220703125,1.4226915836334229,-2.270535469055176,0.012356776744127274,2.67946549675686,-0.005079715047031641,0.30077311396598816,2.465160608291626,0
1780882667.2839327,54902,-12.102421760559082,-6.784423828125,-1.5121190547943115,1.4045096635818481,-2.2814993858337402,0.01253260113298893,2.6791871731451855,-0.008325029164552689,0.300761342048645,2.465041160583496,0
1780882667.2951806,54921,-12.075859069824219,-6.829091548919678,-1.51187002658844,1.3529707193374634,-2.3112127780914307,0.01295702438801527,2.678134081310836,-0.008325029164552689,0.300761342048645,2.465041160583496,0
1780882667.30482,54928,-12.066601753234863,-6.84521484375,-1.5117772817611694,1.334281325340271,-2.321539878845215,0.01307348720729351,2.677690232324905,-0.019981680437922478,0.3007138669490814,2.464613914489746,0
1780882667.31478,54935,-12.05746078491211,-6.861406326293945,-1.511684536933899,1.31546151638031,-2.331702947616577,0.013172912411391735,2.677209585113354,-0.02308214269578457,0.3007006347179413,2.4645092487335205,0
1780882667.327473,54948,-12.048476219177246,-6.877665996551514,-1.5115917921066284,1.278680443763733,-2.3508756160736084,0.013281292282044888,2.67615698946044,-0.02308214269578457,0.3007006347179413,2.4645092487335205,0
1780882667.3372521,54962,-12.023398399353027,-6.924667835235596,-1.5113232135772705,1.241383671760559,-2.3693645000457764,0.013387965969741344,2.6749020154435015,-0.0326508991420269,0.3006606996059418,2.4642257690429688,0
1780882667.3466916,54969,-12.014921188354492,-6.941181659698486,-1.51123046875,1.2218928337097168,-2.3786439895629883,0.0134713314473629,2.67416357071258,-0.03965286538004875,0.30063197016716003,2.464043140411377,0
1780882667.3579044,54980,-12.006562232971191,-6.957763671875,-1.51113760471344,1.1865447759628296,-2.3948073387145996,0.01362652238458395,2.6726721417035577,-0.04305959492921829,0.30061742663383484,2.4639556407928467,0
1780882667.3691454,54994,-11.985547065734863,-7.0009765625,-1.51089346408844,1.1507469415664673,-2.4103691577911377,0.013776559382677078,2.6710087596156926,-0.048503611236810684,0.3005940914154053,2.463820695877075,0
1780882667.3785706,55001,-11.97769546508789,-7.017773151397705,-1.5107958316802979,1.1306174993515015,-2.418790340423584,0.0138705438002944,2.670025286912391,-0.05510402470827103,0.30056536197662354,2.463660717010498,0
1780882667.3894994,55015,-11.969999313354492,-7.034628868103027,-1.5106981992721558,1.0896161794662476,-2.4352409839630127,0.014022006653249264,2.6679315368274255,-0.05510402470827103,0.30056536197662354,2.463660717010498,0
1780882667.4004254,55022,-11.954765319824219,-7.069081783294678,-1.5105029344558716,1.0687355995178223,-2.443264961242676,0.014076156541705132,2.666821627086424,-0.05831736698746681,0.3005509078502655,2.4635839462280273,0
1780882667.4102702,55036,-11.940351486206055,-7.103173732757568,-1.5103075504302979,1.0272480249404907,-2.4584836959838867,0.014148568734526634,2.6645038506558714,-0.06857108324766159,0.3005073070526123,2.463364362716675,0
1780882667.421541,55048,-11.933359146118164,-7.120292663574219,-1.5102099180221558,0.987136721611023,-2.472254514694214,0.014271368272602558,2.662082824506265,-0.07579677551984787,0.3004774749279022,2.463226556777954,0
1780882667.4325533,55055,-11.92105484008789,-7.151523113250732,-1.5100293159484863,0.9678578972816467,-2.4785521030426025,0.014326867647469044,2.6608597663093683,-0.08234498649835587,0.30045029520988464,2.4631059169769287,0
1780882667.443932,55069,-11.908085823059082,-7.186083793640137,-1.509829044342041,0.9249905943870544,-2.491868734359741,0.014430345967411995,2.658049213966678,-0.08592905104160309,0.3004359006881714,2.4630415439605713,0
1780882667.4549992,55079,-11.901796340942383,-7.203437328338623,-1.5097265243530273,0.8873218894004822,-2.5027780532836914,0.014547242783010006,2.655456597589261,-0.08949342370033264,0.3004215657711029,2.462979555130005,0
1780882667.464615,55086,-11.89281177520752,-7.229043006896973,-1.5095800161361694,0.8712257146835327,-2.5072271823883057,0.014596528373658657,2.6543239155523572,-0.09288841485977173,0.3004070222377777,2.462918281555176,0
1780882667.475547,55100,-11.881171226501465,-7.263984203338623,-1.509374976158142,0.8271664977073669,-2.5188987255096436,0.014673247002065182,2.6512771466750062,-0.1038452684879303,0.30036139488220215,2.4627187252044678,0
1780882667.486714,55115,-11.875585556030273,-7.281513690948486,-1.5092724561691284,0.7815792560577393,-2.5301430225372314,0.01465369202196598,2.6481511623552536,-0.1038452684879303,0.30036139488220215,2.4627187252044678,0
1780882667.4966145,55122,-11.86441421508789,-7.318290710449219,-1.509057641029358,0.7580685019493103,-2.5356061458587646,0.01461799070239067,2.6465411514307853,-0.10704901814460754,0.3003480136394501,2.4626646041870117,0
1780882667.5081446,55135,-11.85433578491211,-7.353612899780273,-1.508852481842041,0.7126915454864502,-2.5454907417297363,0.014549856074154377,2.643419008320748,-0.11398337036371231,0.30032190680503845,2.4625580310821533,0
1780882667.5181458,55135,-11.85433578491211,-7.353612899780273,-1.508852481842041,0.7126915454864502,-2.5454907417297363,0.014549856074154377,2.643419008320748,-0.12071160972118378,0.3002973794937134,2.462460994720459,0
1780882667.5292468,55155,-11.84121036529541,-7.403642177581787,-1.5085644721984863,0.6477705836296082,-2.5581417083740234,0.01443884801119566,2.638921031306261,-0.12420620024204254,0.3002856969833374,2.4624147415161133,0
1780882667.5400789,55162,-11.836874961853027,-7.421435356140137,-1.5084667205810547,0.6245071887969971,-2.562274217605591,0.014391021803021431,2.6373216520883465,-0.13366900384426117,0.3002532720565796,2.462289333343506,0
1780882667.550066,55169,-11.832695007324219,-7.439257621765137,-1.5083690881729126,0.6011186242103577,-2.566225290298462,0.014345178380608559,2.6357279118078085,-0.1367955207824707,0.3002419173717499,2.462247133255005,0
1780882667.5625892,55186,-11.823007583618164,-7.483583927154541,-1.5081249475479126,0.5425311326980591,-2.5752696990966797,0.014115190133452415,2.6318345866761166,-0.13985499739646912,0.30023193359375,2.462205648422241,0
1780882667.5723755,55193,-11.819414138793945,-7.50149393081665,-1.5080273151397705,0.5187143683433533,-2.5786406993865967,0.013986687175929546,2.6303323135826386,-0.14732730388641357,0.30020689964294434,2.4621081352233887,0
1780882667.5817993,55200,-11.8159761428833,-7.519423484802246,-1.5079296827316284,0.49478045105934143,-2.5818474292755127,0.01384263951331377,2.6288658127557127,-0.1503015011548996,0.3001973330974579,2.4620704650878906,0
1780882667.593018,55215,-11.812695503234863,-7.537373065948486,-1.507836937904358,0.44484126567840576,-2.5879788398742676,0.01347117405384779,2.6259664315862294,-0.15326407551765442,0.300188273191452,2.4620349407196045,0
1780882667.604357,55229,-11.803515434265137,-7.593896389007568,-1.5075488090515137,0.3943766951560974,-2.593385934829712,0.013003597036004066,2.6232332489107213,-0.15995870530605316,0.3001689910888672,2.4619600772857666,0
1780882667.6145568,55236,-11.80093765258789,-7.611923694610596,-1.5074609518051147,0.36982595920562744,-2.595717430114746,0.012791103683412075,2.621961828371516,-0.16640625894069672,0.30015215277671814,2.4618942737579346,0
1780882667.6257179,55253,-11.795272827148438,-7.65701150894165,-1.5072460174560547,0.30793190002441406,-2.6007397174835205,0.012197751551866531,2.6189345005730535,-0.16955354809761047,0.3001440465450287,2.461862564086914,0
1780882667.6355455,55260,-11.793319702148438,-7.675087928771973,-1.5071630477905273,0.282949835062027,-2.602456569671631,0.01193670742213726,2.617820332103168,-0.17747969925403595,0.3001244068145752,2.4617865085601807,0
1780882667.6470337,55267,-11.791522979736328,-7.693173885345459,-1.507080078125,0.25784581899642944,-2.6039955615997314,0.011667956598103046,2.6167562921327265,-0.1806286722421646,0.30011674761772156,2.4617574214935303,0
1780882667.6580286,55284,-11.789921760559082,-7.711269378662109,-1.5070018768310547,0.19174844026565552,-2.607151746749878,0.010841588489711285,2.6142159885836196,-0.1806286722421646,0.30011674761772156,2.4617574214935303,0
1780882667.6678262,55291,-11.786757469177246,-7.754941463470459,-1.5068212747573853,0.1712018996477127,-2.6078763008117676,0.010576801374554634,2.6135111936829296,-0.18383294343948364,0.3001093566417694,2.461728572845459,0
1780882667.6790578,55306,-11.784921646118164,-7.791171550750732,-1.506679654121399,0.10379751026630402,-2.6094818115234375,0.009697136469185352,2.6115633789484844,-0.19448085129261017,0.30008694529533386,2.461636781692505,0
1780882667.6901197,55313,-11.784101486206055,-7.81359338760376,-1.5065966844558716,0.08775459975004196,-2.6096713542938232,0.009489941410720348,2.6111636306802044,-0.2014508694410324,0.30007264018058777,2.461580753326416,0
1780882667.7000015,55327,-11.78343677520752,-7.849843502044678,-1.5064746141433716,0.03557179495692253,-2.6098837852478027,0.008731684647500515,2.6101407945573816,-0.20461733639240265,0.3000667989253998,2.4615566730499268,0
1780882667.71128,55334,-11.78335952758789,-7.867968559265137,-1.5064159631729126,0.009290213696658611,-2.6097209453582764,0.008316020481288433,2.609750730799566,-0.2077939808368683,0.3000609576702118,2.4615323543548584,0
1780882667.7209444,55348,-11.783475875854492,-7.886093616485596,-1.5063623189926147,-0.04419593885540962,-2.6088480949401855,0.007424912415444851,2.6092329893684703,-0.21407903730869293,0.30004963278770447,2.461486577987671,0
1780882667.7319188,55355,-11.784296989440918,-7.923076152801514,-1.5062596797943115,-0.07140053808689117,-2.608133554458618,0.006953921169042587,2.609119972663516,-0.22043123841285706,0.30003485083580017,2.4614439010620117,0
1780882667.741897,55369,-11.785820007324219,-7.959277153015137,-1.5061718225479126,-0.12504884600639343,-2.6061925888061523,0.006015729624778032,2.609197810216497,-0.22352638840675354,0.3000156879425049,2.4614267349243164,0
1780882667.7529707,55379,-11.786874771118164,-7.977363109588623,-1.50613272190094,-0.17214904725551605,-2.603898763656616,0.0051876637153327465,2.609588277429652,-0.22657357156276703,0.29991135001182556,2.461430311203003,0
1780882667.7654219,55386,-11.788749694824219,-8.0042085647583,-1.5060839653015137,-0.1923142820596695,-2.602742910385132,0.004818691872060299,2.6098426505127756,-0.2295781373977661,0.29970988631248474,2.461458206176758,0
1780882667.7750506,55400,-11.7919921875,-8.040322303771973,-1.5060302019119263,-0.24682720005512238,-2.599167823791504,0.0037215612828731537,2.6108640127242353,-0.23904192447662354,0.2975485324859619,2.4619317054748535,0
1780882667.7847502,55400,-11.7919921875,-8.040322303771973,-1.5060302019119263,-0.24682720005512238,-2.599167823791504,0.0037215612828731537,2.6108640127242353,-0.23904192447662354,0.2975485324859619,2.4619317054748535,0
1780882667.7961385,55422,-11.798476219177246,-8.09585952758789,-1.5059765577316284,-0.3311903178691864,-2.5921995639801025,0.0017719840398058295,2.6132716556218116,-0.24147610366344452,0.29659998416900635,2.462156057357788,0
1780882667.8089166,55429,-11.800976753234863,-8.113837242126465,-1.5059667825698853,-0.35861724615097046,-2.58957839012146,0.0010666035814210773,2.614292199709925,-0.24811850488185883,0.29368579387664795,2.46284818649292,0
1780882667.8179922,55436,-11.803671836853027,-8.131806373596191,-1.5059667825698853,-0.3860595226287842,-2.5867908000946045,0.00033278463524766266,2.6154404426811295,-0.2501126825809479,0.2927606999874115,2.463066816329956,0
1780882667.8277118,55453,-11.811210632324219,-8.176737785339355,-1.5059863328933716,-0.4548921585083008,-2.579073429107666,-0.0015962361358106136,2.618883192616906,-0.2549190819263458,0.2904345989227295,2.463608980178833,0
1780882667.838855,55467,-11.818124771118164,-8.21249008178711,-1.5060253143310547,-0.5098333358764648,-2.572227716445923,-0.0032435033936053514,2.6222692416946423,-0.2566981613636017,0.28930914402008057,2.4638729095458984,0
1780882667.849694,55467,-11.818124771118164,-8.21249008178711,-1.5060253143310547,-0.5098333358764648,-2.572227716445923,-0.0032435033936053514,2.6222692416946423,-0.2583579123020172,0.28790903091430664,2.464207410812378,0
1780882667.8605866,55481,-11.821874618530273,-8.230331420898438,-1.5060546398162842,-0.5657002925872803,-2.5645699501037598,-0.00501064769923687,2.626225610376782,-0.2599184215068817,0.2862641513347626,2.4646036624908447,0
1780882667.870435,55495,-11.8345308303833,-8.285048484802246,-1.5061815977096558,-0.6212604641914368,-2.5561835765838623,-0.0068335579708218575,2.630605584096363,-0.26286181807518005,0.282294362783432,2.465561628341675,0
1780882667.8814435,55502,-11.83902359008789,-8.302773475646973,-1.5062353610992432,-0.6483744382858276,-2.5517983436584473,-0.0077437590807676315,2.6328927370337665,-0.26552167534828186,0.27831193804740906,2.466508388519287,0
1780882667.8914452,55520,-11.851288795471191,-8.34774398803711,-1.5063964128494263,-0.7169440984725952,-2.5398387908935547,-0.010050506331026554,2.6391079812580283,-0.26680266857147217,0.2763795554637909,2.466956853866577,0
1780882667.9029403,55527,-11.8564453125,-8.365351676940918,-1.5064746141433716,-0.7437120676040649,-2.5348565578460693,-0.010946168564260006,2.6417276973528843,-0.26869410276412964,0.2733435332775116,2.467651128768921,0
1780882667.9144282,55534,-11.861796379089355,-8.382919311523438,-1.506557583808899,-0.7703335285186768,-2.529714822769165,-0.01173695083707571,2.6444297278833133,-0.27096468210220337,0.2690819203853607,2.468611717224121,0
1780882667.9240842,55546,-11.86734390258789,-8.4004487991333,-1.5066454410552979,-0.8203449249267578,-2.519498586654663,-0.012904920615255833,2.649717996501518,-0.27096468210220337,0.2690819203853607,2.468611717224121,0
1780882667.9348176,55560,-11.883749961853027,-8.449209213256836,-1.5069042444229126,-0.8697539567947388,-2.508680582046509,-0.013757886365056038,2.6552098763627985,-0.27475807070732117,0.26006612181663513,2.4705941677093506,0
1780882667.9446235,55567,-11.889960289001465,-8.466591835021973,-1.5070018768310547,-0.8955904841423035,-2.5027406215667725,-0.014149484224617481,2.65819358625938,-0.27568909525871277,0.2576926648616791,2.471092462539673,0
1780882667.9557228,55581,-11.896367073059082,-8.483925819396973,-1.507104516029358,-0.9474949240684509,-2.4901976585388184,-0.014691490679979324,2.664403657411184,-0.27568909525871277,0.2576926648616791,2.471092462539673,0
1780882667.9671385,55588,-11.910078048706055,-8.519462585449219,-1.5073193311691284,-0.973524272441864,-2.48358154296875,-0.014806303195655346,2.667610544330416,-0.2766004800796509,0.25524792075157166,2.471604108810425,0
1780882667.9768417,55602,-11.924139976501465,-8.553817749023438,-1.5075243711471558,-1.0235798358917236,-2.4701995849609375,-0.014929437078535557,2.6739155854433396,-0.27910807728767395,0.24702297151088715,2.4733264446258545,0
1780882667.9878244,55613,-11.931406021118164,-8.570927619934082,-1.5076268911361694,-1.0674047470092773,-2.4577383995056152,-0.014958404935896397,2.679562406106749,-0.2806228697299957,0.24145708978176117,2.4744608402252197,0
1780882667.9976866,55620,-11.943007469177246,-8.597343444824219,-1.5077831745147705,-1.086338758468628,-2.452124834060669,-0.014903678558766842,2.682027259295253,-0.2817360758781433,0.23711071908473969,2.475327491760254,0
1780882668.0087068,55634,-11.958593368530273,-8.63124942779541,-1.5079882144927979,-1.134716510772705,-2.4372193813323975,-0.01462725643068552,2.6884630979786843,-0.28241032361984253,0.23425792157649994,2.4758849143981934,0
1780882668.0184314,55634,-11.958593368530273,-8.63124942779541,-1.5079882144927979,-1.134716510772705,-2.4372193813323975,-0.01462725643068552,2.6884630979786843,-0.2830580770969391,0.23135672509670258,2.4764463901519775,0
1780882668.0292535,55655,-11.984101295471191,-8.683379173278809,-1.5082958936691284,-1.2081478834152222,-2.4128193855285645,-0.013784165494143963,2.6984270786147793,-0.284869521856308,0.22207199037075043,2.4781832695007324,0
1780882668.0420225,55662,-11.992655754089355,-8.700078010559082,-1.508388638496399,-1.2314404249191284,-2.404606342315674,-0.01347611378878355,2.7016215107362127,-0.28541234135627747,0.21905291080474854,2.4787228107452393,0
1780882668.050313,55669,-12.00136661529541,-8.716718673706055,-1.5084813833236694,-1.2545230388641357,-2.3962340354919434,-0.013101153075695038,2.7047989293296504,-0.285923033952713,0.21590028703212738,2.4792861938476562,0
1780882668.0615244,55687,-12.024101257324219,-8.758593559265137,-1.50869619846344,-1.3120096921920776,-2.3742499351501465,-0.012057628482580185,2.7126698238766633,-0.2864072620868683,0.21262787282466888,2.4798710346221924,0
1780882668.0723834,55700,-12.042773246765137,-8.791396141052246,-1.5088573694229126,-1.3565280437469482,-2.356130361557007,-0.011169938370585442,2.7187576908665245,-0.28757160902023315,0.20432303845882416,2.481295585632324,0
1780882668.0833805,55700,-12.042773246765137,-8.791396141052246,-1.5088573694229126,-1.3565280437469482,-2.356130361557007,-0.011169938370585442,2.7187576908665245,-0.2880121171474457,0.20111285150051117,2.481813669204712,0
1780882668.0963533,55722,-12.07265567779541,-8.841239929199219,-1.509072184562683,-1.4232969284057617,-2.3270461559295654,-0.009718175046145916,2.7278219152213863,-0.28844937682151794,0.19798468053340912,2.4822962284088135,0
1780882668.1041105,55729,-12.082695007324219,-8.85733413696289,-1.5091357231140137,-1.4446288347244263,-2.3172378540039062,-0.009256853722035885,2.7306829606321408,-0.28966793417930603,0.1878098100423813,2.4838716983795166,0
1780882668.1152627,55736,-12.092890739440918,-8.873358726501465,-1.5091991424560547,-1.4657620191574097,-2.307255983352661,-0.008828100748360157,2.733489785033755,-0.2900424301624298,0.1844174861907959,2.4843883514404297,0
1780882668.1265984,55748,-12.103202819824219,-8.88931655883789,-1.5092577934265137,-1.5048333406448364,-2.2880570888519287,-0.007896394468843937,2.7385746252398286,-0.2900424301624298,0.1844174861907959,2.4843883514404297,0
1780882668.1360433,55762,-12.1323823928833,-8.9329195022583,-1.5093994140625,-1.5431281328201294,-2.2682676315307617,-0.006899042055010796,2.743415768587107,-0.2909868359565735,0.1748061180114746,2.4858288764953613,0
1780882668.1469626,55769,-12.143241882324219,-8.948593139648438,-1.5094432830810547,-1.5632367134094238,-2.25748872756958,-0.006426095962524414,2.7459070763527555,-0.29162126779556274,0.16791009902954102,2.4867937564849854,0
1780882668.1594863,55782,-12.154218673706055,-8.96419906616211,-1.5094823837280273,-1.601089596748352,-2.2364046573638916,-0.005448303185403347,2.7504587566990177,-0.29191944003105164,0.16436968743801117,2.487287759780884,0
1780882668.1690807,55795,-12.186015129089355,-9.007890701293945,-1.5095751285552979,-1.6381237506866455,-2.214704751968384,-0.004423470236361027,2.7547025480156573,-0.292429655790329,0.1577133983373642,2.4882142543792725,0
1780882668.1804307,55802,-12.197538375854492,-9.023193359375,-1.5096044540405273,-1.6571623086929321,-2.203120708465576,-0.003887505503371358,2.756799391707962,-0.292696475982666,0.15410266816616058,2.4886937141418457,0
1780882668.1896267,55815,-12.209179878234863,-9.038408279418945,-1.5096288919448853,-1.6923141479492188,-2.1809256076812744,-0.002891931449994445,2.760502136361524,-0.2932174503803253,0.1470613330602646,2.4895622730255127,0
1780882668.2006476,55821,-12.22988224029541,-9.064902305603027,-1.5096631050109863,-1.7084864377975464,-2.170348882675171,-0.0024617528542876244,2.762127122508055,-0.2936531603336334,0.14082323014736176,2.490309953689575,0
1780882668.2096238,55835,-12.253984451293945,-9.094794273376465,-1.5096874237060547,-1.7447956800460815,-2.1457557678222656,-0.0015693377936258912,2.765607029762381,-0.29388588666915894,0.13709674775600433,2.490771770477295,0
1780882668.2226186,55849,-12.266210556030273,-9.109609603881836,-1.5096971988677979,-1.7797907590866089,-2.1207597255706787,-0.0006583594949916005,2.768623736293889,-0.2941085696220398,0.13323841989040375,2.4912657737731934,0
1780882668.2324815,55856,-12.290468215942383,-9.138319969177246,-1.5097020864486694,-1.7967703342437744,-2.1081442832946777,-0.0002514743828214705,2.7699559592971656,-0.2943253815174103,0.12942862510681152,2.491734743118286,0
1780882668.2438116,55870,-12.315741539001465,-9.16732406616211,-1.5096971988677979,-1.8308265209197998,-2.0818212032318115,0.0005859374650754035,2.7723465900301063,-0.29472482204437256,0.12182306498289108,2.4926726818084717,0
1780882668.253526,55881,-12.328554153442383,-9.181689262390137,-1.5096923112869263,-1.8475292921066284,-2.0683956146240234,0.0009593963623046875,2.773378052885919,-0.2951168417930603,0.1141740009188652,2.4935576915740967,0
1780882668.2647843,55888,-12.350664138793945,-9.205976486206055,-1.50967276096344,-1.8754539489746094,-2.0451033115386963,0.001619043294340372,2.774847327492485,-0.29530805349349976,0.11036407202482224,2.4939844608306885,0
1780882668.2744792,55902,-12.377031326293945,-9.234082221984863,-1.5096435546875,-1.9074336290359497,-2.0171971321105957,0.0024394462816417217,2.7762192402385346,-0.29581138491630554,0.10029935091733932,2.495025873184204,0
1780882668.2856622,55902,-12.377031326293945,-9.234082221984863,-1.5096435546875,-1.9074336290359497,-2.0171971321105957,0.0024394462816417217,2.7762192402385346,-0.29598820209503174,0.09663116186857224,2.4953768253326416,0
1780882668.2969334,55921,-12.413749694824219,-9.271864891052246,-1.509584903717041,-1.9497421979904175,-1.9779911041259766,0.0035188484471291304,2.7774009125296257,-0.2961607575416565,0.09297740459442139,2.495713472366333,0
1780882668.3080149,55935,-12.441132545471191,-9.299033164978027,-1.5095263719558716,-1.979679822921753,-1.9485398530960083,0.004362840671092272,2.777761471898845,-0.2965943515300751,0.0825648233294487,2.496711254119873,0
1780882668.3177483,55935,-12.441132545471191,-9.299033164978027,-1.5095263719558716,-1.979679822921753,-1.9485398530960083,0.004362840671092272,2.777761471898845,-0.2967429757118225,0.07884442061185837,2.4970285892486572,0
1780882668.3304653,55953,-12.477343559265137,-9.333720207214355,-1.5094335079193115,-2.017289400100708,-1.909286618232727,0.005432624835520983,2.777563937650012,-0.29688993096351624,0.07524596899747849,2.4972996711730957,0
1780882668.3399925,55967,-12.505663871765137,-9.3599214553833,-1.5093505382537842,-2.0453362464904785,-1.878365159034729,0.0062077282927930355,2.776993800456508,-0.29725322127342224,0.06581675261259079,2.497990369796753,0
1780882668.3496544,55967,-12.505663871765137,-9.3599214553833,-1.5093505382537842,-2.0453362464904785,-1.878365159034729,0.0062077282927930355,2.776993800456508,-0.29738473892211914,0.06220078095793724,2.4982376098632812,0
1780882668.360674,55986,-12.545351028442383,-9.395370483398438,-1.509218692779541,-2.0827064514160156,-1.8346468210220337,0.00724372360855341,2.7755445577738187,-0.29772672057151794,0.05231141671538353,2.4988584518432617,0
1780882668.3728154,55993,-12.559921264648438,-9.407998085021973,-1.5091650485992432,-2.0958893299102783,-1.818515419960022,0.007570118643343449,2.7748527388963193,-0.2978406846523285,0.04862713813781738,2.4991018772125244,0
1780882668.3823802,56000,-12.574569702148438,-9.420516967773438,-1.5091112852096558,-2.108858823776245,-1.802235722541809,0.007937096990644932,2.774058783755918,-0.2979494035243988,0.04504572972655296,2.4993069171905518,0
1780882668.3936055,56020,-12.616796493530273,-9.455575942993164,-1.50894033908844,-2.144775152206421,-1.7549707889556885,0.008902840316295624,2.7712925114782676,-0.2980537414550781,0.04156661033630371,2.499473810195923,0
1780882668.4046571,56027,-12.631757736206055,-9.467646598815918,-1.508876919746399,-2.1570241451263428,-1.7380973100662231,0.009184875525534153,2.770166020991502,-0.29823437333106995,0.03509831055998802,2.4997763633728027,0
1780882668.4140985,56034,-12.646835327148438,-9.479598999023438,-1.508813500404358,-2.1690845489501953,-1.7210705280303955,0.009446301497519016,2.7689530107174587,-0.29841694235801697,0.02801215462386608,2.500112771987915,0
1780882668.4240994,56048,-12.661992073059082,-9.491435050964355,-1.5087450742721558,-2.1925370693206787,-1.6866973638534546,0.009858503006398678,2.766272580144088,-0.2985043227672577,0.02434861660003662,2.500312566757202,0
1780882668.434958,56062,-12.707616806030273,-9.525996208190918,-1.5085351467132568,-2.2152130603790283,-1.6516916751861572,0.010212129913270473,2.7632152613125243,-0.2987440228462219,0.013326405547559261,2.5009167194366455,0
1780882668.4464433,56069,-12.723085403442383,-9.537343978881836,-1.508461833000183,-2.2263121604919434,-1.6338664293289185,0.010361948050558567,2.7615381067096894,-0.2988196909427643,0.009622454643249512,2.5011165142059326,0
1780882668.4578154,56081,-12.738632202148438,-9.548563957214355,-1.508388638496399,-2.246931314468384,-1.5994096994400024,0.01059033814817667,2.758065241045518,-0.2988196909427643,0.009622454643249512,2.5011165142059326,0
1780882668.4675198,56088,-12.76699161529541,-9.568613052368164,-1.5082519054412842,-2.256479024887085,-1.5828126668930054,0.010697550140321255,2.756285174979418,-0.2988932132720947,0.005844592582434416,2.501335859298706,0
1780882668.4773314,56102,-12.798554420471191,-9.590205192565918,-1.5081005096435547,-2.2769758701324463,-1.545786738395691,0.010902848094701767,2.752125474222056,-0.29908114671707153,-0.004587172996252775,2.5018696784973145,0
1780882668.4886093,56115,-12.814453125,-9.600810050964355,-1.508022427558899,-2.295905351638794,-1.5096834897994995,0.011059574782848358,2.7478078421263787,-0.29914405941963196,-0.008233784697949886,2.5020334720611572,0
1780882668.4982023,56122,-12.843789100646973,-9.61996078491211,-1.5078808069229126,-2.3047118186950684,-1.4922012090682983,0.011137966997921467,2.745630177188193,-0.29931238293647766,-0.01851641945540905,2.502459764480591,0
1780882668.509202,56135,-12.8759765625,-9.64028263092041,-1.5077245235443115,-2.3233587741851807,-1.4537098407745361,0.011274723336100578,2.7406925063082683,-0.299367219209671,-0.022097229957580566,2.5025887489318848,0
1780882668.5190036,56147,-12.892187118530273,-9.650243759155273,-1.5076464414596558,-2.33978271484375,-1.4178903102874756,0.011429361999034882,2.7358959620212913,-0.2994193732738495,-0.02566659264266491,2.5027081966400146,0
1780882668.531743,56154,-12.91933536529541,-9.666582107543945,-1.507509708404541,-2.347036838531494,-1.4014347791671753,0.011513962410390377,2.7336301748798517,-0.29946842789649963,-0.029233453795313835,2.5028228759765625,0
1780882668.5402424,56168,-12.952109336853027,-9.685625076293945,-1.507348656654358,-2.3639259338378906,-1.3616039752960205,0.011676511727273464,2.728048303666815,-0.2995893359184265,-0.03880571946501732,2.503122568130493,0
1780882668.5510886,56168,-12.952109336853027,-9.685625076293945,-1.507348656654358,-2.3639259338378906,-1.3616039752960205,0.011676511727273464,2.728048303666815,-0.29963356256484985,-0.04251420497894287,2.5032660961151123,0
1780882668.5636284,56186,-12.996054649353027,-9.71011734008789,-1.5071288347244263,-2.385141134262085,-1.307693600654602,0.011969489976763725,2.7201294182873594,-0.2996765971183777,-0.04624414071440697,2.503413677215576,0
1780882668.5747225,56200,-13.029335975646973,-9.727850914001465,-1.5069628953933716,-2.400171995162964,-1.2665096521377563,0.012279639020562172,2.713857604012624,-0.2997853755950928,-0.05626856908202171,2.5038273334503174,0
1780882668.5846963,56200,-13.029335975646973,-9.727850914001465,-1.5069628953933716,-2.400171995162964,-1.2665096521377563,0.012279639020562172,2.713857604012624,-0.2998172640800476,-0.059811826795339584,2.50390887260437,0
1780882668.5957034,56220,-13.077733993530273,-9.752431869506836,-1.5067089796066284,-2.420558214187622,-1.206118106842041,0.012745709158480167,2.704438094877631,-0.2998172640800476,-0.059811826795339584,2.50390887260437,0
1780882668.604915,56227,-13.094609260559082,-9.760663986206055,-1.50662100315094,-2.4272916316986084,-1.1849353313446045,0.012885346077382565,2.701107631496082,-0.29991158843040466,-0.0729062482714653,2.503995418548584,0
1780882668.6163073,56234,-13.111522674560547,-9.768739700317383,-1.5065282583236694,-2.4338481426239014,-1.1636264324188232,0.01303898822516203,2.6977422543288876,-0.2999328672885895,-0.07628154754638672,2.504011631011963,0
1780882668.6258638,56249,-13.1284761428833,-9.7766695022583,-1.506435513496399,-2.446870803833008,-1.1191127300262451,0.013313841074705124,2.690681566354768,-0.29995521903038025,-0.07970475405454636,2.5040409564971924,0
1780882668.6367521,56263,-13.181913375854492,-9.800576210021973,-1.5061473846435547,-2.459144115447998,-1.0740442276000977,0.013583187945187092,2.683494976030021,-0.29999351501464844,-0.0869363471865654,2.504070520401001,0
1780882668.6466596,56270,-13.199023246765137,-9.807880401611328,-1.5060497522354126,-2.464808464050293,-1.0520695447921753,0.01371527649462223,2.679984925394638,-0.3000185489654541,-0.09353839606046677,2.5040431022644043,0
1780882668.65764,56279,-13.216171264648438,-9.81502914428711,-1.5059521198272705,-2.4738340377807617,-1.0152597427368164,0.013900646939873695,2.674098057231642,-0.3000287711620331,-0.09680294245481491,2.5040183067321777,0
1780882668.6689913,56293,-13.256132125854492,-9.831093788146973,-1.5057275295257568,-2.4823973178863525,-0.9780905842781067,0.014026050455868244,2.6681743505614914,-0.3000441789627075,-0.10121511667966843,2.504014492034912,0
1780882668.6788666,56300,-13.273398399353027,-9.83773422241211,-1.5056298971176147,-2.4873287677764893,-0.9555537700653076,0.014084677211940289,2.664598616044581,-0.30007773637771606,-0.10819327086210251,2.5041067600250244,0
1780882668.6898274,56315,-13.290702819824219,-9.844208717346191,-1.505532145500183,-2.496992826461792,-0.908350944519043,0.014211911708116531,2.657118099039763,-0.30009159445762634,-0.11165796965360641,2.5041463375091553,0
1780882668.7007213,56322,-13.328085899353027,-9.857597351074219,-1.5053173303604126,-2.501704454421997,-0.8836613297462463,0.014257082715630531,2.653221775007006,-0.3001171350479126,-0.11906038224697113,2.504216432571411,0
1780882668.7119823,56336,-13.362890243530273,-9.869384765625,-1.5051220655441284,-2.5099077224731445,-0.8373809456825256,0.014360136352479458,2.645949704177793,-0.3001219928264618,-0.12237226217985153,2.5042102336883545,0
1780882668.7218404,56346,-13.380351066589355,-9.875039100646973,-1.5050244331359863,-2.5165634155273438,-0.7962788939476013,0.014411206357181072,2.6395755689477305,-0.3001219630241394,-0.1255800575017929,2.5041706562042236,0
1780882668.733091,56360,-13.4243745803833,-9.88857364654541,-1.5047705173492432,-2.522735118865967,-0.754813015460968,0.0144046014174819,2.633276032019993,-0.30010873079299927,-0.13339363038539886,2.50398850440979,0
1780882668.7440994,56367,-13.441913604736328,-9.893651962280273,-1.5046727657318115,-2.5260372161865234,-0.7310761213302612,0.014376015402376652,2.629741999238235,-0.3001033365726471,-0.13650083541870117,2.503915548324585,0
1780882668.754137,56367,-13.441913604736328,-9.893651962280273,-1.5046727657318115,-2.5260372161865234,-0.7310761213302612,0.014376015402376652,2.629741999238235,-0.300099641084671,-0.1396569013595581,2.503856658935547,0
1780882668.7656128,56391,-13.501718521118164,-9.909628868103027,-1.5043407678604126,-2.53609299659729,-0.6495113968849182,0.014123635366559029,2.617982471131002,-0.3001001477241516,-0.15065167844295502,2.5037453174591064,0
1780882668.7752233,56398,-13.519335746765137,-9.91397476196289,-1.5042431354522705,-2.5386719703674316,-0.6252438426017761,0.014041151851415634,2.614571167473933,-0.300100713968277,-0.1539173126220703,2.503725290298462,0
1780882668.7861316,56413,-13.559492111206055,-9.92325210571289,-1.5040185451507568,-2.5438802242279053,-0.5696201324462891,0.013833880424499512,2.6069110201066596,-0.3000953495502472,-0.15707789361476898,2.5036728382110596,0
1780882668.7984931,56420,-13.577187538146973,-9.927041053771973,-1.5039258003234863,-2.5459280014038086,-0.5449578762054443,0.013690833933651447,2.6036351345962703,-0.30008628964424133,-0.1610541194677353,2.5035948753356934,0
1780882668.8074682,56434,-13.612577438354492,-9.934091567993164,-1.5037401914596558,-2.549546718597412,-0.49526575207710266,0.013310093432664871,2.597239648950115,-0.30007404088974,-0.1673348993062973,2.5034875869750977,0
1780882668.8188133,56434,-13.612577438354492,-9.934091567993164,-1.5037401914596558,-2.549546718597412,-0.49526575207710266,0.013310093432664871,2.597239648950115,-0.30007192492485046,-0.17053306102752686,2.5034537315368652,0
1780882668.8285167,56455,-13.664530754089355,-9.943163871765137,-1.5034765005111694,-2.5536563396453857,-0.4215821325778961,0.012649278156459332,2.5882527310442223,-0.30005747079849243,-0.17977939546108246,2.5033247470855713,0
1780882668.839779,56462,-13.682265281677246,-9.945918083190918,-1.5033886432647705,-2.5547425746917725,-0.39620891213417053,0.0123926205560565,2.5853132696138656,-0.300047367811203,-0.1828521341085434,2.5032577514648438,0
1780882668.8506985,56468,-13.699999809265137,-9.948495864868164,-1.5033056735992432,-2.5556716918945312,-0.3707110583782196,0.012092423625290394,2.5824466523558796,-0.3000388443470001,-0.18593834340572357,2.503195285797119,0
1780882668.860834,56488,-13.751015663146973,-9.954912185668945,-1.503076195716858,-2.557447671890259,-0.29675716161727905,0.011123837903141975,2.574631458519402,-0.3000313937664032,-0.1890464872121811,2.5031416416168213,0
1780882668.870853,56495,-13.76878833770752,-9.956796646118164,-1.5030028820037842,-2.557767629623413,-0.27081772685050964,0.010758085176348686,2.572087328362416,-0.2999829649925232,-0.19754920899868011,2.5028557777404785,0
1780882668.8821192,56502,-13.786561965942383,-9.95849609375,-1.5029296875,-2.5579397678375244,-0.24477240443229675,0.010375646874308586,2.5696453140276607,-0.29995742440223694,-0.2003697007894516,2.502715587615967,0
1780882668.893616,56514,-13.804335594177246,-9.960009574890137,-1.5028612613677979,-2.5578653812408447,-0.19612295925617218,0.009553493931889534,2.5653909629809015,-0.2999360263347626,-0.2032444328069687,2.5025932788848877,0
1780882668.904474,56528,-13.852499961853027,-9.963232040405273,-1.5026904344558716,-2.5572807788848877,-0.14710524678230286,0.008662219159305096,2.5615229785668023,-0.29990142583847046,-0.20816254615783691,2.502387046813965,0
1780882668.9143765,56535,-13.87027359008789,-9.964072227478027,-1.5026317834854126,-2.556758403778076,-0.12054971605539322,0.008160533383488655,2.559611760333187,-0.2998620569705963,-0.2138897031545639,2.5021495819091797,0
1780882668.9241238,56548,-13.888007164001465,-9.964726448059082,-1.5025781393051147,-2.5553534030914307,-0.06987126916646957,0.007134036626666784,2.5563184276268243,-0.2998620569705963,-0.2138897031545639,2.5021495819091797,0
1780882668.9350967,56561,-13.937539100646973,-9.965576171875,-1.5024511814117432,-2.553395986557007,-0.018818700686097145,0.006008028984069824,2.55347240127502,-0.29912805557250977,-0.2248462289571762,2.5017569065093994,0
1780882668.946264,56568,-13.955272674560547,-9.965517044067383,-1.5024120807647705,-2.5521228313446045,0.008221210911870003,0.005391730926930904,2.552141768268692,-0.2985203266143799,-0.22788821160793304,2.5017077922821045,0
1780882668.9562666,56582,-13.972968101501465,-9.965272903442383,-1.5023778676986694,-2.549086332321167,0.06115838885307312,0.004130630288273096,2.5498232370617893,-0.2985203266143799,-0.22788821160793304,2.5017077922821045,0
1780882668.969846,56588,-14.006562232971191,-9.964296340942383,-1.5023242235183716,-2.5473358631134033,0.08702386915683746,0.00349255558103323,2.548824307646806,-0.295938104391098,-0.2363177388906479,2.501444101333618,0
1780882668.977321,56602,-14.041913986206055,-9.962519645690918,-1.5022900104522705,-2.5431015491485596,0.14162224531173706,0.0021098374854773283,2.5470427560335844,-0.2949943244457245,-0.23904798924922943,2.5012969970703125,0
1780882668.988317,56615,-14.0595703125,-9.961347579956055,-1.5022802352905273,-2.5383496284484863,0.19417789578437805,0.0007203245186246932,2.545765977132075,-0.29407450556755066,-0.24171803891658783,2.5011308193206787,0
1780882668.9991424,56622,-14.091991424560547,-9.958710670471191,-1.5022753477096558,-2.535844326019287,0.21939286589622498,3.409385681152344e-05,2.5453172054918345,-0.2912307679653168,-0.24869047105312347,2.5004661083221436,0
1780882669.010411,56636,-14.127147674560547,-9.955087661743164,-1.5022900104522705,-2.5299181938171387,0.27428266406059265,-0.001509494730271399,2.544743469543736,-0.29006531834602356,-0.2509593963623047,2.5001728534698486,0
1780882669.0216587,56648,-14.14468765258789,-9.952987670898438,-1.5023046731948853,-2.5238797664642334,0.3245600759983063,-0.0029919242952018976,2.5446644710276773,-0.2887859046459198,-0.2531689405441284,2.4998605251312256,0
1780882669.0325668,56655,-14.173828125,-9.949101448059082,-1.502343773841858,-2.5209381580352783,0.3473668694496155,-0.0036805581767112017,2.54476059485721,-0.28729355335235596,-0.2552824914455414,2.4995195865631104,0
1780882669.042314,56669,-14.208788871765137,-9.943710327148438,-1.5024120807647705,-2.5134084224700928,0.40208420157432556,-0.005385856609791517,2.5453727842401954,-0.28286847472190857,-0.2605210244655609,2.4984989166259766,0
1780882669.0535307,56669,-14.208788871765137,-9.943710327148438,-1.5024120807647705,-2.5134084224700928,0.40208420157432556,-0.005385856609791517,2.5453727842401954,-0.28097501397132874,-0.26234838366508484,2.498079776763916,0
1780882669.0632505,56688,-14.257499694824219,-9.934911727905273,-1.5025488138198853,-2.5016748905181885,0.47826117277145386,-0.007840662263333797,2.5469928314022883,-0.27530086040496826,-0.267161101102829,2.4968385696411133,0
1780882669.0744371,56702,-14.29214859008789,-9.927704811096191,-1.5026757717132568,-2.4924709796905518,0.5323243141174316,-0.009614171460270882,2.548700294717494,-0.2732140123844147,-0.26875659823417664,2.496371030807495,0
1780882669.0861042,56702,-14.29214859008789,-9.927704811096191,-1.5026757717132568,-2.4924709796905518,0.5323243141174316,-0.009614171460270882,2.548700294717494,-0.27115216851234436,-0.27030646800994873,2.4958958625793457,0
1780882669.0970712,56721,-14.340703010559082,-9.916298866271973,-1.5029003620147705,-2.4783639907836914,0.6078939437866211,-0.012054109014570713,2.551855877444855,-0.26912444829940796,-0.271828293800354,2.495417833328247,0
1780882669.1064057,56728,-14.357890129089355,-9.911893844604492,-1.5029882192611694,-2.473057270050049,0.634486973285675,-0.012791433371603489,2.5531842081965643,-0.26291021704673767,-0.2757453918457031,2.494011163711548,0
1780882669.1172457,56735,-14.375039100646973,-9.907304763793945,-1.50308096408844,-2.4675891399383545,0.6609399318695068,-0.01345236785709858,2.5546073520763106,-0.26055917143821716,-0.27700361609458923,2.4934940338134766,0
1780882669.1266806,56754,-14.42203140258789,-9.893750190734863,-1.5033544301986694,-2.4517178535461426,0.7328892946243286,-0.014689835719764233,2.5589573937143473,-0.25811922550201416,-0.2781822681427002,2.4929680824279785,0
1780882669.1377313,56761,-14.4390230178833,-9.888476371765137,-1.503456950187683,-2.445664405822754,0.7587487697601318,-0.015014486387372017,2.560702934024631,-0.253736674785614,-0.28008902072906494,2.4920337200164795,0
1780882669.1486132,56768,-14.455976486206055,-9.883027076721191,-1.503564476966858,-2.4394562244415283,0.7844564914703369,-0.015292386524379253,2.562528539365382,-0.24845777451992035,-0.2820916175842285,2.4909679889678955,0
1780882669.1598518,56781,-14.47288990020752,-9.877402305603027,-1.5036718845367432,-2.42699933052063,0.8336218595504761,-0.015550012700259686,2.566221533298121,-0.24845777451992035,-0.2820916175842285,2.4909679889678955,0
1780882669.169778,56795,-14.521093368530273,-9.860321998596191,-1.5039843320846558,-2.4139490127563477,0.8821313977241516,-0.01557747833430767,2.570126124700764,-0.23777170479297638,-0.2855461537837982,2.4889261722564697,0
1780882669.1806116,56802,-14.537812232971191,-9.854022979736328,-1.504091739654541,-2.4069712162017822,0.9070044755935669,-0.015584687702357769,2.572238409802137,-0.23510366678237915,-0.286371111869812,2.488403797149658,0
1780882669.190317,56814,-14.554491996765137,-9.847548484802246,-1.5041991472244263,-2.393489122390747,0.9531420469284058,-0.015502857975661755,2.5763366005301234,-0.23510366678237915,-0.286371111869812,2.488403797149658,0
1780882669.2025256,56828,-14.599960327148438,-9.828925132751465,-1.504492163658142,-2.3794803619384766,0.9986702799797058,-0.01522746030241251,2.580600898339933,-0.2275317758321762,-0.2884988784790039,2.4869742393493652,0
1780882669.2127175,56835,-14.61644458770752,-9.821825981140137,-1.5045946836471558,-2.3717732429504395,1.022755742073059,-0.01509898155927658,2.5829373982276818,-0.22134628891944885,-0.2898740768432617,2.485936403274536,0
1780882669.2233047,56848,-14.632851600646973,-9.814559936523438,-1.5046972036361694,-2.356308698654175,1.0690289735794067,-0.014646181836724281,2.587513891817388,-0.21819628775119781,-0.29051196575164795,2.4854209423065186,0
1780882669.2343614,56855,-14.663749694824219,-9.800371170043945,-1.5048877000808716,-2.348567247390747,1.0912654399871826,-0.014399847947061062,2.5897559212496972,-0.2122926265001297,-0.29163047671318054,2.4844539165496826,0
1780882669.244971,56869,-14.696210861206055,-9.7847261428833,-1.5050829648971558,-2.3317582607269287,1.1377148628234863,-0.013733148574829102,2.594548187050592,-0.20929072797298431,-0.2921760082244873,2.4839508533477783,0
1780882669.2563167,56881,-14.712343215942383,-9.7766695022583,-1.5051757097244263,-2.3156771659851074,1.1800365447998047,-0.013003453612327576,2.599041375956475,-0.20637980103492737,-0.29269537329673767,2.4834530353546143,0
1780882669.265998,56888,-14.73964786529541,-9.762617111206055,-1.5053271055221558,-2.3081178665161133,1.1992850303649902,-0.012652735225856304,2.6011252875432866,-0.19867689907550812,-0.2939717769622803,2.4821436405181885,0
1780882669.2755353,56902,-14.771523475646973,-9.745488166809082,-1.5054931640625,-2.2899599075317383,1.2440904378890991,-0.011785035021603107,2.6061113335389794,-0.19281473755836487,-0.2948073148727417,2.481208086013794,0
1780882669.286862,56914,-14.78734302520752,-9.736699104309082,-1.5055712461471558,-2.2719154357910156,1.2865772247314453,-0.010888323187828064,2.610938386512595,-0.19281473755836487,-0.2948073148727417,2.481208086013794,0
1780882669.2983177,56921,-14.816523551940918,-9.720009803771973,-1.5057079792022705,-2.2630324363708496,1.3067747354507446,-0.010466637089848518,2.613251914334115,-0.18978244066238403,-0.29518863558769226,2.4807517528533936,0
1780882669.3081868,56935,-14.847773551940918,-9.701406478881836,-1.5058447122573853,-2.2434136867523193,1.3498270511627197,-0.009627103805541992,2.618211358749702,-0.18057215213775635,-0.29616212844848633,2.479495048522949,0
1780882669.3182948,56946,-14.86328125,-9.691874504089355,-1.5059081315994263,-2.233350992202759,1.3711079359054565,-0.00927641335874796,2.6206639765755493,-0.1772644817829132,-0.2964736223220825,2.4790687561035156,0
1780882669.3294477,56953,-14.887812614440918,-9.676454544067383,-1.506005883216858,-2.2170262336730957,1.404457688331604,-0.008647932671010494,2.624458326178556,-0.17393234372138977,-0.29677581787109375,2.4786477088928223,0
1780882669.3387845,56960,-14.903124809265137,-9.6665620803833,-1.5060644149780273,-2.206580877304077,1.4252009391784668,-0.008237953297793865,2.626835500939058,-0.16562747955322266,-0.2974991500377655,2.4775819778442383,0
1780882669.3497598,56967,-14.91835880279541,-9.656522750854492,-1.5061181783676147,-2.195988416671753,1.4457536935806274,-0.007813487201929092,2.6291880722460297,-0.16249516606330872,-0.29775115847587585,2.477180004119873,0
1780882669.3620203,56986,-14.959687232971191,-9.628339767456055,-1.50625479221344,-2.1662485599517822,1.5010255575180054,-0.006564788520336151,2.635479774967686,-0.1593824028968811,-0.29799017310142517,2.476783514022827,0
1780882669.3716264,56993,-14.974648475646973,-9.617773056030273,-1.5062987804412842,-2.1551311016082764,1.5208783149719238,-0.006062211934477091,2.6377448065506033,-0.15113084018230438,-0.2985656261444092,2.4757332801818848,0
1780882669.3813486,57000,-14.989530563354492,-9.607069969177246,-1.5063378810882568,-2.1438772678375244,1.5405559539794922,-0.005557331722229719,2.6399911497632,-0.14819122850894928,-0.2987499237060547,2.4753634929656982,0
1780882669.3939292,57014,-15.004335403442383,-9.596240043640137,-1.506372094154358,-2.1208505630493164,1.5795762538909912,-0.00449773296713829,2.6444448344113254,-0.1451893001794815,-0.29892024397850037,2.475003957748413,0
1780882669.4037647,57028,-15.048593521118164,-9.562695503234863,-1.5064550638198853,-2.0972344875335693,1.6178808212280273,-0.003525862703099847,2.6487625939493844,-0.13871300220489502,-0.2992250919342041,2.4743049144744873,0
1780882669.4147491,57035,-15.063085556030273,-9.5513277053833,-1.5064746141433716,-2.0852575302124023,1.6366459131240845,-0.003056602319702506,2.6508334830899956,-0.13203486800193787,-0.29949209094047546,2.473647117614746,0
1780882669.4243915,57048,-15.077499389648438,-9.539834022521973,-1.506494164466858,-2.0616073608398438,1.6724741458892822,-0.0021144438069313765,2.654693795866055,-0.13203486800193787,-0.29949209094047546,2.473647117614746,0
1780882669.4343288,57062,-15.118436813354492,-9.506044387817383,-1.5065282583236694,-2.0374035835266113,1.7075963020324707,-0.001190667157061398,2.6583641418305217,-0.12875917553901672,-0.29961514472961426,2.4733285903930664,0
1780882669.4456253,57069,-15.132499694824219,-9.494062423706055,-1.506533145904541,-2.0247018337249756,1.7254509925842285,-0.0007733249221928418,2.6601878206868426,-0.11616288125514984,-0.3000204265117645,2.4721577167510986,0
1780882669.4556396,57081,-15.146484375,-9.481952667236328,-1.506533145904541,-2.0006635189056396,1.7581617832183838,4.102706952835433e-05,2.6634164851807847,-0.11281158775091171,-0.3001086711883545,2.4718704223632812,0
1780882669.4668126,57095,-15.184062004089355,-9.44839859008789,-1.5065233707427979,-1.9761093854904175,1.7902047634124756,0.0008586787735112011,2.666428723160863,-0.10706235468387604,-0.3002443015575409,2.4713892936706543,0
1780882669.4778054,57102,-15.197694778442383,-9.4358491897583,-1.5065135955810547,-1.9626989364624023,1.8071579933166504,0.0012491559609770775,2.667959648943275,-0.10362369567155838,-0.30031344294548035,2.4711191654205322,0
1780882669.4887729,57114,-15.211249351501465,-9.42318344116211,-1.5065038204193115,-1.936734676361084,1.8388631343841553,0.0020517921075224876,2.670648431274219,-0.10009180754423141,-0.3003765046596527,2.4708545207977295,0
1780882669.4985912,57121,-15.235468864440918,-9.39999008178711,-1.5064746141433716,-1.9242051839828491,1.8536711931228638,0.002414960879832506,2.671828646136586,-0.09048625081777573,-0.3005283772945404,2.470144033432007,0
1780882669.5098348,57135,-15.261913299560547,-9.373906135559082,-1.5064306259155273,-1.8960719108581543,1.8858911991119385,0.003186612157151103,2.674263349135645,-0.08716102689504623,-0.30057451128959656,2.4699013233184814,0
1780882669.5211341,57147,-15.274999618530273,-9.360702514648438,-1.5064061880111694,-1.8696036338806152,1.9149274826049805,0.0038944196421653032,2.67626235222928,-0.08388108015060425,-0.30061742663383484,2.469663143157959,0
1780882669.5309331,57154,-15.296875,-9.338173866271973,-1.5063574314117432,-1.8573205471038818,1.92799973487854,0.004229812417179346,2.677095531298625,-0.08056653290987015,-0.3006563186645508,2.4694297313690186,0
1780882669.5420089,57168,-15.322382926940918,-9.311074256896973,-1.506289005279541,-1.8278298377990723,1.9584977626800537,0.004964632913470268,2.6789363654165665,-0.07188888639211655,-0.30074262619018555,2.468827247619629,0
1780882669.552809,57180,-15.3349609375,-9.297372817993164,-1.506250023841858,-1.8128607273101807,1.97348153591156,0.00529122818261385,2.6797614420509763,-0.06859239190816879,-0.3007678985595703,2.4686129093170166,0
1780882669.562481,57187,-15.35765552520752,-9.27212905883789,-1.5061767101287842,-1.785183072090149,2.0002920627593994,0.005938034038990736,2.681059901879054,-0.0591626837849617,-0.3008230924606323,2.468034029006958,0
1780882669.5746548,57201,-15.382147789001465,-9.24404239654541,-1.5060888528823853,-1.754273772239685,2.0290184020996094,0.00660609221085906,2.6822445422595615,-0.055842217057943344,-0.30083712935447693,2.467839002609253,0
1780882669.5845065,57201,-15.382147789001465,-9.24404239654541,-1.5060888528823853,-1.754273772239685,2.0290184020996094,0.00660609221085906,2.6822445422595615,-0.05244456231594086,-0.3008485734462738,2.4676499366760254,0
1780882669.5955648,57222,-15.41738224029541,-9.20199203491211,-1.5059423446655273,-1.707676649093628,2.069929599761963,0.007556314114481211,2.68343533250074,-0.04897552728652954,-0.3008570373058319,2.467466115951538,0
1780882669.6053853,57229,-15.429140090942383,-9.187519073486328,-1.50588858127594,-1.6915473937988281,2.0834546089172363,0.007864140905439854,2.6836873024997274,-0.04224413260817528,-0.3008674383163452,2.4671270847320557,0
1780882669.6154027,57235,-15.44081974029541,-9.172900199890137,-1.5058300495147705,-1.6752097606658936,2.0968377590179443,0.008184690028429031,2.6838635060346374,-0.03549991920590401,-0.3008706271648407,2.4667975902557373,0
1780882669.6264133,57253,-15.469921112060547,-9.135478019714355,-1.5056737661361694,-1.6331334114074707,2.1299288272857666,0.008923978544771671,2.6839897887569153,-0.03232333064079285,-0.3008701503276825,2.466639518737793,0
1780882669.63758,57260,-15.481132507324219,-9.120595932006836,-1.5056103467941284,-1.6163411140441895,2.142650604248047,0.009173340164124966,2.683951258686323,-0.02404140867292881,-0.3008626699447632,2.466252565383911,0
1780882669.6483486,57267,-15.492226600646973,-9.10562515258789,-1.5055468082427979,-1.59940767288208,2.15518856048584,0.009433755651116371,2.6838464246429568,-0.020769454538822174,-0.30085739493370056,2.466107130050659,0
1780882669.6595619,57281,-15.503202438354492,-9.090576171875,-1.5054785013198853,-1.5647282600402832,2.1800084114074707,0.009934009984135628,2.6834511149134768,-0.020769454538822174,-0.30085739493370056,2.466107130050659,0
1780882669.6706097,57295,-15.535898208618164,-9.044228553771973,-1.5052636861801147,-1.5294710397720337,2.20412278175354,0.010371307842433453,2.6828243443380098,-0.00777537003159523,-0.3008258044719696,2.465552568435669,0
1780882669.680046,57302,-15.546405792236328,-9.028838157653809,-1.505190372467041,-1.511823296546936,2.2157859802246094,0.010559730231761932,2.6824296259258222,-0.004538027569651604,-0.30081555247306824,2.465424060821533,0
1780882669.6914225,57314,-15.556796073913574,-9.013368606567383,-1.5051171779632568,-1.4783248901367188,2.237189531326294,0.010885801166296005,2.681525681499384,-0.004538027569651604,-0.30081555247306824,2.465424060821533,0
1780882669.7011814,57328,-15.584726333618164,-8.970399856567383,-1.5049023628234863,-1.4443258047103882,2.257981538772583,0.01114155724644661,2.6804256740092587,0.004406211897730827,-0.300784707069397,2.4650866985321045,0
1780882669.712149,57335,-15.594648361206055,-8.9546480178833,-1.504824161529541,-1.4260047674179077,2.268810272216797,0.011258411221206188,2.679760511657391,0.007735222578048706,-0.3007727563381195,2.4649710655212402,0
1780882669.7224712,57347,-15.604413986206055,-8.938817977905273,-1.5047460794448853,-1.3908631801605225,2.2888357639312744,0.011440763249993324,2.6783204496924644,0.011097549460828304,-0.30075976252555847,2.464857816696167,0
1780882669.733189,57361,-15.631053924560547,-8.894257545471191,-1.5045214891433716,-1.3551981449127197,2.308199644088745,0.01157895103096962,2.676654942470782,0.02060200832784176,-0.3007216155529022,2.4645586013793945,0
1780882669.7459617,57368,-15.640351295471191,-8.878164291381836,-1.5044384002685547,-1.3361854553222656,2.318143844604492,0.011657819151878357,2.675690258613624,0.027464410290122032,-0.3006924092769623,2.4643571376800537,0
1780882669.7558217,57381,-15.649492263793945,-8.862001419067383,-1.5043554306030273,-1.2988749742507935,2.336897850036621,0.011790742166340351,2.6736317588332192,0.027464410290122032,-0.3006924092769623,2.4643571376800537,0
1780882669.765508,57388,-15.666327476501465,-8.831416130065918,-1.5041991472244263,-1.28059983253479,2.345721960067749,0.011873607523739338,2.672543437923478,0.030995093286037445,-0.30067718029022217,2.4642598628997803,0
1780882669.7765286,57402,-15.683711051940918,-8.7986421585083,-1.5040332078933716,-1.241328239440918,2.3639540672302246,0.012048892676830292,2.670078614165236,0.04423408955335617,-0.3006187677383423,2.4639084339141846,0
1780882669.787678,57414,-15.692187309265137,-8.782167434692383,-1.5039501190185547,-1.2043416500091553,2.380218267440796,0.012215389870107174,2.667588241531162,0.04423408955335617,-0.3006187677383423,2.4639084339141846,0
1780882669.797294,57421,-15.70644474029541,-8.753759384155273,-1.5038037300109863,-1.1870992183685303,2.3875062465667725,0.012301306240260601,2.6663724334349377,0.04763677343726158,-0.30060359835624695,2.4638235569000244,0
1780882669.8085108,57435,-15.72249984741211,-8.720419883728027,-1.503627896308899,-1.146531105041504,2.4040021896362305,0.012476987205445766,2.6634405902541185,0.05675441771745682,-0.3005605638027191,2.46360182762146,0
1780882669.819807,57435,-15.72249984741211,-8.720419883728027,-1.503627896308899,-1.146531105041504,2.4040021896362305,0.012476987205445766,2.6634405902541185,0.06014106795191765,-0.30054494738578796,2.463524103164673,0
1780882669.8294158,57455,-15.744335174560547,-8.672734260559082,-1.5033739805221558,-1.0880016088485718,2.426133155822754,0.012736239470541477,2.65895314032335,0.06970932334661484,-0.300500750541687,2.463313102722168,0
1780882669.8398466,57464,-15.751757621765137,-8.655829429626465,-1.5032861232757568,-1.0540580749511719,2.4381070137023926,0.012884464114904404,2.6562323401860195,0.0730159729719162,-0.3004855811595917,2.463243007659912,0
1780882669.850432,57471,-15.760820388793945,-8.634736061096191,-1.5031787157058716,-1.0409384965896606,2.442561626434326,0.01294876541942358,2.6551512053247985,0.0770350769162178,-0.30046674609184265,2.4631571769714355,0
1780882669.8615837,57483,-15.7685546875,-8.616073608398438,-1.50308096408844,-0.9989427924156189,2.456343412399292,0.013079585507512093,2.651731648887866,0.08057965338230133,-0.3004509210586548,2.463085651397705,0
1780882669.8724263,57497,-15.78734302520752,-8.568827629089355,-1.502832055091858,-0.9585170745849609,2.4688057899475098,0.013177666813135147,2.6483826501568646,0.08629335463047028,-0.3004262447357178,2.462975025177002,0
1780882669.8820484,57504,-15.793867111206055,-8.551640510559082,-1.5027391910552979,-0.9368506669998169,2.475182294845581,0.013228664174675941,2.6465811082471826,0.08949737995862961,-0.3004123866558075,2.4629147052764893,0
1780882669.891836,57518,-15.806835174560547,-8.516064643859863,-1.5025488138198853,-0.8917717337608337,2.4877984523773193,0.013284816406667233,2.6428345485733207,0.09601515531539917,-0.3003852367401123,2.4627976417541504,0
1780882669.9029567,57525,-15.81289005279541,-8.498749732971191,-1.5024560689926147,-0.8697139024734497,2.4936482906341553,0.013298163190484047,2.6409961966429414,0.1025005504488945,-0.3003596067428589,2.462690830230713,0
1780882669.9138103,57532,-15.818788528442383,-8.481396675109863,-1.5023632049560547,-0.8475186824798584,2.4993228912353516,0.013280524872243404,2.639143649774736,0.1059180200099945,-0.30034685134887695,2.462639093399048,0
1780882669.9251814,57548,-15.824530601501465,-8.464003562927246,-1.5022704601287842,-0.8002538681030273,2.5106842517852783,0.01325568649917841,2.6351693264003027,0.10945785045623779,-0.3003341853618622,2.4625887870788574,0
1780882669.9349666,57561,-15.841914176940918,-8.407744407653809,-1.5019726753234863,-0.7524009346961975,2.5212080478668213,0.013254532590508461,2.6311162782732223,0.11692576110363007,-0.300307035446167,2.46248197555542,0
1780882669.945824,57568,-15.846991539001465,-8.390204429626465,-1.5018798112869263,-0.729523777961731,2.525916576385498,0.013251413591206074,2.629189056236306,0.12010170519351959,-0.300295352935791,2.4624359607696533,0
1780882669.956205,57581,-15.851913452148438,-8.372636795043945,-1.5017870664596558,-0.6855437159538269,2.534430980682373,0.013179268687963486,2.6255445674087396,0.12317883223295212,-0.3002837598323822,2.462390422821045,0
1780882669.9671721,57595,-15.864882469177246,-8.323027610778809,-1.501528263092041,-0.6411163210868835,2.542336940765381,0.013043041341006756,2.6219605981920626,0.13185803592205048,-0.3002525269985199,2.462268114089966,0
1780882669.9788275,57602,-15.869179725646973,-8.305341720581055,-1.501440405845642,-0.6176460981369019,2.5462324619293213,0.012966246344149113,2.6201058330286298,0.1350529044866562,-0.3002416789531708,2.462226629257202,0
1780882669.988442,57614,-15.873319625854492,-8.287636756896973,-1.5013525485992432,-0.5731477737426758,2.5530712604522705,0.0127812335267663,2.616645675559455,0.138286754488945,-0.30023083090782166,2.462186098098755,0
1780882669.9996421,57621,-15.880194664001465,-8.256386756896973,-1.501196265220642,-0.5521489381790161,2.55605149269104,0.012681331485509872,2.6150389097274545,0.1415240317583084,-0.300220251083374,2.462146759033203,0
1780882670.009519,57635,-15.887382507324219,-8.220820426940918,-1.5010204315185547,-0.5041174292564392,2.5623159408569336,0.01243914570659399,2.611465507257483,0.15389132499694824,-0.30018314719200134,2.462005376815796,0
1780882670.0205905,57648,-15.890703201293945,-8.203007698059082,-1.5009325742721558,-0.4577055871486664,2.567620277404785,0.01218813844025135,2.608125158838427,0.15389132499694824,-0.30018314719200134,2.462005376815796,0
1780882670.0303452,57655,-15.896367073059082,-8.170449256896973,-1.5007762908935547,-0.4353964030742645,2.569913387298584,0.0120653435587883,2.6065629511948645,0.15719202160835266,-0.3001736104488373,2.461970090866089,0
1780882670.0420065,57668,-15.9019136428833,-8.134706497192383,-1.5006103515625,-0.38612833619117737,2.5744383335113525,0.011707772500813007,2.6032604358764044,0.16634583473205566,-0.3001478612422943,2.461874008178711,0
1780882670.0531125,57680,-15.904414176940918,-8.116816520690918,-1.5005321502685547,-0.34116363525390625,2.577878713607788,0.011339282616972923,2.600380715861059,0.1696733832359314,-0.30013927817344666,2.4618420600891113,0
1780882670.0640042,57687,-15.908124923706055,-8.087920188903809,-1.500405192375183,-0.3209458589553833,2.579207420349121,0.011175884865224361,2.5991233256556137,0.17847217619419098,-0.300118088722229,2.461761951446533,0
1780882670.0738964,57700,-15.912070274353027,-8.052069664001465,-1.5002539157867432,-0.27047353982925415,2.5820279121398926,0.010702461935579777,2.596177693746856,0.18170464038848877,-0.30011093616485596,2.4617326259613037,0
1780882670.0852857,57700,-15.912070274353027,-8.052069664001465,-1.5002539157867432,-0.27047353982925415,2.5820279121398926,0.010702461935579777,2.596177693746856,0.18489006161689758,-0.30010363459587097,2.4617044925689697,0
1780882670.096417,57722,-15.916718482971191,-7.997382640838623,-1.500038981437683,-0.19258446991443634,2.5849716663360596,0.00976331252604723,2.592154049450752,0.18801330029964447,-0.3000965118408203,2.461676597595215,0
1780882670.1078365,57729,-15.917890548706055,-7.979423522949219,-1.499975562095642,-0.16677060723304749,2.585570812225342,0.009433560073375702,2.5909607971801023,0.19786585867404938,-0.30007708072662354,2.4615981578826904,0
1780882670.1174645,57735,-15.918867111206055,-7.961445331573486,-1.4999120235443115,-0.14080074429512024,2.585988998413086,0.009104594588279724,2.5898352926682793,0.20096659660339355,-0.300071120262146,2.461573600769043,0
1780882670.1281774,57753,-15.920546531677246,-7.915791034698486,-1.4997656345367432,-0.07434830069541931,2.586251735687256,0.00823068618774414,2.587333270832492,0.2084827572107315,-0.30005618929862976,2.4615139961242676,0
1780882670.138187,57760,-15.9208984375,-7.897831916809082,-1.4997118711471558,-0.0479993037879467,2.5860729217529297,0.007834338583052158,2.586530198286673,0.2114211618900299,-0.3000507056713104,2.461491346359253,0
1780882670.1496992,57767,-15.921053886413574,-7.879872798919678,-1.499658226966858,-0.021529335528612137,2.585728645324707,0.007399940397590399,2.5858288610538276,0.21429133415222168,-0.30004557967185974,2.4614691734313965,0
1780882670.1593084,57781,-15.921015739440918,-7.861923694610596,-1.499609351158142,0.03207880258560181,2.5845494270324707,0.006427120883017778,2.5847564872211937,0.21429133415222168,-0.30004557967185974,2.4614691734313965,0
1780882670.1701994,57795,-15.91976547241211,-7.807656288146973,-1.499487280845642,0.08613455295562744,2.582711696624756,0.0053480626083910465,2.5841531438498095,0.22580544650554657,-0.2998461425304413,2.4614298343658447,0
1780882670.1805754,57802,-15.918984413146973,-7.789726257324219,-1.499453067779541,0.11315255612134933,2.5815422534942627,0.004808607045561075,2.584025354023205,0.2287578582763672,-0.2997175455093384,2.4614410400390625,0
1780882670.191551,57815,-15.918007850646973,-7.771806240081787,-1.4994237422943115,0.16526874899864197,2.578803300857544,0.003703656140714884,2.5840963490121935,0.2287578582763672,-0.2997175455093384,2.4614410400390625,0
1780882670.2022443,57829,-15.914217948913574,-7.72106409072876,-1.4993603229522705,0.21768879890441895,2.5754213333129883,0.0025147676933556795,2.5846063106996877,0.23648862540721893,-0.29866036772727966,2.461648464202881,0
1780882670.2121096,57836,-15.91249942779541,-7.703193187713623,-1.4993456602096558,0.24510084092617035,2.5734057426452637,0.0018716095946729183,2.5850522318562175,0.24138492345809937,-0.29724836349487305,2.4619712829589844,0
1780882670.2231758,57848,-15.910624504089355,-7.685341835021973,-1.4993358850479126,0.29670295119285583,2.5691347122192383,0.0005763816880062222,2.58621076925146,0.24367566406726837,-0.29637739062309265,2.462176561355591,0
1780882670.234737,57855,-15.906874656677246,-7.654023170471191,-1.499330997467041,0.3208596110343933,2.566920518875122,-6.143093196442351e-05,2.5868961795922596,0.24744875729084015,-0.29454168677330017,2.462620496749878,0
1780882670.2432802,57869,-15.901835441589355,-7.61843729019165,-1.4993456602096558,0.37590017914772034,2.561392068862915,-0.0016031122067943215,2.5888284696143695,0.24944624304771423,-0.2933586835861206,2.462909698486328,0
1780882670.2558575,57881,-15.898944854736328,-7.600194931030273,-1.499365210533142,0.4283841550350189,2.555467128753662,-0.0031695652287453413,2.591126256393017,0.2532452344894409,-0.29078516364097595,2.4635396003723145,0
1780882670.2654665,57888,-15.8935546875,-7.568925380706787,-1.4994091987609863,0.452596515417099,2.5525107383728027,-0.0039193774573504925,2.592329075714699,0.2562904953956604,-0.2880886495113373,2.4642021656036377,0
1780882670.2767534,57902,-15.88671875,-7.533544540405273,-1.4994823932647705,0.5073908567428589,2.5453126430511475,-0.005656318739056587,2.5953986064425534,0.25793346762657166,-0.2864241302013397,2.4646098613739014,0
1780882670.286508,57915,-15.883007049560547,-7.51589822769165,-1.4995263814926147,0.5594712495803833,2.5377769470214844,-0.007347292732447386,2.598725436565244,0.2595435678958893,-0.2847440242767334,2.4650189876556396,0
1780882670.2978797,57921,-15.87582015991211,-7.483867168426514,-1.4996289014816284,0.5841877460479736,2.533963441848755,-0.008159289136528969,2.6004446968274126,0.2610907554626465,-0.28302645683288574,2.4654321670532227,0
1780882670.3102167,57935,-15.867148399353027,-7.44875955581665,-1.4997607469558716,0.6383299231529236,2.525096893310547,-0.009957151487469673,2.604549587983446,0.26513412594795227,-0.2779615819454193,2.4666261672973633,0
1780882670.319902,57948,-15.86253833770752,-7.431259632110596,-1.4998339414596558,0.6892547607421875,2.516038656234741,-0.011632103472948074,2.608765599034244,0.26645123958587646,-0.2759121358394623,2.467106580734253,0
1780882670.329778,57955,-15.853827476501465,-7.399999618530273,-1.4999853372573853,0.713145911693573,2.5115387439727783,-0.012361664324998856,2.6108536467191152,0.2698914706707001,-0.2699349820613861,2.4684832096099854,0
1780882670.3408651,57969,-15.843358993530273,-7.365224361419678,-1.5001708269119263,0.7660847306251526,2.501023292541504,-0.013667535036802292,2.6157580403864076,0.2710305452346802,-0.2677532434463501,2.4689712524414062,0
1780882670.3517828,57980,-15.83773422241211,-7.347489833831787,-1.50027334690094,0.8137607574462891,2.490844488143921,-0.014495010487735271,2.6204432716251556,0.27209728956222534,-0.26543569564819336,2.469487428665161,0
1780882670.3630505,57987,-15.828554153442383,-7.31982421875,-1.5004394054412842,0.8345035910606384,2.48618745803833,-0.014789676293730736,2.622545148233881,0.27312591671943665,-0.26293396949768066,2.4700419902801514,0
1780882670.3742929,58001,-15.816445350646973,-7.285419940948486,-1.500649333000183,0.8858357071876526,2.4740922451019287,-0.015296606346964836,2.627940509898937,0.2755293846130371,-0.2559046745300293,2.4715943336486816,0
1780882670.3838372,58001,-15.816445350646973,-7.285419940948486,-1.500649333000183,0.8858357071876526,2.4740922451019287,-0.015296606346964836,2.627940509898937,0.2763920724391937,-0.25306829810142517,2.472209930419922,0
1780882670.3946378,58022,-15.7964448928833,-7.232900142669678,-1.5009814500808716,0.9631803035736084,2.454150438308716,-0.015473980456590652,2.636438907904786,0.2772406041622162,-0.2502685785293579,2.472806215286255,0
1780882670.4046884,58029,-15.789569854736328,-7.215908050537109,-1.5010888576507568,0.9879733920097351,2.4473142623901367,-0.015410585328936577,2.6392567151297697,0.2788986563682556,-0.24458037316799164,2.473968982696533,0
1780882670.4155717,58036,-15.782538414001465,-7.198964595794678,-1.501196265220642,1.0125912427902222,2.4403138160705566,-0.015307903289794922,2.6421027379311766,0.2796643078327179,-0.2418808788061142,2.4744985103607178,0
1780882670.426354,58054,-15.763983726501465,-7.156200885772705,-1.5014599561691284,1.0742062330245972,2.421827554702759,-0.014829568564891815,2.6494126994279807,0.2822033166885376,-0.23244868218898773,2.4762420654296875,0
1780882670.4377463,58060,-15.756366729736328,-7.13943338394165,-1.501562476158142,1.098217487335205,2.414264440536499,-0.01461352314800024,2.652351408351967,0.28286269307136536,-0.229628786444664,2.476752996444702,0
1780882670.4493408,58067,-15.7485933303833,-7.122724533081055,-1.5016601085662842,1.1220375299453735,2.4065418243408203,-0.014340543188154697,2.6552998742301197,0.28348052501678467,-0.22663317620754242,2.4773032665252686,0
1780882670.4587793,58082,-15.74062442779541,-7.106064319610596,-1.5017577409744263,1.1699401140213013,2.390300750732422,-0.013570603914558887,2.661293240257218,0.28348052501678467,-0.22663317620754242,2.4773032665252686,0
1780882670.4701283,58096,-15.715155601501465,-7.055185317993164,-1.5020360946655273,1.2170566320419312,2.373368263244629,-0.012772707268595695,2.6672583115673376,0.28518715500831604,-0.217276930809021,2.4789493083953857,0
1780882670.479629,58103,-15.706562042236328,-7.038759708404541,-1.5021239519119263,1.2399177551269531,2.3648018836975098,-0.012456516735255718,2.6701758656364807,0.2857063114643097,-0.21425364911556244,2.4794538021087646,0
1780882670.4908428,58115,-15.6978120803833,-7.022402286529541,-1.5022070407867432,1.2820720672607422,2.3483710289001465,-0.011813349090516567,2.675573738517498,0.28672367334365845,-0.20819984376430511,2.480438709259033,0
1780882670.5022416,58129,-15.673046112060547,-6.977978229522705,-1.5024267435073853,1.3235442638397217,2.331359624862671,-0.011158928275108337,2.6808826234028027,0.287544310092926,-0.20258496701717377,2.4813742637634277,0
1780882670.511905,58136,-15.663710594177246,-6.961855411529541,-1.5024999380111694,1.3454605340957642,2.322011709213257,-0.0107733104377985,2.6836763014101606,0.2879895567893982,-0.19927452504634857,2.4819204807281494,0
1780882670.5231729,58148,-15.654218673706055,-6.94580078125,-1.5025732517242432,1.3862262964248657,2.3039183616638184,-0.010014676488935947,2.688821945733237,0.2884206473827362,-0.19598399102687836,2.4824514389038086,0
1780882670.5329103,58155,-15.637069702148438,-6.917500019073486,-1.5026953220367432,1.4051300287246704,2.295201301574707,-0.009687313809990883,2.691176927744231,0.28883466124534607,-0.19268928468227386,2.4829723834991455,0
1780882670.5443013,58169,-15.617109298706055,-6.885829925537109,-1.5028222799301147,1.4471880197525024,2.2750515937805176,-0.008923935703933239,2.6963480034125586,0.2902502119541168,-0.17962181568145752,2.485032320022583,0
1780882670.5557606,58181,-15.606913566589355,-6.870107173919678,-1.5028808116912842,1.4862414598464966,2.2553184032440186,-0.008288469165563583,2.7010078629465157,0.2902502119541168,-0.17962181568145752,2.485032320022583,0
1780882670.565411,58188,-15.588358879089355,-6.84215784072876,-1.5029833316802979,1.504393219947815,2.2457876205444336,-0.007972793653607368,2.7031138640934507,0.2912130057811737,-0.16979001462459564,2.486517906188965,0
1780882670.5764887,58202,-15.567030906677246,-6.811191082000732,-1.5030858516693115,1.5443941354751587,2.2240023612976074,-0.00719606876373291,2.707654249004671,0.2915424704551697,-0.1663139909505844,2.487016439437866,0
1780882670.5875187,58214,-15.556171417236328,-6.795820236206055,-1.5031347274780273,1.5640565156936646,2.212869167327881,-0.006739845033735037,2.709816997788831,0.2918630540370941,-0.16284094750881195,2.4875030517578125,0
1780882670.5973501,58221,-15.53636646270752,-6.768456935882568,-1.5032079219818115,1.5987294912338257,2.192497730255127,-0.005823769606649876,2.713487829271965,0.29217010736465454,-0.15936732292175293,2.4879767894744873,0
1780882670.6082876,58235,-15.513750076293945,-6.738242149353027,-1.5032812356948853,1.6366405487060547,2.169175148010254,-0.00478657241910696,2.717339879310221,0.2929692268371582,-0.1497209072113037,2.4892094135284424,0
1780882670.6192129,58235,-15.513750076293945,-6.738242149353027,-1.5032812356948853,1.6366405487060547,2.169175148010254,-0.00478657241910696,2.717339879310221,0.29323458671569824,-0.14620767533779144,2.489642858505249,0
1780882670.6300461,58255,-15.480976104736328,-6.696171760559082,-1.5033544301986694,1.6887104511260986,2.1351189613342285,-0.0034343386068940163,2.7222211081161527,0.2934929430484772,-0.14266525208950043,2.4900732040405273,0
1780882670.6416147,58262,-15.46914005279541,-6.68142557144165,-1.5033739805221558,1.7067404985427856,2.1227331161499023,-0.0029519605450332165,2.723778207901042,0.2941579520702362,-0.13204453885555267,2.491414785385132,0
1780882670.6513197,58269,-15.457148551940918,-6.666767597198486,-1.5033886432647705,1.7245336771011353,2.1101796627044678,-0.002436289796605706,2.7252303660159587,0.29438158869743347,-0.12835679948329926,2.491846799850464,0
1780882670.6615016,58288,-15.42269515991211,-6.625868797302246,-1.50341796875,1.7735748291015625,2.0738558769226074,-0.0009335136273875833,2.728817829045531,0.29460394382476807,-0.12479817122220993,2.4922311305999756,0
1780882670.6739042,58295,-15.410273551940918,-6.611562252044678,-1.5034228563308716,1.7905559539794922,2.0606939792633057,-0.000389881111914292,2.729935979562658,0.2951955199241638,-0.11497055739164352,2.493192434310913,0
1780882670.6831768,58302,-15.397733688354492,-6.597343444824219,-1.5034228563308716,1.8073368072509766,2.0473761558532715,0.0001437520986655727,2.730973357443338,0.2953934371471405,-0.11151361465454102,2.4935059547424316,0
1780882670.6929038,58314,-15.385077476501465,-6.583222389221191,-1.50341796875,1.8381892442703247,2.0220320224761963,0.001087512937374413,2.7326826344006125,0.2953934371471405,-0.11151361465454102,2.4935059547424316,0
1780882670.7061677,58328,-15.349764823913574,-6.544990062713623,-1.5033886432647705,1.8683379888534546,1.9961401224136353,0.001998424530029297,2.734093309052033,0.29607903957366943,-0.09831010550260544,2.494685411453247,0
1780882670.7167447,58335,-15.336679458618164,-6.531230449676514,-1.5033739805221558,1.8841934204101562,1.9820557832717896,0.0023697279393672943,2.7347276992652443,0.2962418794631958,-0.09450089931488037,2.4950673580169678,0
1780882670.7278125,58355,-15.299296379089355,-6.493046760559082,-1.5033154487609863,1.9275989532470703,1.9414832592010498,0.0032778738532215357,2.735873848475863,0.29639825224876404,-0.0905151292681694,2.4954991340637207,0
1780882670.7390184,58362,-15.285820007324219,-6.479667663574219,-1.5032910108566284,1.9425994157791138,1.9267325401306152,0.003600482828915119,2.7360562375178126,0.2966688573360443,-0.08329378813505173,2.496264934539795,0
1780882670.7487054,58369,-15.272187232971191,-6.466367244720459,-1.503261685371399,1.9573911428451538,1.9117940664291382,0.003948345314711332,2.7361199220708587,0.29695194959640503,-0.07558297365903854,2.4970085620880127,0
1780882670.7596037,58386,-15.236796379089355,-6.432695388793945,-1.5031836032867432,1.9943422079086304,1.8726649284362793,0.004844703711569309,2.735744550866396,0.29708972573280334,-0.0717092752456665,2.4973537921905518,0
1780882670.7698371,58393,-15.222850799560547,-6.41979455947876,-1.503149390220642,2.0083513259887695,1.8571652173995972,0.005179753061383963,2.7354276673239815,0.2974144518375397,-0.06220328435301781,2.498138189315796,0
1780882670.781028,58400,-15.208788871765137,-6.406982421875,-1.5031102895736694,2.022172451019287,1.8414794206619263,0.005534477066248655,2.735006125919855,0.2975364029407501,-0.05853283032774925,2.4984073638916016,0
1780882670.7922702,58415,-15.194647789001465,-6.394306659698486,-1.5030713081359863,2.049837350845337,1.808870792388916,0.006284203380346298,2.733840924357242,0.2975364029407501,-0.05853283032774925,2.4984073638916016,0
1780882670.801951,58429,-15.150195121765137,-6.355663776397705,-1.5029296875,2.076660633087158,1.7756006717681885,0.006995124742388725,2.7322748877753424,0.29788368940353394,-0.047239065170288086,2.499147415161133,0
1780882670.812742,58436,-15.135703086853027,-6.343447208404541,-1.5028808116912842,2.0894339084625244,1.7591406106948853,0.007298393175005913,2.7313665101139195,0.2980915904045105,-0.0399775467813015,2.499573230743408,0
1780882670.822525,58448,-15.12109375,-6.331347465515137,-1.5028271675109863,2.11281156539917,1.727882981300354,0.007786531466990709,2.7293979076023667,0.2980915904045105,-0.0399775467813015,2.499573230743408,0
1780882670.833782,58462,-15.080585479736328,-6.298739910125732,-1.5026708841323853,2.135488986968994,1.6960549354553223,0.008208250626921654,2.727083228089413,0.2983619272708893,-0.029755113646388054,2.500204563140869,0
1780882670.8451157,58469,-15.06566333770752,-6.287079811096191,-1.5026122331619263,2.1473207473754883,1.6788086891174316,0.008372291922569275,2.7257026804179234,0.2984526753425598,-0.02586805820465088,2.500476360321045,0
1780882670.8549695,58481,-15.050663948059082,-6.275546550750732,-1.5025537014007568,2.168841600418091,1.6461023092269897,0.008750515058636665,2.72279328478317,0.29854029417037964,-0.0218507032841444,2.500784158706665,0
1780882670.866667,58488,-15.024374961853027,-6.255742073059082,-1.5024462938308716,2.1786012649536133,1.6306774616241455,0.008916902355849743,2.721303358072024,0.29876118898391724,-0.011245249770581722,2.5014848709106445,0
1780882670.8767765,58502,-14.993906021118164,-6.233466625213623,-1.5023193359375,2.200479745864868,1.5947679281234741,0.009197087027132511,2.7176240437084997,0.2989093065261841,-0.0034567115362733603,2.501991033554077,0
1780882670.8879898,58514,-14.978554725646973,-6.222519397735596,-1.5022557973861694,2.220568895339966,1.5598801374435425,0.00946370605379343,2.713713659153175,0.2989093065261841,-0.0034567115362733603,2.501991033554077,0
1780882670.8991096,58521,-14.950468063354492,-6.202939510345459,-1.502138614654541,2.229867458343506,1.543060302734375,0.009578408673405647,2.7117219115474844,0.2989809215068817,0.00040054318378679454,2.5022265911102295,0
1780882670.910603,58535,-14.919296264648438,-6.181894302368164,-1.5020018815994263,2.2497763633728027,1.5055956840515137,0.00983119010925293,2.7071033783962632,0.2991654872894287,0.010963677428662777,2.502760648727417,0
1780882670.9203374,58548,-14.903593063354492,-6.171572208404541,-1.5019335746765137,2.268141031265259,1.4691001176834106,0.010053419508039951,2.702373024719246,0.2992250919342041,0.01458656694740057,2.5028984546661377,0
1780882670.9300585,58555,-14.874648094177246,-6.152958869934082,-1.501806616783142,2.2766826152801514,1.4514439105987549,0.010159310884773731,2.700014142172357,0.2993811070919037,0.02457570843398571,2.5031697750091553,0
1780882670.9411013,58569,-14.842851638793945,-6.133212566375732,-1.5016601085662842,2.294795513153076,1.41255521774292,0.01033517811447382,2.6947180754703997,0.2994309961795807,0.028017399832606316,2.5032308101654053,0
1780882670.9512136,58569,-14.842851638793945,-6.133212566375732,-1.5016601085662842,2.294795513153076,1.41255521774292,0.01033517811447382,2.6947180754703997,0.2994791567325592,0.03152430057525635,2.503305673599243,0
1780882670.963786,58587,-14.801093101501465,-6.108310222625732,-1.5014697313308716,2.3172223567962646,1.3610920906066895,0.010558976791799068,2.6874156027565617,0.29952582716941833,0.03510153293609619,2.503399133682251,0
1780882670.9735703,58601,-14.768749237060547,-6.089824199676514,-1.5013232231140137,2.3335843086242676,1.3208973407745361,0.010828180238604546,2.6815112828048893,0.299641877412796,0.044672366231679916,2.503711462020874,0
1780882670.984893,58601,-14.768749237060547,-6.089824199676514,-1.5013232231140137,2.3335843086242676,1.3208973407745361,0.010828180238604546,2.6815112828048893,0.29967883229255676,0.04818510636687279,2.503777265548706,0
1780882670.9960275,58621,-14.720429420471191,-6.063466548919678,-1.5010888576507568,2.356489658355713,1.2603261470794678,0.011271738447248936,2.6723758266825466,0.29971078038215637,0.05154383182525635,2.5037951469421387,0
1780882671.0058427,58628,-14.704023361206055,-6.054853439331055,-1.5010106563568115,2.3638768196105957,1.2396299839019775,0.011409267783164978,2.66921829131161,0.29979684948921204,0.06148814782500267,2.5038373470306396,0
1780882671.0172946,58635,-14.687539100646973,-6.04638671875,-1.5009325742721558,2.371086359024048,1.2188076972961426,0.01156503614038229,2.666022594615276,0.29982268810272217,0.06480788439512253,2.5038387775421143,0
1780882671.028456,58654,-14.641523361206055,-6.023612976074219,-1.5007030963897705,2.390211820602417,1.1602747440338135,0.011997070163488388,2.6569708238297913,0.2998460829257965,0.06807362288236618,2.5038225650787354,0
1780882671.0367455,58661,-14.624882698059082,-6.015703201293945,-1.5006201267242432,2.396786689758301,1.1389745473861694,0.0121400635689497,2.6536760987240964,0.299883633852005,0.07385741919279099,2.5037848949432373,0
1780882671.0493965,58668,-14.608202934265137,-6.007939338684082,-1.5005370378494263,2.4031941890716553,1.1175507307052612,0.012283716350793839,2.6503608878367904,0.29992061853408813,0.0803607702255249,2.5037405490875244,0
1780882671.0590205,58681,-14.591484069824219,-6.000331878662109,-1.5004491806030273,2.4150872230529785,1.0758140087127686,0.012497739866375923,2.643894526980634,0.29992061853408813,0.0803607702255249,2.5037405490875244,0
1780882671.0698206,58695,-14.543397903442383,-5.979384422302246,-1.5001952648162842,2.426328659057617,1.0336016416549683,0.012723302468657494,2.637340516092279,0.29999202489852905,0.09336983412504196,2.5037996768951416,0
1780882671.0810242,58702,-14.526522636413574,-5.972362995147705,-1.5001074075698853,2.4319005012512207,1.0115541219711304,0.012845015153288841,2.6339223192943657,0.300006240606308,0.0966935083270073,2.5038022994995117,0
1780882671.0905633,58714,-14.509452819824219,-5.965429782867432,-1.5000146627426147,2.4419498443603516,0.9695781469345093,0.013044948689639568,2.6274266870972474,0.30001819133758545,0.10000430792570114,2.5037927627563477,0
1780882671.101543,58728,-14.462577819824219,-5.947275161743164,-1.4997656345367432,2.451362133026123,0.9273512959480286,0.013198837637901306,2.620940850657615,0.30003562569618225,0.10573279857635498,2.5037636756896973,0
1780882671.11302,58735,-14.445507049560547,-5.940996170043945,-1.499672770500183,2.4561386108398438,0.9047068357467651,0.013270349241793156,2.617496406200819,0.3000428080558777,0.10895096510648727,2.5037355422973633,0
1780882671.1230245,58748,-14.428437232971191,-5.934873104095459,-1.4995800256729126,2.464914560317993,0.8605462312698364,0.013359088450670242,2.610847002615166,0.3000529706478119,0.11532866209745407,2.5036590099334717,0
1780882671.1323748,58755,-14.396406173706055,-5.923837661743164,-1.4994043111801147,2.4689323902130127,0.8390468955039978,0.013385143131017685,2.607643764465245,0.3000648617744446,0.12138902395963669,2.5036191940307617,0
1780882671.144595,58769,-14.362030982971191,-5.912665843963623,-1.4992187023162842,2.4770491123199463,0.7926896214485168,0.01343067642301321,2.6008286225482844,0.30007198452949524,0.12466191500425339,2.5036075115203857,0
1780882671.1542947,58782,-14.344804763793945,-5.907324314117432,-1.4991259574890137,2.4841504096984863,0.7480409741401672,0.013428634963929653,2.5943686872213676,0.30007845163345337,0.12793932855129242,2.5035972595214844,0
1780882671.1641252,58788,-14.313515663146973,-5.898046970367432,-1.4989598989486694,2.487306833267212,0.7266615033149719,0.013426770456135273,2.591314820970741,0.3000863194465637,0.13125765323638916,2.503601312637329,0
1780882671.1755688,58802,-14.278905868530273,-5.888447284698486,-1.4987744092941284,2.4938199520111084,0.6791126728057861,0.013345761224627495,2.5846682736391475,0.3000907897949219,0.14027927815914154,2.503516912460327,0
1780882671.1867151,58814,-14.261523246765137,-5.883886814117432,-1.498681664466858,2.499243974685669,0.6346139907836914,0.01322824414819479,2.578590767986318,0.30009496212005615,0.14354918897151947,2.503507375717163,0
1780882671.1980276,58821,-14.232030868530273,-5.876523494720459,-1.4985253810882568,2.50152587890625,0.6140737533569336,0.013176913373172283,2.575828396544615,0.3001098036766052,0.15248773992061615,2.5035173892974854,0
1780882671.2076871,58835,-14.197226524353027,-5.868505954742432,-1.4983446598052979,2.506455659866333,0.5653586983680725,0.012977099046111107,2.569458860888041,0.3001081645488739,0.15567825734615326,2.5034852027893066,0
1780882671.2188613,58835,-14.197226524353027,-5.868505954742432,-1.4983446598052979,2.506455659866333,0.5653586983680725,0.012977099046111107,2.569458860888041,0.30010223388671875,0.1587967723608017,2.5034310817718506,0
1780882671.2295861,58855,-14.146796226501465,-5.858105182647705,-1.4980907440185547,2.512450695037842,0.4940488040447235,0.012492942623794079,2.5605953974397355,0.3000931143760681,0.16186320781707764,2.5033602714538574,0
1780882671.2410023,58862,-14.129335403442383,-5.854843616485596,-1.4980077743530273,2.5142104625701904,0.4691642224788666,0.012299861758947372,2.557639654906629,0.3000868558883667,0.1678563356399536,2.5032880306243896,0
1780882671.2506955,58869,-14.1118745803833,-5.851757526397705,-1.4979248046875,2.515805721282959,0.4441649615764618,0.012106484733521938,2.5547421606308713,0.3000738322734833,0.17409825325012207,2.503183603286743,0
1780882671.2604406,58886,-14.067733764648438,-5.8447265625,-1.497719645500183,2.519117593765259,0.38059306144714355,0.011546645313501358,2.547731903999589,0.3000563383102417,0.17704427242279053,2.5030770301818848,0
1780882671.2731674,58894,-14.050233840942383,-5.842255592346191,-1.4976415634155273,2.5201830863952637,0.35519835352897644,0.011263985186815262,2.545116016346748,0.29999977350234985,0.1842624992132187,2.5027458667755127,0
1780882671.2826052,58900,-14.032733917236328,-5.839970588684082,-1.4975634813308716,2.5211050510406494,0.3296894431114197,0.010935449041426182,2.542594224670451,0.2999853491783142,0.18723343312740326,2.502650737762451,0
1780882671.292166,58915,-14.015233993530273,-5.837861061096191,-1.4974901676177979,2.5224952697753906,0.27776065468788147,0.010220388881862164,2.537762365486721,0.2999853491783142,0.18723343312740326,2.502650737762451,0
1780882671.302829,58928,-13.961874961853027,-5.832539081573486,-1.4972851276397705,2.523233652114868,0.22536581754684448,0.009456191211938858,2.533295725815628,0.29994943737983704,0.1995217651128769,2.5023770332336426,0
1780882671.3137379,58935,-13.9443359375,-5.831152439117432,-1.49722158908844,2.523365020751953,0.19928942620754242,0.00905638188123703,2.5312386930918653,0.29994118213653564,0.2025507539510727,2.502312421798706,0
1780882671.3246698,58949,-13.926796913146973,-5.82995080947876,-1.4971630573272705,2.523164749145508,0.1484304517507553,0.008184518665075302,2.527540095959553,0.29992038011550903,0.2056097835302353,2.502261161804199,0
1780882671.3344338,58962,-13.876483917236328,-5.82750940322876,-1.497011661529541,2.5223591327667236,0.09714265912771225,0.007242769934237003,2.524239439631356,0.29983147978782654,0.21132491528987885,2.5021655559539795,0
1780882671.3454986,58969,-13.858983993530273,-5.82702112197876,-1.4969629049301147,2.5217137336730957,0.0705096647143364,0.006737894844263792,2.522708299950782,0.2997696101665497,0.21426568925380707,2.5020837783813477,0
1780882671.3565094,58979,-13.841484069824219,-5.826718807220459,-1.4969189167022705,2.5202319622039795,0.024449080228805542,0.0057927463203668594,2.520357208164844,0.29971131682395935,0.2171071618795395,2.501972198486328,0
1780882671.3666105,58993,-13.798828125,-5.826718807220459,-1.496826171875,2.5182723999023438,-0.021885858848690987,0.004798135720193386,2.518372072000848,0.2986859977245331,0.2269805520772934,2.5016262531280518,0
1780882671.377843,59000,-13.781367301940918,-5.827060222625732,-1.4967968463897705,2.5169148445129395,-0.048936717212200165,0.004200143739581108,2.517394045045101,0.2982023358345032,0.22982321679592133,2.501516819000244,0
1780882671.3890693,59013,-13.76390552520752,-5.827587604522705,-1.4967724084854126,2.5137763023376465,-0.10174650698900223,0.002940096892416477,2.5158363011230542,0.2982023358345032,0.22982321679592133,2.501516819000244,0
1780882671.3987515,59020,-13.730976104736328,-5.829091548919678,-1.4967381954193115,2.512006998062134,-0.12746872007846832,0.002295641927048564,2.5152400885170847,0.2959308922290802,0.23770616948604584,2.501098155975342,0
1780882671.4095116,59034,-13.69613265991211,-5.831425666809082,-1.4967236518859863,2.5077388286590576,-0.18209882080554962,0.0008836602792143822,2.5143418212642774,0.294979989528656,0.2403261512517929,2.50091814994812,0
1780882671.4206088,59048,-13.678750038146973,-5.83288049697876,-1.4967236518859863,2.502764940261841,-0.2367444783449173,-0.0005997228436172009,2.5139372812180802,0.2939974069595337,0.24291692674160004,2.5007290840148926,0
1780882671.4305139,59055,-13.644179344177246,-5.836347579956055,-1.4967381954193115,2.500020980834961,-0.26403671503067017,-0.0013653706992045045,2.513925646421615,0.29062724113464355,0.25011488795280457,2.4999918937683105,0
1780882671.4431288,59069,-13.60953140258789,-5.840585708618164,-1.4967724084854126,2.4939920902252197,-0.3188898265361786,-0.0029651164077222347,2.5142983234870013,0.28932827711105347,0.25235044956207275,2.4996938705444336,0
1780882671.4521594,59080,-13.592226028442383,-5.842988014221191,-1.4967968463897705,2.48801851272583,-0.36764994263648987,-0.004457073286175728,2.5150392572461655,0.28780046105384827,0.254462331533432,2.4993598461151123,0
1780882671.4619894,59086,-13.56527328491211,-5.847089767456055,-1.496850609779358,2.4852135181427,-0.3889728784561157,-0.005124101415276527,2.5154745849141404,0.2860676348209381,0.2564741373062134,2.4989981651306152,0
1780882671.4732654,59100,-13.530858993530273,-5.85305643081665,-1.4969433546066284,2.477569580078125,-0.4435086250305176,-0.0068776365369558334,2.5169621027121747,0.28134095668792725,0.2612921893596649,2.4979846477508545,0
1780882671.484429,59100,-13.530858993530273,-5.85305643081665,-1.4969433546066284,2.477569580078125,-0.4435086250305176,-0.0068776365369558334,2.5169621027121747,0.2792850434780121,0.26305997371673584,2.497560977935791,0
1780882671.4952652,59120,-13.483046531677246,-5.862627029418945,-1.497109293937683,2.465693235397339,-0.5190210938453674,-0.009350547567009926,2.5197447211335597,0.27305591106414795,0.2677040100097656,2.4963185787200928,0
1780882671.506571,59127,-13.465937614440918,-5.866415977478027,-1.4971826076507568,2.4610962867736816,-0.5459344387054443,-0.01023184321820736,2.5209411010080096,0.2707900106906891,0.2692454755306244,2.495849609375,0
1780882671.516032,59134,-13.448866844177246,-5.87039041519165,-1.4972606897354126,2.4563231468200684,-0.5727486610412598,-0.011107387021183968,2.5222386493698483,0.2686299979686737,0.2707332372665405,2.4953720569610596,0
1780882671.5286162,59149,-13.431835174560547,-5.874550819396973,-1.49734365940094,2.445948362350464,-0.6278154850006104,-0.012771296314895153,2.5252680611176768,0.2665823996067047,0.27218401432037354,2.4948902130126953,0
1780882671.5382264,59162,-13.378710746765137,-5.88878870010376,-1.4976317882537842,2.4349069595336914,-0.6823050379753113,-0.014017724432051182,2.5287365546909686,0.26186496019363403,0.27503249049186707,2.493826150894165,0
1780882671.5497322,59169,-13.361835479736328,-5.893710613250732,-1.4977343082427979,2.429314613342285,-0.7084673643112183,-0.014533872716128826,2.530554628999064,0.2571130096912384,0.2774980962276459,2.492807149887085,0
1780882671.5590956,59186,-13.320273399353027,-5.906620979309082,-1.4979931116104126,2.414773941040039,-0.7725406289100647,-0.015467205084860325,2.5353878291251495,0.254710853099823,0.27865827083587646,2.492291212081909,0
1780882671.5700946,59193,-13.30355453491211,-5.912168025970459,-1.4981005191802979,2.4086368083953857,-0.7981894612312317,-0.015745744109153748,2.5374959348214263,0.24844764173030853,0.28134414553642273,2.491004467010498,0
1780882671.5835538,59202,-13.286874771118164,-5.917890548706055,-1.4982128143310547,2.40234112739563,-0.82368004322052,-0.015962475910782814,2.5396744883180338,0.24564608931541443,0.28235363960266113,2.49048113822937,0
1780882671.5933933,59220,-13.239296913146973,-5.935244083404541,-1.4985302686691284,2.3833940029144287,-0.89565509557724,-0.016021771356463432,2.546177865059575,0.24221670627593994,0.2834518849849701,2.4898626804351807,0
1780882671.6031675,59227,-13.22281265258789,-5.941640377044678,-1.4986425638198853,2.3764681816101074,-0.9204446077346802,-0.015968237072229385,2.548543560292485,0.23738111555576324,0.2849336564540863,2.4889681339263916,0
1780882671.6141155,59234,-13.206366539001465,-5.948203086853027,-1.498754858970642,2.369389533996582,-0.9450725317001343,-0.015881596133112907,2.5509647349742757,0.2320597618818283,0.2865486145019531,2.487922430038452,0
1780882671.6249814,59248,-13.189960479736328,-5.954931735992432,-1.4988622665405273,2.354724645614624,-0.9940760731697083,-0.015533685684204102,2.5560040475915446,0.22941169142723083,0.2873092591762543,2.4874043464660645,0
1780882671.6347246,59262,-13.140742301940918,-5.976288795471191,-1.4991796016693115,2.3394739627838135,-1.0424180030822754,-0.015026207081973553,2.561249597870678,0.22398921847343445,0.28873181343078613,2.486367702484131,0
1780882671.646036,59269,-13.124530792236328,-5.983691215515137,-1.4992822408676147,2.3316650390625,-1.0662356615066528,-0.014769887551665306,2.5639302817809124,0.21855290234088898,0.2900223731994629,2.4853594303131104,0
1780882671.6568942,59280,-13.1083984375,-5.991259574890137,-1.4993847608566284,2.317577362060547,-1.1076672077178955,-0.014311070553958416,2.568714908067745,0.21855290234088898,0.2900223731994629,2.4853594303131104,0
1780882671.6672783,59293,-13.068085670471191,-6.010966777801514,-1.4996289014816284,2.3030190467834473,-1.1485521793365479,-0.013783378526568413,2.5735692763222207,0.21112899482250214,0.29149624705314636,2.484114646911621,0
1780882671.67701,59300,-13.05214786529541,-6.019101619720459,-1.499721646308899,2.2945213317871094,-1.1716140508651733,-0.013516459614038467,2.5763715417018735,0.20811903476715088,0.29203319549560547,2.4836275577545166,0
1780882671.68816,59314,-13.03628921508789,-6.027392387390137,-1.4998143911361694,2.2770261764526367,-1.2173138856887817,-0.012917222455143929,2.5820279160336725,0.20211513340473175,0.293046236038208,2.4826672077178955,0
1780882671.6990716,59321,-13.004570007324219,-6.044540882110596,-1.4999902248382568,2.268019437789917,-1.2399626970291138,-0.012638406828045845,2.5848751206864438,0.19576767086982727,0.29397034645080566,2.481720209121704,0
1780882671.710569,59335,-12.973241806030273,-6.062226295471191,-1.500161051750183,2.2496299743652344,-1.284412145614624,-0.011957578361034393,2.590500446833613,0.19244828820228577,0.29439637064933777,2.481257200241089,0
1780882671.7203643,59347,-12.957695007324219,-6.071298599243164,-1.5002392530441284,2.2316882610321045,-1.325644612312317,-0.011163072660565376,2.595744738369395,0.18920964002609253,0.2947959899902344,2.4808006286621094,0
1780882671.73007,59354,-12.930194854736328,-6.087782859802246,-1.5003759860992432,2.2230560779571533,-1.3448232412338257,-0.010784005746245384,2.598200179101839,0.18607215583324432,0.29517194628715515,2.4803502559661865,0
1780882671.7412403,59368,-12.899531364440918,-6.106914043426514,-1.50051748752594,2.203239679336548,-1.387495994567871,-0.009966368786990643,2.6037491330870757,0.17781277000904083,0.296123743057251,2.479137420654297,0
1780882671.752281,59379,-12.884296417236328,-6.11669921875,-1.500585913658142,2.18487286567688,-1.4253367185592651,-0.009308313950896263,2.6087048213918345,0.1747836321592331,0.29643750190734863,2.4787144660949707,0
1780882671.7621052,59386,-12.860038757324219,-6.132656097412109,-1.5006884336471558,2.1765389442443848,-1.4419732093811035,-0.009020032361149788,2.6108791380240293,0.17165806889533997,0.29674002528190613,2.478297472000122,0
1780882671.7748115,59400,-12.830039024353027,-6.153115272521973,-1.5008056163787842,2.15535306930542,-1.4830008745193481,-0.008268646895885468,2.6162772822678666,0.16340604424476624,0.29747065901756287,2.4772346019744873,0
1780882671.7845168,59400,-12.830039024353027,-6.153115272521973,-1.5008056163787842,2.15535306930542,-1.4830008745193481,-0.008268646895885468,2.6162772822678666,0.16007007658481598,0.2977231740951538,2.476837158203125,0
1780882671.7943256,59420,-12.788203239440918,-6.182929515838623,-1.500952124595642,2.1243796348571777,-1.5395426750183105,-0.0071219634264707565,2.6235912798226595,0.15038421750068665,0.29835280776023865,2.4757490158081055,0
1780882671.805417,59427,-12.773515701293945,-6.193759441375732,-1.5009961128234863,2.1131176948547363,-1.559178113937378,-0.006660852115601301,2.626089707195933,0.14704282581806183,0.29854512214660645,2.475379467010498,0
1780882671.8165147,59434,-12.758906364440918,-6.204726219177246,-1.501039981842041,2.1017088890075684,-1.5786046981811523,-0.006153478287160397,2.6285377898268965,0.14370454847812653,0.29872238636016846,2.475019693374634,0
1780882671.8265634,59453,-12.71875,-6.23586893081665,-1.501137614250183,2.0692191123962402,-1.6315058469772339,-0.004615874029695988,2.6350522518765818,0.14036305248737335,0.29888638854026794,2.4746689796447754,0
1780882671.8376527,59460,-12.704452514648438,-6.247323989868164,-1.5011669397354126,2.0572586059570312,-1.6501965522766113,-0.004044961649924517,2.637324021549994,0.13472117483615875,0.299150675535202,2.4740684032440186,0
1780882671.847531,59467,-12.690234184265137,-6.258915901184082,-1.5011913776397705,2.0451605319976807,-1.668715476989746,-0.0034839867148548365,2.639565320834016,0.12879851460456848,0.2994154393672943,2.473426580429077,0
1780882671.8600864,59481,-12.676132202148438,-6.270634651184082,-1.5012109279632568,2.0202372074127197,-1.7057276964187622,-0.002410955261439085,2.6440255598707956,0.12581446766853333,0.29953742027282715,2.4731156826019287,0
1780882671.8696764,59495,-12.633593559265137,-6.307168006896973,-1.5012547969818115,1.994721531867981,-1.7420318126678467,-0.0014426469570025802,2.648318505632359,0.11930450052022934,0.29976165294647217,2.472500801086426,0
1780882671.8811123,59502,-12.619843482971191,-6.319384574890137,-1.501259684562683,1.9818975925445557,-1.7596694231033325,-0.0009813260985538363,2.6503500729035085,0.11597161740064621,0.2998600900173187,2.4722096920013428,0
1780882671.8908648,59515,-12.606171607971191,-6.331728458404541,-1.5012645721435547,1.9570339918136597,-1.7927700281143188,-0.00012054442777298391,2.6540547155908603,0.11268848180770874,0.2999539375305176,2.471923828125,0
1780882671.901665,59528,-12.568242073059082,-6.367079734802246,-1.501259684562683,1.931623935699463,-1.8252118825912476,0.0006580877234227955,2.657549600364746,0.10943606495857239,0.3000413179397583,2.471642255783081,0
1780882671.911698,59535,-12.55492115020752,-6.379872798919678,-1.5012547969818115,1.9180784225463867,-1.84196937084198,0.001031207968480885,2.6593001074620948,0.09688642621040344,0.3003229796886444,2.470613718032837,0
1780882671.9216309,59548,-12.541679382324219,-6.392783164978027,-1.501245141029358,1.8917646408081055,-1.8734796047210693,0.0016814565751701593,2.6624616641021985,0.09688642621040344,0.3003229796886444,2.470613718032837,0
1780882671.9340236,59555,-12.517850875854492,-6.416582107543945,-1.501220703125,1.8790252208709717,-1.8882509469985962,0.001995210535824299,2.66387525991278,0.08737582713365555,0.3004859685897827,2.469895362854004,0
1780882671.943949,59569,-12.49203109741211,-6.443134784698486,-1.501186490058899,1.8506072759628296,-1.92015540599823,0.002576327184215188,2.6667865888541873,0.08382907509803772,0.3005340099334717,2.469651460647583,0
1780882671.9537947,59582,-12.479296684265137,-6.456582069396973,-1.5011669397354126,1.8230217695236206,-1.9496783018112183,0.003264274448156357,2.669206718895744,0.0801539495587349,0.3005770444869995,2.4694125652313232,0
1780882671.9651568,59588,-12.456562042236328,-6.481064319610596,-1.501123070716858,1.809754490852356,-1.9634124040603638,0.0036130475345999002,2.6702458013619,0.07658396661281586,0.3006158769130707,2.469180107116699,0
1780882671.974602,59602,-12.431718826293945,-6.508691310882568,-1.501064419746399,1.7798383235931396,-1.993445873260498,0.004360985476523638,2.6723903019477664,0.0672639012336731,0.3007032871246338,2.4685635566711426,0
1780882671.985539,59613,-12.419452667236328,-6.522636413574219,-1.5010302066802979,1.7531483173370361,-2.0191354751586914,0.004949540831148624,2.674034702014997,0.06398840248584747,0.30072781443595886,2.468355655670166,0
1780882671.9952981,59620,-12.401171684265137,-6.543828010559082,-1.5009765625,1.74152672290802,-2.029993772506714,0.0051892707124352455,2.674662029406578,0.05551649630069733,0.3007758855819702,2.467857599258423,0
1780882672.0078132,59634,-12.377304077148438,-6.572324275970459,-1.5008983612060547,1.7103211879730225,-2.058311939239502,0.005880269687622786,2.676169124479417,0.05207641422748566,0.30078956484794617,2.4676687717437744,0
1780882672.0178502,59634,-12.377304077148438,-6.572324275970459,-1.5008983612060547,1.7103211879730225,-2.058311939239502,0.005880269687622786,2.676169124479417,0.04862210527062416,0.30080124735832214,2.4674863815307617,0
1780882672.0273838,59655,-12.341288566589355,-6.617167949676514,-1.500756859779358,1.6608538627624512,-2.1006369590759277,0.006963052786886692,2.6779021026529013,0.04862210527062416,0.30080124735832214,2.4674863815307617,0
1780882672.0386205,59662,-12.329882621765137,-6.631845474243164,-1.500707983970642,1.6445585489273071,-2.113935708999634,0.0072939107194542885,2.6783110730023982,0.0348113514482975,0.3008236885070801,2.466796636581421,0
1780882672.0485168,59669,-12.31859302520752,-6.646620750427246,-1.5006542205810547,1.628116250038147,-2.1270558834075928,0.007614555303007364,2.6786539971092935,0.031604401767253876,0.30082476139068604,2.466639518737793,0
1780882672.0597632,59687,-12.290117263793945,-6.684902191162109,-1.500512719154358,1.5852677822113037,-2.1598918437957764,0.008365006186068058,2.6792306155949244,0.02842247486114502,0.30082476139068604,2.4664855003356934,0
1780882672.0707135,59694,-12.279218673706055,-6.699990272521973,-1.500454068183899,1.568312644958496,-2.1723992824554443,0.008614763617515564,2.6793651130261864,0.02001267485320568,0.3008178174495697,2.4661076068878174,0
1780882672.080593,59701,-12.268437385559082,-6.715166091918945,-1.500390648841858,1.5512157678604126,-2.1847217082977295,0.008874326013028622,2.6794324128121434,0.016732558608055115,0.3008129298686981,2.4659667015075684,0
1780882672.0916286,59715,-12.257773399353027,-6.730419635772705,-1.5003271102905273,1.5162687301635742,-2.2090585231781006,0.009329485706984997,2.6793837836713923,0.01345265656709671,0.3008071184158325,2.465829610824585,0
1780882672.1026196,59729,-12.226210594177246,-6.777245998382568,-1.5001220703125,1.4807270765304565,-2.2326650619506836,0.009720353409647942,2.67907454903668,0.006618779618293047,0.3007923364639282,2.465561628341675,0
1780882672.1136997,59736,-12.21605396270752,-6.792831897735596,-1.5000536441802979,1.46290123462677,-2.244086503982544,0.009912542998790741,2.6788248390176292,0.0033159705344587564,0.3007837235927582,2.465435743331909,0
1780882672.1246605,59749,-12.206015586853027,-6.808495998382568,-1.4999853372573853,1.4282504320144653,-2.265544891357422,0.010221466422080994,2.678189207222118,9.341430995846167e-05,0.3007741868495941,2.4653127193450928,0
1780882672.134351,59755,-12.187850952148438,-6.837548732757568,-1.499853491783142,1.4114468097686768,-2.275608539581299,0.010338058695197105,2.6778131371847236,-0.0030871378257870674,0.30076444149017334,2.4651920795440674,0
1780882672.1442323,59769,-12.168632507324219,-6.869374752044678,-1.4997069835662842,1.374575138092041,-2.2969489097595215,0.010556129738688469,2.676853103213037,-0.012350671924650669,0.3007321059703827,2.464865207672119,0
1780882672.1568494,59780,-12.159218788146973,-6.885400295257568,-1.4996337890625,1.3420246839523315,-2.3149125576019287,0.01068049855530262,2.6758109938352983,-0.019042672589421272,0.3007059097290039,2.464646577835083,0
1780882672.1666317,59793,-12.136405944824219,-6.92540979385376,-1.499453067779541,1.3090375661849976,-2.332306385040283,0.010797476395964622,2.674574547265366,-0.024209728464484215,0.300686240196228,2.4644899368286133,0
1780882672.1765966,59800,-12.127460479736328,-6.941669940948486,-1.4993798732757568,1.2898904085159302,-2.3420510292053223,0.010887407697737217,2.6737873559857896,-0.027672912925481796,0.30067238211631775,2.4643871784210205,0
1780882672.1876433,59813,-12.118632316589355,-6.957997798919678,-1.4993016719818115,1.2531918287277222,-2.3600192070007324,0.01105655636638403,2.672134477237435,-0.03105139546096325,0.30065855383872986,2.4642884731292725,0
1780882672.1992185,59820,-12.103124618530273,-6.987431526184082,-1.4991650581359863,1.2356706857681274,-2.3682830333709717,0.011133432388305664,2.6712863049729862,-0.040270715951919556,0.3006197214126587,2.46402645111084,0
1780882672.2088215,59834,-12.086366653442383,-7.020517349243164,-1.4990087747573853,1.1962084770202637,-2.386216640472412,0.011312522925436497,2.6692831526343404,-0.0468231737613678,0.300590842962265,2.4638519287109375,0
1780882672.218451,59846,-12.078203201293945,-7.037148475646973,-1.49893057346344,1.1582751274108887,-2.4025566577911377,0.011483464390039444,2.667210459380667,-0.0468231737613678,0.300590842962265,2.4638519287109375,0
1780882672.2296386,59853,-12.06386661529541,-7.067138671875,-1.4987841844558716,1.1401691436767578,-2.4100537300109863,0.011573285795748234,2.666173024894778,-0.05014519765973091,0.30057594180107117,2.463768720626831,0
1780882672.2408068,59867,-12.048476219177246,-7.100780963897705,-1.4986181259155273,1.0994235277175903,-2.4262821674346924,0.011699371039867401,2.66377816730172,-0.05926920473575592,0.3005349338054657,2.4635465145111084,0
1780882672.2508132,59867,-12.048476219177246,-7.100780963897705,-1.4986181259155273,1.0994235277175903,-2.4262821674346924,0.011699371039867401,2.66377816730172,-0.06265993416309357,0.3005199134349823,2.4634714126586914,0
1780882672.2619448,59887,-12.027461051940918,-7.149140357971191,-1.498378872871399,1.0403648614883423,-2.4481287002563477,0.01193701196461916,2.660044298558416,-0.07225263863801956,0.3004779815673828,2.463266611099243,0
1780882672.2720454,59894,-12.020390510559082,-7.166191101074219,-1.4982959032058716,1.0194088220596313,-2.455439805984497,0.01201631035655737,2.658669475324222,-0.0755309909582138,0.30046403408050537,2.46319842338562,0
1780882672.2848518,59901,-12.013476371765137,-7.183290958404541,-1.4982128143310547,0.9983254075050354,-2.4625704288482666,0.012105102650821209,2.657264245388143,-0.07873904705047607,0.3004496991634369,2.463132381439209,0
1780882672.2945743,59920,-11.994999885559082,-7.230907917022705,-1.4979833364486694,0.9392314553260803,-2.481405019760132,0.012307176366448402,2.65323916474841,-0.08189275860786438,0.30043479800224304,2.463066816329956,0
1780882672.30425,59927,-11.988632202148438,-7.248183250427246,-1.4978954792022705,0.9176644086837769,-2.487880229949951,0.012366495095193386,2.6517558212893033,-0.09083834290504456,0.3003960847854614,2.462893486022949,0
1780882672.3154976,59934,-11.982421875,-7.265507698059082,-1.4978076219558716,0.8959702253341675,-2.4941790103912354,0.012423805892467499,2.650253937175533,-0.09402508288621902,0.300382137298584,2.462834119796753,0
1780882672.3253632,59953,-11.965781211853027,-7.314267635345459,-1.4975634813308716,0.8344873785972595,-2.510901689529419,0.01253396924585104,2.645969308194045,-0.09716549515724182,0.3003687858581543,2.4627764225006104,0
1780882672.3369951,59960,-11.960156440734863,-7.331748008728027,-1.497475504875183,0.8123152256011963,-2.516551971435547,0.01254642941057682,2.6444370409542017,-0.10279861092567444,0.30034586787223816,2.462676525115967,0
1780882672.348303,59967,-11.954687118530273,-7.349257469177246,-1.4973876476287842,0.790008544921875,-2.52203631401062,0.012512745335698128,2.6429031838176913,-0.10592301189899445,0.30033358931541443,2.462623357772827,0
1780882672.3580236,59982,-11.94937515258789,-7.366806507110596,-1.4972997903823853,0.7435222268104553,-2.532792568206787,0.01244908757507801,2.6397004517759513,-0.11260012537240982,0.3003096282482147,2.4625229835510254,0
1780882672.3691957,59996,-11.933711051940918,-7.422001838684082,-1.4970263242721558,0.6964803338050842,-2.5427629947662354,0.01238605473190546,2.636452525133274,-0.11973103880882263,0.3002851903438568,2.4624223709106445,0
1780882672.3787594,60003,-11.929022789001465,-7.439687252044678,-1.4969384670257568,0.6735131144523621,-2.5473077297210693,0.012359251268208027,2.63487178745531,-0.12301310151815414,0.30027446150779724,2.4623775482177734,0
1780882672.3897974,60015,-11.924491882324219,-7.457450866699219,-1.496850609779358,0.6298522353172302,-2.555392265319824,0.012244458310306072,2.6318991992000393,-0.12624670565128326,0.3002626597881317,2.4623334407806396,0
1780882672.4023342,60022,-11.916874885559082,-7.48879861831665,-1.4967041015625,0.6092493534088135,-2.558957576751709,0.012161840684711933,2.6305126049142733,-0.12943296134471893,0.3002520799636841,2.4622902870178223,0
1780882672.4120393,60036,-11.908905982971191,-7.5244140625,-1.4965380430221558,0.5622085928916931,-2.5665273666381836,0.011980733834207058,2.627410276985152,-0.1418912410736084,0.30021271109580994,2.462137460708618,0
1780882672.4216552,60046,-11.905156135559082,-7.54226541519165,-1.4964550733566284,0.5207449793815613,-2.5725162029266357,0.01181010715663433,2.624719875815747,-0.1452106237411499,0.3002026081085205,2.4620988368988037,0
1780882672.432554,60060,-11.896523475646973,-7.586777210235596,-1.496254801750183,0.47888877987861633,-2.5779573917388916,0.011599154211580753,2.6220856808070256,-0.1500389277935028,0.300188273191452,2.4620423316955566,0
1780882672.443496,60067,-11.893359184265137,-7.604697227478027,-1.4961767196655273,0.4547298848628998,-2.5808444023132324,0.011455916799604893,2.620623653859648,-0.15323950350284576,0.3001786470413208,2.462005853652954,0
1780882672.4543984,60067,-11.893359184265137,-7.604697227478027,-1.4961767196655273,0.4547298848628998,-2.5808444023132324,0.011455916799604893,2.620623653859648,-0.15643639862537384,0.30016958713531494,2.4619698524475098,0
1780882672.465628,60087,-11.890351295471191,-7.622636318206787,-1.4960986375808716,0.38427698612213135,-2.588165760040283,0.010888761840760708,2.616560599077046,-0.15973715484142303,0.3001610040664673,2.461935520172119,0
1780882672.4778638,60101,-11.880468368530273,-7.691601276397705,-1.4958105087280273,0.3360583782196045,-2.5922670364379883,0.010471224784851074,2.6139803496436382,-0.16890539228916168,0.3001382052898407,2.461843967437744,0
1780882672.4874928,60115,-11.876327514648438,-7.727646350860596,-1.495668888092041,0.2861478328704834,-2.5957846641540527,0.01001844834536314,2.6115280917924455,-0.1751536726951599,0.3001227080821991,2.461782455444336,0
1780882672.4972887,60122,-11.874530792236328,-7.745683193206787,-1.4956005811691284,0.26101359724998474,-2.597292184829712,0.009759120643138885,2.6103926968490017,-0.18115116655826569,0.3001084327697754,2.4617254734039307,0
1780882672.510197,60135,-11.871444702148438,-7.781786918640137,-1.4954736232757568,0.2103709727525711,-2.5998098850250244,0.009119834750890732,2.6083233227183658,-0.18416956067085266,0.3001013696193695,2.461697816848755,0
1780882672.5199006,60147,-11.870156288146973,-7.799843788146973,-1.4954149723052979,0.16358977556228638,-2.601487398147583,0.008460544981062412,2.6066395758160694,-0.1873110681772232,0.30009448528289795,2.4616708755493164,0
1780882672.5312557,60154,-11.86839771270752,-7.829833984375,-1.4953173398971558,0.1422354280948639,-2.602038860321045,0.008167481049895287,2.6059362723161272,-0.19056810438632965,0.3000886142253876,2.461644411087036,0
1780882672.540738,60168,-11.866952896118164,-7.865986347198486,-1.4952099323272705,0.09043771773576736,-2.6028854846954346,0.007409315090626478,2.6044666872850484,-0.19917118549346924,0.30007264018058777,2.461578130722046,0
1780882672.5533369,60179,-11.866522789001465,-7.88406229019165,-1.4951610565185547,0.04272887110710144,-2.6030032634735107,0.006708016153424978,2.6033625839595507,-0.20242184400558472,0.3000667989253998,2.461554765701294,0
1780882672.5630987,60186,-11.866171836853027,-7.913906097412109,-1.4950878620147705,0.021019216626882553,-2.602848768234253,0.006385931745171547,2.6029414703159253,-0.20569169521331787,0.30006155371665955,2.461531162261963,0
1780882672.5728407,60200,-11.86644458770752,-7.950048446655273,-1.4950097799301147,-0.03192971646785736,-2.602001905441284,0.005531353875994682,2.6022036850695396,-0.21408385038375854,0.3000476062297821,2.461472272872925,0
1780882672.5843751,60200,-11.86644458770752,-7.950048446655273,-1.4950097799301147,-0.03192971646785736,-2.602001905441284,0.005531353875994682,2.6022036850695396,-0.21723702549934387,0.3000214993953705,2.4614551067352295,0
1780882672.594002,60220,-11.868085861206055,-8.001874923706055,-1.4949169158935547,-0.10874205082654953,-2.5995113849639893,0.004207458347082138,2.601788226755034,-0.2261175811290741,0.2996652126312256,2.461477518081665,0
1780882672.6049669,60227,-11.869023323059082,-8.01992130279541,-1.4948925971984863,-0.13572242856025696,-2.598294734954834,0.0037096834275871515,2.601839708563815,-0.22903862595558167,0.29938578605651855,2.4615252017974854,0
1780882672.6149807,60234,-11.870156288146973,-8.037959098815918,-1.4948681592941284,-0.1628067046403885,-2.5968971252441406,0.0031727789901196957,2.6019974574744813,-0.23180612921714783,0.2990952730178833,2.461575984954834,0
1780882672.6260328,60248,-11.87148380279541,-8.055986404418945,-1.494848608970642,-0.21833869814872742,-2.5935187339782715,0.001962852431461215,2.602693808997748,-0.23180612921714783,0.2990952730178833,2.461575984954834,0
1780882672.6370893,60262,-11.876757621765137,-8.11141586303711,-1.4948192834854126,-0.2741384506225586,-2.589449167251587,0.000625395739916712,2.60391998168329,-0.2393822968006134,0.29754114151000977,2.4619052410125732,0
1780882672.64688,60269,-11.878867149353027,-8.129384994506836,-1.4948192834854126,-0.3015558123588562,-2.587202787399292,-5.805015462101437e-05,2.604717676536921,-0.24391287565231323,0.2961413860321045,2.4622228145599365,0
1780882672.6579747,60282,-11.881132125854492,-8.147334098815918,-1.4948241710662842,-0.3534698784351349,-2.5824949741363525,-0.001432070741429925,2.606573094549063,-0.24609239399433136,0.29531145095825195,2.4624176025390625,0
1780882672.6692595,60295,-11.888476371765137,-8.197128295898438,-1.4948681592941284,-0.40543532371520996,-2.5771777629852295,-0.002904014429077506,2.608875515819299,-0.24972009658813477,0.29335975646972656,2.462886333465576,0
1780882672.6788769,60302,-11.891484260559082,-8.21500015258789,-1.4948925971984863,-0.4329184591770172,-2.5741167068481445,-0.00371534819714725,2.6102699125920226,-0.25161686539649963,0.29207250475883484,2.4631989002227783,0
1780882672.6901004,60313,-11.89468765258789,-8.232851028442383,-1.4949218034744263,-0.4813045263290405,-2.568286418914795,-0.005194797180593014,2.6130013705631217,-0.25519827008247375,0.2893410623073578,2.4638617038726807,0
1780882672.6995885,60327,-11.90355396270752,-8.277841567993164,-1.4950292110443115,-0.529571533203125,-2.5619232654571533,-0.006719822529703379,2.6160928849879515,-0.2577533423900604,0.2870502173900604,2.464416742324829,0
1780882672.7106535,60334,-11.907422065734863,-8.295605659484863,-1.495082974433899,-0.5568830370903015,-2.5580849647521973,-0.007601647172123194,2.618009776324355,-0.26089638471603394,0.28378793597221375,2.4652011394500732,0
1780882672.7220347,60348,-11.911483764648438,-8.313339233398438,-1.495141625404358,-0.6123144626617432,-2.5497336387634277,-0.009411373175680637,2.6222431625941143,-0.26089638471603394,0.28378793597221375,2.4652011394500732,0
1780882672.7320724,60355,-11.920507431030273,-8.350028991699219,-1.4952831268310547,-0.6404011249542236,-2.5452046394348145,-0.010330953635275364,2.6245546262263533,-0.26237550377845764,0.2819514274597168,2.4656431674957275,0
1780882672.742932,60369,-11.929999351501465,-8.3853120803833,-1.4954442977905273,-0.6943191885948181,-2.5359370708465576,-0.012114920653402805,2.6292970038105667,-0.26773959398269653,0.27394068241119385,2.4675159454345703,0
1780882672.752706,60379,-11.934999465942383,-8.4028902053833,-1.4955370426177979,-0.740868866443634,-2.5272984504699707,-0.013602690771222115,2.6336873710084894,-0.26896095275878906,0.271807998418808,2.468005418777466,0
1780882672.7653034,60386,-11.942733764648438,-8.428906440734863,-1.4956786632537842,-0.7605477571487427,-2.523455858230591,-0.014147061854600906,2.6356142545337296,-0.2706935703754425,0.2686377763748169,2.4687201976776123,0
1780882672.7749732,60400,-11.953866958618164,-8.463847160339355,-1.495888590812683,-0.8131906986236572,-2.5126869678497314,-0.015269041061401367,2.641042986084256,-0.27177268266677856,0.2663235366344452,2.4692389965057373,0
1780882672.7864118,60400,-11.953866958618164,-8.463847160339355,-1.495888590812683,-0.8131906986236572,-2.5126869678497314,-0.015269041061401367,2.641042986084256,-0.27279528975486755,0.26384949684143066,2.4697933197021484,0
1780882672.7954755,60422,-11.972968101501465,-8.518866539001465,-1.496240258216858,-0.8951475620269775,-2.4942543506622314,-0.016220683231949806,2.650067364080548,-0.2737705707550049,0.2613370418548584,2.4703471660614014,0
1780882672.8068218,60429,-11.979374885559082,-8.536142349243164,-1.4963525533676147,-0.9206513166427612,-2.4880781173706055,-0.01640351302921772,2.652998424465082,-0.2765786945819855,0.2531289756298065,2.4720938205718994,0
1780882672.8183985,60436,-11.985937118530273,-8.55337905883789,-1.4964697360992432,-0.9459933042526245,-2.4817328453063965,-0.016561927273869514,2.6559697936155837,-0.27741214632987976,0.2503722906112671,2.472673177719116,0
1780882672.8295994,60454,-12.003280639648438,-8.596747398376465,-1.4967626333236694,-1.0092151165008545,-2.4648776054382324,-0.016800832003355026,2.6635350624913414,-0.2782292664051056,0.24747894704341888,2.4732840061187744,0
1780882672.8394036,60460,-12.010468482971191,-8.613818168640137,-1.4968798160552979,-1.033887505531311,-2.4579174518585205,-0.01675887033343315,2.666563787719936,-0.2802068889141083,0.24035237729549408,2.4747374057769775,0
1780882672.849183,60468,-12.01781177520752,-8.630839347839355,-1.4969969987869263,-1.058372139930725,-2.450792074203491,-0.016654061153531075,2.6696087232613506,-0.28094565868377686,0.23768125474452972,2.475248098373413,0
1780882672.8602827,60482,-12.025312423706055,-8.647811889648438,-1.4971141815185547,-1.1071876287460327,-2.4359517097473145,-0.01633181981742382,2.6758161195806554,-0.28166577219963074,0.23507867753505707,2.475729465484619,0
1780882672.8702304,60495,-12.049100875854492,-8.698905944824219,-1.4974560737609863,-1.1553069353103638,-2.4204728603363037,-0.015891170129179955,2.6821028152717985,-0.2830256223678589,0.22959421575069427,2.476726770401001,0
1780882672.8812613,60502,-12.057304382324219,-8.71566390991211,-1.4975634813308716,-1.1789201498031616,-2.412548542022705,-0.01563984341919422,2.6852351464871687,-0.283659964799881,0.226776584982872,2.4772346019744873,0
1780882672.892566,60520,-12.07851505279541,-8.757431030273438,-1.497827172279358,-1.237264633178711,-2.39194393157959,-0.014867729507386684,2.693035572307945,-0.2842724323272705,0.22392819821834564,2.477740526199341,0
1780882672.9029677,60527,-12.087265014648438,-8.7739839553833,-1.4979296922683716,-1.2602235078811646,-2.3834455013275146,-0.014563235454261303,2.6961431407552476,-0.28619787096977234,0.21321307122707367,2.479635715484619,0
1780882672.9127533,60534,-12.096171379089355,-8.790478706359863,-1.4980273246765137,-1.2829874753952026,-2.3747754096984863,-0.014263133518397808,2.6992255455051053,-0.2866954207420349,0.20998059213161469,2.480203866958618,0
1780882672.9254508,60548,-12.105234146118164,-8.806903839111328,-1.4981249570846558,-1.3291685581207275,-2.356405019760132,-0.013491768389940262,2.7054603491571947,-0.2866954207420349,0.20998059213161469,2.480203866958618,0
1780882672.9351153,60562,-12.134491920471191,-8.857714653015137,-1.4984081983566284,-1.3744206428527832,-2.3373005390167236,-0.012620667926967144,2.711487634942606,-0.2880754768848419,0.1993551105260849,2.482055425643921,0
1780882672.9467041,60569,-12.144179344177246,-8.873876571655273,-1.4984911680221558,-1.3960881233215332,-2.327744483947754,-0.012243089266121387,2.7143334953287175,-0.2884829342365265,0.19591867923736572,2.482630968093872,0
1780882672.956151,60580,-12.154023170471191,-8.889970779418945,-1.498574137687683,-1.4334609508514404,-2.3106064796447754,-0.011470627970993519,2.719162403516639,-0.28928449749946594,0.1892181634902954,2.483696699142456,0
1780882672.9671474,60594,-12.179218292236328,-8.929941177368164,-1.4987646341323853,-1.4701913595199585,-2.2929608821868896,-0.010660190135240555,2.7238292678690676,-0.2898608148097992,0.1841786950826645,2.4844703674316406,0
1780882672.9780025,60601,-12.189804077148438,-8.946151733398438,-1.4988378286361694,-1.4913718700408936,-2.2824246883392334,-0.010193519294261932,2.7264915955354274,-0.29059165716171265,0.1772918552160263,2.4854941368103027,0
1780882672.9895194,60615,-12.200312614440918,-8.961933135986328,-1.4989062547683716,-1.5326614379882812,-2.2610397338867188,-0.009118356741964817,2.7315627223515304,-0.29059165716171265,0.1772918552160263,2.4854941368103027,0
1780882672.9994621,60622,-12.222343444824219,-8.994120597839355,-1.4990283250808716,-1.5532413721084595,-2.2499489784240723,-0.008528981357812881,2.734026684043866,-0.29093509912490845,0.1738586276769638,2.485990524291992,0
1780882673.01056,60636,-12.244336128234863,-9.025136947631836,-1.4991357326507568,-1.5926977396011353,-2.2278354167938232,-0.007501158397644758,2.73861150976709,-0.29189494252204895,0.16325712203979492,2.4874534606933594,0
1780882673.0215778,60648,-12.255546569824219,-9.04052734375,-1.499184489250183,-1.6290240287780762,-2.2064218521118164,-0.006698894314467907,2.742637699550914,-0.2921927869319916,0.15975022315979004,2.487920045852661,0
1780882673.0331712,60655,-12.27554702758789,-9.067401885986328,-1.4992626905441284,-1.6457440853118896,-2.1961910724639893,-0.006334314122796059,2.7444068475073085,-0.2924824357032776,0.15615664422512054,2.4884047508239746,0
1780882673.0429325,60669,-12.298789024353027,-9.09765625,-1.4993407726287842,-1.6831438541412354,-2.172431230545044,-0.005440401844680309,2.7481739906987506,-0.29347047209739685,0.14196668565273285,2.4903504848480225,0
1780882673.0528219,60669,-12.298789024353027,-9.09765625,-1.4993407726287842,-1.6831438541412354,-2.172431230545044,-0.005440401844680309,2.7481739906987506,-0.29347047209739685,0.14196668565273285,2.4903504848480225,0
1780882673.064061,60688,-12.331953048706055,-9.139208793640137,-1.499428629875183,-1.7336138486862183,-2.1382126808166504,-0.004063148517161608,2.7527053881477475,-0.293712317943573,0.13816212117671967,2.490854263305664,0
1780882673.0741625,60695,-12.344100952148438,-9.153974533081055,-1.499453067779541,-1.7513313293457031,-2.1256155967712402,-0.003526773303747177,2.7541633082507797,-0.29435572028160095,0.12814973294734955,2.4920170307159424,0
1780882673.0849578,60702,-12.356367111206055,-9.168642044067383,-1.4994726181030273,-1.7688329219818115,-2.1128604412078857,-0.002972979564219713,2.755532251401784,-0.29457783699035645,0.12469708174467087,2.4923672676086426,0
1780882673.096187,60720,-12.38792896270752,-9.205292701721191,-1.4995068311691284,-1.8120992183685303,-2.0799355506896973,-0.001636939006857574,2.7585935097081635,-0.2951243221759796,0.11610113829374313,2.4931647777557373,0
1780882673.1060033,60733,-12.413436889648438,-9.233905792236328,-1.4995214939117432,-1.845499873161316,-2.0531766414642334,-0.000590476964134723,2.7606891262066844,-0.295328289270401,0.1126255914568901,2.493483066558838,0
1780882673.118743,60733,-12.413436889648438,-9.233905792236328,-1.4995214939117432,-1.845499873161316,-2.0531766414642334,-0.000590476964134723,2.7606891262066844,-0.29552483558654785,0.10912346094846725,2.4937989711761475,0
1780882673.1284616,60755,-12.45394515991211,-9.277548789978027,-1.49951171875,-1.895774245262146,-2.010382890701294,0.0008793830638751388,2.7632589689600797,-0.2957155108451843,0.10560392588376999,2.494112491607666,0
1780882673.1405125,60762,-12.467226028442383,-9.29141616821289,-1.4995019435882568,-1.9115424156188965,-1.996253490447998,0.001294522313401103,2.7638784489597152,-0.29607874155044556,0.09784018248319626,2.4948503971099854,0
1780882673.1502135,60769,-12.48062515258789,-9.30517578125,-1.4994921684265137,-1.9270888566970825,-1.981958270072937,0.0017161702271550894,2.7643865487946555,-0.2963951528072357,0.09029662609100342,2.495574474334717,0
1780882673.161348,60783,-12.494101524353027,-9.318838119506836,-1.499477505683899,-1.957509994506836,-1.9529145956039429,0.0025215530768036842,2.765090804032841,-0.2965507209300995,0.08664166927337646,2.4958930015563965,0
1780882673.1728382,60797,-12.535117149353027,-9.359149932861328,-1.499414086341858,-1.9871063232421875,-1.923236608505249,0.0033087539486587048,2.765400791931714,-0.296843558549881,0.07940959930419922,2.496490478515625,0
1780882673.1825469,60804,-12.549023628234863,-9.37240219116211,-1.4993896484375,-2.0016210079193115,-1.908138632774353,0.003680815687403083,2.765410141305268,-0.2971200942993164,0.07218062877655029,2.4970555305480957,0
1780882673.1933022,60815,-12.563007354736328,-9.385546684265137,-1.4993603229522705,-2.02754545211792,-1.8801994323730469,0.004322204273194075,2.7651598773578656,-0.2972515821456909,0.06855511665344238,2.4973299503326416,0
1780882673.2030814,60829,-12.600507736206055,-9.41982364654541,-1.4992773532867432,-2.0527992248535156,-1.8517173528671265,0.004886507987976074,2.7645733288210588,-0.2974577844142914,0.06244301423430443,2.497812509536743,0
1780882673.2156436,60836,-12.614843368530273,-9.432578086853027,-1.499243140220642,-2.0663697719573975,-1.835863471031189,0.005169668234884739,2.7641102445806336,-0.29769212007522583,0.05486154183745384,2.4984192848205566,0
1780882673.2253253,60846,-12.62929630279541,-9.44521427154541,-1.4992040395736694,-2.089637041091919,-1.8076425790786743,0.00562921492382884,2.7630031388440823,-0.29780176281929016,0.050940390676259995,2.4987528324127197,0
1780882673.2369745,60860,-12.665898323059082,-9.476425170898438,-1.4991015195846558,-2.11222767829895,-1.7789192199707031,0.006131830159574747,2.7615388745216776,-0.29796111583709717,0.0451054573059082,2.499220371246338,0
1780882673.24685,60867,-12.6806640625,-9.488661766052246,-1.4990575313568115,-2.1248326301574707,-1.7623239755630493,0.006418523844331503,2.7605689084814755,-0.298157662153244,0.037630315870046616,2.499730110168457,0
1780882673.2566354,60880,-12.695508003234863,-9.500781059265137,-1.4990087747573853,-2.148080348968506,-1.730548620223999,0.0069260261952877045,2.7584589325242277,-0.2982518970966339,0.03399252891540527,2.499943733215332,0
1780882673.267801,60893,-12.73714828491211,-9.533827781677246,-1.4988720417022705,-2.17063570022583,-1.6982052326202393,0.007359209004789591,2.7560142440036146,-0.2984126806259155,0.02750670723617077,2.5003130435943604,0
1780882673.277661,60900,-12.752304077148438,-9.54549789428711,-1.498818278312683,-2.1823017597198486,-1.6808500289916992,0.0075689745135605335,2.7545880054579723,-0.2985006272792816,0.02381288819015026,2.50052547454834,0
1780882673.2906716,60913,-12.767539024353027,-9.557050704956055,-1.4987646341323853,-2.204002618789673,-1.6472930908203125,0.0079290010035038,2.7515931639239453,-0.29867058992385864,0.016429541632533073,2.5009348392486572,0
1780882673.299066,60927,-12.810858726501465,-9.588915824890137,-1.4986083507537842,-2.224978446960449,-1.6131386756896973,0.008223814889788628,2.74823818246814,-0.2988148629665375,0.009498476050794125,2.5013606548309326,0
1780882673.3116696,60934,-12.826366424560547,-9.599989891052246,-1.4985498189926147,-2.2356789112091064,-1.59500253200531,0.008382424712181091,2.74633638438057,-0.298961877822876,0.0018935202388092875,2.501803159713745,0
1780882673.322803,60934,-12.826366424560547,-9.599989891052246,-1.4985498189926147,-2.2356789112091064,-1.59500253200531,0.008382424712181091,2.74633638438057,-0.298961877822876,0.0018935202388092875,2.501803159713745,0
1780882673.3324206,60954,-12.84195327758789,-9.610937118530273,-1.4984911680221558,-2.2644293308258057,-1.543575406074524,0.008739175274968147,2.740500246620464,-0.29903164505958557,-0.0019458531169220805,2.5020289421081543,0
1780882673.341869,60966,-12.8999605178833,-9.650136947631836,-1.498266577720642,-2.283090114593506,-1.5079467296600342,0.008958926424384117,2.7361440154366248,-0.2991989254951477,-0.011868596076965332,2.502495288848877,0
1780882673.3546405,60980,-12.93187427520752,-9.670682907104492,-1.4981396198272705,-2.302074670791626,-1.4697242975234985,0.00911276787519455,2.7312488614495862,-0.2992558479309082,-0.015461682341992855,2.5026261806488037,0
1780882673.3661127,60987,-12.947929382324219,-9.680761337280273,-1.49807608127594,-2.3112759590148926,-1.4503713846206665,0.00917564332485199,2.7286732865033705,-0.29942792654037476,-0.026728985831141472,2.503148317337036,0
1780882673.3756099,61001,-12.980195045471191,-9.700507164001465,-1.497949242591858,-2.329052448272705,-1.4112380743026733,0.009386071935296059,2.7232639070631723,-0.29948171973228455,-0.030478475615382195,2.503312826156616,0
1780882673.3867955,61013,-12.996444702148438,-9.710165977478027,-1.4978808164596558,-2.344909429550171,-1.3742302656173706,0.0096086785197258,2.717940651014108,-0.29953181743621826,-0.03414558991789818,2.5034492015838623,0
1780882673.3978384,61020,-13.024608612060547,-9.726552963256836,-1.4977636337280273,-2.3520326614379883,-1.3568999767303467,0.009704227559268475,2.7153875155038927,-0.2996532618999481,-0.043988343328237534,2.503751754760742,0
1780882673.407252,61034,-13.05746078491211,-9.744979858398438,-1.4976269006729126,-2.3679935932159424,-1.3164030313491821,0.009976563043892384,2.709319126693501,-0.29969263076782227,-0.047592636197805405,2.503852605819702,0
1780882673.41994,61034,-13.05746078491211,-9.744979858398438,-1.4976269006729126,-2.3679935932159424,-1.3164030313491821,0.009976563043892384,2.709319126693501,-0.2997283637523651,-0.05112636089324951,2.5039279460906982,0
1780882673.429349,61055,-13.108124732971191,-9.772089958190918,-1.497412085533142,-2.3910181522369385,-1.2532994747161865,0.010374145582318306,2.6995990444039974,-0.29976022243499756,-0.05459582433104515,2.503979206085205,0
1780882673.439157,61062,-13.124765396118164,-9.780644416809082,-1.497338891029358,-2.3981518745422363,-1.2324174642562866,0.010523047298192978,2.6963115461865264,-0.29982683062553406,-0.06199132651090622,2.504147529602051,0
1780882673.4517753,61069,-13.141484260559082,-9.789052963256836,-1.4972655773162842,-2.4050958156585693,-1.2114025354385376,0.010696048848330975,2.6929716654332334,-0.29988229274749756,-0.06901252269744873,2.5042548179626465,0
1780882673.461557,61088,-13.186952590942383,-9.81112289428711,-1.4970605373382568,-2.423018217086792,-1.1537898778915405,0.011169018223881721,2.6837237394388263,-0.29990246891975403,-0.0723186731338501,2.504242420196533,0
1780882673.4711623,61095,-13.203827857971191,-9.818984031677246,-1.4969823360443115,-2.429334878921509,-1.132302165031433,0.011324095539748669,2.6802806535919417,-0.2999301552772522,-0.07782375067472458,2.504173517227173,0
1780882673.4825444,61102,-13.220742225646973,-9.826699256896973,-1.4969042539596558,-2.4354896545410156,-1.1106939315795898,0.011473779566586018,2.6768232131841625,-0.2999557852745056,-0.08416175842285156,2.504059076309204,0
1780882673.4928935,61114,-13.23769474029541,-9.834257125854492,-1.496826171875,-2.446751594543457,-1.0692111253738403,0.011683979071676731,2.6701951822649765,-0.2999557852745056,-0.08416175842285156,2.504059076309204,0
1780882673.5028458,61128,-13.285507202148438,-9.854687690734863,-1.4965966939926147,-2.4573943614959717,-1.0272761583328247,0.011899055913090706,2.663498627918337,-0.3000117242336273,-0.09679567068815231,2.5040202140808105,0
1780882673.5140238,61135,-13.302617073059082,-9.861669540405273,-1.4965136051177979,-2.462742805480957,-1.0050638914108276,0.012014522217214108,2.6599623870480196,-0.30002346634864807,-0.10010361671447754,2.5040090084075928,0
1780882673.5248425,61148,-13.319765090942383,-9.86849594116211,-1.4964306354522705,-2.4724934101104736,-0.9622191190719604,0.01217121072113514,2.6531561270527892,-0.3000367283821106,-0.10347532480955124,2.504018783569336,0
1780882673.5346162,61162,-13.368358612060547,-9.886933326721191,-1.4961864948272705,-2.481616735458374,-0.9189143180847168,0.012313971295952797,2.646313809731804,-0.3000558316707611,-0.10953592509031296,2.504011869430542,0
1780882673.5473514,61169,-13.385624885559082,-9.89315414428711,-1.4960986375808716,-2.4861488342285156,-0.8960915207862854,0.012381777167320251,2.642738985970182,-0.30006444454193115,-0.11596321314573288,2.5039408206939697,0
1780882673.5569835,61181,-13.402929306030273,-9.899218559265137,-1.496010661125183,-2.4943997859954834,-0.8518536686897278,0.012434949167072773,2.635875488940107,-0.3000713884830475,-0.119247667491436,2.5039279460906982,0
1780882673.5668342,61188,-13.434921264648438,-9.90999984741211,-1.4958544969558716,-2.498134136199951,-0.830464243888855,0.012458233162760735,2.6325843254108503,-0.3000841438770294,-0.12532329559326172,2.5039093494415283,0
1780882673.5781927,61202,-13.4697265625,-9.92104434967041,-1.4956786632537842,-2.505753755569458,-0.7837367057800293,0.012488408014178276,2.6254906337429778,-0.3000873923301697,-0.12856219708919525,2.5038833618164062,0
1780882673.5890715,61215,-13.48714828491211,-9.9263277053833,-1.4955908060073853,-2.5124449729919434,-0.7384458780288696,0.012454352341592312,2.6187472516420067,-0.3000877797603607,-0.1317441463470459,2.503838300704956,0
1780882673.5988522,61222,-13.519218444824219,-9.935614585876465,-1.4954345226287842,-2.5154342651367188,-0.7166035771369934,0.012432575225830078,2.6155467493272195,-0.30008891224861145,-0.1349560022354126,2.5038042068481445,0
1780882673.6101604,61236,-13.554218292236328,-9.945077896118164,-1.495263695716858,-2.5214946269989014,-0.6687180399894714,0.012304119765758514,2.6086913122013686,-0.30008041858673096,-0.14707468450069427,2.5036070346832275,0
1780882673.621663,61246,-13.571757316589355,-9.94955062866211,-1.495180606842041,-2.5262341499328613,-0.6264404058456421,0.012158985249698162,2.6027743665722087,-0.30008041858673096,-0.14707468450069427,2.5036070346832275,0
1780882673.6314094,61253,-13.59804630279541,-9.955976486206055,-1.4950536489486694,-2.5280911922454834,-0.6082208752632141,0.012108135037124157,2.600254663749152,-0.30009743571281433,-0.15542374551296234,2.5036277770996094,0
1780882673.6428776,61267,-13.63320255279541,-9.963915824890137,-1.4948877096176147,-2.5326285362243652,-0.5592350363731384,0.011918306350708008,2.593664044249275,-0.30009961128234863,-0.15869663655757904,2.5036158561706543,0
1780882673.6522257,61280,-13.650819778442383,-9.967626571655273,-1.4948046207427979,-2.5363104343414307,-0.512360155582428,0.011674074456095695,2.587570256513255,-0.3000984787940979,-0.16191983222961426,2.5035901069641113,0
1780882673.663131,61286,-13.682382583618164,-9.973856925964355,-1.49465811252594,-2.5378477573394775,-0.49007171392440796,0.011538343504071236,2.584758142958958,-0.3000713884830475,-0.17050550878047943,2.5033934116363525,0
1780882673.6741314,61300,-13.717656135559082,-9.980146408081055,-1.4945019483566284,-2.540855884552002,-0.439925879240036,0.011093568988144398,2.578683088818894,-0.3000612258911133,-0.17357014119625092,2.503321409225464,0
1780882673.6851044,61300,-13.717656135559082,-9.980146408081055,-1.4945019483566284,-2.540855884552002,-0.439925879240036,0.011093568988144398,2.578683088818894,-0.3000532388687134,-0.17666469514369965,2.503258228302002,0
1780882673.6951833,61322,-13.771796226501465,-9.988408088684082,-1.4942822456359863,-2.544236898422241,-0.3621656000614166,0.010217833332717419,2.5699046132646806,-0.300047367811203,-0.1797928661108017,2.5032079219818115,0
1780882673.7064998,61328,-13.78945255279541,-9.990741729736328,-1.4942138195037842,-2.545012950897217,-0.3365563154220581,0.009906506165862083,2.5671889709465185,-0.3000229001045227,-0.18925224244594574,2.503021478652954,0
1780882673.7163615,61335,-13.807147979736328,-9.992899894714355,-1.4941455125808716,-2.54563045501709,-0.31083735823631287,0.009592241607606411,2.5645557681370286,-0.30000635981559753,-0.19221101701259613,2.502922296524048,0
1780882673.7274299,61355,-13.856249809265137,-9.997978210449219,-1.4939745664596558,-2.5465340614318848,-0.2387690544128418,0.008540835231542587,2.55771760232525,-0.29998984932899475,-0.1951659768819809,2.5028235912323,0
1780882673.7388878,61362,-13.873945236206055,-9.999452590942383,-1.4939160346984863,-2.546574115753174,-0.21261638402938843,0.008117671124637127,2.555447387516769,-0.29996535181999207,-0.20047317445278168,2.502669095993042,0
1780882673.7485669,61369,-13.891640663146973,-10.000751495361328,-1.493862271308899,-2.5464560985565186,-0.18635500967502594,0.0076914262026548386,2.5532775034343005,-0.29994139075279236,-0.20647738873958588,2.502512216567993,0
1780882673.7600057,61388,-13.939960479736328,-10.003378868103027,-1.4937353134155273,-2.5453248023986816,-0.11395864933729172,0.006377501413226128,2.5478825710752337,-0.2999291718006134,-0.2094935029745102,2.5024302005767822,0
1780882673.7697477,61395,-13.957616806030273,-10.003984451293945,-1.4936962127685547,-2.5446197986602783,-0.0872734934091568,0.005855493247509003,2.546122712908175,-0.29978853464126587,-0.21467433869838715,2.5023066997528076,0
1780882673.7806916,61402,-13.975273132324219,-10.004404067993164,-1.4936572313308716,-2.543747663497925,-0.0604887418448925,0.005328082945197821,2.544472332706528,-0.2994316518306732,-0.22066114842891693,2.502162218093872,0
1780882673.7906084,61415,-13.992929458618164,-10.004638671875,-1.4936230182647705,-2.541592597961426,-0.008516483008861542,0.004211654420942068,2.541610356157708,-0.2994316518306732,-0.22066114842891693,2.502162218093872,0
1780882673.801721,61428,-14.04335880279541,-10.004286766052246,-1.4935498237609863,-2.538795232772827,0.04378139227628708,0.0030124092008918524,2.539174495553403,-0.2982572317123413,-0.22904980182647705,2.501911163330078,0
1780882673.811607,61435,-14.060976028442383,-10.003798484802246,-1.4935351610183716,-2.537086248397827,0.07098828256130219,0.0023727703373879194,2.5380802978056938,-0.2967158257961273,-0.23477743566036224,2.5016911029815674,0
1780882673.8228507,61448,-14.078906059265137,-10.003105163574219,-1.4935253858566284,-2.5332717895507812,0.12327926605939865,0.0011125946184620261,2.536269893966481,-0.2967158257961273,-0.23477743566036224,2.5016911029815674,0
1780882673.8339803,61462,-14.128124237060547,-10.000185012817383,-1.4935156106948853,-2.528798818588257,0.1752384901046753,-0.00022047042148187757,2.534863318191878,-0.2957671284675598,-0.23766778409481049,2.501569986343384,0
1780882673.845037,61469,-14.14566421508789,-9.998779296875,-1.4935204982757568,-2.5261785984039307,0.20262914896011353,-0.000948247907217592,2.534292363208405,-0.29259318113327026,-0.24501407146453857,2.5010433197021484,0
1780882673.856003,61481,-14.16324234008789,-9.997177124023438,-1.4935302734375,-2.5206832885742188,0.2548682391643524,-0.002384710358455777,2.533536608670885,-0.29141876101493835,-0.24746309220790863,2.500797986984253,0
1780882673.865569,61488,-14.194804191589355,-9.993827819824219,-1.4935643672943115,-2.5178537368774414,0.2796104848384857,-0.0030890940688550472,2.5333335757537885,-0.2877548635005951,-0.25389087200164795,2.4999680519104004,0
1780882673.875351,61502,-14.229686737060547,-9.989375114440918,-1.493627905845642,-2.5110960006713867,0.334421843290329,-0.004706296604126692,2.533271253357062,-0.28628209233283997,-0.25599536299705505,2.499616861343384,0
1780882673.888204,61513,-14.247109413146973,-9.986865043640137,-1.4936670064926147,-2.5045387744903564,0.3827846944332123,-0.006199698429554701,2.533629221389468,-0.2846948504447937,-0.2579764127731323,2.499232053756714,0
1780882673.8974524,61520,-14.27382755279541,-9.982666015625,-1.493740200996399,-2.5015158653259277,0.40374886989593506,-0.0068656206130981445,2.5338985597624015,-0.283017098903656,-0.25985896587371826,2.4988210201263428,0
1780882673.9075594,61534,-14.308476448059082,-9.976493835449219,-1.4938524961471558,-2.493206024169922,0.4581528306007385,-0.008614525198936462,2.534966371609111,-0.2760305106639862,-0.2659781873226166,2.4972448348999023,0
1780882673.9180377,61534,-14.308476448059082,-9.976493835449219,-1.4938524961471558,-2.493206024169922,0.4581528306007385,-0.008614525198936462,2.534966371609111,-0.2760305106639862,-0.2659781873226166,2.4972448348999023,0
1780882673.929043,61553,-14.357382774353027,-9.96646499633789,-1.494057536125183,-2.4802238941192627,0.5347195267677307,-0.011123032309114933,2.537234569194298,-0.27005869150161743,-0.2704368531703949,2.495900869369507,0
1780882673.9385347,61560,-14.3745698928833,-9.962568283081055,-1.494140625,-2.4753265380859375,0.5615603923797607,-0.012003087438642979,2.538254443224769,-0.26797133684158325,-0.27190765738487244,2.4954116344451904,0
1780882673.9494686,61567,-14.392108917236328,-9.958388328552246,-1.4942333698272705,-2.4701552391052246,0.5888946652412415,-0.012877817265689373,2.539415222094668,-0.2659339904785156,-0.27332791686058044,2.494899272918701,0
1780882673.960725,61581,-14.409218788146973,-9.954111099243164,-1.494326114654541,-2.459695816040039,0.6414877772331238,-0.014320039190351963,2.5420100588523997,-0.26402977108955383,-0.27464938163757324,2.4943888187408447,0
1780882673.9705389,61595,-14.459687232971191,-9.940390586853027,-1.4946337938308716,-2.4486868381500244,0.6935912370681763,-0.015422306023538113,2.5450685419041292,-0.26009467244148254,-0.27703651785850525,2.4933688640594482,0
1780882673.9817073,61602,-14.476679801940918,-9.93539047241211,-1.4947460889816284,-2.442910671234131,0.7197384238243103,-0.015897531062364578,2.5467800607536906,-0.2579551935195923,-0.2781841456890106,2.492845296859741,0
1780882673.9914382,61614,-14.493593215942383,-9.930214881896973,-1.4948583841323853,-2.4315991401672363,0.7687172293663025,-0.016584953293204308,2.550269714728696,-0.2533932030200958,-0.28037357330322266,2.4917984008789062,0
1780882674.004068,61628,-14.54042911529541,-9.914901733398438,-1.495180606842041,-2.419739246368408,0.8171694874763489,-0.017102975398302078,2.554054913944762,-0.248856782913208,-0.2821923494338989,2.4908647537231445,0
1780882674.013721,61635,-14.5571870803833,-9.909052848815918,-1.495302677154541,-2.4132351875305176,0.8425852060317993,-0.017318276688456535,2.5561599759143716,-0.24324017763137817,-0.2841181755065918,2.4898135662078857,0
1780882674.0234623,61648,-14.573905944824219,-9.903027534484863,-1.495424747467041,-2.400357961654663,0.8905646204948425,-0.01746019721031189,2.5602985267040004,-0.24324017763137817,-0.2841181755065918,2.4898135662078857,0
1780882674.036032,61662,-14.620741844177246,-9.885127067565918,-1.4957714080810547,-2.3868954181671143,0.9378859400749207,-0.017392510548233986,2.5646056759822846,-0.23511165380477905,-0.28653427958488464,2.4883217811584473,0
1780882674.0456681,61668,-14.6372652053833,-9.878446578979492,-1.4958934783935547,-2.379607915878296,0.9624372720718384,-0.01736544631421566,2.5669282994874285,-0.23211243748664856,-0.2873060405254364,2.48779296875,0
1780882674.0555289,61682,-14.653749465942383,-9.871591567993164,-1.4960155487060547,-2.365035057067871,1.0093817710876465,-0.01707872375845909,2.571484797499157,-0.22898688912391663,-0.2880513668060303,2.487267017364502,0
1780882674.0665002,61688,-14.684453010559082,-9.858320236206055,-1.4962353706359863,-2.3577709197998047,1.031829833984375,-0.01689685694873333,2.5737214340966634,-0.2202959805727005,-0.29001161456108093,2.485774040222168,0
1780882674.0775263,61702,-14.71703052520752,-9.843485832214355,-1.4964648485183716,-2.341789722442627,1.0792967081069946,-0.016517305746674538,2.5785913421202746,-0.2139778882265091,-0.291241854429245,2.4847540855407715,0
1780882674.0889773,61713,-14.73324203491211,-9.835829734802246,-1.4965771436691284,-2.3268752098083496,1.1212315559387207,-0.015982631593942642,2.5829757816452874,-0.2139778882265091,-0.291241854429245,2.4847540855407715,0
1780882674.0987618,61720,-14.758983612060547,-9.823320388793945,-1.4967528581619263,-2.320091724395752,1.1396063566207886,-0.015684952959418297,2.58491281775798,-0.21077671647071838,-0.29181671142578125,2.4842495918273926,0
1780882674.1115391,61734,-14.791015625,-9.807011604309082,-1.4969629049301147,-2.3026556968688965,1.1852459907531738,-0.014886836521327496,2.589836468741003,-0.19963937997817993,-0.2936352491378784,2.48248291015625,0
1780882674.1219049,61749,-14.806952476501465,-9.798623085021973,-1.4970654249191284,-2.2842941284179688,1.230978012084961,-0.013911142013967037,2.59489885183095,-0.19963937997817993,-0.2936352491378784,2.48248291015625,0
1780882674.1315947,61756,-14.839804649353027,-9.780722618103027,-1.4972655773162842,-2.274726152420044,1.2539764642715454,-0.013339509256184101,2.597501488730634,-0.19667577743530273,-0.29408276081085205,2.4820053577423096,0
1780882674.1413777,61769,-14.871211051940918,-9.76285171508789,-1.4974414110183716,-2.2558584213256836,1.2978543043136597,-0.01236958522349596,2.602590251831836,-0.18816696107387543,-0.2952999770641327,2.4805855751037598,0
1780882674.1525428,61769,-14.871211051940918,-9.76285171508789,-1.4974414110183716,-2.2558584213256836,1.2978543043136597,-0.01236958522349596,2.602590251831836,-0.18526676297187805,-0.29566001892089844,2.4801387786865234,0
1780882674.1635106,61788,-14.9136323928833,-9.737509727478027,-1.4976611137390137,-2.229147434234619,1.3566770553588867,-0.011308817192912102,2.609559120893479,-0.17656034231185913,-0.2965766191482544,2.4789481163024902,0
1780882674.1738205,61795,-14.929061889648438,-9.72793960571289,-1.4977391958236694,-2.2190771102905273,1.3778871297836304,-0.010914945043623447,2.6120863882850496,-0.17321063578128815,-0.2968813180923462,2.478522539138794,0
1780882674.1836486,61802,-14.944414138793945,-9.718222618103027,-1.4978125095367432,-2.2088465690612793,1.3989050388336182,-0.0105326222255826,2.6145839840132923,-0.16996370255947113,-0.2971724271774292,2.478101968765259,0
1780882674.1949887,61820,-14.9833984375,-9.692724227905273,-1.4979833364486694,-2.181971311569214,1.4517529010772705,-0.009348120540380478,2.6208152696546514,-0.16679665446281433,-0.2974429130554199,2.4776883125305176,0
1780882674.2064583,61827,-14.998476028442383,-9.682499885559082,-1.498046875,-2.1712241172790527,1.4720864295959473,-0.008884443901479244,2.6232292231137913,-0.16198059916496277,-0.2978334128856659,2.4770569801330566,0
1780882674.217766,61834,-15.013476371765137,-9.672138214111328,-1.4981054067611694,-2.1603360176086426,1.4922316074371338,-0.008397640660405159,2.625619431597093,-0.15586651861667633,-0.2982752025127411,2.476276397705078,0
1780882674.2260942,61848,-15.028398513793945,-9.661640167236328,-1.4981591701507568,-2.1379621028900146,1.5323140621185303,-0.0074023958295583725,2.630384598081448,-0.15290236473083496,-0.2984780967235565,2.475898027420044,0
1780882674.237431,61862,-15.073163986206055,-9.628945350646973,-1.4983056783676147,-2.115037679672241,1.57167649269104,-0.006371836643666029,2.6350696355909005,-0.14383375644683838,-0.2990133762359619,2.4748013019561768,0
1780882674.2481987,61869,-15.087773323059082,-9.617899894714355,-1.4983446598052979,-2.103450059890747,1.590954065322876,-0.00593598373234272,2.63736084530059,-0.14063742756843567,-0.29916954040527344,2.4744551181793213,0
1780882674.25818,61882,-15.102304458618164,-9.606718063354492,-1.4983837604522705,-2.0808908939361572,1.627268671989441,-0.004959711804986,2.6416159527921326,-0.14063742756843567,-0.29916954040527344,2.4744551181793213,0
1780882674.2707746,61895,-15.142929077148438,-9.574414253234863,-1.4984716176986694,-2.057788848876953,1.6629281044006348,-0.004073810297995806,2.6457213426395016,-0.13746459782123566,-0.2993147075176239,2.4741177558898926,0
1780882674.280197,61902,-15.1572265625,-9.562665939331055,-1.4984960556030273,-2.04541015625,1.6814255714416504,-0.0037179088685661554,2.647812017956502,-0.12464617192745209,-0.2997834384441376,2.4728946685791016,0
1780882674.290863,61915,-15.171327590942383,-9.550859451293945,-1.4985204935073853,-2.021916151046753,1.7153050899505615,-0.003017053473740816,2.651494970028358,-0.12109828740358353,-0.2998902499675751,2.472590208053589,0
1780882674.302149,61929,-15.209648132324219,-9.517812728881836,-1.4985692501068115,-1.9978972673416138,1.7484382390975952,-0.0021759795490652323,2.654926458807623,-0.11508166790008545,-0.3000603914260864,2.4720711708068848,0
1780882674.3113434,61935,-15.223437309265137,-9.505546569824219,-1.4985790252685547,-1.984871745109558,1.7658497095108032,-0.0017133617075160146,2.6566791256608298,-0.11180434376001358,-0.30014702677726746,2.471783399581909,0
1780882674.3227336,61948,-15.23714828491211,-9.4931640625,-1.4985888004302979,-1.9597467184066772,1.7984013557434082,-0.0008441877434961498,2.6598600243806847,-0.10863038897514343,-0.3002268075942993,2.471501111984253,0
1780882674.3339815,61955,-15.261523246765137,-9.470624923706055,-1.498598575592041,-1.9476661682128906,1.8135851621627808,-0.00047553537297062576,2.6612957124964476,-0.10550175607204437,-0.30029988288879395,2.4712259769439697,0
1780882674.343638,61969,-15.288280487060547,-9.445077896118164,-1.498598575592041,-1.9203475713729858,1.8468672037124634,0.0003485774795990437,2.6643298190226146,-0.09293210506439209,-0.30052661895751953,2.4702348709106445,0
1780882674.3544412,61980,-15.301523208618164,-9.432138442993164,-1.4985936880111694,-1.8952507972717285,1.8761471509933472,0.0010154199553653598,2.6668154693973976,-0.09293210506439209,-0.30052661895751953,2.4702348709106445,0
1780882674.3653827,61987,-15.32249927520752,-9.411230087280273,-1.4985839128494263,-1.8839384317398071,1.8889503479003906,0.001308546052314341,2.667837915562342,-0.08421292901039124,-0.30064845085144043,2.4695980548858643,0
1780882674.37484,62001,-15.348437309265137,-9.3845796585083,-1.498559594154358,-1.8551756143569946,1.9205775260925293,0.0020508193410933018,2.670261934660441,-0.08088555932044983,-0.30068767070770264,2.4693615436553955,0
1780882674.3858328,62001,-15.348437309265137,-9.3845796585083,-1.498559594154358,-1.8551756143569946,1.9205775260925293,0.0020508193410933018,2.670261934660441,-0.07753903418779373,-0.3007235527038574,2.469128370285034,0
1780882674.3968284,62021,-15.386210441589355,-9.344208717346191,-1.498500943183899,-1.81138277053833,1.9661396741867065,0.003246583975851536,2.673354316233005,-0.07422871887683868,-0.3007546365261078,2.468902587890625,0
1780882674.406585,62028,-15.39867115020752,-9.330449104309082,-1.498476505279541,-1.796395182609558,1.9810668230056763,0.003640260547399521,2.674261516907702,-0.06771674007177353,-0.30080318450927734,2.4684765338897705,0
1780882674.4164107,62035,-15.411054611206055,-9.316591262817383,-1.4984471797943115,-1.7812659740447998,1.9958083629608154,0.004045309964567423,2.675102961847788,-0.061269231140613556,-0.3008387088775635,2.4680721759796143,0
1780882674.4271774,62055,-15.4448823928833,-9.277548789978027,-1.4983593225479126,-1.7384533882141113,2.035876750946045,0.005082941148430109,2.6771328253051747,-0.058133624494075775,-0.30085286498069763,2.467874765396118,0
1780882674.436702,62062,-15.456835746765137,-9.263310432434082,-1.49832022190094,-1.7227866649627686,2.049973726272583,0.005414838902652264,2.6777631508148323,-0.049209367483854294,-0.3008788824081421,2.4673678874969482,0
1780882674.4478085,62068,-15.468671798706055,-9.248974800109863,-1.4982812404632568,-1.70696222782135,2.0638999938964844,0.0056887054815888405,2.6783270138996826,-0.045680660754442215,-0.3008840084075928,2.467193365097046,0
1780882674.4603238,62081,-15.480429649353027,-9.234550476074219,-1.4982372522354126,-1.67659592628479,2.0896949768066406,0.0062536331824958324,2.679148764823193,-0.045680660754442215,-0.3008840084075928,2.467193365097046,0
1780882674.4698353,62095,-15.512578010559082,-9.193896293640137,-1.498110294342041,-1.6456676721572876,2.114788055419922,0.006814431864768267,2.679663606315539,-0.03575240820646286,-0.3008885383605957,2.4667348861694336,0
1780882674.4811237,62102,-15.523905754089355,-9.179121017456055,-1.4980615377426147,-1.6291030645370483,2.127779006958008,0.007101492490619421,2.6798266228490983,-0.02891608700156212,-0.3008842468261719,2.466426372528076,0
1780882674.4920778,62113,-15.535117149353027,-9.164258003234863,-1.498012661933899,-1.5985424518585205,2.1509573459625244,0.007578191813081503,2.6799277795371936,-0.02552958019077778,-0.30087995529174805,2.466277599334717,0
1780882674.5030198,62127,-15.564140319824219,-9.1245698928833,-1.4978710412979126,-1.5675067901611328,2.1735305786132812,0.008063559420406818,2.6798092720114934,-0.020132429897785187,-0.3008706271648407,2.466040849685669,0
1780882674.5137177,62134,-15.574921607971191,-9.109394073486328,-1.4978125095367432,-1.5502722263336182,2.185688018798828,0.008320126682519913,2.6796726135425857,-0.01381062064319849,-0.30085551738739014,2.4657645225524902,0
1780882674.5235236,62148,-15.585585594177246,-9.094130516052246,-1.4977538585662842,-1.5153084993362427,2.2095553874969482,0.008778047747910023,2.679248385779062,-0.01381062064319849,-0.30085551738739014,2.4657645225524902,0
1780882674.533251,62155,-15.606600761413574,-9.063222885131836,-1.4976269006729126,-1.4975781440734863,2.221261978149414,0.008980469778180122,2.678959820903679,-0.0043127345852553844,-0.3008260428905487,2.4653751850128174,0
1780882674.544215,62169,-15.627031326293945,-9.032099723815918,-1.497499942779541,-1.461823582649231,2.244072198867798,0.009326557628810406,2.678222396515642,0.0022176888305693865,-0.3008025884628296,2.465132236480713,0
1780882674.5551121,62181,-15.637069702148438,-9.016435623168945,-1.4974365234375,-1.427734613418579,2.2648253440856934,0.009585671126842499,2.67730309278896,0.0022176888305693865,-0.3008025884628296,2.465132236480713,0
1780882674.5650878,62188,-15.654414176940918,-8.988739967346191,-1.4973193407058716,-1.4116151332855225,2.274303913116455,0.00971156544983387,2.676790968350164,0.011423999443650246,-0.3007667064666748,2.4648163318634033,0
1780882674.5762436,62202,-15.673632621765137,-8.95693302154541,-1.4971826076507568,-1.374534249305725,2.2953920364379883,0.009926862083375454,2.675493888247217,0.014724472537636757,-0.3007529675960541,2.464707374572754,0
1780882674.5862749,62214,-15.683046340942383,-8.94091796875,-1.4971141815185547,-1.3388047218322754,2.3147330284118652,0.010071511380374432,2.674039736309587,0.018049228936433792,-0.3007389008998871,2.4646012783050537,0
1780882674.5975387,62221,-15.699647903442383,-8.911992073059082,-1.496987223625183,-1.3217220306396484,2.3236448764801025,0.010154413990676403,2.673270983344921,0.02145887352526188,-0.3007243871688843,2.4644978046417236,0
1780882674.6072292,62235,-15.71761703491211,-8.879521369934082,-1.4968408346176147,-1.283277988433838,2.342982530593872,0.01028612069785595,2.6714182260638024,0.030948076397180557,-0.30068239569664,2.4642224311828613,0
1780882674.6182225,62246,-15.72640609741211,-8.86318302154541,-1.496767520904541,-1.2478395700454712,2.359872341156006,0.010428185574710369,2.6694961708492437,0.03444482758641243,-0.3006669282913208,2.4641289710998535,0
1780882674.6295912,62253,-15.74046802520752,-8.836347579956055,-1.4966503381729126,-1.2317376136779785,2.3672525882720947,0.010489063337445259,2.668552488912247,0.037955813109874725,-0.3006511628627777,2.4640378952026367,0
1780882674.6407552,62267,-15.757147789001465,-8.8032808303833,-1.4965038299560547,-1.1919468641281128,2.3847875595092773,0.010649895295500755,2.66609498164729,0.04747582599520683,-0.3006094694137573,2.4638071060180664,0
1780882674.651944,62267,-15.757147789001465,-8.8032808303833,-1.4965038299560547,-1.1919468641281128,2.3847875595092773,0.010649895295500755,2.66609498164729,0.05106661841273308,-0.3005937337875366,2.463724136352539,0
1780882674.6615794,62288,-15.780937194824219,-8.753701210021973,-1.4962841272354126,-1.1317343711853027,2.409404754638672,0.010950817726552486,2.6619868292323523,0.061212845146656036,-0.30054721236228943,2.4634904861450195,0
1780882674.6725836,62295,-15.788671493530273,-8.736913681030273,-1.4962060451507568,-1.1112109422683716,2.4173192977905273,0.011048817075788975,2.6605158187927063,0.06447660177946091,-0.3005320727825165,2.463416814804077,0
1780882674.6824996,62302,-15.796249389648438,-8.720077514648438,-1.4961278438568115,-1.0905596017837524,2.4250543117523193,0.011157173663377762,2.65900980489268,0.06753983348608017,-0.300517201423645,2.4633448123931885,0
1780882674.6937277,62321,-15.816679000854492,-8.672587394714355,-1.4959081411361694,-1.0319641828536987,2.4458539485931396,0.011333150789141655,2.6546713643779647,0.07059257477521896,-0.30050286650657654,2.463275909423828,0
1780882674.704868,62328,-15.823710441589355,-8.655556678771973,-1.4958300590515137,-1.0108259916305542,2.452955484390259,0.011372523382306099,2.6530904862149396,0.07956207543611526,-0.3004630506038666,2.463094472885132,0
1780882674.715915,62335,-15.830585479736328,-8.638476371765137,-1.495751976966858,-0.9895627498626709,2.4598753452301025,0.01143049169331789,2.6514810589794977,0.0828140527009964,-0.3004487454891205,2.4630329608917236,0
1780882674.725673,62353,-15.84788990020752,-8.5935640335083,-1.495546817779541,-0.9332745671272278,2.47711443901062,0.011535391211509705,2.6471173806334725,0.08612675964832306,-0.3004347085952759,2.4629735946655273,0
1780882674.736745,62360,-15.854218482971191,-8.57631778717041,-1.4954687356948853,-0.911536693572998,2.4833879470825195,0.011572932824492455,2.645420339420351,0.09144105762243271,-0.3004121482372284,2.4628801345825195,0
1780882674.7480175,62367,-15.860390663146973,-8.559033393859863,-1.49539053440094,-0.8896605372428894,2.4894888401031494,0.011574286967515945,2.6437065874722627,0.09468307346105576,-0.30039867758750916,2.4628243446350098,0
1780882674.7580037,62382,-15.866405487060547,-8.541699409484863,-1.4953124523162842,-0.8445888161659241,2.5013723373413086,0.01159715186804533,2.640137938127538,0.10144668817520142,-0.3003714978694916,2.4627156257629395,0
1780882674.7689216,62396,-15.883983612060547,-8.488007545471191,-1.4950634241104126,-0.7989668846130371,2.5124948024749756,0.011602310463786125,2.636496316853131,0.10836764425039291,-0.300344318151474,2.4626071453094482,0
1780882674.7803438,62403,-15.889374732971191,-8.470526695251465,-1.4949853420257568,-0.7764189839363098,2.5176639556884766,0.011587323620915413,2.634690209200758,0.11172636598348618,-0.30033156275749207,2.462556838989258,0
1780882674.7911978,62415,-15.894609451293945,-8.453007698059082,-1.4949071407318115,-0.7341508865356445,2.5267581939697266,0.011545496061444283,2.631276837102765,0.11514353007078171,-0.30031880736351013,2.4625084400177,0
1780882674.801165,62428,-15.90804672241211,-8.405263900756836,-1.494692325592041,-0.6914286017417908,2.535200595855713,0.01152191124856472,2.627821973987696,0.12772327661514282,-0.30027374625205994,2.4623358249664307,0
1780882674.8126574,62435,-15.912694931030273,-8.387626647949219,-1.4946142435073853,-0.6682597994804382,2.5394914150238037,0.011507639661431313,2.625970341102849,0.130906879901886,-0.30026233196258545,2.462291955947876,0
1780882674.8225477,62449,-15.917186737060547,-8.36996078491211,-1.49453604221344,-0.622338056564331,2.547420024871826,0.011427454650402069,2.6223622988607107,0.130906879901886,-0.30026233196258545,2.462291955947876,0
1780882674.8336427,62456,-15.925390243530273,-8.335761070251465,-1.4943798780441284,-0.5995944738388062,2.551072120666504,0.011357703246176243,2.6206128091198355,0.14010775089263916,-0.30022966861724854,2.462169647216797,0
1780882674.8434877,62469,-15.933202743530273,-8.300253868103027,-1.4942235946655273,-0.5521411895751953,2.558135986328125,0.01115680206567049,2.617067842453614,0.14322012662887573,-0.30021941661834717,2.462130546569824,0
1780882674.8548064,62481,-15.936874389648438,-8.282470703125,-1.4941455125808716,-0.508001983165741,2.5640296936035156,0.01089056022465229,2.6138922871615944,0.14942120015621185,-0.30019983649253845,2.4620554447174072,0
1780882674.8655863,62488,-15.942694664001465,-8.252490043640137,-1.4940185546875,-0.4876861572265625,2.566521167755127,0.010745033621788025,2.6124670616551486,0.1548813432455063,-0.3001842200756073,2.46199631690979,0
1780882674.8755713,62502,-15.948945045471191,-8.216787338256836,-1.493872046470642,-0.43905216455459595,2.571957588195801,0.010372857563197613,2.609183825423587,0.15814124047756195,-0.30017539858818054,2.4619619846343994,0
1780882674.8869307,62513,-15.951835632324219,-8.198905944824219,-1.49380362033844,-0.39554843306541443,2.576162576675415,0.010006565600633621,2.6063714845966484,0.1613626927137375,-0.3001667261123657,2.4619290828704834,0
1780882674.896635,62520,-15.955976486206055,-8.17129898071289,-1.4936962127685547,-0.37648117542266846,2.5778143405914307,0.009842047467827797,2.6051797857162997,0.16453497111797333,-0.3001585006713867,2.4618968963623047,0
1780882674.907993,62534,-15.960702896118164,-8.135449409484863,-1.4935643672943115,-0.32671934366226196,2.5816667079925537,0.0093249985948205,2.60227505776753,0.17558954656124115,-0.30013060569763184,2.461789846420288,0
1780882674.9188912,62534,-15.960702896118164,-8.135449409484863,-1.4935643672943115,-0.32671934366226196,2.5816667079925537,0.0093249985948205,2.60227505776753,0.17558954656124115,-0.30013060569763184,2.461789846420288,0
1780882674.9285352,62554,-15.966484069824219,-8.081366539001465,-1.4933788776397705,-0.2508149743080139,2.5861196517944336,0.008449811488389969,2.5982675774540005,0.17889882624149323,-0.3001229763031006,2.461761474609375,0
1780882674.9411838,62561,-15.968046188354492,-8.063398361206055,-1.4933202266693115,-0.22536799311637878,2.5872280597686768,0.008151535876095295,2.5970379691319176,0.18875542283058167,-0.30010104179382324,2.4616777896881104,0
1780882674.9510674,62568,-15.969452857971191,-8.045429229736328,-1.4932665824890137,-0.19979116320610046,2.588155746459961,0.007829871028661728,2.5958674819237766,0.19207458198070526,-0.30009397864341736,2.461651563644409,0
1780882674.9622462,62588,-15.972382545471191,-7.995771408081055,-1.4931249618530273,-0.12848244607448578,2.5897216796875,0.0069359540939331055,2.5929161622875356,0.19207458198070526,-0.30009397864341736,2.461651563644409,0
1780882674.9720724,62594,-15.973085403442383,-7.977783203125,-1.493080973625183,-0.1024230569601059,2.5899505615234375,0.006592840887606144,2.591983383296195,0.20422594249248505,-0.30006977915763855,2.461557149887085,0
1780882674.9819658,62601,-15.9736328125,-7.959794521331787,-1.4930371046066284,-0.07625741511583328,2.5900075435638428,0.006245388649404049,2.5911374479091496,0.20719090104103088,-0.30006393790245056,2.461533308029175,0
1780882674.9918602,62614,-15.973983764648438,-7.941806316375732,-1.4929980039596558,-0.025291232392191887,2.58964204788208,0.005448155105113983,2.5897712765780803,0.21012550592422485,-0.3000582158565521,2.461510181427002,0
1780882675.004453,62628,-15.973944664001465,-7.890233993530273,-1.4929003715515137,0.02610388956964016,2.58866024017334,0.0045641944743692875,2.5887958753011326,0.2155643105506897,-0.30004844069480896,2.4614689350128174,0
1780882675.0143461,62635,-15.973593711853027,-7.872265338897705,-1.4928710460662842,0.05283861979842186,2.5879127979278564,0.004081263672560453,2.588455374568809,0.22145992517471313,-0.2999553680419922,2.461447238922119,0
1780882675.0240653,62648,-15.97304630279541,-7.854296684265137,-1.4928466081619263,0.10339605808258057,2.586026191711426,0.003127617761492729,2.5880942778495104,0.22442570328712463,-0.2998180091381073,2.461458206176758,0
1780882675.0351994,62661,-15.970585823059082,-7.804765224456787,-1.4927978515625,0.15431030094623566,2.58351731300354,0.0020986555609852076,2.5881224429926633,0.22948488593101501,-0.29938456416130066,2.4615275859832764,0
1780882675.046041,62668,-15.969335556030273,-7.786835670471191,-1.4927880764007568,0.18150901794433594,2.581930160522461,0.0015210818964987993,2.5883027626421127,0.234856516122818,-0.29825565218925476,2.4617676734924316,0
1780882675.056632,62684,-15.967890739440918,-7.76891565322876,-1.4927831888198853,0.24005691707134247,2.5779168605804443,0.00017222404130734503,2.5890698509618955,0.2373737394809723,-0.2974105775356293,2.461960554122925,0
1780882675.0689478,62691,-15.963828086853027,-7.727919578552246,-1.4927880764007568,0.2713785171508789,2.575432300567627,-0.0006072807009331882,2.589690754350395,0.24260267615318298,-0.2950258255004883,2.4625227451324463,0
1780882675.079658,62698,-15.96175765991211,-7.710048675537109,-1.4927978515625,0.29873961210250854,2.5730552673339844,-0.0013144159456714988,2.5903398410794667,0.2447371482849121,-0.2938429117202759,2.4628067016601562,0
1780882675.090948,62715,-15.955780982971191,-7.66552734375,-1.4928417205810547,0.3670332133769989,2.566293954849243,-0.0031703852582722902,2.592409707928186,0.24681812524795532,-0.2925834655761719,2.4631097316741943,0
1780882675.100686,62722,-15.953046798706055,-7.647724628448486,-1.4928710460662842,0.39437639713287354,2.5632827281951904,-0.00394782517105341,2.5934468709813325,0.24982255697250366,-0.2906430959701538,2.463578462600708,0
1780882675.1117957,62736,-15.946991920471191,-7.612187385559082,-1.492944359779358,0.4490094780921936,2.5567405223846436,-0.005542416591197252,2.5958740972169654,0.2554280757904053,-0.2869367301464081,2.4644479751586914,0
1780882675.1226676,62746,-15.943671226501465,-7.594452857971191,-1.4929882287979126,0.49545320868492126,2.5506362915039062,-0.006924552842974663,2.59832009632475,0.2571852207183838,-0.28566861152648926,2.464738368988037,0
1780882675.1336513,62760,-15.934999465942383,-7.551913738250732,-1.4931151866912842,0.5417969226837158,2.5440526008605957,-0.008332142606377602,2.601118406758047,0.2595188319683075,-0.28365620970726013,2.4652011394500732,0
1780882675.1434734,62767,-15.93105411529541,-7.534276962280273,-1.4931787252426147,0.5689392685890198,2.539964437484741,-0.00917130894958973,2.6029205419946333,0.2610388398170471,-0.28192687034606934,2.4656028747558594,0
1780882675.1546733,62781,-15.926913261413574,-7.516669750213623,-1.4932470321655273,0.6225001811981201,2.53133487701416,-0.010833210311830044,2.6067758042504625,0.2638479173183441,-0.2780345380306244,2.466506242752075,0
1780882675.1654875,62787,-15.918241500854492,-7.482148170471191,-1.4933984279632568,0.6489099264144897,2.526799440383911,-0.01166532002389431,2.608818810154313,0.2663823962211609,-0.2738724648952484,2.4674618244171143,0
1780882675.1780288,62801,-15.908671379089355,-7.447157859802246,-1.4935790300369263,0.7023265957832336,2.517047643661499,-0.013352412730455399,2.613229759231303,0.26885169744491577,-0.269689679145813,2.4683969020843506,0
1780882675.187882,62813,-15.903593063354492,-7.42971658706665,-1.493676781654358,0.7506433129310608,2.5075418949127197,-0.014607958495616913,2.617526529080842,0.26885169744491577,-0.269689679145813,2.4683969020843506,0
1780882675.198065,62820,-15.894843101501465,-7.400927543640137,-1.4938476085662842,0.772356390953064,2.503053665161133,-0.01507533062249422,2.619549448076138,0.27003514766693115,-0.26757749915122986,2.4688620567321777,0
1780882675.2090576,62834,-15.883554458618164,-7.366279125213623,-1.4940673112869263,0.8244667649269104,2.4917891025543213,-0.015995154157280922,2.624693167407198,0.2739678621292114,-0.25983354449272156,2.470491647720337,0
1780882675.2203891,62834,-15.883554458618164,-7.366279125213623,-1.4940673112869263,0.8244667649269104,2.4917891025543213,-0.015995154157280922,2.624693167407198,0.2739678621292114,-0.25983354449272156,2.470491647720337,0
1780882675.2301073,62854,-15.865428924560547,-7.314902305603027,-1.49441397190094,0.9011098146438599,2.473795175552368,-0.01694663055241108,2.632859406979557,0.2749546468257904,-0.25750288367271423,2.4709784984588623,0
1780882675.2413542,62868,-15.85238265991211,-7.280673503875732,-1.494653344154358,0.9516846537590027,2.460916042327881,-0.01728711649775505,2.6385811133986237,0.2777029573917389,-0.250127911567688,2.4725072383880615,0
1780882675.252321,62868,-15.85238265991211,-7.280673503875732,-1.494653344154358,0.9516846537590027,2.460916042327881,-0.01728711649775505,2.6385811133986237,0.27855703234672546,-0.24760495126247406,2.4730191230773926,0
1780882675.261999,62888,-15.833163261413574,-7.233554363250732,-1.4949902296066284,1.0206526517868042,2.441986083984375,-0.017430977895855904,2.6467587175568505,0.2807595133781433,-0.24058757722377777,2.474398136138916,0
1780882675.2728124,62894,-15.825898170471191,-7.216650009155273,-1.4951122999191284,1.0452220439910889,2.434864044189453,-0.017379427328705788,2.6497837797499257,0.281474232673645,-0.23785816133022308,2.474933385848999,0
1780882675.282948,62901,-15.818476676940918,-7.199794769287109,-1.4952294826507568,1.069582223892212,2.427586078643799,-0.017207765951752663,2.6528242327942566,0.2821483016014099,-0.23514066636562347,2.4754509925842285,0
1780882675.2937312,62922,-15.79613208770752,-7.15139627456665,-1.4955614805221558,1.1388667821884155,2.405667304992676,-0.01638047583401203,2.661676360843194,0.28277647495269775,-0.23231421411037445,2.475985527038574,0
1780882675.3047652,62928,-15.788046836853027,-7.134726524353027,-1.4956737756729126,1.1625268459320068,2.3977551460266113,-0.016069846227765083,2.664762024603229,0.28387200832366943,-0.22679375112056732,2.4770069122314453,0
1780882675.315868,62935,-15.779804229736328,-7.118134498596191,-1.4957811832427979,1.1859952211380005,2.389681100845337,-0.015818357467651367,2.6678475684964704,0.28495410084724426,-0.2205939143896103,2.4781405925750732,0
1780882675.3251324,62948,-15.771406173706055,-7.101601600646973,-1.495888590812683,1.2303717136383057,2.373720645904541,-0.01521467138081789,2.6736857976845294,0.28546783328056335,-0.21731708943843842,2.478743553161621,0
1780882675.3365686,62962,-15.746757507324219,-7.05504846572876,-1.496181607246399,1.2740055322647095,2.357114553451538,-0.014621572569012642,2.6794202553385538,0.28637829422950745,-0.21128104627132416,2.479830026626587,0
1780882675.3477635,62969,-15.737772941589355,-7.038740158081055,-1.496279239654541,1.2964829206466675,2.348201274871826,-0.01432611420750618,2.6823725372115015,0.2873327136039734,-0.20468078553676605,2.4809868335723877,0
1780882675.3572674,62983,-15.728632926940918,-7.022500038146973,-1.496376872062683,1.3408421277999878,2.329838991165161,-0.013480805791914463,2.6881571882167705,0.2873327136039734,-0.20468078553676605,2.4809868335723877,0
1780882675.3684316,62990,-15.709765434265137,-6.990048885345459,-1.4965624809265137,1.3627451658248901,2.320389747619629,-0.012982415966689587,2.690994520797418,0.2877880334854126,-0.20139966905117035,2.4815449714660645,0
1780882675.3782878,63004,-15.690390586853027,-6.958027362823486,-1.49673330783844,1.405766248703003,2.301077365875244,-0.012065248563885689,2.69653135712507,0.2894447147846222,-0.18837009370326996,2.483609914779663,0
1780882675.3895657,63011,-15.679374694824219,-6.940361022949219,-1.4968212842941284,1.4293562173843384,2.290067434310913,-0.011633576825261116,2.699556146846437,0.2898717522621155,-0.1846289485692978,2.484189510345459,0
1780882675.4007025,63025,-15.659062385559082,-6.908769607543945,-1.496972680091858,1.471091389656067,2.269732713699341,-0.010652742348611355,2.7047938829561002,0.2902448773384094,-0.181264266371727,2.4846975803375244,0
1780882675.4114678,63032,-15.648710250854492,-6.893075942993164,-1.4970409870147705,1.4916296005249023,2.2593228816986084,-0.010105390101671219,2.707323561718859,0.29059991240501404,-0.1778707504272461,2.485201358795166,0
1780882675.4227574,63048,-15.638202667236328,-6.877460956573486,-1.497109293937683,1.5342953205108643,2.2368249893188477,-0.00891688372939825,2.7124762992878377,0.29126426577568054,-0.171051487326622,2.486175298690796,0
1780882675.4322524,63055,-15.614375114440918,-6.84304666519165,-1.4972411394119263,1.5563888549804688,2.2246885299682617,-0.008338212966918945,2.7150791607382723,0.291934996843338,-0.16323219239711761,2.487267017364502,0
1780882675.4425914,63068,-15.5923433303833,-6.812382698059082,-1.49734365940094,1.5954772233963013,2.2022910118103027,-0.007292246446013451,2.7195011395355304,0.2922247648239136,-0.1596609354019165,2.4877564907073975,0
1780882675.4538453,63081,-15.581132888793945,-6.797167778015137,-1.4973925352096558,1.6313141584396362,2.180677652359009,-0.006244444753974676,2.723339842934389,0.29250431060791016,-0.1560809463262558,2.488236904144287,0
1780882675.4633334,63088,-15.561171531677246,-6.770712852478027,-1.49746572971344,1.6477831602096558,2.1703808307647705,-0.005769448354840279,2.7250276292463558,0.2927747666835785,-0.1525016874074936,2.4887053966522217,0
1780882675.474611,63102,-15.537890434265137,-6.740819931030273,-1.497534155845642,1.6848281621932983,2.1464014053344727,-0.004737024195492268,2.7286823502085533,0.2934838533401489,-0.14269398152828217,2.489927291870117,0
1780882675.4843721,63102,-15.537890434265137,-6.740819931030273,-1.497534155845642,1.6848281621932983,2.1464014053344727,-0.004737024195492268,2.7286823502085533,0.29372167587280273,-0.13900423049926758,2.490389108657837,0
1780882675.4956274,63121,-15.504413604736328,-6.699443340301514,-1.4976073503494263,1.7352941036224365,2.111600637435913,-0.0033486413303762674,2.7331509456093546,0.293948233127594,-0.1352231502532959,2.4908676147460938,0
1780882675.5069642,63135,-15.479921340942383,-6.670371055603027,-1.497646450996399,1.7702503204345703,2.0859525203704834,-0.0024623156059533358,2.7358710088812326,0.2945535480976105,-0.12463437020778656,2.492154359817505,0
1780882675.5171847,63135,-15.479921340942383,-6.670371055603027,-1.497646450996399,1.7702503204345703,2.0859525203704834,-0.0024623156059533358,2.7358710088812326,0.29475530982017517,-0.12075447291135788,2.4926276206970215,0
1780882675.5284226,63154,-15.444765090942383,-6.630175590515137,-1.4976806640625,1.8177659511566162,2.048748731613159,-0.00131155492272228,2.738913313459767,0.2949507534503937,-0.11677657812833786,2.493124008178711,0
1780882675.5394137,63161,-15.43203067779541,-6.616044998168945,-1.4976855516433716,1.8342487812042236,2.0351827144622803,-0.0008680438622832298,2.7397879527611955,0.2954806387424469,-0.10600470751523972,2.4943454265594482,0
1780882675.548597,63168,-15.41917896270752,-6.602011680603027,-1.4976904392242432,1.8505032062530518,2.021453380584717,-0.00039844989078119397,2.7405539668089953,0.2956638038158417,-0.1023719310760498,2.4946982860565186,0
1780882675.5595489,63182,-15.406210899353027,-6.588066101074219,-1.4976904392242432,1.8814929723739624,1.9943022727966309,0.0005748415132984519,2.7417617859356747,0.2958412170410156,-0.09879183024168015,2.495023727416992,0
1780882675.5708919,63195,-15.368124961853027,-6.548329830169678,-1.4976708889007568,1.9117085933685303,1.966540813446045,0.0014879226218909025,2.7426109331842614,0.2961563467979431,-0.0919179916381836,2.495635986328125,0
1780882675.5821922,63202,-15.35472583770752,-6.534775257110596,-1.497656226158142,1.9269485473632812,1.952019453048706,0.0019002245971933007,2.7429025247207655,0.29631486535072327,-0.08819042891263962,2.4959707260131836,0
1780882675.5919027,63214,-15.341249465942383,-6.521318435668945,-1.4976415634155273,1.9547606706619263,1.9244976043701172,0.0027151964604854584,2.7431346450884986,0.29661789536476135,-0.08060228079557419,2.496652841567993,0
1780882675.6026406,63228,-15.30394458770752,-6.485107421875,-1.497583031654358,1.9818520545959473,1.8963944911956787,0.0034453151747584343,2.7430022790256934,0.29686853289604187,-0.07413017004728317,2.4971888065338135,0
1780882675.613582,63235,-15.290078163146973,-6.47204065322876,-1.49755859375,1.9960863590240479,1.8810971975326538,0.003831295995041728,2.7427909322578863,0.29714682698249817,-0.06676196306943893,2.4977505207061768,0
1780882675.6234066,63248,-15.276132583618164,-6.459081649780273,-1.4975292682647705,2.022681951522827,1.8514456748962402,0.004503173753619194,2.742100224769701,0.29714682698249817,-0.06676196306943893,2.4977505207061768,0
1780882675.6347754,63262,-15.236289024353027,-6.423163890838623,-1.4974365234375,2.0485312938690186,1.8212038278579712,0.005127611104398966,2.7410381494902327,0.29762157797813416,-0.05249619483947754,2.4988176822662354,0
1780882675.6460657,63269,-15.221952438354492,-6.410624980926514,-1.4973974227905273,2.061793804168701,1.8051084280014038,0.005375666543841362,2.740335568053835,0.29773446917533875,-0.04856586456298828,2.4991419315338135,0
1780882675.6557028,63281,-15.207538604736328,-6.398202896118164,-1.4973583221435547,2.0865228176116943,1.7738715410232544,0.005885901395231485,2.7386552094598717,0.29773446917533875,-0.04856586456298828,2.4991419315338135,0
1780882675.6668386,63288,-15.18105411529541,-6.375839710235596,-1.497280240058899,2.0980327129364014,1.7587628364562988,0.00614774227142334,2.737704471667115,0.29803788661956787,-0.037744518369436264,2.4999444484710693,0
1780882675.6768687,63302,-15.151679039001465,-6.351757526397705,-1.4971874952316284,2.122713327407837,1.7251631021499634,0.006681723520159721,2.7353508449198496,0.29813840985298157,-0.03407120704650879,2.5001673698425293,0
1780882675.6876574,63312,-15.136836051940918,-6.339892387390137,-1.4971386194229126,2.143583059310913,1.6953333616256714,0.007132477592676878,2.7329753770281835,0.2982366979122162,-0.030451295897364616,2.5003674030303955,0
1780882675.6988971,63326,-15.099570274353027,-6.310859203338623,-1.4970067739486694,2.1638882160186768,1.6650301218032837,0.007506284397095442,2.7303468391840253,0.2983318865299225,-0.026881812140345573,2.5005459785461426,0
1780882675.7087803,63333,-15.084452629089355,-6.299414157867432,-1.4969531297683716,2.1752824783325195,1.6474446058273315,0.007659568451344967,2.728733453234101,0.2986418902873993,-0.014182685874402523,2.5011942386627197,0
1780882675.7215288,63348,-15.069257736206055,-6.288095474243164,-1.4968993663787842,2.1980042457580566,1.610888957977295,0.007984103634953499,2.7251146113905875,0.2986418902873993,-0.014182685874402523,2.5011942386627197,0
1780882675.731242,63355,-15.037109375,-6.264736175537109,-1.4967821836471558,2.2093122005462646,1.5918962955474854,0.008138598874211311,2.7230975840120055,0.29872480034828186,-0.010347127914428711,2.5014281272888184,0
1780882675.742139,63369,-15.006210327148438,-6.243007659912109,-1.4966650009155273,2.230211019515991,1.5552304983139038,0.008432311937212944,2.718943581308902,0.2989550530910492,0.0015068053035065532,2.5021073818206787,0
1780882675.752323,63369,-15.006210327148438,-6.243007659912109,-1.4966650009155273,2.230211019515991,1.5552304983139038,0.008432311937212944,2.718943581308902,0.2990227937698364,0.005233048927038908,2.502288579940796,0
1780882675.7634895,63388,-14.962773323059082,-6.213632583618164,-1.496498942375183,2.2579505443573,1.503185510635376,0.008794975467026234,2.7125605415807823,0.2991992235183716,0.015298723243176937,2.5026822090148926,0
1780882675.7733932,63395,-14.947031021118164,-6.203330039978027,-1.496435523033142,2.2675747871398926,1.4841935634613037,0.008907021954655647,2.7101301230997366,0.29925745725631714,0.018811462447047234,2.5027830600738525,0
1780882675.7845507,63402,-14.9312105178833,-6.193154335021973,-1.4963719844818115,2.2770135402679443,1.4650591611862183,0.009024715051054955,2.7076318903833614,0.2993106544017792,0.022161124274134636,2.502828598022461,0
1780882675.7960343,63421,-14.886874198913574,-6.165507793426514,-1.496191382408142,2.3023881912231445,1.411041498184204,0.009292650036513805,2.7003917949116953,0.29944390058517456,0.03131651505827904,2.502880096435547,0
1780882675.8055756,63428,-14.870820045471191,-6.155849456787109,-1.4961278438568115,2.31118106842041,1.3913952112197876,0.009377794340252876,2.697707639433331,0.29949110746383667,0.034787774085998535,2.502948522567749,0
1780882675.8169475,63435,-14.85472583770752,-6.146327972412109,-1.496059536933899,2.31978702545166,1.3716185092926025,0.009496297687292099,2.694965557879671,0.29953429102897644,0.038181181997060776,2.5029897689819336,0
1780882675.82667,63455,-14.808749198913574,-6.120068073272705,-1.4958642721176147,2.34321665763855,1.314840316772461,0.009859123267233372,2.686925113499943,0.29957279562950134,0.04148184880614281,2.5030007362365723,0
1780882675.838016,63462,-14.792421340942383,-6.111073970794678,-1.4957958459854126,2.3511602878570557,1.2945630550384521,0.00998715404421091,2.684017128468532,0.2996375262737274,0.047524090856313705,2.5030152797698975,0
1780882675.8494217,63469,-14.776054382324219,-6.102226257324219,-1.4957275390625,2.358938217163086,1.2741459608078003,0.010077728889882565,2.6810704956145726,0.29970690608024597,0.05433916673064232,2.503100872039795,0
1780882675.8590236,63481,-14.75960922241211,-6.093525409698486,-1.4956591129302979,2.3729665279388428,1.2356140613555908,0.01030387356877327,2.675409953847878,0.299743115901947,0.05789291486144066,2.5031895637512207,0
1780882675.8703623,63495,-14.714335441589355,-6.070400238037109,-1.495458960533142,2.3863465785980225,1.196610450744629,0.01057059783488512,2.669576427367521,0.2997998297214508,0.06399309635162354,2.5033199787139893,0
1780882675.8805277,63502,-14.697733879089355,-6.062236309051514,-1.495385766029358,2.3932549953460693,1.1755541563034058,0.010698867030441761,2.666404229089592,0.2998565137386322,0.07089649885892868,2.503436803817749,0
1780882675.8908002,63514,-14.68105411529541,-6.054218769073486,-1.4953124523162842,2.40604829788208,1.1346153020858765,0.010960673913359642,2.660176767029085,0.29988163709640503,0.07430266588926315,2.503480911254883,0
1780882675.9036474,63528,-14.633280754089355,-6.032167911529541,-1.495092749595642,2.418187379837036,1.0931742191314697,0.01117894146591425,2.6538246072619622,0.2999268174171448,0.08067571371793747,2.5035789012908936,0
1780882675.914517,63535,-14.61644458770752,-6.024726390838623,-1.4950146675109863,2.424227476119995,1.0714653730392456,0.011286148801445961,2.6504800091213703,0.2999768853187561,0.08773993700742722,2.5037362575531006,0
1780882675.9240925,63550,-14.599570274353027,-6.017441272735596,-1.494936466217041,2.436183214187622,1.025991678237915,0.01153797097504139,2.643441072102272,0.2999768853187561,0.08773993700742722,2.5037362575531006,0
1780882675.9338026,63557,-14.563124656677246,-6.002295017242432,-1.4947607517242432,2.4420852661132812,1.002208948135376,0.01165798120200634,2.6397611882925887,0.29999762773513794,0.09119939059019089,2.503789186477661,0
1780882675.944629,63572,-14.529101371765137,-5.988837718963623,-1.494594693183899,2.4525320529937744,0.9575902223587036,0.011861385777592659,2.632875461808138,0.30004754662513733,0.10490023344755173,2.5037841796875,0
1780882675.9544861,63579,-14.510624885559082,-5.981816291809082,-1.4945068359375,2.457915782928467,0.9332292079925537,0.011957559734582901,2.6291461986458784,0.3000606596469879,0.10852110385894775,2.5037927627563477,0
1780882675.965443,63592,-14.476366996765137,-5.969326019287109,-1.4943407773971558,2.4673171043395996,0.8878311514854431,0.012105784378945827,2.622221271542534,0.3000721037387848,0.11186014860868454,2.5037992000579834,0
1780882675.9768934,63599,-14.45921802520752,-5.963320255279541,-1.4942578077316284,2.471759796142578,0.8649341464042664,0.012151507660746574,2.618750699585836,0.3000844120979309,0.11524342745542526,2.5038177967071533,0
1780882675.9863286,63614,-14.442030906677246,-5.957470417022705,-1.4941747188568115,2.4803531169891357,0.8174368739128113,0.012238345108926296,2.611609542960256,0.30009716749191284,0.11866188049316406,2.503847360610962,0
1780882675.9973714,63621,-14.405585289001465,-5.945654392242432,-1.4939990043640137,2.484492063522339,0.7928240299224854,0.012266750447452068,2.607953456121209,0.30010557174682617,0.12199830263853073,2.503851890563965,0
1780882676.008656,63635,-14.371015548706055,-5.935136795043945,-1.4938329458236694,2.4917967319488525,0.7458621859550476,0.012269167229533195,2.6010597621456393,0.3001154959201813,0.1289459466934204,2.50382924079895,0
1780882676.0184226,63635,-14.371015548706055,-5.935136795043945,-1.4938329458236694,2.4917967319488525,0.7458621859550476,0.012269167229533195,2.6010597621456393,0.30013009905815125,0.13566087186336517,2.5038540363311768,0
1780882676.0291915,63655,-14.321874618530273,-5.921347618103027,-1.493593692779541,2.5009477138519287,0.6785069108009338,0.012281207367777824,2.5913822418702,0.3001354932785034,0.1389903873205185,2.503857374191284,0
1780882676.0404932,63662,-14.304491996765137,-5.916806697845459,-1.4935107231140137,2.50386381149292,0.6544933319091797,0.012258028611540794,2.5880196613014506,0.3001326322555542,0.1480989307165146,2.5037686824798584,0
1780882676.0517287,63668,-14.287070274353027,-5.912431716918945,-1.4934277534484863,2.506617784500122,0.630362331867218,0.012226156890392303,2.5846931860322777,0.3001227378845215,0.15115833282470703,2.5036885738372803,0
1780882676.061391,63688,-14.237772941589355,-5.900957107543945,-1.493188500404358,2.5135657787323,0.5615425705909729,0.01200492400676012,2.5755556877692314,0.30010756850242615,0.15412569046020508,2.5035793781280518,0
1780882676.0710306,63695,-14.220312118530273,-5.897226333618164,-1.493105411529541,2.5157470703125,0.5369758009910583,0.011867393739521503,2.5724438123446127,0.3000578284263611,0.16238294541835785,2.503232717514038,0
1780882676.0817308,63702,-14.202812194824219,-5.89367151260376,-1.4930224418640137,2.5177807807922363,0.5123000144958496,0.011709312908351421,2.5693984652030903,0.3000403344631195,0.16530250012874603,2.50311017036438,0
1780882676.0928369,63715,-14.185312271118164,-5.890283107757568,-1.492944359779358,2.5212550163269043,0.4647042453289032,0.011277107521891594,2.5637480504398913,0.30002933740615845,0.1683267205953598,2.503023147583008,0
1780882676.1037061,63729,-14.1357421875,-5.881630897521973,-1.4927294254302979,2.5241482257843018,0.41668009757995605,0.010777349583804607,2.558332019248739,0.3000214099884033,0.1740417331457138,2.5029258728027344,0
1780882676.1135433,63736,-14.118203163146973,-5.878915786743164,-1.4926562309265137,2.5254220962524414,0.39143314957618713,0.010500822216272354,2.5555991356420567,0.30002567172050476,0.1804780811071396,2.5028927326202393,0
1780882676.1260679,63748,-14.100664138793945,-5.876376628875732,-1.49258291721344,2.527385950088501,0.3428370952606201,0.009941649623215199,2.55055206788427,0.30002567172050476,0.1804780811071396,2.5028927326202393,0
1780882676.1358283,63762,-14.051093101501465,-5.87014627456665,-1.4923925399780273,2.5287585258483887,0.29380565881729126,0.009312090463936329,2.545786354396768,0.30001595616340637,0.1893012374639511,2.5027823448181152,0
1780882676.1455882,63769,-14.033514976501465,-5.86828088760376,-1.4923291206359863,2.5292489528656006,0.26799529790878296,0.008977179415524006,2.5434233495474583,0.2999940812587738,0.1953129768371582,2.5026376247406006,0
1780882676.1564157,63782,-14.015936851501465,-5.866601467132568,-1.4922704696655273,2.5297536849975586,0.2186797857284546,0.008249311707913876,2.539201174895094,0.29997718334198,0.19822536408901215,2.502537488937378,0
1780882676.1672087,63788,-13.984375,-5.864013671875,-1.4921679496765137,2.529799222946167,0.1951989382505417,0.00786350667476654,2.5373309931206043,0.2999531328678131,0.20353470742702484,2.5023837089538574,0
1780882676.1780915,63802,-13.94921875,-5.861855506896973,-1.4920654296875,2.5294628143310547,0.14258599281311035,0.006927299313247204,2.533487888644004,0.29991212487220764,0.2065814584493637,2.5023272037506104,0
1780882676.189064,63815,-13.931640625,-5.861044883728027,-1.4920214414596558,2.5285239219665527,0.09206612408161163,0.005990867502987385,2.5302065697594665,0.29983463883399963,0.2096918821334839,2.5022926330566406,0
1780882676.1989048,63822,-13.899843215942383,-5.860038757324219,-1.4919482469558716,2.527863025665283,0.06793147325515747,0.005523967556655407,2.528781658388447,0.29974856972694397,0.21273374557495117,2.5022361278533936,0
1780882676.2100923,63836,-13.864765167236328,-5.859658241271973,-1.491884708404541,2.525918483734131,0.014278682880103588,0.004427156411111355,2.525962720819215,0.29873016476631165,0.22430096566677094,2.5020244121551514,0
1780882676.2208617,63846,-13.8472261428833,-5.859745979309082,-1.491860270500183,2.523618459701538,-0.03309810161590576,0.003374743275344372,2.523837752980392,0.29873016476631165,0.22430096566677094,2.5020244121551514,0
1780882676.2319107,63853,-13.820819854736328,-5.860205173492432,-1.4918261766433716,2.5224475860595703,-0.05354456603527069,0.002903265878558159,2.523017493780497,0.29715389013290405,0.23165498673915863,2.501803159713745,0
1780882676.2418547,63867,-13.785820007324219,-5.861513614654541,-1.4918017387390137,2.518871784210205,-0.10790896415710449,0.0015915441326797009,2.5211826476573425,0.29621610045433044,0.23448167741298676,2.501680612564087,0
1780882676.2530005,63880,-13.768359184265137,-5.862451076507568,-1.491796851158142,2.5147602558135986,-0.15956708788871765,0.00028162478702142835,2.5198176281369022,0.2940233051776886,0.23996351659297943,2.501378059387207,0
1780882676.263845,63887,-13.737109184265137,-5.864589691162109,-1.491796851158142,2.5125763416290283,-0.1839989870786667,-0.0003606700920499861,2.5193045925101636,0.29182299971580505,0.24455319344997406,2.501002550125122,0
1780882676.2749195,63900,-13.702265739440918,-5.867714881896973,-1.4918212890625,2.507176637649536,-0.23863601684570312,-0.001850294996984303,2.5185085396923297,0.2905620038509369,0.24698685109615326,2.500751495361328,0
1780882676.2861385,63900,-13.702265739440918,-5.867714881896973,-1.4918212890625,2.507176637649536,-0.23863601684570312,-0.001850294996984303,2.5185085396923297,0.2892491817474365,0.24933145940303802,2.500472068786621,0
1780882676.2959201,63922,-13.649374961853027,-5.873935222625732,-1.4918944835662842,2.497589111328125,-0.3218288719654083,-0.004240674898028374,2.5182420803367838,0.2878929078578949,0.25161445140838623,2.5001728534698486,0
1780882676.3056536,63928,-13.63206958770752,-5.876357078552246,-1.4919286966323853,2.494091749191284,-0.3491268754005432,-0.0050556897185742855,2.5184139430422308,0.2850114107131958,0.2559654414653778,2.4994683265686035,0
1780882676.317979,63935,-13.614765167236328,-5.878974437713623,-1.491967797279358,2.4904260635375977,-0.3763970136642456,-0.005880494136363268,2.518716194821089,0.2819606065750122,0.2598989009857178,2.4986908435821533,0
1780882676.3278441,63955,-13.566600799560547,-5.887255668640137,-1.4921141862869263,2.479316234588623,-0.452364981174469,-0.008224167861044407,2.5202600469445,0.2804670035839081,0.26178812980651855,2.4982833862304688,0
1780882676.3373697,63962,-13.549413681030273,-5.890585899353027,-1.4921777248382568,2.475041389465332,-0.47949251532554626,-0.009075088426470757,2.521076220396688,0.27583715319633484,0.26661810278892517,2.49704647064209,0
1780882676.3484447,63969,-13.532265663146973,-5.894101619720459,-1.4922460317611694,2.4706079959869385,-0.5065624713897705,-0.00993091519922018,2.5220245895573266,0.27400341629981995,0.26822981238365173,2.4965813159942627,0
1780882676.3595538,63980,-13.515155792236328,-5.897802829742432,-1.4923193454742432,2.462225914001465,-0.5549902319908142,-0.011480484157800674,2.5240250416154875,0.271953284740448,0.2697995603084564,2.496110200881958,0
1780882676.369558,63994,-13.47093677520752,-5.908242225646973,-1.4925439357757568,2.453301429748535,-0.6031200885772705,-0.013011397793889046,2.5263829960883233,0.2684687674045563,0.27215802669525146,2.495335340499878,0
1780882676.3803945,64001,-13.45351505279541,-5.912724494934082,-1.492641568183899,2.4479799270629883,-0.630414605140686,-0.013848347589373589,2.527888461623447,0.2661829888820648,0.2735438048839569,2.4948344230651855,0
1780882676.390205,64015,-13.436562538146973,-5.917284965515137,-1.4927440881729126,2.4371118545532227,-0.6832355260848999,-0.01521130558103323,2.5311176107652202,0.2614971101284027,0.27615904808044434,2.4937965869903564,0
1780882676.400836,64028,-13.385936737060547,-5.932050704956055,-1.49307119846344,2.425612211227417,-0.7354556918144226,-0.016252774745225906,2.5347098111154085,0.25661540031433105,0.2785143554210663,2.4927523136138916,0
1780882676.4134893,64035,-13.369140625,-5.937334060668945,-1.493188500404358,2.419614553451538,-0.7613414525985718,-0.016661396250128746,2.5366223599196616,0.25114575028419495,0.28069278597831726,2.4916975498199463,0
1780882676.4230783,64048,-13.35238265991211,-5.942802429199219,-1.4933056831359863,2.4077632427215576,-0.8099344372749329,-0.017138566821813583,2.540395905396952,0.25114575028419495,0.28069278597831726,2.4916975498199463,0
1780882676.4329572,64055,-13.32242202758789,-5.953046798706055,-1.4935204982757568,2.4019410610198975,-0.8326798677444458,-0.017249055206775665,2.542238020458711,0.24304544925689697,0.28343701362609863,2.4902102947235107,0
1780882676.4440348,64069,-13.289179801940918,-5.965136528015137,-1.4937646389007568,2.3885207176208496,-0.882881224155426,-0.017399314790964127,2.5465296406335813,0.23764626681804657,0.28521236777305603,2.489150285720825,0
1780882676.4547565,64081,-13.272655487060547,-5.971445083618164,-1.4938867092132568,2.3751518726348877,-0.9301082491874695,-0.01727975718677044,2.550832484365845,0.23764626681804657,0.28521236777305603,2.489150285720825,0
1780882676.4644375,64088,-13.242773056030273,-5.983310222625732,-1.4941015243530273,2.368603467941284,-0.9523516893386841,-0.017127670347690582,2.5529491741163324,0.23029033839702606,0.28747114539146423,2.487666368484497,0
1780882676.4757965,64102,-13.210039138793945,-5.997050762176514,-1.4943358898162842,2.3537704944610596,-1.0009479522705078,-0.0167043786495924,2.5578137891598076,0.22769854962825775,0.28820130228996277,2.4871439933776855,0
1780882676.485783,64102,-13.210039138793945,-5.997050762176514,-1.4943358898162842,2.3537704944610596,-1.0009479522705078,-0.0167043786495924,2.5578137891598076,0.22496084868907928,0.2888900935649872,2.4866232872009277,0
1780882676.4973562,64122,-13.1636323928833,-6.017831802368164,-1.494653344154358,2.331531047821045,-1.0692542791366577,-0.015921400859951973,2.5650721688504,0.2167196273803711,0.29068562388420105,2.4851598739624023,0
1780882676.507066,64129,-13.147500038146973,-6.02541971206665,-1.4947607517242432,2.323460817337036,-1.0928349494934082,-0.015652302652597427,2.567684441498425,0.21380536258220673,0.29126712679862976,2.4846582412719727,0
1780882676.5183911,64136,-13.1314058303833,-6.033173561096191,-1.4948681592941284,2.315247058868408,-1.116216778755188,-0.015295105054974556,2.570319587329962,0.2110232561826706,0.2918206453323364,2.484161138534546,0
1780882676.529282,64155,-13.086679458618164,-6.055722713470459,-1.4951512813568115,2.2914843559265137,-1.1808323860168457,-0.014183368533849716,2.577880300802416,0.20837527513504028,0.2923468053340912,2.4836697578430176,0
1780882676.5391421,64162,-13.070819854736328,-6.06408166885376,-1.4952490329742432,2.282745122909546,-1.2036139965057373,-0.013799776323139668,2.5806592922310374,0.20356687903404236,0.2932267189025879,2.4827992916107178,0
1780882676.5500796,64169,-13.055038452148438,-6.072597503662109,-1.4953417778015137,2.2738656997680664,-1.2262417078018188,-0.013432473875582218,2.5834694458980656,0.19804653525352478,0.29412055015563965,2.4818570613861084,0
1780882676.5609992,64188,-13.012226104736328,-6.096630573272705,-1.4955859184265137,2.248847007751465,-1.2871943712234497,-0.012515740469098091,2.5912041327038553,0.19503161311149597,0.29453811049461365,2.4813950061798096,0
1780882676.571953,64195,-12.996679306030273,-6.105722427368164,-1.495668888092041,2.239403247833252,-1.309175968170166,-0.012195825576782227,2.59403495739782,0.18616116046905518,0.29557082056999207,2.4801623821258545,0
1780882676.581875,64202,-12.981210708618164,-6.114960670471191,-1.495751976966858,2.229793071746826,-1.3309777975082397,-0.01192097645252943,2.5968483109241505,0.1826750785112381,0.295914888381958,2.479722738265991,0
1780882676.5942912,64215,-12.965781211853027,-6.124355316162109,-1.4958300590515137,2.2111074924468994,-1.3717362880706787,-0.01118496898561716,2.6020726144164286,0.1792708933353424,0.29623934626579285,2.479290008544922,0
1780882676.6036274,64228,-12.92300796508789,-6.151406288146973,-1.4960399866104126,2.1918535232543945,-1.4117629528045654,-0.010405468754470348,2.6071833031250735,0.16998514533042908,0.2970510423183441,2.478118896484375,0
1780882676.6144753,64235,-12.907851219177246,-6.161357402801514,-1.4961084127426147,2.1814868450164795,-1.4325814247131348,-0.010027837939560413,2.6098419398398076,0.16682365536689758,0.2973167598247528,2.477712869644165,0
1780882676.625237,64248,-12.892772674560547,-6.171445369720459,-1.4961767196655273,2.1615355014801025,-1.4713103771209717,-0.009118222631514072,2.614779740621885,0.16378609836101532,0.2975681722164154,2.477313995361328,0
1780882676.636626,64262,-12.851288795471191,-6.200175762176514,-1.4963476657867432,2.1410934925079346,-1.5093854665756226,-0.008134469389915466,2.6196549391020545,0.15846054255962372,0.2979784905910492,2.476623058319092,0
1780882676.6472878,64269,-12.8364839553833,-6.210800647735596,-1.496401309967041,2.1300671100616455,-1.529308795928955,-0.007620654068887234,2.622218404527067,0.15547379851341248,0.298188179731369,2.4762446880340576,0
1780882676.6572595,64281,-12.821757316589355,-6.221562385559082,-1.4964501857757568,2.1088247299194336,-1.5665040016174316,-0.006674661301076412,2.626998492520824,0.14943595230579376,0.298574298620224,2.4755101203918457,0
1780882676.668944,64295,-12.78125,-6.252197265625,-1.4965673685073853,2.0870606899261475,-1.603062391281128,-0.005784382577985525,2.6316657866941964,0.1437767744064331,0.298883318901062,2.4748775959014893,0
1780882676.6794763,64302,-12.76683521270752,-6.263466835021973,-1.496606469154358,2.0753421783447266,-1.622127652168274,-0.005317420698702335,2.63407888114773,0.14054282009601593,0.2990431487560272,2.4745328426361084,0
1780882676.6906989,64313,-12.7524995803833,-6.274863243103027,-1.4966405630111694,2.053640842437744,-1.6563080549240112,-0.004482774529606104,2.6383360623321,0.1340726763010025,0.2993343770503998,2.4738614559173584,0
1780882676.700234,64327,-12.715116500854492,-6.305517673492432,-1.4967138767242432,2.0314383506774902,-1.6898776292800903,-0.0037100124172866344,2.642431066033079,0.1253354549407959,0.29966673254966736,2.473015308380127,0
1780882676.7102556,64334,-12.701093673706055,-6.3173828125,-1.4967381954193115,2.01901912689209,-1.7080817222595215,-0.003316802904009819,2.6446157387897875,0.12200009822845459,0.29977914690971375,2.472705364227295,0
1780882676.7215848,64348,-12.687148094177246,-6.329365253448486,-1.4967577457427979,1.9933905601501465,-1.7443854808807373,-0.002372374525293708,2.6488662214925323,0.12200009822845459,0.29977914690971375,2.472705364227295,0
1780882676.731207,64355,-12.6587495803833,-6.354413986206055,-1.4967870712280273,1.9801664352416992,-1.7624967098236084,-0.0018838929245248437,2.650935176961031,0.11872062087059021,0.2998829782009125,2.4724020957946777,0
1780882676.7431262,64369,-12.631523132324219,-6.379257678985596,-1.496801733970642,1.9539932012557983,-1.7971625328063965,-0.0010423898929730058,2.6547850546614264,0.10873103141784668,0.30014944076538086,2.4715213775634766,0
1780882676.7527478,64380,-12.618046760559082,-6.391855239868164,-1.4968066215515137,1.930450677871704,-1.8270244598388672,-0.00039584634942002594,2.6579425037496875,0.10537824034690857,0.30022379755973816,2.4712462425231934,0
1780882676.7637908,64387,-12.597773551940918,-6.411181449890137,-1.4968066215515137,1.9201425313949585,-1.8397077322006226,-9.79757314780727e-05,2.659223926334494,0.0968068391084671,0.30039283633232117,2.4705772399902344,0
1780882676.7735698,64400,-12.571406364440918,-6.437079906463623,-1.496801733970642,1.8925914764404297,-1.8726441860198975,0.0006675243494100869,2.6624611151560216,0.09329487383365631,0.3004509210586548,2.4703214168548584,0
1780882676.7846308,64400,-12.571406364440918,-6.437079906463623,-1.496801733970642,1.8925914764404297,-1.8726441860198975,0.0006675243494100869,2.6624611151560216,0.08983471989631653,0.3005030155181885,2.470072031021118,0
1780882676.7963414,64417,-12.558359146118164,-6.4501953125,-1.496791958808899,1.8623130321502686,-1.907173752784729,0.0016116475453600287,2.6656189057019244,0.08983471989631653,0.3005030155181885,2.470072031021118,0
1780882676.806267,64430,-12.515975952148438,-6.494306564331055,-1.496743083000183,1.8313484191894531,-1.9408385753631592,0.0025296066887676716,2.668463566735624,0.07882963120937347,0.30063626170158386,2.469299554824829,0
1780882676.8172193,64440,-12.503358840942383,-6.507890701293945,-1.4967236518859863,1.8061951398849487,-1.9670134782791138,0.003200154285877943,2.670485564099376,0.07241236418485641,0.30069682002067566,2.468863010406494,0
1780882676.8280191,64454,-12.473163604736328,-6.541230201721191,-1.4966601133346558,1.7806370258331299,-1.9926705360412598,0.0038759754970669746,2.6723433735507998,0.06796080619096756,0.30073463916778564,2.468562602996826,0
1780882676.8377306,64461,-12.460898399353027,-6.55517578125,-1.4966307878494263,1.7655259370803833,-2.007434129714966,0.004259762819856405,2.6733671212961623,0.06163559481501579,0.30077680945396423,2.4681577682495117,0
1780882676.8506331,64468,-12.448749542236328,-6.569218635559082,-1.4965966939926147,1.7502719163894653,-2.0220236778259277,0.004629430826753378,2.674332246864649,0.058390870690345764,0.30079326033592224,2.4679629802703857,0
1780882676.8603005,64486,-12.417499542236328,-6.606367111206055,-1.4965038299560547,1.7096853256225586,-2.059269905090332,0.005542530678212643,2.6764990518037135,0.049566417932510376,0.3008230924606323,2.4674792289733887,0
1780882676.8698022,64493,-12.405741691589355,-6.620761394500732,-1.4964648485183716,1.693894624710083,-2.0731968879699707,0.005884628277271986,2.677211042252748,0.046240564435720444,0.30083057284355164,2.467303991317749,0
1780882676.8808658,64500,-12.3941011428833,-6.63525390625,-1.4964208602905273,1.677961826324463,-2.0869362354278564,0.006246533244848251,2.67785319995729,0.04303764924407005,0.3008359372615814,2.4671332836151123,0
1780882676.8906655,64514,-12.382577896118164,-6.649843692779541,-1.496376872062683,1.6450629234313965,-2.1143882274627686,0.006885685957968235,2.6789768590178067,0.04303764924407005,0.3008359372615814,2.4671332836151123,0
1780882676.9032238,64528,-12.347851753234863,-6.695243835449219,-1.4962207078933716,1.6115463972091675,-2.1411209106445312,0.007412957958877087,2.679838707143177,0.032991692423820496,0.30084118247032166,2.466642141342163,0
1780882676.9132617,64535,-12.33675765991211,-6.710205078125,-1.4961669445037842,1.5948426723480225,-2.153984308242798,0.007588896434754133,2.680154686029798,0.02955029346048832,0.3008396327495575,2.4664909839630127,0
1780882676.9229028,64546,-12.325780868530273,-6.725253582000732,-1.4961133003234863,1.5646923780441284,-2.176386594772339,0.007964024320244789,2.680482097216376,0.02594265155494213,0.3008365333080292,2.466341972351074,0
1780882676.9339128,64560,-12.298163414001465,-6.764199256896973,-1.4959667921066284,1.5340522527694702,-2.1981780529022217,0.008315644226968288,2.6805544606344034,0.01688673160970211,0.3008241355419159,2.465972423553467,0
1780882676.9445188,64567,-12.287616729736328,-6.779550552368164,-1.4959081411361694,1.5166550874710083,-2.210153579711914,0.008504467085003853,2.680502532404228,0.010042213834822178,0.3008098304271698,2.465696096420288,0
1780882676.9551651,64580,-12.27718734741211,-6.794980525970459,-1.495849609375,1.4827452898025513,-2.2326860427856445,0.008859929628670216,2.680205040371818,0.010042213834822178,0.3008098304271698,2.465696096420288,0
1780882676.966182,64594,-12.24820327758789,-6.839394569396973,-1.495668888092041,1.4483072757720947,-2.2545552253723145,0.009178065694868565,2.679682344271032,0.00670933723449707,0.30080124735832214,2.4655628204345703,0
1780882676.977044,64601,-12.23828125,-6.855126857757568,-1.49560546875,1.4302167892456055,-2.265657424926758,0.009325399063527584,2.679330251095122,-0.005955359898507595,0.3007619380950928,2.4650797843933105,0
1780882676.9875314,64613,-12.228476524353027,-6.870937347412109,-1.4955419301986694,1.3961372375488281,-2.285845994949341,0.009543576277792454,2.678503720091608,-0.009324263781309128,0.3007495105266571,2.4649622440338135,0
1780882676.9988463,64620,-12.211835861206055,-6.898359298706055,-1.495424747467041,1.3801844120025635,-2.2949705123901367,0.009630884975194931,2.67803872597476,-0.015242330729961395,0.30072733759880066,2.464766263961792,0
1780882677.0084877,64633,-12.193046569824219,-6.93044900894165,-1.4952880144119263,1.342780590057373,-2.3156280517578125,0.009828018955886364,2.6768058534527874,-0.018655965104699135,0.30071374773979187,2.4646570682525635,0
1780882677.019669,64646,-12.183866500854492,-6.946601390838623,-1.4952197074890137,1.3063241243362427,-2.3347690105438232,0.009962820447981358,2.6753931128359274,-0.0220232792198658,0.3007007837295532,2.4645519256591797,0
1780882677.0309706,64653,-12.167264938354492,-6.976493835449219,-1.495092749595642,1.2886638641357422,-2.3436975479125977,0.010012221522629261,2.6746351144409592,-0.02535969205200672,0.3006868362426758,2.464448928833008,0
1780882677.040891,64667,-12.149765014648438,-7.009238243103027,-1.4949560165405273,1.2498762607574463,-2.3625519275665283,0.010165075771510601,2.6728160442534716,-0.038750067353248596,0.30063188076019287,2.4640824794769287,0
1780882677.0517538,64667,-12.149765014648438,-7.009238243103027,-1.4949560165405273,1.2498762607574463,-2.3625519275665283,0.010165075771510601,2.6728160442534716,-0.038750067353248596,0.30063188076019287,2.4640824794769287,0
1780882677.062937,64688,-12.124062538146973,-7.059804439544678,-1.4947363138198853,1.189469814300537,-2.389902114868164,0.010421710088849068,2.6695653522295824,-0.04225531220436096,0.3006170988082886,2.463993787765503,0
1780882677.0741386,64695,-12.115937232971191,-7.076464653015137,-1.4946630001068115,1.1694303750991821,-2.398460865020752,0.010511140339076519,2.6683876043993187,-0.04933878034353256,0.30058610439300537,2.463817834854126,0
1780882677.0840094,64702,-12.1079683303833,-7.093183517456055,-1.4945898056030273,1.1492582559585571,-2.406831979751587,0.01061796210706234,2.667160936044759,-0.055988699197769165,0.3005562722682953,2.463655710220337,0
1780882677.0937505,64719,-12.088788986206055,-7.134843826293945,-1.494409203529358,1.098679780960083,-2.426792860031128,0.010876445099711418,2.6639330216142008,-0.055988699197769165,0.3005562722682953,2.463655710220337,0
1780882677.1035566,64726,-12.08128833770752,-7.151747703552246,-1.4943310022354126,1.078060507774353,-2.4345667362213135,0.010960244573652744,2.662602069123193,-0.06685815751552582,0.30050405859947205,2.4633915424346924,0
1780882677.1149554,64733,-12.073945045471191,-7.168710708618164,-1.4942529201507568,1.0573159456253052,-2.442171573638916,0.011038503609597683,2.661247987791715,-0.07001080363988876,0.30048927664756775,2.46332049369812,0
1780882677.1263378,64748,-12.066757202148438,-7.185722351074219,-1.4941747188568115,1.0144104957580566,-2.4572229385375977,0.011187219060957432,2.658401470329448,-0.0732039287686348,0.30047473311424255,2.4632503986358643,0
1780882677.137493,64762,-12.045390129089355,-7.238759517669678,-1.4939305782318115,0.9709656238555908,-2.4715428352355957,0.011311511509120464,2.6554521610087995,-0.07994121313095093,0.30044445395469666,2.4631099700927734,0
1780882677.14676,64769,-12.038788795471191,-7.256025314331055,-1.4938524961471558,0.9495018720626831,-2.4782838821411133,0.011371736414730549,2.6539732707621706,-0.08313487470149994,0.30043062567710876,2.463045835494995,0
1780882677.1593628,64782,-12.032343864440918,-7.273300647735596,-1.4937744140625,0.9079052805900574,-2.490741729736328,0.011442899703979492,2.6510785168921087,-0.08631734549999237,0.30041682720184326,2.4629836082458496,0
1780882677.168611,64795,-12.01480484008789,-7.32275390625,-1.4935498237609863,0.8658552169799805,-2.5025367736816406,0.011479558423161507,2.6481176976603504,-0.0955718532204628,0.3003784418106079,2.462815761566162,0
1780882677.1797345,64802,-12.00894546508789,-7.340175628662109,-1.493471622467041,0.84383225440979,-2.508397340774536,0.01150184590369463,2.646552925079388,-0.10228569060564041,0.30035242438316345,2.4627058506011963,0
1780882677.1910727,64813,-12.003241539001465,-7.357636451721191,-1.4933935403823853,0.8049342036247253,-2.5181968212127686,0.011525793001055717,2.643741126970522,-0.1057019978761673,0.3003394603729248,2.4626524448394775,0
1780882677.2003021,64827,-11.98964786529541,-7.401474475860596,-1.4931981563568115,0.7656195759773254,-2.527426242828369,0.011522635817527771,2.640869084069373,-0.11080995947122574,0.3003198802471161,2.4625749588012695,0
1780882677.210137,64834,-11.984492301940918,-7.41906213760376,-1.4931200742721558,0.7429916262626648,-2.5324556827545166,0.01151035726070404,2.6392235278839786,-0.11740981787443161,0.300296425819397,2.462477207183838,0
1780882677.2213988,64846,-11.9794921875,-7.436679363250732,-1.4930419921875,0.7002299427986145,-2.541393756866455,0.01143210381269455,2.6361211833353053,-0.12064076960086823,0.3002847135066986,2.462430000305176,0
1780882677.2325094,64860,-11.966523170471191,-7.485243797302246,-1.49282705783844,0.6570065021514893,-2.5497055053710938,0.01129569485783577,2.6330179074042244,-0.1264113038778305,0.3002658784389496,2.4623515605926514,0
1780882677.2439766,64867,-11.962109565734863,-7.502978324890137,-1.4927489757537842,0.6337603330612183,-2.553886651992798,0.011222824454307556,2.631371342623002,-0.12968701124191284,0.30025526881217957,2.462308168411255,0
1780882677.2538364,64879,-11.95785140991211,-7.520741939544678,-1.4926708936691284,0.5887545347213745,-2.5614187717437744,0.011035308241844177,2.628235112090309,-0.13609087467193604,0.30023452639579773,2.462225914001465,0
1780882677.2646253,64886,-11.950468063354492,-7.553515434265137,-1.4925341606140137,0.567017138004303,-2.5647964477539062,0.010928511619567871,2.626748690980518,-0.1420169621706009,0.30021655559539795,2.462153673171997,0
1780882677.2755113,64900,-11.943085670471191,-7.589208602905273,-1.4923876523971558,0.519419252872467,-2.57163405418396,0.010648278519511223,2.6235875161177016,-0.14522285759449005,0.3002063035964966,2.46211576461792,0
1780882677.2868104,64900,-11.943085670471191,-7.589208602905273,-1.4923876523971558,0.519419252872467,-2.57163405418396,0.010648278519511223,2.6235875161177016,-0.14841438829898834,0.3001973330974579,2.46207857131958,0
1780882677.2965908,64922,-11.932889938354492,-7.645360946655273,-1.492163062095642,0.4437803030014038,-2.5809593200683594,0.010102529078722,2.6188535717511074,-0.15159158408641815,0.300188273191452,2.462042808532715,0
1780882677.3074846,64929,-11.929960250854492,-7.663300514221191,-1.49209463596344,0.41941043734550476,-2.583571434020996,0.009907702915370464,2.6174118193782028,-0.16142238676548004,0.3001605272293091,2.461935043334961,0
1780882677.3171659,64936,-11.927226066589355,-7.681259632110596,-1.4920263290405273,0.3949239253997803,-2.586008310317993,0.009717664681375027,2.616008088843334,-0.16451860964298248,0.30015215277671814,2.4619028568267822,0
1780882677.3268723,64953,-11.921015739440918,-7.726689338684082,-1.491860270500183,0.3324992060661316,-2.591365337371826,0.009129428304731846,2.6126257635237344,-0.17248943448066711,0.30013129115104675,2.461822271347046,0
1780882677.3381443,64960,-11.918867111206055,-7.744697093963623,-1.491796851158142,0.30757424235343933,-2.5931906700134277,0.008868865668773651,2.611382473400293,-0.17564159631729126,0.3001239001750946,2.461792469024658,0
1780882677.3497095,64967,-11.916913986206055,-7.762714862823486,-1.491738200187683,0.28251633048057556,-2.5948421955108643,0.008565545082092285,2.610190580236318,-0.17888371646404266,0.30011627078056335,2.4617629051208496,0
1780882677.359107,64981,-11.915117263793945,-7.780742168426514,-1.4916796684265137,0.23170413076877594,-2.597613573074341,0.007923436351120472,2.6079390062037433,-0.17888371646404266,0.30011627078056335,2.4617629051208496,0
1780882677.3702662,64995,-11.910780906677246,-7.835331916809082,-1.4915233850479126,0.18039175868034363,-2.599644660949707,0.0072694206610322,2.6059060601412423,-0.18874168395996094,0.3000960052013397,2.4616799354553223,0
1780882677.3800807,65002,-11.909687042236328,-7.853407859802246,-1.4914746284484863,0.15468640625476837,-2.600388765335083,0.006928644143044949,2.6049947449602646,-0.19509337842464447,0.3000833988189697,2.461627721786499,0
1780882677.39093,65013,-11.908788681030273,-7.871474266052246,-1.491430640220642,0.10936788469552994,-2.6012392044067383,0.006311783567070961,2.603545000831976,-0.1982486993074417,0.30007752776145935,2.4616031646728516,0
1780882677.4018042,65027,-11.907304763793945,-7.916748046875,-1.4913281202316284,0.06366179138422012,-2.601541757583618,0.00562784681096673,2.602326653745305,-0.20304177701473236,0.30006834864616394,2.46156644821167,0
1780882677.4128783,65034,-11.907031059265137,-7.934814453125,-1.4912939071655273,0.03741920739412308,-2.6014740467071533,0.005213775672018528,2.6017483729656976,-0.20953622460365295,0.3000572621822357,2.4615206718444824,0
1780882677.4239583,65046,-11.906952857971191,-7.952880859375,-1.4912596940994263,-0.012528765015304089,-2.6008267402648926,0.004399299621582031,2.6008606376864707,-0.20953622460365295,0.3000572621822357,2.4615206718444824,0
1780882677.435087,65060,-11.907694816589355,-8.00307559967041,-1.4911816120147705,-0.06291645020246506,-2.5995192527770996,0.0035580587573349476,2.600282962496007,-0.21854308247566223,0.30001258850097656,2.4614665508270264,0
1780882677.445101,65067,-11.908320426940918,-8.021122932434082,-1.4911620616912842,-0.08974017202854156,-2.5985777378082275,0.0031086206436157227,2.6001286932439602,-0.22457940876483917,0.29998862743377686,2.4614291191101074,0
1780882677.4564667,65080,-11.909140586853027,-8.039159774780273,-1.4911425113677979,-0.14181649684906006,-2.59627628326416,0.0021667908877134323,2.600147525199532,-0.22747695446014404,0.2999272346496582,2.461422920227051,0
1780882677.4661534,65094,-11.91249942779541,-8.090654373168945,-1.4911084175109863,-0.19425645470619202,-2.59334397315979,0.0011136579560115933,2.600609500396641,-0.2325352430343628,0.29937756061553955,2.461519479751587,0
1780882677.4784906,65101,-11.914023399353027,-8.108652114868164,-1.4911035299301147,-0.22154591977596283,-2.591576099395752,0.0005285167717374861,2.6010285567172566,-0.2350950986146927,0.29888495802879333,2.461623191833496,0
1780882677.488039,65115,-11.915741920471191,-8.126640319824219,-1.4911035299301147,-0.2770290672779083,-2.5874693393707275,-0.0007602834375575185,2.602257340143623,-0.2375819981098175,0.2983303964138031,2.4617438316345215,0
1780882677.4979174,65122,-11.919921875,-8.163515090942383,-1.49111807346344,-0.3051902949810028,-2.585116147994995,-0.0014548777835443616,2.6030690984767264,-0.2399655282497406,0.2975815534591675,2.4619147777557373,0
1780882677.5091166,65136,-11.924726486206055,-8.19937515258789,-1.491152286529541,-0.3601161241531372,-2.5799965858459473,-0.0028890848625451326,2.6050094726628474,-0.24876832962036133,0.2935367822647095,2.4628841876983643,0
1780882677.5189772,65136,-11.924726486206055,-8.19937515258789,-1.491152286529541,-0.3601161241531372,-2.5799965858459473,-0.0028890848625451326,2.6050094726628474,-0.24876832962036133,0.2935367822647095,2.4628841876983643,0
1780882677.5318747,65155,-11.932889938354492,-8.2503023147583,-1.49124014377594,-0.43834173679351807,-2.5714833736419678,-0.00510139437392354,2.6085812702227225,-0.25070708990097046,0.29226160049438477,2.463195562362671,0
1780882677.5413353,65163,-11.936132431030273,-8.268134117126465,-1.4912792444229126,-0.46576571464538574,-2.568164825439453,-0.005914592649787664,2.610065756637138,-0.2541484534740448,0.2898188829421997,2.4637904167175293,0
1780882677.5511873,65169,-11.939570426940918,-8.2859468460083,-1.4913281202316284,-0.4931597113609314,-2.5646746158599854,-0.006740345619618893,2.6116676316876988,-0.2576585114002228,0.2870844304561615,2.464449882507324,0
1780882677.5621307,65186,-11.948866844177246,-8.329912185668945,-1.4914697408676147,-0.5608028769493103,-2.5552942752838135,-0.008830695413053036,2.616124362730933,-0.2617373764514923,0.28368139266967773,2.4652509689331055,0
1780882677.5731425,65200,-11.957226753234863,-8.365312576293945,-1.4916112422943115,-0.6152803301811218,-2.5470025539398193,-0.01055828109383583,2.6202868873051686,-0.2632533311843872,0.282062292098999,2.4656333923339844,0
1780882677.5827644,65200,-11.957226753234863,-8.365312576293945,-1.4916112422943115,-0.6152803301811218,-2.5470025539398193,-0.01055828109383583,2.6202868873051686,-0.2646561861038208,0.2801996171474457,2.466076135635376,0
1780882677.5940406,65222,-11.971640586853027,-8.419862747192383,-1.4918749332427979,-0.698902428150177,-2.5328094959259033,-0.013238677754998207,2.6275014384991957,-0.26596546173095703,0.2781336307525635,2.466568946838379,0
1780882677.6051748,65229,-11.976679801940918,-8.437421798706055,-1.49197256565094,-0.7256742119789124,-2.527857542037964,-0.014096937142312527,2.629993448358042,-0.26844003796577454,0.2734127938747406,2.467679738998413,0
1780882677.614895,65236,-11.981913566589355,-8.454940795898438,-1.4920752048492432,-0.7523009181022644,-2.5227315425872803,-0.014905214309692383,2.6325564139740534,-0.2695568799972534,0.2710995376110077,2.468214511871338,0
1780882677.6256018,65254,-11.996405601501465,-8.50064468383789,-1.4923632144927979,-0.8212032318115234,-2.5085062980651855,-0.016449356451630592,2.6395547307638965,-0.2717284560203552,0.2666229009628296,2.4692161083221436,0
1780882677.6367288,65261,-12.002304077148438,-8.518027305603027,-1.4924803972244263,-0.847217321395874,-2.502786159515381,-0.016857938840985298,2.6423474298503815,-0.2743394374847412,0.2603393495082855,2.4705922603607178,0
1780882677.6495218,65268,-12.0083589553833,-8.535370826721191,-1.4925975799560547,-0.8730614185333252,-2.4968976974487305,-0.017191695049405098,2.6451899565881587,-0.2752625048160553,0.2576863765716553,2.4711716175079346,0
1780882677.6577861,65268,-12.0083589553833,-8.535370826721191,-1.4925975799560547,-0.8730614185333252,-2.4968976974487305,-0.017191695049405098,2.6451899565881587,-0.2752625048160553,0.2576863765716553,2.4711716175079346,0
1780882677.6702223,65291,-12.030312538146973,-8.594179153442383,-1.4930126667022705,-0.959654688835144,-2.475493907928467,-0.0175407063215971,2.6550545919759334,-0.27613818645477295,0.25493475794792175,2.471768379211426,0
1780882677.6814253,65305,-12.044140815734863,-8.628427505493164,-1.4932568073272705,-1.0095560550689697,-2.4620516300201416,-0.017579736188054085,2.661054434681053,-0.2789190113544464,0.24590395390987396,2.4736108779907227,0
1780882677.6910481,65319,-12.058671951293945,-8.662480354309082,-1.4935009479522705,-1.0587550401687622,-2.447981595993042,-0.017363710328936577,2.6671853381120303,-0.28046146035194397,0.24077044427394867,2.474588394165039,0
1780882677.703743,65326,-12.066210746765137,-8.679433822631836,-1.493618130683899,-1.0830973386764526,-2.440699815750122,-0.017223939299583435,2.6702831497306967,-0.28185489773750305,0.2350287288427353,2.475703001022339,0
1780882677.712904,65333,-12.073905944824219,-8.696328163146973,-1.4937353134155273,-1.1072465181350708,-2.4332478046417236,-0.017046527937054634,2.673383682682064,-0.2824956774711609,0.2319006770849228,2.476320505142212,0
1780882677.7239223,65348,-12.081757545471191,-8.713173866271973,-1.4938524961471558,-1.1557073593139648,-2.4175589084625244,-0.016408156603574753,2.6796491941786145,-0.2824956774711609,0.2319006770849228,2.476320505142212,0
1780882677.7350397,65361,-12.106913566589355,-8.76455020904541,-1.4941942691802979,-1.2033536434173584,-2.4011480808258057,-0.01573789492249489,2.6858555021660924,-0.284269243478775,0.2222289890050888,2.478149175643921,0
1780882677.7458084,65368,-12.115429878234863,-8.781171798706055,-1.494301676750183,-1.2264926433563232,-2.392807960510254,-0.015498585067689419,2.688876037720505,-0.2853233218193054,0.21561859548091888,2.4793694019317627,0
1780882677.7572203,65381,-12.124101638793945,-8.797734260559082,-1.494409203529358,-1.2699790000915527,-2.3764212131500244,-0.014815162867307663,2.6945210951176017,-0.2858400046825409,0.2123790830373764,2.4799442291259766,0
1780882677.7669034,65395,-12.149335861206055,-8.844033241271973,-1.494692325592041,-1.3126803636550903,-2.3594260215759277,-0.013963202945888042,2.700039973676645,-0.28673380613327026,0.20649193227291107,2.480956792831421,0
1780882677.7779157,65402,-12.15859317779541,-8.8603515625,-1.4947850704193115,-1.3347748517990112,-2.350281238555908,-0.013491544872522354,2.702892492698519,-0.28720566630363464,0.20333445072174072,2.4814696311950684,0
1780882677.7888458,65413,-12.168046951293945,-8.876640319824219,-1.4948779344558716,-1.3739527463912964,-2.3334410190582275,-0.012663034722208977,2.7079242033683406,-0.28766852617263794,0.20024941861629486,2.4819459915161133,0
1780882677.799663,65427,-12.193085670471191,-8.918397903442383,-1.4950976371765137,-1.4124478101730347,-2.3160860538482666,-0.011829338036477566,2.712822028539915,-0.2887832522392273,0.19185517728328705,2.4832451343536377,0
1780882677.8096185,65434,-12.203046798706055,-8.93441390991211,-1.4951757192611694,-1.4336473941802979,-2.3061821460723877,-0.01139301247894764,2.71550193195224,-0.28958597779273987,0.1852564811706543,2.4842283725738525,0
1780882677.819543,65434,-12.203046798706055,-8.93441390991211,-1.4951757192611694,-1.4336473941802979,-2.3061821460723877,-0.01139301247894764,2.71550193195224,-0.28958597779273987,0.1852564811706543,2.4842283725738525,0
1780882677.8307965,65455,-12.234570503234863,-8.9832124710083,-1.495400309562683,-1.4975308179855347,-2.274716854095459,-0.009956073947250843,2.7234232944092276,-0.28996893763542175,0.181943878531456,2.4847075939178467,0
1780882677.8416812,65469,-12.255781173706055,-9.014579772949219,-1.4955321550369263,-1.5380369424819946,-2.25339674949646,-0.009048447012901306,2.728266193294547,-0.2910534143447876,0.17145214974880219,2.4862120151519775,0
1780882677.852851,65469,-12.255781173706055,-9.014579772949219,-1.4955321550369263,-1.5380369424819946,-2.25339674949646,-0.009048447012901306,2.728266193294547,-0.29138892889022827,0.16810022294521332,2.486663818359375,0
1780882677.862244,65488,-12.286561965942383,-9.05819320678711,-1.495693325996399,-1.5935990810394287,-2.222311019897461,-0.007752766367048025,2.734645206536626,-0.2922821640968323,0.15870247781276703,2.48787784576416,0
1780882677.8733556,65495,-12.297773361206055,-9.0735445022583,-1.4957422018051147,-1.6129708290100098,-2.2109570503234863,-0.007289995905011892,2.7367972372195686,-0.292567640542984,0.15517008304595947,2.4883458614349365,0
1780882677.8830574,65502,-12.309101104736328,-9.088818550109863,-1.495790958404541,-1.6321214437484741,-2.1994402408599854,-0.006803683936595917,2.7388691225345076,-0.2928345799446106,0.1514943689107895,2.488845109939575,0
1780882677.8941731,65522,-12.341875076293945,-9.131601333618164,-1.4959032535552979,-1.685029149055481,-2.1659460067749023,-0.0052676391787827015,2.744207187049349,-0.29308801889419556,0.14782236516475677,2.4893288612365723,0
1780882677.9054701,65529,-12.353711128234863,-9.146562576293945,-1.495937466621399,-1.7033207416534424,-2.1537797451019287,-0.0047628688625991344,2.74592269087787,-0.2935226261615753,0.14102493226528168,2.490203619003296,0
1780882677.91659,65536,-12.365663528442383,-9.1614351272583,-1.4959667921066284,-1.721409559249878,-2.141432046890259,-0.004329175688326359,2.74754450808128,-0.29397115111351013,0.1334376335144043,2.4911632537841797,0
1780882677.9264395,65553,-12.396093368530273,-9.198290824890137,-1.4960253238677979,-1.765596628189087,-2.1097609996795654,-0.0030916451942175627,2.751078422639311,-0.2941890060901642,0.12963305413722992,2.4916303157806396,0
1780882677.9377441,65560,-12.408475875854492,-9.212851524353027,-1.4960448741912842,-1.7828741073608398,-2.096830368041992,-0.0025724410079419613,2.7523343351587153,-0.2947259247303009,0.12052988260984421,2.492629289627075,0
1780882677.948833,65567,-12.420976638793945,-9.227324485778809,-1.496059536933899,-1.7999602556228638,-2.0837297439575195,-0.0021166610531508923,2.75350522932665,-0.29493042826652527,0.11687874048948288,2.4930145740509033,0
1780882677.95963,65586,-12.456405639648438,-9.26717758178711,-1.4960839748382568,-1.8464298248291016,-2.046318769454956,-0.0008702563936822116,2.7562155869213614,-0.2951285243034363,0.11311458796262741,2.493426561355591,0
1780882677.9695168,65593,-12.469335556030273,-9.281289100646973,-1.4960888624191284,-1.8626917600631714,-2.032599449157715,-0.0003940582100767642,2.757005852189174,-0.29547202587127686,0.1065601035952568,2.4940879344940186,0
1780882677.9804516,65600,-12.482382774353027,-9.29531192779541,-1.4960888624191284,-1.8787493705749512,-2.0187220573425293,7.577896030852571e-05,2.7577051959880485,-0.29584118723869324,0.0995403453707695,2.4946978092193604,0
1780882677.9920552,65615,-12.495546340942383,-9.30923843383789,-1.4960839748382568,-1.9108306169509888,-1.9899919033050537,0.0009724950650706887,2.7588661380436017,-0.2960169315338135,0.09601055830717087,2.4949960708618164,0
1780882678.003651,65629,-12.536640167236328,-9.351357460021973,-1.4960546493530273,-1.9420665502548218,-1.9605871438980103,0.0017854070756584406,2.759624543686196,-0.29635146260261536,0.0883854553103447,2.495681047439575,0
1780882678.0132012,65636,-12.550233840942383,-9.364872932434082,-1.4960399866104126,-1.957081913948059,-1.9458882808685303,0.0021801996044814587,2.759828902811621,-0.2965027689933777,0.08457659929990768,2.4960384368896484,0
1780882678.0242052,65648,-12.563944816589355,-9.378280639648438,-1.4960204362869263,-1.9848970174789429,-1.917630910873413,0.0028897810261696577,2.759915366667677,-0.2967962324619293,0.07713472098112106,2.4966793060302734,0
1780882678.0350173,65662,-12.602617263793945,-9.415048599243164,-1.4959570169448853,-2.0119688510894775,-1.8887708187103271,0.0035052013117820024,2.7596170295535987,-0.2970412075519562,0.07034467905759811,2.497276544570923,0
1780882678.0444994,65669,-12.616679191589355,-9.428056716918945,-1.4959325790405273,-2.0259785652160645,-1.8732740879058838,0.0038168143946677446,2.759304173737772,-0.29730165004730225,0.06275152415037155,2.4979159832000732,0
1780882678.0571873,65682,-12.630859375,-9.440957069396973,-1.4959032535552979,-2.052299737930298,-1.8430334329605103,0.004431729204952717,2.758391939072966,-0.29730165004730225,0.06275152415037155,2.4979159832000732,0
1780882678.0670128,65689,-12.657187461853027,-9.464462280273438,-1.4958447217941284,-2.064650774002075,-1.8283108472824097,0.004711579997092485,2.7578117361168726,-0.29742732644081116,0.05903005227446556,2.4982028007507324,0
1780882678.0768764,65702,-12.686132431030273,-9.489521026611328,-1.4957714080810547,-2.090853691101074,-1.7959051132202148,0.0052891443483531475,2.7562605661166066,-0.29786571860313416,0.044548746198415756,2.499288558959961,0
1780882678.087633,65713,-12.7007417678833,-9.501874923706055,-1.4957324266433716,-2.1132826805114746,-1.7667357921600342,0.005757174454629421,2.7545148741850727,-0.29786571860313416,0.044548746198415756,2.499288558959961,0
1780882678.0985363,65720,-12.723280906677246,-9.52059555053711,-1.495668888092041,-2.1227943897247314,-1.7539280652999878,0.005981640890240669,2.753644032790276,-0.2981293499469757,0.035126566886901855,2.4999122619628906,0
1780882678.1081553,65734,-12.753046989440918,-9.544599533081055,-1.495581030845642,-2.147148609161377,-1.7200720310211182,0.006510767620056868,2.7511701750018576,-0.29822736978530884,0.0315018855035305,2.500115156173706,0
1780882678.118935,65734,-12.753046989440918,-9.544599533081055,-1.495581030845642,-2.147148609161377,-1.7200720310211182,0.006510767620056868,2.7511701750018576,-0.29832109808921814,0.02789878658950329,2.5003044605255127,0
1780882678.1298423,65755,-12.798906326293945,-9.58016586303711,-1.4954296350479126,-2.1826820373535156,-1.6674418449401855,0.007248678244650364,2.7467281856382364,-0.2984106242656708,0.02429806999862194,2.500485897064209,0
1780882678.141401,65762,-12.814140319824219,-9.591620445251465,-1.4953759908676147,-2.193995237350464,-1.6498113870620728,0.007449970114976168,2.745095301888609,-0.29858413338661194,0.017066001892089844,2.5008020401000977,0
1780882678.150828,65769,-12.829452514648438,-9.602958679199219,-1.4953222274780273,-2.2051162719726562,-1.632030963897705,0.007655363064259291,2.743377743699016,-0.2987450957298279,0.00997841265052557,2.5010931491851807,0
1780882678.1605852,65787,-12.868788719177246,-9.631299018859863,-1.495180606842041,-2.2325963973999023,-1.5860203504562378,0.008097471669316292,2.738615123523527,-0.29893893003463745,0.0010972021846100688,2.5014007091522217,0
1780882678.171823,65793,-12.884374618530273,-9.642187118530273,-1.4951220750808716,-2.243075370788574,-1.5677000284194946,0.008226790465414524,2.7366289807400173,-0.29901036620140076,-0.0024714467581361532,2.5015430450439453,0
1780882678.1827357,65801,-12.900038719177246,-9.652949333190918,-1.4950634241104126,-2.25337290763855,-1.549220085144043,0.008313602767884731,2.7345642155714884,-0.2990790605545044,-0.006157755386084318,2.501718044281006,0
1780882678.1927595,65820,-12.943437576293945,-9.681884765625,-1.494897484779358,-2.2806601524353027,-1.4975605010986328,0.008522710762917995,2.728400781035615,-0.2991445064544678,-0.009942293167114258,2.5019216537475586,0
1780882678.203499,65826,-12.959335327148438,-9.692148208618164,-1.494838833808899,-2.290217638015747,-1.478501558303833,0.008604602888226509,2.7260113217989677,-0.29924899339675903,-0.016400575637817383,2.502218008041382,0
1780882678.2148097,65834,-12.975312232971191,-9.702284812927246,-1.49478018283844,-2.2995870113372803,-1.459298014640808,0.008689293637871742,2.7235503707604996,-0.2993522584438324,-0.023406026884913445,2.502429723739624,0
1780882678.2244463,65848,-12.991328239440918,-9.712285041809082,-1.4947216510772705,-2.3182384967803955,-1.4194796085357666,0.008851341903209686,2.718313895277175,-0.29940134286880493,-0.026881812140345573,2.5025227069854736,0
1780882678.2356348,65862,-13.041444778442383,-9.742431640625,-1.494531273841858,-2.3361237049102783,-1.3790843486785889,0.009043354541063309,2.7128268259649984,-0.2994966208934784,-0.03412043675780296,2.5026843547821045,0
1780882678.245479,65869,-13.057734489440918,-9.751874923706055,-1.4944677352905273,-2.3445656299591064,-1.3591768741607666,0.009149904362857342,2.710061528672149,-0.29954031109809875,-0.037575241178274155,2.5027589797973633,0
1780882678.2566488,65881,-13.07406234741211,-9.761171340942383,-1.4944043159484863,-2.359976053237915,-1.3212693929672241,0.009346051141619682,2.704686142479442,-0.2996244728565216,-0.044518470764160156,2.5029115676879883,0
1780882678.2678297,65895,-13.119569778442383,-9.786200523376465,-1.4942187070846558,-2.3747198581695557,-1.2828587293624878,0.009550628252327442,2.6990946887403533,-0.299699068069458,-0.05094325169920921,2.5031259059906006,0
1780882678.2778144,65902,-13.13613224029541,-9.794970512390137,-1.4941504001617432,-2.3822646141052246,-1.2622826099395752,0.00968965981155634,2.696040795032791,-0.2997772991657257,-0.058248039335012436,2.5033762454986572,0
1780882678.2890484,65913,-13.152851104736328,-9.803651809692383,-1.494081974029541,-2.395528554916382,-1.224366307258606,0.009950037114322186,2.6903027552690832,-0.2997772991657257,-0.058248039335012436,2.5033762454986572,0
1780882678.300389,65927,-13.196796417236328,-9.825674057006836,-1.4938915967941284,-2.408121347427368,-1.1861391067504883,0.01020357571542263,2.6844139988935445,-0.2998631000518799,-0.06768953800201416,2.503634214401245,0
1780882678.3096943,65934,-13.213554382324219,-9.833759307861328,-1.4938182830810547,-2.414797067642212,-1.1649169921875,0.010357188992202282,2.681116138466295,-0.29991692304611206,-0.07470297813415527,2.503777027130127,0
1780882678.3209202,65947,-13.230351448059082,-9.84169864654541,-1.4937450885772705,-2.427058696746826,-1.1239502429962158,0.010628003627061844,2.6746945658610723,-0.29991692304611206,-0.07470297813415527,2.503777027130127,0
1780882678.3324623,65954,-13.261171340942383,-9.855810165405273,-1.4936083555221558,-2.432677745819092,-1.1042284965515137,0.010738739743828773,2.6715832212624706,-0.29997920989990234,-0.08443021029233932,2.5039079189300537,0
1780882678.3434393,65968,-13.295116424560547,-9.87069320678711,-1.4934569597244263,-2.444485664367676,-1.0606030225753784,0.010946827009320259,2.6646779857642606,-0.3000037670135498,-0.08800279349088669,2.5039894580841064,0
1780882678.3534818,65968,-13.295116424560547,-9.87069320678711,-1.4934569597244263,-2.444485664367676,-1.0606030225753784,0.010946827009320259,2.6646779857642606,-0.30002978444099426,-0.09166407585144043,2.504096746444702,0
1780882678.3632371,65989,-13.346874237060547,-9.892099380493164,-1.4932225942611694,-2.4609663486480713,-0.9934113025665283,0.011356187053024769,2.6539311121861338,-0.30007511377334595,-0.10203444212675095,2.504183053970337,0
1780882678.3738985,65996,-13.363984107971191,-9.89883804321289,-1.4931445121765137,-2.4660484790802,-0.9710031151771545,0.0114792725071311,2.6503535470866524,-0.3000814616680145,-0.10527586191892624,2.5041534900665283,0
1780882678.3864236,66013,-13.398320198059082,-9.911845207214355,-1.492983341217041,-2.4791510105133057,-0.9087386131286621,0.011679510585963726,2.6404795039703823,-0.30008837580680847,-0.10855268687009811,2.504134178161621,0
1780882678.3962457,66020,-13.424100875854492,-9.9212007522583,-1.4928661584854126,-2.4824836254119873,-0.8916117548942566,0.011726951226592064,2.637770648348588,-0.30009743571281433,-0.11188506335020065,2.5041308403015137,0
1780882678.4071763,66034,-13.458671569824219,-9.93310546875,-1.492700219154358,-2.490964889526367,-0.845525324344635,0.011830314993858337,2.630581515808636,-0.3001198470592499,-0.12347935885190964,2.5040974617004395,0
1780882678.416949,66034,-13.458671569824219,-9.93310546875,-1.492700219154358,-2.490964889526367,-0.845525324344635,0.011830314993858337,2.630581515808636,-0.3001198470592499,-0.12347935885190964,2.5040974617004395,0
1780882678.429601,66053,-13.50609302520752,-9.948339462280273,-1.492470622062683,-2.501439332962036,-0.7817563414573669,0.011928129009902477,2.620779272308151,-0.3001294434070587,-0.1324712038040161,2.5040502548217773,0
1780882678.4388516,66060,-13.523476600646973,-9.953603744506836,-1.4923876523971558,-2.504967212677002,-0.7581891417503357,0.011942829936742783,2.6172226008579775,-0.3001299500465393,-0.13571882247924805,2.5040204524993896,0
1780882678.4500608,66067,-13.540898323059082,-9.958701133728027,-1.4923046827316284,-2.508329153060913,-0.7344996333122253,0.01194576732814312,2.6136846697312452,-0.3001224994659424,-0.13881002366542816,2.5039429664611816,0
1780882678.4596095,66086,-13.589882850646973,-9.972138404846191,-1.4920752048492432,-2.516939401626587,-0.6674050688743591,0.011823796667158604,2.603949553963597,-0.3001224994659424,-0.13881002366542816,2.5039429664611816,0
1780882678.470891,66093,-13.607382774353027,-9.976601600646973,-1.4919921159744263,-2.5197348594665527,-0.6432844996452332,0.01172967441380024,2.60057999199344,-0.30006179213523865,-0.14995060861110687,2.5034589767456055,0
1780882678.4823647,66100,-13.624882698059082,-9.980897903442383,-1.4919140338897705,-2.5223851203918457,-0.6190428733825684,0.011582755483686924,2.5972629699136216,-0.3000538647174835,-0.15301740169525146,2.5033788681030273,0
1780882678.4934144,66115,-13.64242172241211,-9.985029220581055,-1.4918359518051147,-2.5273256301879883,-0.5689965486526489,0.01122952438890934,2.5906095837855885,-0.3000538647174835,-0.15301740169525146,2.5033788681030273,0
1780882678.5032296,66129,-13.696874618530273,-9.99673843383789,-1.491601586341858,-2.5315797328948975,-0.5184627175331116,0.010858068242669106,2.5841473315432273,-0.3000430464744568,-0.16594207286834717,2.503187417984009,0
1780882678.5142047,66136,-13.714452743530273,-10.000165939331055,-1.4915282726287842,-2.5334091186523438,-0.49363580346107483,0.010678109712898731,2.5810757623433966,-0.30003514885902405,-0.16900229454040527,2.503117799758911,0
1780882678.5244718,66152,-13.732069969177246,-10.00341796875,-1.491455078125,-2.5366227626800537,-0.4432879686355591,0.010235404595732689,2.575085246509495,-0.30003514885902405,-0.16900229454040527,2.503117799758911,0
1780882678.535168,66157,-13.767772674560547,-10.009482383728027,-1.4913134574890137,-2.5380029678344727,-0.4177684783935547,0.009982671588659286,2.5721759698760707,-0.30000951886177063,-0.17821812629699707,2.502903699874878,0
1780882678.54617,66173,-13.803046226501465,-10.014755249023438,-1.4911816120147705,-2.5408029556274414,-0.35035082697868347,0.009243378415703773,2.564860776208784,-0.30001166462898254,-0.18142662942409515,2.5028879642486572,0
1780882678.5575104,66180,-13.826171875,-10.017861366271973,-1.4910986423492432,-2.5412912368774414,-0.33359286189079285,0.009063830599188805,2.563108952260847,-0.30002132058143616,-0.18475306034088135,2.5029098987579346,0
1780882678.5672846,66193,-13.86148452758789,-10.021963119506836,-1.4909814596176147,-2.5423901081085205,-0.2820694148540497,0.008462371304631233,2.55800356300226,-0.30003517866134644,-0.19230590760707855,2.502924680709839,0
1780882678.578009,66200,-13.87913990020752,-10.0237398147583,-1.4909228086471558,-2.5426928997039795,-0.2561289072036743,0.008138609118759632,2.5555734065506255,-0.3000319302082062,-0.19544768333435059,2.502891778945923,0
1780882678.58917,66214,-13.896835327148438,-10.025341987609863,-1.490869164466858,-2.5428216457366943,-0.20370055735111237,0.007405871991068125,2.550978378197701,-0.3000122308731079,-0.2015460729598999,2.5027682781219482,0
1780882678.5988421,66221,-13.932382583618164,-10.028007507324219,-1.4907665252685547,-2.542653799057007,-0.17726321518421173,0.007001757621765137,2.548834952272561,-0.2999781370162964,-0.207467183470726,2.5025794506073,0
1780882678.6117637,66235,-13.967695236206055,-10.029921531677246,-1.4906786680221558,-2.5418643951416016,-0.12431558221578598,0.00612050062045455,2.54490990563479,-0.29995739459991455,-0.21034930646419525,2.5024659633636475,0
1780882678.621582,66246,-13.985780715942383,-10.030614852905273,-1.490639567375183,-2.5406458377838135,-0.07675681263208389,0.0052324626594781876,2.5418104295952393,-0.29993343353271484,-0.2131960242986679,2.502340793609619,0
1780882678.6311603,66253,-14.012578010559082,-10.0313081741333,-1.4905859231948853,-2.5399696826934814,-0.056411854922771454,0.004841070156544447,2.540600661721183,-0.299661248922348,-0.220512256026268,2.5020530223846436,0
1780882678.6420395,66267,-14.047812461853027,-10.031533241271973,-1.4905321598052979,-2.5377962589263916,-0.002536442130804062,0.003720297710970044,2.537800253364029,-0.29946038126945496,-0.22338783740997314,2.5019421577453613,0
1780882678.6517909,66267,-14.047812461853027,-10.031533241271973,-1.4905321598052979,-2.5377962589263916,-0.002536442130804062,0.003720297710970044,2.537800253364029,-0.2991829812526703,-0.22628316283226013,2.501838207244873,0
1780882678.66438,66290,-14.107694625854492,-10.030234336853027,-1.490478515625,-2.532527208328247,0.08993160724639893,0.001609001075848937,2.534123979561625,-0.29878026247024536,-0.22917436063289642,2.501735210418701,0
1780882678.6742475,66297,-14.125272750854492,-10.029423713684082,-1.4904736280441284,-2.5306003093719482,0.11725902557373047,0.000942230224609375,2.5333157112112374,-0.29719409346580505,-0.23595093190670013,2.501441717147827,0
1780882678.685227,66307,-14.142850875854492,-10.028417587280273,-1.4904736280441284,-2.5269575119018555,0.1629495620727539,-0.000201158516574651,2.5322059290669205,-0.29630568623542786,-0.23869715631008148,2.5012972354888916,0
1780882678.6949544,66321,-14.18382740020752,-10.025381088256836,-1.4904882907867432,-2.5228099822998047,0.20875348150730133,-0.0014076947700232267,2.5314324412153537,-0.29405948519706726,-0.24486087262630463,2.5008840560913086,0
1780882678.7063355,66328,-14.20132827758789,-10.0237398147583,-1.490502953529358,-2.520095109939575,0.23624059557914734,-0.0021622800268232822,2.531144732644869,-0.2915918827056885,-0.24967001378536224,2.500385284423828,0
1780882678.716023,66334,-14.218828201293945,-10.021903991699219,-1.4905223846435547,-2.517200231552124,0.26373836398124695,-0.0029445409309118986,2.5309807586552027,-0.2901900112628937,-0.25191137194633484,2.5000855922698975,0
1780882678.7272809,66349,-14.236289024353027,-10.019882202148438,-1.4905468225479126,-2.510767698287964,0.31965458393096924,-0.004605941474437714,2.531038265710573,-0.28870612382888794,-0.2540641725063324,2.4997596740722656,0
1780882678.7387285,66363,-14.289726257324219,-10.012479782104492,-1.490664005279541,-2.5036211013793945,0.3754660189151764,-0.006348042283207178,2.531626680273577,-0.2854038178920746,-0.25815650820732117,2.4989800453186035,0
1780882678.7484028,66370,-14.307069778442383,-10.009687423706055,-1.4907128810882568,-2.4998536109924316,0.40284106135368347,-0.007228751201182604,2.5321139887351816,-0.282086044549942,-0.2618090808391571,2.498148202896118,0
1780882678.7594543,66382,-14.324413299560547,-10.006698608398438,-1.4907714128494263,-2.492419719696045,0.4535108804702759,-0.008886627852916718,2.533358867193756,-0.282086044549942,-0.2618090808391571,2.498148202896118,0
1780882678.7704227,66395,-14.371288299560547,-9.997675895690918,-1.4909570217132568,-2.4844212532043457,0.5039631128311157,-0.010559787973761559,2.535042266233431,-0.27509260177612305,-0.2679440677165985,2.4964675903320312,0
1780882678.7816055,66402,-14.38851547241211,-9.99398422241211,-1.4910351037979126,-2.4798789024353027,0.5310418009757996,-0.0114674037322402,2.5361262323622027,-0.27298545837402344,-0.26948440074920654,2.495997190475464,0
1780882678.7915015,66415,-14.405702590942383,-9.990107536315918,-1.4911229610443115,-2.4707467555999756,0.582394003868103,-0.01317501999437809,2.53849283772895,-0.27079907059669495,-0.27097010612487793,2.4955174922943115,0
1780882678.8023295,66429,-14.453866958618164,-9.978232383728027,-1.491396427154541,-2.4610114097595215,0.6332961320877075,-0.014676337130367756,2.5412313048511272,-0.26664823293685913,-0.27349433302879333,2.4946236610412598,0
1780882678.8123055,66436,-14.47093677520752,-9.973651885986328,-1.4915038347244263,-2.4556710720062256,0.6598024368286133,-0.015362996608018875,2.5428125552619796,-0.26430246233940125,-0.2747929096221924,2.4941179752349854,0
1780882678.8233893,66448,-14.487968444824219,-9.968886375427246,-1.491616129875183,-2.4452590942382812,0.7089285850524902,-0.016393188387155533,2.5460048140734224,-0.2619514465332031,-0.2760436236858368,2.4936087131500244,0
1780882678.8338509,66462,-14.534374237060547,-9.954931259155273,-1.4919335842132568,-2.434292793273926,0.7575188875198364,-0.017148436978459358,2.549492172418944,-0.2552046477794647,-0.2792230546474457,2.492194414138794,0
1780882678.844698,66469,-14.551249504089355,-9.949491500854492,-1.4920556545257568,-2.4282000064849854,0.7832977771759033,-0.017477979883551598,2.551473331038991,-0.24999016523361206,-0.2813636064529419,2.4911530017852783,0
1780882678.8544705,66481,-14.568085670471191,-9.943876266479492,-1.4921777248382568,-2.416182279586792,0.8317893743515015,-0.017821501940488815,2.5554115084276945,-0.24999016523361206,-0.2813636064529419,2.4911530017852783,0
1780882678.8656895,66488,-14.598280906677246,-9.933340072631836,-1.4924023151397705,-2.410288095474243,0.8545390367507935,-0.01787746325135231,2.557351221910696,-0.2424827516078949,-0.2840731143951416,2.489680051803589,0
1780882678.8767278,66502,-14.631601333618164,-9.920947074890137,-1.492651343345642,-2.396740436553955,0.9046394228935242,-0.017954520881175995,2.561846906137454,-0.2395782619714737,-0.28495025634765625,2.4891517162323,0
1780882678.887964,66515,-14.648359298706055,-9.914423942565918,-1.4927783012390137,-2.3832144737243652,0.9516387581825256,-0.01779428869485855,2.5662509991336853,-0.23650501668453217,-0.285799115896225,2.4886255264282227,0
1780882678.8976676,66521,-14.677928924560547,-9.902470588684082,-1.4929980039596558,-2.3766567707061768,0.9734721779823303,-0.01767251454293728,2.5683570244067404,-0.2282652109861374,-0.28798413276672363,2.4871561527252197,0
1780882678.9088604,66535,-14.71078109741211,-9.888437271118164,-1.4932421445846558,-2.361567735671997,1.0218075513839722,-0.017240285873413086,2.5732061848381425,-0.22546036541461945,-0.2887014150619507,2.4866366386413574,0
1780882678.9187741,66535,-14.71078109741211,-9.888437271118164,-1.4932421445846558,-2.361567735671997,1.0218075513839722,-0.017240285873413086,2.5732061848381425,-0.22266720235347748,-0.2893768548965454,2.4861197471618652,0
1780882678.9300416,66554,-14.755194664001465,-9.868281364440918,-1.493554711341858,-2.340043783187866,1.0865267515182495,-0.016375569626688957,2.580041365614431,-0.21986612677574158,-0.2900158166885376,2.4856066703796387,0
1780882678.940919,66568,-14.787538528442383,-9.852705001831055,-1.4937744140625,-2.323566436767578,1.1332693099975586,-0.015700407326221466,2.585247921930377,-0.21506337821483612,-0.29104912281036377,2.4847335815429688,0
1780882678.9504266,66568,-14.787538528442383,-9.852705001831055,-1.4937744140625,-2.323566436767578,1.1332693099975586,-0.015700407326221466,2.585247921930377,-0.20940841734409332,-0.292153000831604,2.483743906021118,0
1780882678.96152,66587,-14.8306245803833,-9.830801010131836,-1.494057536125183,-2.3004987239837646,1.195026159286499,-0.014864119701087475,2.592412552524088,-0.2066429853439331,-0.29267728328704834,2.4832565784454346,0
1780882678.972784,66594,-14.84652328491211,-9.822343826293945,-1.4941601753234863,-2.2916481494903564,1.2177295684814453,-0.014562234282493591,2.5951355651841927,-0.19882123172283173,-0.29399287700653076,2.481968402862549,0
1780882678.9826448,66601,-14.862382888793945,-9.813730239868164,-1.4942578077316284,-2.2826497554779053,1.2402467727661133,-0.014226751402020454,2.5978653475489364,-0.19582566618919373,-0.29443880915641785,2.481496810913086,0
1780882678.9938207,66615,-14.87816333770752,-9.804960250854492,-1.4943554401397705,-2.2640368938446045,1.2851616144180298,-0.013497733511030674,2.603398859313151,-0.19286321103572845,-0.2948645353317261,2.481029510498047,0
1780882679.0034394,66629,-14.925703048706055,-9.777392387390137,-1.4946337938308716,-2.244839668273926,1.3293339014053345,-0.012668661773204803,2.6089450459281123,-0.1837855875492096,-0.295986145734787,2.47965145111084,0
1780882679.0149684,66636,-14.941210746765137,-9.768007278442383,-1.4947216510772705,-2.235105276107788,1.3509644269943237,-0.01230746228247881,2.6116952256947608,-0.1807601898908615,-0.2963172197341919,2.479212522506714,0
1780882679.0248091,66653,-14.979843139648438,-9.743857383728027,-1.4949218034744263,-2.210038185119629,1.4043153524398804,-0.011239671148359776,2.618491305884503,-0.1775936633348465,-0.2966267764568329,2.4787821769714355,0
1780882679.0361037,66660,-14.9951171875,-9.733954429626465,-1.4949951171875,-2.199791431427002,1.4252674579620361,-0.010783500038087368,2.621180259420991,-0.17277708649635315,-0.2970602512359619,2.4781494140625,0
1780882679.0470853,66667,-15.010390281677246,-9.723867416381836,-1.4950683116912842,-2.1893386840820312,1.446146011352539,-0.010377583093941212,2.6238616301169104,-0.16620703041553497,-0.29757365584373474,2.477341413497925,0
1780882679.057069,66680,-15.025507926940918,-9.7136812210083,-1.4951367378234863,-2.1690473556518555,1.485217809677124,-0.009528722614049911,2.6288265765921257,-0.16620703041553497,-0.29757365584373474,2.477341413497925,0
1780882679.068332,66693,-15.067733764648438,-9.684257507324219,-1.4953124523162842,-2.1481997966766357,1.5235379934310913,-0.008583707734942436,2.6336294469625097,-0.1535484790802002,-0.29839810729026794,2.4758942127227783,0
1780882679.077791,66700,-15.0825777053833,-9.673535346984863,-1.4953711032867432,-2.1370575428009033,1.5433640480041504,-0.008136634714901447,2.636105788988461,-0.15045547485351562,-0.29858922958374023,2.475532054901123,0
1780882679.090504,66714,-15.097343444824219,-9.66268539428711,-1.495424747467041,-2.1143667697906494,1.582437515258789,-0.007100114598870277,2.6409668188980855,-0.15045547485351562,-0.29858922958374023,2.475532054901123,0
1780882679.100268,66721,-15.126640319824219,-9.640565872192383,-1.4955174922943115,-2.102806568145752,1.6017109155654907,-0.0065949345007538795,2.643353327355166,-0.1411205232143402,-0.2990913391113281,2.4744856357574463,0
1780882679.1101432,66735,-15.155624389648438,-9.617919921875,-1.4956005811691284,-2.0792415142059326,1.6397062540054321,-0.005661720875650644,2.6480018747926106,-0.13788586854934692,-0.29923805594444275,2.474149227142334,0
1780882679.1199486,66747,-15.170000076293945,-9.606406211853027,-1.49563467502594,-2.056561231613159,1.674699306488037,-0.0047732163220644,2.652184882341313,-0.13464103639125824,-0.29937824606895447,2.473818302154541,0
1780882679.1307187,66754,-15.195038795471191,-9.585859298706055,-1.4956884384155273,-2.0457708835601807,1.6908364295959473,-0.00435934541746974,2.6540771171094186,-0.12576840817928314,-0.29972419142723083,2.472933530807495,0
1780882679.1431708,66768,-15.223163604736328,-9.562002182006836,-1.4957422018051147,-2.02079701423645,1.7270658016204834,-0.0035134076606482267,2.65826808277633,-0.12239791452884674,-0.29983457922935486,2.4726243019104004,0
1780882679.1529496,66781,-15.237109184265137,-9.549882888793945,-1.4957616329193115,-2.0080831050872803,1.7448790073394775,-0.0030717181507498026,2.6602650136111197,-0.11895817518234253,-0.2999354600906372,2.4723219871520996,0
1780882679.163887,66788,-15.261874198913574,-9.527871131896973,-1.495790958404541,-1.9848978519439697,1.7762778997421265,-0.0022376584820449352,2.66364180528831,-0.1154656931757927,-0.3000278174877167,2.472026824951172,0
1780882679.175123,66801,-15.289179801940918,-9.50284194946289,-1.495815396308899,-1.9584712982177734,1.8106189966201782,-0.0013572501484304667,2.6671994336743245,-0.10289181768894196,-0.30031999945640564,2.470970392227173,0
1780882679.1847663,66801,-15.289179801940918,-9.50284194946289,-1.495815396308899,-1.9584712982177734,1.8106189966201782,-0.0013572501484304667,2.6671994336743245,-0.10289181768894196,-0.30031999945640564,2.470970392227173,0
1780882679.1960447,66821,-15.327070236206055,-9.466737747192383,-1.495825171470642,-1.9201781749725342,1.8578062057495117,-0.00017247676441911608,2.6718024162558285,-0.09966513514518738,-0.3003849983215332,2.4707067012786865,0
1780882679.2057838,66828,-15.340312004089355,-9.453720092773438,-1.495825171470642,-1.906333088874817,1.8741782903671265,0.00023916720238048583,2.673321934788887,-0.09032808989286423,-0.30053913593292236,2.4699959754943848,0
1780882679.2166255,66835,-15.353437423706055,-9.440595626831055,-1.4958202838897705,-1.8923426866531372,1.8903552293777466,0.0006677627679891884,2.674771800149037,-0.08704865723848343,-0.3005842864513397,2.4697554111480713,0
1780882679.2265513,66854,-15.389687538146973,-9.403281211853027,-1.495790958404541,-1.8524194955825806,1.9346317052841187,0.001859269104897976,2.6784811516205527,-0.08704865723848343,-0.3005842864513397,2.4697554111480713,0
1780882679.237926,66861,-15.402461051940918,-9.38973617553711,-1.4957762956619263,-1.8378889560699463,1.9501209259033203,0.002280287677422166,2.679703834419355,-0.07495414465665817,-0.3007206916809082,2.4688916206359863,0
1780882679.2478244,66868,-15.415117263793945,-9.376083374023438,-1.49575674533844,-1.8232128620147705,1.9654383659362793,0.0026737593580037355,2.6808693104102383,-0.07163161039352417,-0.3007467985153198,2.4686787128448486,0
1780882679.2603261,66881,-15.427656173706055,-9.362334251403809,-1.4957373142242432,-1.7948307991027832,1.9941039085388184,0.0034381579607725143,2.68288647102107,-0.06828507035970688,-0.3007689416408539,2.468472480773926,0
1780882679.270017,66895,-15.462421417236328,-9.323104858398438,-1.4956640005111694,-1.7658803462982178,2.0221049785614014,0.004126334097236395,2.6846338611434897,-0.06206018850207329,-0.30080124735832214,2.4681146144866943,0
1780882679.2813718,66902,-15.474570274353027,-9.308964729309082,-1.49563467502594,-1.7504760026931763,2.0365140438079834,0.004485568962991238,2.685437730978089,-0.05856504291296005,-0.3008151948451996,2.4679250717163086,0
1780882679.2910156,66915,-15.486600875854492,-9.294726371765137,-1.4956005811691284,-1.7204601764678955,2.063666582107544,0.005144534166902304,2.686769332702599,-0.051845353096723557,-0.30083712935447693,2.467559814453125,0
1780882679.3017929,66928,-15.520234107971191,-9.253740310668945,-1.4954931735992432,-1.6898890733718872,2.090157985687256,0.0057285544462502,2.6878464059112352,-0.04571688920259476,-0.30085015296936035,2.467237949371338,0
1780882679.3127031,66935,-15.531874656677246,-9.239130973815918,-1.495449185371399,-1.6737569570541382,2.103691577911377,0.006006898824125528,2.6883111220794125,-0.039063241332769394,-0.30085763335227966,2.4669013023376465,0
1780882679.3225126,66948,-15.543397903442383,-9.224432945251465,-1.4954051971435547,-1.6424261331558228,2.1291122436523438,0.006542425137013197,2.6890008092728754,-0.039063241332769394,-0.30085763335227966,2.4669013023376465,0
1780882679.333455,66955,-15.564218521118164,-9.197245597839355,-1.4953173398971558,-1.6272497177124023,2.1410305500030518,0.0067918202839791775,2.689237733757325,-0.029640980064868927,-0.30085739493370056,2.4664466381073,0
1780882679.3447073,66969,-15.586444854736328,-9.167236328125,-1.4952197074890137,-1.5937143564224243,2.166525363922119,0.0072987317107617855,2.6895744782157265,-0.026288067921996117,-0.3008541762828827,2.4662935733795166,0
1780882679.3544273,66981,-15.597382545471191,-9.152099609375,-1.4951659440994263,-1.5619627237319946,2.1895904541015625,0.007751478813588619,2.689627110297031,-0.019586488604545593,-0.30084428191185,2.4660019874572754,0
1780882679.3653007,66988,-15.615976333618164,-9.125829696655273,-1.4950683116912842,-1.5470908880233765,2.2000486850738525,0.007952551357448101,2.689566447510312,-0.013888383284211159,-0.3008323609828949,2.4657633304595947,0
1780882679.3766267,67002,-15.63710880279541,-9.0950288772583,-1.4949511289596558,-1.5121756792068481,2.2238402366638184,0.008352632634341717,2.689276938037733,-0.01056047435849905,-0.3008241355419159,2.465629816055298,0
1780882679.3878174,67002,-15.63710880279541,-9.0950288772583,-1.4949511289596558,-1.5121756792068481,2.2238402366638184,0.008352632634341717,2.689276938037733,-0.007216629106551409,-0.3008147180080414,2.465501546859741,0
1780882679.3994193,67024,-15.669921875,-9.045048713684082,-1.4947558641433716,-1.4551016092300415,2.260432720184326,0.008913078345358372,2.6882998751310017,0.003436419880017638,-0.30078041553497314,2.4651129245758057,0
1780882679.4089994,67031,-15.679882049560547,-9.029276847839355,-1.494692325592041,-1.436964988708496,2.271482229232788,0.009053930640220642,2.6878582310371955,0.0067754583433270454,-0.3007679879665375,2.464998483657837,0
1780882679.4202328,67046,-15.701366424560547,-8.994316101074219,-1.4945507049560547,-1.3966120481491089,2.295161485671997,0.009370889514684677,2.686704165314379,0.01004599779844284,-0.3007553815841675,2.4648854732513428,0
1780882679.4308121,67053,-15.7109375,-8.978301048278809,-1.4944872856140137,-1.3780306577682495,2.305645704269409,0.00948098674416542,2.686086464817322,0.01709737256169319,-0.30072522163391113,2.464643716812134,0
1780882679.4404306,67067,-15.729686737060547,-8.946063995361328,-1.494350552558899,-1.3404483795166016,2.32609486579895,0.009640216827392578,2.684699632477607,0.02034824900329113,-0.3007110357284546,2.464538097381592,0
1780882679.4515207,67067,-15.729686737060547,-8.946063995361328,-1.494350552558899,-1.3404483795166016,2.32609486579895,0.009640216827392578,2.684699632477607,0.023659667000174522,-0.3006967306137085,2.4644346237182617,0
1780882679.462723,67088,-15.756484031677246,-8.897802352905273,-1.4941455125808716,-1.2837400436401367,2.3550565242767334,0.00982879102230072,2.6822334606287628,0.033804263919591904,-0.30065473914146423,2.4641480445861816,0
1780882679.472391,67094,-15.765273094177246,-8.881386756896973,-1.4940770864486694,-1.26432204246521,2.364457845687866,0.009897279553115368,2.681281239862924,0.03731447830796242,-0.30064019560813904,2.464057445526123,0
1780882679.483567,67101,-15.773905754089355,-8.86490249633789,-1.4940087795257568,-1.2447675466537476,2.373661994934082,0.009996876120567322,2.6802644363810457,0.04065551608800888,-0.30062592029571533,2.4639699459075928,0
1780882679.4932823,67114,-15.782421112060547,-8.848359107971191,-1.4939403533935547,-1.2067854404449463,2.3908493518829346,0.010190820321440697,2.678170191658434,0.04382671043276787,-0.3006114661693573,2.463885545730591,0
1780882679.5044136,67128,-15.80589771270752,-8.800947189331055,-1.493740200996399,-1.1683237552642822,2.4074063301086426,0.010352215729653835,2.6759470853760376,0.049624353647232056,-0.3005847632884979,2.463735580444336,0
1780882679.5153615,67136,-15.81386661529541,-8.784170150756836,-1.4936670064926147,-1.1481379270553589,2.415768623352051,0.010435013100504875,2.6747462740629526,0.055971454828977585,-0.3005548417568207,2.4635822772979736,0
1780882679.5251927,67148,-15.821718215942383,-8.767333984375,-1.493593692779541,-1.1098543405532837,2.4310007095336914,0.010566448792815208,2.6723870896332302,0.05919813737273216,-0.3005399703979492,2.463507890701294,0
1780882679.5364814,67162,-15.842577934265137,-8.720643997192383,-1.4933935403823853,-1.0711032152175903,2.445603847503662,0.010683813132345676,2.669897829587721,0.06499946117401123,-0.30051395297050476,2.4633822441101074,0
1780882679.5475612,67168,-15.849882125854492,-8.70361328125,-1.4933202266693115,-1.0502800941467285,2.4531216621398926,0.010722360573709011,2.668521900685307,0.07187315076589584,-0.3004845380783081,2.4632441997528076,0
1780882679.5573714,67182,-15.857030868530273,-8.6865234375,-1.4932470321655273,-1.0091217756271362,2.4672744274139404,0.01084087323397398,2.665687037659921,0.07187315076589584,-0.3004845380783081,2.4632441997528076,0
1780882679.5682523,67195,-15.877031326293945,-8.636435508728027,-1.4930224418640137,-0.9674274921417236,2.4807114601135254,0.010923990979790688,2.662698750228634,0.08189402520656586,-0.3004426956176758,2.463054895401001,0
1780882679.579405,67202,-15.883593559265137,-8.619159698486328,-1.492944359779358,-0.9459190964698792,2.4872984886169434,0.010947799310088158,2.661115661306787,0.08904636651277542,-0.3004145622253418,2.4629323482513428,0
1780882679.5903878,67213,-15.889999389648438,-8.601845741271973,-1.4928661584854126,-0.9073307514190674,2.498490810394287,0.01100264023989439,2.658162237371459,0.09274216741323471,-0.30040034651756287,2.4628732204437256,0
1780882679.600298,67227,-15.905702590942383,-8.557440757751465,-1.4926708936691284,-0.86829674243927,2.5090548992156982,0.01108115166425705,2.6550741067117416,0.09828153997659683,-0.3003791272640228,2.4627845287323,0
1780882679.6114478,67234,-15.911561965942383,-8.539979934692383,-1.492592692375183,-0.8461496829986572,2.51475191116333,0.011119556613266468,2.653313043211755,0.10163020342588425,-0.3003661632537842,2.4627294540405273,0
1780882679.6227493,67248,-15.917264938354492,-8.522480010986328,-1.4925146102905273,-0.8014984130859375,2.525615930557251,0.01111788209527731,2.649765865537204,0.10809464007616043,-0.3003407418727875,2.4626245498657227,0
1780882679.6326046,67255,-15.928202629089355,-8.487431526184082,-1.4923583269119263,-0.7790043950080872,2.530778169631958,0.01111131627112627,2.647982147348595,0.11454015225172043,-0.30031618475914,2.4625251293182373,0
1780882679.643886,67269,-15.938515663146973,-8.452178001403809,-1.4922021627426147,-0.7335559129714966,2.5405969619750977,0.011083545163273811,2.6444016422672876,0.11771507561206818,-0.30030426383018494,2.462477922439575,0
1780882679.6548457,67281,-15.943553924560547,-8.434121131896973,-1.4921239614486694,-0.6897123456001282,2.5493245124816895,0.011008906178176403,2.640999770092469,0.12084641307592392,-0.3002922534942627,2.4624311923980713,0
1780882679.664572,67288,-15.951952934265137,-8.402685165405273,-1.4919872283935547,-0.6691789031028748,2.5531649589538574,0.01096436008810997,2.6394264394333784,0.1240331158041954,-0.3002804219722748,2.462385654449463,0
1780882679.6755123,67302,-15.96078109741211,-8.367138862609863,-1.4918408393859863,-0.622541069984436,2.561352252960205,0.010794882662594318,2.635943716594378,0.13270491361618042,-0.30024921894073486,2.4622652530670166,0
1780882679.6868007,67302,-15.96078109741211,-8.367138862609863,-1.4918408393859863,-0.622541069984436,2.561352252960205,0.010794882662594318,2.635943716594378,0.13596878945827484,-0.30023813247680664,2.462224006652832,0
1780882679.6982532,67322,-15.972382545471191,-8.3154878616333,-1.4916259050369263,-0.5540880560874939,2.5719234943389893,0.0104756448417902,2.6309530162598014,0.13940125703811646,-0.3002271354198456,2.4621825218200684,0
1780882679.70791,67329,-15.976054191589355,-8.297607421875,-1.491552710533142,-0.5301958918571472,2.57521390914917,0.01035210583359003,2.6292473310270252,0.14574381709098816,-0.30020782351493835,2.462109088897705,0
1780882679.7175186,67336,-15.979570388793945,-8.279706954956055,-1.491479516029358,-0.5061778426170349,2.5783166885375977,0.010238236747682095,2.627553572477566,0.15238875150680542,-0.30018842220306396,2.4620351791381836,0
1780882679.7290142,67356,-15.988475799560547,-8.229843139648438,-1.4912890195846558,-0.43876662850379944,2.585998058319092,0.009850893169641495,2.6229752480751594,0.1555335819721222,-0.30017900466918945,2.46199893951416,0
1780882679.7398107,67362,-15.991366386413574,-8.211865425109863,-1.4912207126617432,-0.4142777919769287,2.588449001312256,0.009664792567491531,2.621409492913129,0.1640448272228241,-0.30015429854393005,2.4619038105010986,0
1780882679.7495227,67370,-15.994062423706055,-8.193877220153809,-1.4911571741104126,-0.38967040181159973,2.5907323360443115,0.009463110007345676,2.619890572051558,0.16707412898540497,-0.30014607310295105,2.461871862411499,0
1780882679.7607574,67383,-15.996601104736328,-8.17586898803711,-1.4910937547683716,-0.3400551974773407,2.594799041748047,0.008947901427745819,2.6170020384646047,0.16707412898540497,-0.30014607310295105,2.461871862411499,0
1780882679.7721508,67397,-16.003202438354492,-8.12173843383789,-1.4909130334854126,-0.2899562120437622,2.598175048828125,0.008378214202821255,2.6143179576572213,0.17641738057136536,-0.3001232147216797,2.4617810249328613,0
1780882679.7817104,67405,-16.00503921508789,-8.103681564331055,-1.4908545017242432,-0.26474201679229736,2.599597692489624,0.008096184581518173,2.613056074112725,0.1827569156885147,-0.30010876059532166,2.461724042892456,0
1780882679.7930248,67419,-16.008319854736328,-8.065292358398438,-1.4907422065734863,-0.21074278652668,2.6020476818084717,0.007417406886816025,2.6105784183591947,0.18631616234779358,-0.30010104179382324,2.4616940021514893,0
1780882679.8038473,67425,-16.00960922241211,-8.047216415405273,-1.4906933307647705,-0.18513590097427368,2.6029176712036133,0.007071437779814005,2.6095029622757417,0.1926703155040741,-0.30008769035339355,2.461641311645508,0
1780882679.8138502,67432,-16.01070213317871,-8.02914047241211,-1.4906444549560547,-0.15940645337104797,2.603609561920166,0.0067144823260605335,2.608493483329288,0.1958225518465042,-0.3000818192958832,2.4616165161132812,0
1780882679.8249679,67448,-16.011640548706055,-8.011054039001465,-1.4906005859375,-0.10562528669834137,2.6044890880584717,0.005872092209756374,2.606636643737035,0.19897381961345673,-0.30007562041282654,2.4615914821624756,0
1780882679.836058,67462,-16.01335906982422,-7.9541015625,-1.4904834032058716,-0.05131159722805023,2.604590892791748,0.004979419521987438,2.6051010332504543,0.20590834319591522,-0.300063818693161,2.4615414142608643,0
1780882679.8474927,67468,-16.01351547241211,-7.936015605926514,-1.490454077720642,-0.024938633665442467,2.604351043701172,0.0045487163588404655,2.6044744162876694,0.2125389724969864,-0.30005308985710144,2.4614968299865723,0
1780882679.8570368,67481,-16.01351547241211,-7.917929649353027,-1.4904247522354126,0.025496549904346466,2.6033689975738525,0.0037200020160526037,2.6034965047029948,0.2125389724969864,-0.30005308985710144,2.4614968299865723,0
1780882679.867939,67488,-16.013046264648438,-7.885429382324219,-1.490380883216858,0.04953328147530556,2.6026711463928223,0.0033060740679502487,2.6031445546425545,0.2157796025276184,-0.3000481128692627,2.461475133895874,0
1780882679.8778799,67502,-16.011796951293945,-7.849306583404541,-1.4903466701507568,0.10333003103733063,2.600626230239868,0.002367820590734482,2.6026792909039242,0.2274755984544754,-0.29999813437461853,2.46140456199646,0
1780882679.8891952,67515,-16.01089859008789,-7.831259727478027,-1.490332007408142,0.1548057198524475,2.5980348587036133,0.0014536571688950062,2.6026432815615173,0.2274755984544754,-0.29999813437461853,2.46140456199646,0
1780882679.8989694,67521,-16.0087890625,-7.798847675323486,-1.4903173446655273,0.17930081486701965,2.5965893268585205,0.000984954764135182,2.602772730129054,0.2353680431842804,-0.29950642585754395,2.461470127105713,0
1780882679.9100919,67535,-16.00570297241211,-7.762822151184082,-1.4903124570846558,0.2340613156557083,2.5929067134857178,-0.00012313365004956722,2.6034496229978568,0.23792818188667297,-0.29912126064300537,2.461548089981079,0
1780882679.9201198,67548,-16.00390625,-7.744833946228027,-1.4903173446655273,0.28649529814720154,2.5887675285339355,-0.0013019609032198787,2.6045726266998868,0.24040275812149048,-0.2986151874065399,2.461657762527466,0
1780882679.9308147,67555,-16.00015640258789,-7.712265491485596,-1.4903368949890137,0.31147459149360657,2.586582899093628,-0.001902360818348825,2.6052698773843734,0.24672043323516846,-0.29647693037986755,2.462160587310791,0
1780882679.9434018,67569,-15.995272636413574,-7.67638635635376,-1.490380883216858,0.36668628454208374,2.5812859535217285,-0.0033590029925107956,2.607202962567541,0.2487504482269287,-0.2953859269618988,2.4624288082122803,0
1780882679.9531484,67580,-15.992538452148438,-7.65847635269165,-1.4904100894927979,0.4166121184825897,2.575878620147705,-0.004786762874573469,2.609356096070334,0.250654399394989,-0.2940971851348877,2.4627487659454346,0
1780882679.9629436,67587,-15.987733840942383,-7.629521369934082,-1.4904687404632568,0.4389170706272125,2.573265552520752,-0.005451903212815523,2.610435504264862,0.2524653971195221,-0.2926606833934784,2.463109016418457,0
1780882679.9737623,67601,-15.981054306030273,-7.593857288360596,-1.4905614852905273,0.4939192533493042,2.566364288330078,-0.007158116903156042,2.6134714706464046,0.2569440007209778,-0.2888387143611908,2.464059591293335,0
1780882679.9848526,67601,-15.981054306030273,-7.593857288360596,-1.4905614852905273,0.4939192533493042,2.566364288330078,-0.007158116903156042,2.6134714706464046,0.2585645914077759,-0.28729569911956787,2.46444034576416,0
1780882679.9959266,67615,-15.977421760559082,-7.576064109802246,-1.4906152486801147,0.5485590696334839,2.558804512023926,-0.008908919990062714,2.6169594862142103,0.260152131319046,-0.2856784760951996,2.4648377895355225,0
1780882680.0054426,67628,-15.965468406677246,-7.52306604385376,-1.490820288658142,0.602927029132843,2.5505599975585938,-0.010668473318219185,2.6208760214722084,0.2644704282283783,-0.2803908586502075,2.466111421585083,0
1780882680.0165086,67635,-15.961092948913574,-7.505380630493164,-1.4908983707427979,0.6300784349441528,2.5461719036102295,-0.011555233038961887,2.622998993580897,0.2658119797706604,-0.2786426246166229,2.466515302658081,0
1780882680.0288029,67649,-15.956522941589355,-7.487734317779541,-1.4909863471984863,0.6827472448348999,2.5371525287628174,-0.013260755687952042,2.6274441197061873,0.2670880854129791,-0.2768807113170624,2.4669134616851807,0
1780882680.0384762,67663,-15.942265510559082,-7.436777114868164,-1.4912694692611694,0.7350249886512756,2.527531862258911,-0.014858655631542206,2.6322803475927454,0.26933664083480835,-0.27328750491142273,2.4677109718322754,0
1780882680.0484862,67670,-15.936991691589355,-7.419257640838623,-1.4913768768310547,0.7616623640060425,2.5223631858825684,-0.015588846057653427,2.634898216318866,0.2715491056442261,-0.2691781520843506,2.4686062335968018,0
1780882680.0591826,67682,-15.93148422241211,-7.401659965515137,-1.4914891719818115,0.8119011521339417,2.512087821960449,-0.016694774851202965,2.6400847375767595,0.2726059854030609,-0.2669735848903656,2.4690842628479004,0
1780882680.0701957,67696,-15.91527271270752,-7.353075981140137,-1.4918212890625,0.8613579273223877,2.5012571811676025,-0.01747717894613743,2.645473571421105,0.27435556054115295,-0.26261818408966064,2.4700398445129395,0
1780882680.0799594,67703,-15.909101486206055,-7.335752010345459,-1.491943359375,0.8872030377388,2.4952969551086426,-0.017803965136408806,2.648386887432045,0.27614825963974,-0.2571917772293091,2.471238851547241,0
1780882680.092758,67715,-15.902772903442383,-7.318466663360596,-1.4920703172683716,0.9357726573944092,2.483476400375366,-0.018137549981474876,2.6539884077116294,0.27614825963974,-0.2571917772293091,2.471238851547241,0
1780882680.102383,67729,-15.884061813354492,-7.270253658294678,-1.4924218654632568,0.9836318492889404,2.47103214263916,-0.018193388357758522,2.659673375486433,0.27842897176742554,-0.24933360517024994,2.4729366302490234,0
1780882680.1123533,67736,-15.877070426940918,-7.253144264221191,-1.4925488233566284,1.0085541009902954,2.464240550994873,-0.018199214711785316,2.6627042793385796,0.2791873514652252,-0.24654197692871094,2.473517894744873,0
1780882680.123418,67749,-15.869882583618164,-7.236083984375,-1.49267578125,1.0553067922592163,2.450899124145508,-0.017994727939367294,2.6685019679136954,0.2806626558303833,-0.2410864681005478,2.4746129512786865,0
1780882680.1333554,67756,-15.856600761413574,-7.205575942993164,-1.4929003715515137,1.0771923065185547,2.4443795680999756,-0.017849989235401154,2.671264374838831,0.2819044888019562,-0.2360815852880478,2.4755892753601074,0
1780882680.1446579,67770,-15.841132164001465,-7.171777248382568,-1.4931445121765137,1.1254092454910278,2.4294028282165527,-0.01734701171517372,2.677469885992878,0.2825576066970825,-0.23324845731258392,2.4761276245117188,0
1780882680.1538496,67782,-15.833163261413574,-7.154960632324219,-1.493261694908142,1.1705836057662964,2.4145450592041016,-0.016736770048737526,2.683388518363941,0.2831890881061554,-0.23040401935577393,2.4766554832458496,0
1780882680.1664479,67788,-15.818359375,-7.124726295471191,-1.4934667348861694,1.191781997680664,2.40728497505188,-0.016428636386990547,2.6861934370405605,0.28379353880882263,-0.22750554978847504,2.4771862030029297,0
1780882680.1760201,67803,-15.8013277053833,-7.091464519500732,-1.493691325187683,1.2382454872131348,2.390730142593384,-0.01582619547843933,2.692413967013913,0.28536882996559143,-0.21907781064510345,2.4786932468414307,0
1780882680.18725,67803,-15.8013277053833,-7.091464519500732,-1.493691325187683,1.2382454872131348,2.390730142593384,-0.01582619547843933,2.692413967013913,0.28588345646858215,-0.21582208573818207,2.4792826175689697,0
1780882680.196754,67822,-15.776522636413574,-7.045478343963623,-1.493984341621399,1.3016343116760254,2.36647629737854,-0.014925703406333923,2.7008674021523045,0.2872433364391327,-0.20664547383785248,2.4809062480926514,0
1780882680.2079167,67829,-15.767343521118164,-7.029111385345459,-1.4940868616104126,1.3239784240722656,2.3574602603912354,-0.014560184441506863,2.703839815096997,0.28770196437835693,-0.20339415967464447,2.4814562797546387,0
1780882680.217848,67836,-15.758007049560547,-7.012802600860596,-1.4941844940185547,1.3460978269577026,2.3482823371887207,-0.01412590965628624,2.706770924222511,0.2881341278553009,-0.20006392896175385,2.4820163249969482,0
1780882680.2289524,67856,-15.730897903442383,-6.967275142669678,-1.4944384098052979,1.40713369846344,2.321546792984009,-0.012743963859975338,2.71473150900427,0.2885437607765198,-0.19665682315826416,2.4825854301452637,0
1780882680.2403579,67862,-15.720975875854492,-6.951220512390137,-1.4945214986801147,1.4284275770187378,2.3117213249206543,-0.012242431752383709,2.717464020739877,0.289606511592865,-0.1869433969259262,2.484144687652588,0
1780882680.2526956,67869,-15.710898399353027,-6.935234069824219,-1.494604468345642,1.4495258331298828,2.30171799659729,-0.011795439757406712,2.7201415421205186,0.289959192276001,-0.18335340917110443,2.4847140312194824,0
1780882680.2616827,67888,-15.700702667236328,-6.919316291809082,-1.4946825504302979,1.506159782409668,2.273401975631714,-0.01031225174665451,2.7270827225243104,0.289959192276001,-0.18335340917110443,2.4847140312194824,0
1780882680.271174,67894,-15.673358917236328,-6.87804651260376,-1.4948681592941284,1.5238072872161865,2.2641408443450928,-0.009819340892136097,2.7291791496822664,0.29118233919143677,-0.17087946832180023,2.48651123046875,0
1780882680.282118,67908,-15.651796340942383,-6.846826076507568,-1.4949902296066284,1.563775658607483,2.2424373626708984,-0.00875108689069748,2.7338610457514934,0.29151031374931335,-0.16757534444332123,2.4869349002838135,0
1780882680.293461,67916,-15.640664100646973,-6.831151962280273,-1.4950487613677979,1.5836840867996216,2.2312140464782715,-0.008208551444113255,2.7361357401088684,0.29182329773902893,-0.16417835652828217,2.487375497817993,0
1780882680.3031669,67930,-15.618281364440918,-6.800390243530273,-1.4951512813568115,1.6223870515823364,2.2085330486297607,-0.007110819686204195,2.7404029878447624,0.29241323471069336,-0.15713739395141602,2.4882893562316895,0
1780882680.3142986,67936,-15.606874465942383,-6.785136699676514,-1.4951952695846558,1.6414310932159424,2.196937322616577,-0.006606988608837128,2.7424210627801586,0.29268884658813477,-0.15357325971126556,2.4887471199035645,0
1780882680.3240232,67949,-15.595351219177246,-6.769960880279541,-1.4952392578125,1.6773709058761597,2.174203395843506,-0.00561148626729846,2.7460453476145235,0.2932146191596985,-0.14638148248195648,2.489654064178467,0
1780882680.335147,67963,-15.561952590942383,-6.727314472198486,-1.4953417778015137,1.7125355005264282,2.150843381881714,-0.004699420649558306,2.7493503193485753,0.2936687469482422,-0.13970421254634857,2.490473985671997,0
1780882680.346055,67970,-15.549921989440918,-6.712460994720459,-1.4953711032867432,1.7305488586425781,2.138430118560791,-0.0042676255106925964,2.750945462335549,0.2939057946205139,-0.13606178760528564,2.4909117221832275,0
1780882680.3558192,67983,-15.537773132324219,-6.697695255279541,-1.4953954219818115,1.7649985551834106,2.1137771606445312,-0.003375000786036253,2.753776529657461,0.2941386103630066,-0.1324232667684555,2.4913415908813477,0
1780882680.3669696,67990,-15.514452934265137,-6.669941425323486,-1.4954394102096558,1.781469702720642,2.1015470027923584,-0.002959609031677246,2.755021391195128,0.29436466097831726,-0.12879681587219238,2.491758346557617,0
1780882680.3768363,68004,-15.489336013793945,-6.641025066375732,-1.4954736232757568,1.8155992031097412,2.075240135192871,-0.0021881102584302425,2.7573586768635225,0.29496824741363525,-0.11792921274900436,2.493025779724121,0
1780882680.3879821,68016,-15.476601600646973,-6.626708984375,-1.4954882860183716,1.8466966152191162,2.0499818325042725,-0.001491656294092536,2.759115098595529,0.2951602041721344,-0.11403345316648483,2.4934892654418945,0
1780882680.3991547,68023,-15.454179763793945,-6.601972579956055,-1.4955029487609863,1.8608945608139038,2.038007974624634,-0.0011658716248348355,2.7597837651448383,0.2953479290008545,-0.1101379320025444,2.493942975997925,0
1780882680.4089997,68037,-15.42796802520752,-6.573964595794678,-1.49551260471344,1.8928415775299072,2.0100457668304443,-0.00040669439476914704,2.7610022433491843,0.2958282232284546,-0.09924840927124023,2.4952030181884766,0
1780882680.4204614,68037,-15.42796802520752,-6.573964595794678,-1.49551260471344,1.8928415775299072,2.0100457668304443,-0.00040669439476914704,2.7610022433491843,0.2959931790828705,-0.09530091285705566,2.4956350326538086,0
1780882680.4311473,68056,-15.390742301940918,-6.535556316375732,-1.495507836341858,1.9358352422714233,1.9698911905288696,0.000691161141730845,2.7618707184528084,0.2964361310005188,-0.08451473712921143,2.4967191219329834,0
1780882680.441967,68070,-15.363554000854492,-6.508505821228027,-1.4954882860183716,1.9655859470367432,1.9403337240219116,0.0016264867736026645,2.761960485094654,0.29658836126327515,-0.08075021952390671,2.497055768966675,0
1780882680.453183,68070,-15.363554000854492,-6.508505821228027,-1.4954882860183716,1.9655859470367432,1.9403337240219116,0.0016264867736026645,2.761960485094654,0.2967386543750763,-0.07723020762205124,2.4973039627075195,0
1780882680.462948,68089,-15.326132774353027,-6.47252893447876,-1.4954394102096558,2.0045535564422607,1.8993570804595947,0.0029848814010620117,2.7614853230198944,0.29688727855682373,-0.0739203616976738,2.4974749088287354,0
1780882680.4727292,68096,-15.312108993530273,-6.459443092346191,-1.4954149723052979,2.0186216831207275,1.8839478492736816,0.003416962455958128,2.7611781315193187,0.29712826013565063,-0.06816112995147705,2.497776985168457,0
1780882680.483835,68103,-15.297968864440918,-6.446464538574219,-1.49539053440094,2.032500743865967,1.8683782815933228,0.0038496064953505993,2.7607809577030005,0.297392338514328,-0.06110083684325218,2.4981892108917236,0
1780882680.4947276,68123,-15.256953239440918,-6.409853458404541,-1.495302677154541,2.071213483810425,1.8228193521499634,0.004844097886234522,2.7590975248031486,0.29751646518707275,-0.05740046128630638,2.4984376430511475,0
1780882680.505643,68130,-15.242460250854492,-6.397304534912109,-1.49526846408844,2.0843145847320557,1.806618571281433,0.005147938616573811,2.758308258969205,0.29773247241973877,-0.05029260739684105,2.498948335647583,0
1780882680.5155597,68136,-15.227890014648438,-6.384872913360596,-1.4952294826507568,2.0972156524658203,1.7902393341064453,0.005389118101447821,2.7574080961880556,0.2979447543621063,-0.04244529828429222,2.4995572566986084,0
1780882680.526704,68149,-15.213241577148438,-6.37255859375,-1.4951903820037842,2.1206588745117188,1.7592496871948242,0.005877652205526829,2.755392543855747,0.2980451285839081,-0.03852522000670433,2.4998576641082764,0
1780882680.5367193,68163,-15.172812461853027,-6.339530944824219,-1.4950780868530273,2.1433675289154053,1.7276804447174072,0.006336631719022989,2.752988237528343,0.2983018755912781,-0.02810978703200817,2.50057053565979,0
1780882680.5480154,68169,-15.157851219177246,-6.327656269073486,-1.495034098625183,2.1552648544311523,1.7105157375335693,0.006551465950906277,2.751558395310238,0.2983911633491516,-0.024349451065063477,2.500805616378784,0
1780882680.5608048,68183,-15.14281177520752,-6.315898418426514,-1.4949853420257568,2.1777524948120117,1.67676842212677,0.006952538155019283,2.748491696892722,0.2983911633491516,-0.024349451065063477,2.500805616378784,0
1780882680.5705538,68196,-15.099061965942383,-6.282724380493164,-1.4948437213897705,2.199493885040283,1.642426609992981,0.007330212276428938,2.7450668938214697,0.2987091541290283,-0.01010799314826727,2.5015485286712646,0
1780882680.58005,68203,-15.083710670471191,-6.271445274353027,-1.494789958000183,2.2104270458221436,1.6244934797286987,0.007515883073210716,2.7431775879591602,0.2987858057022095,-0.006600737106055021,2.501673698425293,0
1780882680.5907936,68216,-15.068281173706055,-6.260293006896973,-1.4947363138198853,2.2305662631988525,1.590207815170288,0.007795057259500027,2.739388163964215,0.29886147379875183,-0.003080367809161544,2.501797914505005,0
1780882680.6003942,68223,-15.040702819824219,-6.240781307220459,-1.4946386814117432,2.239806890487671,1.5738879442214966,0.007900276221334934,2.7375026177167743,0.2989901900291443,0.0033006668090820312,2.5020461082458496,0
1780882680.6117837,68237,-15.009374618530273,-6.219306468963623,-1.494531273841858,2.260092258453369,1.53669273853302,0.008070015348494053,2.733039830395578,0.2990586757659912,0.0070136780850589275,2.50221586227417,0
1780882680.6242774,68249,-14.993593215942383,-6.20876932144165,-1.494472622871399,2.278407096862793,1.5011755228042603,0.008223104290664196,2.728504071601426,0.2991248071193695,0.010802745819091797,2.502406597137451,0
1780882680.6339748,68255,-14.965742111206055,-6.190556526184082,-1.4943749904632568,2.2867250442504883,1.4843695163726807,0.008288325741887093,2.72626722561866,0.29929080605506897,0.021221159026026726,2.502904176712036,0
1780882680.6448822,68270,-14.933788299560547,-6.170341491699219,-1.4942578077316284,2.3051047325134277,1.4457018375396729,0.008485035970807076,2.7209618936612863,0.29939550161361694,0.02846061997115612,2.50315523147583,0
1780882680.6556506,68282,-14.917734146118164,-6.160439491271973,-1.4941991567611694,2.3220221996307373,1.4080480337142944,0.008712406270205975,2.71559611629706,0.29939550161361694,0.02846061997115612,2.50315523147583,0
1780882680.6666229,68289,-14.888007164001465,-6.142568111419678,-1.4940868616104126,2.3298847675323486,1.3898316621780396,0.008838390931487083,2.7129454834784457,0.29944485425949097,0.03199255093932152,2.5032498836517334,0
1780882680.6766467,68303,-14.85546875,-6.123681545257568,-1.493959903717041,2.3465051651000977,1.3498291969299316,0.009080281481146812,2.7070662722286127,0.2995646297931671,0.04146849736571312,2.5033321380615234,0
1780882680.6876235,68303,-14.85546875,-6.123681545257568,-1.493959903717041,2.3465051651000977,1.3498291969299316,0.009080281481146812,2.7070662722286127,0.29960474371910095,0.04485761746764183,2.5033702850341797,0
1780882680.697468,68323,-14.809687614440918,-6.09826135635376,-1.4937793016433716,2.3684802055358887,1.2931394577026367,0.009450973942875862,2.698517641593485,0.2997124195098877,0.054527636617422104,2.503530979156494,0
1780882680.708792,68336,-14.776639938354492,-6.080732345581055,-1.4936425685882568,2.3833868503570557,1.2518459558486938,0.009719891473650932,2.6921637490910384,0.29974716901779175,0.05800258740782738,2.503587007522583,0
1780882680.7201436,68336,-14.776639938354492,-6.080732345581055,-1.4936425685882568,2.3833868503570557,1.2518459558486938,0.009719891473650932,2.6921637490910384,0.299780935049057,0.06153440102934837,2.50365948677063,0
1780882680.7298918,68355,-14.73070240020752,-6.057480335235596,-1.4934520721435547,2.402728319168091,1.1939388513565063,0.010090894065797329,2.6830384236260687,0.2998136878013611,0.06511640548706055,2.50374698638916,0
1780882680.7408473,68362,-14.713984489440918,-6.049335956573486,-1.4933788776397705,2.4093942642211914,1.172705054283142,0.010235953144729137,2.679649723292204,0.2998652458190918,0.07136725634336472,2.5038816928863525,0
1780882680.7524464,68369,-14.697226524353027,-6.041337966918945,-1.4933056831359863,2.4158759117126465,1.1513413190841675,0.010399322025477886,2.6762196097709303,0.29991140961647034,0.07824253290891647,2.5039610862731934,0
1780882680.76224,68389,-14.649686813354492,-6.019599437713623,-1.4930956363677979,2.4332213401794434,1.0904195308685303,0.010844039730727673,2.666401777077467,0.2999277710914612,0.08149956911802292,2.503943681716919,0
1780882680.7719657,68396,-14.632734298706055,-6.012177467346191,-1.493017554283142,2.4390692710876465,1.0685786008834839,0.010980677790939808,2.662900619759377,0.29996228218078613,0.09044467657804489,2.5038158893585205,0
1780882680.7818675,68402,-14.615741729736328,-6.00491189956665,-1.4929394721984863,2.444756507873535,1.0466183423995972,0.01111207902431488,2.6593923771676726,0.2999720275402069,0.09358929842710495,2.5037593841552734,0
1780882680.792947,68415,-14.598711013793945,-5.997792720794678,-1.492861270904541,2.455233335494995,1.0040696859359741,0.011284775100648403,2.6526315258796345,0.2999720275402069,0.09358929842710495,2.5037593841552734,0
1780882680.8039856,68429,-14.550155639648438,-5.978407859802246,-1.4926366806030273,2.4650931358337402,0.961053729057312,0.011411852203309536,2.645834210384373,0.3000093698501587,0.10291194170713425,2.503718614578247,0
1780882680.815381,68436,-14.533007621765137,-5.971894264221191,-1.4925585985183716,2.4699695110321045,0.9384840130805969,0.011497216299176216,2.6422781485336975,0.3000413477420807,0.10975097864866257,2.503779411315918,0
1780882680.8266606,68449,-14.515819549560547,-5.965537071228027,-1.4924803972244263,2.4789366722106934,0.8942868113517761,0.011639093980193138,2.6353389524494633,0.3000413477420807,0.10975097864866257,2.503779411315918,0
1780882680.8377292,68463,-14.466093063354492,-5.948085784912109,-1.4922411441802979,2.4872689247131348,0.8496150970458984,0.011737189255654812,2.628400707385304,0.3000660538673401,0.11925529688596725,2.503763198852539,0
1780882680.8473678,68470,-14.4487886428833,-5.942343711853027,-1.4921581745147705,2.491319417953491,0.8264343738555908,0.011781883426010609,2.6248438104655425,0.3000701069831848,0.12247561663389206,2.5037355422973633,0
1780882680.8572776,68484,-14.431445121765137,-5.936767578125,-1.4920752048492432,2.4988081455230713,0.7804936766624451,0.011811603792011738,2.617890761935389,0.30007490515708923,0.12886011600494385,2.503662586212158,0
1780882680.8683722,68490,-14.397890090942383,-5.926445007324219,-1.491918921470642,2.5022566318511963,0.7577442526817322,0.011804131790995598,2.6144987935822095,0.300080806016922,0.13508033752441406,2.5036089420318604,0
1780882680.8793356,68507,-14.363085746765137,-5.916415691375732,-1.4917528629302979,2.510970115661621,0.694168210029602,0.011687793768942356,2.6051827248937114,0.3000887632369995,0.13840925693511963,2.5036158561706543,0
1780882680.8901467,68514,-14.339570045471191,-5.909990310668945,-1.4916454553604126,2.512953281402588,0.6780009269714355,0.011666450649499893,2.6028360604457816,0.3001112639904022,0.14633844792842865,2.5036697387695312,0
1780882680.9014242,68528,-14.304609298706055,-5.901073932647705,-1.49148428440094,2.5184481143951416,0.6296977400779724,0.011533665470778942,2.5960033078174116,0.3001110255718231,0.14955244958400726,2.503641366958618,0
1780882680.9113286,68534,-14.287109375,-5.896874904632568,-1.4914062023162842,2.52095365524292,0.6053618788719177,0.01142979133874178,2.592643626957632,0.3001067638397217,0.152699813246727,2.5035929679870605,0
1780882680.9222908,68548,-14.269570350646973,-5.892841815948486,-1.4913281202316284,2.525440216064453,0.5569486618041992,0.011163448914885521,2.5861486267020375,0.3000996708869934,0.15580283105373383,2.503530979156494,0
1780882680.9321153,68556,-14.2353515625,-5.885458946228027,-1.4911816120147705,2.5274319648742676,0.5328810214996338,0.011004285886883736,2.583020637635436,0.30006834864616394,0.16478143632411957,2.503293037414551,0
1780882680.9432366,68569,-14.2001953125,-5.878573894500732,-1.4910351037979126,2.5310580730438232,0.48317697644233704,0.010608763433992863,2.576786274712334,0.3000584542751312,0.16783665120601654,2.5032169818878174,0
1780882680.954455,68581,-14.1826171875,-5.875390529632568,-1.4909619092941284,2.5338776111602783,0.43603187799453735,0.010162072256207466,2.5711403724182977,0.30005186796188354,0.170943483710289,2.5031578540802,0
1780882680.965571,68588,-14.151679039001465,-5.870195388793945,-1.4908398389816284,2.534996747970581,0.4138318598270416,0.009949702769517899,2.568572427831174,0.30004817247390747,0.1740962117910385,2.503114700317383,0
1780882680.9752748,68602,-14.11644458770752,-5.864980220794678,-1.4907079935073853,2.537111520767212,0.3630240857601166,0.009401025250554085,2.5629689297624045,0.3000226318836212,0.18253885209560394,2.502923011779785,0
1780882680.9862149,68613,-14.098827362060547,-5.862636566162109,-1.4906444549560547,2.538447618484497,0.31755149364471436,0.008878054097294807,2.558248244942261,0.30001300573349,0.1855860948562622,2.5028529167175293,0
1780882680.9954834,68620,-14.071483612060547,-5.859325885772705,-1.4905468225479126,2.538867473602295,0.29758307337760925,0.008638739585876465,2.556262576868463,0.3000051975250244,0.1886582374572754,2.5027921199798584,0
1780882681.0066612,68633,-14.036250114440918,-5.855732440948486,-1.4904345273971558,2.539557933807373,0.24573646485805511,0.00792377907782793,2.5514316952644025,0.299975723028183,0.19633029401302338,2.5025954246520996,0
1780882681.0176485,68633,-14.036250114440918,-5.855732440948486,-1.4904345273971558,2.539557933807373,0.24573646485805511,0.00792377907782793,2.5514316952644025,0.2999689280986786,0.19939933717250824,2.502539873123169,0
1780882681.0274205,68655,-13.982694625854492,-5.851669788360596,-1.4902831315994263,2.539384365081787,0.1661219745874405,0.006685576401650906,2.544821046948976,0.29996785521507263,0.20254455506801605,2.5025103092193604,0
1780882681.0385485,68662,-13.96507740020752,-5.85070276260376,-1.4902392625808716,2.538999319076538,0.13966801762580872,0.006249766331166029,2.5428456022727453,0.29995015263557434,0.21186445653438568,2.50235915184021,0
1780882681.0498085,68669,-13.947460174560547,-5.849921703338623,-1.490200161933899,2.538456439971924,0.11309617757797241,0.005786485504359007,2.5409811739625647,0.29986485838890076,0.2149495929479599,2.5023179054260254,0
1780882681.0612931,68681,-13.92984390258789,-5.849326133728027,-1.4901610612869263,2.5369672775268555,0.06238631159067154,0.0048337457701563835,2.5377388329404753,0.29986485838890076,0.2149495929479599,2.5023179054260254,0
1780882681.0707052,68695,-13.880663871765137,-5.848622798919678,-1.490078091621399,2.534905433654785,0.011306037195026875,0.003785214386880398,2.5349334728741035,0.2991713285446167,0.22582970559597015,2.501909017562866,0
1780882681.080556,68702,-13.863085746765137,-5.848730564117432,-1.490053653717041,2.5336005687713623,-0.01575538143515587,0.0032103443518280983,2.533651590182359,0.29892492294311523,0.2285449355840683,2.501753807067871,0
1780882681.0935824,68715,-13.845507621765137,-5.849032878875732,-1.4900341033935547,2.5306711196899414,-0.06781796365976334,0.0020165920723229647,2.5315804666001207,0.29858216643333435,0.23123906552791595,2.501591920852661,0
1780882681.1024122,68729,-13.795859336853027,-5.850878715515137,-1.4900048971176147,2.5271456241607666,-0.12013963609933853,0.000716195092536509,2.5299998124135112,0.29741570353507996,0.2361062616109848,2.501279830932617,0
1780882681.1120472,68736,-13.7783203125,-5.851904392242432,-1.4900048971176147,2.5250496864318848,-0.14753390848636627,9.06467448658077e-06,2.5293560787649474,0.29648545384407043,0.23874960839748383,2.501103162765503,0
1780882681.12369,68736,-13.7783203125,-5.851904392242432,-1.4900048971176147,2.5250496864318848,-0.14753390848636627,9.06467448658077e-06,2.5293560787649474,0.295479416847229,0.2413644641637802,2.50091814994812,0
1780882681.1366131,68757,-13.724648475646973,-5.856240272521973,-1.4900341033935547,2.517474889755249,-0.23174147307872772,-0.002323479624465108,2.528119722135498,0.29128843545913696,0.24880371987819672,2.5001745223999023,0
1780882681.1476505,68774,-13.689725875854492,-5.860029220581055,-1.4900829792022705,2.5093183517456055,-0.3060051202774048,-0.004522876814007759,2.5279118221286807,0.28978508710861206,0.2510474622249603,2.4998786449432373,0
1780882681.158857,68780,-13.665117263793945,-5.863134860992432,-1.4901318550109863,2.506960153579712,-0.32537463307380676,-0.005113491788506508,2.527992090826749,0.28832733631134033,0.2532489001750946,2.499569892883301,0
1780882681.168662,68795,-13.630311965942383,-5.868232250213623,-1.4902245998382568,2.499840021133423,-0.3802635073661804,-0.006837019696831703,2.5286057840503955,0.28250768780708313,0.2602040469646454,2.4983532428741455,0
1780882681.1799479,68802,-13.612968444824219,-5.871064186096191,-1.4902782440185547,2.4960145950317383,-0.4075603485107422,-0.007704782299697399,2.5290815842831043,0.28051334619522095,0.2620811462402344,2.497955083847046,0
1780882681.1922662,68815,-13.595664024353027,-5.874082088470459,-1.4903368949890137,2.487910032272339,-0.4613376557826996,-0.009420699439942837,2.5303394062659588,0.28051334619522095,0.2620811462402344,2.497955083847046,0
1780882681.2026472,68829,-13.544687271118164,-5.884101390838623,-1.4905468225479126,2.479111671447754,-0.5147899389266968,-0.011139273643493652,2.5320204272765916,0.2742220461368561,0.2670418918132782,2.4966375827789307,0
1780882681.2125628,68836,-13.52750015258789,-5.887861251831055,-1.49062979221344,2.4744114875793457,-0.5416920185089111,-0.01201560441404581,2.5330390497444615,0.27213332056999207,0.26857542991638184,2.4961636066436768,0
1780882681.2238233,68846,-13.510351181030273,-5.891806602478027,-1.4907177686691284,2.4656600952148438,-0.5892205238342285,-0.013513335958123207,2.535121918387964,0.26814132928848267,0.27153265476226807,2.4952008724212646,0
1780882681.2335582,68860,-13.466757774353027,-5.902685642242432,-1.4909716844558716,2.456425666809082,-0.6363723278045654,-0.014752959832549095,2.5375607275447942,0.2649593949317932,0.2736928164958954,2.494436740875244,0
1780882681.244927,68867,-13.449726104736328,-5.907285213470459,-1.4910790920257568,2.4510207176208496,-0.6627584099769592,-0.015344533137977123,2.5390917121874574,0.26282432675361633,0.2750016152858734,2.4939332008361816,0
1780882681.2549174,68882,-13.432734489440918,-5.912070274353027,-1.4911913871765137,2.4395735263824463,-0.7159668803215027,-0.016292357817292213,2.5425170609588124,0.260644793510437,0.2762570083141327,2.493424415588379,0
1780882681.2659402,68889,-13.397772789001465,-5.922529220581055,-1.4914257526397705,2.43351674079895,-0.7427771687507629,-0.01668035052716732,2.5444056052956365,0.253357470035553,0.279768705368042,2.4918372631073,0
1780882681.2755175,68902,-13.36410140991211,-5.933388710021973,-1.4916601181030273,2.4213061332702637,-0.7942337393760681,-0.017223963513970375,2.548298900971905,0.25082123279571533,0.2808339297771454,2.491316556930542,0
1780882681.2881622,68913,-13.347343444824219,-5.93908166885376,-1.4917821884155273,2.409956455230713,-0.8392624258995056,-0.01748703420162201,2.551971263944811,0.24823097884655,0.28184542059898376,2.4907925128936768,0
1780882681.2979035,68920,-13.32152271270752,-5.948173522949219,-1.491967797279358,2.4048500061035156,-0.8587134480476379,-0.01757136732339859,2.5536250881175877,0.2456105798482895,0.28281065821647644,2.490267753601074,0
1780882681.3083136,68934,-13.288280487060547,-5.960615158081055,-1.492211937904358,2.3912065029144287,-0.908681333065033,-0.017630623653531075,2.5581010815703724,0.23560284078121185,0.28592702746391296,2.4884116649627686,0
1780882681.3179817,68934,-13.288280487060547,-5.960615158081055,-1.492211937904358,2.3912065029144287,-0.908681333065033,-0.017630623653531075,2.5581010815703724,0.23560284078121185,0.28592702746391296,2.4884116649627686,0
1780882681.328752,68955,-13.237616539001465,-5.981054782867432,-1.4925878047943115,2.3690385818481445,-0.983977198600769,-0.01735793612897396,2.5653179583821464,0.23269954323768616,0.28673502802848816,2.487891674041748,0
1780882681.3400857,68962,-13.221210479736328,-5.988056659698486,-1.49270498752594,2.3614938259124756,-1.008156657218933,-0.017194414511322975,2.5677477647167724,0.2238638997077942,0.28896889090538025,2.4863040447235107,0
1780882681.3515897,68969,-13.204882621765137,-5.995224475860596,-1.492822289466858,2.353792190551758,-1.0321799516677856,-0.01704266481101513,2.5702185862979077,0.22086241841316223,0.28963685035705566,2.485793113708496,0
1780882681.3614168,68987,-13.163945198059082,-6.013984203338623,-1.4931151866912842,2.3336398601531982,-1.0918941497802734,-0.016604524105787277,2.5765060724634443,0.21307061612606049,0.2912245988845825,2.48451828956604,0
1780882681.372521,69000,-13.131718635559082,-6.029638767242432,-1.4933397769927979,2.3169772624969482,-1.1384190320968628,-0.015951193869113922,2.5815956244450953,0.21015171706676483,0.29180142283439636,2.4840190410614014,0
1780882681.3836353,69000,-13.131718635559082,-6.029638767242432,-1.4933397769927979,2.3169772624969482,-1.1384190320968628,-0.015951193869113922,2.5815956244450953,0.20740535855293274,0.292340487241745,2.4835238456726074,0
1780882681.395024,69021,-13.083984375,-6.054208755493164,-1.49365234375,2.2910594940185547,-1.2066481113433838,-0.01463456079363823,2.5894338068602436,0.20480389893054962,0.29284533858299255,2.483034372329712,0
1780882681.4050548,69028,-13.068124771118164,-6.062744140625,-1.493749976158142,2.2821128368377686,-1.2291700839996338,-0.014211778528988361,2.592122695805187,0.19651257991790771,0.2941753566265106,2.4816176891326904,0
1780882681.4160302,69035,-13.052343368530273,-6.071435451507568,-1.4938476085662842,2.2730233669281006,-1.2515231370925903,-0.013787736184895039,2.5948286053125633,0.19363687932491302,0.29458269476890564,2.481158971786499,0
1780882681.425669,69053,-13.011523246765137,-6.09475564956665,-1.494081974029541,2.248656988143921,-1.3088940382003784,-0.012668833136558533,2.6018882283637828,0.19065672159194946,0.29497265815734863,2.4807076454162598,0
1780882681.436947,69053,-13.011523246765137,-6.09475564956665,-1.494081974029541,2.248656988143921,-1.3088940382003784,-0.012668833136558533,2.6018882283637828,0.18581591546535492,0.29556071758270264,2.4799981117248535,0
1780882681.4479742,69053,-13.011523246765137,-6.09475564956665,-1.494081974029541,2.248656988143921,-1.3088940382003784,-0.012668833136558533,2.6018882283637828,0.18581591546535492,0.29556071758270264,2.4799981117248535,0
1780882681.4589856,69053,-13.011523246765137,-6.09475564956665,-1.494081974029541,2.248656988143921,-1.3088940382003784,-0.012668833136558533,2.6018882283637828,0.18581591546535492,0.29556071758270264,2.4799981117248535,0
1780882681.469829,69053,-13.011523246765137,-6.09475564956665,-1.494081974029541,2.248656988143921,-1.3088940382003784,-0.012668833136558533,2.6018882283637828,0.18581591546535492,0.29556071758270264,2.4799981117248535,0
1780882681.4796906,69053,-13.011523246765137,-6.09475564956665,-1.494081974029541,2.248656988143921,-1.3088940382003784,-0.012668833136558533,2.6018882283637828,0.18581591546535492,0.29556071758270264,2.4799981117248535,0
1780882681.491022,69053,-13.011523246765137,-6.09475564956665,-1.494081974029541,2.248656988143921,-1.3088940382003784,-0.012668833136558533,2.6018882283637828,0.18581591546535492,0.29556071758270264,2.4799981117248535,0
1780882681.5020158,69053,-13.011523246765137,-6.09475564956665,-1.494081974029541,2.248656988143921,-1.3088940382003784,-0.012668833136558533,2.6018882283637828,0.18581591546535492,0.29556071758270264,2.4799981117248535,0
1780882681.511728,69053,-13.011523246765137,-6.09475564956665,-1.494081974029541,2.248656988143921,-1.3088940382003784,-0.012668833136558533,2.6018882283637828,0.18581591546535492,0.29556071758270264,2.4799981117248535,0
1780882681.5230815,69053,-13.011523246765137,-6.09475564956665,-1.494081974029541,2.248656988143921,-1.3088940382003784,-0.012668833136558533,2.6018882283637828,0.18581591546535492,0.29556071758270264,2.4799981117248535,0
1780882681.5345576,69053,-13.011523246765137,-6.09475564956665,-1.494081974029541,2.248656988143921,-1.3088940382003784,-0.012668833136558533,2.6018882283637828,0.18581591546535492,0.29556071758270264,2.4799981117248535,0
1780882681.5439656,69053,-13.011523246765137,-6.09475564956665,-1.494081974029541,2.248656988143921,-1.3088940382003784,-0.012668833136558533,2.6018882283637828,0.18581591546535492,0.29556071758270264,2.4799981117248535,0
1780882681.5537965,69053,-13.011523246765137,-6.09475564956665,-1.494081974029541,2.248656988143921,-1.3088940382003784,-0.012668833136558533,2.6018882283637828,0.18581591546535492,0.29556071758270264,2.4799981117248535,0
1780882681.565954,69053,-13.011523246765137,-6.09475564956665,-1.494081974029541,2.248656988143921,-1.3088940382003784,-0.012668833136558533,2.6018882283637828,0.18581591546535492,0.29556071758270264,2.4799981117248535,0
1780882681.5773697,69053,-13.011523246765137,-6.09475564956665,-1.494081974029541,2.248656988143921,-1.3088940382003784,-0.012668833136558533,2.6018882283637828,0.18581591546535492,0.29556071758270264,2.4799981117248535,0
1780882681.5870383,69053,-13.011523246765137,-6.09475564956665,-1.494081974029541,2.248656988143921,-1.3088940382003784,-0.012668833136558533,2.6018882283637828,0.18581591546535492,0.29556071758270264,2.4799981117248535,0
1780882681.5969117,69053,-13.011523246765137,-6.09475564956665,-1.494081974029541,2.248656988143921,-1.3088940382003784,-0.012668833136558533,2.6018882283637828,0.18581591546535492,0.29556071758270264,2.4799981117248535,0
1780882681.608034,69053,-13.011523246765137,-6.09475564956665,-1.494081974029541,2.248656988143921,-1.3088940382003784,-0.012668833136558533,2.6018882283637828,0.18581591546535492,0.29556071758270264,2.4799981117248535,0
1780882681.6198328,69053,-13.011523246765137,-6.09475564956665,-1.494081974029541,2.248656988143921,-1.3088940382003784,-0.012668833136558533,2.6018882283637828,0.18581591546535492,0.29556071758270264,2.4799981117248535,0
1780882681.6296756,69053,-13.011523246765137,-6.09475564956665,-1.494081974029541,2.248656988143921,-1.3088940382003784,-0.012668833136558533,2.6018882283637828,0.18581591546535492,0.29556071758270264,2.4799981117248535,0
1780882681.639443,69053,-13.011523246765137,-6.09475564956665,-1.494081974029541,2.248656988143921,-1.3088940382003784,-0.012668833136558533,2.6018882283637828,0.18581591546535492,0.29556071758270264,2.4799981117248535,0
1780882681.6509924,69053,-13.011523246765137,-6.09475564956665,-1.494081974029541,2.248656988143921,-1.3088940382003784,-0.012668833136558533,2.6018882283637828,0.18581591546535492,0.29556071758270264,2.4799981117248535,0
1780882681.662252,69053,-13.011523246765137,-6.09475564956665,-1.494081974029541,2.248656988143921,-1.3088940382003784,-0.012668833136558533,2.6018882283637828,0.18581591546535492,0.29556071758270264,2.4799981117248535,0
1780882681.671998,69053,-13.011523246765137,-6.09475564956665,-1.494081974029541,2.248656988143921,-1.3088940382003784,-0.012668833136558533,2.6018882283637828,0.18581591546535492,0.29556071758270264,2.4799981117248535,0
1780882681.6816018,69053,-13.011523246765137,-6.09475564956665,-1.494081974029541,2.248656988143921,-1.3088940382003784,-0.012668833136558533,2.6018882283637828,0.18581591546535492,0.29556071758270264,2.4799981117248535,0
1780882681.6927981,69053,-13.011523246765137,-6.09475564956665,-1.494081974029541,2.248656988143921,-1.3088940382003784,-0.012668833136558533,2.6018882283637828,0.18581591546535492,0.29556071758270264,2.4799981117248535,0
1780882681.7025323,69053,-13.011523246765137,-6.09475564956665,-1.494081974029541,2.248656988143921,-1.3088940382003784,-0.012668833136558533,2.6018882283637828,0.18581591546535492,0.29556071758270264,2.4799981117248535,0
1780882681.712951,69053,-13.011523246765137,-6.09475564956665,-1.494081974029541,2.248656988143921,-1.3088940382003784,-0.012668833136558533,2.6018882283637828,0.18581591546535492,0.29556071758270264,2.4799981117248535,0
1780882681.7274582,69053,-13.011523246765137,-6.09475564956665,-1.494081974029541,2.248656988143921,-1.3088940382003784,-0.012668833136558533,2.6018882283637828,0.18581591546535492,0.29556071758270264,2.4799981117248535,0
1780882681.748744,69053,-13.011523246765137,-6.09475564956665,-1.494081974029541,2.248656988143921,-1.3088940382003784,-0.012668833136558533,2.6018882283637828,0.18581591546535492,0.29556071758270264,2.4799981117248535,0
1780882681.76529,69053,-13.011523246765137,-6.09475564956665,-1.494081974029541,2.248656988143921,-1.3088940382003784,-0.012668833136558533,2.6018882283637828,0.18581591546535492,0.29556071758270264,2.4799981117248535,0
1780882681.7905939,69053,-13.011523246765137,-6.09475564956665,-1.494081974029541,2.248656988143921,-1.3088940382003784,-0.012668833136558533,2.6018882283637828,0.18581591546535492,0.29556071758270264,2.4799981117248535,0
1780882681.8061519,69053,-13.011523246765137,-6.09475564956665,-1.494081974029541,2.248656988143921,-1.3088940382003784,-0.012668833136558533,2.6018882283637828,0.18581591546535492,0.29556071758270264,2.4799981117248535,0
1780882681.8296936,69053,-13.011523246765137,-6.09475564956665,-1.494081974029541,2.248656988143921,-1.3088940382003784,-0.012668833136558533,2.6018882283637828,0.18581591546535492,0.29556071758270264,2.4799981117248535,0
1780882681.841251,69053,-13.011523246765137,-6.09475564956665,-1.494081974029541,2.248656988143921,-1.3088940382003784,-0.012668833136558533,2.6018882283637828,0.18581591546535492,0.29556071758270264,2.4799981117248535,0
1780882681.859375,69053,-13.011523246765137,-6.09475564956665,-1.494081974029541,2.248656988143921,-1.3088940382003784,-0.012668833136558533,2.6018882283637828,0.18581591546535492,0.29556071758270264,2.4799981117248535,0
1780882681.8774261,69053,-13.011523246765137,-6.09475564956665,-1.494081974029541,2.248656988143921,-1.3088940382003784,-0.012668833136558533,2.6018882283637828,0.18581591546535492,0.29556071758270264,2.4799981117248535,0
1780882681.890948,69053,-13.011523246765137,-6.09475564956665,-1.494081974029541,2.248656988143921,-1.3088940382003784,-0.012668833136558533,2.6018882283637828,0.18581591546535492,0.29556071758270264,2.4799981117248535,0
1780882681.9084532,69053,-13.011523246765137,-6.09475564956665,-1.494081974029541,2.248656988143921,-1.3088940382003784,-0.012668833136558533,2.6018882283637828,0.18581591546535492,0.29556071758270264,2.4799981117248535,0
1780882681.9242082,69053,-13.011523246765137,-6.09475564956665,-1.494081974029541,2.248656988143921,-1.3088940382003784,-0.012668833136558533,2.6018882283637828,0.18581591546535492,0.29556071758270264,2.4799981117248535,0
1780882681.9447312,69053,-13.011523246765137,-6.09475564956665,-1.494081974029541,2.248656988143921,-1.3088940382003784,-0.012668833136558533,2.6018882283637828,0.18581591546535492,0.29556071758270264,2.4799981117248535,0
1780882681.9587464,69053,-13.011523246765137,-6.09475564956665,-1.494081974029541,2.248656988143921,-1.3088940382003784,-0.012668833136558533,2.6018882283637828,0.18581591546535492,0.29556071758270264,2.4799981117248535,0
1780882681.9747205,69053,-13.011523246765137,-6.09475564956665,-1.494081974029541,2.248656988143921,-1.3088940382003784,-0.012668833136558533,2.6018882283637828,0.18581591546535492,0.29556071758270264,2.4799981117248535,0
1780882681.9903936,69053,-13.011523246765137,-6.09475564956665,-1.494081974029541,2.248656988143921,-1.3088940382003784,-0.012668833136558533,2.6018882283637828,0.18581591546535492,0.29556071758270264,2.4799981117248535,0
1780882682.0063283,69053,-13.011523246765137,-6.09475564956665,-1.494081974029541,2.248656988143921,-1.3088940382003784,-0.012668833136558533,2.6018882283637828,0.18581591546535492,0.29556071758270264,2.4799981117248535,0
1780882682.0219777,69053,-13.011523246765137,-6.09475564956665,-1.494081974029541,2.248656988143921,-1.3088940382003784,-0.012668833136558533,2.6018882283637828,0.18581591546535492,0.29556071758270264,2.4799981117248535,0
1780882682.0343173,69053,-13.011523246765137,-6.09475564956665,-1.494081974029541,2.248656988143921,-1.3088940382003784,-0.012668833136558533,2.6018882283637828,0.18581591546535492,0.29556071758270264,2.4799981117248535,0
1780882682.0528924,69053,-13.011523246765137,-6.09475564956665,-1.494081974029541,2.248656988143921,-1.3088940382003784,-0.012668833136558533,2.6018882283637828,0.18581591546535492,0.29556071758270264,2.4799981117248535,0
1780882682.0656025,69053,-13.011523246765137,-6.09475564956665,-1.494081974029541,2.248656988143921,-1.3088940382003784,-0.012668833136558533,2.6018882283637828,0.18581591546535492,0.29556071758270264,2.4799981117248535,0
1780882682.0831034,69053,-13.011523246765137,-6.09475564956665,-1.494081974029541,2.248656988143921,-1.3088940382003784,-0.012668833136558533,2.6018882283637828,0.18581591546535492,0.29556071758270264,2.4799981117248535,0
1780882682.106866,69053,-13.011523246765137,-6.09475564956665,-1.494081974029541,2.248656988143921,-1.3088940382003784,-0.012668833136558533,2.6018882283637828,0.18581591546535492,0.29556071758270264,2.4799981117248535,0
1780882682.122915,69053,-13.011523246765137,-6.09475564956665,-1.494081974029541,2.248656988143921,-1.3088940382003784,-0.012668833136558533,2.6018882283637828,0.18581591546535492,0.29556071758270264,2.4799981117248535,0
1780882682.1402006,69053,-13.011523246765137,-6.09475564956665,-1.494081974029541,2.248656988143921,-1.3088940382003784,-0.012668833136558533,2.6018882283637828,0.18581591546535492,0.29556071758270264,2.4799981117248535,0
1780882682.1545842,69053,-13.011523246765137,-6.09475564956665,-1.494081974029541,2.248656988143921,-1.3088940382003784,-0.012668833136558533,2.6018882283637828,0.18581591546535492,0.29556071758270264,2.4799981117248535,0
1780882682.1697435,69053,-13.011523246765137,-6.09475564956665,-1.494081974029541,2.248656988143921,-1.3088940382003784,-0.012668833136558533,2.6018882283637828,0.18581591546535492,0.29556071758270264,2.4799981117248535,0
1780882682.1858268,69053,-13.011523246765137,-6.09475564956665,-1.494081974029541,2.248656988143921,-1.3088940382003784,-0.012668833136558533,2.6018882283637828,0.18581591546535492,0.29556071758270264,2.4799981117248535,0
1780882682.2021217,69053,-13.011523246765137,-6.09475564956665,-1.494081974029541,2.248656988143921,-1.3088940382003784,-0.012668833136558533,2.6018882283637828,0.18581591546535492,0.29556071758270264,2.4799981117248535,0
1780882682.2167377,69053,-13.011523246765137,-6.09475564956665,-1.494081974029541,2.248656988143921,-1.3088940382003784,-0.012668833136558533,2.6018882283637828,0.18581591546535492,0.29556071758270264,2.4799981117248535,0
1780882682.2322211,69053,-13.011523246765137,-6.09475564956665,-1.494081974029541,2.248656988143921,-1.3088940382003784,-0.012668833136558533,2.6018882283637828,0.18581591546535492,0.29556071758270264,2.4799981117248535,0
1780882682.2566974,69053,-13.011523246765137,-6.09475564956665,-1.494081974029541,2.248656988143921,-1.3088940382003784,-0.012668833136558533,2.6018882283637828,0.18581591546535492,0.29556071758270264,2.4799981117248535,0
1780882682.2748199,69053,-13.011523246765137,-6.09475564956665,-1.494081974029541,2.248656988143921,-1.3088940382003784,-0.012668833136558533,2.6018882283637828,0.18581591546535492,0.29556071758270264,2.4799981117248535,0
1780882682.2913415,69053,-13.011523246765137,-6.09475564956665,-1.494081974029541,2.248656988143921,-1.3088940382003784,-0.012668833136558533,2.6018882283637828,0.18581591546535492,0.29556071758270264,2.4799981117248535,0
1780882682.3034735,69053,-13.011523246765137,-6.09475564956665,-1.494081974029541,2.248656988143921,-1.3088940382003784,-0.012668833136558533,2.6018882283637828,0.18581591546535492,0.29556071758270264,2.4799981117248535,0
1780882682.3158069,69053,-13.011523246765137,-6.09475564956665,-1.494081974029541,2.248656988143921,-1.3088940382003784,-0.012668833136558533,2.6018882283637828,0.18581591546535492,0.29556071758270264,2.4799981117248535,0
1780882682.3398526,69053,-13.011523246765137,-6.09475564956665,-1.494081974029541,2.248656988143921,-1.3088940382003784,-0.012668833136558533,2.6018882283637828,0.18581591546535492,0.29556071758270264,2.4799981117248535,0
1780882682.3556228,69053,-13.011523246765137,-6.09475564956665,-1.494081974029541,2.248656988143921,-1.3088940382003784,-0.012668833136558533,2.6018882283637828,0.18581591546535492,0.29556071758270264,2.4799981117248535,0
1780882682.3815398,69053,-13.011523246765137,-6.09475564956665,-1.494081974029541,2.248656988143921,-1.3088940382003784,-0.012668833136558533,2.6018882283637828,0.18581591546535492,0.29556071758270264,2.4799981117248535,0
1780882682.3998368,69053,-13.011523246765137,-6.09475564956665,-1.494081974029541,2.248656988143921,-1.3088940382003784,-0.012668833136558533,2.6018882283637828,0.18581591546535492,0.29556071758270264,2.4799981117248535,0
1780882682.4115481,69053,-13.011523246765137,-6.09475564956665,-1.494081974029541,2.248656988143921,-1.3088940382003784,-0.012668833136558533,2.6018882283637828,0.18581591546535492,0.29556071758270264,2.4799981117248535,0
1780882682.424921,69053,-13.011523246765137,-6.09475564956665,-1.494081974029541,2.248656988143921,-1.3088940382003784,-0.012668833136558533,2.6018882283637828,0.18581591546535492,0.29556071758270264,2.4799981117248535,0
1780882682.4480622,69053,-13.011523246765137,-6.09475564956665,-1.494081974029541,2.248656988143921,-1.3088940382003784,-0.012668833136558533,2.6018882283637828,0.18581591546535492,0.29556071758270264,2.4799981117248535,0
1780882682.4666328,69053,-13.011523246765137,-6.09475564956665,-1.494081974029541,2.248656988143921,-1.3088940382003784,-0.012668833136558533,2.6018882283637828,0.18581591546535492,0.29556071758270264,2.4799981117248535,0
1780882682.4829834,69053,-13.011523246765137,-6.09475564956665,-1.494081974029541,2.248656988143921,-1.3088940382003784,-0.012668833136558533,2.6018882283637828,0.18581591546535492,0.29556071758270264,2.4799981117248535,0
1780882682.498943,69053,-13.011523246765137,-6.09475564956665,-1.494081974029541,2.248656988143921,-1.3088940382003784,-0.012668833136558533,2.6018882283637828,0.18581591546535492,0.29556071758270264,2.4799981117248535,0
1780882682.5239813,69053,-13.011523246765137,-6.09475564956665,-1.494081974029541,2.248656988143921,-1.3088940382003784,-0.012668833136558533,2.6018882283637828,0.18581591546535492,0.29556071758270264,2.4799981117248535,0
1780882682.5405781,69053,-13.011523246765137,-6.09475564956665,-1.494081974029541,2.248656988143921,-1.3088940382003784,-0.012668833136558533,2.6018882283637828,0.18581591546535492,0.29556071758270264,2.4799981117248535,0
1780882682.5652323,69053,-13.011523246765137,-6.09475564956665,-1.494081974029541,2.248656988143921,-1.3088940382003784,-0.012668833136558533,2.6018882283637828,0.18581591546535492,0.29556071758270264,2.4799981117248535,0
1780882682.5815814,69053,-13.011523246765137,-6.09475564956665,-1.494081974029541,2.248656988143921,-1.3088940382003784,-0.012668833136558533,2.6018882283637828,0.18581591546535492,0.29556071758270264,2.4799981117248535,0
1780882682.597155,69053,-13.011523246765137,-6.09475564956665,-1.494081974029541,2.248656988143921,-1.3088940382003784,-0.012668833136558533,2.6018882283637828,0.18581591546535492,0.29556071758270264,2.4799981117248535,0
1780882682.613258,69053,-13.011523246765137,-6.09475564956665,-1.494081974029541,2.248656988143921,-1.3088940382003784,-0.012668833136558533,2.6018882283637828,0.18581591546535492,0.29556071758270264,2.4799981117248535,0
1780882682.6294322,69053,-13.011523246765137,-6.09475564956665,-1.494081974029541,2.248656988143921,-1.3088940382003784,-0.012668833136558533,2.6018882283637828,0.18581591546535492,0.29556071758270264,2.4799981117248535,0
1780882682.6454415,69053,-13.011523246765137,-6.09475564956665,-1.494081974029541,2.248656988143921,-1.3088940382003784,-0.012668833136558533,2.6018882283637828,0.18581591546535492,0.29556071758270264,2.4799981117248535,0
1780882682.6610975,69053,-13.011523246765137,-6.09475564956665,-1.494081974029541,2.248656988143921,-1.3088940382003784,-0.012668833136558533,2.6018882283637828,0.18581591546535492,0.29556071758270264,2.4799981117248535,0
1780882682.6826181,69053,-13.011523246765137,-6.09475564956665,-1.494081974029541,2.248656988143921,-1.3088940382003784,-0.012668833136558533,2.6018882283637828,0.18581591546535492,0.29556071758270264,2.4799981117248535,0
