sim_time_ns,est_x,est_y,est_z,drone_x,drone_y,drone_z,matched_gate_id,mav_x,mav_y,mav_z,error_x,error_y,error_z,error_mag
1780771790703357800,-26.1018381361513,-0.5377217056372801,0.8294037438362557,-0.00046874998952262104,6.83593752910383e-05,0.020546874031424522,0,-23.2979679107666,-0.39990234375,-1.3280420079827309,-2.803870225384699,-0.13781936188728006,2.1574457518189867,3.540516147308419
1780771790703357800,-26.1018381361513,-0.5377217056372801,0.8294037438362557,-0.00046874998952262104,6.83593752910383e-05,0.020546874031424522,0,-23.2979679107666,-0.39990234375,-1.3280420079827309,-2.803870225384699,-0.13781936188728006,2.1574457518189867,3.540516147308419
1780771790703357800,-26.1018381361513,-0.5377217056372801,0.8294037438362557,-0.00046874998952262104,6.83593752910383e-05,0.020546874031424522,0,-23.2979679107666,-0.39990234375,-1.3280420079827309,-2.803870225384699,-0.13781936188728006,2.1574457518189867,3.540516147308419
1780771790703357800,-26.1018381361513,-0.5377217056372801,0.8294037438362557,-0.00046874998952262104,6.83593752910383e-05,0.020546874031424522,0,-23.2979679107666,-0.39990234375,-1.3280420079827309,-2.803870225384699,-0.13781936188728006,2.1574457518189867,3.540516147308419
1780771790703357800,-26.1018381361513,-0.5377217056372801,0.8294037438362557,-0.00046874998952262104,6.83593752910383e-05,0.020546874031424522,0,-23.2979679107666,-0.39990234375,-1.3280420079827309,-2.803870225384699,-0.13781936188728006,2.1574457518189867,3.540516147308419
1780771790703357800,-26.1018381361513,-0.5377217056372801,0.8294037438362557,-0.00046874998952262104,6.83593752910383e-05,0.020546874031424522,0,-23.2979679107666,-0.39990234375,-1.3280420079827309,-2.803870225384699,-0.13781936188728006,2.1574457518189867,3.540516147308419
1780771790703357800,-26.1018381361513,-0.5377217056372801,0.8294037438362557,-0.00046874998952262104,6.83593752910383e-05,0.020546874031424522,0,-23.2979679107666,-0.39990234375,-1.3280420079827309,-2.803870225384699,-0.13781936188728006,2.1574457518189867,3.540516147308419
1780771790703357800,-26.1018381361513,-0.5377217056372801,0.8294037438362557,-0.00046874998952262104,6.83593752910383e-05,0.020546874031424522,0,-23.2979679107666,-0.39990234375,-1.3280420079827309,-2.803870225384699,-0.13781936188728006,2.1574457518189867,3.540516147308419
1780771790703357800,-26.1018381361513,-0.5377217056372801,0.8294037438362557,-0.00046874998952262104,6.83593752910383e-05,0.020546874031424522,0,-23.2979679107666,-0.39990234375,-1.3280420079827309,-2.803870225384699,-0.13781936188728006,2.1574457518189867,3.540516147308419
1780771790703357800,-26.1018381361513,-0.5377217056372801,0.8294037438362557,-0.00046874998952262104,6.83593752910383e-05,0.020546874031424522,0,-23.2979679107666,-0.39990234375,-1.3280420079827309,-2.803870225384699,-0.13781936188728006,2.1574457518189867,3.540516147308419
1780771790703357800,-26.1018381361513,-0.5377217056372801,0.8294037438362557,-0.00046874998952262104,6.83593752910383e-05,0.020546874031424522,0,-23.2979679107666,-0.39990234375,-1.3280420079827309,-2.803870225384699,-0.13781936188728006,2.1574457518189867,3.540516147308419
1780771790703357800,-26.1018381361513,-0.5377217056372801,0.8294037438362557,-0.00046874998952262104,6.83593752910383e-05,0.020546874031424522,0,-23.2979679107666,-0.39990234375,-1.3280420079827309,-2.803870225384699,-0.13781936188728006,2.1574457518189867,3.540516147308419
1780771790703357800,-26.1018381361513,-0.5377217056372801,0.8294037438362557,-0.00046874998952262104,6.83593752910383e-05,0.020546874031424522,0,-23.2979679107666,-0.39990234375,-1.3280420079827309,-2.803870225384699,-0.13781936188728006,2.1574457518189867,3.540516147308419
1780771790703357800,-26.1018381361513,-0.5377217056372801,0.8294037438362557,-0.00046874998952262104,6.83593752910383e-05,0.020546874031424522,0,-23.2979679107666,-0.39990234375,-1.3280420079827309,-2.803870225384699,-0.13781936188728006,2.1574457518189867,3.540516147308419
1780771790703357800,-26.1018381361513,-0.5377217056372801,0.8294037438362557,-0.00046874998952262104,6.83593752910383e-05,0.020546874031424522,0,-23.2979679107666,-0.39990234375,-1.3280420079827309,-2.803870225384699,-0.13781936188728006,2.1574457518189867,3.540516147308419
1780771790703357800,-26.1018381361513,-0.5377217056372801,0.8294037438362557,-0.00046874998952262104,6.83593752910383e-05,0.020546874031424522,0,-23.2979679107666,-0.39990234375,-1.3280420079827309,-2.803870225384699,-0.13781936188728006,2.1574457518189867,3.540516147308419
1780771790703357800,-26.1018381361513,-0.5377217056372801,0.8294037438362557,-0.00046874998952262104,6.83593752910383e-05,0.020546874031424522,0,-23.2979679107666,-0.39990234375,-1.3280420079827309,-2.803870225384699,-0.13781936188728006,2.1574457518189867,3.540516147308419
1780771790703357800,-26.1018381361513,-0.5377217056372801,0.8294037438362557,-0.00046874998952262104,6.83593752910383e-05,0.020546874031424522,0,-23.2979679107666,-0.39990234375,-1.3280420079827309,-2.803870225384699,-0.13781936188728006,2.1574457518189867,3.540516147308419
1780771790703357800,-26.1018381361513,-0.5377217056372801,0.8294037438362557,-0.00046874998952262104,6.83593752910383e-05,0.020546874031424522,0,-23.2979679107666,-0.39990234375,-1.3280420079827309,-2.803870225384699,-0.13781936188728006,2.1574457518189867,3.540516147308419
1780771790703357800,-26.1018381361513,-0.5377217056372801,0.8294037438362557,-0.00046874998952262104,6.83593752910383e-05,0.020546874031424522,0,-23.2979679107666,-0.39990234375,-1.3280420079827309,-2.803870225384699,-0.13781936188728006,2.1574457518189867,3.540516147308419
1780771790736126500,-24.044305349999973,-0.41791170741736056,0.891785469362569,-0.00046874998952262104,6.83593752910383e-05,0.020546874031424522,0,-23.2979679107666,-0.39990234375,-1.3280420079827309,-0.7463374392333719,-0.018009363667360556,2.2198274773452997,2.342002975992628
1780771790736126500,-24.044305349999973,-0.41791170741736056,0.891785469362569,-0.00046874998952262104,6.83593752910383e-05,0.020546874031424522,0,-23.2979679107666,-0.39990234375,-1.3280420079827309,-0.7463374392333719,-0.018009363667360556,2.2198274773452997,2.342002975992628
1780771790736126500,-24.044305349999973,-0.41791170741736056,0.891785469362569,-0.00046874998952262104,6.83593752910383e-05,0.020546874031424522,0,-23.2979679107666,-0.39990234375,-1.3280420079827309,-0.7463374392333719,-0.018009363667360556,2.2198274773452997,2.342002975992628
1780771790736126500,-24.044305349999973,-0.41791170741736056,0.891785469362569,-0.00046874998952262104,6.83593752910383e-05,0.020546874031424522,0,-23.2979679107666,-0.39990234375,-1.3280420079827309,-0.7463374392333719,-0.018009363667360556,2.2198274773452997,2.342002975992628
1780771790736126500,-24.044305349999973,-0.41791170741736056,0.891785469362569,-0.00046874998952262104,6.83593752910383e-05,0.020546874031424522,0,-23.2979679107666,-0.39990234375,-1.3280420079827309,-0.7463374392333719,-0.018009363667360556,2.2198274773452997,2.342002975992628
1780771790736126500,-24.044305349999973,-0.41791170741736056,0.891785469362569,-0.00046874998952262104,6.83593752910383e-05,0.020546874031424522,0,-23.2979679107666,-0.39990234375,-1.3280420079827309,-0.7463374392333719,-0.018009363667360556,2.2198274773452997,2.342002975992628
1780771790736126500,-24.044305349999973,-0.41791170741736056,0.891785469362569,-0.00046874998952262104,6.83593752910383e-05,0.020546874031424522,0,-23.2979679107666,-0.39990234375,-1.3280420079827309,-0.7463374392333719,-0.018009363667360556,2.2198274773452997,2.342002975992628
1780771790736126500,-24.044305349999973,-0.41791170741736056,0.891785469362569,-0.00046874998952262104,6.83593752910383e-05,0.020546874031424522,0,-23.2979679107666,-0.39990234375,-1.3280420079827309,-0.7463374392333719,-0.018009363667360556,2.2198274773452997,2.342002975992628
1780771790736126500,-24.044305349999973,-0.41791170741736056,0.891785469362569,-0.00046874998952262104,6.83593752910383e-05,0.020546874031424522,0,-23.2979679107666,-0.39990234375,-1.3280420079827309,-0.7463374392333719,-0.018009363667360556,2.2198274773452997,2.342002975992628
1780771790736126500,-24.044305349999973,-0.41791170741736056,0.891785469362569,-0.00046874998952262104,6.83593752910383e-05,0.020546874031424522,0,-23.2979679107666,-0.39990234375,-1.3280420079827309,-0.7463374392333719,-0.018009363667360556,2.2198274773452997,2.342002975992628
1780771790736126500,-24.044305349999973,-0.41791170741736056,0.891785469362569,-0.00046874998952262104,6.83593752910383e-05,0.020546874031424522,0,-23.2979679107666,-0.39990234375,-1.3280420079827309,-0.7463374392333719,-0.018009363667360556,2.2198274773452997,2.342002975992628
1780771790736126500,-24.044305349999973,-0.41791170741736056,0.891785469362569,-0.00046874998952262104,6.83593752910383e-05,0.020546874031424522,0,-23.2979679107666,-0.39990234375,-1.3280420079827309,-0.7463374392333719,-0.018009363667360556,2.2198274773452997,2.342002975992628
1780771790736126500,-24.044305349999973,-0.41791170741736056,0.891785469362569,-0.00046874998952262104,6.83593752910383e-05,0.020546874031424522,0,-23.2979679107666,-0.39990234375,-1.3280420079827309,-0.7463374392333719,-0.018009363667360556,2.2198274773452997,2.342002975992628
1780771790736126500,-24.044305349999973,-0.41791170741736056,0.891785469362569,-0.00046874998952262104,6.83593752910383e-05,0.020546874031424522,0,-23.2979679107666,-0.39990234375,-1.3280420079827309,-0.7463374392333719,-0.018009363667360556,2.2198274773452997,2.342002975992628
1780771790736126500,-24.044305349999973,-0.41791170741736056,0.891785469362569,-0.00046874998952262104,6.83593752910383e-05,0.020546874031424522,0,-23.2979679107666,-0.39990234375,-1.3280420079827309,-0.7463374392333719,-0.018009363667360556,2.2198274773452997,2.342002975992628
1780771790736126500,-24.044305349999973,-0.41791170741736056,0.891785469362569,-0.00046874998952262104,6.83593752910383e-05,0.020546874031424522,0,-23.2979679107666,-0.39990234375,-1.3280420079827309,-0.7463374392333719,-0.018009363667360556,2.2198274773452997,2.342002975992628
1780771790736126500,-24.044305349999973,-0.41791170741736056,0.891785469362569,-0.00046874998952262104,6.83593752910383e-05,0.020546874031424522,0,-23.2979679107666,-0.39990234375,-1.3280420079827309,-0.7463374392333719,-0.018009363667360556,2.2198274773452997,2.342002975992628
1780771790736126500,-24.044305349999973,-0.41791170741736056,0.891785469362569,-0.00046874998952262104,6.83593752910383e-05,0.020546874031424522,0,-23.2979679107666,-0.39990234375,-1.3280420079827309,-0.7463374392333719,-0.018009363667360556,2.2198274773452997,2.342002975992628
1780771790736126500,-24.044305349999973,-0.41791170741736056,0.891785469362569,-0.00046874998952262104,6.83593752910383e-05,0.020546874031424522,0,-23.2979679107666,-0.39990234375,-1.3280420079827309,-0.7463374392333719,-0.018009363667360556,2.2198274773452997,2.342002975992628
1780771790736126500,-24.044305349999973,-0.41791170741736056,0.891785469362569,-0.00046874998952262104,6.83593752910383e-05,0.020546874031424522,0,-23.2979679107666,-0.39990234375,-1.3280420079827309,-0.7463374392333719,-0.018009363667360556,2.2198274773452997,2.342002975992628
1780771790769720600,-24.497272462369203,-0.406310868910567,0.9285985533022524,-0.00046874998952262104,6.83593752910383e-05,0.020546874031424522,0,-23.2979679107666,-0.39990234375,-1.3280420079827309,-1.1993045516026015,-0.006408525160567002,2.2566405612849834,2.5555428189576586
1780771790769720600,-24.497272462369203,-0.406310868910567,0.9285985533022524,-0.00046874998952262104,6.83593752910383e-05,0.020546874031424522,0,-23.2979679107666,-0.39990234375,-1.3280420079827309,-1.1993045516026015,-0.006408525160567002,2.2566405612849834,2.5555428189576586
1780771790769720600,-24.497272462369203,-0.406310868910567,0.9285985533022524,-0.00046874998952262104,6.83593752910383e-05,0.020546874031424522,0,-23.2979679107666,-0.39990234375,-1.3280420079827309,-1.1993045516026015,-0.006408525160567002,2.2566405612849834,2.5555428189576586
1780771790769720600,-24.497272462369203,-0.406310868910567,0.9285985533022524,-0.00046874998952262104,6.83593752910383e-05,0.020546874031424522,0,-23.2979679107666,-0.39990234375,-1.3280420079827309,-1.1993045516026015,-0.006408525160567002,2.2566405612849834,2.5555428189576586
1780771790769720600,-24.497272462369203,-0.406310868910567,0.9285985533022524,-0.00046874998952262104,6.83593752910383e-05,0.020546874031424522,0,-23.2979679107666,-0.39990234375,-1.3280420079827309,-1.1993045516026015,-0.006408525160567002,2.2566405612849834,2.5555428189576586
1780771790769720600,-24.497272462369203,-0.406310868910567,0.9285985533022524,-0.00046874998952262104,6.83593752910383e-05,0.020546874031424522,0,-23.2979679107666,-0.39990234375,-1.3280420079827309,-1.1993045516026015,-0.006408525160567002,2.2566405612849834,2.5555428189576586
1780771790769720600,-24.497272462369203,-0.406310868910567,0.9285985533022524,-0.00046874998952262104,6.83593752910383e-05,0.020546874031424522,0,-23.2979679107666,-0.39990234375,-1.3280420079827309,-1.1993045516026015,-0.006408525160567002,2.2566405612849834,2.5555428189576586
1780771790769720600,-24.497272462369203,-0.406310868910567,0.9285985533022524,-0.00046874998952262104,6.83593752910383e-05,0.020546874031424522,0,-23.2979679107666,-0.39990234375,-1.3280420079827309,-1.1993045516026015,-0.006408525160567002,2.2566405612849834,2.5555428189576586
1780771790769720600,-24.497272462369203,-0.406310868910567,0.9285985533022524,-0.00046874998952262104,6.83593752910383e-05,0.020546874031424522,0,-23.2979679107666,-0.39990234375,-1.3280420079827309,-1.1993045516026015,-0.006408525160567002,2.2566405612849834,2.5555428189576586
1780771790769720600,-24.497272462369203,-0.406310868910567,0.9285985533022524,-0.00046874998952262104,6.83593752910383e-05,0.020546874031424522,0,-23.2979679107666,-0.39990234375,-1.3280420079827309,-1.1993045516026015,-0.006408525160567002,2.2566405612849834,2.5555428189576586
1780771790769720600,-24.497272462369203,-0.406310868910567,0.9285985533022524,-0.00046874998952262104,6.83593752910383e-05,0.020546874031424522,0,-23.2979679107666,-0.39990234375,-1.3280420079827309,-1.1993045516026015,-0.006408525160567002,2.2566405612849834,2.5555428189576586
1780771790769720600,-24.497272462369203,-0.406310868910567,0.9285985533022524,-0.00046874998952262104,6.83593752910383e-05,0.020546874031424522,0,-23.2979679107666,-0.39990234375,-1.3280420079827309,-1.1993045516026015,-0.006408525160567002,2.2566405612849834,2.5555428189576586
1780771790769720600,-24.497272462369203,-0.406310868910567,0.9285985533022524,-0.00046874998952262104,6.83593752910383e-05,0.020546874031424522,0,-23.2979679107666,-0.39990234375,-1.3280420079827309,-1.1993045516026015,-0.006408525160567002,2.2566405612849834,2.5555428189576586
1780771790769720600,-24.497272462369203,-0.406310868910567,0.9285985533022524,-0.00046874998952262104,6.83593752910383e-05,0.020546874031424522,0,-23.2979679107666,-0.39990234375,-1.3280420079827309,-1.1993045516026015,-0.006408525160567002,2.2566405612849834,2.5555428189576586
1780771790769720600,-24.497272462369203,-0.406310868910567,0.9285985533022524,-0.00046874998952262104,6.83593752910383e-05,0.020546874031424522,0,-23.2979679107666,-0.39990234375,-1.3280420079827309,-1.1993045516026015,-0.006408525160567002,2.2566405612849834,2.5555428189576586
1780771790769720600,-24.497272462369203,-0.406310868910567,0.9285985533022524,-0.00046874998952262104,6.83593752910383e-05,0.020546874031424522,0,-23.2979679107666,-0.39990234375,-1.3280420079827309,-1.1993045516026015,-0.006408525160567002,2.2566405612849834,2.5555428189576586
1780771790769720600,-24.497272462369203,-0.406310868910567,0.9285985533022524,-0.00046874998952262104,6.83593752910383e-05,0.020546874031424522,0,-23.2979679107666,-0.39990234375,-1.3280420079827309,-1.1993045516026015,-0.006408525160567002,2.2566405612849834,2.5555428189576586
1780771790769720600,-24.497272462369203,-0.406310868910567,0.9285985533022524,-0.00046874998952262104,6.83593752910383e-05,0.020546874031424522,0,-23.2979679107666,-0.39990234375,-1.3280420079827309,-1.1993045516026015,-0.006408525160567002,2.2566405612849834,2.5555428189576586
1780771790769720600,-24.497272462369203,-0.406310868910567,0.9285985533022524,-0.00046874998952262104,6.83593752910383e-05,0.020546874031424522,0,-23.2979679107666,-0.39990234375,-1.3280420079827309,-1.1993045516026015,-0.006408525160567002,2.2566405612849834,2.5555428189576586
1780771790769720600,-24.497272462369203,-0.406310868910567,0.9285985533022524,-0.00046874998952262104,6.83593752910383e-05,0.020546874031424522,0,-23.2979679107666,-0.39990234375,-1.3280420079827309,-1.1993045516026015,-0.006408525160567002,2.2566405612849834,2.5555428189576586
1780771790803013900,-24.15449532490402,-0.41920891214340467,0.952618779013281,-0.00046874998952262104,6.83593752910383e-05,0.020546874031424522,0,-23.2979679107666,-0.39990234375,-1.3280420079827309,-0.8565274141374175,-0.019306568393404666,2.2806607869960116,2.43627288703325
1780771790803013900,-24.15449532490402,-0.41920891214340467,0.952618779013281,-0.00046874998952262104,6.83593752910383e-05,0.020546874031424522,0,-23.2979679107666,-0.39990234375,-1.3280420079827309,-0.8565274141374175,-0.019306568393404666,2.2806607869960116,2.43627288703325
1780771790803013900,-24.15449532490402,-0.41920891214340467,0.952618779013281,-0.00046874998952262104,6.83593752910383e-05,0.020546874031424522,0,-23.2979679107666,-0.39990234375,-1.3280420079827309,-0.8565274141374175,-0.019306568393404666,2.2806607869960116,2.43627288703325
1780771790803013900,-24.15449532490402,-0.41920891214340467,0.952618779013281,-0.00046874998952262104,6.83593752910383e-05,0.020546874031424522,0,-23.2979679107666,-0.39990234375,-1.3280420079827309,-0.8565274141374175,-0.019306568393404666,2.2806607869960116,2.43627288703325
1780771790803013900,-24.15449532490402,-0.41920891214340467,0.952618779013281,-0.00046874998952262104,6.83593752910383e-05,0.020546874031424522,0,-23.2979679107666,-0.39990234375,-1.3280420079827309,-0.8565274141374175,-0.019306568393404666,2.2806607869960116,2.43627288703325
1780771790803013900,-24.15449532490402,-0.41920891214340467,0.952618779013281,-0.00046874998952262104,6.83593752910383e-05,0.020546874031424522,0,-23.2979679107666,-0.39990234375,-1.3280420079827309,-0.8565274141374175,-0.019306568393404666,2.2806607869960116,2.43627288703325
1780771790803013900,-24.15449532490402,-0.41920891214340467,0.952618779013281,-0.00046874998952262104,6.83593752910383e-05,0.020546874031424522,0,-23.2979679107666,-0.39990234375,-1.3280420079827309,-0.8565274141374175,-0.019306568393404666,2.2806607869960116,2.43627288703325
1780771790803013900,-24.15449532490402,-0.41920891214340467,0.952618779013281,-0.00046874998952262104,6.83593752910383e-05,0.020546874031424522,0,-23.2979679107666,-0.39990234375,-1.3280420079827309,-0.8565274141374175,-0.019306568393404666,2.2806607869960116,2.43627288703325
1780771790803013900,-24.15449532490402,-0.41920891214340467,0.952618779013281,-0.00046874998952262104,6.83593752910383e-05,0.020546874031424522,0,-23.2979679107666,-0.39990234375,-1.3280420079827309,-0.8565274141374175,-0.019306568393404666,2.2806607869960116,2.43627288703325
1780771790803013900,-24.15449532490402,-0.41920891214340467,0.952618779013281,-0.00046874998952262104,6.83593752910383e-05,0.020546874031424522,0,-23.2979679107666,-0.39990234375,-1.3280420079827309,-0.8565274141374175,-0.019306568393404666,2.2806607869960116,2.43627288703325
1780771790803013900,-24.15449532490402,-0.41920891214340467,0.952618779013281,-0.00046874998952262104,6.83593752910383e-05,0.020546874031424522,0,-23.2979679107666,-0.39990234375,-1.3280420079827309,-0.8565274141374175,-0.019306568393404666,2.2806607869960116,2.43627288703325
1780771790803013900,-24.15449532490402,-0.41920891214340467,0.952618779013281,-0.00046874998952262104,6.83593752910383e-05,0.020546874031424522,0,-23.2979679107666,-0.39990234375,-1.3280420079827309,-0.8565274141374175,-0.019306568393404666,2.2806607869960116,2.43627288703325
1780771790803013900,-24.15449532490402,-0.41920891214340467,0.952618779013281,-0.00046874998952262104,6.83593752910383e-05,0.020546874031424522,0,-23.2979679107666,-0.39990234375,-1.3280420079827309,-0.8565274141374175,-0.019306568393404666,2.2806607869960116,2.43627288703325
1780771790803013900,-24.15449532490402,-0.41920891214340467,0.952618779013281,-0.00046874998952262104,6.83593752910383e-05,0.020546874031424522,0,-23.2979679107666,-0.39990234375,-1.3280420079827309,-0.8565274141374175,-0.019306568393404666,2.2806607869960116,2.43627288703325
1780771790803013900,-24.15449532490402,-0.41920891214340467,0.952618779013281,-0.00046874998952262104,6.83593752910383e-05,0.020546874031424522,0,-23.2979679107666,-0.39990234375,-1.3280420079827309,-0.8565274141374175,-0.019306568393404666,2.2806607869960116,2.43627288703325
1780771790803013900,-24.15449532490402,-0.41920891214340467,0.952618779013281,-0.00046874998952262104,6.83593752910383e-05,0.020546874031424522,0,-23.2979679107666,-0.39990234375,-1.3280420079827309,-0.8565274141374175,-0.019306568393404666,2.2806607869960116,2.43627288703325
1780771790803013900,-24.15449532490402,-0.41920891214340467,0.952618779013281,-0.00046874998952262104,6.83593752910383e-05,0.020546874031424522,0,-23.2979679107666,-0.39990234375,-1.3280420079827309,-0.8565274141374175,-0.019306568393404666,2.2806607869960116,2.43627288703325
1780771790803013900,-24.15449532490402,-0.41920891214340467,0.952618779013281,-0.00046874998952262104,6.83593752910383e-05,0.020546874031424522,0,-23.2979679107666,-0.39990234375,-1.3280420079827309,-0.8565274141374175,-0.019306568393404666,2.2806607869960116,2.43627288703325
1780771790803013900,-24.15449532490402,-0.41920891214340467,0.952618779013281,-0.00046874998952262104,6.83593752910383e-05,0.020546874031424522,0,-23.2979679107666,-0.39990234375,-1.3280420079827309,-0.8565274141374175,-0.019306568393404666,2.2806607869960116,2.43627288703325
1780771790803013900,-24.15449532490402,-0.41920891214340467,0.952618779013281,-0.00046874998952262104,6.83593752910383e-05,0.020546874031424522,0,-23.2979679107666,-0.39990234375,-1.3280420079827309,-0.8565274141374175,-0.019306568393404666,2.2806607869960116,2.43627288703325
1780771790836748600,-23.759533509683735,-0.3936218453596113,0.9362163948362465,-0.00046874998952262104,6.83593752910383e-05,0.020546874031424522,0,-23.2979679107666,-0.39990234375,-1.3280420079827309,-0.461565598917133,0.006280498390388689,2.264258402818977,2.310832828549073
1780771790836748600,-23.759533509683735,-0.3936218453596113,0.9362163948362465,-0.00046874998952262104,6.83593752910383e-05,0.020546874031424522,0,-23.2979679107666,-0.39990234375,-1.3280420079827309,-0.461565598917133,0.006280498390388689,2.264258402818977,2.310832828549073
1780771790836748600,-23.759533509683735,-0.3936218453596113,0.9362163948362465,-0.00046874998952262104,6.83593752910383e-05,0.020546874031424522,0,-23.2979679107666,-0.39990234375,-1.3280420079827309,-0.461565598917133,0.006280498390388689,2.264258402818977,2.310832828549073
1780771790836748600,-23.759533509683735,-0.3936218453596113,0.9362163948362465,-0.00046874998952262104,6.83593752910383e-05,0.020546874031424522,0,-23.2979679107666,-0.39990234375,-1.3280420079827309,-0.461565598917133,0.006280498390388689,2.264258402818977,2.310832828549073
1780771790836748600,-23.759533509683735,-0.3936218453596113,0.9362163948362465,-0.00046874998952262104,6.83593752910383e-05,0.020546874031424522,0,-23.2979679107666,-0.39990234375,-1.3280420079827309,-0.461565598917133,0.006280498390388689,2.264258402818977,2.310832828549073
1780771790836748600,-23.759533509683735,-0.3936218453596113,0.9362163948362465,-0.00046874998952262104,6.83593752910383e-05,0.020546874031424522,0,-23.2979679107666,-0.39990234375,-1.3280420079827309,-0.461565598917133,0.006280498390388689,2.264258402818977,2.310832828549073
1780771790836748600,-23.759533509683735,-0.3936218453596113,0.9362163948362465,-0.00046874998952262104,6.83593752910383e-05,0.020546874031424522,0,-23.2979679107666,-0.39990234375,-1.3280420079827309,-0.461565598917133,0.006280498390388689,2.264258402818977,2.310832828549073
1780771790836748600,-23.759533509683735,-0.3936218453596113,0.9362163948362465,-0.00046874998952262104,6.83593752910383e-05,0.020546874031424522,0,-23.2979679107666,-0.39990234375,-1.3280420079827309,-0.461565598917133,0.006280498390388689,2.264258402818977,2.310832828549073
1780771790836748600,-23.759533509683735,-0.3936218453596113,0.9362163948362465,-0.00046874998952262104,6.83593752910383e-05,0.020546874031424522,0,-23.2979679107666,-0.39990234375,-1.3280420079827309,-0.461565598917133,0.006280498390388689,2.264258402818977,2.310832828549073
1780771790836748600,-23.759533509683735,-0.3936218453596113,0.9362163948362465,-0.00046874998952262104,6.83593752910383e-05,0.020546874031424522,0,-23.2979679107666,-0.39990234375,-1.3280420079827309,-0.461565598917133,0.006280498390388689,2.264258402818977,2.310832828549073
1780771790836748600,-23.759533509683735,-0.3936218453596113,0.9362163948362465,-0.00046874998952262104,6.83593752910383e-05,0.020546874031424522,0,-23.2979679107666,-0.39990234375,-1.3280420079827309,-0.461565598917133,0.006280498390388689,2.264258402818977,2.310832828549073
1780771790836748600,-23.759533509683735,-0.3936218453596113,0.9362163948362465,-0.00046874998952262104,6.83593752910383e-05,0.020546874031424522,0,-23.2979679107666,-0.39990234375,-1.3280420079827309,-0.461565598917133,0.006280498390388689,2.264258402818977,2.310832828549073
1780771790836748600,-23.759533509683735,-0.3936218453596113,0.9362163948362465,-0.00046874998952262104,6.83593752910383e-05,0.020546874031424522,0,-23.2979679107666,-0.39990234375,-1.3280420079827309,-0.461565598917133,0.006280498390388689,2.264258402818977,2.310832828549073
1780771790836748600,-23.759533509683735,-0.3936218453596113,0.9362163948362465,-0.00046874998952262104,6.83593752910383e-05,0.020546874031424522,0,-23.2979679107666,-0.39990234375,-1.3280420079827309,-0.461565598917133,0.006280498390388689,2.264258402818977,2.310832828549073
1780771790836748600,-23.759533509683735,-0.3936218453596113,0.9362163948362465,-0.00046874998952262104,6.83593752910383e-05,0.020546874031424522,0,-23.2979679107666,-0.39990234375,-1.3280420079827309,-0.461565598917133,0.006280498390388689,2.264258402818977,2.310832828549073
1780771790836748600,-23.759533509683735,-0.3936218453596113,0.9362163948362465,-0.00046874998952262104,6.83593752910383e-05,0.020546874031424522,0,-23.2979679107666,-0.39990234375,-1.3280420079827309,-0.461565598917133,0.006280498390388689,2.264258402818977,2.310832828549073
1780771790836748600,-23.759533509683735,-0.3936218453596113,0.9362163948362465,-0.00046874998952262104,6.83593752910383e-05,0.020546874031424522,0,-23.2979679107666,-0.39990234375,-1.3280420079827309,-0.461565598917133,0.006280498390388689,2.264258402818977,2.310832828549073
1780771790836748600,-23.759533509683735,-0.3936218453596113,0.9362163948362465,-0.00046874998952262104,6.83593752910383e-05,0.020546874031424522,0,-23.2979679107666,-0.39990234375,-1.3280420079827309,-0.461565598917133,0.006280498390388689,2.264258402818977,2.310832828549073
1780771790836748600,-23.759533509683735,-0.3936218453596113,0.9362163948362465,-0.00046874998952262104,6.83593752910383e-05,0.020546874031424522,0,-23.2979679107666,-0.39990234375,-1.3280420079827309,-0.461565598917133,0.006280498390388689,2.264258402818977,2.310832828549073
1780771790836748600,-23.759533509683735,-0.3936218453596113,0.9362163948362465,-0.00046874998952262104,6.83593752910383e-05,0.020546874031424522,0,-23.2979679107666,-0.39990234375,-1.3280420079827309,-0.461565598917133,0.006280498390388689,2.264258402818977,2.310832828549073
1780771790869283800,-23.68988626675129,-0.39249951924213305,0.9520226200234,-0.00046874998952262104,6.83593752910383e-05,0.020546874031424522,0,-23.2979679107666,-0.39990234375,-1.3280420079827309,-0.39191835598468927,0.007402824507866945,2.280064628006131,2.3135145358205924
1780771790869283800,-23.68988626675129,-0.39249951924213305,0.9520226200234,-0.00046874998952262104,6.83593752910383e-05,0.020546874031424522,0,-23.2979679107666,-0.39990234375,-1.3280420079827309,-0.39191835598468927,0.007402824507866945,2.280064628006131,2.3135145358205924
1780771790869283800,-23.68988626675129,-0.39249951924213305,0.9520226200234,-0.00046874998952262104,6.83593752910383e-05,0.020546874031424522,0,-23.2979679107666,-0.39990234375,-1.3280420079827309,-0.39191835598468927,0.007402824507866945,2.280064628006131,2.3135145358205924
1780771790869283800,-23.68988626675129,-0.39249951924213305,0.9520226200234,-0.00046874998952262104,6.83593752910383e-05,0.020546874031424522,0,-23.2979679107666,-0.39990234375,-1.3280420079827309,-0.39191835598468927,0.007402824507866945,2.280064628006131,2.3135145358205924
1780771790869283800,-23.68988626675129,-0.39249951924213305,0.9520226200234,-0.00046874998952262104,6.83593752910383e-05,0.020546874031424522,0,-23.2979679107666,-0.39990234375,-1.3280420079827309,-0.39191835598468927,0.007402824507866945,2.280064628006131,2.3135145358205924
1780771790869283800,-23.68988626675129,-0.39249951924213305,0.9520226200234,-0.00046874998952262104,6.83593752910383e-05,0.020546874031424522,0,-23.2979679107666,-0.39990234375,-1.3280420079827309,-0.39191835598468927,0.007402824507866945,2.280064628006131,2.3135145358205924
1780771790869283800,-23.68988626675129,-0.39249951924213305,0.9520226200234,-0.00046874998952262104,6.83593752910383e-05,0.020546874031424522,0,-23.2979679107666,-0.39990234375,-1.3280420079827309,-0.39191835598468927,0.007402824507866945,2.280064628006131,2.3135145358205924
1780771790869283800,-23.68988626675129,-0.39249951924213305,0.9520226200234,-0.00046874998952262104,6.83593752910383e-05,0.020546874031424522,0,-23.2979679107666,-0.39990234375,-1.3280420079827309,-0.39191835598468927,0.007402824507866945,2.280064628006131,2.3135145358205924
1780771790869283800,-23.68988626675129,-0.39249951924213305,0.9520226200234,-0.00046874998952262104,6.83593752910383e-05,0.020546874031424522,0,-23.2979679107666,-0.39990234375,-1.3280420079827309,-0.39191835598468927,0.007402824507866945,2.280064628006131,2.3135145358205924
1780771790869283800,-23.68988626675129,-0.39249951924213305,0.9520226200234,-0.00046874998952262104,6.83593752910383e-05,0.020546874031424522,0,-23.2979679107666,-0.39990234375,-1.3280420079827309,-0.39191835598468927,0.007402824507866945,2.280064628006131,2.3135145358205924
1780771790869283800,-23.68988626675129,-0.39249951924213305,0.9520226200234,-0.00046874998952262104,6.83593752910383e-05,0.020546874031424522,0,-23.2979679107666,-0.39990234375,-1.3280420079827309,-0.39191835598468927,0.007402824507866945,2.280064628006131,2.3135145358205924
1780771790869283800,-23.68988626675129,-0.39249951924213305,0.9520226200234,-0.00046874998952262104,6.83593752910383e-05,0.020546874031424522,0,-23.2979679107666,-0.39990234375,-1.3280420079827309,-0.39191835598468927,0.007402824507866945,2.280064628006131,2.3135145358205924
1780771790869283800,-23.68988626675129,-0.39249951924213305,0.9520226200234,-0.00046874998952262104,6.83593752910383e-05,0.020546874031424522,0,-23.2979679107666,-0.39990234375,-1.3280420079827309,-0.39191835598468927,0.007402824507866945,2.280064628006131,2.3135145358205924
1780771790869283800,-23.68988626675129,-0.39249951924213305,0.9520226200234,-0.00046874998952262104,6.83593752910383e-05,0.020546874031424522,0,-23.2979679107666,-0.39990234375,-1.3280420079827309,-0.39191835598468927,0.007402824507866945,2.280064628006131,2.3135145358205924
1780771790869283800,-23.68988626675129,-0.39249951924213305,0.9520226200234,-0.00046874998952262104,6.83593752910383e-05,0.020546874031424522,0,-23.2979679107666,-0.39990234375,-1.3280420079827309,-0.39191835598468927,0.007402824507866945,2.280064628006131,2.3135145358205924
1780771790869283800,-23.68988626675129,-0.39249951924213305,0.9520226200234,-0.00046874998952262104,6.83593752910383e-05,0.020546874031424522,0,-23.2979679107666,-0.39990234375,-1.3280420079827309,-0.39191835598468927,0.007402824507866945,2.280064628006131,2.3135145358205924
1780771790869283800,-23.68988626675129,-0.39249951924213305,0.9520226200234,-0.00046874998952262104,6.83593752910383e-05,0.020546874031424522,0,-23.2979679107666,-0.39990234375,-1.3280420079827309,-0.39191835598468927,0.007402824507866945,2.280064628006131,2.3135145358205924
1780771790869283800,-23.68988626675129,-0.39249951924213305,0.9520226200234,-0.00046874998952262104,6.83593752910383e-05,0.020546874031424522,0,-23.2979679107666,-0.39990234375,-1.3280420079827309,-0.39191835598468927,0.007402824507866945,2.280064628006131,2.3135145358205924
1780771790869283800,-23.68988626675129,-0.39249951924213305,0.9520226200234,-0.00046874998952262104,6.83593752910383e-05,0.020546874031424522,0,-23.2979679107666,-0.39990234375,-1.3280420079827309,-0.39191835598468927,0.007402824507866945,2.280064628006131,2.3135145358205924
1780771790902590000,-24.25793694476376,-0.4621937780785672,0.6510533487454624,-0.00046874998952262104,6.83593752910383e-05,0.020546874031424522,0,-23.2979679107666,-0.39990234375,-1.3280420079827309,-0.959969033997158,-0.06229143432856721,1.9790953567281933,2.200508850254241
1780771790902590000,-24.25793694476376,-0.4621937780785672,0.6510533487454624,-0.00046874998952262104,6.83593752910383e-05,0.020546874031424522,0,-23.2979679107666,-0.39990234375,-1.3280420079827309,-0.959969033997158,-0.06229143432856721,1.9790953567281933,2.200508850254241
1780771790902590000,-24.25793694476376,-0.4621937780785672,0.6510533487454624,-0.00046874998952262104,6.83593752910383e-05,0.020546874031424522,0,-23.2979679107666,-0.39990234375,-1.3280420079827309,-0.959969033997158,-0.06229143432856721,1.9790953567281933,2.200508850254241
1780771790902590000,-24.25793694476376,-0.4621937780785672,0.6510533487454624,-0.00046874998952262104,6.83593752910383e-05,0.020546874031424522,0,-23.2979679107666,-0.39990234375,-1.3280420079827309,-0.959969033997158,-0.06229143432856721,1.9790953567281933,2.200508850254241
1780771790902590000,-24.25793694476376,-0.4621937780785672,0.6510533487454624,-0.00046874998952262104,6.83593752910383e-05,0.020546874031424522,0,-23.2979679107666,-0.39990234375,-1.3280420079827309,-0.959969033997158,-0.06229143432856721,1.9790953567281933,2.200508850254241
1780771790902590000,-24.25793694476376,-0.4621937780785672,0.6510533487454624,-0.00046874998952262104,6.83593752910383e-05,0.020546874031424522,0,-23.2979679107666,-0.39990234375,-1.3280420079827309,-0.959969033997158,-0.06229143432856721,1.9790953567281933,2.200508850254241
1780771790902590000,-24.25793694476376,-0.4621937780785672,0.6510533487454624,-0.00046874998952262104,6.83593752910383e-05,0.020546874031424522,0,-23.2979679107666,-0.39990234375,-1.3280420079827309,-0.959969033997158,-0.06229143432856721,1.9790953567281933,2.200508850254241
1780771790902590000,-24.25793694476376,-0.4621937780785672,0.6510533487454624,-0.00046874998952262104,6.83593752910383e-05,0.020546874031424522,0,-23.2979679107666,-0.39990234375,-1.3280420079827309,-0.959969033997158,-0.06229143432856721,1.9790953567281933,2.200508850254241
1780771790902590000,-24.25793694476376,-0.4621937780785672,0.6510533487454624,-0.00046874998952262104,6.83593752910383e-05,0.020546874031424522,0,-23.2979679107666,-0.39990234375,-1.3280420079827309,-0.959969033997158,-0.06229143432856721,1.9790953567281933,2.200508850254241
1780771790902590000,-24.25793694476376,-0.4621937780785672,0.6510533487454624,-0.00046874998952262104,6.83593752910383e-05,0.020546874031424522,0,-23.2979679107666,-0.39990234375,-1.3280420079827309,-0.959969033997158,-0.06229143432856721,1.9790953567281933,2.200508850254241
1780771790902590000,-24.25793694476376,-0.4621937780785672,0.6510533487454624,-0.00046874998952262104,6.83593752910383e-05,0.020546874031424522,0,-23.2979679107666,-0.39990234375,-1.3280420079827309,-0.959969033997158,-0.06229143432856721,1.9790953567281933,2.200508850254241
1780771790902590000,-24.25793694476376,-0.4621937780785672,0.6510533487454624,-0.00046874998952262104,6.83593752910383e-05,0.020546874031424522,0,-23.2979679107666,-0.39990234375,-1.3280420079827309,-0.959969033997158,-0.06229143432856721,1.9790953567281933,2.200508850254241
1780771790902590000,-24.25793694476376,-0.4621937780785672,0.6510533487454624,-0.00046874998952262104,6.83593752910383e-05,0.020546874031424522,0,-23.2979679107666,-0.39990234375,-1.3280420079827309,-0.959969033997158,-0.06229143432856721,1.9790953567281933,2.200508850254241
1780771790902590000,-24.25793694476376,-0.4621937780785672,0.6510533487454624,-0.00046874998952262104,6.83593752910383e-05,0.020546874031424522,0,-23.2979679107666,-0.39990234375,-1.3280420079827309,-0.959969033997158,-0.06229143432856721,1.9790953567281933,2.200508850254241
1780771790902590000,-24.25793694476376,-0.4621937780785672,0.6510533487454624,-0.00046874998952262104,6.83593752910383e-05,0.020546874031424522,0,-23.2979679107666,-0.39990234375,-1.3280420079827309,-0.959969033997158,-0.06229143432856721,1.9790953567281933,2.200508850254241
1780771790902590000,-24.25793694476376,-0.4621937780785672,0.6510533487454624,-0.00046874998952262104,6.83593752910383e-05,0.020546874031424522,0,-23.2979679107666,-0.39990234375,-1.3280420079827309,-0.959969033997158,-0.06229143432856721,1.9790953567281933,2.200508850254241
1780771790902590000,-24.25793694476376,-0.4621937780785672,0.6510533487454624,-0.00046874998952262104,6.83593752910383e-05,0.020546874031424522,0,-23.2979679107666,-0.39990234375,-1.3280420079827309,-0.959969033997158,-0.06229143432856721,1.9790953567281933,2.200508850254241
1780771790902590000,-24.25793694476376,-0.4621937780785672,0.6510533487454624,-0.00046874998952262104,6.83593752910383e-05,0.020546874031424522,0,-23.2979679107666,-0.39990234375,-1.3280420079827309,-0.959969033997158,-0.06229143432856721,1.9790953567281933,2.200508850254241
1780771790902590000,-24.25793694476376,-0.4621937780785672,0.6510533487454624,-0.00046874998952262104,6.83593752910383e-05,0.020546874031424522,0,-23.2979679107666,-0.39990234375,-1.3280420079827309,-0.959969033997158,-0.06229143432856721,1.9790953567281933,2.200508850254241
1780771790935931500,-24.25793694476376,-0.4621937780785672,0.6510533487454624,-0.00046874998952262104,6.83593752910383e-05,0.020546874031424522,0,-23.2979679107666,-0.39990234375,-1.3280420079827309,-0.959969033997158,-0.06229143432856721,1.9790953567281933,2.200508850254241
1780771790935931500,-24.25793694476376,-0.4621937780785672,0.6510533487454624,-0.00046874998952262104,6.83593752910383e-05,0.020546874031424522,0,-23.2979679107666,-0.39990234375,-1.3280420079827309,-0.959969033997158,-0.06229143432856721,1.9790953567281933,2.200508850254241
1780771790935931500,-24.25793694476376,-0.4621937780785672,0.6510533487454624,-0.00046874998952262104,6.83593752910383e-05,0.020546874031424522,0,-23.2979679107666,-0.39990234375,-1.3280420079827309,-0.959969033997158,-0.06229143432856721,1.9790953567281933,2.200508850254241
1780771790935931500,-24.25793694476376,-0.4621937780785672,0.6510533487454624,-0.00046874998952262104,6.83593752910383e-05,0.020546874031424522,0,-23.2979679107666,-0.39990234375,-1.3280420079827309,-0.959969033997158,-0.06229143432856721,1.9790953567281933,2.200508850254241
1780771790935931500,-24.25793694476376,-0.4621937780785672,0.6510533487454624,-0.00046874998952262104,6.83593752910383e-05,0.020546874031424522,0,-23.2979679107666,-0.39990234375,-1.3280420079827309,-0.959969033997158,-0.06229143432856721,1.9790953567281933,2.200508850254241
1780771790935931500,-24.25793694476376,-0.4621937780785672,0.6510533487454624,-0.00046874998952262104,6.83593752910383e-05,0.020546874031424522,0,-23.2979679107666,-0.39990234375,-1.3280420079827309,-0.959969033997158,-0.06229143432856721,1.9790953567281933,2.200508850254241
1780771790935931500,-24.25793694476376,-0.4621937780785672,0.6510533487454624,-0.00046874998952262104,6.83593752910383e-05,0.020546874031424522,0,-23.2979679107666,-0.39990234375,-1.3280420079827309,-0.959969033997158,-0.06229143432856721,1.9790953567281933,2.200508850254241
1780771790935931500,-24.25793694476376,-0.4621937780785672,0.6510533487454624,-0.00046874998952262104,6.83593752910383e-05,0.020546874031424522,0,-23.2979679107666,-0.39990234375,-1.3280420079827309,-0.959969033997158,-0.06229143432856721,1.9790953567281933,2.200508850254241
1780771790935931500,-24.25793694476376,-0.4621937780785672,0.6510533487454624,-0.00046874998952262104,6.83593752910383e-05,0.020546874031424522,0,-23.2979679107666,-0.39990234375,-1.3280420079827309,-0.959969033997158,-0.06229143432856721,1.9790953567281933,2.200508850254241
1780771790935931500,-24.25793694476376,-0.4621937780785672,0.6510533487454624,-0.00046874998952262104,6.83593752910383e-05,0.020546874031424522,0,-23.2979679107666,-0.39990234375,-1.3280420079827309,-0.959969033997158,-0.06229143432856721,1.9790953567281933,2.200508850254241
1780771790935931500,-24.25793694476376,-0.4621937780785672,0.6510533487454624,-0.00046874998952262104,6.83593752910383e-05,0.020546874031424522,0,-23.2979679107666,-0.39990234375,-1.3280420079827309,-0.959969033997158,-0.06229143432856721,1.9790953567281933,2.200508850254241
1780771790935931500,-24.25793694476376,-0.4621937780785672,0.6510533487454624,-0.00046874998952262104,6.83593752910383e-05,0.020546874031424522,0,-23.2979679107666,-0.39990234375,-1.3280420079827309,-0.959969033997158,-0.06229143432856721,1.9790953567281933,2.200508850254241
1780771790935931500,-24.25793694476376,-0.4621937780785672,0.6510533487454624,-0.00046874998952262104,6.83593752910383e-05,0.020546874031424522,0,-23.2979679107666,-0.39990234375,-1.3280420079827309,-0.959969033997158,-0.06229143432856721,1.9790953567281933,2.200508850254241
1780771790935931500,-24.25793694476376,-0.4621937780785672,0.6510533487454624,-0.00046874998952262104,6.83593752910383e-05,0.020546874031424522,0,-23.2979679107666,-0.39990234375,-1.3280420079827309,-0.959969033997158,-0.06229143432856721,1.9790953567281933,2.200508850254241
1780771790935931500,-24.25793694476376,-0.4621937780785672,0.6510533487454624,-0.00046874998952262104,6.83593752910383e-05,0.020546874031424522,0,-23.2979679107666,-0.39990234375,-1.3280420079827309,-0.959969033997158,-0.06229143432856721,1.9790953567281933,2.200508850254241
1780771790935931500,-24.25793694476376,-0.4621937780785672,0.6510533487454624,-0.00046874998952262104,6.83593752910383e-05,0.020546874031424522,0,-23.2979679107666,-0.39990234375,-1.3280420079827309,-0.959969033997158,-0.06229143432856721,1.9790953567281933,2.200508850254241
1780771790935931500,-24.25793694476376,-0.4621937780785672,0.6510533487454624,-0.00046874998952262104,6.83593752910383e-05,0.020546874031424522,0,-23.2979679107666,-0.39990234375,-1.3280420079827309,-0.959969033997158,-0.06229143432856721,1.9790953567281933,2.200508850254241
1780771790969427800,-24.291188099792272,-0.4171257715437847,0.6676624401751149,-0.00046874998952262104,6.83593752910383e-05,0.020546874031424522,0,-23.2979679107666,-0.39990234375,-1.3280420079827309,-0.9932201890256707,-0.017223427793784718,1.9957044481578459,2.2292642810465897
1780771790969427800,-24.291188099792272,-0.4171257715437847,0.6676624401751149,-0.00046874998952262104,6.83593752910383e-05,0.020546874031424522,0,-23.2979679107666,-0.39990234375,-1.3280420079827309,-0.9932201890256707,-0.017223427793784718,1.9957044481578459,2.2292642810465897
1780771790969427800,-24.291188099792272,-0.4171257715437847,0.6676624401751149,-0.00046874998952262104,6.83593752910383e-05,0.020546874031424522,0,-23.2979679107666,-0.39990234375,-1.3280420079827309,-0.9932201890256707,-0.017223427793784718,1.9957044481578459,2.2292642810465897
1780771790969427800,-24.291188099792272,-0.4171257715437847,0.6676624401751149,-0.00046874998952262104,6.83593752910383e-05,0.020546874031424522,0,-23.2979679107666,-0.39990234375,-1.3280420079827309,-0.9932201890256707,-0.017223427793784718,1.9957044481578459,2.2292642810465897
1780771790969427800,-24.291188099792272,-0.4171257715437847,0.6676624401751149,-0.00046874998952262104,6.83593752910383e-05,0.020546874031424522,0,-23.2979679107666,-0.39990234375,-1.3280420079827309,-0.9932201890256707,-0.017223427793784718,1.9957044481578459,2.2292642810465897
1780771790969427800,-24.291188099792272,-0.4171257715437847,0.6676624401751149,-0.00046874998952262104,6.83593752910383e-05,0.020546874031424522,0,-23.2979679107666,-0.39990234375,-1.3280420079827309,-0.9932201890256707,-0.017223427793784718,1.9957044481578459,2.2292642810465897
1780771790969427800,-24.291188099792272,-0.4171257715437847,0.6676624401751149,-0.00046874998952262104,6.83593752910383e-05,0.020546874031424522,0,-23.2979679107666,-0.39990234375,-1.3280420079827309,-0.9932201890256707,-0.017223427793784718,1.9957044481578459,2.2292642810465897
1780771790969427800,-24.291188099792272,-0.4171257715437847,0.6676624401751149,-0.00046874998952262104,6.83593752910383e-05,0.020546874031424522,0,-23.2979679107666,-0.39990234375,-1.3280420079827309,-0.9932201890256707,-0.017223427793784718,1.9957044481578459,2.2292642810465897
1780771790969427800,-24.291188099792272,-0.4171257715437847,0.6676624401751149,-0.00046874998952262104,6.83593752910383e-05,0.020546874031424522,0,-23.2979679107666,-0.39990234375,-1.3280420079827309,-0.9932201890256707,-0.017223427793784718,1.9957044481578459,2.2292642810465897
1780771790969427800,-24.291188099792272,-0.4171257715437847,0.6676624401751149,-0.00046874998952262104,6.83593752910383e-05,0.020546874031424522,0,-23.2979679107666,-0.39990234375,-1.3280420079827309,-0.9932201890256707,-0.017223427793784718,1.9957044481578459,2.2292642810465897
1780771790969427800,-24.291188099792272,-0.4171257715437847,0.6676624401751149,-0.00046874998952262104,6.83593752910383e-05,0.020546874031424522,0,-23.2979679107666,-0.39990234375,-1.3280420079827309,-0.9932201890256707,-0.017223427793784718,1.9957044481578459,2.2292642810465897
1780771790969427800,-24.291188099792272,-0.4171257715437847,0.6676624401751149,-0.00046874998952262104,6.83593752910383e-05,0.020546874031424522,0,-23.2979679107666,-0.39990234375,-1.3280420079827309,-0.9932201890256707,-0.017223427793784718,1.9957044481578459,2.2292642810465897
1780771790969427800,-24.291188099792272,-0.4171257715437847,0.6676624401751149,-0.00046874998952262104,6.83593752910383e-05,0.020546874031424522,0,-23.2979679107666,-0.39990234375,-1.3280420079827309,-0.9932201890256707,-0.017223427793784718,1.9957044481578459,2.2292642810465897
1780771790969427800,-24.291188099792272,-0.4171257715437847,0.6676624401751149,-0.00046874998952262104,6.83593752910383e-05,0.020546874031424522,0,-23.2979679107666,-0.39990234375,-1.3280420079827309,-0.9932201890256707,-0.017223427793784718,1.9957044481578459,2.2292642810465897
1780771790969427800,-24.291188099792272,-0.4171257715437847,0.6676624401751149,-0.00046874998952262104,6.83593752910383e-05,0.020546874031424522,0,-23.2979679107666,-0.39990234375,-1.3280420079827309,-0.9932201890256707,-0.017223427793784718,1.9957044481578459,2.2292642810465897
1780771790969427800,-24.291188099792272,-0.4171257715437847,0.6676624401751149,-0.00046874998952262104,6.83593752910383e-05,0.020546874031424522,0,-23.2979679107666,-0.39990234375,-1.3280420079827309,-0.9932201890256707,-0.017223427793784718,1.9957044481578459,2.2292642810465897
1780771790969427800,-24.291188099792272,-0.4171257715437847,0.6676624401751149,-0.00046874998952262104,6.83593752910383e-05,0.020546874031424522,0,-23.2979679107666,-0.39990234375,-1.3280420079827309,-0.9932201890256707,-0.017223427793784718,1.9957044481578459,2.2292642810465897
1780771790969427800,-24.291188099792272,-0.4171257715437847,0.6676624401751149,-0.00046874998952262104,6.83593752910383e-05,0.020546874031424522,0,-23.2979679107666,-0.39990234375,-1.3280420079827309,-0.9932201890256707,-0.017223427793784718,1.9957044481578459,2.2292642810465897
1780771790969427800,-24.291188099792272,-0.4171257715437847,0.6676624401751149,-0.00046874998952262104,6.83593752910383e-05,0.020546874031424522,0,-23.2979679107666,-0.39990234375,-1.3280420079827309,-0.9932201890256707,-0.017223427793784718,1.9957044481578459,2.2292642810465897
1780771790969427800,-24.291188099792272,-0.4171257715437847,0.6676624401751149,-0.00046874998952262104,6.83593752910383e-05,0.020546874031424522,0,-23.2979679107666,-0.39990234375,-1.3280420079827309,-0.9932201890256707,-0.017223427793784718,1.9957044481578459,2.2292642810465897
1780771791002569900,-24.04742451374649,-0.40512436270907987,0.6783745011171914,-0.00046874998952262104,6.83593752910383e-05,0.020546874031424522,0,-23.2979679107666,-0.39990234375,-1.3280420079827309,-0.7494566029798868,-0.005222018959079866,2.0064165090999224,2.1418262481398624
1780771791002569900,-24.04742451374649,-0.40512436270907987,0.6783745011171914,-0.00046874998952262104,6.83593752910383e-05,0.020546874031424522,0,-23.2979679107666,-0.39990234375,-1.3280420079827309,-0.7494566029798868,-0.005222018959079866,2.0064165090999224,2.1418262481398624
1780771791002569900,-24.04742451374649,-0.40512436270907987,0.6783745011171914,-0.00046874998952262104,6.83593752910383e-05,0.020546874031424522,0,-23.2979679107666,-0.39990234375,-1.3280420079827309,-0.7494566029798868,-0.005222018959079866,2.0064165090999224,2.1418262481398624
1780771791002569900,-24.04742451374649,-0.40512436270907987,0.6783745011171914,-0.00046874998952262104,6.83593752910383e-05,0.020546874031424522,0,-23.2979679107666,-0.39990234375,-1.3280420079827309,-0.7494566029798868,-0.005222018959079866,2.0064165090999224,2.1418262481398624
1780771791002569900,-24.04742451374649,-0.40512436270907987,0.6783745011171914,-0.00046874998952262104,6.83593752910383e-05,0.020546874031424522,0,-23.2979679107666,-0.39990234375,-1.3280420079827309,-0.7494566029798868,-0.005222018959079866,2.0064165090999224,2.1418262481398624
1780771791002569900,-24.04742451374649,-0.40512436270907987,0.6783745011171914,-0.00046874998952262104,6.83593752910383e-05,0.020546874031424522,0,-23.2979679107666,-0.39990234375,-1.3280420079827309,-0.7494566029798868,-0.005222018959079866,2.0064165090999224,2.1418262481398624
1780771791002569900,-24.04742451374649,-0.40512436270907987,0.6783745011171914,-0.00046874998952262104,6.83593752910383e-05,0.020546874031424522,0,-23.2979679107666,-0.39990234375,-1.3280420079827309,-0.7494566029798868,-0.005222018959079866,2.0064165090999224,2.1418262481398624
1780771791002569900,-24.04742451374649,-0.40512436270907987,0.6783745011171914,-0.00046874998952262104,6.83593752910383e-05,0.020546874031424522,0,-23.2979679107666,-0.39990234375,-1.3280420079827309,-0.7494566029798868,-0.005222018959079866,2.0064165090999224,2.1418262481398624
1780771791002569900,-24.04742451374649,-0.40512436270907987,0.6783745011171914,-0.00046874998952262104,6.83593752910383e-05,0.020546874031424522,0,-23.2979679107666,-0.39990234375,-1.3280420079827309,-0.7494566029798868,-0.005222018959079866,2.0064165090999224,2.1418262481398624
1780771791002569900,-24.04742451374649,-0.40512436270907987,0.6783745011171914,-0.00046874998952262104,6.83593752910383e-05,0.020546874031424522,0,-23.2979679107666,-0.39990234375,-1.3280420079827309,-0.7494566029798868,-0.005222018959079866,2.0064165090999224,2.1418262481398624
1780771791002569900,-24.04742451374649,-0.40512436270907987,0.6783745011171914,-0.00046874998952262104,6.83593752910383e-05,0.020546874031424522,0,-23.2979679107666,-0.39990234375,-1.3280420079827309,-0.7494566029798868,-0.005222018959079866,2.0064165090999224,2.1418262481398624
1780771791002569900,-24.04742451374649,-0.40512436270907987,0.6783745011171914,-0.00046874998952262104,6.83593752910383e-05,0.020546874031424522,0,-23.2979679107666,-0.39990234375,-1.3280420079827309,-0.7494566029798868,-0.005222018959079866,2.0064165090999224,2.1418262481398624
1780771791002569900,-24.04742451374649,-0.40512436270907987,0.6783745011171914,-0.00046874998952262104,6.83593752910383e-05,0.020546874031424522,0,-23.2979679107666,-0.39990234375,-1.3280420079827309,-0.7494566029798868,-0.005222018959079866,2.0064165090999224,2.1418262481398624
1780771791002569900,-24.04742451374649,-0.40512436270907987,0.6783745011171914,-0.00046874998952262104,6.83593752910383e-05,0.020546874031424522,0,-23.2979679107666,-0.39990234375,-1.3280420079827309,-0.7494566029798868,-0.005222018959079866,2.0064165090999224,2.1418262481398624
1780771791002569900,-24.04742451374649,-0.40512436270907987,0.6783745011171914,-0.00046874998952262104,6.83593752910383e-05,0.020546874031424522,0,-23.2979679107666,-0.39990234375,-1.3280420079827309,-0.7494566029798868,-0.005222018959079866,2.0064165090999224,2.1418262481398624
1780771791002569900,-24.04742451374649,-0.40512436270907987,0.6783745011171914,-0.00046874998952262104,6.83593752910383e-05,0.020546874031424522,0,-23.2979679107666,-0.39990234375,-1.3280420079827309,-0.7494566029798868,-0.005222018959079866,2.0064165090999224,2.1418262481398624
1780771791002569900,-24.04742451374649,-0.40512436270907987,0.6783745011171914,-0.00046874998952262104,6.83593752910383e-05,0.020546874031424522,0,-23.2979679107666,-0.39990234375,-1.3280420079827309,-0.7494566029798868,-0.005222018959079866,2.0064165090999224,2.1418262481398624
1780771791002569900,-24.04742451374649,-0.40512436270907987,0.6783745011171914,-0.00046874998952262104,6.83593752910383e-05,0.020546874031424522,0,-23.2979679107666,-0.39990234375,-1.3280420079827309,-0.7494566029798868,-0.005222018959079866,2.0064165090999224,2.1418262481398624
1780771791002569900,-24.04742451374649,-0.40512436270907987,0.6783745011171914,-0.00046874998952262104,6.83593752910383e-05,0.020546874031424522,0,-23.2979679107666,-0.39990234375,-1.3280420079827309,-0.7494566029798868,-0.005222018959079866,2.0064165090999224,2.1418262481398624
1780771791002569900,-24.04742451374649,-0.40512436270907987,0.6783745011171914,-0.00046874998952262104,6.83593752910383e-05,0.020546874031424522,0,-23.2979679107666,-0.39990234375,-1.3280420079827309,-0.7494566029798868,-0.005222018959079866,2.0064165090999224,2.1418262481398624
1780771791035844400,-24.098408968710192,-0.3995752969725858,0.6640383602738524,-0.00046874998952262104,6.83593752910383e-05,0.020546874031424522,0,-23.2979679107666,-0.39990234375,-1.3280420079827309,-0.8004410579435906,0.0003270467774141861,1.9920803682565833,2.146879174009272
1780771791035844400,-24.098408968710192,-0.3995752969725858,0.6640383602738524,-0.00046874998952262104,6.83593752910383e-05,0.020546874031424522,0,-23.2979679107666,-0.39990234375,-1.3280420079827309,-0.8004410579435906,0.0003270467774141861,1.9920803682565833,2.146879174009272
1780771791035844400,-24.098408968710192,-0.3995752969725858,0.6640383602738524,-0.00046874998952262104,6.83593752910383e-05,0.020546874031424522,0,-23.2979679107666,-0.39990234375,-1.3280420079827309,-0.8004410579435906,0.0003270467774141861,1.9920803682565833,2.146879174009272
1780771791035844400,-24.098408968710192,-0.3995752969725858,0.6640383602738524,-0.00046874998952262104,6.83593752910383e-05,0.020546874031424522,0,-23.2979679107666,-0.39990234375,-1.3280420079827309,-0.8004410579435906,0.0003270467774141861,1.9920803682565833,2.146879174009272
1780771791035844400,-24.098408968710192,-0.3995752969725858,0.6640383602738524,-0.00046874998952262104,6.83593752910383e-05,0.020546874031424522,0,-23.2979679107666,-0.39990234375,-1.3280420079827309,-0.8004410579435906,0.0003270467774141861,1.9920803682565833,2.146879174009272
1780771791035844400,-24.098408968710192,-0.3995752969725858,0.6640383602738524,-0.00046874998952262104,6.83593752910383e-05,0.020546874031424522,0,-23.2979679107666,-0.39990234375,-1.3280420079827309,-0.8004410579435906,0.0003270467774141861,1.9920803682565833,2.146879174009272
1780771791035844400,-24.098408968710192,-0.3995752969725858,0.6640383602738524,-0.00046874998952262104,6.83593752910383e-05,0.020546874031424522,0,-23.2979679107666,-0.39990234375,-1.3280420079827309,-0.8004410579435906,0.0003270467774141861,1.9920803682565833,2.146879174009272
1780771791035844400,-24.098408968710192,-0.3995752969725858,0.6640383602738524,-0.00046874998952262104,6.83593752910383e-05,0.020546874031424522,0,-23.2979679107666,-0.39990234375,-1.3280420079827309,-0.8004410579435906,0.0003270467774141861,1.9920803682565833,2.146879174009272
1780771791035844400,-24.098408968710192,-0.3995752969725858,0.6640383602738524,-0.00046874998952262104,6.83593752910383e-05,0.020546874031424522,0,-23.2979679107666,-0.39990234375,-1.3280420079827309,-0.8004410579435906,0.0003270467774141861,1.9920803682565833,2.146879174009272
1780771791035844400,-24.098408968710192,-0.3995752969725858,0.6640383602738524,-0.00046874998952262104,6.83593752910383e-05,0.020546874031424522,0,-23.2979679107666,-0.39990234375,-1.3280420079827309,-0.8004410579435906,0.0003270467774141861,1.9920803682565833,2.146879174009272
1780771791035844400,-24.098408968710192,-0.3995752969725858,0.6640383602738524,-0.00046874998952262104,6.83593752910383e-05,0.020546874031424522,0,-23.2979679107666,-0.39990234375,-1.3280420079827309,-0.8004410579435906,0.0003270467774141861,1.9920803682565833,2.146879174009272
1780771791035844400,-24.098408968710192,-0.3995752969725858,0.6640383602738524,-0.00046874998952262104,6.83593752910383e-05,0.020546874031424522,0,-23.2979679107666,-0.39990234375,-1.3280420079827309,-0.8004410579435906,0.0003270467774141861,1.9920803682565833,2.146879174009272
1780771791035844400,-24.098408968710192,-0.3995752969725858,0.6640383602738524,-0.00046874998952262104,6.83593752910383e-05,0.020546874031424522,0,-23.2979679107666,-0.39990234375,-1.3280420079827309,-0.8004410579435906,0.0003270467774141861,1.9920803682565833,2.146879174009272
1780771791035844400,-24.098408968710192,-0.3995752969725858,0.6640383602738524,-0.00046874998952262104,6.83593752910383e-05,0.020546874031424522,0,-23.2979679107666,-0.39990234375,-1.3280420079827309,-0.8004410579435906,0.0003270467774141861,1.9920803682565833,2.146879174009272
1780771791035844400,-24.098408968710192,-0.3995752969725858,0.6640383602738524,-0.00046874998952262104,6.83593752910383e-05,0.020546874031424522,0,-23.2979679107666,-0.39990234375,-1.3280420079827309,-0.8004410579435906,0.0003270467774141861,1.9920803682565833,2.146879174009272
1780771791035844400,-24.098408968710192,-0.3995752969725858,0.6640383602738524,-0.00046874998952262104,6.83593752910383e-05,0.020546874031424522,0,-23.2979679107666,-0.39990234375,-1.3280420079827309,-0.8004410579435906,0.0003270467774141861,1.9920803682565833,2.146879174009272
1780771791035844400,-24.098408968710192,-0.3995752969725858,0.6640383602738524,-0.00046874998952262104,6.83593752910383e-05,0.020546874031424522,0,-23.2979679107666,-0.39990234375,-1.3280420079827309,-0.8004410579435906,0.0003270467774141861,1.9920803682565833,2.146879174009272
1780771791035844400,-24.098408968710192,-0.3995752969725858,0.6640383602738524,-0.00046874998952262104,6.83593752910383e-05,0.020546874031424522,0,-23.2979679107666,-0.39990234375,-1.3280420079827309,-0.8004410579435906,0.0003270467774141861,1.9920803682565833,2.146879174009272
1780771791035844400,-24.098408968710192,-0.3995752969725858,0.6640383602738524,-0.00046874998952262104,6.83593752910383e-05,0.020546874031424522,0,-23.2979679107666,-0.39990234375,-1.3280420079827309,-0.8004410579435906,0.0003270467774141861,1.9920803682565833,2.146879174009272
1780771791035844400,-24.098408968710192,-0.3995752969725858,0.6640383602738524,-0.00046874998952262104,6.83593752910383e-05,0.020546874031424522,0,-23.2979679107666,-0.39990234375,-1.3280420079827309,-0.8004410579435906,0.0003270467774141861,1.9920803682565833,2.146879174009272
1780771791035844400,-24.098408968710192,-0.3995752969725858,0.6640383602738524,-0.00046874998952262104,6.83593752910383e-05,0.020546874031424522,0,-23.2979679107666,-0.39990234375,-1.3280420079827309,-0.8004410579435906,0.0003270467774141861,1.9920803682565833,2.146879174009272
1780771791035844400,-24.098408968710192,-0.3995752969725858,0.6640383602738524,-0.00046874998952262104,6.83593752910383e-05,0.020546874031424522,0,-23.2979679107666,-0.39990234375,-1.3280420079827309,-0.8004410579435906,0.0003270467774141861,1.9920803682565833,2.146879174009272
1780771791069268800,-24.05230489434398,-0.39614429428619263,0.6412111176181036,-0.00046874998952262104,6.83593752910383e-05,0.020546874031424522,0,-23.2979679107666,-0.39990234375,-1.3280420079827309,-0.7543369835773781,0.003758049463807367,1.9692531256008343,2.108790240971597
1780771791069268800,-24.05230489434398,-0.39614429428619263,0.6412111176181036,-0.00046874998952262104,6.83593752910383e-05,0.020546874031424522,0,-23.2979679107666,-0.39990234375,-1.3280420079827309,-0.7543369835773781,0.003758049463807367,1.9692531256008343,2.108790240971597
1780771791069268800,-24.05230489434398,-0.39614429428619263,0.6412111176181036,-0.00046874998952262104,6.83593752910383e-05,0.020546874031424522,0,-23.2979679107666,-0.39990234375,-1.3280420079827309,-0.7543369835773781,0.003758049463807367,1.9692531256008343,2.108790240971597
1780771791069268800,-24.05230489434398,-0.39614429428619263,0.6412111176181036,-0.00046874998952262104,6.83593752910383e-05,0.020546874031424522,0,-23.2979679107666,-0.39990234375,-1.3280420079827309,-0.7543369835773781,0.003758049463807367,1.9692531256008343,2.108790240971597
1780771791069268800,-24.05230489434398,-0.39614429428619263,0.6412111176181036,-0.00046874998952262104,6.83593752910383e-05,0.020546874031424522,0,-23.2979679107666,-0.39990234375,-1.3280420079827309,-0.7543369835773781,0.003758049463807367,1.9692531256008343,2.108790240971597
1780771791069268800,-24.05230489434398,-0.39614429428619263,0.6412111176181036,-0.00046874998952262104,6.83593752910383e-05,0.020546874031424522,0,-23.2979679107666,-0.39990234375,-1.3280420079827309,-0.7543369835773781,0.003758049463807367,1.9692531256008343,2.108790240971597
1780771791069268800,-24.05230489434398,-0.39614429428619263,0.6412111176181036,-0.00046874998952262104,6.83593752910383e-05,0.020546874031424522,0,-23.2979679107666,-0.39990234375,-1.3280420079827309,-0.7543369835773781,0.003758049463807367,1.9692531256008343,2.108790240971597
1780771791069268800,-24.05230489434398,-0.39614429428619263,0.6412111176181036,-0.00046874998952262104,6.83593752910383e-05,0.020546874031424522,0,-23.2979679107666,-0.39990234375,-1.3280420079827309,-0.7543369835773781,0.003758049463807367,1.9692531256008343,2.108790240971597
1780771791069268800,-24.05230489434398,-0.39614429428619263,0.6412111176181036,-0.00046874998952262104,6.83593752910383e-05,0.020546874031424522,0,-23.2979679107666,-0.39990234375,-1.3280420079827309,-0.7543369835773781,0.003758049463807367,1.9692531256008343,2.108790240971597
1780771791069268800,-24.05230489434398,-0.39614429428619263,0.6412111176181036,-0.00046874998952262104,6.83593752910383e-05,0.020546874031424522,0,-23.2979679107666,-0.39990234375,-1.3280420079827309,-0.7543369835773781,0.003758049463807367,1.9692531256008343,2.108790240971597
1780771791069268800,-24.05230489434398,-0.39614429428619263,0.6412111176181036,-0.00046874998952262104,6.83593752910383e-05,0.020546874031424522,0,-23.2979679107666,-0.39990234375,-1.3280420079827309,-0.7543369835773781,0.003758049463807367,1.9692531256008343,2.108790240971597
1780771791069268800,-24.05230489434398,-0.39614429428619263,0.6412111176181036,-0.00046874998952262104,6.83593752910383e-05,0.020546874031424522,0,-23.2979679107666,-0.39990234375,-1.3280420079827309,-0.7543369835773781,0.003758049463807367,1.9692531256008343,2.108790240971597
1780771791069268800,-24.05230489434398,-0.39614429428619263,0.6412111176181036,-0.00046874998952262104,6.83593752910383e-05,0.020546874031424522,0,-23.2979679107666,-0.39990234375,-1.3280420079827309,-0.7543369835773781,0.003758049463807367,1.9692531256008343,2.108790240971597
1780771791069268800,-24.05230489434398,-0.39614429428619263,0.6412111176181036,-0.00046874998952262104,6.83593752910383e-05,0.020546874031424522,0,-23.2979679107666,-0.39990234375,-1.3280420079827309,-0.7543369835773781,0.003758049463807367,1.9692531256008343,2.108790240971597
1780771791069268800,-24.05230489434398,-0.39614429428619263,0.6412111176181036,-0.00046874998952262104,6.83593752910383e-05,0.020546874031424522,0,-23.2979679107666,-0.39990234375,-1.3280420079827309,-0.7543369835773781,0.003758049463807367,1.9692531256008343,2.108790240971597
1780771791069268800,-24.05230489434398,-0.39614429428619263,0.6412111176181036,-0.00046874998952262104,6.83593752910383e-05,0.020546874031424522,0,-23.2979679107666,-0.39990234375,-1.3280420079827309,-0.7543369835773781,0.003758049463807367,1.9692531256008343,2.108790240971597
1780771791069268800,-24.05230489434398,-0.39614429428619263,0.6412111176181036,-0.00046874998952262104,6.83593752910383e-05,0.020546874031424522,0,-23.2979679107666,-0.39990234375,-1.3280420079827309,-0.7543369835773781,0.003758049463807367,1.9692531256008343,2.108790240971597
1780771791069268800,-24.05230489434398,-0.39614429428619263,0.6412111176181036,-0.00046874998952262104,6.83593752910383e-05,0.020546874031424522,0,-23.2979679107666,-0.39990234375,-1.3280420079827309,-0.7543369835773781,0.003758049463807367,1.9692531256008343,2.108790240971597
1780771791069268800,-24.05230489434398,-0.39614429428619263,0.6412111176181036,-0.00046874998952262104,6.83593752910383e-05,0.020546874031424522,0,-23.2979679107666,-0.39990234375,-1.3280420079827309,-0.7543369835773781,0.003758049463807367,1.9692531256008343,2.108790240971597
1780771791102488600,-23.811146604365433,-0.38355315537839163,0.652405411745687,-0.00046874998952262104,6.83593752910383e-05,0.020546874031424522,0,-23.2979679107666,-0.39990234375,-1.3280420079827309,-0.5131786935988316,0.01634918837160837,1.9804474197284179,2.0459207340053918
1780771791102488600,-23.811146604365433,-0.38355315537839163,0.652405411745687,-0.00046874998952262104,6.83593752910383e-05,0.020546874031424522,0,-23.2979679107666,-0.39990234375,-1.3280420079827309,-0.5131786935988316,0.01634918837160837,1.9804474197284179,2.0459207340053918
1780771791102488600,-23.811146604365433,-0.38355315537839163,0.652405411745687,-0.00046874998952262104,6.83593752910383e-05,0.020546874031424522,0,-23.2979679107666,-0.39990234375,-1.3280420079827309,-0.5131786935988316,0.01634918837160837,1.9804474197284179,2.0459207340053918
1780771791102488600,-23.811146604365433,-0.38355315537839163,0.652405411745687,-0.00046874998952262104,6.83593752910383e-05,0.020546874031424522,0,-23.2979679107666,-0.39990234375,-1.3280420079827309,-0.5131786935988316,0.01634918837160837,1.9804474197284179,2.0459207340053918
1780771791102488600,-23.811146604365433,-0.38355315537839163,0.652405411745687,-0.00046874998952262104,6.83593752910383e-05,0.020546874031424522,0,-23.2979679107666,-0.39990234375,-1.3280420079827309,-0.5131786935988316,0.01634918837160837,1.9804474197284179,2.0459207340053918
1780771791102488600,-23.811146604365433,-0.38355315537839163,0.652405411745687,-0.00046874998952262104,6.83593752910383e-05,0.020546874031424522,0,-23.2979679107666,-0.39990234375,-1.3280420079827309,-0.5131786935988316,0.01634918837160837,1.9804474197284179,2.0459207340053918
1780771791102488600,-23.811146604365433,-0.38355315537839163,0.652405411745687,-0.00046874998952262104,6.83593752910383e-05,0.020546874031424522,0,-23.2979679107666,-0.39990234375,-1.3280420079827309,-0.5131786935988316,0.01634918837160837,1.9804474197284179,2.0459207340053918
1780771791102488600,-23.811146604365433,-0.38355315537839163,0.652405411745687,-0.00046874998952262104,6.83593752910383e-05,0.020546874031424522,0,-23.2979679107666,-0.39990234375,-1.3280420079827309,-0.5131786935988316,0.01634918837160837,1.9804474197284179,2.0459207340053918
1780771791102488600,-23.811146604365433,-0.38355315537839163,0.652405411745687,-0.00046874998952262104,6.83593752910383e-05,0.020546874031424522,0,-23.2979679107666,-0.39990234375,-1.3280420079827309,-0.5131786935988316,0.01634918837160837,1.9804474197284179,2.0459207340053918
1780771791102488600,-23.811146604365433,-0.38355315537839163,0.652405411745687,-0.00046874998952262104,6.83593752910383e-05,0.020546874031424522,0,-23.2979679107666,-0.39990234375,-1.3280420079827309,-0.5131786935988316,0.01634918837160837,1.9804474197284179,2.0459207340053918
1780771791102488600,-23.811146604365433,-0.38355315537839163,0.652405411745687,-0.00046874998952262104,6.83593752910383e-05,0.020546874031424522,0,-23.2979679107666,-0.39990234375,-1.3280420079827309,-0.5131786935988316,0.01634918837160837,1.9804474197284179,2.0459207340053918
1780771791102488600,-23.811146604365433,-0.38355315537839163,0.652405411745687,-0.00046874998952262104,6.83593752910383e-05,0.020546874031424522,0,-23.2979679107666,-0.39990234375,-1.3280420079827309,-0.5131786935988316,0.01634918837160837,1.9804474197284179,2.0459207340053918
1780771791102488600,-23.811146604365433,-0.38355315537839163,0.652405411745687,-0.00046874998952262104,6.83593752910383e-05,0.020546874031424522,0,-23.2979679107666,-0.39990234375,-1.3280420079827309,-0.5131786935988316,0.01634918837160837,1.9804474197284179,2.0459207340053918
1780771791102488600,-23.811146604365433,-0.38355315537839163,0.652405411745687,-0.00046874998952262104,6.83593752910383e-05,0.020546874031424522,0,-23.2979679107666,-0.39990234375,-1.3280420079827309,-0.5131786935988316,0.01634918837160837,1.9804474197284179,2.0459207340053918
1780771791102488600,-23.811146604365433,-0.38355315537839163,0.652405411745687,-0.00046874998952262104,6.83593752910383e-05,0.020546874031424522,0,-23.2979679107666,-0.39990234375,-1.3280420079827309,-0.5131786935988316,0.01634918837160837,1.9804474197284179,2.0459207340053918
1780771791102488600,-23.811146604365433,-0.38355315537839163,0.652405411745687,-0.00046874998952262104,6.83593752910383e-05,0.020546874031424522,0,-23.2979679107666,-0.39990234375,-1.3280420079827309,-0.5131786935988316,0.01634918837160837,1.9804474197284179,2.0459207340053918
1780771791102488600,-23.811146604365433,-0.38355315537839163,0.652405411745687,-0.00046874998952262104,6.83593752910383e-05,0.020546874031424522,0,-23.2979679107666,-0.39990234375,-1.3280420079827309,-0.5131786935988316,0.01634918837160837,1.9804474197284179,2.0459207340053918
1780771791102488600,-23.811146604365433,-0.38355315537839163,0.652405411745687,-0.00046874998952262104,6.83593752910383e-05,0.020546874031424522,0,-23.2979679107666,-0.39990234375,-1.3280420079827309,-0.5131786935988316,0.01634918837160837,1.9804474197284179,2.0459207340053918
1780771791102488600,-23.811146604365433,-0.38355315537839163,0.652405411745687,-0.00046874998952262104,6.83593752910383e-05,0.020546874031424522,0,-23.2979679107666,-0.39990234375,-1.3280420079827309,-0.5131786935988316,0.01634918837160837,1.9804474197284179,2.0459207340053918
1780771791102488600,-23.811146604365433,-0.38355315537839163,0.652405411745687,-0.00046874998952262104,6.83593752910383e-05,0.020546874031424522,0,-23.2979679107666,-0.39990234375,-1.3280420079827309,-0.5131786935988316,0.01634918837160837,1.9804474197284179,2.0459207340053918
1780771791102488600,-23.811146604365433,-0.38355315537839163,0.652405411745687,-0.00046874998952262104,6.83593752910383e-05,0.020546874031424522,0,-23.2979679107666,-0.39990234375,-1.3280420079827309,-0.5131786935988316,0.01634918837160837,1.9804474197284179,2.0459207340053918
1780771791135967400,-23.811146604365433,-0.38355315537839163,0.652405411745687,-0.00046874998952262104,6.83593752910383e-05,0.020546874031424522,0,-23.2979679107666,-0.39990234375,-1.3280420079827309,-0.5131786935988316,0.01634918837160837,1.9804474197284179,2.0459207340053918
1780771791135967400,-23.811146604365433,-0.38355315537839163,0.652405411745687,-0.00046874998952262104,6.83593752910383e-05,0.020546874031424522,0,-23.2979679107666,-0.39990234375,-1.3280420079827309,-0.5131786935988316,0.01634918837160837,1.9804474197284179,2.0459207340053918
1780771791135967400,-23.811146604365433,-0.38355315537839163,0.652405411745687,-0.00046874998952262104,6.83593752910383e-05,0.020546874031424522,0,-23.2979679107666,-0.39990234375,-1.3280420079827309,-0.5131786935988316,0.01634918837160837,1.9804474197284179,2.0459207340053918
1780771791135967400,-23.811146604365433,-0.38355315537839163,0.652405411745687,-0.00046874998952262104,6.83593752910383e-05,0.020546874031424522,0,-23.2979679107666,-0.39990234375,-1.3280420079827309,-0.5131786935988316,0.01634918837160837,1.9804474197284179,2.0459207340053918
1780771791135967400,-23.811146604365433,-0.38355315537839163,0.652405411745687,-0.00046874998952262104,6.83593752910383e-05,0.020546874031424522,0,-23.2979679107666,-0.39990234375,-1.3280420079827309,-0.5131786935988316,0.01634918837160837,1.9804474197284179,2.0459207340053918
1780771791135967400,-23.811146604365433,-0.38355315537839163,0.652405411745687,-0.00046874998952262104,6.83593752910383e-05,0.020546874031424522,0,-23.2979679107666,-0.39990234375,-1.3280420079827309,-0.5131786935988316,0.01634918837160837,1.9804474197284179,2.0459207340053918
1780771791135967400,-23.811146604365433,-0.38355315537839163,0.652405411745687,-0.00046874998952262104,6.83593752910383e-05,0.020546874031424522,0,-23.2979679107666,-0.39990234375,-1.3280420079827309,-0.5131786935988316,0.01634918837160837,1.9804474197284179,2.0459207340053918
1780771791135967400,-23.811146604365433,-0.38355315537839163,0.652405411745687,-0.00046874998952262104,6.83593752910383e-05,0.020546874031424522,0,-23.2979679107666,-0.39990234375,-1.3280420079827309,-0.5131786935988316,0.01634918837160837,1.9804474197284179,2.0459207340053918
1780771791135967400,-23.811146604365433,-0.38355315537839163,0.652405411745687,-0.00046874998952262104,6.83593752910383e-05,0.020546874031424522,0,-23.2979679107666,-0.39990234375,-1.3280420079827309,-0.5131786935988316,0.01634918837160837,1.9804474197284179,2.0459207340053918
1780771791135967400,-23.811146604365433,-0.38355315537839163,0.652405411745687,-0.00046874998952262104,6.83593752910383e-05,0.020546874031424522,0,-23.2979679107666,-0.39990234375,-1.3280420079827309,-0.5131786935988316,0.01634918837160837,1.9804474197284179,2.0459207340053918
1780771791135967400,-23.811146604365433,-0.38355315537839163,0.652405411745687,-0.00046874998952262104,6.83593752910383e-05,0.020546874031424522,0,-23.2979679107666,-0.39990234375,-1.3280420079827309,-0.5131786935988316,0.01634918837160837,1.9804474197284179,2.0459207340053918
1780771791135967400,-23.811146604365433,-0.38355315537839163,0.652405411745687,-0.00046874998952262104,6.83593752910383e-05,0.020546874031424522,0,-23.2979679107666,-0.39990234375,-1.3280420079827309,-0.5131786935988316,0.01634918837160837,1.9804474197284179,2.0459207340053918
1780771791135967400,-23.811146604365433,-0.38355315537839163,0.652405411745687,-0.00046874998952262104,6.83593752910383e-05,0.020546874031424522,0,-23.2979679107666,-0.39990234375,-1.3280420079827309,-0.5131786935988316,0.01634918837160837,1.9804474197284179,2.0459207340053918
1780771791135967400,-23.811146604365433,-0.38355315537839163,0.652405411745687,-0.00046874998952262104,6.83593752910383e-05,0.020546874031424522,0,-23.2979679107666,-0.39990234375,-1.3280420079827309,-0.5131786935988316,0.01634918837160837,1.9804474197284179,2.0459207340053918
1780771791135967400,-23.811146604365433,-0.38355315537839163,0.652405411745687,-0.00046874998952262104,6.83593752910383e-05,0.020546874031424522,0,-23.2979679107666,-0.39990234375,-1.3280420079827309,-0.5131786935988316,0.01634918837160837,1.9804474197284179,2.0459207340053918
1780771791135967400,-23.811146604365433,-0.38355315537839163,0.652405411745687,-0.00046874998952262104,6.83593752910383e-05,0.020546874031424522,0,-23.2979679107666,-0.39990234375,-1.3280420079827309,-0.5131786935988316,0.01634918837160837,1.9804474197284179,2.0459207340053918
1780771791135967400,-23.811146604365433,-0.38355315537839163,0.652405411745687,-0.00046874998952262104,6.83593752910383e-05,0.020546874031424522,0,-23.2979679107666,-0.39990234375,-1.3280420079827309,-0.5131786935988316,0.01634918837160837,1.9804474197284179,2.0459207340053918
1780771791135967400,-23.811146604365433,-0.38355315537839163,0.652405411745687,-0.00046874998952262104,6.83593752910383e-05,0.020546874031424522,0,-23.2979679107666,-0.39990234375,-1.3280420079827309,-0.5131786935988316,0.01634918837160837,1.9804474197284179,2.0459207340053918
1780771791135967400,-23.811146604365433,-0.38355315537839163,0.652405411745687,-0.00046874998952262104,6.83593752910383e-05,0.020546874031424522,0,-23.2979679107666,-0.39990234375,-1.3280420079827309,-0.5131786935988316,0.01634918837160837,1.9804474197284179,2.0459207340053918
1780771791135967400,-23.811146604365433,-0.38355315537839163,0.652405411745687,-0.00046874998952262104,6.83593752910383e-05,0.020546874031424522,0,-23.2979679107666,-0.39990234375,-1.3280420079827309,-0.5131786935988316,0.01634918837160837,1.9804474197284179,2.0459207340053918
1780771791169266100,-25.382956989367234,-0.4386932095374175,-0.10345379169252987,-0.00046874998952262104,6.83593752910383e-05,0.020546874031424522,0,-23.2979679107666,-0.39990234375,-1.3280420079827309,-2.084989078600632,-0.03879086578741747,1.224588216290201,2.4183259682328324
1780771791169266100,-25.382956989367234,-0.4386932095374175,-0.10345379169252987,-0.00046874998952262104,6.83593752910383e-05,0.020546874031424522,0,-23.2979679107666,-0.39990234375,-1.3280420079827309,-2.084989078600632,-0.03879086578741747,1.224588216290201,2.4183259682328324
1780771791169266100,-25.382956989367234,-0.4386932095374175,-0.10345379169252987,-0.00046874998952262104,6.83593752910383e-05,0.020546874031424522,0,-23.2979679107666,-0.39990234375,-1.3280420079827309,-2.084989078600632,-0.03879086578741747,1.224588216290201,2.4183259682328324
1780771791169266100,-25.382956989367234,-0.4386932095374175,-0.10345379169252987,-0.00046874998952262104,6.83593752910383e-05,0.020546874031424522,0,-23.2979679107666,-0.39990234375,-1.3280420079827309,-2.084989078600632,-0.03879086578741747,1.224588216290201,2.4183259682328324
1780771791169266100,-25.382956989367234,-0.4386932095374175,-0.10345379169252987,-0.00046874998952262104,6.83593752910383e-05,0.020546874031424522,0,-23.2979679107666,-0.39990234375,-1.3280420079827309,-2.084989078600632,-0.03879086578741747,1.224588216290201,2.4183259682328324
1780771791169266100,-25.382956989367234,-0.4386932095374175,-0.10345379169252987,-0.00046874998952262104,6.83593752910383e-05,0.020546874031424522,0,-23.2979679107666,-0.39990234375,-1.3280420079827309,-2.084989078600632,-0.03879086578741747,1.224588216290201,2.4183259682328324
1780771791169266100,-25.382956989367234,-0.4386932095374175,-0.10345379169252987,-0.00046874998952262104,6.83593752910383e-05,0.020546874031424522,0,-23.2979679107666,-0.39990234375,-1.3280420079827309,-2.084989078600632,-0.03879086578741747,1.224588216290201,2.4183259682328324
1780771791169266100,-25.382956989367234,-0.4386932095374175,-0.10345379169252987,-0.00046874998952262104,6.83593752910383e-05,0.020546874031424522,0,-23.2979679107666,-0.39990234375,-1.3280420079827309,-2.084989078600632,-0.03879086578741747,1.224588216290201,2.4183259682328324
1780771791169266100,-25.382956989367234,-0.4386932095374175,-0.10345379169252987,-0.00046874998952262104,6.83593752910383e-05,0.020546874031424522,0,-23.2979679107666,-0.39990234375,-1.3280420079827309,-2.084989078600632,-0.03879086578741747,1.224588216290201,2.4183259682328324
1780771791169266100,-25.382956989367234,-0.4386932095374175,-0.10345379169252987,-0.00046874998952262104,6.83593752910383e-05,0.020546874031424522,0,-23.2979679107666,-0.39990234375,-1.3280420079827309,-2.084989078600632,-0.03879086578741747,1.224588216290201,2.4183259682328324
1780771791169266100,-25.382956989367234,-0.4386932095374175,-0.10345379169252987,-0.00046874998952262104,6.83593752910383e-05,0.020546874031424522,0,-23.2979679107666,-0.39990234375,-1.3280420079827309,-2.084989078600632,-0.03879086578741747,1.224588216290201,2.4183259682328324
1780771791169266100,-25.382956989367234,-0.4386932095374175,-0.10345379169252987,-0.00046874998952262104,6.83593752910383e-05,0.020546874031424522,0,-23.2979679107666,-0.39990234375,-1.3280420079827309,-2.084989078600632,-0.03879086578741747,1.224588216290201,2.4183259682328324
1780771791169266100,-25.382956989367234,-0.4386932095374175,-0.10345379169252987,-0.00046874998952262104,6.83593752910383e-05,0.020546874031424522,0,-23.2979679107666,-0.39990234375,-1.3280420079827309,-2.084989078600632,-0.03879086578741747,1.224588216290201,2.4183259682328324
1780771791169266100,-25.382956989367234,-0.4386932095374175,-0.10345379169252987,-0.00046874998952262104,6.83593752910383e-05,0.020546874031424522,0,-23.2979679107666,-0.39990234375,-1.3280420079827309,-2.084989078600632,-0.03879086578741747,1.224588216290201,2.4183259682328324
1780771791169266100,-25.382956989367234,-0.4386932095374175,-0.10345379169252987,-0.00046874998952262104,6.83593752910383e-05,0.020546874031424522,0,-23.2979679107666,-0.39990234375,-1.3280420079827309,-2.084989078600632,-0.03879086578741747,1.224588216290201,2.4183259682328324
1780771791169266100,-25.382956989367234,-0.4386932095374175,-0.10345379169252987,-0.00046874998952262104,6.83593752910383e-05,0.020546874031424522,0,-23.2979679107666,-0.39990234375,-1.3280420079827309,-2.084989078600632,-0.03879086578741747,1.224588216290201,2.4183259682328324
1780771791169266100,-25.382956989367234,-0.4386932095374175,-0.10345379169252987,-0.00046874998952262104,6.83593752910383e-05,0.020546874031424522,0,-23.2979679107666,-0.39990234375,-1.3280420079827309,-2.084989078600632,-0.03879086578741747,1.224588216290201,2.4183259682328324
1780771791169266100,-25.382956989367234,-0.4386932095374175,-0.10345379169252987,-0.00046874998952262104,6.83593752910383e-05,0.020546874031424522,0,-23.2979679107666,-0.39990234375,-1.3280420079827309,-2.084989078600632,-0.03879086578741747,1.224588216290201,2.4183259682328324
1780771791169266100,-25.382956989367234,-0.4386932095374175,-0.10345379169252987,-0.00046874998952262104,6.83593752910383e-05,0.020546874031424522,0,-23.2979679107666,-0.39990234375,-1.3280420079827309,-2.084989078600632,-0.03879086578741747,1.224588216290201,2.4183259682328324
1780771791169266100,-25.382956989367234,-0.4386932095374175,-0.10345379169252987,-0.00046874998952262104,6.83593752910383e-05,0.020546874031424522,0,-23.2979679107666,-0.39990234375,-1.3280420079827309,-2.084989078600632,-0.03879086578741747,1.224588216290201,2.4183259682328324
1780771791169266100,-25.382956989367234,-0.4386932095374175,-0.10345379169252987,-0.00046874998952262104,6.83593752910383e-05,0.020546874031424522,0,-23.2979679107666,-0.39990234375,-1.3280420079827309,-2.084989078600632,-0.03879086578741747,1.224588216290201,2.4183259682328324
1780771791169266100,-25.382956989367234,-0.4386932095374175,-0.10345379169252987,-0.00046874998952262104,6.83593752910383e-05,0.020546874031424522,0,-23.2979679107666,-0.39990234375,-1.3280420079827309,-2.084989078600632,-0.03879086578741747,1.224588216290201,2.4183259682328324
1780771791202577300,-24.607540434592426,-0.3870573188080286,-0.08012733426795599,-0.00046874998952262104,6.83593752910383e-05,0.020546874031424522,0,-23.2979679107666,-0.39990234375,-1.3280420079827309,-1.3095725238258247,0.012845024941971372,1.2479146737147748,1.8089876236994968
1780771791202577300,-24.607540434592426,-0.3870573188080286,-0.08012733426795599,-0.00046874998952262104,6.83593752910383e-05,0.020546874031424522,0,-23.2979679107666,-0.39990234375,-1.3280420079827309,-1.3095725238258247,0.012845024941971372,1.2479146737147748,1.8089876236994968
1780771791202577300,-24.607540434592426,-0.3870573188080286,-0.08012733426795599,-0.00046874998952262104,6.83593752910383e-05,0.020546874031424522,0,-23.2979679107666,-0.39990234375,-1.3280420079827309,-1.3095725238258247,0.012845024941971372,1.2479146737147748,1.8089876236994968
1780771791202577300,-24.607540434592426,-0.3870573188080286,-0.08012733426795599,-0.00046874998952262104,6.83593752910383e-05,0.020546874031424522,0,-23.2979679107666,-0.39990234375,-1.3280420079827309,-1.3095725238258247,0.012845024941971372,1.2479146737147748,1.8089876236994968
1780771791202577300,-24.607540434592426,-0.3870573188080286,-0.08012733426795599,-0.00046874998952262104,6.83593752910383e-05,0.020546874031424522,0,-23.2979679107666,-0.39990234375,-1.3280420079827309,-1.3095725238258247,0.012845024941971372,1.2479146737147748,1.8089876236994968
1780771791202577300,-24.607540434592426,-0.3870573188080286,-0.08012733426795599,-0.00046874998952262104,6.83593752910383e-05,0.020546874031424522,0,-23.2979679107666,-0.39990234375,-1.3280420079827309,-1.3095725238258247,0.012845024941971372,1.2479146737147748,1.8089876236994968
1780771791202577300,-24.607540434592426,-0.3870573188080286,-0.08012733426795599,-0.00046874998952262104,6.83593752910383e-05,0.020546874031424522,0,-23.2979679107666,-0.39990234375,-1.3280420079827309,-1.3095725238258247,0.012845024941971372,1.2479146737147748,1.8089876236994968
1780771791202577300,-24.607540434592426,-0.3870573188080286,-0.08012733426795599,-0.00046874998952262104,6.83593752910383e-05,0.020546874031424522,0,-23.2979679107666,-0.39990234375,-1.3280420079827309,-1.3095725238258247,0.012845024941971372,1.2479146737147748,1.8089876236994968
1780771791202577300,-24.607540434592426,-0.3870573188080286,-0.08012733426795599,-0.00046874998952262104,6.83593752910383e-05,0.020546874031424522,0,-23.2979679107666,-0.39990234375,-1.3280420079827309,-1.3095725238258247,0.012845024941971372,1.2479146737147748,1.8089876236994968
1780771791202577300,-24.607540434592426,-0.3870573188080286,-0.08012733426795599,-0.00046874998952262104,6.83593752910383e-05,0.020546874031424522,0,-23.2979679107666,-0.39990234375,-1.3280420079827309,-1.3095725238258247,0.012845024941971372,1.2479146737147748,1.8089876236994968
1780771791202577300,-24.607540434592426,-0.3870573188080286,-0.08012733426795599,-0.00046874998952262104,6.83593752910383e-05,0.020546874031424522,0,-23.2979679107666,-0.39990234375,-1.3280420079827309,-1.3095725238258247,0.012845024941971372,1.2479146737147748,1.8089876236994968
1780771791202577300,-24.607540434592426,-0.3870573188080286,-0.08012733426795599,-0.00046874998952262104,6.83593752910383e-05,0.020546874031424522,0,-23.2979679107666,-0.39990234375,-1.3280420079827309,-1.3095725238258247,0.012845024941971372,1.2479146737147748,1.8089876236994968
1780771791202577300,-24.607540434592426,-0.3870573188080286,-0.08012733426795599,-0.00046874998952262104,6.83593752910383e-05,0.020546874031424522,0,-23.2979679107666,-0.39990234375,-1.3280420079827309,-1.3095725238258247,0.012845024941971372,1.2479146737147748,1.8089876236994968
1780771791202577300,-24.607540434592426,-0.3870573188080286,-0.08012733426795599,-0.00046874998952262104,6.83593752910383e-05,0.020546874031424522,0,-23.2979679107666,-0.39990234375,-1.3280420079827309,-1.3095725238258247,0.012845024941971372,1.2479146737147748,1.8089876236994968
1780771791202577300,-24.607540434592426,-0.3870573188080286,-0.08012733426795599,-0.00046874998952262104,6.83593752910383e-05,0.020546874031424522,0,-23.2979679107666,-0.39990234375,-1.3280420079827309,-1.3095725238258247,0.012845024941971372,1.2479146737147748,1.8089876236994968
1780771791202577300,-24.607540434592426,-0.3870573188080286,-0.08012733426795599,-0.00046874998952262104,6.83593752910383e-05,0.020546874031424522,0,-23.2979679107666,-0.39990234375,-1.3280420079827309,-1.3095725238258247,0.012845024941971372,1.2479146737147748,1.8089876236994968
1780771791202577300,-24.607540434592426,-0.3870573188080286,-0.08012733426795599,-0.00046874998952262104,6.83593752910383e-05,0.020546874031424522,0,-23.2979679107666,-0.39990234375,-1.3280420079827309,-1.3095725238258247,0.012845024941971372,1.2479146737147748,1.8089876236994968
1780771791202577300,-24.607540434592426,-0.3870573188080286,-0.08012733426795599,-0.00046874998952262104,6.83593752910383e-05,0.020546874031424522,0,-23.2979679107666,-0.39990234375,-1.3280420079827309,-1.3095725238258247,0.012845024941971372,1.2479146737147748,1.8089876236994968
1780771791202577300,-24.607540434592426,-0.3870573188080286,-0.08012733426795599,-0.00046874998952262104,6.83593752910383e-05,0.020546874031424522,0,-23.2979679107666,-0.39990234375,-1.3280420079827309,-1.3095725238258247,0.012845024941971372,1.2479146737147748,1.8089876236994968
1780771791202577300,-24.607540434592426,-0.3870573188080286,-0.08012733426795599,-0.00046874998952262104,6.83593752910383e-05,0.020546874031424522,0,-23.2979679107666,-0.39990234375,-1.3280420079827309,-1.3095725238258247,0.012845024941971372,1.2479146737147748,1.8089876236994968
1780771791202577300,-24.607540434592426,-0.3870573188080286,-0.08012733426795599,-0.00046874998952262104,6.83593752910383e-05,0.020546874031424522,0,-23.2979679107666,-0.39990234375,-1.3280420079827309,-1.3095725238258247,0.012845024941971372,1.2479146737147748,1.8089876236994968
1780771791235651300,-28.09692231870994,-0.48824895341374025,0.00870626700571255,-0.00046874998952262104,6.83593752910383e-05,0.020546874031424522,0,-23.2979679107666,-0.39990234375,-1.3280420079827309,-4.798954407943338,-0.08834660966374025,1.3367482749884434,4.98243559754087
1780771791235651300,-28.09692231870994,-0.48824895341374025,0.00870626700571255,-0.00046874998952262104,6.83593752910383e-05,0.020546874031424522,0,-23.2979679107666,-0.39990234375,-1.3280420079827309,-4.798954407943338,-0.08834660966374025,1.3367482749884434,4.98243559754087
1780771791235651300,-28.09692231870994,-0.48824895341374025,0.00870626700571255,-0.00046874998952262104,6.83593752910383e-05,0.020546874031424522,0,-23.2979679107666,-0.39990234375,-1.3280420079827309,-4.798954407943338,-0.08834660966374025,1.3367482749884434,4.98243559754087
1780771791235651300,-28.09692231870994,-0.48824895341374025,0.00870626700571255,-0.00046874998952262104,6.83593752910383e-05,0.020546874031424522,0,-23.2979679107666,-0.39990234375,-1.3280420079827309,-4.798954407943338,-0.08834660966374025,1.3367482749884434,4.98243559754087
1780771791235651300,-28.09692231870994,-0.48824895341374025,0.00870626700571255,-0.00046874998952262104,6.83593752910383e-05,0.020546874031424522,0,-23.2979679107666,-0.39990234375,-1.3280420079827309,-4.798954407943338,-0.08834660966374025,1.3367482749884434,4.98243559754087
1780771791235651300,-28.09692231870994,-0.48824895341374025,0.00870626700571255,-0.00046874998952262104,6.83593752910383e-05,0.020546874031424522,0,-23.2979679107666,-0.39990234375,-1.3280420079827309,-4.798954407943338,-0.08834660966374025,1.3367482749884434,4.98243559754087
1780771791235651300,-28.09692231870994,-0.48824895341374025,0.00870626700571255,-0.00046874998952262104,6.83593752910383e-05,0.020546874031424522,0,-23.2979679107666,-0.39990234375,-1.3280420079827309,-4.798954407943338,-0.08834660966374025,1.3367482749884434,4.98243559754087
1780771791235651300,-28.09692231870994,-0.48824895341374025,0.00870626700571255,-0.00046874998952262104,6.83593752910383e-05,0.020546874031424522,0,-23.2979679107666,-0.39990234375,-1.3280420079827309,-4.798954407943338,-0.08834660966374025,1.3367482749884434,4.98243559754087
1780771791235651300,-28.09692231870994,-0.48824895341374025,0.00870626700571255,-0.00046874998952262104,6.83593752910383e-05,0.020546874031424522,0,-23.2979679107666,-0.39990234375,-1.3280420079827309,-4.798954407943338,-0.08834660966374025,1.3367482749884434,4.98243559754087
1780771791235651300,-28.09692231870994,-0.48824895341374025,0.00870626700571255,-0.00046874998952262104,6.83593752910383e-05,0.020546874031424522,0,-23.2979679107666,-0.39990234375,-1.3280420079827309,-4.798954407943338,-0.08834660966374025,1.3367482749884434,4.98243559754087
1780771791235651300,-28.09692231870994,-0.48824895341374025,0.00870626700571255,-0.00046874998952262104,6.83593752910383e-05,0.020546874031424522,0,-23.2979679107666,-0.39990234375,-1.3280420079827309,-4.798954407943338,-0.08834660966374025,1.3367482749884434,4.98243559754087
1780771791235651300,-28.09692231870994,-0.48824895341374025,0.00870626700571255,-0.00046874998952262104,6.83593752910383e-05,0.020546874031424522,0,-23.2979679107666,-0.39990234375,-1.3280420079827309,-4.798954407943338,-0.08834660966374025,1.3367482749884434,4.98243559754087
1780771791235651300,-28.09692231870994,-0.48824895341374025,0.00870626700571255,-0.00046874998952262104,6.83593752910383e-05,0.020546874031424522,0,-23.2979679107666,-0.39990234375,-1.3280420079827309,-4.798954407943338,-0.08834660966374025,1.3367482749884434,4.98243559754087
1780771791235651300,-28.09692231870994,-0.48824895341374025,0.00870626700571255,-0.00046874998952262104,6.83593752910383e-05,0.020546874031424522,0,-23.2979679107666,-0.39990234375,-1.3280420079827309,-4.798954407943338,-0.08834660966374025,1.3367482749884434,4.98243559754087
1780771791235651300,-28.09692231870994,-0.48824895341374025,0.00870626700571255,-0.00046874998952262104,6.83593752910383e-05,0.020546874031424522,0,-23.2979679107666,-0.39990234375,-1.3280420079827309,-4.798954407943338,-0.08834660966374025,1.3367482749884434,4.98243559754087
1780771791235651300,-28.09692231870994,-0.48824895341374025,0.00870626700571255,-0.00046874998952262104,6.83593752910383e-05,0.020546874031424522,0,-23.2979679107666,-0.39990234375,-1.3280420079827309,-4.798954407943338,-0.08834660966374025,1.3367482749884434,4.98243559754087
1780771791235651300,-28.09692231870994,-0.48824895341374025,0.00870626700571255,-0.00046874998952262104,6.83593752910383e-05,0.020546874031424522,0,-23.2979679107666,-0.39990234375,-1.3280420079827309,-4.798954407943338,-0.08834660966374025,1.3367482749884434,4.98243559754087
1780771791235651300,-28.09692231870994,-0.48824895341374025,0.00870626700571255,-0.00046874998952262104,6.83593752910383e-05,0.020546874031424522,0,-23.2979679107666,-0.39990234375,-1.3280420079827309,-4.798954407943338,-0.08834660966374025,1.3367482749884434,4.98243559754087
1780771791235651300,-28.09692231870994,-0.48824895341374025,0.00870626700571255,-0.00046874998952262104,6.83593752910383e-05,0.020546874031424522,0,-23.2979679107666,-0.39990234375,-1.3280420079827309,-4.798954407943338,-0.08834660966374025,1.3367482749884434,4.98243559754087
1780771791235651300,-28.09692231870994,-0.48824895341374025,0.00870626700571255,-0.00046874998952262104,6.83593752910383e-05,0.020546874031424522,0,-23.2979679107666,-0.39990234375,-1.3280420079827309,-4.798954407943338,-0.08834660966374025,1.3367482749884434,4.98243559754087
1780771791235651300,-28.09692231870994,-0.48824895341374025,0.00870626700571255,-0.00046874998952262104,6.83593752910383e-05,0.020546874031424522,0,-23.2979679107666,-0.39990234375,-1.3280420079827309,-4.798954407943338,-0.08834660966374025,1.3367482749884434,4.98243559754087
1780771791235651300,-28.09692231870994,-0.48824895341374025,0.00870626700571255,-0.00046874998952262104,6.83593752910383e-05,0.020546874031424522,0,-23.2979679107666,-0.39990234375,-1.3280420079827309,-4.798954407943338,-0.08834660966374025,1.3367482749884434,4.98243559754087
1780771791269083800,-26.604507239218375,-0.3365887779328192,-0.33223989040601326,-0.00046874998952262104,6.83593752910383e-05,0.020546874031424522,0,-23.2979679107666,-0.39990234375,-1.3280420079827309,-3.3065393284517732,0.06331356581718078,0.9958021175767175,3.4538142387200073
1780771791269083800,-26.604507239218375,-0.3365887779328192,-0.33223989040601326,-0.00046874998952262104,6.83593752910383e-05,0.020546874031424522,0,-23.2979679107666,-0.39990234375,-1.3280420079827309,-3.3065393284517732,0.06331356581718078,0.9958021175767175,3.4538142387200073
1780771791269083800,-26.604507239218375,-0.3365887779328192,-0.33223989040601326,-0.00046874998952262104,6.83593752910383e-05,0.020546874031424522,0,-23.2979679107666,-0.39990234375,-1.3280420079827309,-3.3065393284517732,0.06331356581718078,0.9958021175767175,3.4538142387200073
1780771791269083800,-26.604507239218375,-0.3365887779328192,-0.33223989040601326,-0.00046874998952262104,6.83593752910383e-05,0.020546874031424522,0,-23.2979679107666,-0.39990234375,-1.3280420079827309,-3.3065393284517732,0.06331356581718078,0.9958021175767175,3.4538142387200073
1780771791269083800,-26.604507239218375,-0.3365887779328192,-0.33223989040601326,-0.00046874998952262104,6.83593752910383e-05,0.020546874031424522,0,-23.2979679107666,-0.39990234375,-1.3280420079827309,-3.3065393284517732,0.06331356581718078,0.9958021175767175,3.4538142387200073
1780771791269083800,-26.604507239218375,-0.3365887779328192,-0.33223989040601326,-0.00046874998952262104,6.83593752910383e-05,0.020546874031424522,0,-23.2979679107666,-0.39990234375,-1.3280420079827309,-3.3065393284517732,0.06331356581718078,0.9958021175767175,3.4538142387200073
1780771791269083800,-26.604507239218375,-0.3365887779328192,-0.33223989040601326,-0.00046874998952262104,6.83593752910383e-05,0.020546874031424522,0,-23.2979679107666,-0.39990234375,-1.3280420079827309,-3.3065393284517732,0.06331356581718078,0.9958021175767175,3.4538142387200073
1780771791269083800,-26.604507239218375,-0.3365887779328192,-0.33223989040601326,-0.00046874998952262104,6.83593752910383e-05,0.020546874031424522,0,-23.2979679107666,-0.39990234375,-1.3280420079827309,-3.3065393284517732,0.06331356581718078,0.9958021175767175,3.4538142387200073
1780771791269083800,-26.604507239218375,-0.3365887779328192,-0.33223989040601326,-0.00046874998952262104,6.83593752910383e-05,0.020546874031424522,0,-23.2979679107666,-0.39990234375,-1.3280420079827309,-3.3065393284517732,0.06331356581718078,0.9958021175767175,3.4538142387200073
1780771791269083800,-26.604507239218375,-0.3365887779328192,-0.33223989040601326,-0.00046874998952262104,6.83593752910383e-05,0.020546874031424522,0,-23.2979679107666,-0.39990234375,-1.3280420079827309,-3.3065393284517732,0.06331356581718078,0.9958021175767175,3.4538142387200073
1780771791269083800,-26.604507239218375,-0.3365887779328192,-0.33223989040601326,-0.00046874998952262104,6.83593752910383e-05,0.020546874031424522,0,-23.2979679107666,-0.39990234375,-1.3280420079827309,-3.3065393284517732,0.06331356581718078,0.9958021175767175,3.4538142387200073
1780771791269083800,-26.604507239218375,-0.3365887779328192,-0.33223989040601326,-0.00046874998952262104,6.83593752910383e-05,0.020546874031424522,0,-23.2979679107666,-0.39990234375,-1.3280420079827309,-3.3065393284517732,0.06331356581718078,0.9958021175767175,3.4538142387200073
1780771791269083800,-26.604507239218375,-0.3365887779328192,-0.33223989040601326,-0.00046874998952262104,6.83593752910383e-05,0.020546874031424522,0,-23.2979679107666,-0.39990234375,-1.3280420079827309,-3.3065393284517732,0.06331356581718078,0.9958021175767175,3.4538142387200073
1780771791269083800,-26.604507239218375,-0.3365887779328192,-0.33223989040601326,-0.00046874998952262104,6.83593752910383e-05,0.020546874031424522,0,-23.2979679107666,-0.39990234375,-1.3280420079827309,-3.3065393284517732,0.06331356581718078,0.9958021175767175,3.4538142387200073
1780771791269083800,-26.604507239218375,-0.3365887779328192,-0.33223989040601326,-0.00046874998952262104,6.83593752910383e-05,0.020546874031424522,0,-23.2979679107666,-0.39990234375,-1.3280420079827309,-3.3065393284517732,0.06331356581718078,0.9958021175767175,3.4538142387200073
1780771791269083800,-26.604507239218375,-0.3365887779328192,-0.33223989040601326,-0.00046874998952262104,6.83593752910383e-05,0.020546874031424522,0,-23.2979679107666,-0.39990234375,-1.3280420079827309,-3.3065393284517732,0.06331356581718078,0.9958021175767175,3.4538142387200073
1780771791269083800,-26.604507239218375,-0.3365887779328192,-0.33223989040601326,-0.00046874998952262104,6.83593752910383e-05,0.020546874031424522,0,-23.2979679107666,-0.39990234375,-1.3280420079827309,-3.3065393284517732,0.06331356581718078,0.9958021175767175,3.4538142387200073
1780771791269083800,-26.604507239218375,-0.3365887779328192,-0.33223989040601326,-0.00046874998952262104,6.83593752910383e-05,0.020546874031424522,0,-23.2979679107666,-0.39990234375,-1.3280420079827309,-3.3065393284517732,0.06331356581718078,0.9958021175767175,3.4538142387200073
1780771791269083800,-26.604507239218375,-0.3365887779328192,-0.33223989040601326,-0.00046874998952262104,6.83593752910383e-05,0.020546874031424522,0,-23.2979679107666,-0.39990234375,-1.3280420079827309,-3.3065393284517732,0.06331356581718078,0.9958021175767175,3.4538142387200073
1780771791269083800,-26.604507239218375,-0.3365887779328192,-0.33223989040601326,-0.00046874998952262104,6.83593752910383e-05,0.020546874031424522,0,-23.2979679107666,-0.39990234375,-1.3280420079827309,-3.3065393284517732,0.06331356581718078,0.9958021175767175,3.4538142387200073
1780771791569170200,-27.15715898339063,-0.3927734921918626,0.41589996539045637,-0.00046874998952262104,6.83593752910383e-05,0.020546874031424522,0,-23.2979679107666,-0.39990234375,-1.3280420079827309,-3.8591910726240286,0.007128851558137417,1.7439419733731873,4.234942757823098
1780771791569170200,-27.15715898339063,-0.3927734921918626,0.41589996539045637,-0.00046874998952262104,6.83593752910383e-05,0.020546874031424522,0,-23.2979679107666,-0.39990234375,-1.3280420079827309,-3.8591910726240286,0.007128851558137417,1.7439419733731873,4.234942757823098
1780771791569170200,-27.15715898339063,-0.3927734921918626,0.41589996539045637,-0.00046874998952262104,6.83593752910383e-05,0.020546874031424522,0,-23.2979679107666,-0.39990234375,-1.3280420079827309,-3.8591910726240286,0.007128851558137417,1.7439419733731873,4.234942757823098
1780771791569170200,-27.15715898339063,-0.3927734921918626,0.41589996539045637,-0.00046874998952262104,6.83593752910383e-05,0.020546874031424522,0,-23.2979679107666,-0.39990234375,-1.3280420079827309,-3.8591910726240286,0.007128851558137417,1.7439419733731873,4.234942757823098
1780771791569170200,-27.15715898339063,-0.3927734921918626,0.41589996539045637,-0.00046874998952262104,6.83593752910383e-05,0.020546874031424522,0,-23.2979679107666,-0.39990234375,-1.3280420079827309,-3.8591910726240286,0.007128851558137417,1.7439419733731873,4.234942757823098
1780771791569170200,-27.15715898339063,-0.3927734921918626,0.41589996539045637,-0.00046874998952262104,6.83593752910383e-05,0.020546874031424522,0,-23.2979679107666,-0.39990234375,-1.3280420079827309,-3.8591910726240286,0.007128851558137417,1.7439419733731873,4.234942757823098
1780771791569170200,-27.15715898339063,-0.3927734921918626,0.41589996539045637,-0.00046874998952262104,6.83593752910383e-05,0.020546874031424522,0,-23.2979679107666,-0.39990234375,-1.3280420079827309,-3.8591910726240286,0.007128851558137417,1.7439419733731873,4.234942757823098
1780771791569170200,-27.15715898339063,-0.3927734921918626,0.41589996539045637,-0.00046874998952262104,6.83593752910383e-05,0.020546874031424522,0,-23.2979679107666,-0.39990234375,-1.3280420079827309,-3.8591910726240286,0.007128851558137417,1.7439419733731873,4.234942757823098
1780771791569170200,-27.15715898339063,-0.3927734921918626,0.41589996539045637,-0.00046874998952262104,6.83593752910383e-05,0.020546874031424522,0,-23.2979679107666,-0.39990234375,-1.3280420079827309,-3.8591910726240286,0.007128851558137417,1.7439419733731873,4.234942757823098
1780771791569170200,-27.15715898339063,-0.3927734921918626,0.41589996539045637,-0.00046874998952262104,6.83593752910383e-05,0.020546874031424522,0,-23.2979679107666,-0.39990234375,-1.3280420079827309,-3.8591910726240286,0.007128851558137417,1.7439419733731873,4.234942757823098
1780771791569170200,-27.15715898339063,-0.3927734921918626,0.41589996539045637,-0.00046874998952262104,6.83593752910383e-05,0.020546874031424522,0,-23.2979679107666,-0.39990234375,-1.3280420079827309,-3.8591910726240286,0.007128851558137417,1.7439419733731873,4.234942757823098
1780771791569170200,-27.15715898339063,-0.3927734921918626,0.41589996539045637,-0.00046874998952262104,6.83593752910383e-05,0.020546874031424522,0,-23.2979679107666,-0.39990234375,-1.3280420079827309,-3.8591910726240286,0.007128851558137417,1.7439419733731873,4.234942757823098
1780771791569170200,-27.15715898339063,-0.3927734921918626,0.41589996539045637,-0.00046874998952262104,6.83593752910383e-05,0.020546874031424522,0,-23.2979679107666,-0.39990234375,-1.3280420079827309,-3.8591910726240286,0.007128851558137417,1.7439419733731873,4.234942757823098
1780771791569170200,-27.15715898339063,-0.3927734921918626,0.41589996539045637,-0.00046874998952262104,6.83593752910383e-05,0.020546874031424522,0,-23.2979679107666,-0.39990234375,-1.3280420079827309,-3.8591910726240286,0.007128851558137417,1.7439419733731873,4.234942757823098
1780771791569170200,-27.15715898339063,-0.3927734921918626,0.41589996539045637,-0.00046874998952262104,6.83593752910383e-05,0.020546874031424522,0,-23.2979679107666,-0.39990234375,-1.3280420079827309,-3.8591910726240286,0.007128851558137417,1.7439419733731873,4.234942757823098
1780771791569170200,-27.15715898339063,-0.3927734921918626,0.41589996539045637,-0.00046874998952262104,6.83593752910383e-05,0.020546874031424522,0,-23.2979679107666,-0.39990234375,-1.3280420079827309,-3.8591910726240286,0.007128851558137417,1.7439419733731873,4.234942757823098
1780771791569170200,-27.15715898339063,-0.3927734921918626,0.41589996539045637,-0.00046874998952262104,6.83593752910383e-05,0.020546874031424522,0,-23.2979679107666,-0.39990234375,-1.3280420079827309,-3.8591910726240286,0.007128851558137417,1.7439419733731873,4.234942757823098
1780771791569170200,-27.15715898339063,-0.3927734921918626,0.41589996539045637,-0.00046874998952262104,6.83593752910383e-05,0.020546874031424522,0,-23.2979679107666,-0.39990234375,-1.3280420079827309,-3.8591910726240286,0.007128851558137417,1.7439419733731873,4.234942757823098
1780771791569170200,-27.15715898339063,-0.3927734921918626,0.41589996539045637,-0.00046874998952262104,6.83593752910383e-05,0.020546874031424522,0,-23.2979679107666,-0.39990234375,-1.3280420079827309,-3.8591910726240286,0.007128851558137417,1.7439419733731873,4.234942757823098
1780771791602909300,-25.76810671217966,-0.32819941469001646,0.4213602682738745,-0.00046874998952262104,6.83593752910383e-05,0.020546874031424522,0,-23.2979679107666,-0.39990234375,-1.3280420079827309,-2.470138801413057,0.07170292905998354,1.7494022762566055,3.027727750715693
1780771791602909300,-25.76810671217966,-0.32819941469001646,0.4213602682738745,-0.00046874998952262104,6.83593752910383e-05,0.020546874031424522,0,-23.2979679107666,-0.39990234375,-1.3280420079827309,-2.470138801413057,0.07170292905998354,1.7494022762566055,3.027727750715693
1780771791602909300,-25.76810671217966,-0.32819941469001646,0.4213602682738745,-0.00046874998952262104,6.83593752910383e-05,0.020546874031424522,0,-23.2979679107666,-0.39990234375,-1.3280420079827309,-2.470138801413057,0.07170292905998354,1.7494022762566055,3.027727750715693
1780771791602909300,-25.76810671217966,-0.32819941469001646,0.4213602682738745,-0.00046874998952262104,6.83593752910383e-05,0.020546874031424522,0,-23.2979679107666,-0.39990234375,-1.3280420079827309,-2.470138801413057,0.07170292905998354,1.7494022762566055,3.027727750715693
1780771791602909300,-25.76810671217966,-0.32819941469001646,0.4213602682738745,-0.00046874998952262104,6.83593752910383e-05,0.020546874031424522,0,-23.2979679107666,-0.39990234375,-1.3280420079827309,-2.470138801413057,0.07170292905998354,1.7494022762566055,3.027727750715693
1780771791602909300,-25.76810671217966,-0.32819941469001646,0.4213602682738745,-0.00046874998952262104,6.83593752910383e-05,0.020546874031424522,0,-23.2979679107666,-0.39990234375,-1.3280420079827309,-2.470138801413057,0.07170292905998354,1.7494022762566055,3.027727750715693
1780771791602909300,-25.76810671217966,-0.32819941469001646,0.4213602682738745,-0.00046874998952262104,6.83593752910383e-05,0.020546874031424522,0,-23.2979679107666,-0.39990234375,-1.3280420079827309,-2.470138801413057,0.07170292905998354,1.7494022762566055,3.027727750715693
1780771791602909300,-25.76810671217966,-0.32819941469001646,0.4213602682738745,-0.00046874998952262104,6.83593752910383e-05,0.020546874031424522,0,-23.2979679107666,-0.39990234375,-1.3280420079827309,-2.470138801413057,0.07170292905998354,1.7494022762566055,3.027727750715693
1780771791602909300,-25.76810671217966,-0.32819941469001646,0.4213602682738745,-0.00046874998952262104,6.83593752910383e-05,0.020546874031424522,0,-23.2979679107666,-0.39990234375,-1.3280420079827309,-2.470138801413057,0.07170292905998354,1.7494022762566055,3.027727750715693
1780771791602909300,-25.76810671217966,-0.32819941469001646,0.4213602682738745,-0.00046874998952262104,6.83593752910383e-05,0.020546874031424522,0,-23.2979679107666,-0.39990234375,-1.3280420079827309,-2.470138801413057,0.07170292905998354,1.7494022762566055,3.027727750715693
1780771791602909300,-25.76810671217966,-0.32819941469001646,0.4213602682738745,-0.00046874998952262104,6.83593752910383e-05,0.020546874031424522,0,-23.2979679107666,-0.39990234375,-1.3280420079827309,-2.470138801413057,0.07170292905998354,1.7494022762566055,3.027727750715693
1780771791602909300,-25.76810671217966,-0.32819941469001646,0.4213602682738745,-0.00046874998952262104,6.83593752910383e-05,0.020546874031424522,0,-23.2979679107666,-0.39990234375,-1.3280420079827309,-2.470138801413057,0.07170292905998354,1.7494022762566055,3.027727750715693
1780771791602909300,-25.76810671217966,-0.32819941469001646,0.4213602682738745,-0.00046874998952262104,6.83593752910383e-05,0.020546874031424522,0,-23.2979679107666,-0.39990234375,-1.3280420079827309,-2.470138801413057,0.07170292905998354,1.7494022762566055,3.027727750715693
1780771791602909300,-25.76810671217966,-0.32819941469001646,0.4213602682738745,-0.00046874998952262104,6.83593752910383e-05,0.020546874031424522,0,-23.2979679107666,-0.39990234375,-1.3280420079827309,-2.470138801413057,0.07170292905998354,1.7494022762566055,3.027727750715693
1780771791602909300,-25.76810671217966,-0.32819941469001646,0.4213602682738745,-0.00046874998952262104,6.83593752910383e-05,0.020546874031424522,0,-23.2979679107666,-0.39990234375,-1.3280420079827309,-2.470138801413057,0.07170292905998354,1.7494022762566055,3.027727750715693
1780771791602909300,-25.76810671217966,-0.32819941469001646,0.4213602682738745,-0.00046874998952262104,6.83593752910383e-05,0.020546874031424522,0,-23.2979679107666,-0.39990234375,-1.3280420079827309,-2.470138801413057,0.07170292905998354,1.7494022762566055,3.027727750715693
1780771791602909300,-25.76810671217966,-0.32819941469001646,0.4213602682738745,-0.00046874998952262104,6.83593752910383e-05,0.020546874031424522,0,-23.2979679107666,-0.39990234375,-1.3280420079827309,-2.470138801413057,0.07170292905998354,1.7494022762566055,3.027727750715693
1780771791602909300,-25.76810671217966,-0.32819941469001646,0.4213602682738745,-0.00046874998952262104,6.83593752910383e-05,0.020546874031424522,0,-23.2979679107666,-0.39990234375,-1.3280420079827309,-2.470138801413057,0.07170292905998354,1.7494022762566055,3.027727750715693
1780771791602909300,-25.76810671217966,-0.32819941469001646,0.4213602682738745,-0.00046874998952262104,6.83593752910383e-05,0.020546874031424522,0,-23.2979679107666,-0.39990234375,-1.3280420079827309,-2.470138801413057,0.07170292905998354,1.7494022762566055,3.027727750715693
1780771791602909300,-25.76810671217966,-0.32819941469001646,0.4213602682738745,-0.00046874998952262104,6.83593752910383e-05,0.020546874031424522,0,-23.2979679107666,-0.39990234375,-1.3280420079827309,-2.470138801413057,0.07170292905998354,1.7494022762566055,3.027727750715693
1780771791635992300,-24.42310768741847,-0.37996163892465,0.47975587356802285,-0.00046874998952262104,6.83593752910383e-05,0.020546874031424522,0,-23.2979679107666,-0.39990234375,-1.3280420079827309,-1.1251397766518672,0.019940704825349986,1.8077978815507536,2.12942957837364
1780771791635992300,-24.42310768741847,-0.37996163892465,0.47975587356802285,-0.00046874998952262104,6.83593752910383e-05,0.020546874031424522,0,-23.2979679107666,-0.39990234375,-1.3280420079827309,-1.1251397766518672,0.019940704825349986,1.8077978815507536,2.12942957837364
1780771791635992300,-24.42310768741847,-0.37996163892465,0.47975587356802285,-0.00046874998952262104,6.83593752910383e-05,0.020546874031424522,0,-23.2979679107666,-0.39990234375,-1.3280420079827309,-1.1251397766518672,0.019940704825349986,1.8077978815507536,2.12942957837364
1780771791635992300,-24.42310768741847,-0.37996163892465,0.47975587356802285,-0.00046874998952262104,6.83593752910383e-05,0.020546874031424522,0,-23.2979679107666,-0.39990234375,-1.3280420079827309,-1.1251397766518672,0.019940704825349986,1.8077978815507536,2.12942957837364
1780771791635992300,-24.42310768741847,-0.37996163892465,0.47975587356802285,-0.00046874998952262104,6.83593752910383e-05,0.020546874031424522,0,-23.2979679107666,-0.39990234375,-1.3280420079827309,-1.1251397766518672,0.019940704825349986,1.8077978815507536,2.12942957837364
1780771791635992300,-24.42310768741847,-0.37996163892465,0.47975587356802285,-0.00046874998952262104,6.83593752910383e-05,0.020546874031424522,0,-23.2979679107666,-0.39990234375,-1.3280420079827309,-1.1251397766518672,0.019940704825349986,1.8077978815507536,2.12942957837364
1780771791635992300,-24.42310768741847,-0.37996163892465,0.47975587356802285,-0.00046874998952262104,6.83593752910383e-05,0.020546874031424522,0,-23.2979679107666,-0.39990234375,-1.3280420079827309,-1.1251397766518672,0.019940704825349986,1.8077978815507536,2.12942957837364
1780771791635992300,-24.42310768741847,-0.37996163892465,0.47975587356802285,-0.00046874998952262104,6.83593752910383e-05,0.020546874031424522,0,-23.2979679107666,-0.39990234375,-1.3280420079827309,-1.1251397766518672,0.019940704825349986,1.8077978815507536,2.12942957837364
1780771791635992300,-24.42310768741847,-0.37996163892465,0.47975587356802285,-0.00046874998952262104,6.83593752910383e-05,0.020546874031424522,0,-23.2979679107666,-0.39990234375,-1.3280420079827309,-1.1251397766518672,0.019940704825349986,1.8077978815507536,2.12942957837364
1780771791635992300,-24.42310768741847,-0.37996163892465,0.47975587356802285,-0.00046874998952262104,6.83593752910383e-05,0.020546874031424522,0,-23.2979679107666,-0.39990234375,-1.3280420079827309,-1.1251397766518672,0.019940704825349986,1.8077978815507536,2.12942957837364
1780771791635992300,-24.42310768741847,-0.37996163892465,0.47975587356802285,-0.00046874998952262104,6.83593752910383e-05,0.020546874031424522,0,-23.2979679107666,-0.39990234375,-1.3280420079827309,-1.1251397766518672,0.019940704825349986,1.8077978815507536,2.12942957837364
1780771791635992300,-24.42310768741847,-0.37996163892465,0.47975587356802285,-0.00046874998952262104,6.83593752910383e-05,0.020546874031424522,0,-23.2979679107666,-0.39990234375,-1.3280420079827309,-1.1251397766518672,0.019940704825349986,1.8077978815507536,2.12942957837364
1780771791635992300,-24.42310768741847,-0.37996163892465,0.47979981895502866,-0.00046874998952262104,6.83593752910383e-05,0.02059081941843033,0,-23.2979679107666,-0.39990234375,-1.3280420079827309,-1.1251397766518672,0.019940704825349986,1.8078418269377594,2.129466886321269
1780771791635992300,-24.42310768741847,-0.37996163892465,0.47979981895502866,-0.00046874998952262104,6.83593752910383e-05,0.02059081941843033,0,-23.2979679107666,-0.39990234375,-1.3280420079827309,-1.1251397766518672,0.019940704825349986,1.8078418269377594,2.129466886321269
1780771791635992300,-24.42310768741847,-0.37996163892465,0.47979981895502866,-0.00046874998952262104,6.83593752910383e-05,0.02059081941843033,0,-23.2979679107666,-0.39990234375,-1.3280420079827309,-1.1251397766518672,0.019940704825349986,1.8078418269377594,2.129466886321269
1780771791635992300,-24.42311291650663,-0.37868765602202004,0.48057361189216835,-0.00046874998952262104,6.83593752910383e-05,0.02059081941843033,0,-23.2979679107666,-0.39990234375,-1.3280420079827309,-1.125145005740027,0.021214687727979964,1.8086156198748993,2.130138917388391
1780771791635992300,-24.42311291650663,-0.37868765602202004,0.48057361189216835,-0.00046874998952262104,6.83593752910383e-05,0.02059081941843033,0,-23.2979679107666,-0.39990234375,-1.3280420079827309,-1.125145005740027,0.021214687727979964,1.8086156198748993,2.130138917388391
1780771791635992300,-24.42311291650663,-0.37868765602202004,0.48057361189216835,-0.00046874998952262104,6.83593752910383e-05,0.02059081941843033,0,-23.2979679107666,-0.39990234375,-1.3280420079827309,-1.125145005740027,0.021214687727979964,1.8086156198748993,2.130138917388391
1780771791635992300,-24.42311291650663,-0.37868765602202004,0.48057361189216835,-0.00046874998952262104,6.83593752910383e-05,0.02059081941843033,0,-23.2979679107666,-0.39990234375,-1.3280420079827309,-1.125145005740027,0.021214687727979964,1.8086156198748993,2.130138917388391
1780771791635992300,-24.42311291650663,-0.37868765602202004,0.48057361189216835,-0.00046874998952262104,6.83593752910383e-05,0.02059081941843033,0,-23.2979679107666,-0.39990234375,-1.3280420079827309,-1.125145005740027,0.021214687727979964,1.8086156198748993,2.130138917388391
1780771791669359200,-25.248189461534512,-0.408680001340091,0.5467452326003222,-0.00046874998952262104,6.83593752910383e-05,0.02059081941843033,0,-23.2979679107666,-0.39990234375,-1.3280420079827309,-1.9502215507679104,-0.008777657590091026,1.874787240583053,2.705229813122238
1780771791669359200,-25.248189461534512,-0.408680001340091,0.5467452326003222,-0.00046874998952262104,6.83593752910383e-05,0.02059081941843033,0,-23.2979679107666,-0.39990234375,-1.3280420079827309,-1.9502215507679104,-0.008777657590091026,1.874787240583053,2.705229813122238
1780771791669359200,-25.248189461534512,-0.408680001340091,0.5467452326003222,-0.00046874998952262104,6.83593752910383e-05,0.02059081941843033,0,-23.2979679107666,-0.39990234375,-1.3280420079827309,-1.9502215507679104,-0.008777657590091026,1.874787240583053,2.705229813122238
1780771791669359200,-25.248189461534512,-0.408680001340091,0.5467452326003222,-0.00046874998952262104,6.83593752910383e-05,0.02059081941843033,0,-23.2979679107666,-0.39990234375,-1.3280420079827309,-1.9502215507679104,-0.008777657590091026,1.874787240583053,2.705229813122238
1780771791669359200,-25.248189461534512,-0.408680001340091,0.5467452326003222,-0.00046874998952262104,6.83593752910383e-05,0.02059081941843033,0,-23.2979679107666,-0.39990234375,-1.3280420079827309,-1.9502215507679104,-0.008777657590091026,1.874787240583053,2.705229813122238
1780771791669359200,-25.24665924541304,-0.407809947220893,0.6209617805122343,-0.0005859374650754035,6.83593752910383e-05,0.020351562649011612,0,-23.2979679107666,-0.39990234375,-1.3280420079827309,-1.948691334646437,-0.007907603470892977,1.9490037884949651,2.756098005421159
1780771791669359200,-25.24665924541304,-0.407809947220893,0.6209617805122343,-0.0005859374650754035,6.83593752910383e-05,0.020351562649011612,0,-23.2979679107666,-0.39990234375,-1.3280420079827309,-1.948691334646437,-0.007907603470892977,1.9490037884949651,2.756098005421159
1780771791669359200,-25.24665924541304,-0.407809947220893,0.6209617805122343,-0.0005859374650754035,6.83593752910383e-05,0.020351562649011612,0,-23.2979679107666,-0.39990234375,-1.3280420079827309,-1.948691334646437,-0.007907603470892977,1.9490037884949651,2.756098005421159
1780771791669359200,-25.24665924541304,-0.407809947220893,0.6209617805122343,-0.0005859374650754035,6.83593752910383e-05,0.020351562649011612,0,-23.2979679107666,-0.39990234375,-1.3280420079827309,-1.948691334646437,-0.007907603470892977,1.9490037884949651,2.756098005421159
1780771791669359200,-25.24665924541304,-0.407809947220893,0.6209617805122343,-0.0005859374650754035,6.83593752910383e-05,0.020351562649011612,0,-23.2979679107666,-0.39990234375,-1.3280420079827309,-1.948691334646437,-0.007907603470892977,1.9490037884949651,2.756098005421159
1780771791669359200,-25.24665924541304,-0.407809947220893,0.6209617805122343,-0.0005859374650754035,6.83593752910383e-05,0.020351562649011612,0,-23.2979679107666,-0.39990234375,-1.3280420079827309,-1.948691334646437,-0.007907603470892977,1.9490037884949651,2.756098005421159
1780771791669359200,-25.243461042623036,-0.4086129737460664,0.7425363107785142,-0.0005859374650754035,6.83593752910383e-05,0.020351562649011612,0,-23.2979679107666,-0.39990234375,-1.3280420079827309,-1.9454931318564341,-0.008710629996066421,2.070578318761245,2.8411817920188827
1780771791669359200,-25.243617292648647,-0.4086129737460664,0.7421261544540084,-0.0007421874906867743,6.83593752910383e-05,0.019941406324505806,0,-23.2979679107666,-0.39990234375,-1.3280420079827309,-1.9456493818820455,-0.008710629996066421,2.0701681624367394,2.8409899002037338
1780771791669359200,-25.243617292648647,-0.4086129737460664,0.7421261544540084,-0.0007421874906867743,6.83593752910383e-05,0.019941406324505806,0,-23.2979679107666,-0.39990234375,-1.3280420079827309,-1.9456493818820455,-0.008710629996066421,2.0701681624367394,2.8409899002037338
1780771791669359200,-25.243617292648647,-0.4086129737460664,0.7421261544540084,-0.0007421874906867743,6.83593752910383e-05,0.019941406324505806,0,-23.2979679107666,-0.39990234375,-1.3280420079827309,-1.9456493818820455,-0.008710629996066421,2.0701681624367394,2.8409899002037338
1780771791669359200,-25.23740371319266,-0.40927904061555065,0.9335411876022278,-0.0007421874906867743,6.83593752910383e-05,0.019941406324505806,0,-23.2979679107666,-0.39990234375,-1.3280420079827309,-1.9394358024260576,-0.009376696865550649,2.261583195584959,2.9793049029477308
1780771791669359200,-25.23740371319266,-0.40927904061555065,0.9335411876022278,-0.0007421874906867743,6.83593752910383e-05,0.019941406324505806,0,-23.2979679107666,-0.39990234375,-1.3280420079827309,-1.9394358024260576,-0.009376696865550649,2.261583195584959,2.9793049029477308
1780771791669359200,-25.23740371319266,-0.40927904061555065,0.9335411876022278,-0.0007421874906867743,6.83593752910383e-05,0.019941406324505806,0,-23.2979679107666,-0.39990234375,-1.3280420079827309,-1.9394358024260576,-0.009376696865550649,2.261583195584959,2.9793049029477308
1780771791669359200,-25.237638088201972,-0.40927904061555065,0.9329015384941756,-0.0009765625,6.83593752910383e-05,0.019301757216453552,0,-23.2979679107666,-0.39990234375,-1.3280420079827309,-1.9396701774353708,-0.009376696865550649,2.2609435464769065,2.978971977047089
1780771791703175700,-24.62840875470949,-0.4015684313094864,1.3554093412985269,-0.0009765625,6.83593752910383e-05,0.019301757216453552,0,-23.2979679107666,-0.39990234375,-1.3280420079827309,-1.3304408439428883,-0.0016660875594863844,2.683451349281258,2.9951605564708252
1780771791703175700,-24.62840875470949,-0.4015684313094864,1.3554093412985269,-0.0009765625,6.83593752910383e-05,0.019301757216453552,0,-23.2979679107666,-0.39990234375,-1.3280420079827309,-1.3304408439428883,-0.0016660875594863844,2.683451349281258,2.9951605564708252
1780771791703175700,-24.62840875470949,-0.4015684313094864,1.3554093412985269,-0.0009765625,6.83593752910383e-05,0.019301757216453552,0,-23.2979679107666,-0.39990234375,-1.3280420079827309,-1.3304408439428883,-0.0016660875594863844,2.683451349281258,2.9951605564708252
1780771791703175700,-24.613433045884417,-0.40244534624096573,1.6073447478338072,-0.0009765625,6.83593752910383e-05,0.019301757216453552,0,-23.2979679107666,-0.39990234375,-1.3280420079827309,-1.3154651351178153,-0.002543002490965729,2.935386755816538,3.216667591591544
1780771791703175700,-24.613433045884417,-0.40244534624096573,1.6073447478338072,-0.0009765625,6.83593752910383e-05,0.019301757216453552,0,-23.2979679107666,-0.39990234375,-1.3280420079827309,-1.3154651351178153,-0.002543002490965729,2.935386755816538,3.216667591591544
1780771791703175700,-24.614565858235405,-0.40251370561625677,1.6048838098867724,-0.002109374850988388,0.0,0.016840819269418716,0,-23.2979679107666,-0.39990234375,-1.3280420079827309,-1.3165979474688037,-0.0026113618662567673,2.9329258178695032,3.214885818752411
1780771791703175700,-24.614565858235405,-0.40251370561625677,1.6048838098867724,-0.002109374850988388,0.0,0.016840819269418716,0,-23.2979679107666,-0.39990234375,-1.3280420079827309,-1.3165979474688037,-0.0026113618662567673,2.9329258178695032,3.214885818752411
1780771791703175700,-24.578951347368676,-0.4042346886163582,2.0838059723771494,-0.002109374850988388,0.0,0.016840819269418716,0,-23.2979679107666,-0.39990234375,-1.3280420079827309,-1.2809834366020745,-0.004332344866358195,3.4118479803598802,3.644398986821654
1780771791703175700,-24.578951347368676,-0.4042346886163582,2.0838059723771494,-0.002109374850988388,0.0,0.016840819269418716,0,-23.2979679107666,-0.39990234375,-1.3280420079827309,-1.2809834366020745,-0.004332344866358195,3.4118479803598802,3.644398986821654
1780771791703175700,-24.578951347368676,-0.4042346886163582,2.0838059723771494,-0.002109374850988388,0.0,0.016840819269418716,0,-23.2979679107666,-0.39990234375,-1.3280420079827309,-1.2809834366020745,-0.004332344866358195,3.4118479803598802,3.644398986821654
1780771791703175700,-24.578951347368676,-0.4042346886163582,2.0838059723771494,-0.002109374850988388,0.0,0.016840819269418716,0,-23.2979679107666,-0.39990234375,-1.3280420079827309,-1.2809834366020745,-0.004332344866358195,3.4118479803598802,3.644398986821654
1780771791703175700,-24.578951347368676,-0.4042346886163582,2.0838059723771494,-0.002109374850988388,0.0,0.016840819269418716,0,-23.2979679107666,-0.39990234375,-1.3280420079827309,-1.2809834366020745,-0.004332344866358195,3.4118479803598802,3.644398986821654
1780771791703175700,-24.579654472396616,-0.40430304799164923,2.0825559726379197,-0.0028124998789280653,-6.83593752910383e-05,0.015590819530189037,0,-23.2979679107666,-0.39990234375,-1.3280420079827309,-1.2816865616300142,-0.004400704241649234,3.4105979806206506,3.643476141526722
1780771791703175700,-24.506276390924377,-0.4037876226901434,2.821687764828013,-0.0028124998789280653,-6.83593752910383e-05,0.015590819530189037,0,-23.2979679107666,-0.39990234375,-1.3280420079827309,-1.2083084801577755,-0.0038852789401433996,4.149729772810744,4.322069141738196
1780771791703175700,-24.506276390924377,-0.4037876226901434,2.821687764828013,-0.0028124998789280653,-6.83593752910383e-05,0.015590819530189037,0,-23.2979679107666,-0.39990234375,-1.3280420079827309,-1.2083084801577755,-0.0038852789401433996,4.149729772810744,4.322069141738196
1780771791703175700,-24.506276390924377,-0.4037876226901434,2.821687764828013,-0.0028124998789280653,-6.83593752910383e-05,0.015590819530189037,0,-23.2979679107666,-0.39990234375,-1.3280420079827309,-1.2083084801577755,-0.0038852789401433996,4.149729772810744,4.322069141738196
1780771791703175700,-24.506276390924377,-0.4037876226901434,2.821687764828013,-0.0028124998789280653,-6.83593752910383e-05,0.015590819530189037,0,-23.2979679107666,-0.39990234375,-1.3280420079827309,-1.2083084801577755,-0.0038852789401433996,4.149729772810744,4.322069141738196
1780771791703175700,-24.506276390924377,-0.4037876226901434,2.821687764828013,-0.0028124998789280653,-6.83593752910383e-05,0.015590819530189037,0,-23.2979679107666,-0.39990234375,-1.3280420079827309,-1.2083084801577755,-0.0038852789401433996,4.149729772810744,4.322069141738196
1780771791703175700,-24.507135766036136,-0.40384621643519575,2.8203303435490596,-0.0036718749906867743,-0.00012695312034338713,0.014233398251235485,0,-23.2979679107666,-0.39990234375,-1.3280420079827309,-1.2091678552695342,-0.003943872685195748,4.1483723515317905,4.321006320673725
1780771791703175700,-24.507135766036136,-0.40384621643519575,2.8203303435490596,-0.0036718749906867743,-0.00012695312034338713,0.014233398251235485,0,-23.2979679107666,-0.39990234375,-1.3280420079827309,-1.2091678552695342,-0.003943872685195748,4.1483723515317905,4.321006320673725
1780771791703175700,-24.507135766036136,-0.40384621643519575,2.8203303435490596,-0.0036718749906867743,-0.00012695312034338713,0.014233398251235485,0,-23.2979679107666,-0.39990234375,-1.3280420079827309,-1.2091678552695342,-0.003943872685195748,4.1483723515317905,4.321006320673725
1780771791734611700,-24.182345323778442,-0.35811749505210594,4.292424344718343,-0.0036718749906867743,-0.00012695312034338713,0.014233398251235485,0,-23.2979679107666,-0.39990234375,-1.3280420079827309,-0.8843774130118405,0.04178484869789406,5.620466352701074,5.689772526566517
1780771791734611700,-24.182345323778442,-0.35811749505210594,4.292424344718343,-0.0036718749906867743,-0.00012695312034338713,0.014233398251235485,0,-23.2979679107666,-0.39990234375,-1.3280420079827309,-0.8843774130118405,0.04178484869789406,5.620466352701074,5.689772526566517
1780771791734611700,-24.18336094850836,-0.35817608880443425,4.290925321429855,-0.004687499720603228,-0.00018554687267169356,0.012734374962747097,0,-23.2979679107666,-0.39990234375,-1.3280420079827309,-0.8853930377417569,0.041726254945565755,5.618967329412586,5.688449328300233
1780771791734611700,-24.12151605514785,-0.35795276163987033,4.626833181211544,-0.004687499720603228,-0.00018554687267169356,0.012734374962747097,0,-23.2979679107666,-0.39990234375,-1.3280420079827309,-0.8235481443812489,0.04194958211012967,5.954875189194275,6.01169941301414
1780771791734611700,-24.12151605514785,-0.35795276163987033,4.626833181211544,-0.004687499720603228,-0.00018554687267169356,0.012734374962747097,0,-23.2979679107666,-0.39990234375,-1.3280420079827309,-0.8235481443812489,0.04194958211012967,5.954875189194275,6.01169941301414
1780771791734611700,-24.12151605514785,-0.35795276163987033,4.626833181211544,-0.004687499720603228,-0.00018554687267169356,0.012734374962747097,0,-23.2979679107666,-0.39990234375,-1.3280420079827309,-0.8235481443812489,0.04194958211012967,5.954875189194275,6.01169941301414
1780771791734611700,-24.12151605514785,-0.35795276163987033,4.626833181211544,-0.004687499720603228,-0.00018554687267169356,0.012734374962747097,0,-23.2979679107666,-0.39990234375,-1.3280420079827309,-0.8235481443812489,0.04194958211012967,5.954875189194275,6.01169941301414
1780771791734611700,-24.12151605514785,-0.35795276163987033,4.626833181211544,-0.004687499720603228,-0.00018554687267169356,0.012734374962747097,0,-23.2979679107666,-0.39990234375,-1.3280420079827309,-0.8235481443812489,0.04194958211012967,5.954875189194275,6.01169941301414
1780771791734611700,-24.12151605514785,-0.35795276163987033,4.626833181211544,-0.004687499720603228,-0.00018554687267169356,0.012734374962747097,0,-23.2979679107666,-0.39990234375,-1.3280420079827309,-0.8235481443812489,0.04194958211012967,5.954875189194275,6.01169941301414
1780771791734611700,-23.97452642420606,-0.3576913013934255,5.349796744685577,-0.008554687723517418,-0.0003613281296566129,0.007153320126235485,0,-23.2979679107666,-0.39990234375,-1.3280420079827309,-0.6765585134394598,0.042211042356574524,6.677838752668308,6.7121564046767315
1780771791734611700,-23.97452642420606,-0.3576913013934255,5.349796744685577,-0.008554687723517418,-0.0003613281296566129,0.007153320126235485,0,-23.2979679107666,-0.39990234375,-1.3280420079827309,-0.6765585134394598,0.042211042356574524,6.677838752668308,6.7121564046767315
1780771791734611700,-23.97452642420606,-0.3576913013934255,5.349796744685577,-0.008554687723517418,-0.0003613281296566129,0.007153320126235485,0,-23.2979679107666,-0.39990234375,-1.3280420079827309,-0.6765585134394598,0.042211042356574524,6.677838752668308,6.7121564046767315
1780771791734611700,-23.97452642420606,-0.3576913013934255,5.349796744685577,-0.008554687723517418,-0.0003613281296566129,0.007153320126235485,0,-23.2979679107666,-0.39990234375,-1.3280420079827309,-0.6765585134394598,0.042211042356574524,6.677838752668308,6.7121564046767315
1780771791734611700,-23.97452642420606,-0.3576913013934255,5.349796744685577,-0.008554687723517418,-0.0003613281296566129,0.007153320126235485,0,-23.2979679107666,-0.39990234375,-1.3280420079827309,-0.6765585134394598,0.042211042356574524,6.677838752668308,6.7121564046767315
1780771791734611700,-23.932826780295148,-0.35763568588621486,5.533534108630386,-0.008554687723517418,-0.0003613281296566129,0.007153320126235485,0,-23.2979679107666,-0.39990234375,-1.3280420079827309,-0.6348588695285464,0.04226665786378514,6.861576116613117,6.891012919641175
1780771791734611700,-23.934389279736354,-0.35769427960943934,5.531288015159783,-0.010117187164723873,-0.00041992185288108885,0.0049072266556322575,0,-23.2979679107666,-0.39990234375,-1.3280420079827309,-0.6364213689697529,0.042208064140560664,6.859330023142514,6.888920238030347
1780771791734611700,-23.934389279736354,-0.35769427960943934,5.531288015159783,-0.010117187164723873,-0.00041992185288108885,0.0049072266556322575,0,-23.2979679107666,-0.39990234375,-1.3280420079827309,-0.6364213689697529,0.042208064140560664,6.859330023142514,6.888920238030347
1780771791734611700,-23.934389279736354,-0.35769427960943934,5.531288015159783,-0.010117187164723873,-0.00041992185288108885,0.0049072266556322575,0,-23.2979679107666,-0.39990234375,-1.3280420079827309,-0.6364213689697529,0.042208064140560664,6.859330023142514,6.888920238030347
1780771791734611700,-23.934389279736354,-0.35769427960943934,5.531288015159783,-0.010117187164723873,-0.00041992185288108885,0.0049072266556322575,0,-23.2979679107666,-0.39990234375,-1.3280420079827309,-0.6364213689697529,0.042208064140560664,6.859330023142514,6.888920238030347
1780771791734611700,-23.934389279736354,-0.35769427960943934,5.531288015159783,-0.010117187164723873,-0.00041992185288108885,0.0049072266556322575,0,-23.2979679107666,-0.39990234375,-1.3280420079827309,-0.6364213689697529,0.042208064140560664,6.859330023142514,6.888920238030347
1780771791769398900,-23.888985781163953,-0.3649960084577758,6.852083893066544,-0.010117187164723873,-0.00041992185288108885,0.0049072266556322575,0,-23.2979679107666,-0.39990234375,-1.3280420079827309,-0.5910178703973514,0.0349063352922242,8.180125901049275,8.201523049555476
1780771791769398900,-23.890665468924723,-0.3650546022101041,6.84962295535234,-0.011796874925494194,-0.0004785156052093953,0.0024462889414280653,0,-23.2979679107666,-0.39990234375,-1.3280420079827309,-0.5926975581581218,0.03484774153989589,8.17766496333507,8.199189533917057
1780771791769398900,-23.890665468924723,-0.3650546022101041,6.84962295535234,-0.011796874925494194,-0.0004785156052093953,0.0024462889414280653,0,-23.2979679107666,-0.39990234375,-1.3280420079827309,-0.5926975581581218,0.03484774153989589,8.17766496333507,8.199189533917057
1780771791769398900,-23.890665468924723,-0.3650546022101041,6.84962295535234,-0.011796874925494194,-0.0004785156052093953,0.0024462889414280653,0,-23.2979679107666,-0.39990234375,-1.3280420079827309,-0.5926975581581218,0.03484774153989589,8.17766496333507,8.199189533917057
1780771791769398900,-23.890665468924723,-0.3650546022101041,6.84962295535234,-0.011796874925494194,-0.0004785156052093953,0.0024462889414280653,0,-23.2979679107666,-0.39990234375,-1.3280420079827309,-0.5926975581581218,0.03484774153989589,8.17766496333507,8.199189533917057
1780771791769398900,-23.75599503643396,-0.36502328829385894,7.30294422601205,-0.011796874925494194,-0.0004785156052093953,0.0024462889414280653,0,-23.2979679107666,-0.39990234375,-1.3280420079827309,-0.4580271256673569,0.03487905545614106,8.630986233994781,8.64320130320728
1780771791769398900,-23.75599503643396,-0.36502328829385894,7.30294422601205,-0.011796874925494194,-0.0004785156052093953,0.0024462889414280653,0,-23.2979679107666,-0.39990234375,-1.3280420079827309,-0.4580271256673569,0.03487905545614106,8.630986233994781,8.64320130320728
1780771791769398900,-23.75931534856143,-0.3651404758276194,7.297973522970869,-0.015117187052965164,-0.0005957031389698386,-0.002524414099752903,0,-23.2979679107666,-0.39990234375,-1.3280420079827309,-0.4613474377948279,0.03476186792238062,8.6260155309536,8.638413846654606
1780771791769398900,-23.75931534856143,-0.3651404758276194,7.297973522970869,-0.015117187052965164,-0.0005957031389698386,-0.002524414099752903,0,-23.2979679107666,-0.39990234375,-1.3280420079827309,-0.4613474377948279,0.03476186792238062,8.6260155309536,8.638413846654606
1780771791769398900,-23.712757085648885,-0.36512905466273154,7.44771638909248,-0.015117187052965164,-0.0005957031389698386,-0.002524414099752903,0,-23.2979679107666,-0.39990234375,-1.3280420079827309,-0.4147891748822836,0.034773289087268455,8.775758397075212,8.785624319595595
1780771791769398900,-23.712757085648885,-0.36512905466273154,7.44771638909248,-0.015117187052965164,-0.0005957031389698386,-0.002524414099752903,0,-23.2979679107666,-0.39990234375,-1.3280420079827309,-0.4147891748822836,0.034773289087268455,8.775758397075212,8.785624319595595
1780771791769398900,-23.712757085648885,-0.36512905466273154,7.44771638909248,-0.015117187052965164,-0.0005957031389698386,-0.002524414099752903,0,-23.2979679107666,-0.39990234375,-1.3280420079827309,-0.4147891748822836,0.034773289087268455,8.775758397075212,8.785624319595595
1780771791769398900,-23.712757085648885,-0.36512905466273154,7.44771638909248,-0.015117187052965164,-0.0005957031389698386,-0.002524414099752903,0,-23.2979679107666,-0.39990234375,-1.3280420079827309,-0.4147891748822836,0.034773289087268455,8.775758397075212,8.785624319595595
1780771791769398900,-23.66917882899591,-0.3652089797919796,7.591517742024398,-0.019296875223517418,-0.0007128905854187906,-0.00896484311670065,0,-23.2979679107666,-0.39990234375,-1.3280420079827309,-0.3712109182293091,0.03469336395802042,8.919559750007128,8.927348279823219
1780771791769398900,-23.66917882899591,-0.3652089797919796,7.591517742024398,-0.019296875223517418,-0.0007128905854187906,-0.00896484311670065,0,-23.2979679107666,-0.39990234375,-1.3280420079827309,-0.3712109182293091,0.03469336395802042,8.919559750007128,8.927348279823219
1780771791769398900,-23.66917882899591,-0.3652089797919796,7.591517742024398,-0.019296875223517418,-0.0007128905854187906,-0.00896484311670065,0,-23.2979679107666,-0.39990234375,-1.3280420079827309,-0.3712109182293091,0.03469336395802042,8.919559750007128,8.927348279823219
1780771791769398900,-23.66917882899591,-0.3652089797919796,7.591517742024398,-0.019296875223517418,-0.0007128905854187906,-0.00896484311670065,0,-23.2979679107666,-0.39990234375,-1.3280420079827309,-0.3712109182293091,0.03469336395802042,8.919559750007128,8.927348279823219
1780771791769398900,-23.66917882899591,-0.3652089797919796,7.591517742024398,-0.019296875223517418,-0.0007128905854187906,-0.00896484311670065,0,-23.2979679107666,-0.39990234375,-1.3280420079827309,-0.3712109182293091,0.03469336395802042,8.919559750007128,8.927348279823219
1780771791802859600,-22.808842202215715,-0.3935639951812166,8.372738086190102,-0.019296875223517418,-0.0007128905854187906,-0.00896484311670065,0,-23.2979679107666,-0.39990234375,-1.3280420079827309,0.4891257085508869,0.006338348568783403,9.700780094172833,9.713105505909418
1780771791802859600,-22.811068763523622,-0.3936225889335449,8.369154101740596,-0.021523436531424522,-0.000771484337747097,-0.012548827566206455,0,-23.2979679107666,-0.39990234375,-1.3280420079827309,0.4868991472429798,0.0062797548164550965,9.697196109723327,9.709414122661558
1780771791802859600,-22.811068763523622,-0.3936225889335449,8.369154101740596,-0.021523436531424522,-0.000771484337747097,-0.012548827566206455,0,-23.2979679107666,-0.39990234375,-1.3280420079827309,0.4868991472429798,0.0062797548164550965,9.697196109723327,9.709414122661558
1780771791802859600,-22.811068763523622,-0.3936225889335449,8.369154101740596,-0.021523436531424522,-0.000771484337747097,-0.012548827566206455,0,-23.2979679107666,-0.39990234375,-1.3280420079827309,0.4868991472429798,0.0062797548164550965,9.697196109723327,9.709414122661558
1780771791802859600,-22.811068763523622,-0.3936225889335449,8.369154101740596,-0.021523436531424522,-0.000771484337747097,-0.012548827566206455,0,-23.2979679107666,-0.39990234375,-1.3280420079827309,0.4868991472429798,0.0062797548164550965,9.697196109723327,9.709414122661558
1780771791802859600,-22.811068763523622,-0.3936225889335449,8.369154101740596,-0.021523436531424522,-0.000771484337747097,-0.012548827566206455,0,-23.2979679107666,-0.39990234375,-1.3280420079827309,0.4868991472429798,0.0062797548164550965,9.697196109723327,9.709414122661558
1780771791802859600,-22.721594160637252,-0.39365235974890717,8.612971507614013,-0.02597656100988388,-0.0008886718424037099,-0.019833983853459358,0,-23.2979679107666,-0.39990234375,-1.3280420079827309,0.5763737501293491,0.006249984001092834,9.941013515596744,9.957710353259696
1780771791802859600,-22.721594160637252,-0.39365235974890717,8.612971507614013,-0.02597656100988388,-0.0008886718424037099,-0.019833983853459358,0,-23.2979679107666,-0.39990234375,-1.3280420079827309,0.5763737501293491,0.006249984001092834,9.941013515596744,9.957710353259696
1780771791802859600,-22.721594160637252,-0.39365235974890717,8.612971507614013,-0.02597656100988388,-0.0008886718424037099,-0.019833983853459358,0,-23.2979679107666,-0.39990234375,-1.3280420079827309,0.5763737501293491,0.006249984001092834,9.941013515596744,9.957710353259696
1780771791802859600,-22.721594160637252,-0.39365235974890717,8.612971507614013,-0.02597656100988388,-0.0008886718424037099,-0.019833983853459358,0,-23.2979679107666,-0.39990234375,-1.3280420079827309,0.5763737501293491,0.006249984001092834,9.941013515596744,9.957710353259696
1780771791802859600,-22.672773269095476,-0.39360371989602255,8.740247405622336,-0.02597656100988388,-0.0008886718424037099,-0.019833983853459358,0,-23.2979679107666,-0.39990234375,-1.3280420079827309,0.6251946416711256,0.0062986238539774475,10.068289413605067,10.087683566049671
1780771791802859600,-22.677929519766028,-0.39372090740067917,8.73141439773533,-0.031132811680436134,-0.0010058593470603228,-0.028666991740465164,0,-23.2979679107666,-0.39990234375,-1.3280420079827309,0.6200383910005733,0.006181436349320835,10.05945640571806,10.078548952850904
1780771791802859600,-22.677929519766028,-0.39372090740067917,8.73141439773533,-0.031132811680436134,-0.0010058593470603228,-0.028666991740465164,0,-23.2979679107666,-0.39990234375,-1.3280420079827309,0.6200383910005733,0.006181436349320835,10.05945640571806,10.078548952850904
1780771791802859600,-22.677929519766028,-0.39372090740067917,8.73141439773533,-0.031132811680436134,-0.0010058593470603228,-0.028666991740465164,0,-23.2979679107666,-0.39990234375,-1.3280420079827309,0.6200383910005733,0.006181436349320835,10.05945640571806,10.078548952850904
1780771791802859600,-22.631483712740742,-0.3936905185994038,8.850555389971506,-0.031132811680436134,-0.0010058593470603228,-0.028666991740465164,0,-23.2979679107666,-0.39990234375,-1.3280420079827309,0.6664841980258593,0.006211825150596206,10.178597397954237,10.200396304194784
1780771791802859600,-22.631483712740742,-0.3936905185994038,8.850555389971506,-0.031132811680436134,-0.0010058593470603228,-0.028666991740465164,0,-23.2979679107666,-0.39990234375,-1.3280420079827309,0.6664841980258593,0.006211825150596206,10.178597397954237,10.200396304194784
1780771791802859600,-22.631483712740742,-0.3936905185994038,8.850555389971506,-0.031132811680436134,-0.0010058593470603228,-0.028666991740465164,0,-23.2979679107666,-0.39990234375,-1.3280420079827309,0.6664841980258593,0.006211825150596206,10.178597397954237,10.200396304194784
1780771791802859600,-22.631483712740742,-0.3936905185994038,8.850555389971506,-0.031132811680436134,-0.0010058593470603228,-0.028666991740465164,0,-23.2979679107666,-0.39990234375,-1.3280420079827309,0.6664841980258593,0.006211825150596206,10.178597397954237,10.200396304194784
1780771791836523500,-22.64308242415765,-0.37067973081064787,9.584642577754801,-0.031132811680436134,-0.0010058593470603228,-0.028666991740465164,0,-23.2979679107666,-0.39990234375,-1.3280420079827309,0.6548854866089506,0.029222612939352133,10.912684585737532,10.932356279845235
1780771791836523500,-22.59455518206169,-0.37064717276357834,9.697996421917646,-0.031132811680436134,-0.0010058593470603228,-0.028666991740465164,0,-23.2979679107666,-0.39990234375,-1.3280420079827309,0.7034127287049117,0.029255170986421664,11.026038429900376,11.048491697493079
1780771791836523500,-22.59455518206169,-0.37064717276357834,9.697996421917646,-0.031132811680436134,-0.0010058593470603228,-0.028666991740465164,0,-23.2979679107666,-0.39990234375,-1.3280420079827309,0.7034127287049117,0.029255170986421664,11.026038429900376,11.048491697493079
1780771791836523500,-22.59455518206169,-0.37064717276357834,9.697996421917646,-0.031132811680436134,-0.0010058593470603228,-0.028666991740465164,0,-23.2979679107666,-0.39990234375,-1.3280420079827309,0.7034127287049117,0.029255170986421664,11.026038429900376,11.048491697493079
1780771791836523500,-22.59455518206169,-0.37064717276357834,9.697996421917646,-0.031132811680436134,-0.0010058593470603228,-0.028666991740465164,0,-23.2979679107666,-0.39990234375,-1.3280420079827309,0.7034127287049117,0.029255170986421664,11.026038429900376,11.048491697493079
1780771791836523500,-22.520526806035512,-0.3707818994022969,9.871538440058423,-0.038750000298023224,-0.0011621093144640326,-0.042377930134534836,0,-23.2979679107666,-0.39990234375,-1.3280420079827309,0.7774411047310892,0.02912044434770311,11.199580448041154,11.226569595551002
1780771791836523500,-22.520526806035512,-0.3707818994022969,9.871538440058423,-0.038750000298023224,-0.0011621093144640326,-0.042377930134534836,0,-23.2979679107666,-0.39990234375,-1.3280420079827309,0.7774411047310892,0.02912044434770311,11.199580448041154,11.226569595551002
1780771791836523500,-22.520526806035512,-0.3707818994022969,9.871538440058423,-0.038750000298023224,-0.0011621093144640326,-0.042377930134534836,0,-23.2979679107666,-0.39990234375,-1.3280420079827309,0.7774411047310892,0.02912044434770311,11.199580448041154,11.226569595551002
1780771791836523500,-22.520526806035512,-0.3707818994022969,9.871538440058423,-0.038750000298023224,-0.0011621093144640326,-0.042377930134534836,0,-23.2979679107666,-0.39990234375,-1.3280420079827309,0.7774411047310892,0.02912044434770311,11.199580448041154,11.226569595551002
1780771791836523500,-22.520526806035512,-0.3707818994022969,9.871538440058423,-0.038750000298023224,-0.0011621093144640326,-0.042377930134534836,0,-23.2979679107666,-0.39990234375,-1.3280420079827309,0.7774411047310892,0.02912044434770311,11.199580448041154,11.226569595551002
1780771791836523500,-22.47787215440168,-0.3708342540332345,9.968799492213988,-0.041679687798023224,-0.001220703125,-0.0478515625,0,-23.2979679107666,-0.39990234375,-1.3280420079827309,0.8200957563649212,0.0290680897167655,11.296841500196718,11.326607165608523
1780771791836523500,-22.47787215440168,-0.3708342540332345,9.968799492213988,-0.041679687798023224,-0.001220703125,-0.0478515625,0,-23.2979679107666,-0.39990234375,-1.3280420079827309,0.8200957563649212,0.0290680897167655,11.296841500196718,11.326607165608523
1780771791836523500,-22.47787215440168,-0.3708342540332345,9.968799492213988,-0.041679687798023224,-0.001220703125,-0.0478515625,0,-23.2979679107666,-0.39990234375,-1.3280420079827309,0.8200957563649212,0.0290680897167655,11.296841500196718,11.326607165608523
1780771791836523500,-22.47787215440168,-0.3708342540332345,9.968799492213988,-0.041679687798023224,-0.001220703125,-0.0478515625,0,-23.2979679107666,-0.39990234375,-1.3280420079827309,0.8200957563649212,0.0290680897167655,11.296841500196718,11.326607165608523
1780771791836523500,-22.436157489328806,-0.37089383479236654,10.062655397675398,-0.04468749836087227,-0.0012792968191206455,-0.05357421934604645,0,-23.2979679107666,-0.39990234375,-1.3280420079827309,0.8618104214377951,0.02900850895763346,11.390697405658129,11.423289634923801
1780771791836523500,-22.436157489328806,-0.37089383479236654,10.062655397675398,-0.04468749836087227,-0.0012792968191206455,-0.05357421934604645,0,-23.2979679107666,-0.39990234375,-1.3280420079827309,0.8618104214377951,0.02900850895763346,11.390697405658129,11.423289634923801
1780771791869392500,-21.700256917513617,-0.4051756863147259,10.373154481625836,-0.04468749836087227,-0.0012792968191206455,-0.05357421934604645,0,-23.2979679107666,-0.39990234375,-1.3280420079827309,1.597710993252985,-0.005273342564725891,11.701196489608567,11.809771696122286
1780771791869392500,-21.700256917513617,-0.4051756863147259,10.373154481625836,-0.04468749836087227,-0.0012792968191206455,-0.05357421934604645,0,-23.2979679107666,-0.39990234375,-1.3280420079827309,1.597710993252985,-0.005273342564725891,11.701196489608567,11.809771696122286
1780771791869392500,-21.65438274717997,-0.40517165489330303,10.467900619340616,-0.04468749836087227,-0.0012792968191206455,-0.05357421934604645,0,-23.2979679107666,-0.39990234375,-1.3280420079827309,1.643585163586632,-0.005269311143303035,11.795942627323347,11.909897666340633
1780771791869392500,-21.65438274717997,-0.40517165489330303,10.467900619340616,-0.04468749836087227,-0.0012792968191206455,-0.05357421934604645,0,-23.2979679107666,-0.39990234375,-1.3280420079827309,1.643585163586632,-0.005269311143303035,11.795942627323347,11.909897666340633
1780771791869392500,-21.663328059530958,-0.4053474362084956,10.450302966368872,-0.05363281071186066,-0.0014550781343132257,-0.07117187231779099,0,-23.2979679107666,-0.39990234375,-1.3280420079827309,1.6346398512356437,-0.005445092458495615,11.778344974351603,11.891235740120251
1780771791869392500,-21.663328059530958,-0.4053474362084956,10.450302966368872,-0.05363281071186066,-0.0014550781343132257,-0.07117187231779099,0,-23.2979679107666,-0.39990234375,-1.3280420079827309,1.6346398512356437,-0.005445092458495615,11.778344974351603,11.891235740120251
1780771791869392500,-21.663328059530958,-0.4053474362084956,10.450302966368872,-0.05363281071186066,-0.0014550781343132257,-0.07117187231779099,0,-23.2979679107666,-0.39990234375,-1.3280420079827309,1.6346398512356437,-0.005445092458495615,11.778344974351603,11.891235740120251
1780771791869392500,-21.584498082436966,-0.40534265125899066,10.610691543957444,-0.05363281071186066,-0.0014550781343132257,-0.07117187231779099,0,-23.2979679107666,-0.39990234375,-1.3280420079827309,1.713469828329636,-0.0054403075089906605,11.938733551940174,12.061068247620684
1780771791869392500,-21.584498082436966,-0.40534265125899066,10.610691543957444,-0.05363281071186066,-0.0014550781343132257,-0.07117187231779099,0,-23.2979679107666,-0.39990234375,-1.3280420079827309,1.713469828329636,-0.0054403075089906605,11.938733551940174,12.061068247620684
1780771791869392500,-21.587779333033012,-0.4054012449531113,10.604031388005467,-0.056914061307907104,-0.0015136718284338713,-0.07783202826976776,0,-23.2979679107666,-0.39990234375,-1.3280420079827309,1.7101885777335895,-0.005498901203111306,11.932073395988198,12.054009736870723
1780771791869392500,-21.587779333033012,-0.4054012449531113,10.604031388005467,-0.056914061307907104,-0.0015136718284338713,-0.07783202826976776,0,-23.2979679107666,-0.39990234375,-1.3280420079827309,1.7101885777335895,-0.005498901203111306,11.932073395988198,12.054009736870723
1780771791869392500,-21.507556068708258,-0.4053956133337297,10.764230847979338,-0.056914061307907104,-0.0015136718284338713,-0.07783202826976776,0,-23.2979679107666,-0.39990234375,-1.3280420079827309,1.7904118420583437,-0.0054932695837296985,12.092272855962069,12.224101912338204
1780771791869392500,-21.507556068708258,-0.4053956133337297,10.764230847979338,-0.056914061307907104,-0.0015136718284338713,-0.07783202826976776,0,-23.2979679107666,-0.39990234375,-1.3280420079827309,1.7904118420583437,-0.0054932695837296985,12.092272855962069,12.224101912338204
1780771791869392500,-21.507556068708258,-0.4053956133337297,10.764230847979338,-0.056914061307907104,-0.0015136718284338713,-0.07783202826976776,0,-23.2979679107666,-0.39990234375,-1.3280420079827309,1.7904118420583437,-0.0054932695837296985,12.092272855962069,12.224101912338204
1780771791869392500,-21.510915442367153,-0.40545420714426567,10.757331431532652,-0.0602734349668026,-0.0015722656389698386,-0.08473144471645355,0,-23.2979679107666,-0.39990234375,-1.3280420079827309,1.7870524683994482,-0.005551863394265666,12.085373439515383,12.216785113954636
1780771791869392500,-21.510915442367153,-0.40545420714426567,10.757331431532652,-0.0602734349668026,-0.0015722656389698386,-0.08473144471645355,0,-23.2979679107666,-0.39990234375,-1.3280420079827309,1.7870524683994482,-0.005551863394265666,12.085373439515383,12.216785113954636
1780771791902965700,-21.167429253916612,-0.41676359201999663,11.145404163319146,-0.0602734349668026,-0.0015722656389698386,-0.08473144471645355,0,-23.2979679107666,-0.39990234375,-1.3280420079827309,2.130538656849989,-0.01686124826999663,12.473446171301877,12.654103629194397
1780771791902965700,-21.167429253916612,-0.41676359201999663,11.145404163319146,-0.0602734349668026,-0.0015722656389698386,-0.08473144471645355,0,-23.2979679107666,-0.39990234375,-1.3280420079827309,2.130538656849989,-0.01686124826999663,12.473446171301877,12.654103629194397
1780771791902965700,-21.167429253916612,-0.41676359201999663,11.145404163319146,-0.0602734349668026,-0.0015722656389698386,-0.08473144471645355,0,-23.2979679107666,-0.39990234375,-1.3280420079827309,2.130538656849989,-0.01686124826999663,12.473446171301877,12.654103629194397
1780771791902965700,-21.167429253916612,-0.41676359201999663,11.145404163319146,-0.0602734349668026,-0.0015722656389698386,-0.08473144471645355,0,-23.2979679107666,-0.39990234375,-1.3280420079827309,2.130538656849989,-0.01686124826999663,12.473446171301877,12.654103629194397
1780771791902965700,-21.082009866097604,-0.4168918188049218,11.302134316380688,-0.06871093809604645,-0.001708984375,-0.10265624523162842,0,-23.2979679107666,-0.39990234375,-1.3280420079827309,2.215958044668998,-0.01698947505492182,12.630176324363418,12.823108542101098
1780771791902965700,-21.082009866097604,-0.4168918188049218,11.302134316380688,-0.06871093809604645,-0.001708984375,-0.10265624523162842,0,-23.2979679107666,-0.39990234375,-1.3280420079827309,2.215958044668998,-0.01698947505492182,12.630176324363418,12.823108542101098
1780771791902965700,-21.082009866097604,-0.4168918188049218,11.302134316380688,-0.06871093809604645,-0.001708984375,-0.10265624523162842,0,-23.2979679107666,-0.39990234375,-1.3280420079827309,2.215958044668998,-0.01698947505492182,12.630176324363418,12.823108542101098
1780771791902965700,-21.082009866097604,-0.4168918188049218,11.302134316380688,-0.06871093809604645,-0.001708984375,-0.10265624523162842,0,-23.2979679107666,-0.39990234375,-1.3280420079827309,2.215958044668998,-0.01698947505492182,12.630176324363418,12.823108542101098
1780771791902965700,-21.082009866097604,-0.4168918188049218,11.302134316380688,-0.06871093809604645,-0.001708984375,-0.10265624523162842,0,-23.2979679107666,-0.39990234375,-1.3280420079827309,2.215958044668998,-0.01698947505492182,12.630176324363418,12.823108542101098
1780771791902965700,-21.082009866097604,-0.4168918188049218,11.302134316380688,-0.06871093809604645,-0.001708984375,-0.10265624523162842,0,-23.2979679107666,-0.39990234375,-1.3280420079827309,2.215958044668998,-0.01698947505492182,12.630176324363418,12.823108542101098
1780771791902965700,-21.046488047496332,-0.416883129495655,11.367341765027255,-0.06871093809604645,-0.001708984375,-0.10265624523162842,0,-23.2979679107666,-0.39990234375,-1.3280420079827309,2.2514798632702693,-0.01698078574565498,12.695383773009986,12.893495223010762
1780771791902965700,-21.050003671006216,-0.4169417231897756,11.3596708633115,-0.07222656160593033,-0.0017675780691206455,-0.11032714694738388,0,-23.2979679107666,-0.39990234375,-1.3280420079827309,2.2479642397603854,-0.017039379439775626,12.68771287129423,12.885328535512723
1780771791902965700,-21.050003671006216,-0.4169417231897756,11.3596708633115,-0.07222656160593033,-0.0017675780691206455,-0.11032714694738388,0,-23.2979679107666,-0.39990234375,-1.3280420079827309,2.2479642397603854,-0.017039379439775626,12.68771287129423,12.885328535512723
1780771791902965700,-21.050003671006216,-0.4169417231897756,11.3596708633115,-0.07222656160593033,-0.0017675780691206455,-0.11032714694738388,0,-23.2979679107666,-0.39990234375,-1.3280420079827309,2.2479642397603854,-0.017039379439775626,12.68771287129423,12.885328535512723
1780771791902965700,-21.050003671006216,-0.4169417231897756,11.3596708633115,-0.07222656160593033,-0.0017675780691206455,-0.11032714694738388,0,-23.2979679107666,-0.39990234375,-1.3280420079827309,2.2479642397603854,-0.017039379439775626,12.68771287129423,12.885328535512723
1780771791902965700,-21.050003671006216,-0.4169417231897756,11.3596708633115,-0.07222656160593033,-0.0017675780691206455,-0.11032714694738388,0,-23.2979679107666,-0.39990234375,-1.3280420079827309,2.2479642397603854,-0.017039379439775626,12.68771287129423,12.885328535512723
1780771791902965700,-21.015009641908527,-0.41693280654183434,11.423442014183609,-0.07222656160593033,-0.0017675780691206455,-0.11032714694738388,0,-23.2979679107666,-0.39990234375,-1.3280420079827309,2.2829582688580743,-0.017030462791834344,12.75148402216634,12.954247691841228
1780771791902965700,-21.01860339220655,-0.4169914003523703,11.415561155106632,-0.07582031190395355,-0.0018261718796566129,-0.11820800602436066,0,-23.2979679107666,-0.39990234375,-1.3280420079827309,2.279364518560051,-0.01708905660237031,12.743603163089363,12.945857106527448
1780771791902965700,-21.01860339220655,-0.4169914003523703,11.415561155106632,-0.07582031190395355,-0.0018261718796566129,-0.11820800602436066,0,-23.2979679107666,-0.39990234375,-1.3280420079827309,2.279364518560051,-0.01708905660237031,12.743603163089363,12.945857106527448
1780771791902965700,-21.01860339220655,-0.4169914003523703,11.415561155106632,-0.07582031190395355,-0.0018261718796566129,-0.11820800602436066,0,-23.2979679107666,-0.39990234375,-1.3280420079827309,2.279364518560051,-0.01708905660237031,12.743603163089363,12.945857106527448
1780771791902965700,-21.01860339220655,-0.4169914003523703,11.415561155106632,-0.07582031190395355,-0.0018261718796566129,-0.11820800602436066,0,-23.2979679107666,-0.39990234375,-1.3280420079827309,2.279364518560051,-0.01708905660237031,12.743603163089363,12.945857106527448
1780771791902965700,-21.01860339220655,-0.4169914003523703,11.415561155106632,-0.07582031190395355,-0.0018261718796566129,-0.11820800602436066,0,-23.2979679107666,-0.39990234375,-1.3280420079827309,2.279364518560051,-0.01708905660237031,12.743603163089363,12.945857106527448
1780771791934006200,-20.56569451126159,-0.3894632270151276,11.574906743836626,-0.07582031190395355,-0.0018261718796566129,-0.11820800602436066,0,-23.2979679107666,-0.39990234375,-1.3280420079827309,2.7322733995050115,0.010439116734872411,12.902948751819357,13.18906795027145
1780771791934006200,-20.569327324953683,-0.38952182070924823,11.566830567789301,-0.07945312559604645,-0.0018847655737772584,-0.1262841820716858,0,-23.2979679107666,-0.39990234375,-1.3280420079827309,2.7286405858129186,0.010380523040751766,12.894872575772032,13.180414483133742
1780771791934006200,-20.569327324953683,-0.38952182070924823,11.566830567789301,-0.07945312559604645,-0.0018847655737772584,-0.1262841820716858,0,-23.2979679107666,-0.39990234375,-1.3280420079827309,2.7286405858129186,0.010380523040751766,12.894872575772032,13.180414483133742
1780771791934006200,-20.569327324953683,-0.38952182070924823,11.566830567789301,-0.07945312559604645,-0.0018847655737772584,-0.1262841820716858,0,-23.2979679107666,-0.39990234375,-1.3280420079827309,2.7286405858129186,0.010380523040751766,12.894872575772032,13.180414483133742
1780771791934006200,-20.469391458607355,-0.38947219219338264,11.740237233581462,-0.07945312559604645,-0.0018847655737772584,-0.1262841820716858,0,-23.2979679107666,-0.39990234375,-1.3280420079827309,2.828576452159247,0.010430151556617362,13.068279241564193,13.370896599303611
1780771791934006200,-20.469391458607355,-0.38947219219338264,11.740237233581462,-0.07945312559604645,-0.0018847655737772584,-0.1262841820716858,0,-23.2979679107666,-0.39990234375,-1.3280420079827309,2.828576452159247,0.010430151556617362,13.068279241564193,13.370896599303611
1780771791934006200,-20.469391458607355,-0.38947219219338264,11.740237233581462,-0.07945312559604645,-0.0018847655737772584,-0.1262841820716858,0,-23.2979679107666,-0.39990234375,-1.3280420079827309,2.828576452159247,0.010430151556617362,13.068279241564193,13.370896599303611
1780771791934006200,-20.469391458607355,-0.38947219219338264,11.740237233581462,-0.07945312559604645,-0.0018847655737772584,-0.1262841820716858,0,-23.2979679107666,-0.39990234375,-1.3280420079827309,2.828576452159247,0.010430151556617362,13.068279241564193,13.370896599303611
1780771791934006200,-20.480875828242937,-0.3896479733921599,11.714026299657741,-0.09093749523162842,-0.002060546772554517,-0.1524951159954071,0,-23.2979679107666,-0.39990234375,-1.3280420079827309,2.817092082523665,0.010254370357840104,13.042068307640472,13.342850471120816
1780771791934006200,-20.480875828242937,-0.3896479733921599,11.714026299657741,-0.09093749523162842,-0.002060546772554517,-0.1524951159954071,0,-23.2979679107666,-0.39990234375,-1.3280420079827309,2.817092082523665,0.010254370357840104,13.042068307640472,13.342850471120816
1780771791934006200,-20.480875828242937,-0.3896479733921599,11.714026299657741,-0.09093749523162842,-0.002060546772554517,-0.1524951159954071,0,-23.2979679107666,-0.39990234375,-1.3280420079827309,2.817092082523665,0.010254370357840104,13.042068307640472,13.342850471120816
1780771791934006200,-20.45053417809269,-0.3896447194602582,11.766009033676536,-0.09093749523162842,-0.002060546772554517,-0.1524951159954071,0,-23.2979679107666,-0.39990234375,-1.3280420079827309,2.847433732673913,0.010257624289741807,13.094051041659267,13.400080475967428
1780771791934006200,-20.45053417809269,-0.3896447194602582,11.766009033676536,-0.09093749523162842,-0.002060546772554517,-0.1524951159954071,0,-23.2979679107666,-0.39990234375,-1.3280420079827309,2.847433732673913,0.010257624289741807,13.094051041659267,13.400080475967428
1780771791934006200,-20.45053417809269,-0.3896447194602582,11.766009033676536,-0.09093749523162842,-0.002060546772554517,-0.1524951159954071,0,-23.2979679107666,-0.39990234375,-1.3280420079827309,2.847433732673913,0.010257624289741807,13.094051041659267,13.400080475967428
1780771791934006200,-20.42410454229749,-0.3896999838917654,11.808661955611313,-0.0947265625,-0.0021191404666751623,-0.1613134741783142,0,-23.2979679107666,-0.39990234375,-1.3280420079827309,2.873863368469113,0.010202359858234589,13.136703963594044,13.447385834275849
1780771791934006200,-20.42410454229749,-0.3896999838917654,11.808661955611313,-0.0947265625,-0.0021191404666751623,-0.1613134741783142,0,-23.2979679107666,-0.39990234375,-1.3280420079827309,2.873863368469113,0.010202359858234589,13.136703963594044,13.447385834275849
1780771791934006200,-20.42410454229749,-0.3896999838917654,11.808661955611313,-0.0947265625,-0.0021191404666751623,-0.1613134741783142,0,-23.2979679107666,-0.39990234375,-1.3280420079827309,2.873863368469113,0.010202359858234589,13.136703963594044,13.447385834275849
1780771791934006200,-20.42410454229749,-0.3896999838917654,11.808661955611313,-0.0947265625,-0.0021191404666751623,-0.1613134741783142,0,-23.2979679107666,-0.39990234375,-1.3280420079827309,2.873863368469113,0.010202359858234589,13.136703963594044,13.447385834275849
1780771791934006200,-20.42410454229749,-0.3896999838917654,11.808661955611313,-0.0947265625,-0.0021191404666751623,-0.1613134741783142,0,-23.2979679107666,-0.39990234375,-1.3280420079827309,2.873863368469113,0.010202359858234589,13.136703963594044,13.447385834275849
1780771791969336800,-20.13779873058237,-0.42088659752375396,12.027932831219424,-0.09855468571186066,-0.0021777343936264515,-0.17030273377895355,0,-23.2979679107666,-0.39990234375,-1.3280420079827309,3.16016918018423,-0.020984253773753958,13.355974839202155,13.724764970362653
1780771791969336800,-20.13779873058237,-0.42088659752375396,12.027932831219424,-0.09855468571186066,-0.0021777343936264515,-0.17030273377895355,0,-23.2979679107666,-0.39990234375,-1.3280420079827309,3.16016918018423,-0.020984253773753958,13.355974839202155,13.724764970362653
1780771791969336800,-20.13779873058237,-0.42088659752375396,12.027932831219424,-0.09855468571186066,-0.0021777343936264515,-0.17030273377895355,0,-23.2979679107666,-0.39990234375,-1.3280420079827309,3.16016918018423,-0.020984253773753958,13.355974839202155,13.724764970362653
1780771791969336800,-20.13779873058237,-0.42088659752375396,12.027932831219424,-0.09855468571186066,-0.0021777343936264515,-0.17030273377895355,0,-23.2979679107666,-0.39990234375,-1.3280420079827309,3.16016918018423,-0.020984253773753958,13.355974839202155,13.724764970362653
1780771791969336800,-20.13779873058237,-0.42088659752375396,12.027932831219424,-0.09855468571186066,-0.0021777343936264515,-0.17030273377895355,0,-23.2979679107666,-0.39990234375,-1.3280420079827309,3.16016918018423,-0.020984253773753958,13.355974839202155,13.724764970362653
1780771791969336800,-20.13779873058237,-0.42088659752375396,12.027932831219424,-0.09855468571186066,-0.0021777343936264515,-0.17030273377895355,0,-23.2979679107666,-0.39990234375,-1.3280420079827309,3.16016918018423,-0.020984253773753958,13.355974839202155,13.724764970362653
1780771791969336800,-20.08854486263737,-0.4208720128425008,12.108482129909682,-0.09855468571186066,-0.0021777343936264515,-0.17030273377895355,0,-23.2979679107666,-0.39990234375,-1.3280420079827309,3.2094230481292314,-0.02096966909250081,13.436524137892413,13.814521958325248
1780771791969336800,-20.08854486263737,-0.4208720128425008,12.108482129909682,-0.09855468571186066,-0.0021777343936264515,-0.17030273377895355,0,-23.2979679107666,-0.39990234375,-1.3280420079827309,3.2094230481292314,-0.02096966909250081,13.436524137892413,13.814521958325248
1780771791969336800,-20.09526360995516,-0.42096966899936855,12.092456735708403,-0.10527343302965164,-0.002275390550494194,-0.18632812798023224,0,-23.2979679107666,-0.39990234375,-1.3280420079827309,3.2027043008114404,-0.02106732524936855,13.420498743691134,13.797374576347652
1780771791969336800,-20.09526360995516,-0.42096966899936855,12.092456735708403,-0.10527343302965164,-0.002275390550494194,-0.18632812798023224,0,-23.2979679107666,-0.39990234375,-1.3280420079827309,3.2027043008114404,-0.02106732524936855,13.420498743691134,13.797374576347652
1780771791969336800,-20.09526360995516,-0.42096966899936855,12.092456735708403,-0.10527343302965164,-0.002275390550494194,-0.18632812798023224,0,-23.2979679107666,-0.39990234375,-1.3280420079827309,3.2027043008114404,-0.02106732524936855,13.420498743691134,13.797374576347652
1780771791969336800,-20.09526360995516,-0.42096966899936855,12.092456735708403,-0.10527343302965164,-0.002275390550494194,-0.18632812798023224,0,-23.2979679107666,-0.39990234375,-1.3280420079827309,3.2027043008114404,-0.02106732524936855,13.420498743691134,13.797374576347652
1780771791969336800,-20.09526360995516,-0.42096966899936855,12.092456735708403,-0.10527343302965164,-0.002275390550494194,-0.18632812798023224,0,-23.2979679107666,-0.39990234375,-1.3280420079827309,3.2027043008114404,-0.02106732524936855,13.420498743691134,13.797374576347652
1780771791969336800,-20.09526360995516,-0.42096966899936855,12.092456735708403,-0.10527343302965164,-0.002275390550494194,-0.18632812798023224,0,-23.2979679107666,-0.39990234375,-1.3280420079827309,3.2027043008114404,-0.02106732524936855,13.420498743691134,13.797374576347652
1780771791969336800,-20.06850581652238,-0.42096702333243635,12.13591274048355,-0.10527343302965164,-0.002275390550494194,-0.18632812798023224,0,-23.2979679107666,-0.39990234375,-1.3280420079827309,3.229462094244223,-0.021064679582436352,13.46395474846628,13.84586388087193
1780771791969336800,-20.07635737991645,-0.4210842109535083,12.116938138261107,-0.11312499642372131,-0.0023925781715661287,-0.20530273020267487,0,-23.2979679107666,-0.39990234375,-1.3280420079827309,3.2216105308501533,-0.021181867203508287,13.444980146243838,13.825581876249325
1780771791969336800,-20.07635737991645,-0.4210842109535083,12.116938138261107,-0.11312499642372131,-0.0023925781715661287,-0.20530273020267487,0,-23.2979679107666,-0.39990234375,-1.3280420079827309,3.2216105308501533,-0.021181867203508287,13.444980146243838,13.825581876249325
1780771791969336800,-20.07635737991645,-0.4210842109535083,12.116938138261107,-0.11312499642372131,-0.0023925781715661287,-0.20530273020267487,0,-23.2979679107666,-0.39990234375,-1.3280420079827309,3.2216105308501533,-0.021181867203508287,13.444980146243838,13.825581876249325
1780771791969336800,-20.07635737991645,-0.4210842109535083,12.116938138261107,-0.11312499642372131,-0.0023925781715661287,-0.20530273020267487,0,-23.2979679107666,-0.39990234375,-1.3280420079827309,3.2216105308501533,-0.021181867203508287,13.444980146243838,13.825581876249325
1780771791969336800,-20.050321774896318,-0.42108162358275386,12.15901908706041,-0.11312499642372131,-0.0023925781715661287,-0.20530273020267487,0,-23.2979679107666,-0.39990234375,-1.3280420079827309,3.2476461358702835,-0.02117927983275386,13.48706109504314,13.872579823780207
1780771791969336800,-20.050321774896318,-0.42108162358275386,12.15901908706041,-0.11312499642372131,-0.0023925781715661287,-0.20530273020267487,0,-23.2979679107666,-0.39990234375,-1.3280420079827309,3.2476461358702835,-0.02117927983275386,13.48706109504314,13.872579823780207
1780771792002412400,-19.656732221551366,-0.38380196442324505,12.395249575670713,-0.11707030981779099,-0.0024511718656867743,-0.21501463651657104,0,-23.2979679107666,-0.39990234375,-1.3280420079827309,3.641235689215236,0.016100379326754954,13.723291583653443,14.198154403182219
1780771792002412400,-19.656732221551366,-0.38380196442324505,12.395249575670713,-0.11707030981779099,-0.0024511718656867743,-0.21501463651657104,0,-23.2979679107666,-0.39990234375,-1.3280420079827309,3.641235689215236,0.016100379326754954,13.723291583653443,14.198154403182219
1780771792002412400,-19.656732221551366,-0.38380196442324505,12.395249575670713,-0.11707030981779099,-0.0024511718656867743,-0.21501463651657104,0,-23.2979679107666,-0.39990234375,-1.3280420079827309,3.641235689215236,0.016100379326754954,13.723291583653443,14.198154403182219
1780771792002412400,-19.63143220261374,-0.38379954856558685,12.434366094791537,-0.11707030981779099,-0.0024511718656867743,-0.21501463651657104,0,-23.2979679107666,-0.39990234375,-1.3280420079827309,3.6665357081528605,0.016102795184413154,13.762408102774268,14.242458361760429
1780771792002412400,-19.63143220261374,-0.38379954856558685,12.434366094791537,-0.11707030981779099,-0.0024511718656867743,-0.21501463651657104,0,-23.2979679107666,-0.39990234375,-1.3280420079827309,3.6665357081528605,0.016102795184413154,13.762408102774268,14.242458361760429
1780771792002412400,-19.63143220261374,-0.38379954856558685,12.434366094791537,-0.11707030981779099,-0.0024511718656867743,-0.21501463651657104,0,-23.2979679107666,-0.39990234375,-1.3280420079827309,3.6665357081528605,0.016102795184413154,13.762408102774268,14.242458361760429
1780771792002412400,-19.638580639815718,-0.3838972047224546,12.416690307581073,-0.12421874701976776,-0.002548828022554517,-0.23269042372703552,0,-23.2979679107666,-0.39990234375,-1.3280420079827309,3.6593872709508837,0.016005139027545412,13.744732315563803,14.223538160028136
1780771792002412400,-19.638580639815718,-0.3838972047224546,12.416690307581073,-0.12421874701976776,-0.002548828022554517,-0.23269042372703552,0,-23.2979679107666,-0.39990234375,-1.3280420079827309,3.6593872709508837,0.016005139027545412,13.744732315563803,14.223538160028136
1780771792002412400,-19.573722477695885,-0.3838867821617043,12.516190529052938,-0.12421874701976776,-0.002548828022554517,-0.23269042372703552,0,-23.2979679107666,-0.39990234375,-1.3280420079827309,3.724245433070717,0.0160155615882957,13.84423253703567,14.336423371380958
1780771792002412400,-19.573722477695885,-0.3838867821617043,12.516190529052938,-0.12421874701976776,-0.002548828022554517,-0.23269042372703552,0,-23.2979679107666,-0.39990234375,-1.3280420079827309,3.724245433070717,0.0160155615882957,13.84423253703567,14.336423371380958
1780771792002412400,-19.573722477695885,-0.3838867821617043,12.516190529052938,-0.12421874701976776,-0.002548828022554517,-0.23269042372703552,0,-23.2979679107666,-0.39990234375,-1.3280420079827309,3.724245433070717,0.0160155615882957,13.84423253703567,14.336423371380958
1780771792002412400,-19.573722477695885,-0.3838867821617043,12.516190529052938,-0.12421874701976776,-0.002548828022554517,-0.23269042372703552,0,-23.2979679107666,-0.39990234375,-1.3280420079827309,3.724245433070717,0.0160155615882957,13.84423253703567,14.336423371380958
1780771792002412400,-19.573722477695885,-0.3838867821617043,12.516190529052938,-0.12421874701976776,-0.002548828022554517,-0.23269042372703552,0,-23.2979679107666,-0.39990234375,-1.3280420079827309,3.724245433070717,0.0160155615882957,13.84423253703567,14.336423371380958
1780771792002412400,-19.581769358060303,-0.38400396978277623,12.496000111286367,-0.1322656273841858,-0.0026660156436264515,-0.25288084149360657,0,-23.2979679107666,-0.39990234375,-1.3280420079827309,3.716198552706299,0.015898373967223767,13.824042119269098,14.314835834083366
1780771792002412400,-19.581769358060303,-0.38400396978277623,12.496000111286367,-0.1322656273841858,-0.0026660156436264515,-0.25288084149360657,0,-23.2979679107666,-0.39990234375,-1.3280420079827309,3.716198552706299,0.015898373967223767,13.824042119269098,14.314835834083366
1780771792002412400,-19.560276277582066,-0.3840021978910011,12.528729559583168,-0.1322656273841858,-0.0026660156436264515,-0.25288084149360657,0,-23.2979679107666,-0.39990234375,-1.3280420079827309,3.737691633184536,0.015900145858998904,13.856771567565898,14.352028073938495
1780771792002412400,-19.560276277582066,-0.3840021978910011,12.528729559583168,-0.1322656273841858,-0.0026660156436264515,-0.25288084149360657,0,-23.2979679107666,-0.39990234375,-1.3280420079827309,3.737691633184536,0.015900145858998904,13.856771567565898,14.352028073938495
1780771792002412400,-19.560276277582066,-0.3840021978910011,12.528729559583168,-0.1322656273841858,-0.0026660156436264515,-0.25288084149360657,0,-23.2979679107666,-0.39990234375,-1.3280420079827309,3.737691633184536,0.015900145858998904,13.856771567565898,14.352028073938495
1780771792002412400,-19.560276277582066,-0.3840021978910011,12.528729559583168,-0.1322656273841858,-0.0026660156436264515,-0.25288084149360657,0,-23.2979679107666,-0.39990234375,-1.3280420079827309,3.737691633184536,0.015900145858998904,13.856771567565898,14.352028073938495
1780771792002412400,-19.560276277582066,-0.3840021978910011,12.528729559583168,-0.1322656273841858,-0.0026660156436264515,-0.25288084149360657,0,-23.2979679107666,-0.39990234375,-1.3280420079827309,3.737691633184536,0.015900145858998904,13.856771567565898,14.352028073938495
1780771792035555000,-19.091074766621308,-0.43516554391732476,12.419219525966357,-0.1322656273841858,-0.0026660156436264515,-0.25288084149360657,0,-23.2979679107666,-0.39990234375,-1.3280420079827309,4.206893144145294,-0.03526320016732476,13.747261533949088,14.376591845856199
1780771792035555000,-19.091074766621308,-0.43516554391732476,12.419219525966357,-0.1322656273841858,-0.0026660156436264515,-0.25288084149360657,0,-23.2979679107666,-0.39990234375,-1.3280420079827309,4.206893144145294,-0.03526320016732476,13.747261533949088,14.376591845856199
1780771792035555000,-19.091074766621308,-0.43516554391732476,12.419219525966357,-0.1322656273841858,-0.0026660156436264515,-0.25288084149360657,0,-23.2979679107666,-0.39990234375,-1.3280420079827309,4.206893144145294,-0.03526320016732476,13.747261533949088,14.376591845856199
1780771792035555000,-19.091074766621308,-0.43516554391732476,12.419219525966357,-0.1322656273841858,-0.0026660156436264515,-0.25288084149360657,0,-23.2979679107666,-0.39990234375,-1.3280420079827309,4.206893144145294,-0.03526320016732476,13.747261533949088,14.376591845856199
1780771792035555000,-19.091074766621308,-0.43516554391732476,12.419219525966357,-0.1322656273841858,-0.0026660156436264515,-0.25288084149360657,0,-23.2979679107666,-0.39990234375,-1.3280420079827309,4.206893144145294,-0.03526320016732476,13.747261533949088,14.376591845856199
1780771792035555000,-19.034664170534004,-0.4351567319944587,12.503212159074984,-0.1322656273841858,-0.0026660156436264515,-0.25288084149360657,0,-23.2979679107666,-0.39990234375,-1.3280420079827309,4.2633037402325975,-0.0352543882444587,13.831254167057715,14.473444423741128
1780771792035555000,-19.046187596113075,-0.43533251307682064,12.47397876302167,-0.14378905296325684,-0.002841796725988388,-0.2821142375469208,0,-23.2979679107666,-0.39990234375,-1.3280420079827309,4.2517803146535265,-0.03543016932682064,13.8020207710044,14.442114405592093
1780771792035555000,-19.046187596113075,-0.43533251307682064,12.47397876302167,-0.14378905296325684,-0.002841796725988388,-0.2821142375469208,0,-23.2979679107666,-0.39990234375,-1.3280420079827309,4.2517803146535265,-0.03543016932682064,13.8020207710044,14.442114405592093
1780771792035555000,-19.046187596113075,-0.43533251307682064,12.47397876302167,-0.14378905296325684,-0.002841796725988388,-0.2821142375469208,0,-23.2979679107666,-0.39990234375,-1.3280420079827309,4.2517803146535265,-0.03543016932682064,13.8020207710044,14.442114405592093
1780771792035555000,-19.046187596113075,-0.43533251307682064,12.47397876302167,-0.14378905296325684,-0.002841796725988388,-0.2821142375469208,0,-23.2979679107666,-0.39990234375,-1.3280420079827309,4.2517803146535265,-0.03543016932682064,13.8020207710044,14.442114405592093
1780771792035555000,-19.046187596113075,-0.43533251307682064,12.47397876302167,-0.14378905296325684,-0.002841796725988388,-0.2821142375469208,0,-23.2979679107666,-0.39990234375,-1.3280420079827309,4.2517803146535265,-0.03543016932682064,13.8020207710044,14.442114405592093
1780771792035555000,-19.027897640521964,-0.435331275149538,12.501039647441761,-0.14378905296325684,-0.002841796725988388,-0.2821142375469208,0,-23.2979679107666,-0.39990234375,-1.3280420079827309,4.270070270244638,-0.03542893139953801,13.829081655424492,14.473363629592308
1780771792035555000,-19.031999214942893,-0.4353898690764893,12.490512275081532,-0.1478906273841858,-0.0029003906529396772,-0.29264160990715027,0,-23.2979679107666,-0.39990234375,-1.3280420079827309,4.265968695823709,-0.0354875253264893,13.818554283064262,14.462094964153545
1780771792035555000,-19.031999214942893,-0.4353898690764893,12.490512275081532,-0.1478906273841858,-0.0029003906529396772,-0.29264160990715027,0,-23.2979679107666,-0.39990234375,-1.3280420079827309,4.265968695823709,-0.0354875253264893,13.818554283064262,14.462094964153545
1780771792035555000,-19.031999214942893,-0.4353898690764893,12.490512275081532,-0.1478906273841858,-0.0029003906529396772,-0.29264160990715027,0,-23.2979679107666,-0.39990234375,-1.3280420079827309,4.265968695823709,-0.0354875253264893,13.818554283064262,14.462094964153545
1780771792035555000,-19.031999214942893,-0.4353898690764893,12.490512275081532,-0.1478906273841858,-0.0029003906529396772,-0.29264160990715027,0,-23.2979679107666,-0.39990234375,-1.3280420079827309,4.265968695823709,-0.0354875253264893,13.818554283064262,14.462094964153545
1780771792035555000,-19.031999214942893,-0.4353898690764893,12.490512275081532,-0.1478906273841858,-0.0029003906529396772,-0.29264160990715027,0,-23.2979679107666,-0.39990234375,-1.3280420079827309,4.265968695823709,-0.0354875253264893,13.818554283064262,14.462094964153545
1780771792035555000,-19.014783724582898,-0.43538883950895124,12.515907337707436,-0.1478906273841858,-0.0029003906529396772,-0.29264160990715027,0,-23.2979679107666,-0.39990234375,-1.3280420079827309,4.2831841861837034,-0.03548649575895124,13.843949345690167,14.491440906624524
1780771792035555000,-19.014783724582898,-0.43538883950895124,12.515907337707436,-0.1478906273841858,-0.0029003906529396772,-0.29264160990715027,0,-23.2979679107666,-0.39990234375,-1.3280420079827309,4.2831841861837034,-0.03548649575895124,13.843949345690167,14.491440906624524
1780771792035555000,-19.018885284102666,-0.4354474332030719,12.505292108100807,-0.15199218690395355,-0.0029589843470603228,-0.3032568395137787,0,-23.2979679107666,-0.39990234375,-1.3280420079827309,4.279082626663936,-0.03554508945307189,13.833334116083538,14.48008785699873
1780771792035555000,-19.018885284102666,-0.4354474332030719,12.505292108100807,-0.15199218690395355,-0.0029589843470603228,-0.3032568395137787,0,-23.2979679107666,-0.39990234375,-1.3280420079827309,4.279082626663936,-0.03554508945307189,13.833334116083538,14.48008785699873
1780771792069058300,-19.110660643393626,-0.37254804792988006,12.935834298755744,-0.15199218690395355,-0.0029589843470603228,-0.3032568395137787,0,-23.2979679107666,-0.39990234375,-1.3280420079827309,4.187307267372976,0.027354295820119945,14.263876306738474,14.865815070248573
1780771792069058300,-19.110660643393626,-0.37254804792988006,12.935834298755744,-0.15199218690395355,-0.0029589843470603228,-0.3032568395137787,0,-23.2979679107666,-0.39990234375,-1.3280420079827309,4.187307267372976,0.027354295820119945,14.263876306738474,14.865815070248573
1780771792069058300,-19.093933723525925,-0.3725471606900089,12.959755461224159,-0.15199218690395355,-0.0029589843470603228,-0.3032568395137787,0,-23.2979679107666,-0.39990234375,-1.3280420079827309,4.204034187240676,0.027355183059991073,14.28779746920689,14.893482073531477
1780771792069058300,-19.098074338989182,-0.3726057543841296,12.949067007311424,-0.1561328023672104,-0.0030175780411809683,-0.31394529342651367,0,-23.2979679107666,-0.39990234375,-1.3280420079827309,4.1998935717774195,0.027296589365870427,14.277109015294155,14.882059432506036
1780771792069058300,-19.098074338989182,-0.3726057543841296,12.949067007311424,-0.1561328023672104,-0.0030175780411809683,-0.31394529342651367,0,-23.2979679107666,-0.39990234375,-1.3280420079827309,4.1998935717774195,0.027296589365870427,14.277109015294155,14.882059432506036
1780771792069058300,-19.069369944679554,-0.3726044182210804,12.9899678997902,-0.1561328023672104,-0.0030175780411809683,-0.31394529342651367,0,-23.2979679107666,-0.39990234375,-1.3280420079827309,4.228597966087047,0.027297925528919575,14.31800990777293,14.929407009476883
1780771792069058300,-19.069369944679554,-0.3726044182210804,12.9899678997902,-0.1561328023672104,-0.0030175780411809683,-0.31394529342651367,0,-23.2979679107666,-0.39990234375,-1.3280420079827309,4.228597966087047,0.027297925528919575,14.31800990777293,14.929407009476883
1780771792069058300,-19.069369944679554,-0.3726044182210804,12.9899678997902,-0.1561328023672104,-0.0030175780411809683,-0.31394529342651367,0,-23.2979679107666,-0.39990234375,-1.3280420079827309,4.228597966087047,0.027297925528919575,14.31800990777293,14.929407009476883
1780771792069058300,-19.069369944679554,-0.3726044182210804,12.9899678997902,-0.1561328023672104,-0.0030175780411809683,-0.31394529342651367,0,-23.2979679107666,-0.39990234375,-1.3280420079827309,4.228597966087047,0.027297925528919575,14.31800990777293,14.929407009476883
1780771792069058300,-19.069369944679554,-0.3726044182210804,12.9899678997902,-0.1561328023672104,-0.0030175780411809683,-0.31394529342651367,0,-23.2979679107666,-0.39990234375,-1.3280420079827309,4.228597966087047,0.027297925528919575,14.31800990777293,14.929407009476883
1780771792069058300,-19.081205892312344,-0.372780199536273,12.959186630716713,-0.16796875,-0.0031933593563735485,-0.3447265625,0,-23.2979679107666,-0.39990234375,-1.3280420079827309,4.216762018454258,0.027122144213726995,14.287228638699444,14.89653381513494
1780771792069058300,-19.066384734962607,-0.3727706064578218,12.980232191813563,-0.16796875,-0.0031933593563735485,-0.3447265625,0,-23.2979679107666,-0.39990234375,-1.3280420079827309,4.231583175803994,0.027131737292178215,14.308274199796294,14.920916288267025
1780771792069058300,-19.066384734962607,-0.3727706064578218,12.980232191813563,-0.16796875,-0.0031933593563735485,-0.3447265625,0,-23.2979679107666,-0.39990234375,-1.3280420079827309,4.231583175803994,0.027131737292178215,14.308274199796294,14.920916288267025
1780771792069058300,-19.066384734962607,-0.3727706064578218,12.980232191813563,-0.16796875,-0.0031933593563735485,-0.3447265625,0,-23.2979679107666,-0.39990234375,-1.3280420079827309,4.231583175803994,0.027131737292178215,14.308274199796294,14.920916288267025
1780771792069058300,-19.066384734962607,-0.3727706064578218,12.980232191813563,-0.16796875,-0.0031933593563735485,-0.3447265625,0,-23.2979679107666,-0.39990234375,-1.3280420079827309,4.231583175803994,0.027131737292178215,14.308274199796294,14.920916288267025
1780771792069058300,-19.070564421270515,-0.37282920015194243,12.969294709694957,-0.1721484363079071,-0.003251953050494194,-0.35566404461860657,0,-23.2979679107666,-0.39990234375,-1.3280420079827309,4.227403489496087,0.02707314359805757,14.297336717677688,14.909242450130138
1780771792069058300,-19.056068085168675,-0.3728287201558318,12.989830760558505,-0.1721484363079071,-0.003251953050494194,-0.35566404461860657,0,-23.2979679107666,-0.39990234375,-1.3280420079827309,4.241899825597926,0.027073623594168206,14.317872768541235,14.933048172681856
1780771792069058300,-19.056068085168675,-0.3728287201558318,12.989830760558505,-0.1721484363079071,-0.003251953050494194,-0.35566404461860657,0,-23.2979679107666,-0.39990234375,-1.3280420079827309,4.241899825597926,0.027073623594168206,14.317872768541235,14.933048172681856
1780771792069058300,-19.056068085168675,-0.3728287201558318,12.989830760558505,-0.1721484363079071,-0.003251953050494194,-0.35566404461860657,0,-23.2979679107666,-0.39990234375,-1.3280420079827309,4.241899825597926,0.027073623594168206,14.317872768541235,14.933048172681856
1780771792102732200,-19.218369203494984,-0.39934807457787663,13.231786166801157,-0.1721484363079071,-0.003251953050494194,-0.35566404461860657,0,-23.2979679107666,-0.39990234375,-1.3280420079827309,4.079598707271618,0.0005542691721233672,14.559828174783888,15.120572819798108
1780771792102732200,-19.218369203494984,-0.39934807457787663,13.231786166801157,-0.1721484363079071,-0.003251953050494194,-0.35566404461860657,0,-23.2979679107666,-0.39990234375,-1.3280420079827309,4.079598707271618,0.0005542691721233672,14.559828174783888,15.120572819798108
1780771792102732200,-19.208231063121804,-0.39940627990541155,13.240842655569523,-0.1763281226158142,-0.0033105467446148396,-0.36665526032447815,0,-23.2979679107666,-0.39990234375,-1.3280420079827309,4.089736847644797,0.0004960638445884458,14.568884663552254,15.132030533571857
1780771792102732200,-19.208231063121804,-0.39940627990541155,13.240842655569523,-0.1763281226158142,-0.0033105467446148396,-0.36665526032447815,0,-23.2979679107666,-0.39990234375,-1.3280420079827309,4.089736847644797,0.0004960638445884458,14.568884663552254,15.132030533571857
1780771792102732200,-19.208231063121804,-0.39940627990541155,13.240842655569523,-0.1763281226158142,-0.0033105467446148396,-0.36665526032447815,0,-23.2979679107666,-0.39990234375,-1.3280420079827309,4.089736847644797,0.0004960638445884458,14.568884663552254,15.132030533571857
1780771792102732200,-19.208231063121804,-0.39940627990541155,13.240842655569523,-0.1763281226158142,-0.0033105467446148396,-0.36665526032447815,0,-23.2979679107666,-0.39990234375,-1.3280420079827309,4.089736847644797,0.0004960638445884458,14.568884663552254,15.132030533571857
1780771792102732200,-19.208231063121804,-0.39940627990541155,13.240842655569523,-0.1763281226158142,-0.0033105467446148396,-0.36665526032447815,0,-23.2979679107666,-0.39990234375,-1.3280420079827309,4.089736847644797,0.0004960638445884458,14.568884663552254,15.132030533571857
1780771792102732200,-19.184486455174643,-0.3994057774611395,13.273991581754023,-0.1763281226158142,-0.0033105467446148396,-0.36665526032447815,0,-23.2979679107666,-0.39990234375,-1.3280420079827309,4.113481455591959,0.0004965662888605227,14.602033589736754,15.170369635835426
1780771792102732200,-19.184486455174643,-0.3994057774611395,13.273991581754023,-0.1763281226158142,-0.0033105467446148396,-0.36665526032447815,0,-23.2979679107666,-0.39990234375,-1.3280420079827309,4.113481455591959,0.0004965662888605227,14.602033589736754,15.170369635835426
1780771792102732200,-19.195970824810225,-0.3995620275449585,13.24379136856013,-0.18781249225139618,-0.0034667968284338713,-0.3968554735183716,0,-23.2979679107666,-0.39990234375,-1.3280420079827309,4.101997085956377,0.00034031620504149096,14.57183337654286,15.138187083093479
1780771792102732200,-19.195970824810225,-0.3995620275449585,13.24379136856013,-0.18781249225139618,-0.0034667968284338713,-0.3968554735183716,0,-23.2979679107666,-0.39990234375,-1.3280420079827309,4.101997085956377,0.00034031620504149096,14.57183337654286,15.138187083093479
1780771792102732200,-19.170574171903663,-0.3995618400267798,13.279112083770125,-0.18781249225139618,-0.0034667968284338713,-0.3968554735183716,0,-23.2979679107666,-0.39990234375,-1.3280420079827309,4.1273937388629385,0.00034050372322019795,14.607154091752856,15.179075395153683
1780771792102732200,-19.170574171903663,-0.3995618400267798,13.279112083770125,-0.18781249225139618,-0.0034667968284338713,-0.3968554735183716,0,-23.2979679107666,-0.39990234375,-1.3280420079827309,4.1273937388629385,0.00034050372322019795,14.607154091752856,15.179075395153683
1780771792102732200,-19.170574171903663,-0.3995618400267798,13.279112083770125,-0.18781249225139618,-0.0034667968284338713,-0.3968554735183716,0,-23.2979679107666,-0.39990234375,-1.3280420079827309,4.1273937388629385,0.00034050372322019795,14.607154091752856,15.179075395153683
1780771792102732200,-19.17479292905622,-0.39962043372090045,13.267989052392332,-0.19203124940395355,-0.003525390522554517,-0.40797850489616394,0,-23.2979679107666,-0.39990234375,-1.3280420079827309,4.123174981710381,0.00028191002909955243,14.596031060375063,15.167224357960466
1780771792102732200,-19.17479292905622,-0.39962043372090045,13.267989052392332,-0.19203124940395355,-0.003525390522554517,-0.40797850489616394,0,-23.2979679107666,-0.39990234375,-1.3280420079827309,4.123174981710381,0.00028191002909955243,14.596031060375063,15.167224357960466
1780771792102732200,-19.17479292905622,-0.39962043372090045,13.267989052392332,-0.19203124940395355,-0.003525390522554517,-0.40797850489616394,0,-23.2979679107666,-0.39990234375,-1.3280420079827309,4.123174981710381,0.00028191002909955243,14.596031060375063,15.167224357960466
1780771792102732200,-19.17479292905622,-0.39962043372090045,13.267989052392332,-0.19203124940395355,-0.003525390522554517,-0.40797850489616394,0,-23.2979679107666,-0.39990234375,-1.3280420079827309,4.123174981710381,0.00028191002909955243,14.596031060375063,15.167224357960466
1780771792135561500,-18.646341329360936,-0.41331248502486434,13.143743051487538,-0.19203124940395355,-0.003525390522554517,-0.40797850489616394,0,-23.2979679107666,-0.39990234375,-1.3280420079827309,4.651626581405665,-0.01341014127486434,14.47178505947027,15.200999062306256
1780771792135561500,-18.646341329360936,-0.41331248502486434,13.143743051487538,-0.19203124940395355,-0.003525390522554517,-0.40797850489616394,0,-23.2979679107666,-0.39990234375,-1.3280420079827309,4.651626581405665,-0.01341014127486434,14.47178505947027,15.200999062306256
1780771792135561500,-18.638793953163407,-0.41337113639146594,13.14860374930646,-0.19624999165534973,-0.0035839842166751623,-0.4191259741783142,0,-23.2979679107666,-0.39990234375,-1.3280420079827309,4.659173957603194,-0.013468792641465943,14.476645757289191,15.2079372617598
1780771792135561500,-18.638793953163407,-0.41337113639146594,13.14860374930646,-0.19624999165534973,-0.0035839842166751623,-0.4191259741783142,0,-23.2979679107666,-0.39990234375,-1.3280420079827309,4.659173957603194,-0.013468792641465943,14.476645757289191,15.2079372617598
1780771792135561500,-18.638793953163407,-0.41337113639146594,13.14860374930646,-0.19624999165534973,-0.0035839842166751623,-0.4191259741783142,0,-23.2979679107666,-0.39990234375,-1.3280420079827309,4.659173957603194,-0.013468792641465943,14.476645757289191,15.2079372617598
1780771792135561500,-18.638793953163407,-0.41337113639146594,13.14860374930646,-0.19624999165534973,-0.0035839842166751623,-0.4191259741783142,0,-23.2979679107666,-0.39990234375,-1.3280420079827309,4.659173957603194,-0.013468792641465943,14.476645757289191,15.2079372617598
1780771792135561500,-18.638793953163407,-0.41337113639146594,13.14860374930646,-0.19624999165534973,-0.0035839842166751623,-0.4191259741783142,0,-23.2979679107666,-0.39990234375,-1.3280420079827309,4.659173957603194,-0.013468792641465943,14.476645757289191,15.2079372617598
1780771792135561500,-18.638793953163407,-0.41337113639146594,13.14860374930646,-0.19624999165534973,-0.0035839842166751623,-0.4191259741783142,0,-23.2979679107666,-0.39990234375,-1.3280420079827309,4.659173957603194,-0.013468792641465943,14.476645757289191,15.2079372617598
1780771792135561500,-18.638793953163407,-0.41337113639146594,13.14860374930646,-0.19624999165534973,-0.0035839842166751623,-0.4191259741783142,0,-23.2979679107666,-0.39990234375,-1.3280420079827309,4.659173957603194,-0.013468792641465943,14.476645757289191,15.2079372617598
1780771792135561500,-18.619103757134226,-0.41337143593792847,13.17532791378533,-0.19624999165534973,-0.0035839842166751623,-0.4191259741783142,0,-23.2979679107666,-0.39990234375,-1.3280420079827309,4.678864153632375,-0.013469092187928466,14.50336992176806,15.239412399178546
1780771792135561500,-18.631017816653994,-0.41354721725312105,13.14404373052155,-0.2081640511751175,-0.0037597655318677425,-0.4504101574420929,0,-23.2979679107666,-0.39990234375,-1.3280420079827309,4.666950094112607,-0.013644873503121047,14.472085738504282,15.205981552866938
1780771792135561500,-18.631017816653994,-0.41354721725312105,13.14404373052155,-0.2081640511751175,-0.0037597655318677425,-0.4504101574420929,0,-23.2979679107666,-0.39990234375,-1.3280420079827309,4.666950094112607,-0.013644873503121047,14.472085738504282,15.205981552866938
1780771792135561500,-18.631017816653994,-0.41354721725312105,13.14404373052155,-0.2081640511751175,-0.0037597655318677425,-0.4504101574420929,0,-23.2979679107666,-0.39990234375,-1.3280420079827309,4.666950094112607,-0.013644873503121047,14.472085738504282,15.205981552866938
1780771792135561500,-18.631017816653994,-0.41354721725312105,13.14404373052155,-0.2081640511751175,-0.0037597655318677425,-0.4504101574420929,0,-23.2979679107666,-0.39990234375,-1.3280420079827309,4.666950094112607,-0.013644873503121047,14.472085738504282,15.205981552866938
1780771792135561500,-18.631017816653994,-0.41354721725312105,13.14404373052155,-0.2081640511751175,-0.0037597655318677425,-0.4504101574420929,0,-23.2979679107666,-0.39990234375,-1.3280420079827309,4.666950094112607,-0.013644873503121047,14.472085738504282,15.205981552866938
1780771792135561500,-18.631017816653994,-0.41354721725312105,13.14404373052155,-0.2081640511751175,-0.0037597655318677425,-0.4504101574420929,0,-23.2979679107666,-0.39990234375,-1.3280420079827309,4.666950094112607,-0.013644873503121047,14.472085738504282,15.205981552866938
1780771792135561500,-18.611121634151665,-0.4135478112682638,13.170965290306004,-0.2081640511751175,-0.0037597655318677425,-0.4504101574420929,0,-23.2979679107666,-0.39990234375,-1.3280420079827309,4.686846276614936,-0.013645467518263787,14.499007298288735,15.23771396421501
1780771792135561500,-18.61537944724771,-0.41360640496238443,13.159793412921818,-0.21242186427116394,-0.003818359225988388,-0.4615820348262787,0,-23.2979679107666,-0.39990234375,-1.3280420079827309,4.68258846351889,-0.013704061212384433,14.487835420904549,15.225774124923515
1780771792135561500,-18.61537944724771,-0.41360640496238443,13.159793412921818,-0.21242186427116394,-0.003818359225988388,-0.4615820348262787,0,-23.2979679107666,-0.39990234375,-1.3280420079827309,4.68258846351889,-0.013704061212384433,14.487835420904549,15.225774124923515
1780771792135561500,-18.61537944724771,-0.41360640496238443,13.159793412921818,-0.21242186427116394,-0.003818359225988388,-0.4615820348262787,0,-23.2979679107666,-0.39990234375,-1.3280420079827309,4.68258846351889,-0.013704061212384433,14.487835420904549,15.225774124923515
1780771792135561500,-18.61537944724771,-0.41360640496238443,13.159793412921818,-0.21242186427116394,-0.003818359225988388,-0.4615820348262787,0,-23.2979679107666,-0.39990234375,-1.3280420079827309,4.68258846351889,-0.013704061212384433,14.487835420904549,15.225774124923515
1780771792135561500,-18.61537944724771,-0.41360640496238443,13.159793412921818,-0.21242186427116394,-0.003818359225988388,-0.4615820348262787,0,-23.2979679107666,-0.39990234375,-1.3280420079827309,4.68258846351889,-0.013704061212384433,14.487835420904549,15.225774124923515
1780771792135561500,-18.61537944724771,-0.41360640496238443,13.159793412921818,-0.21242186427116394,-0.003818359225988388,-0.4615820348262787,0,-23.2979679107666,-0.39990234375,-1.3280420079827309,4.68258846351889,-0.013704061212384433,14.487835420904549,15.225774124923515
1780771792169024100,-18.44037530575914,-0.43392823198475583,13.198324350733028,-0.21242186427116394,-0.003818359225988388,-0.4615820348262787,0,-23.2979679107666,-0.39990234375,-1.3280420079827309,4.857592605007461,-0.03402588823475583,14.526366358715759,15.317071628249385
1780771792169024100,-18.444633118855187,-0.4339868259117071,13.187010882515178,-0.2166796773672104,-0.0038769531529396772,-0.4728955030441284,0,-23.2979679107666,-0.39990234375,-1.3280420079827309,4.853334791911415,-0.03408448216170712,14.515052890497909,15.304992021175762
1780771792169024100,-18.444633118855187,-0.4339868259117071,13.187010882515178,-0.2166796773672104,-0.0038769531529396772,-0.4728955030441284,0,-23.2979679107666,-0.39990234375,-1.3280420079827309,4.853334791911415,-0.03408448216170712,14.515052890497909,15.304992021175762
1780771792169024100,-18.444633118855187,-0.4339868259117071,13.187010882515178,-0.2166796773672104,-0.0038769531529396772,-0.4728955030441284,0,-23.2979679107666,-0.39990234375,-1.3280420079827309,4.853334791911415,-0.03408448216170712,14.515052890497909,15.304992021175762
1780771792169024100,-18.486105507868334,-0.4333744740163274,13.131513169637397,-0.2166796773672104,-0.0038769531529396772,-0.4728955030441284,0,-23.2979679107666,-0.39990234375,-1.3280420079827309,4.811862402898267,-0.03347213026632739,14.459555177620128,15.239221637031582
1780771792169024100,-18.486105507868334,-0.4333744740163274,13.131513169637397,-0.2166796773672104,-0.0038769531529396772,-0.4728955030441284,0,-23.2979679107666,-0.39990234375,-1.3280420079827309,4.811862402898267,-0.03347213026632739,14.459555177620128,15.239221637031582
1780771792169024100,-18.486105507868334,-0.4333744740163274,13.131513169637397,-0.2166796773672104,-0.0038769531529396772,-0.4728955030441284,0,-23.2979679107666,-0.39990234375,-1.3280420079827309,4.811862402898267,-0.03347213026632739,14.459555177620128,15.239221637031582
1780771792169024100,-18.486105507868334,-0.4333744740163274,13.131513169637397,-0.2166796773672104,-0.0038769531529396772,-0.4728955030441284,0,-23.2979679107666,-0.39990234375,-1.3280420079827309,4.811862402898267,-0.03347213026632739,14.459555177620128,15.239221637031582
1780771792169024100,-18.486105507868334,-0.4333744740163274,13.131513169637397,-0.2166796773672104,-0.0038769531529396772,-0.4728955030441284,0,-23.2979679107666,-0.39990234375,-1.3280420079827309,4.811862402898267,-0.03347213026632739,14.459555177620128,15.239221637031582
1780771792169024100,-18.493918007868334,-0.43349166117173804,13.111068836084083,-0.2244921773672104,-0.003994140308350325,-0.4933398365974426,0,-23.2979679107666,-0.39990234375,-1.3280420079827309,4.804049902898267,-0.03358931742173804,14.439110844066814,15.217356724445596
1780771792169024100,-18.800634733094203,-0.4271901703815811,12.689382056068757,-0.2244921773672104,-0.003994140308350325,-0.4933398365974426,0,-23.2979679107666,-0.39990234375,-1.3280420079827309,4.497333177672399,-0.02728782663158108,14.017424064051488,14.721240699340695
1780771792169024100,-18.800634733094203,-0.4271901703815811,12.689382056068757,-0.2244921773672104,-0.003994140308350325,-0.4933398365974426,0,-23.2979679107666,-0.39990234375,-1.3280420079827309,4.497333177672399,-0.02728782663158108,14.017424064051488,14.721240699340695
1780771792169024100,-18.800634733094203,-0.4271901703815811,12.689382056068757,-0.2244921773672104,-0.003994140308350325,-0.4933398365974426,0,-23.2979679107666,-0.39990234375,-1.3280420079827309,4.497333177672399,-0.02728782663158108,14.017424064051488,14.721240699340695
1780771792169024100,-18.800634733094203,-0.4271901703815811,12.689382056068757,-0.2244921773672104,-0.003994140308350325,-0.4933398365974426,0,-23.2979679107666,-0.39990234375,-1.3280420079827309,4.497333177672399,-0.02728782663158108,14.017424064051488,14.721240699340695
1780771792169024100,-18.800634733094203,-0.4271901703815811,12.689382056068757,-0.2244921773672104,-0.003994140308350325,-0.4933398365974426,0,-23.2979679107666,-0.39990234375,-1.3280420079827309,4.497333177672399,-0.02728782663158108,14.017424064051488,14.721240699340695
1780771792169024100,-18.800634733094203,-0.4271901703815811,12.689382056068757,-0.2244921773672104,-0.003994140308350325,-0.4933398365974426,0,-23.2979679107666,-0.39990234375,-1.3280420079827309,4.497333177672399,-0.02728782663158108,14.017424064051488,14.721240699340695
1780771792169024100,-18.95144480461593,-0.4239184641054686,12.465817918276326,-0.23308593034744263,-0.004111328162252903,-0.5142871141433716,0,-23.2979679107666,-0.39990234375,-1.3280420079827309,4.34652310615067,-0.024016120355468573,13.793859926259056,14.462482897192794
1780771792169024100,-18.95144480461593,-0.4239184641054686,12.465817918276326,-0.23308593034744263,-0.004111328162252903,-0.5142871141433716,0,-23.2979679107666,-0.39990234375,-1.3280420079827309,4.34652310615067,-0.024016120355468573,13.793859926259056,14.462482897192794
1780771792169024100,-18.95144480461593,-0.4239184641054686,12.465817918276326,-0.23308593034744263,-0.004111328162252903,-0.5142871141433716,0,-23.2979679107666,-0.39990234375,-1.3280420079827309,4.34652310615067,-0.024016120355468573,13.793859926259056,14.462482897192794
1780771792169024100,-18.95144480461593,-0.4239184641054686,12.465817918276326,-0.23308593034744263,-0.004111328162252903,-0.5142871141433716,0,-23.2979679107666,-0.39990234375,-1.3280420079827309,4.34652310615067,-0.024016120355468573,13.793859926259056,14.462482897192794
1780771792169024100,-18.95144480461593,-0.4239184641054686,12.465817918276326,-0.23308593034744263,-0.004111328162252903,-0.5142871141433716,0,-23.2979679107666,-0.39990234375,-1.3280420079827309,4.34652310615067,-0.024016120355468573,13.793859926259056,14.462482897192794
1780771792169024100,-18.95144480461593,-0.4239184641054686,12.465817918276326,-0.23308593034744263,-0.004111328162252903,-0.5142871141433716,0,-23.2979679107666,-0.39990234375,-1.3280420079827309,4.34652310615067,-0.024016120355468573,13.793859926259056,14.462482897192794
1780771792169024100,-18.95144480461593,-0.4239184641054686,12.465817918276326,-0.23308593034744263,-0.004111328162252903,-0.5142871141433716,0,-23.2979679107666,-0.39990234375,-1.3280420079827309,4.34652310615067,-0.024016120355468573,13.793859926259056,14.462482897192794
1780771792202493600,-19.6573078743463,-0.3684289031975351,12.0287606429703,-0.23308593034744263,-0.004111328162252903,-0.5142871141433716,0,-23.2979679107666,-0.39990234375,-1.3280420079827309,3.6406600364203,0.031473440552464926,13.35680265095303,13.84411691422584
1780771792202493600,-19.661565687442348,-0.3684874968916557,12.019009680712914,-0.23734374344348907,-0.0041699218563735485,-0.5240380764007568,0,-23.2979679107666,-0.39990234375,-1.3280420079827309,3.6364022233242537,0.03141484685834428,13.347051688695645,13.833589440312082
1780771792202493600,-19.661565687442348,-0.3684874968916557,12.019009680712914,-0.23734374344348907,-0.0041699218563735485,-0.5240380764007568,0,-23.2979679107666,-0.39990234375,-1.3280420079827309,3.6364022233242537,0.03141484685834428,13.347051688695645,13.833589440312082
1780771792202493600,-19.661565687442348,-0.3684874968916557,12.019009680712914,-0.23734374344348907,-0.0041699218563735485,-0.5240380764007568,0,-23.2979679107666,-0.39990234375,-1.3280420079827309,3.6364022233242537,0.03141484685834428,13.347051688695645,13.833589440312082
1780771792202493600,-19.661565687442348,-0.3684874968916557,12.019009680712914,-0.23734374344348907,-0.0041699218563735485,-0.5240380764007568,0,-23.2979679107666,-0.39990234375,-1.3280420079827309,3.6364022233242537,0.03141484685834428,13.347051688695645,13.833589440312082
1780771792202493600,-20.036736699190403,-0.3588867991071541,11.418297833435044,-0.23734374344348907,-0.0041699218563735485,-0.5240380764007568,0,-23.2979679107666,-0.39990234375,-1.3280420079827309,3.2612312115761988,0.0410155446428459,12.746339841417775,13.15699398203006
1780771792202493600,-20.044314818825985,-0.35898445526402184,11.402282184593187,-0.24492186307907104,-0.004267578013241291,-0.5400537252426147,0,-23.2979679107666,-0.39990234375,-1.3280420079827309,3.253653091940617,0.04091788848597816,12.730324192575917,13.139599946892469
1780771792202493600,-20.044314818825985,-0.35898445526402184,11.402282184593187,-0.24492186307907104,-0.004267578013241291,-0.5400537252426147,0,-23.2979679107666,-0.39990234375,-1.3280420079827309,3.253653091940617,0.04091788848597816,12.730324192575917,13.139599946892469
1780771792202493600,-20.044314818825985,-0.35898445526402184,11.402282184593187,-0.24492186307907104,-0.004267578013241291,-0.5400537252426147,0,-23.2979679107666,-0.39990234375,-1.3280420079827309,3.253653091940617,0.04091788848597816,12.730324192575917,13.139599946892469
1780771792202493600,-20.044314818825985,-0.35898445526402184,11.402282184593187,-0.24492186307907104,-0.004267578013241291,-0.5400537252426147,0,-23.2979679107666,-0.39990234375,-1.3280420079827309,3.253653091940617,0.04091788848597816,12.730324192575917,13.139599946892469
1780771792202493600,-20.16865835025681,-0.3557872867212494,11.193757707805606,-0.24492186307907104,-0.004267578013241291,-0.5400537252426147,0,-23.2979679107666,-0.39990234375,-1.3280420079827309,3.1293095605097925,0.044115057028750626,12.521799715788337,12.906974571373087
1780771792202493600,-20.177173976448902,-0.35590447410949066,11.177747006149264,-0.25343748927116394,-0.004384765401482582,-0.5560644268989563,0,-23.2979679107666,-0.39990234375,-1.3280420079827309,3.1207939343176996,0.043997869640509335,12.505789014131995,12.889377388337714
1780771792202493600,-20.295094023877404,-0.3530813896251103,10.975266219456248,-0.25343748927116394,-0.004384765401482582,-0.5560644268989563,0,-23.2979679107666,-0.39990234375,-1.3280420079827309,3.0028738868891978,0.04682095412488968,12.30330822743898,12.664550411351913
1780771792202493600,-20.295094023877404,-0.3530813896251103,10.975266219456248,-0.25343748927116394,-0.004384765401482582,-0.5560644268989563,0,-23.2979679107666,-0.39990234375,-1.3280420079827309,3.0028738868891978,0.04682095412488968,12.30330822743898,12.664550411351913
1780771792202493600,-20.295094023877404,-0.3530813896251103,10.975266219456248,-0.25343748927116394,-0.004384765401482582,-0.5560644268989563,0,-23.2979679107666,-0.39990234375,-1.3280420079827309,3.0028738868891978,0.04682095412488968,12.30330822743898,12.664550411351913
1780771792235660600,-20.714857057035065,-0.43477736947423257,9.764620439554914,-0.2576953172683716,-0.004443359095603228,-0.5632910132408142,0,-23.2979679107666,-0.39990234375,-1.3280420079827309,2.5831108537315366,-0.03487502572423257,11.092662447537645,11.389505613726032
1780771792235660600,-20.714857057035065,-0.43477736947423257,9.764620439554914,-0.2576953172683716,-0.004443359095603228,-0.5632910132408142,0,-23.2979679107666,-0.39990234375,-1.3280420079827309,2.5831108537315366,-0.03487502572423257,11.092662447537645,11.389505613726032
1780771792235660600,-20.815489950139483,-0.43257889309177383,9.562921930474998,-0.2576953172683716,-0.004443359095603228,-0.5632910132408142,0,-23.2979679107666,-0.39990234375,-1.3280420079827309,2.4824779606271186,-0.03267654934177383,10.890963938457729,11.17035630992418
1780771792235660600,-20.815489950139483,-0.43257889309177383,9.562921930474998,-0.2576953172683716,-0.004443359095603228,-0.5632910132408142,0,-23.2979679107666,-0.39990234375,-1.3280420079827309,2.4824779606271186,-0.03267654934177383,10.890963938457729,11.17035630992418
1780771792235660600,-20.815489950139483,-0.43257889309177383,9.562921930474998,-0.2576953172683716,-0.004443359095603228,-0.5632910132408142,0,-23.2979679107666,-0.39990234375,-1.3280420079827309,2.4824779606271186,-0.03267654934177383,10.890963938457729,11.17035630992418
1780771792235660600,-20.815489950139483,-0.43257889309177383,9.562921930474998,-0.2576953172683716,-0.004443359095603228,-0.5632910132408142,0,-23.2979679107666,-0.39990234375,-1.3280420079827309,2.4824779606271186,-0.03267654934177383,10.890963938457729,11.17035630992418
1780771792235660600,-20.815489950139483,-0.43257889309177383,9.562921930474998,-0.2576953172683716,-0.004443359095603228,-0.5632910132408142,0,-23.2979679107666,-0.39990234375,-1.3280420079827309,2.4824779606271186,-0.03267654934177383,10.890963938457729,11.17035630992418
1780771792235660600,-20.823146196563204,-0.43267654971430286,9.551081110162498,-0.2653515636920929,-0.0045410157181322575,-0.5751318335533142,0,-23.2979679107666,-0.39990234375,-1.3280420079827309,2.4748217142033972,-0.03277420596430286,10.879123118145229,11.157111475889769
1780771792235660600,-20.995294446065646,-0.42944088869163155,9.193969300928268,-0.2653515636920929,-0.0045410157181322575,-0.5751318335533142,0,-23.2979679107666,-0.39990234375,-1.3280420079827309,2.3026734647009555,-0.02953854494163155,10.522011308910999,10.771067709170069
1780771792235660600,-20.995294446065646,-0.42944088869163155,9.193969300928268,-0.2653515636920929,-0.0045410157181322575,-0.5751318335533142,0,-23.2979679107666,-0.39990234375,-1.3280420079827309,2.3026734647009555,-0.02953854494163155,10.522011308910999,10.771067709170069
1780771792235660600,-20.995294446065646,-0.42944088869163155,9.193969300928268,-0.2653515636920929,-0.0045410157181322575,-0.5751318335533142,0,-23.2979679107666,-0.39990234375,-1.3280420079827309,2.3026734647009555,-0.02953854494163155,10.522011308910999,10.771067709170069
1780771792235660600,-20.995294446065646,-0.42944088869163155,9.193969300928268,-0.2653515636920929,-0.0045410157181322575,-0.5751318335533142,0,-23.2979679107666,-0.39990234375,-1.3280420079827309,2.3026734647009555,-0.02953854494163155,10.522011308910999,10.771067709170069
1780771792235660600,-20.995294446065646,-0.42944088869163155,9.193969300928268,-0.2653515636920929,-0.0045410157181322575,-0.5751318335533142,0,-23.2979679107666,-0.39990234375,-1.3280420079827309,2.3026734647009555,-0.02953854494163155,10.522011308910999,10.771067709170069
1780771792235660600,-20.995294446065646,-0.42944088869163155,9.193969300928268,-0.2653515636920929,-0.0045410157181322575,-0.5751318335533142,0,-23.2979679107666,-0.39990234375,-1.3280420079827309,2.3026734647009555,-0.02953854494163155,10.522011308910999,10.771067709170069
1780771792235660600,-21.18594894251416,-0.42667751448292024,8.786492116277316,-0.2738671898841858,-0.0046582031063735485,-0.5865087509155273,0,-23.2979679107666,-0.39990234375,-1.3280420079827309,2.1120189682524426,-0.02677517073292024,10.114534124260047,10.332721886456
1780771792235660600,-21.18594894251416,-0.42667751448292024,8.786492116277316,-0.2738671898841858,-0.0046582031063735485,-0.5865087509155273,0,-23.2979679107666,-0.39990234375,-1.3280420079827309,2.1120189682524426,-0.02677517073292024,10.114534124260047,10.332721886456
1780771792235660600,-21.18594894251416,-0.42667751448292024,8.786492116277316,-0.2738671898841858,-0.0046582031063735485,-0.5865087509155273,0,-23.2979679107666,-0.39990234375,-1.3280420079827309,2.1120189682524426,-0.02677517073292024,10.114534124260047,10.332721886456
1780771792235660600,-21.18594894251416,-0.42667751448292024,8.786492116277316,-0.2738671898841858,-0.0046582031063735485,-0.5865087509155273,0,-23.2979679107666,-0.39990234375,-1.3280420079827309,2.1120189682524426,-0.02677517073292024,10.114534124260047,10.332721886456
1780771792235660600,-21.18594894251416,-0.42667751448292024,8.786492116277316,-0.2738671898841858,-0.0046582031063735485,-0.5865087509155273,0,-23.2979679107666,-0.39990234375,-1.3280420079827309,2.1120189682524426,-0.02677517073292024,10.114534124260047,10.332721886456
1780771792235660600,-21.18594894251416,-0.42667751448292024,8.786492116277316,-0.2738671898841858,-0.0046582031063735485,-0.5865087509155273,0,-23.2979679107666,-0.39990234375,-1.3280420079827309,2.1120189682524426,-0.02677517073292024,10.114534124260047,10.332721886456
1780771792235660600,-21.18594894251416,-0.42667751448292024,8.786492116277316,-0.2738671898841858,-0.0046582031063735485,-0.5865087509155273,0,-23.2979679107666,-0.39990234375,-1.3280420079827309,2.1120189682524426,-0.02677517073292024,10.114534124260047,10.332721886456
1780771792235660600,-21.18594894251416,-0.42667751448292024,8.786492116277316,-0.2738671898841858,-0.0046582031063735485,-0.5865087509155273,0,-23.2979679107666,-0.39990234375,-1.3280420079827309,2.1120189682524426,-0.02677517073292024,10.114534124260047,10.332721886456
1780771792235660600,-21.18594894251416,-0.42667751448292024,8.786492116277316,-0.2738671898841858,-0.0046582031063735485,-0.5865087509155273,0,-23.2979679107666,-0.39990234375,-1.3280420079827309,2.1120189682524426,-0.02677517073292024,10.114534124260047,10.332721886456
1780771792269025200,-22.168661109311216,-0.32945436859700883,7.872786109263707,-0.2738671898841858,-0.0046582031063735485,-0.5865087509155273,0,-23.2979679107666,-0.39990234375,-1.3280420079827309,1.1293068014553853,0.07044797515299117,9.200828117246438,9.270142113912234
1780771792269025200,-22.182176730734938,-0.3296496809107443,7.8581327841828355,-0.2873828113079071,-0.004853515420109034,-0.6011620759963989,0,-23.2979679107666,-0.39990234375,-1.3280420079827309,1.115791180031664,0.07025266283925569,9.186174792165566,9.253957678004074
1780771792269025200,-22.182176730734938,-0.3296496809107443,7.8581327841828355,-0.2873828113079071,-0.004853515420109034,-0.6011620759963989,0,-23.2979679107666,-0.39990234375,-1.3280420079827309,1.115791180031664,0.07025266283925569,9.186174792165566,9.253957678004074
1780771792269025200,-22.182176730734938,-0.3296496809107443,7.8581327841828355,-0.2873828113079071,-0.004853515420109034,-0.6011620759963989,0,-23.2979679107666,-0.39990234375,-1.3280420079827309,1.115791180031664,0.07025266283925569,9.186174792165566,9.253957678004074
1780771792269025200,-22.432186427378763,-0.3250570900293381,7.180374104682426,-0.2873828113079071,-0.004853515420109034,-0.6011620759963989,0,-23.2979679107666,-0.39990234375,-1.3280420079827309,0.8657814833878383,0.07484525372066192,8.508416112665156,8.552679354169769
1780771792269025200,-22.432186427378763,-0.3250570900293381,7.180374104682426,-0.2873828113079071,-0.004853515420109034,-0.6011620759963989,0,-23.2979679107666,-0.39990234375,-1.3280420079827309,0.8657814833878383,0.07484525372066192,8.508416112665156,8.552679354169769
1780771792269025200,-22.432186427378763,-0.3250570900293381,7.180374104682426,-0.2873828113079071,-0.004853515420109034,-0.6011620759963989,0,-23.2979679107666,-0.39990234375,-1.3280420079827309,0.8657814833878383,0.07484525372066192,8.508416112665156,8.552679354169769
1780771792269025200,-22.43652236726295,-0.3251156837234587,7.176462967101554,-0.2917187511920929,-0.004912109114229679,-0.6050732135772705,0,-23.2979679107666,-0.39990234375,-1.3280420079827309,0.8614455435036525,0.07478666002654127,8.504504975084284,8.548349919146593
1780771792269025200,-22.43652236726295,-0.3251156837234587,7.176462967101554,-0.2917187511920929,-0.004912109114229679,-0.6050732135772705,0,-23.2979679107666,-0.39990234375,-1.3280420079827309,0.8614455435036525,0.07478666002654127,8.504504975084284,8.548349919146593
1780771792297826400,-22.2477173695769,-0.3514990693276309,6.084480077501716,-0.2917187511920929,-0.004912109114229679,-0.6050732135772705,0,-23.2979679107666,-0.39990234375,-1.3280420079827309,1.0502505411897012,0.04840327442236908,7.412522085484447,7.486711744420161
1780771792297826400,-22.2477173695769,-0.3514990693276309,6.084480077501716,-0.2917187511920929,-0.004912109114229679,-0.6050732135772705,0,-23.2979679107666,-0.39990234375,-1.3280420079827309,1.0502505411897012,0.04840327442236908,7.412522085484447,7.486711744420161
1780771792297826400,-22.31293569489379,-0.3501770312128249,5.8666280726136195,-0.2917187511920929,-0.004912109114229679,-0.6050732135772705,0,-23.2979679107666,-0.39990234375,-1.3280420079827309,0.9850322158728133,0.049725312537175104,7.19467008059635,7.261958320015513
1780771792297826400,-22.31293569489379,-0.3501770312128249,5.8666280726136195,-0.2917187511920929,-0.004912109114229679,-0.6050732135772705,0,-23.2979679107666,-0.39990234375,-1.3280420079827309,0.9850322158728133,0.049725312537175104,7.19467008059635,7.261958320015513
1780771792297826400,-22.31293569489379,-0.3501770312128249,5.8666280726136195,-0.2917187511920929,-0.004912109114229679,-0.6050732135772705,0,-23.2979679107666,-0.39990234375,-1.3280420079827309,0.9850322158728133,0.049725312537175104,7.19467008059635,7.261958320015513
1780771792297826400,-22.322662249049138,-0.350313750298101,5.858986459130191,-0.3014453053474426,-0.005048828199505806,-0.6127148270606995,0,-23.2979679107666,-0.39990234375,-1.3280420079827309,0.9753056617174636,0.04958859345189898,7.187028467112921,7.253072338634862
1780771792297826400,-22.322662249049138,-0.350313750298101,5.858986459130191,-0.3014453053474426,-0.005048828199505806,-0.6127148270606995,0,-23.2979679107666,-0.39990234375,-1.3280420079827309,0.9753056617174636,0.04958859345189898,7.187028467112921,7.253072338634862
1780771792297826400,-22.322662249049138,-0.350313750298101,5.858986459130191,-0.3014453053474426,-0.005048828199505806,-0.6127148270606995,0,-23.2979679107666,-0.39990234375,-1.3280420079827309,0.9753056617174636,0.04958859345189898,7.187028467112921,7.253072338634862
1780771792297826400,-22.4006877295754,-0.34882221684783055,5.587400108821654,-0.3014453053474426,-0.005048828199505806,-0.6127148270606995,0,-23.2979679107666,-0.39990234375,-1.3280420079827309,0.8972801811912028,0.051080126902169454,6.9154421168043845,6.973597391145747
1780771792297826400,-22.4006877295754,-0.34882221684783055,5.587400108821654,-0.3014453053474426,-0.005048828199505806,-0.6127148270606995,0,-23.2979679107666,-0.39990234375,-1.3280420079827309,0.8972801811912028,0.051080126902169454,6.9154421168043845,6.973597391145747
1780771792297826400,-22.4006877295754,-0.34882221684783055,5.587400108821654,-0.3014453053474426,-0.005048828199505806,-0.6127148270606995,0,-23.2979679107666,-0.39990234375,-1.3280420079827309,0.8972801811912028,0.051080126902169454,6.9154421168043845,6.973597391145747
1780771792297826400,-22.4006877295754,-0.34882221684783055,5.587400108821654,-0.3014453053474426,-0.005048828199505806,-0.6127148270606995,0,-23.2979679107666,-0.39990234375,-1.3280420079827309,0.8972801811912028,0.051080126902169454,6.9154421168043845,6.973597391145747
1780771792297826400,-22.405101781346563,-0.3488808105419512,5.584514349944853,-0.30585935711860657,-0.0051074218936264515,-0.6156005859375,0,-23.2979679107666,-0.39990234375,-1.3280420079827309,0.8928661294200388,0.05102153320804881,6.912556357927584,6.970168471668492
1780771792297826400,-22.46602187039271,-0.34791093549547275,5.363178906737801,-0.30585935711860657,-0.0051074218936264515,-0.6156005859375,0,-23.2979679107666,-0.39990234375,-1.3280420079827309,0.831946040373893,0.05199140825452725,6.691220914720532,6.742942580967123
1780771792297826400,-22.46602187039271,-0.34791093549547275,5.363178906737801,-0.30585935711860657,-0.0051074218936264515,-0.6156005859375,0,-23.2979679107666,-0.39990234375,-1.3280420079827309,0.831946040373893,0.05199140825452725,6.691220914720532,6.742942580967123
1780771792297826400,-22.46602187039271,-0.34791093549547275,5.363178906737801,-0.30585935711860657,-0.0051074218936264515,-0.6156005859375,0,-23.2979679107666,-0.39990234375,-1.3280420079827309,0.831946040373893,0.05199140825452725,6.691220914720532,6.742942580967123
1780771792297826400,-22.46602187039271,-0.34791093549547275,5.363178906737801,-0.30585935711860657,-0.0051074218936264515,-0.6156005859375,0,-23.2979679107666,-0.39990234375,-1.3280420079827309,0.831946040373893,0.05199140825452725,6.691220914720532,6.742942580967123
1780771792297826400,-22.46602187039271,-0.34791093549547275,5.363178906737801,-0.30585935711860657,-0.0051074218936264515,-0.6156005859375,0,-23.2979679107666,-0.39990234375,-1.3280420079827309,0.831946040373893,0.05199140825452725,6.691220914720532,6.742942580967123
1780771792297826400,-22.46602187039271,-0.34791093549547275,5.363178906737801,-0.30585935711860657,-0.0051074218936264515,-0.6156005859375,0,-23.2979679107666,-0.39990234375,-1.3280420079827309,0.831946040373893,0.05199140825452725,6.691220914720532,6.742942580967123
1780771792297826400,-22.590580413058284,-0.34656814895467164,4.912061189297008,-0.31480467319488525,-0.005234374664723873,-0.6205175518989563,0,-23.2979679107666,-0.39990234375,-1.3280420079827309,0.7073874977083179,0.05333419479532836,6.240103197279739,6.280296929361646
1780771792297826400,-22.590580413058284,-0.34656814895467164,4.912061189297008,-0.31480467319488525,-0.005234374664723873,-0.6205175518989563,0,-23.2979679107666,-0.39990234375,-1.3280420079827309,0.7073874977083179,0.05333419479532836,6.240103197279739,6.280296929361646
1780771792297826400,-22.590580413058284,-0.34656814895467164,4.912061189297008,-0.31480467319488525,-0.005234374664723873,-0.6205175518989563,0,-23.2979679107666,-0.39990234375,-1.3280420079827309,0.7073874977083179,0.05333419479532836,6.240103197279739,6.280296929361646
1780771792297826400,-22.590580413058284,-0.34656814895467164,4.912061189297008,-0.31480467319488525,-0.005234374664723873,-0.6205175518989563,0,-23.2979679107666,-0.39990234375,-1.3280420079827309,0.7073874977083179,0.05333419479532836,6.240103197279739,6.280296929361646
1780771792297826400,-22.590580413058284,-0.34656814895467164,4.912061189297008,-0.31480467319488525,-0.005234374664723873,-0.6205175518989563,0,-23.2979679107666,-0.39990234375,-1.3280420079827309,0.7073874977083179,0.05333419479532836,6.240103197279739,6.280296929361646
1780771792297826400,-22.590580413058284,-0.34656814895467164,4.912061189297008,-0.31480467319488525,-0.005234374664723873,-0.6205175518989563,0,-23.2979679107666,-0.39990234375,-1.3280420079827309,0.7073874977083179,0.05333419479532836,6.240103197279739,6.280296929361646
1780771792297826400,-22.590580413058284,-0.34656814895467164,4.912061189297008,-0.31480467319488525,-0.005234374664723873,-0.6205175518989563,0,-23.2979679107666,-0.39990234375,-1.3280420079827309,0.7073874977083179,0.05333419479532836,6.240103197279739,6.280296929361646
1780771792297826400,-22.590580413058284,-0.34656814895467164,4.912061189297008,-0.31480467319488525,-0.005234374664723873,-0.6205175518989563,0,-23.2979679107666,-0.39990234375,-1.3280420079827309,0.7073874977083179,0.05333419479532836,6.240103197279739,6.280296929361646
1780771792297826400,-22.590580413058284,-0.34656814895467164,4.912061189297008,-0.31480467319488525,-0.005234374664723873,-0.6205175518989563,0,-23.2979679107666,-0.39990234375,-1.3280420079827309,0.7073874977083179,0.05333419479532836,6.240103197279739,6.280296929361646
1780771792297826400,-22.590580413058284,-0.34656814895467164,4.912061189297008,-0.31480467319488525,-0.005234374664723873,-0.6205175518989563,0,-23.2979679107666,-0.39990234375,-1.3280420079827309,0.7073874977083179,0.05333419479532836,6.240103197279739,6.280296929361646
1780771792334167400,-24.423812272187572,-0.3644321716621128,3.9189213221919603,-0.31480467319488525,-0.005234374664723873,-0.6205175518989563,0,-23.2979679107666,-0.39990234375,-1.3280420079827309,-1.1258443614209703,0.03547017208788722,5.246963330174691,5.366507975159379
1780771792334167400,-24.423812272187572,-0.3644321716621128,3.9189213221919603,-0.31480467319488525,-0.005234374664723873,-0.6205175518989563,0,-23.2979679107666,-0.39990234375,-1.3280420079827309,-1.1258443614209703,0.03547017208788722,5.246963330174691,5.366507975159379
1780771792334167400,-24.468313784477257,-0.36401633170715886,3.675881972791795,-0.31480467319488525,-0.005234374664723873,-0.6205175518989563,0,-23.2979679107666,-0.39990234375,-1.3280420079827309,-1.1703458737106551,0.03588601204284114,5.003923980774526,5.139090627274661
1780771792334167400,-24.468313784477257,-0.36401633170715886,3.675881972791795,-0.31480467319488525,-0.005234374664723873,-0.6205175518989563,0,-23.2979679107666,-0.39990234375,-1.3280420079827309,-1.1703458737106551,0.03588601204284114,5.003923980774526,5.139090627274661
1780771792334167400,-24.482180983898186,-0.36422140986941176,3.6705059914609235,-0.3286718726158142,-0.005439452826976776,-0.6258935332298279,0,-23.2979679107666,-0.39990234375,-1.3280420079827309,-1.184213073131584,0.03568093388058824,4.998547999443654,5.137033758343477
1780771792334167400,-24.482180983898186,-0.36422140986941176,3.6705059914609235,-0.3286718726158142,-0.005439452826976776,-0.6258935332298279,0,-23.2979679107666,-0.39990234375,-1.3280420079827309,-1.184213073131584,0.03568093388058824,4.998547999443654,5.137033758343477
1780771792334167400,-24.482180983898186,-0.36422140986941176,3.6705059914609235,-0.3286718726158142,-0.005439452826976776,-0.6258935332298279,0,-23.2979679107666,-0.39990234375,-1.3280420079827309,-1.184213073131584,0.03568093388058824,4.998547999443654,5.137033758343477
1780771792334167400,-24.56427474090645,-0.3636566157695022,3.180286944879285,-0.3286718726158142,-0.005439452826976776,-0.6258935332298279,0,-23.2979679107666,-0.39990234375,-1.3280420079827309,-1.2663068301398468,0.0362457279804978,4.508328952862016,4.682934623510089
1780771792334167400,-24.56427474090645,-0.3636566157695022,3.180286944879285,-0.3286718726158142,-0.005439452826976776,-0.6258935332298279,0,-23.2979679107666,-0.39990234375,-1.3280420079827309,-1.2663068301398468,0.0362457279804978,4.508328952862016,4.682934623510089
1780771792334167400,-24.56427474090645,-0.3636566157695022,3.180286944879285,-0.3286718726158142,-0.005439452826976776,-0.6258935332298279,0,-23.2979679107666,-0.39990234375,-1.3280420079827309,-1.2663068301398468,0.0362457279804978,4.508328952862016,4.682934623510089
1780771792334167400,-24.56427474090645,-0.3636566157695022,3.180286944879285,-0.3286718726158142,-0.005439452826976776,-0.6258935332298279,0,-23.2979679107666,-0.39990234375,-1.3280420079827309,-1.2663068301398468,0.0362457279804978,4.508328952862016,4.682934623510089
1780771792334167400,-24.56900129983017,-0.36372497531214026,3.179007650388471,-0.3333984315395355,-0.0055078123696148396,-0.6271728277206421,0,-23.2979679107666,-0.39990234375,-1.3280420079827309,-1.271033389063568,0.036177368437859736,4.507049658371201,4.682983162592566
1780771792334167400,-24.56900129983017,-0.36372497531214026,3.179007650388471,-0.3333984315395355,-0.0055078123696148396,-0.6271728277206421,0,-23.2979679107666,-0.39990234375,-1.3280420079827309,-1.271033389063568,0.036177368437859736,4.507049658371201,4.682983162592566
1780771792334167400,-24.641144442503514,-0.3633639921399033,2.6872198132209366,-0.3333984315395355,-0.0055078123696148396,-0.6271728277206421,0,-23.2979679107666,-0.39990234375,-1.3280420079827309,-1.343176531736912,0.03653835161009672,4.0152618212036675,4.234121601863009
1780771792334167400,-24.641144442503514,-0.3633639921399033,2.6872198132209366,-0.3333984315395355,-0.0055078123696148396,-0.6271728277206421,0,-23.2979679107666,-0.39990234375,-1.3280420079827309,-1.343176531736912,0.03653835161009672,4.0152618212036675,4.234121601863009
1780771792334167400,-24.641144442503514,-0.3633639921399033,2.6872198132209366,-0.3333984315395355,-0.0055078123696148396,-0.6271728277206421,0,-23.2979679107666,-0.39990234375,-1.3280420079827309,-1.343176531736912,0.03653835161009672,4.0152618212036675,4.234121601863009
1780771792334167400,-24.645949143116535,-0.36343235168254134,2.6861846593551224,-0.3382031321525574,-0.005576171912252903,-0.6282079815864563,0,-23.2979679107666,-0.39990234375,-1.3280420079827309,-1.3479812323499338,0.036469992067458656,4.014226667337853,4.234666362283505
1780771792334167400,-24.645949143116535,-0.36343235168254134,2.6861846593551224,-0.3382031321525574,-0.005576171912252903,-0.6282079815864563,0,-23.2979679107666,-0.39990234375,-1.3280420079827309,-1.3479812323499338,0.036469992067458656,4.014226667337853,4.234666362283505
1780771792368936300,-26.153699794669546,-0.5694167556568838,1.395116379452205,-0.3382031321525574,-0.005576171912252903,-0.6282079815864563,0,-23.2979679107666,-0.39990234375,-1.3280420079827309,-2.855731883902944,-0.16951441190688377,2.723158387434936,3.949624201318555
1780771792368936300,-26.153699794669546,-0.5694167556568838,1.395116379452205,-0.3382031321525574,-0.005576171912252903,-0.6282079815864563,0,-23.2979679107666,-0.39990234375,-1.3280420079827309,-2.855731883902944,-0.16951441190688377,2.723158387434936,3.949624201318555
1780771792368936300,-26.153699794669546,-0.5694167556568838,1.395116379452205,-0.3382031321525574,-0.005576171912252903,-0.6282079815864563,0,-23.2979679107666,-0.39990234375,-1.3280420079827309,-2.855731883902944,-0.16951441190688377,2.723158387434936,3.949624201318555
1780771792368936300,-26.153699794669546,-0.5694167556568838,1.395116379452205,-0.3382031321525574,-0.005576171912252903,-0.6282079815864563,0,-23.2979679107666,-0.39990234375,-1.3280420079827309,-2.855731883902944,-0.16951441190688377,2.723158387434936,3.949624201318555
1780771792368936300,-26.21147824543584,-0.5699006707158983,0.7028122041113078,-0.3511328101158142,-0.0057617188431322575,-0.6298193335533142,0,-23.2979679107666,-0.39990234375,-1.3280420079827309,-2.913510334669237,-0.16999832696589834,2.030854212094039,3.5555324119146703
1780771792368936300,-26.21147824543584,-0.5699006707158983,0.7028122041113078,-0.3511328101158142,-0.0057617188431322575,-0.6298193335533142,0,-23.2979679107666,-0.39990234375,-1.3280420079827309,-2.913510334669237,-0.16999832696589834,2.030854212094039,3.5555324119146703
1780771792368936300,-26.21147824543584,-0.5699006707158983,0.7028122041113078,-0.3511328101158142,-0.0057617188431322575,-0.6298193335533142,0,-23.2979679107666,-0.39990234375,-1.3280420079827309,-2.913510334669237,-0.16999832696589834,2.030854212094039,3.5555324119146703
1780771792368936300,-26.21147824543584,-0.5699006707158983,0.7028122041113078,-0.3511328101158142,-0.0057617188431322575,-0.6298193335533142,0,-23.2979679107666,-0.39990234375,-1.3280420079827309,-2.913510334669237,-0.16999832696589834,2.030854212094039,3.5555324119146703
1780771792368936300,-26.21147824543584,-0.5699006707158983,0.7028122041113078,-0.3511328101158142,-0.0057617188431322575,-0.6298193335533142,0,-23.2979679107666,-0.39990234375,-1.3280420079827309,-2.913510334669237,-0.16999832696589834,2.030854212094039,3.5555324119146703
1780771792368936300,-26.21147824543584,-0.5699006707158983,0.7028122041113078,-0.3511328101158142,-0.0057617188431322575,-0.6298193335533142,0,-23.2979679107666,-0.39990234375,-1.3280420079827309,-2.913510334669237,-0.16999832696589834,2.030854212094039,3.5555324119146703
1780771792368936300,-26.22372832507501,-0.5701015149873416,0.4388001123098575,-0.3511328101158142,-0.0057617188431322575,-0.6298193335533142,0,-23.2979679107666,-0.39990234375,-1.3280420079827309,-2.92576041430841,-0.17019917123734163,1.7668421202925884,3.422100646951227
1780771792368936300,-26.22876739115129,-0.5701796399128358,0.43862433821241487,-0.3561718761920929,-0.0058398437686264515,-0.6299951076507568,0,-23.2979679107666,-0.39990234375,-1.3280420079827309,-2.930799480384689,-0.17027729616283582,1.7666663461951457,3.4263230919734053
1780771792368936300,-26.22876739115129,-0.5701796399128358,0.43862433821241487,-0.3561718761920929,-0.0058398437686264515,-0.6299951076507568,0,-23.2979679107666,-0.39990234375,-1.3280420079827309,-2.930799480384689,-0.17027729616283582,1.7666663461951457,3.4263230919734053
1780771792368936300,-26.22876739115129,-0.5701796399128358,0.43862433821241487,-0.3561718761920929,-0.0058398437686264515,-0.6299951076507568,0,-23.2979679107666,-0.39990234375,-1.3280420079827309,-2.930799480384689,-0.17027729616283582,1.7666663461951457,3.4263230919734053
1780771792368936300,-26.22876739115129,-0.5701796399128358,0.43862433821241487,-0.3561718761920929,-0.0058398437686264515,-0.6299951076507568,0,-23.2979679107666,-0.39990234375,-1.3280420079827309,-2.930799480384689,-0.17027729616283582,1.7666663461951457,3.4263230919734053
1780771792368936300,-26.22876739115129,-0.5701796399128358,0.43862433821241487,-0.3561718761920929,-0.0058398437686264515,-0.6299951076507568,0,-23.2979679107666,-0.39990234375,-1.3280420079827309,-2.930799480384689,-0.17027729616283582,1.7666663461951457,3.4263230919734053
1780771792368936300,-26.238339388814932,-0.5702811344681873,0.17401763115382263,-0.3561718761920929,-0.0058398437686264515,-0.6299951076507568,0,-23.2979679107666,-0.39990234375,-1.3280420079827309,-2.9403714780483305,-0.1703787907181873,1.5020596391365535,3.306205758988655
1780771792368936300,-26.24349563762284,-0.5703592593936815,0.17407133493876525,-0.361328125,-0.0059179686941206455,-0.6299414038658142,0,-23.2979679107666,-0.39990234375,-1.3280420079827309,-2.9455277268562376,-0.17045691564368148,1.5021133429214961,3.310820690516541
1780771792368936300,-26.24349563762284,-0.5703592593936815,0.17407133493876525,-0.361328125,-0.0059179686941206455,-0.6299414038658142,0,-23.2979679107666,-0.39990234375,-1.3280420079827309,-2.9455277268562376,-0.17045691564368148,1.5021133429214961,3.310820690516541
1780771792368936300,-26.24349563762284,-0.5703592593936815,0.17407133493876525,-0.361328125,-0.0059179686941206455,-0.6299414038658142,0,-23.2979679107666,-0.39990234375,-1.3280420079827309,-2.9455277268562376,-0.17045691564368148,1.5021133429214961,3.310820690516541
1780771792368936300,-26.24349563762284,-0.5703592593936815,0.17407133493876525,-0.361328125,-0.0059179686941206455,-0.6299414038658142,0,-23.2979679107666,-0.39990234375,-1.3280420079827309,-2.9455277268562376,-0.17045691564368148,1.5021133429214961,3.310820690516541
1780771792401083800,-25.14304824376859,-0.48677943622820563,-1.170208680570494,-0.361328125,-0.0059179686941206455,-0.6299414038658142,0,-23.2979679107666,-0.39990234375,-1.3280420079827309,-1.845080333001988,-0.08687709247820563,0.15783332741223677,1.8538555563123607
1780771792401083800,-25.14304824376859,-0.48677943622820563,-1.170208680570494,-0.361328125,-0.0059179686941206455,-0.6299414038658142,0,-23.2979679107666,-0.39990234375,-1.3280420079827309,-1.845080333001988,-0.08687709247820563,0.15783332741223677,1.8538555563123607
1780771792401083800,-25.148282604463475,-0.4868575611536998,-1.1699449896220078,-0.36656248569488525,-0.0059960936196148396,-0.6296777129173279,0,-23.2979679107666,-0.39990234375,-1.3280420079827309,-1.8503146936968733,-0.08695521740369982,0.1580970183607231,1.8590912680013398
1780771792401083800,-25.148282604463475,-0.4868575611536998,-1.1699449896220078,-0.36656248569488525,-0.0059960936196148396,-0.6296777129173279,0,-23.2979679107666,-0.39990234375,-1.3280420079827309,-1.8503146936968733,-0.08695521740369982,0.1580970183607231,1.8590912680013398
1780771792401083800,-25.148282604463475,-0.4868575611536998,-1.1699449896220078,-0.36656248569488525,-0.0059960936196148396,-0.6296777129173279,0,-23.2979679107666,-0.39990234375,-1.3280420079827309,-1.8503146936968733,-0.08695521740369982,0.1580970183607231,1.8590912680013398
1780771792401083800,-25.120148004127405,-0.48717236026354377,-1.9278463877370424,-0.36656248569488525,-0.0059960936196148396,-0.6296777129173279,0,-23.2979679107666,-0.39990234375,-1.3280420079827309,-1.822180093360803,-0.08727001651354377,-0.5998043797543116,1.9203441468640754
1780771792401083800,-25.120148004127405,-0.48717236026354377,-1.9278463877370424,-0.36656248569488525,-0.0059960936196148396,-0.6296777129173279,0,-23.2979679107666,-0.39990234375,-1.3280420079827309,-1.822180093360803,-0.08727001651354377,-0.5998043797543116,1.9203441468640754
1780771792401083800,-25.120148004127405,-0.48717236026354377,-1.9278463877370424,-0.36656248569488525,-0.0059960936196148396,-0.6296777129173279,0,-23.2979679107666,-0.39990234375,-1.3280420079827309,-1.822180093360803,-0.08727001651354377,-0.5998043797543116,1.9203441468640754
1780771792401083800,-25.120148004127405,-0.48717236026354377,-1.9278463877370424,-0.36656248569488525,-0.0059960936196148396,-0.6296777129173279,0,-23.2979679107666,-0.39990234375,-1.3280420079827309,-1.822180093360803,-0.08727001651354377,-0.5998043797543116,1.9203441468640754
1780771792401083800,-25.120148004127405,-0.48717236026354377,-1.9278463877370424,-0.36656248569488525,-0.0059960936196148396,-0.6296777129173279,0,-23.2979679107666,-0.39990234375,-1.3280420079827309,-1.822180093360803,-0.08727001651354377,-0.5998043797543116,1.9203441468640754
1780771792401083800,-25.13628083570089,-0.48740673504002635,-1.9259518541028566,-0.3826953172683716,-0.006230468396097422,-0.6277831792831421,0,-23.2979679107666,-0.39990234375,-1.3280420079827309,-1.8383129249342893,-0.08750439129002635,-0.5979098461201258,1.9350833606237465
1780771792401083800,-25.13628083570089,-0.48740673504002635,-1.9259518541028566,-0.3826953172683716,-0.006230468396097422,-0.6277831792831421,0,-23.2979679107666,-0.39990234375,-1.3280420079827309,-1.8383129249342893,-0.08750439129002635,-0.5979098461201258,1.9350833606237465
1780771792401083800,-25.121340090087628,-0.4874594584701988,-2.1849093750654554,-0.3826953172683716,-0.006230468396097422,-0.6277831792831421,0,-23.2979679107666,-0.39990234375,-1.3280420079827309,-1.8233721793210265,-0.08755711472019878,-0.8568673670827245,2.0165748281259774
1780771792401083800,-25.121340090087628,-0.4874594584701988,-2.1849093750654554,-0.3826953172683716,-0.006230468396097422,-0.6277831792831421,0,-23.2979679107666,-0.39990234375,-1.3280420079827309,-1.8233721793210265,-0.08755711472019878,-0.8568673670827245,2.0165748281259774
1780771792401083800,-25.121340090087628,-0.4874594584701988,-2.1849093750654554,-0.3826953172683716,-0.006230468396097422,-0.6277831792831421,0,-23.2979679107666,-0.39990234375,-1.3280420079827309,-1.8233721793210265,-0.08755711472019878,-0.8568673670827245,2.0165748281259774
1780771792401083800,-25.121340090087628,-0.4874594584701988,-2.1849093750654554,-0.3826953172683716,-0.006230468396097422,-0.6277831792831421,0,-23.2979679107666,-0.39990234375,-1.3280420079827309,-1.8233721793210265,-0.08755711472019878,-0.8568673670827245,2.0165748281259774
1780771792401083800,-25.121340090087628,-0.4874594584701988,-2.1849093750654554,-0.3826953172683716,-0.006230468396097422,-0.6277831792831421,0,-23.2979679107666,-0.39990234375,-1.3280420079827309,-1.8233721793210265,-0.08755711472019878,-0.8568673670827245,2.0165748281259774
1780771792401083800,-25.109143884026707,-0.4876454012714499,-2.446156182083305,-0.3883984386920929,-0.006318359170109034,-0.6268603205680847,0,-23.2979679107666,-0.39990234375,-1.3280420079827309,-1.8111759732601058,-0.0877430575214499,-1.1181141741005742,2.130313722572925
1780771792401083800,-25.109143884026707,-0.4876454012714499,-2.446156182083305,-0.3883984386920929,-0.006318359170109034,-0.6268603205680847,0,-23.2979679107666,-0.39990234375,-1.3280420079827309,-1.8111759732601058,-0.0877430575214499,-1.1181141741005742,2.130313722572925
1780771792401083800,-25.109143884026707,-0.4876454012714499,-2.446156182083305,-0.3883984386920929,-0.006318359170109034,-0.6268603205680847,0,-23.2979679107666,-0.39990234375,-1.3280420079827309,-1.8111759732601058,-0.0877430575214499,-1.1181141741005742,2.130313722572925
1780771792401083800,-25.109143884026707,-0.4876454012714499,-2.446156182083305,-0.3883984386920929,-0.006318359170109034,-0.6268603205680847,0,-23.2979679107666,-0.39990234375,-1.3280420079827309,-1.8111759732601058,-0.0877430575214499,-1.1181141741005742,2.130313722572925
1780771792401083800,-25.109143884026707,-0.4876454012714499,-2.446156182083305,-0.3883984386920929,-0.006318359170109034,-0.6268603205680847,0,-23.2979679107666,-0.39990234375,-1.3280420079827309,-1.8111759732601058,-0.0877430575214499,-1.1181141741005742,2.130313722572925
1780771792401083800,-25.109143884026707,-0.4876454012714499,-2.446156182083305,-0.3883984386920929,-0.006318359170109034,-0.6268603205680847,0,-23.2979679107666,-0.39990234375,-1.3280420079827309,-1.8111759732601058,-0.0877430575214499,-1.1181141741005742,2.130313722572925
1780771792435900000,-23.92565708699692,-0.34886834922422133,-3.9838772129839035,-0.3883984386920929,-0.006318359170109034,-0.6268603205680847,0,-23.2979679107666,-0.39990234375,-1.3280420079827309,-0.6276891762303194,0.05103399452577867,-2.6558352050011726,2.729479585319805
1780771792435900000,-23.93151646199692,-0.34895623999823294,-3.982866497022447,-0.3942578136920929,-0.0064062499441206455,-0.6258496046066284,0,-23.2979679107666,-0.39990234375,-1.3280420079827309,-0.6335485512303194,0.05094610375176706,-2.6548244890397164,2.729848409684778
1780771792435900000,-23.93151646199692,-0.34895623999823294,-3.982866497022447,-0.3942578136920929,-0.0064062499441206455,-0.6258496046066284,0,-23.2979679107666,-0.39990234375,-1.3280420079827309,-0.6335485512303194,0.05094610375176706,-2.6548244890397164,2.729848409684778
1780771792435900000,-23.93151646199692,-0.34895623999823294,-3.982866497022447,-0.3942578136920929,-0.0064062499441206455,-0.6258496046066284,0,-23.2979679107666,-0.39990234375,-1.3280420079827309,-0.6335485512303194,0.05094610375176706,-2.6548244890397164,2.729848409684778
1780771792435900000,-23.93151646199692,-0.34895623999823294,-3.982866497022447,-0.3942578136920929,-0.0064062499441206455,-0.6258496046066284,0,-23.2979679107666,-0.39990234375,-1.3280420079827309,-0.6335485512303194,0.05094610375176706,-2.6548244890397164,2.729848409684778
1780771792435900000,-23.93151646199692,-0.34895623999823294,-3.982866497022447,-0.3942578136920929,-0.0064062499441206455,-0.6258496046066284,0,-23.2979679107666,-0.39990234375,-1.3280420079827309,-0.6335485512303194,0.05094610375176706,-2.6548244890397164,2.729848409684778
1780771792435900000,-23.861329094138966,-0.3500265631412341,-4.4426464537505925,-0.3942578136920929,-0.0064062499441206455,-0.6258496046066284,0,-23.2979679107666,-0.39990234375,-1.3280420079827309,-0.5633611833723648,0.04987578060876591,-3.1146044457678617,3.165536963931866
1780771792435900000,-23.872188464370595,-0.3501925788407399,-4.440747032535535,-0.4051171839237213,-0.0065722656436264515,-0.623950183391571,0,-23.2979679107666,-0.39990234375,-1.3280420079827309,-0.5742205536039933,0.0497097649092601,-3.1127050245528043,3.165617297587452
1780771792435900000,-23.872188464370595,-0.3501925788407399,-4.440747032535535,-0.4051171839237213,-0.0065722656436264515,-0.623950183391571,0,-23.2979679107666,-0.39990234375,-1.3280420079827309,-0.5742205536039933,0.0497097649092601,-3.1127050245528043,3.165617297587452
1780771792435900000,-23.828412069265923,-0.3509405976559045,-4.7007276797801705,-0.4051171839237213,-0.0065722656436264515,-0.623950183391571,0,-23.2979679107666,-0.39990234375,-1.3280420079827309,-0.5304441584993214,0.04896174609409548,-3.3726856717974396,3.414495116208893
1780771792435900000,-23.828412069265923,-0.3509405976559045,-4.7007276797801705,-0.4051171839237213,-0.0065722656436264515,-0.623950183391571,0,-23.2979679107666,-0.39990234375,-1.3280420079827309,-0.5304441584993214,0.04896174609409548,-3.3726856717974396,3.414495116208893
1780771792435900000,-23.828412069265923,-0.3509405976559045,-4.7007276797801705,-0.4051171839237213,-0.0065722656436264515,-0.623950183391571,0,-23.2979679107666,-0.39990234375,-1.3280420079827309,-0.5304441584993214,0.04896174609409548,-3.3726856717974396,3.414495116208893
1780771792435900000,-23.828412069265923,-0.3509405976559045,-4.7007276797801705,-0.4051171839237213,-0.0065722656436264515,-0.623950183391571,0,-23.2979679107666,-0.39990234375,-1.3280420079827309,-0.5304441584993214,0.04896174609409548,-3.3726856717974396,3.414495116208893
1780771792435900000,-23.841458929960808,-0.35113590996964,-4.698662259629414,-0.41816404461860657,-0.006767577957361937,-0.6218847632408142,0,-23.2979679107666,-0.39990234375,-1.3280420079827309,-0.5434910191942066,0.04876643378036,-3.3706202516466828,3.414504581021844
1780771792435900000,-23.841458929960808,-0.35113590996964,-4.698662259629414,-0.41816404461860657,-0.006767577957361937,-0.6218847632408142,0,-23.2979679107666,-0.39990234375,-1.3280420079827309,-0.5434910191942066,0.04876643378036,-3.3706202516466828,3.414504581021844
1780771792435900000,-23.841458929960808,-0.35113590996964,-4.698662259629414,-0.41816404461860657,-0.006767577957361937,-0.6218847632408142,0,-23.2979679107666,-0.39990234375,-1.3280420079827309,-0.5434910191942066,0.04876643378036,-3.3706202516466828,3.414504581021844
1780771792435900000,-23.794623038934795,-0.35195820962603513,-4.959102293376202,-0.41816404461860657,-0.006767577957361937,-0.6218847632408142,0,-23.2979679107666,-0.39990234375,-1.3280420079827309,-0.496655128168193,0.047944134123964866,-3.6310602853934713,3.6651826356260035
1780771792435900000,-23.794623038934795,-0.35195820962603513,-4.959102293376202,-0.41816404461860657,-0.006767577957361937,-0.6218847632408142,0,-23.2979679107666,-0.39990234375,-1.3280420079827309,-0.496655128168193,0.047944134123964866,-3.6310602853934713,3.6651826356260035
1780771792435900000,-23.794623038934795,-0.35195820962603513,-4.959102293376202,-0.41816404461860657,-0.006767577957361937,-0.6218847632408142,0,-23.2979679107666,-0.39990234375,-1.3280420079827309,-0.496655128168193,0.047944134123964866,-3.6310602853934713,3.6651826356260035
1780771792468940000,-23.250516485862477,-0.3447133623401233,-6.2143605750177064,-0.4250781238079071,-0.006874999962747097,-0.6209863424301147,0,-23.2979679107666,-0.39990234375,-1.3280420079827309,0.047451424904124906,0.055188981409876714,-4.886318567034976,4.886860607787502
1780771792468940000,-23.18651731605221,-0.3459052470250456,-6.469281040388048,-0.4250781238079071,-0.006874999962747097,-0.6209863424301147,0,-23.2979679107666,-0.39990234375,-1.3280420079827309,0.11145059471439112,0.053997096724954396,-5.141239032405317,5.142730374990009
1780771792468940000,-23.18651731605221,-0.3459052470250456,-6.469281040388048,-0.4250781238079071,-0.006874999962747097,-0.6209863424301147,0,-23.2979679107666,-0.39990234375,-1.3280420079827309,0.11145059471439112,0.053997096724954396,-5.141239032405317,5.142730374990009
1780771792468940000,-23.18651731605221,-0.3459052470250456,-6.469281040388048,-0.4250781238079071,-0.006874999962747097,-0.6209863424301147,0,-23.2979679107666,-0.39990234375,-1.3280420079827309,0.11145059471439112,0.053997096724954396,-5.141239032405317,5.142730374990009
1780771792468940000,-23.18651731605221,-0.3459052470250456,-6.469281040388048,-0.4250781238079071,-0.006874999962747097,-0.6209863424301147,0,-23.2979679107666,-0.39990234375,-1.3280420079827309,0.11145059471439112,0.053997096724954396,-5.141239032405317,5.142730374990009
1780771792468940000,-23.07492600803846,-0.3486297096093213,-6.934642938190474,-0.4385156035423279,-0.007080078125,-0.6198290586471558,0,-23.2979679107666,-0.39990234375,-1.3280420079827309,0.2230419027281414,0.051272634140678675,-5.606600930207743,5.6112699599993086
1780771792468940000,-23.07492600803846,-0.3486297096093213,-6.934642938190474,-0.4385156035423279,-0.007080078125,-0.6198290586471558,0,-23.2979679107666,-0.39990234375,-1.3280420079827309,0.2230419027281414,0.051272634140678675,-5.606600930207743,5.6112699599993086
1780771792468940000,-23.07492600803846,-0.3486297096093213,-6.934642938190474,-0.4385156035423279,-0.007080078125,-0.6198290586471558,0,-23.2979679107666,-0.39990234375,-1.3280420079827309,0.2230419027281414,0.051272634140678675,-5.606600930207743,5.6112699599993086
1780771792468940000,-23.07492600803846,-0.3486297096093213,-6.934642938190474,-0.4385156035423279,-0.007080078125,-0.6198290586471558,0,-23.2979679107666,-0.39990234375,-1.3280420079827309,0.2230419027281414,0.051272634140678675,-5.606600930207743,5.6112699599993086
1780771792468940000,-23.07492600803846,-0.3486297096093213,-6.934642938190474,-0.4385156035423279,-0.007080078125,-0.6198290586471558,0,-23.2979679107666,-0.39990234375,-1.3280420079827309,0.2230419027281414,0.051272634140678675,-5.606600930207743,5.6112699599993086
1780771792468940000,-23.018427851718727,-0.35041595116822294,-7.18965679873945,-0.4547656178474426,-0.007333984132856131,-0.6197216510772705,0,-23.2979679107666,-0.39990234375,-1.3280420079827309,0.27954005904787493,0.04948639258177706,-5.861614790756719,5.868485281815162
1780771792468940000,-23.018427851718727,-0.35041595116822294,-7.18965679873945,-0.4547656178474426,-0.007333984132856131,-0.6197216510772705,0,-23.2979679107666,-0.39990234375,-1.3280420079827309,0.27954005904787493,0.04948639258177706,-5.861614790756719,5.868485281815162
1780771792468940000,-23.018427851718727,-0.35041595116822294,-7.18965679873945,-0.4547656178474426,-0.007333984132856131,-0.6197216510772705,0,-23.2979679107666,-0.39990234375,-1.3280420079827309,0.27954005904787493,0.04948639258177706,-5.861614790756719,5.868485281815162
1780771792468940000,-23.018427851718727,-0.35041595116822294,-7.18965679873945,-0.4547656178474426,-0.007333984132856131,-0.6197216510772705,0,-23.2979679107666,-0.39990234375,-1.3280420079827309,0.27954005904787493,0.04948639258177706,-5.861614790756719,5.868485281815162
1780771792468940000,-23.018427851718727,-0.35041595116822294,-7.18965679873945,-0.4547656178474426,-0.007333984132856131,-0.6197216510772705,0,-23.2979679107666,-0.39990234375,-1.3280420079827309,0.27954005904787493,0.04948639258177706,-5.861614790756719,5.868485281815162
1780771792468940000,-22.942887468830957,-0.3520040806305352,-7.44366366612392,-0.4547656178474426,-0.007333984132856131,-0.6197216510772705,0,-23.2979679107666,-0.39990234375,-1.3280420079827309,0.3550804419356446,0.04789826311946482,-6.1156216581411895,6.126108440876693
1780771792468940000,-22.942887468830957,-0.3520040806305352,-7.44366366612392,-0.4547656178474426,-0.007333984132856131,-0.6197216510772705,0,-23.2979679107666,-0.39990234375,-1.3280420079827309,0.3550804419356446,0.04789826311946482,-6.1156216581411895,6.126108440876693
1780771792468940000,-22.942887468830957,-0.3520040806305352,-7.44366366612392,-0.4547656178474426,-0.007333984132856131,-0.6197216510772705,0,-23.2979679107666,-0.39990234375,-1.3280420079827309,0.3550804419356446,0.04789826311946482,-6.1156216581411895,6.126108440876693
1780771792502391300,-22.19418714427162,-0.3888458631986844,-8.516875147147783,-0.4547656178474426,-0.007333984132856131,-0.6197216510772705,0,-23.2979679107666,-0.39990234375,-1.3280420079827309,1.1037807664949817,0.011056480551315584,-7.188833139165052,7.273085736398553
1780771792502391300,-22.19418714427162,-0.3888458631986844,-8.516875147147783,-0.4547656178474426,-0.007333984132856131,-0.6197216510772705,0,-23.2979679107666,-0.39990234375,-1.3280420079827309,1.1037807664949817,0.011056480551315584,-7.188833139165052,7.273085736398553
1780771792502391300,-22.19418714427162,-0.3888458631986844,-8.516875147147783,-0.4547656178474426,-0.007333984132856131,-0.6197216510772705,0,-23.2979679107666,-0.39990234375,-1.3280420079827309,1.1037807664949817,0.011056480551315584,-7.188833139165052,7.273085736398553
1780771792502391300,-22.103954246340056,-0.3905748914299139,-8.760900379789856,-0.4547656178474426,-0.007333984132856131,-0.6197216510772705,0,-23.2979679107666,-0.39990234375,-1.3280420079827309,1.1940136644265458,0.009327452320086083,-7.432858371807125,7.528156428206534
1780771792502391300,-22.103954246340056,-0.3905748914299139,-8.760900379789856,-0.4547656178474426,-0.007333984132856131,-0.6197216510772705,0,-23.2979679107666,-0.39990234375,-1.3280420079827309,1.1940136644265458,0.009327452320086083,-7.432858371807125,7.528156428206534
1780771792502391300,-22.103954246340056,-0.3905748914299139,-8.760900379789856,-0.4547656178474426,-0.007333984132856131,-0.6197216510772705,0,-23.2979679107666,-0.39990234375,-1.3280420079827309,1.1940136644265458,0.009327452320086083,-7.432858371807125,7.528156428206534
1780771792502391300,-22.103954246340056,-0.3905748914299139,-8.760900379789856,-0.4547656178474426,-0.007333984132856131,-0.6197216510772705,0,-23.2979679107666,-0.39990234375,-1.3280420079827309,1.1940136644265458,0.009327452320086083,-7.432858371807125,7.528156428206534
1780771792502391300,-22.130204251108427,-0.3909850477544197,-8.763834954870728,-0.4810156226158142,-0.007744140457361937,-0.6226562261581421,0,-23.2979679107666,-0.39990234375,-1.3280420079827309,1.1677636596581742,0.008917295995580277,-7.435792946887997,7.526936178284987
1780771792502391300,-22.130204251108427,-0.3909850477544197,-8.763834954870728,-0.4810156226158142,-0.007744140457361937,-0.6226562261581421,0,-23.2979679107666,-0.39990234375,-1.3280420079827309,1.1677636596581742,0.008917295995580277,-7.435792946887997,7.526936178284987
1780771792502391300,-21.964006182212763,-0.3940718926398497,-9.192656251950675,-0.4810156226158142,-0.007744140457361937,-0.6226562261581421,0,-23.2979679107666,-0.39990234375,-1.3280420079827309,1.333961728553838,0.005830451110150292,-7.864614243967944,7.976944596387138
1780771792502391300,-21.964006182212763,-0.3940718926398497,-9.192656251950675,-0.4810156226158142,-0.007744140457361937,-0.6226562261581421,0,-23.2979679107666,-0.39990234375,-1.3280420079827309,1.333961728553838,0.005830451110150292,-7.864614243967944,7.976944596387138
1780771792502391300,-21.964006182212763,-0.3940718926398497,-9.192656251950675,-0.4810156226158142,-0.007744140457361937,-0.6226562261581421,0,-23.2979679107666,-0.39990234375,-1.3280420079827309,1.333961728553838,0.005830451110150292,-7.864614243967944,7.976944596387138
1780771792502391300,-21.964006182212763,-0.3940718926398497,-9.192656251950675,-0.4810156226158142,-0.007744140457361937,-0.6226562261581421,0,-23.2979679107666,-0.39990234375,-1.3280420079827309,1.333961728553838,0.005830451110150292,-7.864614243967944,7.976944596387138
1780771792502391300,-21.974474933404856,-0.3942379078736942,-9.194785151048118,-0.4914843738079071,-0.007910155691206455,-0.6247851252555847,0,-23.2979679107666,-0.39990234375,-1.3280420079827309,1.3234929773617452,0.005664435876305773,-7.866743143065387,7.977299883163847
1780771792502391300,-21.78666978143456,-0.39756824985904626,-9.651206231229768,-0.4914843738079071,-0.007910155691206455,-0.6247851252555847,0,-23.2979679107666,-0.39990234375,-1.3280420079827309,1.5112981293320402,0.0023340938909537368,-8.323164223247037,8.459260616085562
1780771792502391300,-21.78666978143456,-0.39756824985904626,-9.651206231229768,-0.4914843738079071,-0.007910155691206455,-0.6247851252555847,0,-23.2979679107666,-0.39990234375,-1.3280420079827309,1.5112981293320402,0.0023340938909537368,-8.323164223247037,8.459260616085562
1780771792502391300,-21.78666978143456,-0.39756824985904626,-9.651206231229768,-0.4914843738079071,-0.007910155691206455,-0.6247851252555847,0,-23.2979679107666,-0.39990234375,-1.3280420079827309,1.5112981293320402,0.0023340938909537368,-8.323164223247037,8.459260616085562
1780771792502391300,-21.78666978143456,-0.39756824985904626,-9.651206231229768,-0.4914843738079071,-0.007910155691206455,-0.6247851252555847,0,-23.2979679107666,-0.39990234375,-1.3280420079827309,1.5112981293320402,0.0023340938909537368,-8.323164223247037,8.459260616085562
1780771792502391300,-21.797802587974097,-0.3977440314070695,-9.653950369470582,-0.5026171803474426,-0.008085937239229679,-0.6275292634963989,0,-23.2979679107666,-0.39990234375,-1.3280420079827309,1.5001653227925047,0.002158312342930513,-8.325908361487851,8.459979355643524
1780771792502391300,-21.797802587974097,-0.3977440314070695,-9.653950369470582,-0.5026171803474426,-0.008085937239229679,-0.6275292634963989,0,-23.2979679107666,-0.39990234375,-1.3280420079827309,1.5001653227925047,0.002158312342930513,-8.325908361487851,8.459979355643524
1780771792535834000,-20.5034209456784,-0.35596489981048784,-10.3594607958318,-0.5026171803474426,-0.008085937239229679,-0.6275292634963989,0,-23.2979679107666,-0.39990234375,-1.3280420079827309,2.7945469650882018,0.043937443939512155,-9.03141878784907,9.453991144515463
1780771792535834000,-20.5034209456784,-0.35596489981048784,-10.3594607958318,-0.5026171803474426,-0.008085937239229679,-0.6275292634963989,0,-23.2979679107666,-0.39990234375,-1.3280420079827309,2.7945469650882018,0.043937443939512155,-9.03141878784907,9.453991144515463
1780771792535834000,-20.5034209456784,-0.35596489981048784,-10.3594607958318,-0.5026171803474426,-0.008085937239229679,-0.6275292634963989,0,-23.2979679107666,-0.39990234375,-1.3280420079827309,2.7945469650882018,0.043937443939512155,-9.03141878784907,9.453991144515463
1780771792535834000,-20.5034209456784,-0.35596489981048784,-10.3594607958318,-0.5026171803474426,-0.008085937239229679,-0.6275292634963989,0,-23.2979679107666,-0.39990234375,-1.3280420079827309,2.7945469650882018,0.043937443939512155,-9.03141878784907,9.453991144515463
1780771792535834000,-20.43410285710108,-0.35821617910146125,-10.581603480787047,-0.5374218821525574,-0.008632812649011612,-0.6385888457298279,0,-23.2979679107666,-0.39990234375,-1.3280420079827309,2.8638650536655206,0.04168616464853875,-9.253561472804316,9.686684712165361
1780771792535834000,-20.43410285710108,-0.35821617910146125,-10.581603480787047,-0.5374218821525574,-0.008632812649011612,-0.6385888457298279,0,-23.2979679107666,-0.39990234375,-1.3280420079827309,2.8638650536655206,0.04168616464853875,-9.253561472804316,9.686684712165361
1780771792535834000,-20.43410285710108,-0.35821617910146125,-10.581603480787047,-0.5374218821525574,-0.008632812649011612,-0.6385888457298279,0,-23.2979679107666,-0.39990234375,-1.3280420079827309,2.8638650536655206,0.04168616464853875,-9.253561472804316,9.686684712165361
1780771792535834000,-20.43410285710108,-0.35821617910146125,-10.581603480787047,-0.5374218821525574,-0.008632812649011612,-0.6385888457298279,0,-23.2979679107666,-0.39990234375,-1.3280420079827309,2.8638650536655206,0.04168616464853875,-9.253561472804316,9.686684712165361
1780771792535834000,-20.149937678035734,-0.36273971128745247,-11.130847651273573,-0.5374218821525574,-0.008632812649011612,-0.6385888457298279,0,-23.2979679107666,-0.39990234375,-1.3280420079827309,3.148030232730868,0.03716263246254753,-9.802805643290842,10.295944535960452
1780771792535834000,-20.149937678035734,-0.36273971128745247,-11.130847651273573,-0.5374218821525574,-0.008632812649011612,-0.6385888457298279,0,-23.2979679107666,-0.39990234375,-1.3280420079827309,3.148030232730868,0.03716263246254753,-9.802805643290842,10.295944535960452
1780771792535834000,-20.163726735767362,-0.3629545543669002,-11.136023420602644,-0.5512109398841858,-0.008847655728459358,-0.6437646150588989,0,-23.2979679107666,-0.39990234375,-1.3280420079827309,3.1342411749992394,0.03694778938309978,-9.807981412619913,10.296666075604211
1780771792535834000,-20.163726735767362,-0.3629545543669002,-11.136023420602644,-0.5512109398841858,-0.008847655728459358,-0.6437646150588989,0,-23.2979679107666,-0.39990234375,-1.3280420079827309,3.1342411749992394,0.03694778938309978,-9.807981412619913,10.296666075604211
1780771792535834000,-20.163726735767362,-0.3629545543669002,-11.136023420602644,-0.5512109398841858,-0.008847655728459358,-0.6437646150588989,0,-23.2979679107666,-0.39990234375,-1.3280420079827309,3.1342411749992394,0.03694778938309978,-9.807981412619913,10.296666075604211
1780771792535834000,-20.06593271447069,-0.3645034385833497,-11.3167588250518,-0.5512109398841858,-0.008847655728459358,-0.6437646150588989,0,-23.2979679107666,-0.39990234375,-1.3280420079827309,3.232035196295911,0.035398905166650285,-9.988716817069069,10.498655544600982
1780771792535834000,-20.06593271447069,-0.3645034385833497,-11.3167588250518,-0.5512109398841858,-0.008847655728459358,-0.6437646150588989,0,-23.2979679107666,-0.39990234375,-1.3280420079827309,3.232035196295911,0.035398905166650285,-9.988716817069069,10.498655544600982
1780771792535834000,-20.06593271447069,-0.3645034385833497,-11.3167588250518,-0.5512109398841858,-0.008847655728459358,-0.6437646150588989,0,-23.2979679107666,-0.39990234375,-1.3280420079827309,3.232035196295911,0.035398905166650285,-9.988716817069069,10.498655544600982
1780771792535834000,-20.08042486859209,-0.36472804844263745,-11.322554721105114,-0.5657030940055847,-0.009072265587747097,-0.6495605111122131,0,-23.2979679107666,-0.39990234375,-1.3280420079827309,3.217543042174512,0.035174295307362546,-9.994512713122383,10.499719273964468
1780771792569160300,-20.369242648091767,-0.4051378331307025,-12.739754570010943,-0.5657030940055847,-0.009072265587747097,-0.6495605111122131,0,-23.2979679107666,-0.39990234375,-1.3280420079827309,2.928725262674835,-0.005235489380702507,-11.411712562028212,11.781538213362944
1780771792569160300,-20.369242648091767,-0.4051378331307025,-12.739754570010943,-0.5657030940055847,-0.009072265587747097,-0.6495605111122131,0,-23.2979679107666,-0.39990234375,-1.3280420079827309,2.928725262674835,-0.005235489380702507,-11.411712562028212,11.781538213362944
1780771792569160300,-20.369242648091767,-0.4051378331307025,-12.739754570010943,-0.5657030940055847,-0.009072265587747097,-0.6495605111122131,0,-23.2979679107666,-0.39990234375,-1.3280420079827309,2.928725262674835,-0.005235489380702507,-11.411712562028212,11.781538213362944
1780771792569160300,-20.369242648091767,-0.4051378331307025,-12.739754570010943,-0.5657030940055847,-0.009072265587747097,-0.6495605111122131,0,-23.2979679107666,-0.39990234375,-1.3280420079827309,2.928725262674835,-0.005235489380702507,-11.411712562028212,11.781538213362944
1780771792569160300,-20.411234835591767,-0.4057921300802083,-12.757972372058672,-0.6076952815055847,-0.009726562537252903,-0.6677783131599426,0,-23.2979679107666,-0.39990234375,-1.3280420079827309,2.886733075174835,-0.005889786330208313,-11.429930364075942,11.788832455528263
1780771792569160300,-20.12130344709237,-0.41035087804468595,-13.220404958752821,-0.6076952815055847,-0.009726562537252903,-0.6677783131599426,0,-23.2979679107666,-0.39990234375,-1.3280420079827309,3.176664463674232,-0.010448534294685952,-11.89236295077009,12.309329910254608
1780771792569160300,-20.12130344709237,-0.41035087804468595,-13.220404958752821,-0.6076952815055847,-0.009726562537252903,-0.6677783131599426,0,-23.2979679107666,-0.39990234375,-1.3280420079827309,3.176664463674232,-0.010448534294685952,-11.89236295077009,12.309329910254608
1780771792569160300,-20.12130344709237,-0.41035087804468595,-13.220404958752821,-0.6076952815055847,-0.009726562537252903,-0.6677783131599426,0,-23.2979679107666,-0.39990234375,-1.3280420079827309,3.176664463674232,-0.010448534294685952,-11.89236295077009,12.309329910254608
1780771792569160300,-20.12130344709237,-0.41035087804468595,-13.220404958752821,-0.6076952815055847,-0.009726562537252903,-0.6677783131599426,0,-23.2979679107666,-0.39990234375,-1.3280420079827309,3.176664463674232,-0.010448534294685952,-11.89236295077009,12.309329910254608
1780771792569160300,-20.12130344709237,-0.41035087804468595,-13.220404958752821,-0.6076952815055847,-0.009726562537252903,-0.6677783131599426,0,-23.2979679107666,-0.39990234375,-1.3280420079827309,3.176664463674232,-0.010448534294685952,-11.89236295077009,12.309329910254608
1780771792569160300,-20.028646061925464,-0.4123319706120277,-13.397424250911074,-0.6248828172683716,-0.009999999776482582,-0.6757128834724426,0,-23.2979679107666,-0.39990234375,-1.3280420079827309,3.2693218488411375,-0.012429626862027698,-12.069382242928343,12.504343548257461
1780771792569160300,-20.028646061925464,-0.4123319706120277,-13.397424250911074,-0.6248828172683716,-0.009999999776482582,-0.6757128834724426,0,-23.2979679107666,-0.39990234375,-1.3280420079827309,3.2693218488411375,-0.012429626862027698,-12.069382242928343,12.504343548257461
1780771792569160300,-20.028646061925464,-0.4123319706120277,-13.397424250911074,-0.6248828172683716,-0.009999999776482582,-0.6757128834724426,0,-23.2979679107666,-0.39990234375,-1.3280420079827309,3.2693218488411375,-0.012429626862027698,-12.069382242928343,12.504343548257461
1780771792569160300,-20.028646061925464,-0.4123319706120277,-13.397424250911074,-0.6248828172683716,-0.009999999776482582,-0.6757128834724426,0,-23.2979679107666,-0.39990234375,-1.3280420079827309,3.2693218488411375,-0.012429626862027698,-12.069382242928343,12.504343548257461
1780771792569160300,-20.028646061925464,-0.4123319706120277,-13.397424250911074,-0.6248828172683716,-0.009999999776482582,-0.6757128834724426,0,-23.2979679107666,-0.39990234375,-1.3280420079827309,3.2693218488411375,-0.012429626862027698,-12.069382242928343,12.504343548257461
1780771792569160300,-20.028646061925464,-0.4123319706120277,-13.397424250911074,-0.6248828172683716,-0.009999999776482582,-0.6757128834724426,0,-23.2979679107666,-0.39990234375,-1.3280420079827309,3.2693218488411375,-0.012429626862027698,-12.069382242928343,12.504343548257461
1780771792569160300,-19.922307236570308,-0.41397880319271885,-13.558105948955223,-0.6248828172683716,-0.009999999776482582,-0.6757128834724426,0,-23.2979679107666,-0.39990234375,-1.3280420079827309,3.3756606741962933,-0.014076459442718847,-12.230063940972492,12.687385354528388
1780771792569160300,-19.940236909765193,-0.41426200628046594,-13.566572729140923,-0.6428124904632568,-0.010283202864229679,-0.6841796636581421,0,-23.2979679107666,-0.39990234375,-1.3280420079827309,3.357731001001408,-0.014359662530465944,-12.238530721158192,12.690791854243248
1780771792569160300,-19.940236909765193,-0.41426200628046594,-13.566572729140923,-0.6428124904632568,-0.010283202864229679,-0.6841796636581421,0,-23.2979679107666,-0.39990234375,-1.3280420079827309,3.357731001001408,-0.014359662530465944,-12.238530721158192,12.690791854243248
1780771792569160300,-19.940236909765193,-0.41426200628046594,-13.566572729140923,-0.6428124904632568,-0.010283202864229679,-0.6841796636581421,0,-23.2979679107666,-0.39990234375,-1.3280420079827309,3.357731001001408,-0.014359662530465944,-12.238530721158192,12.690791854243248
1780771792569160300,-19.837613153642078,-0.4158502589676595,-13.718940192709407,-0.6428124904632568,-0.010283202864229679,-0.6841796636581421,0,-23.2979679107666,-0.39990234375,-1.3280420079827309,3.4603547571245237,-0.01594791521765948,-12.390898184726677,12.865017186363062
1780771792601454900,-20.2027738924268,-0.4430102006487852,-14.34578565439251,-0.6428124904632568,-0.010283202864229679,-0.6841796636581421,0,-23.2979679107666,-0.39990234375,-1.3280420079827309,3.0951940183398,-0.04310785689878521,-13.017743646409778,13.380722474595123
1780771792601454900,-20.2027738924268,-0.4430102006487852,-14.34578565439251,-0.6428124904632568,-0.010283202864229679,-0.6841796636581421,0,-23.2979679107666,-0.39990234375,-1.3280420079827309,3.0951940183398,-0.04310785689878521,-13.017743646409778,13.380722474595123
1780771792601454900,-20.221406721616102,-0.44330316958504973,-14.354760266151695,-0.6614453196525574,-0.010576171800494194,-0.6931542754173279,0,-23.2979679107666,-0.39990234375,-1.3280420079827309,3.0765611891504996,-0.04340082583504973,-13.026718258168964,13.385159728594312
1780771792601454900,-20.221406721616102,-0.44330316958504973,-14.354760266151695,-0.6614453196525574,-0.010576171800494194,-0.6931542754173279,0,-23.2979679107666,-0.39990234375,-1.3280420079827309,3.0765611891504996,-0.04340082583504973,-13.026718258168964,13.385159728594312
1780771792601454900,-20.007698115094836,-0.4465641174899756,-14.655648258694086,-0.6614453196525574,-0.010576171800494194,-0.6931542754173279,0,-23.2979679107666,-0.39990234375,-1.3280420079827309,3.2902697956717653,-0.0466617737399756,-13.327606250711355,13.72782360840344
1780771792601454900,-20.007698115094836,-0.4465641174899756,-14.655648258694086,-0.6614453196525574,-0.010576171800494194,-0.6931542754173279,0,-23.2979679107666,-0.39990234375,-1.3280420079827309,3.2902697956717653,-0.0466617737399756,-13.327606250711355,13.72782360840344
1780771792601454900,-20.007698115094836,-0.4465641174899756,-14.655648258694086,-0.6614453196525574,-0.010576171800494194,-0.6931542754173279,0,-23.2979679107666,-0.39990234375,-1.3280420079827309,3.2902697956717653,-0.0466617737399756,-13.327606250711355,13.72782360840344
1780771792601454900,-20.007698115094836,-0.4465641174899756,-14.655648258694086,-0.6614453196525574,-0.010576171800494194,-0.6931542754173279,0,-23.2979679107666,-0.39990234375,-1.3280420079827309,3.2902697956717653,-0.0466617737399756,-13.327606250711355,13.72782360840344
1780771792601454900,-20.007698115094836,-0.4465641174899756,-14.655648258694086,-0.6614453196525574,-0.010576171800494194,-0.6931542754173279,0,-23.2979679107666,-0.39990234375,-1.3280420079827309,3.2902697956717653,-0.0466617737399756,-13.327606250711355,13.72782360840344
1780771792601454900,-19.96242723866358,-0.4491247405271469,-14.831291459111966,-0.7221874594688416,-0.011523437686264515,-0.7231200933456421,0,-23.2979679107666,-0.39990234375,-1.3280420079827309,3.335540672103022,-0.049222396777146904,-13.503249451129236,13.909205590508034
1780771792601454900,-19.96242723866358,-0.4491247405271469,-14.831291459111966,-0.7221874594688416,-0.011523437686264515,-0.7231200933456421,0,-23.2979679107666,-0.39990234375,-1.3280420079827309,3.335540672103022,-0.049222396777146904,-13.503249451129236,13.909205590508034
1780771792601454900,-19.96242723866358,-0.4491247405271469,-14.831291459111966,-0.7221874594688416,-0.011523437686264515,-0.7231200933456421,0,-23.2979679107666,-0.39990234375,-1.3280420079827309,3.335540672103022,-0.049222396777146904,-13.503249451129236,13.909205590508034
1780771792601454900,-19.96242723866358,-0.4491247405271469,-14.831291459111966,-0.7221874594688416,-0.011523437686264515,-0.7231200933456421,0,-23.2979679107666,-0.39990234375,-1.3280420079827309,3.335540672103022,-0.049222396777146904,-13.503249451129236,13.909205590508034
1780771792601454900,-19.96242723866358,-0.4491247405271469,-14.831291459111966,-0.7221874594688416,-0.011523437686264515,-0.7231200933456421,0,-23.2979679107666,-0.39990234375,-1.3280420079827309,3.335540672103022,-0.049222396777146904,-13.503249451129236,13.909205590508034
1780771792601454900,-19.96242723866358,-0.4491247405271469,-14.831291459111966,-0.7221874594688416,-0.011523437686264515,-0.7231200933456421,0,-23.2979679107666,-0.39990234375,-1.3280420079827309,3.335540672103022,-0.049222396777146904,-13.503249451129236,13.909205590508034
1780771792601454900,-19.877557808949042,-0.4510878593159051,-14.98564997205797,-0.7435546517372131,-0.011855468153953552,-0.73377925157547,0,-23.2979679107666,-0.39990234375,-1.3280420079827309,3.4204101018175592,-0.051185515565905115,-13.65760796407524,14.079491486626594
1780771792601454900,-19.877557808949042,-0.4510878593159051,-14.98564997205797,-0.7435546517372131,-0.011855468153953552,-0.73377925157547,0,-23.2979679107666,-0.39990234375,-1.3280420079827309,3.4204101018175592,-0.051185515565905115,-13.65760796407524,14.079491486626594
1780771792601454900,-19.877557808949042,-0.4510878593159051,-14.98564997205797,-0.7435546517372131,-0.011855468153953552,-0.73377925157547,0,-23.2979679107666,-0.39990234375,-1.3280420079827309,3.4204101018175592,-0.051185515565905115,-13.65760796407524,14.079491486626594
1780771792601454900,-19.877557808949042,-0.4510878593159051,-14.98564997205797,-0.7435546517372131,-0.011855468153953552,-0.73377925157547,0,-23.2979679107666,-0.39990234375,-1.3280420079827309,3.4204101018175592,-0.051185515565905115,-13.65760796407524,14.079491486626594
1780771792601454900,-19.877557808949042,-0.4510878593159051,-14.98564997205797,-0.7435546517372131,-0.011855468153953552,-0.73377925157547,0,-23.2979679107666,-0.39990234375,-1.3280420079827309,3.4204101018175592,-0.051185515565905115,-13.65760796407524,14.079491486626594
1780771792636409100,-18.475718606175942,-0.4391943845962188,-15.034814346018205,-0.7435546517372131,-0.011855468153953552,-0.73377925157547,0,-23.2979679107666,-0.39990234375,-1.3280420079827309,4.82224930459066,-0.03929204084621879,-13.706772338035474,14.530355816250111
1780771792636409100,-18.475718606175942,-0.4391943845962188,-15.034814346018205,-0.7435546517372131,-0.011855468153953552,-0.73377925157547,0,-23.2979679107666,-0.39990234375,-1.3280420079827309,4.82224930459066,-0.03929204084621879,-13.706772338035474,14.530355816250111
1780771792636409100,-18.49771081274943,-0.4395361818437478,-15.045795846166978,-0.7655468583106995,-0.012197265401482582,-0.7447607517242432,0,-23.2979679107666,-0.39990234375,-1.3280420079827309,4.800257098017173,-0.03963383809374782,-13.717753838184247,14.533437632343043
1780771792636409100,-18.49771081274943,-0.4395361818437478,-15.045795846166978,-0.7655468583106995,-0.012197265401482582,-0.7447607517242432,0,-23.2979679107666,-0.39990234375,-1.3280420079827309,4.800257098017173,-0.03963383809374782,-13.717753838184247,14.533437632343043
1780771792636409100,-18.49771081274943,-0.4395361818437478,-15.045795846166978,-0.7655468583106995,-0.012197265401482582,-0.7447607517242432,0,-23.2979679107666,-0.39990234375,-1.3280420079827309,4.800257098017173,-0.03963383809374782,-13.717753838184247,14.533437632343043
1780771792636409100,-18.326780522041393,-0.4422006271932316,-15.255102964979748,-0.7655468583106995,-0.012197265401482582,-0.7447607517242432,0,-23.2979679107666,-0.39990234375,-1.3280420079827309,4.971187388725209,-0.04229828344323161,-13.927060956997018,14.78774898686455
1780771792636409100,-18.326780522041393,-0.4422006271932316,-15.255102964979748,-0.7655468583106995,-0.012197265401482582,-0.7447607517242432,0,-23.2979679107666,-0.39990234375,-1.3280420079827309,4.971187388725209,-0.04229828344323161,-13.927060956997018,14.78774898686455
1780771792636409100,-18.326780522041393,-0.4422006271932316,-15.255102964979748,-0.7655468583106995,-0.012197265401482582,-0.7447607517242432,0,-23.2979679107666,-0.39990234375,-1.3280420079827309,4.971187388725209,-0.04229828344323161,-13.927060956997018,14.78774898686455
1780771792636409100,-18.390061760120464,-0.44318695554174903,-15.286489638430218,-0.8288280963897705,-0.01318359375,-0.7761474251747131,0,-23.2979679107666,-0.39990234375,-1.3280420079827309,4.907906150646138,-0.04328461179174903,-13.958447630447488,14.796204803702645
1780771792636409100,-18.390061760120464,-0.44318695554174903,-15.286489638430218,-0.8288280963897705,-0.01318359375,-0.7761474251747131,0,-23.2979679107666,-0.39990234375,-1.3280420079827309,4.907906150646138,-0.04328461179174903,-13.958447630447488,14.796204803702645
1780771792636409100,-18.390061760120464,-0.44318695554174903,-15.286489638430218,-0.8288280963897705,-0.01318359375,-0.7761474251747131,0,-23.2979679107666,-0.39990234375,-1.3280420079827309,4.907906150646138,-0.04328461179174903,-13.958447630447488,14.796204803702645
1780771792636409100,-18.390061760120464,-0.44318695554174903,-15.286489638430218,-0.8288280963897705,-0.01318359375,-0.7761474251747131,0,-23.2979679107666,-0.39990234375,-1.3280420079827309,4.907906150646138,-0.04328461179174903,-13.958447630447488,14.796204803702645
1780771792636409100,-18.390061760120464,-0.44318695554174903,-15.286489638430218,-0.8288280963897705,-0.01318359375,-0.7761474251747131,0,-23.2979679107666,-0.39990234375,-1.3280420079827309,4.907906150646138,-0.04328461179174903,-13.958447630447488,14.796204803702645
1780771792636409100,-18.296618004853627,-0.44465330720726437,-15.398801473917791,-0.8288280963897705,-0.01318359375,-0.7761474251747131,0,-23.2979679107666,-0.39990234375,-1.3280420079827309,5.001349905912974,-0.04475096345726437,-14.07075946593506,14.933243970360465
1780771792636409100,-18.296618004853627,-0.44465330720726437,-15.398801473917791,-0.8288280963897705,-0.01318359375,-0.7761474251747131,0,-23.2979679107666,-0.39990234375,-1.3280420079827309,5.001349905912974,-0.04475096345726437,-14.07075946593506,14.933243970360465
1780771792636409100,-18.296618004853627,-0.44465330720726437,-15.398801473917791,-0.8288280963897705,-0.01318359375,-0.7761474251747131,0,-23.2979679107666,-0.39990234375,-1.3280420079827309,5.001349905912974,-0.04475096345726437,-14.07075946593506,14.933243970360465
1780771792636409100,-18.32079770189037,-0.4450341659862179,-15.410666732134649,-0.8530077934265137,-0.013564452528953552,-0.788012683391571,0,-23.2979679107666,-0.39990234375,-1.3280420079827309,4.977170208876231,-0.04513182223621792,-14.082624724151918,14.936350936249399
1780771792636409100,-18.32079770189037,-0.4450341659862179,-15.410666732134649,-0.8530077934265137,-0.013564452528953552,-0.788012683391571,0,-23.2979679107666,-0.39990234375,-1.3280420079827309,4.977170208876231,-0.04513182223621792,-14.082624724151918,14.936350936249399
1780771792636409100,-18.228853790831614,-0.44648764121983303,-15.519761229176616,-0.8530077934265137,-0.013564452528953552,-0.788012683391571,0,-23.2979679107666,-0.39990234375,-1.3280420079827309,5.069114119934987,-0.04658529746983303,-14.191719221193885,15.069936383544178
1780771792636409100,-18.228853790831614,-0.44648764121983303,-15.519761229176616,-0.8530077934265137,-0.013564452528953552,-0.788012683391571,0,-23.2979679107666,-0.39990234375,-1.3280420079827309,5.069114119934987,-0.04658529746983303,-14.191719221193885,15.069936383544178
1780771792636409100,-18.228853790831614,-0.44648764121983303,-15.519761229176616,-0.8530077934265137,-0.013564452528953552,-0.788012683391571,0,-23.2979679107666,-0.39990234375,-1.3280420079827309,5.069114119934987,-0.04658529746983303,-14.191719221193885,15.069936383544178
1780771792669319800,-17.404170149755497,-0.349562596934934,-15.648220018505413,-0.8530077934265137,-0.013564452528953552,-0.788012683391571,0,-23.2979679107666,-0.39990234375,-1.3280420079827309,5.893797761011104,0.05033974681506598,-14.320178010522682,15.485699351042118
1780771792669319800,-17.404170149755497,-0.349562596934934,-15.648220018505413,-0.8530077934265137,-0.013564452528953552,-0.788012683391571,0,-23.2979679107666,-0.39990234375,-1.3280420079827309,5.893797761011104,0.05033974681506598,-14.320178010522682,15.485699351042118
1780771792669319800,-17.428896719408055,-0.34995322249372757,-15.660261050819713,-0.877734363079071,-0.013955078087747097,-0.8000537157058716,0,-23.2979679107666,-0.39990234375,-1.3280420079827309,5.869071191358547,0.04994912125627243,-14.332219042836982,15.487446343920231
1780771792669319800,-17.428896719408055,-0.34995322249372757,-15.660261050819713,-0.877734363079071,-0.013955078087747097,-0.8000537157058716,0,-23.2979679107666,-0.39990234375,-1.3280420079827309,5.869071191358547,0.04994912125627243,-14.332219042836982,15.487446343920231
1780771792669319800,-17.338621202610987,-0.35141390535429695,-15.760165952490793,-0.877734363079071,-0.013955078087747097,-0.8000537157058716,0,-23.2979679107666,-0.39990234375,-1.3280420079827309,5.959346708155614,0.04848843839570305,-14.432123944508062,15.6141719558325
1780771792669319800,-17.338621202610987,-0.35141390535429695,-15.760165952490793,-0.877734363079071,-0.013955078087747097,-0.8000537157058716,0,-23.2979679107666,-0.39990234375,-1.3280420079827309,5.959346708155614,0.04848843839570305,-14.432123944508062,15.6141719558325
1780771792669319800,-17.338621202610987,-0.35141390535429695,-15.760165952490793,-0.877734363079071,-0.013955078087747097,-0.8000537157058716,0,-23.2979679107666,-0.39990234375,-1.3280420079827309,5.959346708155614,0.04848843839570305,-14.432123944508062,15.6141719558325
1780771792669319800,-17.338621202610987,-0.35141390535429695,-15.760165952490793,-0.877734363079071,-0.013955078087747097,-0.8000537157058716,0,-23.2979679107666,-0.39990234375,-1.3280420079827309,5.959346708155614,0.04848843839570305,-14.432123944508062,15.6141719558325
1780771792669319800,-17.185372695712015,-0.35602351966716833,-16.0284169156186,-0.9430468678474426,-0.014980467967689037,-0.8313720226287842,0,-23.2979679107666,-0.39990234375,-1.3280420079827309,6.112595215054586,0.04387882408283167,-14.700374907635869,15.92063968687695
1780771792669319800,-17.185372695712015,-0.35602351966716833,-16.0284169156186,-0.9430468678474426,-0.014980467967689037,-0.8313720226287842,0,-23.2979679107666,-0.39990234375,-1.3280420079827309,6.112595215054586,0.04387882408283167,-14.700374907635869,15.92063968687695
1780771792669319800,-17.185372695712015,-0.35602351966716833,-16.0284169156186,-0.9430468678474426,-0.014980467967689037,-0.8313720226287842,0,-23.2979679107666,-0.39990234375,-1.3280420079827309,6.112595215054586,0.04387882408283167,-14.700374907635869,15.92063968687695
1780771792669319800,-17.185372695712015,-0.35602351966716833,-16.0284169156186,-0.9430468678474426,-0.014980467967689037,-0.8313720226287842,0,-23.2979679107666,-0.39990234375,-1.3280420079827309,6.112595215054586,0.04387882408283167,-14.700374907635869,15.92063968687695
1780771792669319800,-17.185372695712015,-0.35602351966716833,-16.0284169156186,-0.9430468678474426,-0.014980467967689037,-0.8313720226287842,0,-23.2979679107666,-0.39990234375,-1.3280420079827309,6.112595215054586,0.04387882408283167,-14.700374907635869,15.92063968687695
1780771792669319800,-17.185372695712015,-0.35602351966716833,-16.0284169156186,-0.9430468678474426,-0.014980467967689037,-0.8313720226287842,0,-23.2979679107666,-0.39990234375,-1.3280420079827309,6.112595215054586,0.04387882408283167,-14.700374907635869,15.92063968687695
1780771792669319800,-17.10273800980318,-0.35738698032066063,-16.116226360111774,-0.9430468678474426,-0.014980467967689037,-0.8313720226287842,0,-23.2979679107666,-0.39990234375,-1.3280420079827309,6.195229900963422,0.04251536342933937,-14.788184352129043,16.033498604935637
1780771792669319800,-17.129339562766436,-0.35780690249368385,-16.128750786095203,-0.9696484208106995,-0.015400390140712261,-0.8438964486122131,0,-23.2979679107666,-0.39990234375,-1.3280420079827309,6.168628348000166,0.042095441256316146,-14.800708778112472,16.03479741239101
1780771792669319800,-17.129339562766436,-0.35780690249368385,-16.128750786095203,-0.9696484208106995,-0.015400390140712261,-0.8438964486122131,0,-23.2979679107666,-0.39990234375,-1.3280420079827309,6.168628348000166,0.042095441256316146,-14.800708778112472,16.03479741239101
1780771792669319800,-17.129339562766436,-0.35780690249368385,-16.128750786095203,-0.9696484208106995,-0.015400390140712261,-0.8438964486122131,0,-23.2979679107666,-0.39990234375,-1.3280420079827309,6.168628348000166,0.042095441256316146,-14.800708778112472,16.03479741239101
1780771792669319800,-17.129339562766436,-0.35780690249368385,-16.128750786095203,-0.9696484208106995,-0.015400390140712261,-0.8438964486122131,0,-23.2979679107666,-0.39990234375,-1.3280420079827309,6.168628348000166,0.042095441256316146,-14.800708778112472,16.03479741239101
1780771792669319800,-17.129339562766436,-0.35780690249368385,-16.128750786095203,-0.9696484208106995,-0.015400390140712261,-0.8438964486122131,0,-23.2979679107666,-0.39990234375,-1.3280420079827309,6.168628348000166,0.042095441256316146,-14.800708778112472,16.03479741239101
1780771792669319800,-17.129339562766436,-0.35780690249368385,-16.128750786095203,-0.9696484208106995,-0.015400390140712261,-0.8438964486122131,0,-23.2979679107666,-0.39990234375,-1.3280420079827309,6.168628348000166,0.042095441256316146,-14.800708778112472,16.03479741239101
1780771792669319800,-17.129339562766436,-0.35780690249368385,-16.128750786095203,-0.9696484208106995,-0.015400390140712261,-0.8438964486122131,0,-23.2979679107666,-0.39990234375,-1.3280420079827309,6.168628348000166,0.042095441256316146,-14.800708778112472,16.03479741239101
1780771792669319800,-17.129339562766436,-0.35780690249368385,-16.128750786095203,-0.9696484208106995,-0.015400390140712261,-0.8438964486122131,0,-23.2979679107666,-0.39990234375,-1.3280420079827309,6.168628348000166,0.042095441256316146,-14.800708778112472,16.03479741239101
1780771792700987400,-16.763416948491148,-0.41810120909276266,-16.51315312630242,-0.9967578053474426,-0.01583007723093033,-0.8565331697463989,0,-23.2979679107666,-0.39990234375,-1.3280420079827309,6.534550962275453,-0.01819886534276266,-15.18511111831969,16.531433306068504
1780771792700987400,-16.763416948491148,-0.41810120909276266,-16.51315312630242,-0.9967578053474426,-0.01583007723093033,-0.8565331697463989,0,-23.2979679107666,-0.39990234375,-1.3280420079827309,6.534550962275453,-0.01819886534276266,-15.18511111831969,16.531433306068504
1780771792700987400,-16.763416948491148,-0.41810120909276266,-16.51315312630242,-0.9967578053474426,-0.01583007723093033,-0.8565331697463989,0,-23.2979679107666,-0.39990234375,-1.3280420079827309,6.534550962275453,-0.01819886534276266,-15.18511111831969,16.531433306068504
1780771792700987400,-16.68083621615456,-0.41945916364734,-16.595843161861282,-0.9967578053474426,-0.01583007723093033,-0.8565331697463989,0,-23.2979679107666,-0.39990234375,-1.3280420079827309,6.617131694612041,-0.019556819897339983,-15.267801153878551,16.640089134599577
1780771792700987400,-16.68083621615456,-0.41945916364734,-16.595843161861282,-0.9967578053474426,-0.01583007723093033,-0.8565331697463989,0,-23.2979679107666,-0.39990234375,-1.3280420079827309,6.617131694612041,-0.019556819897339983,-15.267801153878551,16.640089134599577
1780771792700987400,-16.739039376917347,-0.4203673670703632,-16.622503306190353,-1.0549609661102295,-0.016738280653953552,-0.88319331407547,0,-23.2979679107666,-0.39990234375,-1.3280420079827309,6.5589285338492544,-0.020465023320363207,-15.294461298207622,16.641529639179574
1780771792700987400,-16.739039376917347,-0.4203673670703632,-16.622503306190353,-1.0549609661102295,-0.016738280653953552,-0.88319331407547,0,-23.2979679107666,-0.39990234375,-1.3280420079827309,6.5589285338492544,-0.020465023320363207,-15.294461298207622,16.641529639179574
1780771792700987400,-16.504655522995975,-0.4242407239830623,-16.85253866450391,-1.0549609661102295,-0.016738280653953552,-0.88319331407547,0,-23.2979679107666,-0.39990234375,-1.3280420079827309,6.7933123877706265,-0.024338380233062284,-15.52449665652118,16.945786555746757
1780771792700987400,-16.504655522995975,-0.4242407239830623,-16.85253866450391,-1.0549609661102295,-0.016738280653953552,-0.88319331407547,0,-23.2979679107666,-0.39990234375,-1.3280420079827309,6.7933123877706265,-0.024338380233062284,-15.52449665652118,16.945786555746757
1780771792700987400,-16.504655522995975,-0.4242407239830623,-16.85253866450391,-1.0549609661102295,-0.016738280653953552,-0.88319331407547,0,-23.2979679107666,-0.39990234375,-1.3280420079827309,6.7933123877706265,-0.024338380233062284,-15.52449665652118,16.945786555746757
1780771792700987400,-16.504655522995975,-0.4242407239830623,-16.85253866450391,-1.0549609661102295,-0.016738280653953552,-0.88319331407547,0,-23.2979679107666,-0.39990234375,-1.3280420079827309,6.7933123877706265,-0.024338380233062284,-15.52449665652118,16.945786555746757
1780771792700987400,-16.504655522995975,-0.4242407239830623,-16.85253866450391,-1.0549609661102295,-0.016738280653953552,-0.88319331407547,0,-23.2979679107666,-0.39990234375,-1.3280420079827309,6.7933123877706265,-0.024338380233062284,-15.52449665652118,16.945786555746757
1780771792700987400,-16.461458700080648,-0.425905762996286,-16.934688261008564,-1.0836718082427979,-0.01718750037252903,-0.8961181640625,0,-23.2979679107666,-0.39990234375,-1.3280420079827309,6.8365092106859535,-0.02600341924628602,-15.606646253025833,17.038366753673653
1780771792700987400,-16.461458700080648,-0.425905762996286,-16.934688261008564,-1.0836718082427979,-0.01718750037252903,-0.8961181640625,0,-23.2979679107666,-0.39990234375,-1.3280420079827309,6.8365092106859535,-0.02600341924628602,-15.606646253025833,17.038366753673653
1780771792700987400,-16.461458700080648,-0.425905762996286,-16.934688261008564,-1.0836718082427979,-0.01718750037252903,-0.8961181640625,0,-23.2979679107666,-0.39990234375,-1.3280420079827309,6.8365092106859535,-0.02600341924628602,-15.606646253025833,17.038366753673653
1780771792700987400,-16.461458700080648,-0.425905762996286,-16.934688261008564,-1.0836718082427979,-0.01718750037252903,-0.8961181640625,0,-23.2979679107666,-0.39990234375,-1.3280420079827309,6.8365092106859535,-0.02600341924628602,-15.606646253025833,17.038366753673653
1780771792700987400,-16.461458700080648,-0.425905762996286,-16.934688261008564,-1.0836718082427979,-0.01718750037252903,-0.8961181640625,0,-23.2979679107666,-0.39990234375,-1.3280420079827309,6.8365092106859535,-0.02600341924628602,-15.606646253025833,17.038366753673653
1780771792700987400,-16.520403998275533,-0.42683349625369893,-16.960791757560077,-1.142617106437683,-0.01811523362994194,-0.9222216606140137,0,-23.2979679107666,-0.39990234375,-1.3280420079827309,6.777563912491068,-0.02693115250369893,-15.632749749577346,17.03874885687875
1780771792736353000,-16.060134235830656,-0.39980186179201677,-17.27777734308871,-1.142617106437683,-0.01811523362994194,-0.9222216606140137,0,-23.2979679107666,-0.39990234375,-1.3280420079827309,7.2378336749359455,0.0001004819579832339,-15.94973533510598,17.515144691839165
1780771792736353000,-16.060134235830656,-0.39980186179201677,-17.27777734308871,-1.142617106437683,-0.01811523362994194,-0.9222216606140137,0,-23.2979679107666,-0.39990234375,-1.3280420079827309,7.2378336749359455,0.0001004819579832339,-15.94973533510598,17.515144691839165
1780771792736353000,-16.060134235830656,-0.39980186179201677,-17.27777734308871,-1.142617106437683,-0.01811523362994194,-0.9222216606140137,0,-23.2979679107666,-0.39990234375,-1.3280420079827309,7.2378336749359455,0.0001004819579832339,-15.94973533510598,17.515144691839165
1780771792736353000,-16.060134235830656,-0.39980186179201677,-17.27777734308871,-1.142617106437683,-0.01811523362994194,-0.9222216606140137,0,-23.2979679107666,-0.39990234375,-1.3280420079827309,7.2378336749359455,0.0001004819579832339,-15.94973533510598,17.515144691839165
1780771792736353000,-16.060134235830656,-0.39980186179201677,-17.27777734308871,-1.142617106437683,-0.01811523362994194,-0.9222216606140137,0,-23.2979679107666,-0.39990234375,-1.3280420079827309,7.2378336749359455,0.0001004819579832339,-15.94973533510598,17.515144691839165
1780771792736353000,-15.999822429613554,-0.40246676020347455,-17.39357366394277,-1.1882421970367432,-0.018837889656424522,-0.942065417766571,0,-23.2979679107666,-0.39990234375,-1.3280420079827309,7.298145481153048,-0.0025644164534745495,-16.06553165596004,17.64551618482612
1780771792736353000,-15.999822429613554,-0.40246676020347455,-17.39357366394277,-1.1882421970367432,-0.018837889656424522,-0.942065417766571,0,-23.2979679107666,-0.39990234375,-1.3280420079827309,7.298145481153048,-0.0025644164534745495,-16.06553165596004,17.64551618482612
1780771792736353000,-15.999822429613554,-0.40246676020347455,-17.39357366394277,-1.1882421970367432,-0.018837889656424522,-0.942065417766571,0,-23.2979679107666,-0.39990234375,-1.3280420079827309,7.298145481153048,-0.0025644164534745495,-16.06553165596004,17.64551618482612
1780771792736353000,-15.999822429613554,-0.40246676020347455,-17.39357366394277,-1.1882421970367432,-0.018837889656424522,-0.942065417766571,0,-23.2979679107666,-0.39990234375,-1.3280420079827309,7.298145481153048,-0.0025644164534745495,-16.06553165596004,17.64551618482612
1780771792736353000,-15.999822429613554,-0.40246676020347455,-17.39357366394277,-1.1882421970367432,-0.018837889656424522,-0.942065417766571,0,-23.2979679107666,-0.39990234375,-1.3280420079827309,7.298145481153048,-0.0025644164534745495,-16.06553165596004,17.64551618482612
1780771792736353000,-15.93436566818543,-0.40371734942025006,-17.45224149331072,-1.1882421970367432,-0.018837889656424522,-0.942065417766571,0,-23.2979679107666,-0.39990234375,-1.3280420079827309,7.363602242581171,-0.00381500567025006,-16.12419948532799,17.72603908333348
1780771792736353000,-15.996943750270086,-0.4047036777687675,-17.478911412801533,-1.250820279121399,-0.01982421800494194,-0.9687353372573853,0,-23.2979679107666,-0.39990234375,-1.3280420079827309,7.301024160496516,-0.004801334018767478,-16.150869404818803,17.72443396491054
1780771792736353000,-15.996943750270086,-0.4047036777687675,-17.478911412801533,-1.250820279121399,-0.01982421800494194,-0.9687353372573853,0,-23.2979679107666,-0.39990234375,-1.3280420079827309,7.301024160496516,-0.004801334018767478,-16.150869404818803,17.72443396491054
1780771792736353000,-15.996943750270086,-0.4047036777687675,-17.478911412801533,-1.250820279121399,-0.01982421800494194,-0.9687353372573853,0,-23.2979679107666,-0.39990234375,-1.3280420079827309,7.301024160496516,-0.004801334018767478,-16.150869404818803,17.72443396491054
1780771792736353000,-15.996943750270086,-0.4047036777687675,-17.478911412801533,-1.250820279121399,-0.01982421800494194,-0.9687353372573853,0,-23.2979679107666,-0.39990234375,-1.3280420079827309,7.301024160496516,-0.004801334018767478,-16.150869404818803,17.72443396491054
1780771792736353000,-15.93567440762151,-0.4058899674834999,-17.53340304090099,-1.250820279121399,-0.01982421800494194,-0.9687353372573853,0,-23.2979679107666,-0.39990234375,-1.3280420079827309,7.362293503145091,-0.005987623733499925,-16.20536103291826,17.799357507655042
1780771792736353000,-15.93567440762151,-0.4058899674834999,-17.53340304090099,-1.250820279121399,-0.01982421800494194,-0.9687353372573853,0,-23.2979679107666,-0.39990234375,-1.3280420079827309,7.362293503145091,-0.005987623733499925,-16.20536103291826,17.799357507655042
1780771792736353000,-15.93567440762151,-0.4058899674834999,-17.53340304090099,-1.250820279121399,-0.01982421800494194,-0.9687353372573853,0,-23.2979679107666,-0.39990234375,-1.3280420079827309,7.362293503145091,-0.005987623733499925,-16.20536103291826,17.799357507655042
1780771792767588100,-15.653513288544847,-0.3830801172092285,-17.750541978222465,-1.250820279121399,-0.01982421800494194,-0.9687353372573853,0,-23.2979679107666,-0.39990234375,-1.3280420079827309,7.644454622221755,0.01682222654077148,-16.422499970239734,18.114537662635428
1780771792767588100,-15.594213568460697,-0.38427421445345805,-17.801227727101693,-1.250820279121399,-0.01982421800494194,-0.9687353372573853,0,-23.2979679107666,-0.39990234375,-1.3280420079827309,7.7037543423059045,0.01562812929654195,-16.473185719118963,18.185541590549548
1780771792767588100,-15.594213568460697,-0.38427421445345805,-17.801227727101693,-1.250820279121399,-0.01982421800494194,-0.9687353372573853,0,-23.2979679107666,-0.39990234375,-1.3280420079827309,7.7037543423059045,0.01562812929654195,-16.473185719118963,18.185541590549548
1780771792767588100,-15.594213568460697,-0.38427421445345805,-17.801227727101693,-1.250820279121399,-0.01982421800494194,-0.9687353372573853,0,-23.2979679107666,-0.39990234375,-1.3280420079827309,7.7037543423059045,0.01562812929654195,-16.473185719118963,18.185541590549548
1780771792767588100,-15.690151058923954,-0.3857976514319174,-17.841022648976693,-1.3467577695846558,-0.0213476549834013,-1.0085302591323853,0,-23.2979679107666,-0.39990234375,-1.3280420079827309,7.607816851842648,0.01410469231808259,-16.512980640993963,18.181243242511435
1780771792767588100,-15.690151058923954,-0.3857976514319174,-17.841022648976693,-1.3467577695846558,-0.0213476549834013,-1.0085302591323853,0,-23.2979679107666,-0.39990234375,-1.3280420079827309,7.607816851842648,0.01410469231808259,-16.512980640993963,18.181243242511435
1780771792767588100,-15.690151058923954,-0.3857976514319174,-17.841022648976693,-1.3467577695846558,-0.0213476549834013,-1.0085302591323853,0,-23.2979679107666,-0.39990234375,-1.3280420079827309,7.607816851842648,0.01410469231808259,-16.512980640993963,18.181243242511435
1780771792767588100,-15.583230213319212,-0.38797997250752575,-17.931502456984482,-1.3467577695846558,-0.0213476549834013,-1.0085302591323853,0,-23.2979679107666,-0.39990234375,-1.3280420079827309,7.71473769744739,0.01192237124247425,-16.60346044900175,18.308255481200753
1780771792767588100,-15.583230213319212,-0.38797997250752575,-17.931502456984482,-1.3467577695846558,-0.0213476549834013,-1.0085302591323853,0,-23.2979679107666,-0.39990234375,-1.3280420079827309,7.71473769744739,0.01192237124247425,-16.60346044900175,18.308255481200753
1780771792767588100,-15.583230213319212,-0.38797997250752575,-17.931502456984482,-1.3467577695846558,-0.0213476549834013,-1.0085302591323853,0,-23.2979679107666,-0.39990234375,-1.3280420079827309,7.71473769744739,0.01192237124247425,-16.60346044900175,18.308255481200753
1780771792767588100,-15.583230213319212,-0.38797997250752575,-17.931502456984482,-1.3467577695846558,-0.0213476549834013,-1.0085302591323853,0,-23.2979679107666,-0.39990234375,-1.3280420079827309,7.71473769744739,0.01192237124247425,-16.60346044900175,18.308255481200753
1780771792767588100,-15.616863087808042,-0.38851708300011284,-17.94516455682274,-1.3803906440734863,-0.021884765475988388,-1.022192358970642,0,-23.2979679107666,-0.39990234375,-1.3280420079827309,7.6811048229585595,0.01138526074988716,-16.61712254884001,18.306508753134953
1780771792767588100,-15.616863087808042,-0.38851708300011284,-17.94516455682274,-1.3803906440734863,-0.021884765475988388,-1.022192358970642,0,-23.2979679107666,-0.39990234375,-1.3280420079827309,7.6811048229585595,0.01138526074988716,-16.61712254884001,18.306508753134953
1780771792767588100,-15.510374501987517,-0.39071318579309317,-18.034131598169584,-1.3803906440734863,-0.021884765475988388,-1.022192358970642,0,-23.2979679107666,-0.39990234375,-1.3280420079827309,7.787593408779085,0.009189157956906835,-16.706089590186853,18.432040715461568
1780771792767588100,-15.510374501987517,-0.39071318579309317,-18.034131598169584,-1.3803906440734863,-0.021884765475988388,-1.022192358970642,0,-23.2979679107666,-0.39990234375,-1.3280420079827309,7.787593408779085,0.009189157956906835,-16.706089590186853,18.432040715461568
1780771792767588100,-15.510374501987517,-0.39071318579309317,-18.034131598169584,-1.3803906440734863,-0.021884765475988388,-1.022192358970642,0,-23.2979679107666,-0.39990234375,-1.3280420079827309,7.787593408779085,0.009189157956906835,-16.706089590186853,18.432040715461568
1780771792767588100,-15.510374501987517,-0.39071318579309317,-18.034131598169584,-1.3803906440734863,-0.021884765475988388,-1.022192358970642,0,-23.2979679107666,-0.39990234375,-1.3280420079827309,7.787593408779085,0.009189157956906835,-16.706089590186853,18.432040715461568
1780771792767588100,-15.544554189487517,-0.3912600602715525,-18.047866892511625,-1.4145703315734863,-0.022431639954447746,-1.035927653312683,0,-23.2979679107666,-0.39990234375,-1.3280420079827309,7.753413721279085,0.008642283478447477,-16.719824884528894,18.430085273587157
1780771792767588100,-15.544554189487517,-0.3912600602715525,-18.047866892511625,-1.4145703315734863,-0.022431639954447746,-1.035927653312683,0,-23.2979679107666,-0.39990234375,-1.3280420079827309,7.753413721279085,0.008642283478447477,-16.719824884528894,18.430085273587157
1780771792767588100,-15.544554189487517,-0.3912600602715525,-18.047866892511625,-1.4145703315734863,-0.022431639954447746,-1.035927653312683,0,-23.2979679107666,-0.39990234375,-1.3280420079827309,7.753413721279085,0.008642283478447477,-16.719824884528894,18.430085273587157
1780771792801883800,-14.893323948316999,-0.3849916226603404,-17.790689169261398,-1.4145703315734863,-0.022431639954447746,-1.035927653312683,0,-23.2979679107666,-0.39990234375,-1.3280420079827309,8.404643962449603,0.014910721089659573,-16.462647161278667,18.483966403937778
1780771792801883800,-14.893323948316999,-0.3849916226603404,-17.790689169261398,-1.4145703315734863,-0.022431639954447746,-1.035927653312683,0,-23.2979679107666,-0.39990234375,-1.3280420079827309,8.404643962449603,0.014910721089659573,-16.462647161278667,18.483966403937778
1780771792801883800,-14.893323948316999,-0.3849916226603404,-17.790689169261398,-1.4145703315734863,-0.022431639954447746,-1.035927653312683,0,-23.2979679107666,-0.39990234375,-1.3280420079827309,8.404643962449603,0.014910721089659573,-16.462647161278667,18.483966403937778
1780771792801883800,-14.893323948316999,-0.3849916226603404,-17.790689169261398,-1.4145703315734863,-0.022431639954447746,-1.035927653312683,0,-23.2979679107666,-0.39990234375,-1.3280420079827309,8.404643962449603,0.014910721089659573,-16.462647161278667,18.483966403937778
1780771792801883800,-14.878021517764896,-0.3866115601401453,-17.84459897842503,-1.4492968320846558,-0.022988280281424522,-1.0497362613677979,0,-23.2979679107666,-0.39990234375,-1.3280420079827309,8.419946393001705,0.013290783609854695,-16.5165569704423,18.538940856041844
1780771792801883800,-14.878021517764896,-0.3866115601401453,-17.84459897842503,-1.4492968320846558,-0.022988280281424522,-1.0497362613677979,0,-23.2979679107666,-0.39990234375,-1.3280420079827309,8.419946393001705,0.013290783609854695,-16.5165569704423,18.538940856041844
1780771792801883800,-14.878021517764896,-0.3866115601401453,-17.84459897842503,-1.4492968320846558,-0.022988280281424522,-1.0497362613677979,0,-23.2979679107666,-0.39990234375,-1.3280420079827309,8.419946393001705,0.013290783609854695,-16.5165569704423,18.538940856041844
1780771792801883800,-14.878021517764896,-0.3866115601401453,-17.84459897842503,-1.4492968320846558,-0.022988280281424522,-1.0497362613677979,0,-23.2979679107666,-0.39990234375,-1.3280420079827309,8.419946393001705,0.013290783609854695,-16.5165569704423,18.538940856041844
1780771792801883800,-14.878021517764896,-0.3866115601401453,-17.84459897842503,-1.4492968320846558,-0.022988280281424522,-1.0497362613677979,0,-23.2979679107666,-0.39990234375,-1.3280420079827309,8.419946393001705,0.013290783609854695,-16.5165569704423,18.538940856041844
1780771792801883800,-14.851525212626996,-0.39083942123601023,-17.97828666797377,-1.5444921255111694,-0.0245214831084013,-1.0868993997573853,0,-23.2979679107666,-0.39990234375,-1.3280420079827309,8.446442698139606,0.009062922513989768,-16.65024465999104,18.67011311232689
1780771792801883800,-14.851525212626996,-0.39083942123601023,-17.97828666797377,-1.5444921255111694,-0.0245214831084013,-1.0868993997573853,0,-23.2979679107666,-0.39990234375,-1.3280420079827309,8.446442698139606,0.009062922513989768,-16.65024465999104,18.67011311232689
1780771792801883800,-14.851525212626996,-0.39083942123601023,-17.97828666797377,-1.5444921255111694,-0.0245214831084013,-1.0868993997573853,0,-23.2979679107666,-0.39990234375,-1.3280420079827309,8.446442698139606,0.009062922513989768,-16.65024465999104,18.67011311232689
1780771792801883800,-14.851525212626996,-0.39083942123601023,-17.97828666797377,-1.5444921255111694,-0.0245214831084013,-1.0868993997573853,0,-23.2979679107666,-0.39990234375,-1.3280420079827309,8.446442698139606,0.009062922513989768,-16.65024465999104,18.67011311232689
1780771792801883800,-14.851525212626996,-0.39083942123601023,-17.97828666797377,-1.5444921255111694,-0.0245214831084013,-1.0868993997573853,0,-23.2979679107666,-0.39990234375,-1.3280420079827309,8.446442698139606,0.009062922513989768,-16.65024465999104,18.67011311232689
1780771792801883800,-14.809609104892361,-0.3918114313113775,-18.0112029858886,-1.5444921255111694,-0.0245214831084013,-1.0868993997573853,0,-23.2979679107666,-0.39990234375,-1.3280420079827309,8.48835880587424,0.008090912438622477,-16.683160977905867,18.718444403711754
1780771792801883800,-14.809609104892361,-0.3918114313113775,-18.0112029858886,-1.5444921255111694,-0.0245214831084013,-1.0868993997573853,0,-23.2979679107666,-0.39990234375,-1.3280420079827309,8.48835880587424,0.008090912438622477,-16.683160977905867,18.718444403711754
1780771792801883800,-14.846327831050504,-0.39240713503242397,-18.025260622149585,-1.5812108516693115,-0.025117186829447746,-1.1009570360183716,0,-23.2979679107666,-0.39990234375,-1.3280420079827309,8.451640079716098,0.00749520871757603,-16.697218614166854,18.71436308466033
1780771792801883800,-14.846327831050504,-0.39240713503242397,-18.025260622149585,-1.5812108516693115,-0.025117186829447746,-1.1009570360183716,0,-23.2979679107666,-0.39990234375,-1.3280420079827309,8.451640079716098,0.00749520871757603,-16.697218614166854,18.71436308466033
1780771792801883800,-14.846327831050504,-0.39240713503242397,-18.025260622149585,-1.5812108516693115,-0.025117186829447746,-1.1009570360183716,0,-23.2979679107666,-0.39990234375,-1.3280420079827309,8.451640079716098,0.00749520871757603,-16.697218614166854,18.71436308466033
1780771792801883800,-14.846327831050504,-0.39240713503242397,-18.025260622149585,-1.5812108516693115,-0.025117186829447746,-1.1009570360183716,0,-23.2979679107666,-0.39990234375,-1.3280420079827309,8.451640079716098,0.00749520871757603,-16.697218614166854,18.71436308466033
1780771792834358700,-9.91816539128862,-0.5570581698597068,-10.888540396467395,-1.5812108516693115,-0.025117186829447746,-1.1009570360183716,0,-23.2979679107666,-0.39990234375,-1.3280420079827309,13.379802519477982,-0.1571558261097068,-9.560498388484664,16.44527113945305
1780771792834358700,-9.955391949020248,-0.5576636394292707,-10.90265656448955,-1.61843740940094,-0.025722656399011612,-1.1150732040405273,0,-23.2979679107666,-0.39990234375,-1.3280420079827309,13.342575961746354,-0.15776129567927066,-9.57461455650682,16.423229457906817
1780771792834358700,-9.955391949020248,-0.5576636394292707,-10.90265656448955,-1.61843740940094,-0.025722656399011612,-1.1150732040405273,0,-23.2979679107666,-0.39990234375,-1.3280420079827309,13.342575961746354,-0.15776129567927066,-9.57461455650682,16.423229457906817
1780771792834358700,-9.955391949020248,-0.5576636394292707,-10.90265656448955,-1.61843740940094,-0.025722656399011612,-1.1150732040405273,0,-23.2979679107666,-0.39990234375,-1.3280420079827309,13.342575961746354,-0.15776129567927066,-9.57461455650682,16.423229457906817
1780771792834358700,-9.955391949020248,-0.5576636394292707,-10.90265656448955,-1.61843740940094,-0.025722656399011612,-1.1150732040405273,0,-23.2979679107666,-0.39990234375,-1.3280420079827309,13.342575961746354,-0.15776129567927066,-9.57461455650682,16.423229457906817
1780771792834358700,-9.933816942572616,-0.5581413790652038,-10.920967032035449,-1.61843740940094,-0.025722656399011612,-1.1150732040405273,0,-23.2979679107666,-0.39990234375,-1.3280420079827309,13.364150968193986,-0.15823903531520378,-9.592925024052718,16.45143705607734
1780771792834358700,-9.933816942572616,-0.5581413790652038,-10.920967032035449,-1.61843740940094,-0.025722656399011612,-1.1150732040405273,0,-23.2979679107666,-0.39990234375,-1.3280420079827309,13.364150968193986,-0.15823903531520378,-9.592925024052718,16.45143705607734
1780771792834358700,-9.933816942572616,-0.5581413790652038,-10.920967032035449,-1.61843740940094,-0.025722656399011612,-1.1150732040405273,0,-23.2979679107666,-0.39990234375,-1.3280420079827309,13.364150968193986,-0.15823903531520378,-9.592925024052718,16.45143705607734
1780771792834358700,-9.987219498478632,-0.5602681289066126,-10.973401399545507,-1.6985546350479126,-0.027021484449505806,-1.144960880279541,0,-23.2979679107666,-0.39990234375,-1.3280420079827309,13.31074841228797,-0.1603657851566126,-9.645359391562776,16.438816814864865
1780771792834358700,-9.987219498478632,-0.5602681289066126,-10.973401399545507,-1.6985546350479126,-0.027021484449505806,-1.144960880279541,0,-23.2979679107666,-0.39990234375,-1.3280420079827309,13.31074841228797,-0.1603657851566126,-9.645359391562776,16.438816814864865
1780771792834358700,-9.987219498478632,-0.5602681289066126,-10.973401399545507,-1.6985546350479126,-0.027021484449505806,-1.144960880279541,0,-23.2979679107666,-0.39990234375,-1.3280420079827309,13.31074841228797,-0.1603657851566126,-9.645359391562776,16.438816814864865
1780771792834358700,-9.987219498478632,-0.5602681289066126,-10.973401399545507,-1.6985546350479126,-0.027021484449505806,-1.144960880279541,0,-23.2979679107666,-0.39990234375,-1.3280420079827309,13.31074841228797,-0.1603657851566126,-9.645359391562776,16.438816814864865
1780771792834358700,-9.987219498478632,-0.5602681289066126,-10.973401399545507,-1.6985546350479126,-0.027021484449505806,-1.144960880279541,0,-23.2979679107666,-0.39990234375,-1.3280420079827309,13.31074841228797,-0.1603657851566126,-9.645359391562776,16.438816814864865
1780771792834358700,-9.987219498478632,-0.5602681289066126,-10.973401399545507,-1.6985546350479126,-0.027021484449505806,-1.144960880279541,0,-23.2979679107666,-0.39990234375,-1.3280420079827309,13.31074841228797,-0.1603657851566126,-9.645359391562776,16.438816814864865
1780771792834358700,-10.101324258125075,-0.561041180165702,-10.971058482989216,-1.7764843702316284,-0.028291014954447746,-1.1732128858566284,0,-23.2979679107666,-0.39990234375,-1.3280420079827309,13.196643652641527,-0.16113883641570204,-9.643016475006485,16.34518694162449
1780771792834358700,-10.101324258125075,-0.561041180165702,-10.971058482989216,-1.7764843702316284,-0.028291014954447746,-1.1732128858566284,0,-23.2979679107666,-0.39990234375,-1.3280420079827309,13.196643652641527,-0.16113883641570204,-9.643016475006485,16.34518694162449
1780771792834358700,-10.101324258125075,-0.561041180165702,-10.971058482989216,-1.7764843702316284,-0.028291014954447746,-1.1732128858566284,0,-23.2979679107666,-0.39990234375,-1.3280420079827309,13.196643652641527,-0.16113883641570204,-9.643016475006485,16.34518694162449
1780771792834358700,-10.101324258125075,-0.561041180165702,-10.971058482989216,-1.7764843702316284,-0.028291014954447746,-1.1732128858566284,0,-23.2979679107666,-0.39990234375,-1.3280420079827309,13.196643652641527,-0.16113883641570204,-9.643016475006485,16.34518694162449
1780771792834358700,-10.101324258125075,-0.561041180165702,-10.971058482989216,-1.7764843702316284,-0.028291014954447746,-1.1732128858566284,0,-23.2979679107666,-0.39990234375,-1.3280420079827309,13.196643652641527,-0.16113883641570204,-9.643016475006485,16.34518694162449
1780771792870409900,-9.516308848922725,-0.3723993539118648,-10.09129176018575,-1.7764843702316284,-0.028291014954447746,-1.1732128858566284,0,-23.2979679107666,-0.39990234375,-1.3280420079827309,13.781659061843877,0.027502989838135206,-8.76324975220302,16.33185320564815
1780771792870409900,-9.555761878555293,-0.3730438850128532,-10.105178450325521,-1.8159373998641968,-0.028935546055436134,-1.187099575996399,0,-23.2979679107666,-0.39990234375,-1.3280420079827309,13.742206032211309,0.026858458737146818,-8.77713644234279,16.306044036983725
1780771792870409900,-9.555761878555293,-0.3730438850128532,-10.105178450325521,-1.8159373998641968,-0.028935546055436134,-1.187099575996399,0,-23.2979679107666,-0.39990234375,-1.3280420079827309,13.742206032211309,0.026858458737146818,-8.77713644234279,16.306044036983725
1780771792870409900,-9.555761878555293,-0.3730438850128532,-10.105178450325521,-1.8159373998641968,-0.028935546055436134,-1.187099575996399,0,-23.2979679107666,-0.39990234375,-1.3280420079827309,13.742206032211309,0.026858458737146818,-8.77713644234279,16.306044036983725
1780771792870409900,-9.555761878555293,-0.3730438850128532,-10.105178450325521,-1.8159373998641968,-0.028935546055436134,-1.187099575996399,0,-23.2979679107666,-0.39990234375,-1.3280420079827309,13.742206032211309,0.026858458737146818,-8.77713644234279,16.306044036983725
1780771792870409900,-9.60498032887299,-0.372259101389183,-10.062253856630196,-1.8159373998641968,-0.028935546055436134,-1.187099575996399,0,-23.2979679107666,-0.39990234375,-1.3280420079827309,13.692987581893611,0.027643242360817,-8.734211848647465,16.24146328640971
1780771792870409900,-9.60498032887299,-0.372259101389183,-10.062253856630196,-1.8159373998641968,-0.028935546055436134,-1.187099575996399,0,-23.2979679107666,-0.39990234375,-1.3280420079827309,13.692987581893611,0.027643242360817,-8.734211848647465,16.24146328640971
1780771792870409900,-9.676308492019963,-0.37343097713424106,-10.086653256387581,-1.8872655630111694,-0.030107421800494194,-1.2114989757537842,0,-23.2979679107666,-0.39990234375,-1.3280420079827309,13.621659418746638,0.02647136661575894,-8.75861124840485,16.194553931932287
1780771792870409900,-9.676308492019963,-0.37343097713424106,-10.086653256387581,-1.8872655630111694,-0.030107421800494194,-1.2114989757537842,0,-23.2979679107666,-0.39990234375,-1.3280420079827309,13.621659418746638,0.02647136661575894,-8.75861124840485,16.194553931932287
1780771792870409900,-9.676308492019963,-0.37343097713424106,-10.086653256387581,-1.8872655630111694,-0.030107421800494194,-1.2114989757537842,0,-23.2979679107666,-0.39990234375,-1.3280420079827309,13.621659418746638,0.02647136661575894,-8.75861124840485,16.194553931932287
1780771792870409900,-9.676308492019963,-0.37343097713424106,-10.086653256387581,-1.8872655630111694,-0.030107421800494194,-1.2114989757537842,0,-23.2979679107666,-0.39990234375,-1.3280420079827309,13.621659418746638,0.02647136661575894,-8.75861124840485,16.194553931932287
1780771792870409900,-9.845407478755515,-0.37054372204375474,-9.935460500943524,-1.8872655630111694,-0.030107421800494194,-1.2114989757537842,0,-23.2979679107666,-0.39990234375,-1.3280420079827309,13.452560432011087,0.029358621706245258,-8.607418492960793,15.970594767213344
1780771792870409900,-9.845407478755515,-0.37054372204375474,-9.935460500943524,-1.8872655630111694,-0.030107421800494194,-1.2114989757537842,0,-23.2979679107666,-0.39990234375,-1.3280420079827309,13.452560432011087,0.029358621706245258,-8.607418492960793,15.970594767213344
1780771792870409900,-9.845407478755515,-0.37054372204375474,-9.935460500943524,-1.8872655630111694,-0.030107421800494194,-1.2114989757537842,0,-23.2979679107666,-0.39990234375,-1.3280420079827309,13.452560432011087,0.029358621706245258,-8.607418492960793,15.970594767213344
1780771792870409900,-9.925798170512717,-0.37186208179128377,-9.961769156682355,-1.9676562547683716,-0.031425781548023224,-1.2378076314926147,0,-23.2979679107666,-0.39990234375,-1.3280420079827309,13.372169740253884,0.02804026195871623,-8.633727148699624,15.91719052774846
1780771792870409900,-9.925798170512717,-0.37186208179128377,-9.961769156682355,-1.9676562547683716,-0.031425781548023224,-1.2378076314926147,0,-23.2979679107666,-0.39990234375,-1.3280420079827309,13.372169740253884,0.02804026195871623,-8.633727148699624,15.91719052774846
1780771792870409900,-9.986542033050311,-0.3707566050753238,-9.906011008531785,-1.9676562547683716,-0.031425781548023224,-1.2378076314926147,0,-23.2979679107666,-0.39990234375,-1.3280420079827309,13.31142587771629,0.02914573867467618,-8.577969000549054,15.835923103703122
1780771792870409900,-9.986542033050311,-0.3707566050753238,-9.906011008531785,-1.9676562547683716,-0.031425781548023224,-1.2378076314926147,0,-23.2979679107666,-0.39990234375,-1.3280420079827309,13.31142587771629,0.02914573867467618,-8.577969000549054,15.835923103703122
1780771792870409900,-9.986542033050311,-0.3707566050753238,-9.906011008531785,-1.9676562547683716,-0.031425781548023224,-1.2378076314926147,0,-23.2979679107666,-0.39990234375,-1.3280420079827309,13.31142587771629,0.02914573867467618,-8.577969000549054,15.835923103703122
1780771792870409900,-9.986542033050311,-0.3707566050753238,-9.906011008531785,-1.9676562547683716,-0.031425781548023224,-1.2378076314926147,0,-23.2979679107666,-0.39990234375,-1.3280420079827309,13.31142587771629,0.02914573867467618,-8.577969000549054,15.835923103703122
1780771792870409900,-9.986542033050311,-0.3707566050753238,-9.906011008531785,-1.9676562547683716,-0.031425781548023224,-1.2378076314926147,0,-23.2979679107666,-0.39990234375,-1.3280420079827309,13.31142587771629,0.02914573867467618,-8.577969000549054,15.835923103703122
1780771792870409900,-9.986542033050311,-0.3707566050753238,-9.906011008531785,-1.9676562547683716,-0.031425781548023224,-1.2378076314926147,0,-23.2979679107666,-0.39990234375,-1.3280420079827309,13.31142587771629,0.02914573867467618,-8.577969000549054,15.835923103703122
1780771792902997300,-10.148886035080034,-0.3559200961149433,-9.514252786881435,-1.9676562547683716,-0.031425781548023224,-1.2378076314926147,0,-23.2979679107666,-0.39990234375,-1.3280420079827309,13.149081875686567,0.043982247635056704,-8.186210778898705,15.489168329131598
1780771792902997300,-10.204518464322147,-0.35476911336298406,-9.458933571362374,-1.9676562547683716,-0.031425781548023224,-1.2378076314926147,0,-23.2979679107666,-0.39990234375,-1.3280420079827309,13.093449446444454,0.045133230387015943,-8.130891563379643,15.412717250067232
1780771792902997300,-10.204518464322147,-0.35476911336298406,-9.458933571362374,-1.9676562547683716,-0.031425781548023224,-1.2378076314926147,0,-23.2979679107666,-0.39990234375,-1.3280420079827309,13.093449446444454,0.045133230387015943,-8.130891563379643,15.412717250067232
1780771792902997300,-10.204518464322147,-0.35476911336298406,-9.458933571362374,-1.9676562547683716,-0.031425781548023224,-1.2378076314926147,0,-23.2979679107666,-0.39990234375,-1.3280420079827309,13.093449446444454,0.045133230387015943,-8.130891563379643,15.412717250067232
1780771792902997300,-10.204518464322147,-0.35476911336298406,-9.458933571362374,-1.9676562547683716,-0.031425781548023224,-1.2378076314926147,0,-23.2979679107666,-0.39990234375,-1.3280420079827309,13.093449446444454,0.045133230387015943,-8.130891563379643,15.412717250067232
1780771792902997300,-10.3185417921496,-0.3566441115748447,-9.494368055844186,-2.081679582595825,-0.03330077975988388,-1.2732421159744263,0,-23.2979679107666,-0.39990234375,-1.3280420079827309,12.979426118617,0.04325823217515529,-8.166326047861455,15.334805338290687
1780771792902997300,-10.413973647430582,-0.3546118788946792,-9.397711112979463,-2.081679582595825,-0.03330077975988388,-1.2732421159744263,0,-23.2979679107666,-0.39990234375,-1.3280420079827309,12.88399426333602,0.04529046485532079,-8.069669104996732,15.202595793745916
1780771792902997300,-10.413973647430582,-0.3546118788946792,-9.397711112979463,-2.081679582595825,-0.03330077975988388,-1.2732421159744263,0,-23.2979679107666,-0.39990234375,-1.3280420079827309,12.88399426333602,0.04529046485532079,-8.069669104996732,15.202595793745916
1780771792902997300,-10.413973647430582,-0.3546118788946792,-9.397711112979463,-2.081679582595825,-0.03330077975988388,-1.2732421159744263,0,-23.2979679107666,-0.39990234375,-1.3280420079827309,12.88399426333602,0.04529046485532079,-8.069669104996732,15.202595793745916
1780771792902997300,-10.413973647430582,-0.3546118788946792,-9.397711112979463,-2.081679582595825,-0.03330077975988388,-1.2732421159744263,0,-23.2979679107666,-0.39990234375,-1.3280420079827309,12.88399426333602,0.04529046485532079,-8.069669104996732,15.202595793745916
1780771792902997300,-10.413973647430582,-0.3546118788946792,-9.397711112979463,-2.081679582595825,-0.03330077975988388,-1.2732421159744263,0,-23.2979679107666,-0.39990234375,-1.3280420079827309,12.88399426333602,0.04529046485532079,-8.069669104996732,15.202595793745916
1780771792902997300,-10.413973647430582,-0.3546118788946792,-9.397711112979463,-2.081679582595825,-0.03330077975988388,-1.2732421159744263,0,-23.2979679107666,-0.39990234375,-1.3280420079827309,12.88399426333602,0.04529046485532079,-8.069669104996732,15.202595793745916
1780771792902997300,-10.465071621306501,-0.3534941064840492,-9.345018614825689,-2.081679582595825,-0.03330077975988388,-1.2732421159744263,0,-23.2979679107666,-0.39990234375,-1.3280420079827309,12.8328962894601,0.04640823726595078,-8.016976606842958,15.13133486560892
1780771792902997300,-10.506321611769758,-0.3541777009791073,-9.357342828807317,-2.122929573059082,-0.03398437425494194,-1.2855663299560547,0,-23.2979679107666,-0.39990234375,-1.3280420079827309,12.791646298996843,0.04572464277089272,-8.029300820824586,15.102912879735834
1780771792902997300,-10.506321611769758,-0.3541777009791073,-9.357342828807317,-2.122929573059082,-0.03398437425494194,-1.2855663299560547,0,-23.2979679107666,-0.39990234375,-1.3280420079827309,12.791646298996843,0.04572464277089272,-8.029300820824586,15.102912879735834
1780771792902997300,-10.506321611769758,-0.3541777009791073,-9.357342828807317,-2.122929573059082,-0.03398437425494194,-1.2855663299560547,0,-23.2979679107666,-0.39990234375,-1.3280420079827309,12.791646298996843,0.04572464277089272,-8.029300820824586,15.102912879735834
1780771792902997300,-10.506321611769758,-0.3541777009791073,-9.357342828807317,-2.122929573059082,-0.03398437425494194,-1.2855663299560547,0,-23.2979679107666,-0.39990234375,-1.3280420079827309,12.791646298996843,0.04572464277089272,-8.029300820824586,15.102912879735834
1780771792902997300,-10.506321611769758,-0.3541777009791073,-9.357342828807317,-2.122929573059082,-0.03398437425494194,-1.2855663299560547,0,-23.2979679107666,-0.39990234375,-1.3280420079827309,12.791646298996843,0.04572464277089272,-8.029300820824586,15.102912879735834
1780771792902997300,-10.598262190804386,-0.35374884565614456,-9.316877320973548,-2.1644530296325684,-0.03467773273587227,-1.2977490425109863,0,-23.2979679107666,-0.39990234375,-1.3280420079827309,12.699705719962216,0.04615349809385544,-7.988835312990817,15.00353775538011
1780771792936337900,-10.789412239124049,-0.29696331657915265,-9.001606305148302,-2.1644530296325684,-0.03467773273587227,-1.2977490425109863,0,-23.2979679107666,-0.39990234375,-1.3280420079827309,12.508555671642553,0.10293902717084735,-7.673564297165571,14.675086045970227
1780771792936337900,-10.789412239124049,-0.29696331657915265,-9.001606305148302,-2.1644530296325684,-0.03467773273587227,-1.2977490425109863,0,-23.2979679107666,-0.39990234375,-1.3280420079827309,12.508555671642553,0.10293902717084735,-7.673564297165571,14.675086045970227
1780771792936337900,-10.789412239124049,-0.29696331657915265,-9.001606305148302,-2.1644530296325684,-0.03467773273587227,-1.2977490425109863,0,-23.2979679107666,-0.39990234375,-1.3280420079827309,12.508555671642553,0.10293902717084735,-7.673564297165571,14.675086045970227
1780771792936337900,-10.789412239124049,-0.29696331657915265,-9.001606305148302,-2.1644530296325684,-0.03467773273587227,-1.2977490425109863,0,-23.2979679107666,-0.39990234375,-1.3280420079827309,12.508555671642553,0.10293902717084735,-7.673564297165571,14.675086045970227
1780771792936337900,-10.837575612449012,-0.2958220201198848,-8.947381722619207,-2.1644530296325684,-0.03467773273587227,-1.2977490425109863,0,-23.2979679107666,-0.39990234375,-1.3280420079827309,12.46039229831759,0.10408032363011521,-7.619339714636476,14.605702538008089
1780771792936337900,-10.837575612449012,-0.2958220201198848,-8.947381722619207,-2.1644530296325684,-0.03467773273587227,-1.2977490425109863,0,-23.2979679107666,-0.39990234375,-1.3280420079827309,12.46039229831759,0.10408032363011521,-7.619339714636476,14.605702538008089
1780771792936337900,-10.837575612449012,-0.2958220201198848,-8.947381722619207,-2.1644530296325684,-0.03467773273587227,-1.2977490425109863,0,-23.2979679107666,-0.39990234375,-1.3280420079827309,12.46039229831759,0.10408032363011521,-7.619339714636476,14.605702538008089
1780771792936337900,-10.940895972632728,-0.2975603039030822,-8.97686897485462,-2.267773389816284,-0.03641601651906967,-1.327236294746399,0,-23.2979679107666,-0.39990234375,-1.3280420079827309,12.357071938133874,0.10234203984691781,-7.648826966871889,14.533143319546612
1780771792936337900,-10.940895972632728,-0.2975603039030822,-8.97686897485462,-2.267773389816284,-0.03641601651906967,-1.327236294746399,0,-23.2979679107666,-0.39990234375,-1.3280420079827309,12.357071938133874,0.10234203984691781,-7.648826966871889,14.533143319546612
1780771792936337900,-11.061721871067759,-0.29462230746237367,-8.837757677206191,-2.267773389816284,-0.03641601651906967,-1.327236294746399,0,-23.2979679107666,-0.39990234375,-1.3280420079827309,12.236246039698843,0.10528003628762633,-7.509715669223461,14.357319752052145
1780771792936337900,-11.061721871067759,-0.29462230746237367,-8.837757677206191,-2.267773389816284,-0.03641601651906967,-1.327236294746399,0,-23.2979679107666,-0.39990234375,-1.3280420079827309,12.236246039698843,0.10528003628762633,-7.509715669223461,14.357319752052145
1780771792936337900,-11.061721871067759,-0.29462230746237367,-8.837757677206191,-2.267773389816284,-0.03641601651906967,-1.327236294746399,0,-23.2979679107666,-0.39990234375,-1.3280420079827309,12.236246039698843,0.10528003628762633,-7.509715669223461,14.357319752052145
1780771792936337900,-11.061721871067759,-0.29462230746237367,-8.837757677206191,-2.267773389816284,-0.03641601651906967,-1.327236294746399,0,-23.2979679107666,-0.39990234375,-1.3280420079827309,12.236246039698843,0.10528003628762633,-7.509715669223461,14.357319752052145
1780771792936337900,-11.104260990788218,-0.2953449616262111,-8.849583834776077,-2.310312509536743,-0.037138670682907104,-1.3390624523162842,0,-23.2979679107666,-0.39990234375,-1.3280420079827309,12.193706919978384,0.1045573821237889,-7.521541826793346,14.32728209217251
1780771792936337900,-11.104260990788218,-0.2953449616262111,-8.849583834776077,-2.310312509536743,-0.037138670682907104,-1.3390624523162842,0,-23.2979679107666,-0.39990234375,-1.3280420079827309,12.193706919978384,0.1045573821237889,-7.521541826793346,14.32728209217251
1780771792936337900,-11.15492043827736,-0.2940882848503528,-8.789902626324277,-2.310312509536743,-0.037138670682907104,-1.3390624523162842,0,-23.2979679107666,-0.39990234375,-1.3280420079827309,12.143047472489242,0.10581405889964718,-7.461860618341547,14.25286506011141
1780771792936337900,-11.15492043827736,-0.2940882848503528,-8.789902626324277,-2.310312509536743,-0.037138670682907104,-1.3390624523162842,0,-23.2979679107666,-0.39990234375,-1.3280420079827309,12.143047472489242,0.10581405889964718,-7.461860618341547,14.25286506011141
1780771792936337900,-11.15492043827736,-0.2940882848503528,-8.789902626324277,-2.310312509536743,-0.037138670682907104,-1.3390624523162842,0,-23.2979679107666,-0.39990234375,-1.3280420079827309,12.143047472489242,0.10581405889964718,-7.461860618341547,14.25286506011141
1780771792936337900,-11.15492043827736,-0.2940882848503528,-8.789902626324277,-2.310312509536743,-0.037138670682907104,-1.3390624523162842,0,-23.2979679107666,-0.39990234375,-1.3280420079827309,12.143047472489242,0.10581405889964718,-7.461860618341547,14.25286506011141
1780771792936337900,-11.15492043827736,-0.2940882848503528,-8.789902626324277,-2.310312509536743,-0.037138670682907104,-1.3390624523162842,0,-23.2979679107666,-0.39990234375,-1.3280420079827309,12.143047472489242,0.10581405889964718,-7.461860618341547,14.25286506011141
1780771792936337900,-11.15492043827736,-0.2940882848503528,-8.789902626324277,-2.310312509536743,-0.037138670682907104,-1.3390624523162842,0,-23.2979679107666,-0.39990234375,-1.3280420079827309,12.143047472489242,0.10581405889964718,-7.461860618341547,14.25286506011141
1780771792936337900,-11.197810986983415,-0.29481094273948055,-8.801670252132993,-2.353203058242798,-0.037861328572034836,-1.350830078125,0,-23.2979679107666,-0.39990234375,-1.3280420079827309,12.100156923783187,0.10509140101051945,-7.473628244150262,14.222515983977837
1780771792936337900,-11.197810986983415,-0.29481094273948055,-8.801670252132993,-2.353203058242798,-0.037861328572034836,-1.350830078125,0,-23.2979679107666,-0.39990234375,-1.3280420079827309,12.100156923783187,0.10509140101051945,-7.473628244150262,14.222515983977837
1780771792967348800,-11.468915326421078,-0.2561356170709934,-8.54651669815922,-2.353203058242798,-0.037861328572034836,-1.350830078125,0,-23.2979679107666,-0.39990234375,-1.3280420079827309,11.829052584345524,0.14376672667900658,-7.218474690176489,13.858337951126394
1780771792967348800,-11.468915326421078,-0.2561356170709934,-8.54651669815922,-2.353203058242798,-0.037861328572034836,-1.350830078125,0,-23.2979679107666,-0.39990234375,-1.3280420079827309,11.829052584345524,0.14376672667900658,-7.218474690176489,13.858337951126394
1780771792967348800,-11.468915326421078,-0.2561356170709934,-8.54651669815922,-2.353203058242798,-0.037861328572034836,-1.350830078125,0,-23.2979679107666,-0.39990234375,-1.3280420079827309,11.829052584345524,0.14376672667900658,-7.218474690176489,13.858337951126394
1780771792967348800,-11.468915326421078,-0.2561356170709934,-8.54651669815922,-2.353203058242798,-0.037861328572034836,-1.350830078125,0,-23.2979679107666,-0.39990234375,-1.3280420079827309,11.829052584345524,0.14376672667900658,-7.218474690176489,13.858337951126394
1780771792967348800,-11.561459147428769,-0.2555664590520982,-8.495334121102523,-2.3964061737060547,-0.038593750447034836,-1.3625586032867432,0,-23.2979679107666,-0.39990234375,-1.3280420079827309,11.736508763337833,0.14433588469790182,-7.167292113119792,13.752692355837327
1780771792967348800,-11.561459147428769,-0.2555664590520982,-8.495334121102523,-2.3964061737060547,-0.038593750447034836,-1.3625586032867432,0,-23.2979679107666,-0.39990234375,-1.3280420079827309,11.736508763337833,0.14433588469790182,-7.167292113119792,13.752692355837327
1780771792967348800,-11.561459147428769,-0.2555664590520982,-8.495334121102523,-2.3964061737060547,-0.038593750447034836,-1.3625586032867432,0,-23.2979679107666,-0.39990234375,-1.3280420079827309,11.736508763337833,0.14433588469790182,-7.167292113119792,13.752692355837327
1780771792967348800,-11.669643516452254,-0.2526849869797784,-8.354196028276148,-2.3964061737060547,-0.038593750447034836,-1.3625586032867432,0,-23.2979679107666,-0.39990234375,-1.3280420079827309,11.628324394314348,0.14721735677022157,-7.026154020293417,13.586995307514679
1780771792967348800,-11.669643516452254,-0.2526849869797784,-8.354196028276148,-2.3964061737060547,-0.038593750447034836,-1.3625586032867432,0,-23.2979679107666,-0.39990234375,-1.3280420079827309,11.628324394314348,0.14721735677022157,-7.026154020293417,13.586995307514679
1780771792967348800,-11.807534093768538,-0.25505803415280165,-8.390958623452844,-2.534296751022339,-0.04096679762005806,-1.39932119846344,0,-23.2979679107666,-0.39990234375,-1.3280420079827309,11.490433816998063,0.14484430959719835,-7.0629166154701135,13.488359436711315
1780771792967348800,-11.807534093768538,-0.25505803415280165,-8.390958623452844,-2.534296751022339,-0.04096679762005806,-1.39932119846344,0,-23.2979679107666,-0.39990234375,-1.3280420079827309,11.490433816998063,0.14484430959719835,-7.0629166154701135,13.488359436711315
1780771792967348800,-11.909216971554716,-0.2523143076007677,-8.254097842793529,-2.534296751022339,-0.04096679762005806,-1.39932119846344,0,-23.2979679107666,-0.39990234375,-1.3280420079827309,11.388750939211885,0.14758803614923233,-6.926055834810798,13.330254296551535
1780771792967348800,-11.909216971554716,-0.2523143076007677,-8.254097842793529,-2.534296751022339,-0.04096679762005806,-1.39932119846344,0,-23.2979679107666,-0.39990234375,-1.3280420079827309,11.388750939211885,0.14758803614923233,-6.926055834810798,13.330254296551535
1780771792967348800,-11.909216971554716,-0.2523143076007677,-8.254097842793529,-2.534296751022339,-0.04096679762005806,-1.39932119846344,0,-23.2979679107666,-0.39990234375,-1.3280420079827309,11.388750939211885,0.14758803614923233,-6.926055834810798,13.330254296551535
1780771792967348800,-11.909216971554716,-0.2523143076007677,-8.254097842793529,-2.534296751022339,-0.04096679762005806,-1.39932119846344,0,-23.2979679107666,-0.39990234375,-1.3280420079827309,11.388750939211885,0.14758803614923233,-6.926055834810798,13.330254296551535
1780771792967348800,-11.95390448109146,-0.25308578914454705,-8.265836143117015,-2.578984260559082,-0.04173827916383743,-1.4110594987869263,0,-23.2979679107666,-0.39990234375,-1.3280420079827309,11.344063429675142,0.14681655460545295,-6.9377941351342844,13.2982073099611
1780771792967348800,-11.95390448109146,-0.25308578914454705,-8.265836143117015,-2.578984260559082,-0.04173827916383743,-1.4110594987869263,0,-23.2979679107666,-0.39990234375,-1.3280420079827309,11.344063429675142,0.14681655460545295,-6.9377941351342844,13.2982073099611
1780771792967348800,-11.95390448109146,-0.25308578914454705,-8.265836143117015,-2.578984260559082,-0.04173827916383743,-1.4110594987869263,0,-23.2979679107666,-0.39990234375,-1.3280420079827309,11.344063429675142,0.14681655460545295,-6.9377941351342844,13.2982073099611
1780771793003035300,-12.351495664055266,-0.26696877328337587,-8.008701941450777,-2.578984260559082,-0.04173827916383743,-1.4110594987869263,0,-23.2979679107666,-0.39990234375,-1.3280420079827309,10.946472246711336,0.13293357046662413,-6.680659933468046,12.824747292981012
1780771793003035300,-12.351495664055266,-0.26696877328337587,-8.008701941450777,-2.578984260559082,-0.04173827916383743,-1.4110594987869263,0,-23.2979679107666,-0.39990234375,-1.3280420079827309,10.946472246711336,0.13293357046662413,-6.680659933468046,12.824747292981012
1780771793003035300,-12.351495664055266,-0.26696877328337587,-8.008701941450777,-2.578984260559082,-0.04173827916383743,-1.4110594987869263,0,-23.2979679107666,-0.39990234375,-1.3280420079827309,10.946472246711336,0.13293357046662413,-6.680659933468046,12.824747292981012
1780771793003035300,-12.351495664055266,-0.26696877328337587,-8.008701941450777,-2.578984260559082,-0.04173827916383743,-1.4110594987869263,0,-23.2979679107666,-0.39990234375,-1.3280420079827309,10.946472246711336,0.13293357046662413,-6.680659933468046,12.824747292981012
1780771793003035300,-12.396534840996184,-0.2677500262636081,-8.02045979209775,-2.6240234375,-0.04251953214406967,-1.422817349433899,0,-23.2979679107666,-0.39990234375,-1.3280420079827309,10.901433069770418,0.1321523174863919,-6.692417784115019,12.792465087184725
1780771793003035300,-12.396534840996184,-0.2677500262636081,-8.02045979209775,-2.6240234375,-0.04251953214406967,-1.422817349433899,0,-23.2979679107666,-0.39990234375,-1.3280420079827309,10.901433069770418,0.1321523174863919,-6.692417784115019,12.792465087184725
1780771793003035300,-12.396534840996184,-0.2677500262636081,-8.02045979209775,-2.6240234375,-0.04251953214406967,-1.422817349433899,0,-23.2979679107666,-0.39990234375,-1.3280420079827309,10.901433069770418,0.1321523174863919,-6.692417784115019,12.792465087184725
1780771793003035300,-12.517668856984951,-0.26427955613423904,-7.83750335215048,-2.6240234375,-0.04251953214406967,-1.422817349433899,0,-23.2979679107666,-0.39990234375,-1.3280420079827309,10.78029905378165,0.13562278761576096,-6.509461344167749,12.593900437144182
1780771793003035300,-12.517668856984951,-0.26427955613423904,-7.83750335215048,-2.6240234375,-0.04251953214406967,-1.422817349433899,0,-23.2979679107666,-0.39990234375,-1.3280420079827309,10.78029905378165,0.13562278761576096,-6.509461344167749,12.593900437144182
1780771793003035300,-12.517668856984951,-0.26427955613423904,-7.83750335215048,-2.6240234375,-0.04251953214406967,-1.422817349433899,0,-23.2979679107666,-0.39990234375,-1.3280420079827309,10.78029905378165,0.13562278761576096,-6.509461344167749,12.593900437144182
1780771793003035300,-12.517668856984951,-0.26427955613423904,-7.83750335215048,-2.6240234375,-0.04251953214406967,-1.422817349433899,0,-23.2979679107666,-0.39990234375,-1.3280420079827309,10.78029905378165,0.13562278761576096,-6.509461344167749,12.593900437144182
1780771793003035300,-12.629426612264492,-0.2662424451201113,-7.8664535665364665,-2.735781192779541,-0.04448242112994194,-1.4517675638198853,0,-23.2979679107666,-0.39990234375,-1.3280420079827309,10.66854129850211,0.1336598986298887,-6.538411558553736,12.51345132708702
1780771793003035300,-12.629426612264492,-0.2662424451201113,-7.8664535665364665,-2.735781192779541,-0.04448242112994194,-1.4517675638198853,0,-23.2979679107666,-0.39990234375,-1.3280420079827309,10.66854129850211,0.1336598986298887,-6.538411558553736,12.51345132708702
1780771793003035300,-12.679351861993421,-0.26479995717759075,-7.788837567997134,-2.735781192779541,-0.04448242112994194,-1.4517675638198853,0,-23.2979679107666,-0.39990234375,-1.3280420079827309,10.61861604877318,0.13510238657240925,-6.460795560014403,12.430411848141748
1780771793003035300,-12.679351861993421,-0.26479995717759075,-7.788837567997134,-2.735781192779541,-0.04448242112994194,-1.4517675638198853,0,-23.2979679107666,-0.39990234375,-1.3280420079827309,10.61861604877318,0.13510238657240925,-6.460795560014403,12.430411848141748
1780771793003035300,-12.679351861993421,-0.26479995717759075,-7.788837567997134,-2.735781192779541,-0.04448242112994194,-1.4517675638198853,0,-23.2979679107666,-0.39990234375,-1.3280420079827309,10.61861604877318,0.13510238657240925,-6.460795560014403,12.430411848141748
1780771793003035300,-12.679351861993421,-0.26479995717759075,-7.788837567997134,-2.735781192779541,-0.04448242112994194,-1.4517675638198853,0,-23.2979679107666,-0.39990234375,-1.3280420079827309,10.61861604877318,0.13510238657240925,-6.460795560014403,12.430411848141748
1780771793003035300,-12.776039878685298,-0.2641574021592684,-7.720859905597992,-2.781992197036743,-0.04530273377895355,-1.463647484779358,0,-23.2979679107666,-0.39990234375,-1.3280420079827309,10.521928032081304,0.13574494159073158,-6.392817897615261,12.312494340040763
1780771793003035300,-12.776039878685298,-0.2641574021592684,-7.720859905597992,-2.781992197036743,-0.04530273377895355,-1.463647484779358,0,-23.2979679107666,-0.39990234375,-1.3280420079827309,10.521928032081304,0.13574494159073158,-6.392817897615261,12.312494340040763
1780771793003035300,-12.776039878685298,-0.2641574021592684,-7.720859905597992,-2.781992197036743,-0.04530273377895355,-1.463647484779358,0,-23.2979679107666,-0.39990234375,-1.3280420079827309,10.521928032081304,0.13574494159073158,-6.392817897615261,12.312494340040763
1780771793003035300,-12.776039878685298,-0.2641574021592684,-7.720859905597992,-2.781992197036743,-0.04530273377895355,-1.463647484779358,0,-23.2979679107666,-0.39990234375,-1.3280420079827309,10.521928032081304,0.13574494159073158,-6.392817897615261,12.312494340040763
1780771793003035300,-12.776039878685298,-0.2641574021592684,-7.720859905597992,-2.781992197036743,-0.04530273377895355,-1.463647484779358,0,-23.2979679107666,-0.39990234375,-1.3280420079827309,10.521928032081304,0.13574494159073158,-6.392817897615261,12.312494340040763
1780771793033944100,-13.040490561601136,-0.2473894351367101,-7.260024257411996,-2.781992197036743,-0.04530273377895355,-1.463647484779358,0,-23.2979679107666,-0.39990234375,-1.3280420079827309,10.257477349165466,0.1525129086132899,-5.931982249429265,11.850211608384052
1780771793033944100,-13.08701389419696,-0.248219511771594,-7.2719480473900235,-2.8285155296325684,-0.04613281041383743,-1.4755712747573853,0,-23.2979679107666,-0.39990234375,-1.3280420079827309,10.21095401656964,0.151682831978406,-5.943906039407293,11.815947216170152
1780771793033944100,-13.08701389419696,-0.248219511771594,-7.2719480473900235,-2.8285155296325684,-0.04613281041383743,-1.4755712747573853,0,-23.2979679107666,-0.39990234375,-1.3280420079827309,10.21095401656964,0.151682831978406,-5.943906039407293,11.815947216170152
1780771793033944100,-13.08701389419696,-0.248219511771594,-7.2719480473900235,-2.8285155296325684,-0.04613281041383743,-1.4755712747573853,0,-23.2979679107666,-0.39990234375,-1.3280420079827309,10.21095401656964,0.151682831978406,-5.943906039407293,11.815947216170152
1780771793033944100,-13.08701389419696,-0.248219511771594,-7.2719480473900235,-2.8285155296325684,-0.04613281041383743,-1.4755712747573853,0,-23.2979679107666,-0.39990234375,-1.3280420079827309,10.21095401656964,0.151682831978406,-5.943906039407293,11.815947216170152
1780771793033944100,-13.08701389419696,-0.248219511771594,-7.2719480473900235,-2.8285155296325684,-0.04613281041383743,-1.4755712747573853,0,-23.2979679107666,-0.39990234375,-1.3280420079827309,10.21095401656964,0.151682831978406,-5.943906039407293,11.815947216170152
1780771793033944100,-13.188964528964963,-0.24506655040089276,-7.087801964980149,-2.8285155296325684,-0.04613281041383743,-1.4755712747573853,0,-23.2979679107666,-0.39990234375,-1.3280420079827309,10.109003381801639,0.15483579334910724,-5.759759956997418,11.635753446099221
1780771793033944100,-13.188964528964963,-0.24506655040089276,-7.087801964980149,-2.8285155296325684,-0.04613281041383743,-1.4755712747573853,0,-23.2979679107666,-0.39990234375,-1.3280420079827309,10.109003381801639,0.15483579334910724,-5.759759956997418,11.635753446099221
1780771793033944100,-13.188964528964963,-0.24506655040089276,-7.087801964980149,-2.8285155296325684,-0.04613281041383743,-1.4755712747573853,0,-23.2979679107666,-0.39990234375,-1.3280420079827309,10.109003381801639,0.15483579334910724,-5.759759956997418,11.635753446099221
1780771793033944100,-13.289550466464963,-0.24687319326106694,-7.113461168509507,-2.9291014671325684,-0.04793945327401161,-1.5012304782867432,0,-23.2979679107666,-0.39990234375,-1.3280420079827309,10.008417444301639,0.15302915048893306,-5.785419160526776,11.561267773185216
1780771793033944100,-13.289550466464963,-0.24687319326106694,-7.113461168509507,-2.9291014671325684,-0.04793945327401161,-1.5012304782867432,0,-23.2979679107666,-0.39990234375,-1.3280420079827309,10.008417444301639,0.15302915048893306,-5.785419160526776,11.561267773185216
1780771793033944100,-13.289550466464963,-0.24687319326106694,-7.113461168509507,-2.9291014671325684,-0.04793945327401161,-1.5012304782867432,0,-23.2979679107666,-0.39990234375,-1.3280420079827309,10.008417444301639,0.15302915048893306,-5.785419160526776,11.561267773185216
1780771793033944100,-13.289550466464963,-0.24687319326106694,-7.113461168509507,-2.9291014671325684,-0.04793945327401161,-1.5012304782867432,0,-23.2979679107666,-0.39990234375,-1.3280420079827309,10.008417444301639,0.15302915048893306,-5.785419160526776,11.561267773185216
1780771793033944100,-13.325814864414015,-0.24573870982415355,-7.046033216874276,-2.9291014671325684,-0.04793945327401161,-1.5012304782867432,0,-23.2979679107666,-0.39990234375,-1.3280420079827309,9.972153046352586,0.15416363392584645,-5.717991208891545,11.496217911594464
1780771793033944100,-13.325814864414015,-0.24573870982415355,-7.046033216874276,-2.9291014671325684,-0.04793945327401161,-1.5012304782867432,0,-23.2979679107666,-0.39990234375,-1.3280420079827309,9.972153046352586,0.15416363392584645,-5.717991208891545,11.496217911594464
1780771793033944100,-13.325814864414015,-0.24573870982415355,-7.046033216874276,-2.9291014671325684,-0.04793945327401161,-1.5012304782867432,0,-23.2979679107666,-0.39990234375,-1.3280420079827309,9.972153046352586,0.15416363392584645,-5.717991208891545,11.496217911594464
1780771793033944100,-13.421322724597731,-0.2474672258961884,-7.070413066308175,-3.024609327316284,-0.04966796934604645,-1.525610327720642,0,-23.2979679107666,-0.39990234375,-1.3280420079827309,9.87664518616887,0.1524351178538116,-5.742371058325444,11.425680809917697
1780771793033944100,-13.421322724597731,-0.2474672258961884,-7.070413066308175,-3.024609327316284,-0.04966796934604645,-1.525610327720642,0,-23.2979679107666,-0.39990234375,-1.3280420079827309,9.87664518616887,0.1524351178538116,-5.742371058325444,11.425680809917697
1780771793033944100,-13.447419157382885,-0.24664766473111974,-7.021230917501574,-3.024609327316284,-0.04966796934604645,-1.525610327720642,0,-23.2979679107666,-0.39990234375,-1.3280420079827309,9.850548753383716,0.15325467901888026,-5.6931889095188435,11.37845322084241
1780771793033944100,-13.447419157382885,-0.24664766473111974,-7.021230917501574,-3.024609327316284,-0.04966796934604645,-1.525610327720642,0,-23.2979679107666,-0.39990234375,-1.3280420079827309,9.850548753383716,0.15325467901888026,-5.6931889095188435,11.37845322084241
1780771793033944100,-13.447419157382885,-0.24664766473111974,-7.021230917501574,-3.024609327316284,-0.04966796934604645,-1.525610327720642,0,-23.2979679107666,-0.39990234375,-1.3280420079827309,9.850548753383716,0.15325467901888026,-5.6931889095188435,11.37845322084241
1780771793033944100,-13.495700350162426,-0.24752656874594556,-7.033628325986987,-3.072890520095825,-0.05054687336087227,-1.5380077362060547,0,-23.2979679107666,-0.39990234375,-1.3280420079827309,9.802267560604175,0.15237577500405444,-5.705586318004256,11.34290011146525
1780771793069646900,-14.019399651968259,-0.2735591050595049,-6.844614022295511,-3.072890520095825,-0.05054687336087227,-1.5380077362060547,0,-23.2979679107666,-0.39990234375,-1.3280420079827309,9.278568258798343,0.12634323869049507,-5.51657201431278,10.795385974398593
1780771793069646900,-14.037111456539108,-0.2729801333467789,-6.8079460287222755,-3.072890520095825,-0.05054687336087227,-1.5380077362060547,0,-23.2979679107666,-0.39990234375,-1.3280420079827309,9.260856454227493,0.1269222104032211,-5.479904020739545,10.761455272862406
1780771793069646900,-14.037111456539108,-0.2729801333467789,-6.8079460287222755,-3.072890520095825,-0.05054687336087227,-1.5380077362060547,0,-23.2979679107666,-0.39990234375,-1.3280420079827309,9.260856454227493,0.1269222104032211,-5.479904020739545,10.761455272862406
1780771793069646900,-14.037111456539108,-0.2729801333467789,-6.8079460287222755,-3.072890520095825,-0.05054687336087227,-1.5380077362060547,0,-23.2979679107666,-0.39990234375,-1.3280420079827309,9.260856454227493,0.1269222104032211,-5.479904020739545,10.761455272862406
1780771793069646900,-14.037111456539108,-0.2729801333467789,-6.8079460287222755,-3.072890520095825,-0.05054687336087227,-1.5380077362060547,0,-23.2979679107666,-0.39990234375,-1.3280420079827309,9.260856454227493,0.1269222104032211,-5.479904020739545,10.761455272862406
1780771793069646900,-14.037111456539108,-0.2729801333467789,-6.8079460287222755,-3.072890520095825,-0.05054687336087227,-1.5380077362060547,0,-23.2979679107666,-0.39990234375,-1.3280420079827309,9.260856454227493,0.1269222104032211,-5.479904020739545,10.761455272862406
1780771793069646900,-14.148276982266536,-0.27381628762013144,-6.782027704062298,-3.160781145095825,-0.05215820297598839,-1.560756802558899,0,-23.2979679107666,-0.39990234375,-1.3280420079827309,9.149690928500066,0.12608605612986856,-5.453985696079567,10.652638253205977
1780771793069646900,-14.148276982266536,-0.27381628762013144,-6.782027704062298,-3.160781145095825,-0.05215820297598839,-1.560756802558899,0,-23.2979679107666,-0.39990234375,-1.3280420079827309,9.149690928500066,0.12608605612986856,-5.453985696079567,10.652638253205977
1780771793069646900,-14.148276982266536,-0.27381628762013144,-6.782027704062298,-3.160781145095825,-0.05215820297598839,-1.560756802558899,0,-23.2979679107666,-0.39990234375,-1.3280420079827309,9.149690928500066,0.12608605612986856,-5.453985696079567,10.652638253205977
1780771793069646900,-14.148276982266536,-0.27381628762013144,-6.782027704062298,-3.160781145095825,-0.05215820297598839,-1.560756802558899,0,-23.2979679107666,-0.39990234375,-1.3280420079827309,9.149690928500066,0.12608605612986856,-5.453985696079567,10.652638253205977
1780771793069646900,-14.148276982266536,-0.27381628762013144,-6.782027704062298,-3.160781145095825,-0.05215820297598839,-1.560756802558899,0,-23.2979679107666,-0.39990234375,-1.3280420079827309,9.149690928500066,0.12608605612986856,-5.453985696079567,10.652638253205977
1780771793069646900,-14.148276982266536,-0.27381628762013144,-6.782027704062298,-3.160781145095825,-0.05215820297598839,-1.560756802558899,0,-23.2979679107666,-0.39990234375,-1.3280420079827309,9.149690928500066,0.12608605612986856,-5.453985696079567,10.652638253205977
1780771793069646900,-14.148276982266536,-0.27381628762013144,-6.782027704062298,-3.160781145095825,-0.05215820297598839,-1.560756802558899,0,-23.2979679107666,-0.39990234375,-1.3280420079827309,9.149690928500066,0.12608605612986856,-5.453985696079567,10.652638253205977
1780771793069646900,-14.259894992538932,-0.2752370472269432,-6.781508633503308,-3.259843587875366,-0.05400390550494194,-1.5867235660552979,0,-23.2979679107666,-0.39990234375,-1.3280420079827309,9.03807291822767,0.1246652965230568,-5.453466625520577,10.55663780505064
1780771793069646900,-14.259894992538932,-0.2752370472269432,-6.781508633503308,-3.259843587875366,-0.05400390550494194,-1.5867235660552979,0,-23.2979679107666,-0.39990234375,-1.3280420079827309,9.03807291822767,0.1246652965230568,-5.453466625520577,10.55663780505064
1780771793069646900,-14.259894992538932,-0.2752370472269432,-6.781508633503308,-3.259843587875366,-0.05400390550494194,-1.5867235660552979,0,-23.2979679107666,-0.39990234375,-1.3280420079827309,9.03807291822767,0.1246652965230568,-5.453466625520577,10.55663780505064
1780771793069646900,-14.259894992538932,-0.2752370472269432,-6.781508633503308,-3.259843587875366,-0.05400390550494194,-1.5867235660552979,0,-23.2979679107666,-0.39990234375,-1.3280420079827309,9.03807291822767,0.1246652965230568,-5.453466625520577,10.55663780505064
1780771793069646900,-14.259894992538932,-0.2752370472269432,-6.781508633503308,-3.259843587875366,-0.05400390550494194,-1.5867235660552979,0,-23.2979679107666,-0.39990234375,-1.3280420079827309,9.03807291822767,0.1246652965230568,-5.453466625520577,10.55663780505064
1780771793069646900,-14.273304960259939,-0.2747870762247554,-6.7530365933251115,-3.259843587875366,-0.05400390550494194,-1.5867235660552979,0,-23.2979679107666,-0.39990234375,-1.3280420079827309,9.024662950506663,0.1251152675252446,-5.424994585342381,10.530468244641815
1780771793069646900,-14.273304960259939,-0.2747870762247554,-6.7530365933251115,-3.259843587875366,-0.05400390550494194,-1.5867235660552979,0,-23.2979679107666,-0.39990234375,-1.3280420079827309,9.024662950506663,0.1251152675252446,-5.424994585342381,10.530468244641815
1780771793069646900,-14.273304960259939,-0.2747870762247554,-6.7530365933251115,-3.259843587875366,-0.05400390550494194,-1.5867235660552979,0,-23.2979679107666,-0.39990234375,-1.3280420079827309,9.024662950506663,0.1251152675252446,-5.424994585342381,10.530468244641815
1780771793069646900,-14.273304960259939,-0.2747870762247554,-6.7530365933251115,-3.259843587875366,-0.05400390550494194,-1.5867235660552979,0,-23.2979679107666,-0.39990234375,-1.3280420079827309,9.024662950506663,0.1251152675252446,-5.424994585342381,10.530468244641815
1780771793103015700,-17.22736832493777,-0.16071120956746557,-8.328000087885272,-3.259843587875366,-0.05400390550494194,-1.5867235660552979,0,-23.2979679107666,-0.39990234375,-1.3280420079827309,6.07059958582883,0.23919113418253443,-6.999958079902541,9.26870027838475
1780771793103015700,-17.22736832493777,-0.16071120956746557,-8.328000087885272,-3.259843587875366,-0.05400390550494194,-1.5867235660552979,0,-23.2979679107666,-0.39990234375,-1.3280420079827309,6.07059958582883,0.23919113418253443,-6.999958079902541,9.26870027838475
1780771793103015700,-17.246405920282427,-0.1600573719951135,-8.288422578761232,-3.259843587875366,-0.05400390550494194,-1.5867235660552979,0,-23.2979679107666,-0.39990234375,-1.3280420079827309,6.051561990484174,0.2398449717548865,-6.960380570778501,9.226365797280083
1780771793103015700,-17.390351375833575,-0.16276245056714833,-8.326737994143617,-3.4037890434265137,-0.056708984076976776,-1.625038981437683,0,-23.2979679107666,-0.39990234375,-1.3280420079827309,5.907616534933027,0.23713989318285167,-6.998695986160886,9.161763692622582
1780771793103015700,-17.390351375833575,-0.16276245056714833,-8.326737994143617,-3.4037890434265137,-0.056708984076976776,-1.625038981437683,0,-23.2979679107666,-0.39990234375,-1.3280420079827309,5.907616534933027,0.23713989318285167,-6.998695986160886,9.161763692622582
1780771793103015700,-17.390351375833575,-0.16276245056714833,-8.326737994143617,-3.4037890434265137,-0.056708984076976776,-1.625038981437683,0,-23.2979679107666,-0.39990234375,-1.3280420079827309,5.907616534933027,0.23713989318285167,-6.998695986160886,9.161763692622582
1780771793103015700,-17.4303052292856,-0.16141392764510598,-8.242729170286946,-3.4037890434265137,-0.056708984076976776,-1.625038981437683,0,-23.2979679107666,-0.39990234375,-1.3280420079827309,5.867662681481001,0.23848841610489402,-6.914687162304215,9.071892890725493
1780771793103015700,-17.4303052292856,-0.16141392764510598,-8.242729170286946,-3.4037890434265137,-0.056708984076976776,-1.625038981437683,0,-23.2979679107666,-0.39990234375,-1.3280420079827309,5.867662681481001,0.23848841610489402,-6.914687162304215,9.071892890725493
1780771793103015700,-17.4303052292856,-0.16141392764510598,-8.242729170286946,-3.4037890434265137,-0.056708984076976776,-1.625038981437683,0,-23.2979679107666,-0.39990234375,-1.3280420079827309,5.867662681481001,0.23848841610489402,-6.914687162304215,9.071892890725493
1780771793103015700,-17.481437908271197,-0.16239049014510598,-8.256518228018574,-3.4549217224121094,-0.057685546576976776,-1.6388280391693115,0,-23.2979679107666,-0.39990234375,-1.3280420079827309,5.816530002495405,0.23751185360489402,-6.928476220035844,9.04943179885534
1780771793103015700,-17.481437908271197,-0.16239049014510598,-8.256518228018574,-3.4549217224121094,-0.057685546576976776,-1.6388280391693115,0,-23.2979679107666,-0.39990234375,-1.3280420079827309,5.816530002495405,0.23751185360489402,-6.928476220035844,9.04943179885534
1780771793103015700,-17.481437908271197,-0.16239049014510598,-8.256518228018574,-3.4549217224121094,-0.057685546576976776,-1.6388280391693115,0,-23.2979679107666,-0.39990234375,-1.3280420079827309,5.816530002495405,0.23751185360489402,-6.928476220035844,9.04943179885534
1780771793103015700,-17.525559807329728,-0.16098029277819734,-8.162202698932418,-3.4549217224121094,-0.057685546576976776,-1.6388280391693115,0,-23.2979679107666,-0.39990234375,-1.3280420079827309,5.772408103436874,0.23892205097180266,-6.8341606909496875,8.948940239424228
1780771793103015700,-17.525559807329728,-0.16098029277819734,-8.162202698932418,-3.4549217224121094,-0.057685546576976776,-1.6388280391693115,0,-23.2979679107666,-0.39990234375,-1.3280420079827309,5.772408103436874,0.23892205097180266,-6.8341606909496875,8.948940239424228
1780771793103015700,-17.525559807329728,-0.16098029277819734,-8.162202698932418,-3.4549217224121094,-0.057685546576976776,-1.6388280391693115,0,-23.2979679107666,-0.39990234375,-1.3280420079827309,5.772408103436874,0.23892205097180266,-6.8341606909496875,8.948940239424228
1780771793103015700,-17.525559807329728,-0.16098029277819734,-8.162202698932418,-3.4549217224121094,-0.057685546576976776,-1.6388280391693115,0,-23.2979679107666,-0.39990234375,-1.3280420079827309,5.772408103436874,0.23892205097180266,-6.8341606909496875,8.948940239424228
1780771793103015700,-17.57708325436647,-0.1619666192640696,-8.17618714068962,-3.5064451694488525,-0.058671873062849045,-1.6528124809265137,0,-23.2979679107666,-0.39990234375,-1.3280420079827309,5.7208846564001306,0.2379357244859304,-6.84814513270689,8.926490151198182
1780771793103015700,-17.57708325436647,-0.1619666192640696,-8.17618714068962,-3.5064451694488525,-0.058671873062849045,-1.6528124809265137,0,-23.2979679107666,-0.39990234375,-1.3280420079827309,5.7208846564001306,0.2379357244859304,-6.84814513270689,8.926490151198182
1780771793136676800,-14.475765863401204,-0.2877157136330837,-6.100491871258037,-3.5064451694488525,-0.058671873062849045,-1.6528124809265137,0,-23.2979679107666,-0.39990234375,-1.3280420079827309,8.822202047365398,0.11218663011691632,-4.772449863275306,10.030957706121171
1780771793136676800,-14.635759836831024,-0.2896725169119506,-6.0568870617826915,-3.634765625,-0.06114257499575615,-1.6881103515625,0,-23.2979679107666,-0.39990234375,-1.3280420079827309,8.662208073935577,0.11022982683804938,-4.728845053799961,9.869547855587296
1780771793136676800,-14.635759836831024,-0.2896725169119506,-6.0568870617826915,-3.634765625,-0.06114257499575615,-1.6881103515625,0,-23.2979679107666,-0.39990234375,-1.3280420079827309,8.662208073935577,0.11022982683804938,-4.728845053799961,9.869547855587296
1780771793136676800,-14.635759836831024,-0.2896725169119506,-6.0568870617826915,-3.634765625,-0.06114257499575615,-1.6881103515625,0,-23.2979679107666,-0.39990234375,-1.3280420079827309,8.662208073935577,0.11022982683804938,-4.728845053799961,9.869547855587296
1780771793136676800,-14.635759836831024,-0.2896725169119506,-6.0568870617826915,-3.634765625,-0.06114257499575615,-1.6881103515625,0,-23.2979679107666,-0.39990234375,-1.3280420079827309,8.662208073935577,0.11022982683804938,-4.728845053799961,9.869547855587296
1780771793136676800,-14.70081765390942,-0.2906396419584414,-6.040555220468199,-3.6875388622283936,-0.06216796860098839,-1.7028368711471558,0,-23.2979679107666,-0.39990234375,-1.3280420079827309,8.597150256857182,0.10926270179155861,-4.712513212485468,9.804627053327037
1780771793136676800,-14.70081765390942,-0.2906396419584414,-6.040555220468199,-3.6875388622283936,-0.06216796860098839,-1.7028368711471558,0,-23.2979679107666,-0.39990234375,-1.3280420079827309,8.597150256857182,0.10926270179155861,-4.712513212485468,9.804627053327037
1780771793136676800,-14.70081765390942,-0.2906396419584414,-6.040555220468199,-3.6875388622283936,-0.06216796860098839,-1.7028368711471558,0,-23.2979679107666,-0.39990234375,-1.3280420079827309,8.597150256857182,0.10926270179155861,-4.712513212485468,9.804627053327037
1780771793136676800,-14.70081765390942,-0.2906396419584414,-6.040555220468199,-3.6875388622283936,-0.06216796860098839,-1.7028368711471558,0,-23.2979679107666,-0.39990234375,-1.3280420079827309,8.597150256857182,0.10926270179155861,-4.712513212485468,9.804627053327037
1780771793136676800,-14.70081765390942,-0.2906396419584414,-6.040555220468199,-3.6875388622283936,-0.06216796860098839,-1.7028368711471558,0,-23.2979679107666,-0.39990234375,-1.3280420079827309,8.597150256857182,0.10926270179155861,-4.712513212485468,9.804627053327037
1780771793136676800,-14.70081765390942,-0.2906396419584414,-6.040555220468199,-3.6875388622283936,-0.06216796860098839,-1.7028368711471558,0,-23.2979679107666,-0.39990234375,-1.3280420079827309,8.597150256857182,0.10926270179155861,-4.712513212485468,9.804627053327037
1780771793136676800,-14.713624606235866,-0.2906045662735405,-6.007898939630404,-3.6875388622283936,-0.06216796860098839,-1.7028368711471558,0,-23.2979679107666,-0.39990234375,-1.3280420079827309,8.584343304530735,0.10929777747645952,-4.679856931647673,9.777727592589892
1780771793136676800,-14.76905430327261,-0.2916885475192966,-6.023494614145174,-3.7429685592651367,-0.06325194984674454,-1.7184325456619263,0,-23.2979679107666,-0.39990234375,-1.3280420079827309,8.528913607493992,0.10821379623070337,-4.695452606162443,9.73659862202959
1780771793136676800,-14.76905430327261,-0.2916885475192966,-6.023494614145174,-3.7429685592651367,-0.06325194984674454,-1.7184325456619263,0,-23.2979679107666,-0.39990234375,-1.3280420079827309,8.528913607493992,0.10821379623070337,-4.695452606162443,9.73659862202959
1780771793136676800,-14.76905430327261,-0.2916885475192966,-6.023494614145174,-3.7429685592651367,-0.06325194984674454,-1.7184325456619263,0,-23.2979679107666,-0.39990234375,-1.3280420079827309,8.528913607493992,0.10821379623070337,-4.695452606162443,9.73659862202959
1780771793167963900,-14.862817308700272,-0.32707976339441525,-5.886399487920257,-3.7429685592651367,-0.06325194984674454,-1.7184325456619263,0,-23.2979679107666,-0.39990234375,-1.3280420079827309,8.43515060206633,0.07282258035558475,-4.558357479937526,9.588310159910973
1780771793167963900,-14.862817308700272,-0.32707976339441525,-5.886399487920257,-3.7429685592651367,-0.06325194984674454,-1.7184325456619263,0,-23.2979679107666,-0.39990234375,-1.3280420079827309,8.43515060206633,0.07282258035558475,-4.558357479937526,9.588310159910973
1780771793167963900,-14.862817308700272,-0.32707976339441525,-5.886399487920257,-3.7429685592651367,-0.06325194984674454,-1.7184325456619263,0,-23.2979679107666,-0.39990234375,-1.3280420079827309,8.43515060206633,0.07282258035558475,-4.558357479937526,9.588310159910973
1780771793167963900,-14.874760937040069,-0.3270757177484431,-5.854394977173588,-3.7429685592651367,-0.06325194984674454,-1.7184325456619263,0,-23.2979679107666,-0.39990234375,-1.3280420079827309,8.423206973726533,0.07282662600155693,-4.5263529691908575,9.562614215861316
1780771793167963900,-15.02796418601773,-0.330093299747745,-5.8979838538978315,-3.896171808242798,-0.06626953184604645,-1.7620214223861694,0,-23.2979679107666,-0.39990234375,-1.3280420079827309,8.270003724748872,0.06980904400225502,-4.569941845915101,9.4489260440026
1780771793167963900,-15.02796418601773,-0.330093299747745,-5.8979838538978315,-3.896171808242798,-0.06626953184604645,-1.7620214223861694,0,-23.2979679107666,-0.39990234375,-1.3280420079827309,8.270003724748872,0.06980904400225502,-4.569941845915101,9.4489260440026
1780771793167963900,-15.02796418601773,-0.330093299747745,-5.8979838538978315,-3.896171808242798,-0.06626953184604645,-1.7620214223861694,0,-23.2979679107666,-0.39990234375,-1.3280420079827309,8.270003724748872,0.06980904400225502,-4.569941845915101,9.4489260440026
1780771793167963900,-15.02796418601773,-0.330093299747745,-5.8979838538978315,-3.896171808242798,-0.06626953184604645,-1.7620214223861694,0,-23.2979679107666,-0.39990234375,-1.3280420079827309,8.270003724748872,0.06980904400225502,-4.569941845915101,9.4489260440026
1780771793167963900,-15.02796418601773,-0.330093299747745,-5.8979838538978315,-3.896171808242798,-0.06626953184604645,-1.7620214223861694,0,-23.2979679107666,-0.39990234375,-1.3280420079827309,8.270003724748872,0.06980904400225502,-4.569941845915101,9.4489260440026
1780771793167963900,-15.072369225438514,-0.32907236346961927,-5.776512139878514,-3.896171808242798,-0.06626953184604645,-1.7620214223861694,0,-23.2979679107666,-0.39990234375,-1.3280420079827309,8.225598685328087,0.07082998028038073,-4.4484701318957836,9.351704504128996
1780771793167963900,-15.072369225438514,-0.32907236346961927,-5.776512139878514,-3.896171808242798,-0.06626953184604645,-1.7620214223861694,0,-23.2979679107666,-0.39990234375,-1.3280420079827309,8.225598685328087,0.07082998028038073,-4.4484701318957836,9.351704504128996
1780771793167963900,-15.126627095158973,-0.33014658072950315,-5.791912549577001,-3.950429677963257,-0.06734374910593033,-1.7774218320846558,0,-23.2979679107666,-0.39990234375,-1.3280420079827309,8.171340815607628,0.06975576302049685,-4.46387054159427,9.31138103631265
1780771793167963900,-15.126627095158973,-0.33014658072950315,-5.791912549577001,-3.950429677963257,-0.06734374910593033,-1.7774218320846558,0,-23.2979679107666,-0.39990234375,-1.3280420079827309,8.171340815607628,0.06975576302049685,-4.46387054159427,9.31138103631265
1780771793167963900,-15.126627095158973,-0.33014658072950315,-5.791912549577001,-3.950429677963257,-0.06734374910593033,-1.7774218320846558,0,-23.2979679107666,-0.39990234375,-1.3280420079827309,8.171340815607628,0.06975576302049685,-4.46387054159427,9.31138103631265
1780771793167963900,-15.126627095158973,-0.33014658072950315,-5.791912549577001,-3.950429677963257,-0.06734374910593033,-1.7774218320846558,0,-23.2979679107666,-0.39990234375,-1.3280420079827309,8.171340815607628,0.06975576302049685,-4.46387054159427,9.31138103631265
1780771793167963900,-15.144257565312937,-0.32948543870226854,-5.74253074865201,-3.950429677963257,-0.06734374910593033,-1.7774218320846558,0,-23.2979679107666,-0.39990234375,-1.3280420079827309,8.153710345453664,0.07041690504773146,-4.414488740669279,9.27230617373965
1780771793167963900,-15.144257565312937,-0.32948543870226854,-5.74253074865201,-3.950429677963257,-0.06734374910593033,-1.7774218320846558,0,-23.2979679107666,-0.39990234375,-1.3280420079827309,8.153710345453664,0.07041690504773146,-4.414488740669279,9.27230617373965
1780771793167963900,-15.19871069984968,-0.330569423673315,-5.757862732218294,-4.0048828125,-0.06842773407697678,-1.79275381565094,0,-23.2979679107666,-0.39990234375,-1.3280420079827309,8.099257210916921,0.06933292007668501,-4.429820724235563,9.231797553632932
1780771793167963900,-15.19871069984968,-0.330569423673315,-5.757862732218294,-4.0048828125,-0.06842773407697678,-1.79275381565094,0,-23.2979679107666,-0.39990234375,-1.3280420079827309,8.099257210916921,0.06933292007668501,-4.429820724235563,9.231797553632932
1780771793167963900,-15.19871069984968,-0.330569423673315,-5.757862732218294,-4.0048828125,-0.06842773407697678,-1.79275381565094,0,-23.2979679107666,-0.39990234375,-1.3280420079827309,8.099257210916921,0.06933292007668501,-4.429820724235563,9.231797553632932
1780771793167963900,-15.19871069984968,-0.330569423673315,-5.757862732218294,-4.0048828125,-0.06842773407697678,-1.79275381565094,0,-23.2979679107666,-0.39990234375,-1.3280420079827309,8.099257210916921,0.06933292007668501,-4.429820724235563,9.231797553632932
1780771793201646300,-15.368653025490541,-0.30137715660486675,-5.521533626770233,-4.0048828125,-0.06842773407697678,-1.79275381565094,0,-23.2979679107666,-0.39990234375,-1.3280420079827309,7.92931488527606,0.09852518714513325,-4.193491618787502,8.97045783219583
1780771793201646300,-15.368653025490541,-0.30137715660486675,-5.521533626770233,-4.0048828125,-0.06842773407697678,-1.79275381565094,0,-23.2979679107666,-0.39990234375,-1.3280420079827309,7.92931488527606,0.09852518714513325,-4.193491618787502,8.97045783219583
1780771793201646300,-15.423223223549623,-0.30247090183649517,-5.536738771652435,-4.059453010559082,-0.0695214793086052,-1.807958960533142,0,-23.2979679107666,-0.39990234375,-1.3280420079827309,7.874744687216978,0.09743144191350483,-4.208696763669704,8.929402288129324
1780771793201646300,-15.440151395016827,-0.3017413371539902,-5.48479401075516,-4.059453010559082,-0.0695214793086052,-1.807958960533142,0,-23.2979679107666,-0.39990234375,-1.3280420079827309,7.857816515749775,0.09816100659600979,-4.156752002772429,8.890078919276165
1780771793201646300,-15.440151395016827,-0.3017413371539902,-5.48479401075516,-4.059453010559082,-0.0695214793086052,-1.807958960533142,0,-23.2979679107666,-0.39990234375,-1.3280420079827309,7.857816515749775,0.09816100659600979,-4.156752002772429,8.890078919276165
1780771793201646300,-15.440151395016827,-0.3017413371539902,-5.48479401075516,-4.059453010559082,-0.0695214793086052,-1.807958960533142,0,-23.2979679107666,-0.39990234375,-1.3280420079827309,7.857816515749775,0.09816100659600979,-4.156752002772429,8.890078919276165
1780771793201646300,-15.440151395016827,-0.3017413371539902,-5.48479401075516,-4.059453010559082,-0.0695214793086052,-1.807958960533142,0,-23.2979679107666,-0.39990234375,-1.3280420079827309,7.857816515749775,0.09816100659600979,-4.156752002772429,8.890078919276165
1780771793201646300,-15.440151395016827,-0.3017413371539902,-5.48479401075516,-4.059453010559082,-0.0695214793086052,-1.807958960533142,0,-23.2979679107666,-0.39990234375,-1.3280420079827309,7.857816515749775,0.09816100659600979,-4.156752002772429,8.890078919276165
1780771793201646300,-15.551167191678203,-0.3039679059124779,-5.51509677374039,-4.170468807220459,-0.0717480480670929,-1.8382617235183716,0,-23.2979679107666,-0.39990234375,-1.3280420079827309,7.746800719088398,0.09593443783752209,-4.187054765757659,8.806449478029476
1780771793201646300,-15.585263198352875,-0.3024213569301659,-5.407939103852358,-4.170468807220459,-0.0717480480670929,-1.8382617235183716,0,-23.2979679107666,-0.39990234375,-1.3280420079827309,7.712704712413727,0.09748098681983408,-4.079897095869627,8.725873986974927
1780771793201646300,-15.585263198352875,-0.3024213569301659,-5.407939103852358,-4.170468807220459,-0.0717480480670929,-1.8382617235183716,0,-23.2979679107666,-0.39990234375,-1.3280420079827309,7.712704712413727,0.09748098681983408,-4.079897095869627,8.725873986974927
1780771793201646300,-15.585263198352875,-0.3024213569301659,-5.407939103852358,-4.170468807220459,-0.0717480480670929,-1.8382617235183716,0,-23.2979679107666,-0.39990234375,-1.3280420079827309,7.712704712413727,0.09748098681983408,-4.079897095869627,8.725873986974927
1780771793201646300,-15.585263198352875,-0.3024213569301659,-5.407939103852358,-4.170468807220459,-0.0717480480670929,-1.8382617235183716,0,-23.2979679107666,-0.39990234375,-1.3280420079827309,7.712704712413727,0.09748098681983408,-4.079897095869627,8.725873986974927
1780771793201646300,-15.585263198352875,-0.3024213569301659,-5.407939103852358,-4.170468807220459,-0.0717480480670929,-1.8382617235183716,0,-23.2979679107666,-0.39990234375,-1.3280420079827309,7.712704712413727,0.09748098681983408,-4.079897095869627,8.725873986974927
1780771793201646300,-15.726605609574797,-0.303270443248637,-5.3340240565669745,-4.280117034912109,-0.07395507395267487,-1.8672313690185547,0,-23.2979679107666,-0.39990234375,-1.3280420079827309,7.5713623011918045,0.096631900501363,-4.005982048584244,8.566373619781135
1780771793201646300,-15.726605609574797,-0.303270443248637,-5.3340240565669745,-4.280117034912109,-0.07395507395267487,-1.8672313690185547,0,-23.2979679107666,-0.39990234375,-1.3280420079827309,7.5713623011918045,0.096631900501363,-4.005982048584244,8.566373619781135
1780771793201646300,-15.726605609574797,-0.303270443248637,-5.3340240565669745,-4.280117034912109,-0.07395507395267487,-1.8672313690185547,0,-23.2979679107666,-0.39990234375,-1.3280420079827309,7.5713623011918045,0.096631900501363,-4.005982048584244,8.566373619781135
1780771793201646300,-15.726605609574797,-0.303270443248637,-5.3340240565669745,-4.280117034912109,-0.07395507395267487,-1.8672313690185547,0,-23.2979679107666,-0.39990234375,-1.3280420079827309,7.5713623011918045,0.096631900501363,-4.005982048584244,8.566373619781135
1780771793201646300,-15.726605609574797,-0.303270443248637,-5.3340240565669745,-4.280117034912109,-0.07395507395267487,-1.8672313690185547,0,-23.2979679107666,-0.39990234375,-1.3280420079827309,7.5713623011918045,0.096631900501363,-4.005982048584244,8.566373619781135
1780771793236559600,-15.714897770953375,-0.29857578467196566,-5.021128395631315,-4.280117034912109,-0.07395507395267487,-1.8672313690185547,0,-23.2979679107666,-0.39990234375,-1.3280420079827309,7.583070139813227,0.10132655907803434,-3.6930863876485844,8.435170827169824
1780771793236559600,-15.728657700356004,-0.29801418919351536,-4.970849506621206,-4.280117034912109,-0.07395507395267487,-1.8672313690185547,0,-23.2979679107666,-0.39990234375,-1.3280420079827309,7.569310210410597,0.10188815455648464,-3.642807498638475,8.400885949089044
1780771793236559600,-15.783540703590868,-0.29911770958688694,-4.984970681433523,-4.335000038146973,-0.07505859434604645,-1.8813525438308716,0,-23.2979679107666,-0.39990234375,-1.3280420079827309,7.514427207175734,0.10078463416311306,-3.6569286734507918,8.357625327635407
1780771793236559600,-15.783540703590868,-0.29911770958688694,-4.984970681433523,-4.335000038146973,-0.07505859434604645,-1.8813525438308716,0,-23.2979679107666,-0.39990234375,-1.3280420079827309,7.514427207175734,0.10078463416311306,-3.6569286734507918,8.357625327635407
1780771793236559600,-15.783540703590868,-0.29911770958688694,-4.984970681433523,-4.335000038146973,-0.07505859434604645,-1.8813525438308716,0,-23.2979679107666,-0.39990234375,-1.3280420079827309,7.514427207175734,0.10078463416311306,-3.6569286734507918,8.357625327635407
1780771793236559600,-15.783540703590868,-0.29911770958688694,-4.984970681433523,-4.335000038146973,-0.07505859434604645,-1.8813525438308716,0,-23.2979679107666,-0.39990234375,-1.3280420079827309,7.514427207175734,0.10078463416311306,-3.6569286734507918,8.357625327635407
1780771793236559600,-15.80374785527243,-0.29834177133988105,-4.909503717328134,-4.335000038146973,-0.07505859434604645,-1.8813525438308716,0,-23.2979679107666,-0.39990234375,-1.3280420079827309,7.494220055494171,0.10156057241011895,-3.581461709345403,8.306654968490422
1780771793236559600,-15.80374785527243,-0.29834177133988105,-4.909503717328134,-4.335000038146973,-0.07505859434604645,-1.8813525438308716,0,-23.2979679107666,-0.39990234375,-1.3280420079827309,7.494220055494171,0.10156057241011895,-3.581461709345403,8.306654968490422
1780771793236559600,-15.940896235551971,-0.30111520526360236,-4.943771262074533,-4.472148418426514,-0.07783202826976776,-1.9156200885772705,0,-23.2979679107666,-0.39990234375,-1.3280420079827309,7.35707167521463,0.09878713848639764,-3.615729254091802,8.19815592507675
1780771793236559600,-15.940896235551971,-0.30111520526360236,-4.943771262074533,-4.472148418426514,-0.07783202826976776,-1.9156200885772705,0,-23.2979679107666,-0.39990234375,-1.3280420079827309,7.35707167521463,0.09878713848639764,-3.615729254091802,8.19815592507675
1780771793236559600,-15.940896235551971,-0.30111520526360236,-4.943771262074533,-4.472148418426514,-0.07783202826976776,-1.9156200885772705,0,-23.2979679107666,-0.39990234375,-1.3280420079827309,7.35707167521463,0.09878713848639764,-3.615729254091802,8.19815592507675
1780771793236559600,-15.940896235551971,-0.30111520526360236,-4.943771262074533,-4.472148418426514,-0.07783202826976776,-1.9156200885772705,0,-23.2979679107666,-0.39990234375,-1.3280420079827309,7.35707167521463,0.09878713848639764,-3.615729254091802,8.19815592507675
1780771793236559600,-15.954077913311236,-0.3006476004660974,-4.893434672258448,-4.472148418426514,-0.07783202826976776,-1.9156200885772705,0,-23.2979679107666,-0.39990234375,-1.3280420079827309,7.343889997455365,0.0992547432839026,-3.565392664275717,8.164226641223308
1780771793236559600,-15.954077913311236,-0.3006476004660974,-4.893434672258448,-4.472148418426514,-0.07783202826976776,-1.9156200885772705,0,-23.2979679107666,-0.39990234375,-1.3280420079827309,7.343889997455365,0.0992547432839026,-3.565392664275717,8.164226641223308
1780771793236559600,-15.954077913311236,-0.3006476004660974,-4.893434672258448,-4.472148418426514,-0.07783202826976776,-1.9156200885772705,0,-23.2979679107666,-0.39990234375,-1.3280420079827309,7.343889997455365,0.0992547432839026,-3.565392664275717,8.164226641223308
1780771793236559600,-15.954077913311236,-0.3006476004660974,-4.893434672258448,-4.472148418426514,-0.07783202826976776,-1.9156200885772705,0,-23.2979679107666,-0.39990234375,-1.3280420079827309,7.343889997455365,0.0992547432839026,-3.565392664275717,8.164226641223308
1780771793236559600,-16.00907774164986,-0.3017706488312135,-4.906701235673975,-4.527148246765137,-0.07895507663488388,-1.9288866519927979,0,-23.2979679107666,-0.39990234375,-1.3280420079827309,7.2888901691167405,0.09813169491878648,-3.5786592276912446,8.120612759818929
1780771793236559600,-16.00907774164986,-0.3017706488312135,-4.906701235673975,-4.527148246765137,-0.07895507663488388,-1.9288866519927979,0,-23.2979679107666,-0.39990234375,-1.3280420079827309,7.2888901691167405,0.09813169491878648,-3.5786592276912446,8.120612759818929
1780771793236559600,-16.022004738980996,-0.3013124207811868,-4.856439014354286,-4.527148246765137,-0.07895507663488388,-1.9288866519927979,0,-23.2979679107666,-0.39990234375,-1.3280420079827309,7.275963171785605,0.09858992296881319,-3.528397006371555,8.086961449435949
1780771793236559600,-16.022004738980996,-0.3013124207811868,-4.856439014354286,-4.527148246765137,-0.07895507663488388,-1.9288866519927979,0,-23.2979679107666,-0.39990234375,-1.3280420079827309,7.275963171785605,0.09858992296881319,-3.528397006371555,8.086961449435949
1780771793236559600,-16.022004738980996,-0.3013124207811868,-4.856439014354286,-4.527148246765137,-0.07895507663488388,-1.9288866519927979,0,-23.2979679107666,-0.39990234375,-1.3280420079827309,7.275963171785605,0.09858992296881319,-3.528397006371555,8.086961449435949
1780771793236559600,-16.022004738980996,-0.3013124207811868,-4.856439014354286,-4.527148246765137,-0.07895507663488388,-1.9288866519927979,0,-23.2979679107666,-0.39990234375,-1.3280420079827309,7.275963171785605,0.09858992296881319,-3.528397006371555,8.086961449435949
1780771793236559600,-16.022004738980996,-0.3013124207811868,-4.856439014354286,-4.527148246765137,-0.07895507663488388,-1.9288866519927979,0,-23.2979679107666,-0.39990234375,-1.3280420079827309,7.275963171785605,0.09858992296881319,-3.528397006371555,8.086961449435949
1780771793267763800,-16.24007456907865,-0.3192248400191878,-4.627266557900511,-4.582148551940918,-0.080078125,-1.9418994188308716,0,-23.2979679107666,-0.39990234375,-1.3280420079827309,7.057893341687951,0.08067750373081217,-3.2992245499177804,7.791357385785324
1780771793267763800,-16.24007456907865,-0.3192248400191878,-4.627266557900511,-4.582148551940918,-0.080078125,-1.9418994188308716,0,-23.2979679107666,-0.39990234375,-1.3280420079827309,7.057893341687951,0.08067750373081217,-3.2992245499177804,7.791357385785324
1780771793267763800,-16.25168800056987,-0.3188168130274218,-4.576378445068858,-4.582148551940918,-0.080078125,-1.9418994188308716,0,-23.2979679107666,-0.39990234375,-1.3280420079827309,7.046279910196731,0.08108553072257818,-3.2483364370861274,7.759402363883188
1780771793267763800,-16.25168800056987,-0.3188168130274218,-4.576378445068858,-4.582148551940918,-0.080078125,-1.9418994188308716,0,-23.2979679107666,-0.39990234375,-1.3280420079827309,7.046279910196731,0.08108553072257818,-3.2483364370861274,7.759402363883188
1780771793267763800,-16.25168800056987,-0.3188168130274218,-4.576378445068858,-4.582148551940918,-0.080078125,-1.9418994188308716,0,-23.2979679107666,-0.39990234375,-1.3280420079827309,7.046279910196731,0.08108553072257818,-3.2483364370861274,7.759402363883188
1780771793267763800,-16.38759021653862,-0.3202915478781675,-4.497909122196958,-4.694960594177246,-0.08238281309604645,-1.96780264377594,0,-23.2979679107666,-0.39990234375,-1.3280420079827309,6.910377694227982,0.07961079587183251,-3.1698671142142274,7.603138514947615
1780771793267763800,-16.38759021653862,-0.3202915478781675,-4.497909122196958,-4.694960594177246,-0.08238281309604645,-1.96780264377594,0,-23.2979679107666,-0.39990234375,-1.3280420079827309,6.910377694227982,0.07961079587183251,-3.1698671142142274,7.603138514947615
1780771793267763800,-16.38759021653862,-0.3202915478781675,-4.497909122196958,-4.694960594177246,-0.08238281309604645,-1.96780264377594,0,-23.2979679107666,-0.39990234375,-1.3280420079827309,6.910377694227982,0.07961079587183251,-3.1698671142142274,7.603138514947615
1780771793267763800,-16.38759021653862,-0.3202915478781675,-4.497909122196958,-4.694960594177246,-0.08238281309604645,-1.96780264377594,0,-23.2979679107666,-0.39990234375,-1.3280420079827309,6.910377694227982,0.07961079587183251,-3.1698671142142274,7.603138514947615
1780771793267763800,-16.38759021653862,-0.3202915478781675,-4.497909122196958,-4.694960594177246,-0.08238281309604645,-1.96780264377594,0,-23.2979679107666,-0.39990234375,-1.3280420079827309,6.910377694227982,0.07961079587183251,-3.1698671142142274,7.603138514947615
1780771793267763800,-16.39852428942268,-0.3198974940569794,-4.446877158916077,-4.694960594177246,-0.08238281309604645,-1.96780264377594,0,-23.2979679107666,-0.39990234375,-1.3280420079827309,6.89944362134392,0.08000484969302057,-3.1188351509333465,7.57204435795084
1780771793267763800,-16.50871992617195,-0.3221631187589562,-4.471252239978394,-4.805156230926514,-0.08464843779802322,-1.9921777248382568,0,-23.2979679107666,-0.39990234375,-1.3280420079827309,6.7892479845946525,0.0777392249910438,-3.1432102319956634,7.48195844321171
1780771793267763800,-16.50871992617195,-0.3221631187589562,-4.471252239978394,-4.805156230926514,-0.08464843779802322,-1.9921777248382568,0,-23.2979679107666,-0.39990234375,-1.3280420079827309,6.7892479845946525,0.0777392249910438,-3.1432102319956634,7.48195844321171
1780771793267763800,-16.50871992617195,-0.3221631187589562,-4.471252239978394,-4.805156230926514,-0.08464843779802322,-1.9921777248382568,0,-23.2979679107666,-0.39990234375,-1.3280420079827309,6.7892479845946525,0.0777392249910438,-3.1432102319956634,7.48195844321171
1780771793267763800,-16.50871992617195,-0.3221631187589562,-4.471252239978394,-4.805156230926514,-0.08464843779802322,-1.9921777248382568,0,-23.2979679107666,-0.39990234375,-1.3280420079827309,6.7892479845946525,0.0777392249910438,-3.1432102319956634,7.48195844321171
1780771793267763800,-16.50871992617195,-0.3221631187589562,-4.471252239978394,-4.805156230926514,-0.08464843779802322,-1.9921777248382568,0,-23.2979679107666,-0.39990234375,-1.3280420079827309,6.7892479845946525,0.0777392249910438,-3.1432102319956634,7.48195844321171
1780771793267763800,-16.50871992617195,-0.3221631187589562,-4.471252239978394,-4.805156230926514,-0.08464843779802322,-1.9921777248382568,0,-23.2979679107666,-0.39990234375,-1.3280420079827309,6.7892479845946525,0.0777392249910438,-3.1432102319956634,7.48195844321171
1780771793267763800,-16.574561991163968,-0.3228941436517255,-4.432166953993084,-4.860312461853027,-0.08578124642372131,-2.0040478706359863,0,-23.2979679107666,-0.39990234375,-1.3280420079827309,6.723405919602634,0.07700820009827453,-3.1041249460103533,7.405788891338578
1780771793302946700,-19.35833626221505,-0.16053886975209386,-5.026701958194126,-4.860312461853027,-0.08578124642372131,-2.0040478706359863,0,-23.2979679107666,-0.39990234375,-1.3280420079827309,3.9396316485515506,0.23936347399790614,-3.698659950211395,5.409073656944515
1780771793302946700,-19.35833626221505,-0.16053886975209386,-5.026701958194126,-4.860312461853027,-0.08578124642372131,-2.0040478706359863,0,-23.2979679107666,-0.39990234375,-1.3280420079827309,3.9396316485515506,0.23936347399790614,-3.698659950211395,5.409073656944515
1780771793302946700,-19.35833626221505,-0.16053886975209386,-5.026701958194126,-4.860312461853027,-0.08578124642372131,-2.0040478706359863,0,-23.2979679107666,-0.39990234375,-1.3280420079827309,3.9396316485515506,0.23936347399790614,-3.698659950211395,5.409073656944515
1780771793302946700,-19.35833626221505,-0.16053886975209386,-5.026701958194126,-4.860312461853027,-0.08578124642372131,-2.0040478706359863,0,-23.2979679107666,-0.39990234375,-1.3280420079827309,3.9396316485515506,0.23936347399790614,-3.698659950211395,5.409073656944515
1780771793302946700,-19.390516223842706,-0.1592735687223749,-4.868048231104799,-4.860312461853027,-0.08578124642372131,-2.0040478706359863,0,-23.2979679107666,-0.39990234375,-1.3280420079827309,3.9074516869238956,0.2406287750276251,-3.5400062231220684,5.278041772547719
1780771793302946700,-19.390516223842706,-0.1592735687223749,-4.868048231104799,-4.860312461853027,-0.08578124642372131,-2.0040478706359863,0,-23.2979679107666,-0.39990234375,-1.3280420079827309,3.9074516869238956,0.2406287750276251,-3.5400062231220684,5.278041772547719
1780771793302946700,-19.475164356166925,-0.16103138420260713,-4.885890047053286,-4.944960594177246,-0.08753906190395355,-2.0218896865844727,0,-23.2979679107666,-0.39990234375,-1.3280420079827309,3.822803554599677,0.23887095954739287,-3.5578480390705547,5.227730771710916
1780771793302946700,-19.475164356166925,-0.16103138420260713,-4.885890047053286,-4.944960594177246,-0.08753906190395355,-2.0218896865844727,0,-23.2979679107666,-0.39990234375,-1.3280420079827309,3.822803554599677,0.23887095954739287,-3.5578480390705547,5.227730771710916
1780771793302946700,-19.475164356166925,-0.16103138420260713,-4.885890047053286,-4.944960594177246,-0.08753906190395355,-2.0218896865844727,0,-23.2979679107666,-0.39990234375,-1.3280420079827309,3.822803554599677,0.23887095954739287,-3.5578480390705547,5.227730771710916
1780771793302946700,-19.475164356166925,-0.16103138420260713,-4.885890047053286,-4.944960594177246,-0.08753906190395355,-2.0218896865844727,0,-23.2979679107666,-0.39990234375,-1.3280420079827309,3.822803554599677,0.23887095954739287,-3.5578480390705547,5.227730771710916
1780771793302946700,-19.487240775622006,-0.1605325171960802,-4.823938870839594,-4.944960594177246,-0.08753906190395355,-2.0218896865844727,0,-23.2979679107666,-0.39990234375,-1.3280420079827309,3.810727135144596,0.2393698265539198,-3.4958968628568634,5.176894251201608
1780771793302946700,-19.487240775622006,-0.1605325171960802,-4.823938870839594,-4.944960594177246,-0.08753906190395355,-2.0218896865844727,0,-23.2979679107666,-0.39990234375,-1.3280420079827309,3.810727135144596,0.2393698265539198,-3.4958968628568634,5.176894251201608
1780771793302946700,-19.59778784135687,-0.16282743758096407,-4.8465364221854195,-5.055507659912109,-0.08983398228883743,-2.044487237930298,0,-23.2979679107666,-0.39990234375,-1.3280420079827309,3.7001800694097327,0.23707490616903593,-3.5184944142026886,5.111490976218934
1780771793302946700,-19.59778784135687,-0.16282743758096407,-4.8465364221854195,-5.055507659912109,-0.08983398228883743,-2.044487237930298,0,-23.2979679107666,-0.39990234375,-1.3280420079827309,3.7001800694097327,0.23707490616903593,-3.5184944142026886,5.111490976218934
1780771793302946700,-19.609291232893966,-0.1625317999772513,-4.786169073820107,-5.055507659912109,-0.08983398228883743,-2.044487237930298,0,-23.2979679107666,-0.39990234375,-1.3280420079827309,3.6886766778726354,0.2373705437727487,-3.4581270658373757,5.061751002608632
1780771793302946700,-19.609291232893966,-0.1625317999772513,-4.786169073820107,-5.055507659912109,-0.08983398228883743,-2.044487237930298,0,-23.2979679107666,-0.39990234375,-1.3280420079827309,3.6886766778726354,0.2373705437727487,-3.4581270658373757,5.061751002608632
1780771793302946700,-19.609291232893966,-0.1625317999772513,-4.786169073820107,-5.055507659912109,-0.08983398228883743,-2.044487237930298,0,-23.2979679107666,-0.39990234375,-1.3280420079827309,3.6886766778726354,0.2373705437727487,-3.4581270658373757,5.061751002608632
1780771793302946700,-19.609291232893966,-0.1625317999772513,-4.786169073820107,-5.055507659912109,-0.08983398228883743,-2.044487237930298,0,-23.2979679107666,-0.39990234375,-1.3280420079827309,3.6886766778726354,0.2373705437727487,-3.4581270658373757,5.061751002608632
1780771793302946700,-19.609291232893966,-0.1625317999772513,-4.786169073820107,-5.055507659912109,-0.08983398228883743,-2.044487237930298,0,-23.2979679107666,-0.39990234375,-1.3280420079827309,3.6886766778726354,0.2373705437727487,-3.4581270658373757,5.061751002608632
1780771793302946700,-19.609291232893966,-0.1625317999772513,-4.786169073820107,-5.055507659912109,-0.08983398228883743,-2.044487237930298,0,-23.2979679107666,-0.39990234375,-1.3280420079827309,3.6886766778726354,0.2373705437727487,-3.4581270658373757,5.061751002608632
1780771793302946700,-19.609291232893966,-0.1625317999772513,-4.786169073820107,-5.055507659912109,-0.08983398228883743,-2.044487237930298,0,-23.2979679107666,-0.39990234375,-1.3280420079827309,3.6886766778726354,0.2373705437727487,-3.4581270658373757,5.061751002608632
1780771793302946700,-19.609291232893966,-0.1625317999772513,-4.786169073820107,-5.055507659912109,-0.08983398228883743,-2.044487237930298,0,-23.2979679107666,-0.39990234375,-1.3280420079827309,3.6886766778726354,0.2373705437727487,-3.4581270658373757,5.061751002608632
1780771793334329100,-19.9130226639121,-0.1405472599181734,-4.50874789458693,-5.055507659912109,-0.08983398228883743,-2.044487237930298,0,-23.2979679107666,-0.39990234375,-1.3280420079827309,3.384945246854503,0.2593550838318266,-3.1807058866041995,4.652097303452596
1780771793334329100,-19.9130226639121,-0.1405472599181734,-4.50874789458693,-5.055507659912109,-0.08983398228883743,-2.044487237930298,0,-23.2979679107666,-0.39990234375,-1.3280420079827309,3.384945246854503,0.2593550838318266,-3.1807058866041995,4.652097303452596
1780771793334329100,-19.9130226639121,-0.1405472599181734,-4.50874789458693,-5.055507659912109,-0.08983398228883743,-2.044487237930298,0,-23.2979679107666,-0.39990234375,-1.3280420079827309,3.384945246854503,0.2593550838318266,-3.1807058866041995,4.652097303452596
1780771793334329100,-19.9130226639121,-0.1405472599181734,-4.50874789458693,-5.055507659912109,-0.08983398228883743,-2.044487237930298,0,-23.2979679107666,-0.39990234375,-1.3280420079827309,3.384945246854503,0.2593550838318266,-3.1807058866041995,4.652097303452596
1780771793334329100,-19.978255368748343,-0.14167349481424302,-4.459543691812044,-5.110859394073486,-0.09098632633686066,-2.055615186691284,0,-23.2979679107666,-0.39990234375,-1.3280420079827309,3.3197125420182587,0.258228848935757,-3.1315016838293133,4.570938229278737
1780771793334329100,-19.978255368748343,-0.14167349481424302,-4.459543691812044,-5.110859394073486,-0.09098632633686066,-2.055615186691284,0,-23.2979679107666,-0.39990234375,-1.3280420079827309,3.3197125420182587,0.258228848935757,-3.1315016838293133,4.570938229278737
1780771793334329100,-19.978255368748343,-0.14167349481424302,-4.459543691812044,-5.110859394073486,-0.09098632633686066,-2.055615186691284,0,-23.2979679107666,-0.39990234375,-1.3280420079827309,3.3197125420182587,0.258228848935757,-3.1315016838293133,4.570938229278737
1780771793334329100,-19.978255368748343,-0.14167349481424302,-4.459543691812044,-5.110859394073486,-0.09098632633686066,-2.055615186691284,0,-23.2979679107666,-0.39990234375,-1.3280420079827309,3.3197125420182587,0.258228848935757,-3.1315016838293133,4.570938229278737
1780771793334329100,-19.978255368748343,-0.14167349481424302,-4.459543691812044,-5.110859394073486,-0.09098632633686066,-2.055615186691284,0,-23.2979679107666,-0.39990234375,-1.3280420079827309,3.3197125420182587,0.258228848935757,-3.1315016838293133,4.570938229278737
1780771793334329100,-19.978255368748343,-0.14167349481424302,-4.459543691812044,-5.110859394073486,-0.09098632633686066,-2.055615186691284,0,-23.2979679107666,-0.39990234375,-1.3280420079827309,3.3197125420182587,0.258228848935757,-3.1315016838293133,4.570938229278737
1780771793334329100,-20.1786740093653,-0.14645893156196854,-4.310377165052451,-5.282812595367432,-0.09459960460662842,-2.089672803878784,0,-23.2979679107666,-0.39990234375,-1.3280420079827309,3.119293901401303,0.25344341218803146,-2.98233515706972,4.323025676027722
1780771793334329100,-20.1786740093653,-0.14645893156196854,-4.310377165052451,-5.282812595367432,-0.09459960460662842,-2.089672803878784,0,-23.2979679107666,-0.39990234375,-1.3280420079827309,3.119293901401303,0.25344341218803146,-2.98233515706972,4.323025676027722
1780771793334329100,-20.1786740093653,-0.14645893156196854,-4.310377165052451,-5.282812595367432,-0.09459960460662842,-2.089672803878784,0,-23.2979679107666,-0.39990234375,-1.3280420079827309,3.119293901401303,0.25344341218803146,-2.98233515706972,4.323025676027722
1780771793334329100,-20.1786740093653,-0.14645893156196854,-4.310377165052451,-5.282812595367432,-0.09459960460662842,-2.089672803878784,0,-23.2979679107666,-0.39990234375,-1.3280420079827309,3.119293901401303,0.25344341218803146,-2.98233515706972,4.323025676027722
1780771793334329100,-20.1786740093653,-0.14645893156196854,-4.310377165052451,-5.282812595367432,-0.09459960460662842,-2.089672803878784,0,-23.2979679107666,-0.39990234375,-1.3280420079827309,3.119293901401303,0.25344341218803146,-2.98233515706972,4.323025676027722
1780771793334329100,-20.187365155066484,-0.1470609125663564,-4.251261414344276,-5.282812595367432,-0.09459960460662842,-2.089672803878784,0,-23.2979679107666,-0.39990234375,-1.3280420079827309,3.1106027557001177,0.2528414311836436,-2.923219406361545,4.276095180280826
1780771793334329100,-20.24310694202327,-0.14824255229728672,-4.2621745479654916,-5.338554382324219,-0.09578124433755875,-2.1005859375,0,-23.2979679107666,-0.39990234375,-1.3280420079827309,3.0548609687433306,0.2516597914527133,-2.9341325399827607,4.243187711045924
1780771793334329100,-20.24310694202327,-0.14824255229728672,-4.2621745479654916,-5.338554382324219,-0.09578124433755875,-2.1005859375,0,-23.2979679107666,-0.39990234375,-1.3280420079827309,3.0548609687433306,0.2516597914527133,-2.9341325399827607,4.243187711045924
1780771793334329100,-20.24310694202327,-0.14824255229728672,-4.2621745479654916,-5.338554382324219,-0.09578124433755875,-2.1005859375,0,-23.2979679107666,-0.39990234375,-1.3280420079827309,3.0548609687433306,0.2516597914527133,-2.9341325399827607,4.243187711045924
1780771793334329100,-20.24310694202327,-0.14824255229728672,-4.2621745479654916,-5.338554382324219,-0.09578124433755875,-2.1005859375,0,-23.2979679107666,-0.39990234375,-1.3280420079827309,3.0548609687433306,0.2516597914527133,-2.9341325399827607,4.243187711045924
1780771793334329100,-20.25161856178171,-0.1488799969252365,-4.2026329913058715,-5.338554382324219,-0.09578124433755875,-2.1005859375,0,-23.2979679107666,-0.39990234375,-1.3280420079827309,3.04634934898489,0.2510223468247635,-2.8745909833231407,4.196013571959554
1780771793369782200,-20.059976211346346,-0.12902204373650783,-3.807671808824776,-5.338554382324219,-0.09578124433755875,-2.1005859375,0,-23.2979679107666,-0.39990234375,-1.3280420079827309,3.237991699420256,0.27088030001349217,-2.479629800842045,4.087362270667214
1780771793369782200,-20.059976211346346,-0.12902204373650783,-3.807671808824776,-5.338554382324219,-0.09578124433755875,-2.1005859375,0,-23.2979679107666,-0.39990234375,-1.3280420079827309,3.237991699420256,0.27088030001349217,-2.479629800842045,4.087362270667214
1780771793369782200,-20.115796676434236,-0.13020369091801876,-3.818531059847115,-5.394374847412109,-0.09696289151906967,-2.111445188522339,0,-23.2979679107666,-0.39990234375,-1.3280420079827309,3.1821712343323654,0.26969865283198124,-2.490489051864384,4.04987491725462
1780771793369782200,-20.115796676434236,-0.13020369091801876,-3.818531059847115,-5.394374847412109,-0.09696289151906967,-2.111445188522339,0,-23.2979679107666,-0.39990234375,-1.3280420079827309,3.1821712343323654,0.26969865283198124,-2.490489051864384,4.04987491725462
1780771793369782200,-20.12804307834314,-0.13158212742459566,-3.7093593790186867,-5.394374847412109,-0.09696289151906967,-2.111445188522339,0,-23.2979679107666,-0.39990234375,-1.3280420079827309,3.1699248324234617,0.26832021632540437,-2.381317371035956,3.97380064966795
1780771793369782200,-20.12804307834314,-0.13158212742459566,-3.7093593790186867,-5.394374847412109,-0.09696289151906967,-2.111445188522339,0,-23.2979679107666,-0.39990234375,-1.3280420079827309,3.1699248324234617,0.26832021632540437,-2.381317371035956,3.97380064966795
1780771793369782200,-20.12804307834314,-0.13158212742459566,-3.7093593790186867,-5.394374847412109,-0.09696289151906967,-2.111445188522339,0,-23.2979679107666,-0.39990234375,-1.3280420079827309,3.1699248324234617,0.26832021632540437,-2.381317371035956,3.97380064966795
1780771793369782200,-20.12804307834314,-0.13158212742459566,-3.7093593790186867,-5.394374847412109,-0.09696289151906967,-2.111445188522339,0,-23.2979679107666,-0.39990234375,-1.3280420079827309,3.1699248324234617,0.26832021632540437,-2.381317371035956,3.97380064966795
1780771793369782200,-20.12804307834314,-0.13158212742459566,-3.7093593790186867,-5.394374847412109,-0.09696289151906967,-2.111445188522339,0,-23.2979679107666,-0.39990234375,-1.3280420079827309,3.1699248324234617,0.26832021632540437,-2.381317371035956,3.97380064966795
1780771793369782200,-20.286128901402222,-0.13494149735820085,-3.739598722661875,-5.552460670471191,-0.10032226145267487,-2.1416845321655273,0,-23.2979679107666,-0.39990234375,-1.3280420079827309,3.0118390093643796,0.2649608463917992,-2.4115567146791443,3.86742605056176
1780771793369782200,-20.292569647325685,-0.13571776502644864,-3.679033646586479,-5.552460670471191,-0.10032226145267487,-2.1416845321655273,0,-23.2979679107666,-0.39990234375,-1.3280420079827309,3.0053982634409167,0.2641845787235514,-2.350991638603748,3.824836453799529
1780771793369782200,-20.292569647325685,-0.13571776502644864,-3.679033646586479,-5.552460670471191,-0.10032226145267487,-2.1416845321655273,0,-23.2979679107666,-0.39990234375,-1.3280420079827309,3.0053982634409167,0.2641845787235514,-2.350991638603748,3.824836453799529
1780771793369782200,-20.292569647325685,-0.13571776502644864,-3.679033646586479,-5.552460670471191,-0.10032226145267487,-2.1416845321655273,0,-23.2979679107666,-0.39990234375,-1.3280420079827309,3.0053982634409167,0.2641845787235514,-2.350991638603748,3.824836453799529
1780771793369782200,-20.292569647325685,-0.13571776502644864,-3.679033646586479,-5.552460670471191,-0.10032226145267487,-2.1416845321655273,0,-23.2979679107666,-0.39990234375,-1.3280420079827309,3.0053982634409167,0.2641845787235514,-2.350991638603748,3.824836453799529
1780771793369782200,-20.292569647325685,-0.13571776502644864,-3.679033646586479,-5.552460670471191,-0.10032226145267487,-2.1416845321655273,0,-23.2979679107666,-0.39990234375,-1.3280420079827309,3.0053982634409167,0.2641845787235514,-2.350991638603748,3.824836453799529
1780771793369782200,-20.292569647325685,-0.13571776502644864,-3.679033646586479,-5.552460670471191,-0.10032226145267487,-2.1416845321655273,0,-23.2979679107666,-0.39990234375,-1.3280420079827309,3.0053982634409167,0.2641845787235514,-2.350991638603748,3.824836453799529
1780771793369782200,-20.354801160964072,-0.13769905773471108,-3.628639461662016,-5.608476638793945,-0.10152343660593033,-2.1521191596984863,0,-23.2979679107666,-0.39990234375,-1.3280420079827309,2.943166749802529,0.2622032860152889,-2.300597453679285,3.744827061990448
1780771793369782200,-20.354801160964072,-0.13769905773471108,-3.628639461662016,-5.608476638793945,-0.10152343660593033,-2.1521191596984863,0,-23.2979679107666,-0.39990234375,-1.3280420079827309,2.943166749802529,0.2622032860152889,-2.300597453679285,3.744827061990448
1780771793369782200,-20.354801160964072,-0.13769905773471108,-3.628639461662016,-5.608476638793945,-0.10152343660593033,-2.1521191596984863,0,-23.2979679107666,-0.39990234375,-1.3280420079827309,2.943166749802529,0.2622032860152889,-2.300597453679285,3.744827061990448
1780771793369782200,-20.354801160964072,-0.13769905773471108,-3.628639461662016,-5.608476638793945,-0.10152343660593033,-2.1521191596984863,0,-23.2979679107666,-0.39990234375,-1.3280420079827309,2.943166749802529,0.2622032860152889,-2.300597453679285,3.744827061990448
1780771793369782200,-20.354801160964072,-0.13769905773471108,-3.628639461662016,-5.608476638793945,-0.10152343660593033,-2.1521191596984863,0,-23.2979679107666,-0.39990234375,-1.3280420079827309,2.943166749802529,0.2622032860152889,-2.300597453679285,3.744827061990448
1780771793403273300,-20.332573373689314,-0.15748396474538034,-3.3157042122435607,-5.608476638793945,-0.10152343660593033,-2.1521191596984863,0,-23.2979679107666,-0.39990234375,-1.3280420079827309,2.9653945370772874,0.24241837900461966,-1.9876622042608298,3.578146513106202
1780771793403273300,-20.337263064240915,-0.15837965175606408,-3.254708937512657,-5.608476638793945,-0.10152343660593033,-2.1521191596984863,0,-23.2979679107666,-0.39990234375,-1.3280420079827309,2.9607048465256867,0.24152269199393592,-1.9266669295299264,3.5406428591899752
1780771793403273300,-20.39327855572651,-0.15958081945873895,-3.264957836972496,-5.664492130279541,-0.1027246043086052,-2.162368059158325,0,-23.2979679107666,-0.39990234375,-1.3280420079827309,2.904689355040091,0.24032152429126105,-1.9369158289897652,3.4995167684856154
1780771793403273300,-20.39327855572651,-0.15958081945873895,-3.264957836972496,-5.664492130279541,-0.1027246043086052,-2.162368059158325,0,-23.2979679107666,-0.39990234375,-1.3280420079827309,2.904689355040091,0.24032152429126105,-1.9369158289897652,3.4995167684856154
1780771793403273300,-20.39327855572651,-0.15958081945873895,-3.264957836972496,-5.664492130279541,-0.1027246043086052,-2.162368059158325,0,-23.2979679107666,-0.39990234375,-1.3280420079827309,2.904689355040091,0.24032152429126105,-1.9369158289897652,3.4995167684856154
1780771793403273300,-20.39327855572651,-0.15958081945873895,-3.264957836972496,-5.664492130279541,-0.1027246043086052,-2.162368059158325,0,-23.2979679107666,-0.39990234375,-1.3280420079827309,2.904689355040091,0.24032152429126105,-1.9369158289897652,3.4995167684856154
1780771793403273300,-20.39327855572651,-0.15958081945873895,-3.264957836972496,-5.664492130279541,-0.1027246043086052,-2.162368059158325,0,-23.2979679107666,-0.39990234375,-1.3280420079827309,2.904689355040091,0.24032152429126105,-1.9369158289897652,3.4995167684856154
1780771793403273300,-20.39327855572651,-0.15958081945873895,-3.264957836972496,-5.664492130279541,-0.1027246043086052,-2.162368059158325,0,-23.2979679107666,-0.39990234375,-1.3280420079827309,2.904689355040091,0.24032152429126105,-1.9369158289897652,3.4995167684856154
1780771793403273300,-20.40096572531131,-0.16119126462854982,-3.156859912485878,-5.664492130279541,-0.1027246043086052,-2.162368059158325,0,-23.2979679107666,-0.39990234375,-1.3280420079827309,2.8970021854552925,0.23871107912145018,-1.828817904503147,3.434265506576239
1780771793403273300,-20.499715839752227,-0.16331041091599108,-3.174452819437782,-5.763242244720459,-0.10484375059604645,-2.1799609661102295,0,-23.2979679107666,-0.39990234375,-1.3280420079827309,2.7982520710143746,0.23659193283400892,-1.8464108114550513,3.360866447848898
1780771793403273300,-20.499715839752227,-0.16331041091599108,-3.174452819437782,-5.763242244720459,-0.10484375059604645,-2.1799609661102295,0,-23.2979679107666,-0.39990234375,-1.3280420079827309,2.7982520710143746,0.23659193283400892,-1.8464108114550513,3.360866447848898
1780771793403273300,-20.499715839752227,-0.16331041091599108,-3.174452819437782,-5.763242244720459,-0.10484375059604645,-2.1799609661102295,0,-23.2979679107666,-0.39990234375,-1.3280420079827309,2.7982520710143746,0.23659193283400892,-1.8464108114550513,3.360866447848898
1780771793403273300,-20.499715839752227,-0.16331041091599108,-3.174452819437782,-5.763242244720459,-0.10484375059604645,-2.1799609661102295,0,-23.2979679107666,-0.39990234375,-1.3280420079827309,2.7982520710143746,0.23659193283400892,-1.8464108114550513,3.360866447848898
1780771793403273300,-20.499715839752227,-0.16331041091599108,-3.174452819437782,-5.763242244720459,-0.10484375059604645,-2.1799609661102295,0,-23.2979679107666,-0.39990234375,-1.3280420079827309,2.7982520710143746,0.23659193283400892,-1.8464108114550513,3.360866447848898
1780771793403273300,-20.503734291741676,-0.16424038160462967,-3.1129414941500713,-5.763242244720459,-0.10484375059604645,-2.1799609661102295,0,-23.2979679107666,-0.39990234375,-1.3280420079827309,2.7942336190249257,0.23566196214537033,-1.7848994861673404,3.324025308840439
1780771793403273300,-20.503734291741676,-0.16424038160462967,-3.1129414941500713,-5.763242244720459,-0.10484375059604645,-2.1799609661102295,0,-23.2979679107666,-0.39990234375,-1.3280420079827309,2.7942336190249257,0.23566196214537033,-1.7848994861673404,3.324025308840439
1780771793403273300,-20.615726174065895,-0.16665248472114197,-3.13197945610991,-5.875234127044678,-0.10725585371255875,-2.1989989280700684,0,-23.2979679107666,-0.39990234375,-1.3280420079827309,2.682241736700707,0.23324985902885803,-1.8039374481271793,3.2408357791766935
1780771793403273300,-20.615726174065895,-0.16665248472114197,-3.13197945610991,-5.875234127044678,-0.10725585371255875,-2.1989989280700684,0,-23.2979679107666,-0.39990234375,-1.3280420079827309,2.682241736700707,0.23324985902885803,-1.8039374481271793,3.2408357791766935
1780771793403273300,-20.615726174065895,-0.16665248472114197,-3.13197945610991,-5.875234127044678,-0.10725585371255875,-2.1989989280700684,0,-23.2979679107666,-0.39990234375,-1.3280420079827309,2.682241736700707,0.23324985902885803,-1.8039374481271793,3.2408357791766935
1780771793403273300,-20.615726174065895,-0.16665248472114197,-3.13197945610991,-5.875234127044678,-0.10725585371255875,-2.1989989280700684,0,-23.2979679107666,-0.39990234375,-1.3280420079827309,2.682241736700707,0.23324985902885803,-1.8039374481271793,3.2408357791766935
1780771793403273300,-20.61948760495291,-0.16757935989537692,-3.070455678325142,-5.875234127044678,-0.10725585371255875,-2.1989989280700684,0,-23.2979679107666,-0.39990234375,-1.3280420079827309,2.678480305813693,0.23232298385462308,-1.7424136703424113,3.2037846550689144
1780771793403273300,-20.61948760495291,-0.16757935989537692,-3.070455678325142,-5.875234127044678,-0.10725585371255875,-2.1989989280700684,0,-23.2979679107666,-0.39990234375,-1.3280420079827309,2.678480305813693,0.23232298385462308,-1.7424136703424113,3.2037846550689144
1780771793403273300,-20.61948760495291,-0.16757935989537692,-3.070455678325142,-5.875234127044678,-0.10725585371255875,-2.1989989280700684,0,-23.2979679107666,-0.39990234375,-1.3280420079827309,2.678480305813693,0.23232298385462308,-1.7424136703424113,3.2037846550689144
1780771793436264900,-18.206463626689477,-0.3323693025854777,-2.347083254320593,-5.875234127044678,-0.10725585371255875,-2.1989989280700684,0,-23.2979679107666,-0.39990234375,-1.3280420079827309,5.091504284077125,0.0675330411645223,-1.0190412463378622,5.192920339092684
1780771793436264900,-18.262401393718285,-0.33358024544989573,-2.3562044339012815,-5.931171894073486,-0.10846679657697678,-2.208120107650757,0,-23.2979679107666,-0.39990234375,-1.3280420079827309,5.035566517048316,0.06632209830010427,-1.0281624259185507,5.1398878141854185
1780771793436264900,-18.262894191423435,-0.33452092470703687,-2.3048192164998516,-5.931171894073486,-0.10846679657697678,-2.208120107650757,0,-23.2979679107666,-0.39990234375,-1.3280420079827309,5.035073719343167,0.06538141904296313,-0.9767772085171207,5.129360174939444
1780771793436264900,-18.262894191423435,-0.33452092470703687,-2.3048192164998516,-5.931171894073486,-0.10846679657697678,-2.208120107650757,0,-23.2979679107666,-0.39990234375,-1.3280420079827309,5.035073719343167,0.06538141904296313,-0.9767772085171207,5.129360174939444
1780771793436264900,-18.262894191423435,-0.33452092470703687,-2.3048192164998516,-5.931171894073486,-0.10846679657697678,-2.208120107650757,0,-23.2979679107666,-0.39990234375,-1.3280420079827309,5.035073719343167,0.06538141904296313,-0.9767772085171207,5.129360174939444
1780771793436264900,-18.262894191423435,-0.33452092470703687,-2.3048192164998516,-5.931171894073486,-0.10846679657697678,-2.208120107650757,0,-23.2979679107666,-0.39990234375,-1.3280420079827309,5.035073719343167,0.06538141904296313,-0.9767772085171207,5.129360174939444
1780771793436264900,-18.262894191423435,-0.33452092470703687,-2.3048192164998516,-5.931171894073486,-0.10846679657697678,-2.208120107650757,0,-23.2979679107666,-0.39990234375,-1.3280420079827309,5.035073719343167,0.06538141904296313,-0.9767772085171207,5.129360174939444
1780771793436264900,-18.360467387786137,-0.33827952436658654,-2.230739992144704,-6.028398513793945,-0.11057616770267487,-2.2233593463897705,0,-23.2979679107666,-0.39990234375,-1.3280420079827309,4.937500522980464,0.06162281938341346,-0.9026979841619731,5.019718362309902
1780771793436264900,-18.360467387786137,-0.33827952436658654,-2.230739992144704,-6.028398513793945,-0.11057616770267487,-2.2233593463897705,0,-23.2979679107666,-0.39990234375,-1.3280420079827309,4.937500522980464,0.06162281938341346,-0.9026979841619731,5.019718362309902
1780771793436264900,-18.360467387786137,-0.33827952436658654,-2.230739992144704,-6.028398513793945,-0.11057616770267487,-2.2233593463897705,0,-23.2979679107666,-0.39990234375,-1.3280420079827309,4.937500522980464,0.06162281938341346,-0.9026979841619731,5.019718362309902
1780771793436264900,-18.360467387786137,-0.33827952436658654,-2.230739992144704,-6.028398513793945,-0.11057616770267487,-2.2233593463897705,0,-23.2979679107666,-0.39990234375,-1.3280420079827309,4.937500522980464,0.06162281938341346,-0.9026979841619731,5.019718362309902
1780771793436264900,-18.360467387786137,-0.33827952436658654,-2.230739992144704,-6.028398513793945,-0.11057616770267487,-2.2233593463897705,0,-23.2979679107666,-0.39990234375,-1.3280420079827309,4.937500522980464,0.06162281938341346,-0.9026979841619731,5.019718362309902
1780771793436264900,-18.360467387786137,-0.33827952436658654,-2.230739992144704,-6.028398513793945,-0.11057616770267487,-2.2233593463897705,0,-23.2979679107666,-0.39990234375,-1.3280420079827309,4.937500522980464,0.06162281938341346,-0.9026979841619731,5.019718362309902
1780771793436264900,-18.360467387786137,-0.33827952436658654,-2.230739992144704,-6.028398513793945,-0.11057616770267487,-2.2233593463897705,0,-23.2979679107666,-0.39990234375,-1.3280420079827309,4.937500522980464,0.06162281938341346,-0.9026979841619731,5.019718362309902
1780771793436264900,-18.36006744782476,-0.34021390652838257,-2.128312958656743,-6.028398513793945,-0.11057616770267487,-2.2233593463897705,0,-23.2979679107666,-0.39990234375,-1.3280420079827309,4.93790046294184,0.05968843722161743,-0.8002709506740122,5.002685007668571
1780771793436264900,-18.47166880051641,-0.34263578480663803,-2.1447631253590136,-6.139999866485596,-0.11299804598093033,-2.239809513092041,0,-23.2979679107666,-0.39990234375,-1.3280420079827309,4.82629911025019,0.05726655894336197,-0.8167211173762827,4.895250345380035
1780771793436264900,-18.47166880051641,-0.34263578480663803,-2.1447631253590136,-6.139999866485596,-0.11299804598093033,-2.239809513092041,0,-23.2979679107666,-0.39990234375,-1.3280420079827309,4.82629911025019,0.05726655894336197,-0.8167211173762827,4.895250345380035
1780771793436264900,-18.47166880051641,-0.34263578480663803,-2.1447631253590136,-6.139999866485596,-0.11299804598093033,-2.239809513092041,0,-23.2979679107666,-0.39990234375,-1.3280420079827309,4.82629911025019,0.05726655894336197,-0.8167211173762827,4.895250345380035
1780771793436264900,-18.47166880051641,-0.34263578480663803,-2.1447631253590136,-6.139999866485596,-0.11299804598093033,-2.239809513092041,0,-23.2979679107666,-0.39990234375,-1.3280420079827309,4.82629911025019,0.05726655894336197,-0.8167211173762827,4.895250345380035
1780771793436264900,-18.47166880051641,-0.34263578480663803,-2.1447631253590136,-6.139999866485596,-0.11299804598093033,-2.239809513092041,0,-23.2979679107666,-0.39990234375,-1.3280420079827309,4.82629911025019,0.05726655894336197,-0.8167211173762827,4.895250345380035
1780771793436264900,-18.47166880051641,-0.34263578480663803,-2.1447631253590136,-6.139999866485596,-0.11299804598093033,-2.239809513092041,0,-23.2979679107666,-0.39990234375,-1.3280420079827309,4.82629911025019,0.05726655894336197,-0.8167211173762827,4.895250345380035
1780771793469209700,-21.025068536268073,-0.18785337865106022,-2.1398639528179446,-6.195703029632568,-0.11420898139476776,-2.2475926876068115,0,-23.2979679107666,-0.39990234375,-1.3280420079827309,2.272899374498529,0.21204896509893978,-0.8118219448352137,2.422827109042526
1780771793469209700,-21.025068536268073,-0.18785337865106022,-2.1398639528179446,-6.195703029632568,-0.11420898139476776,-2.2475926876068115,0,-23.2979679107666,-0.39990234375,-1.3280420079827309,2.272899374498529,0.21204896509893978,-0.8118219448352137,2.422827109042526
1780771793469209700,-21.025068536268073,-0.18785337865106022,-2.1398639528179446,-6.195703029632568,-0.11420898139476776,-2.2475926876068115,0,-23.2979679107666,-0.39990234375,-1.3280420079827309,2.272899374498529,0.21204896509893978,-0.8118219448352137,2.422827109042526
1780771793469209700,-21.025068536268073,-0.18785337865106022,-2.1398639528179446,-6.195703029632568,-0.11420898139476776,-2.2475926876068115,0,-23.2979679107666,-0.39990234375,-1.3280420079827309,2.272899374498529,0.21204896509893978,-0.8118219448352137,2.422827109042526
1780771793469209700,-21.024491021790855,-0.18885392385738042,-2.078521332480762,-6.195703029632568,-0.11420898139476776,-2.2475926876068115,0,-23.2979679107666,-0.39990234375,-1.3280420079827309,2.273476888975747,0.21104841989261958,-0.750479324498031,2.40342626613446
1780771793469209700,-21.024491021790855,-0.18885392385738042,-2.078521332480762,-6.195703029632568,-0.11420898139476776,-2.2475926876068115,0,-23.2979679107666,-0.39990234375,-1.3280420079827309,2.273476888975747,0.21104841989261958,-0.750479324498031,2.40342626613446
1780771793469209700,-21.12597532049691,-0.19108048516528753,-2.0918758723519777,-6.297187328338623,-0.11643554270267487,-2.2609472274780273,0,-23.2979679107666,-0.39990234375,-1.3280420079827309,2.171992590269692,0.20882185858471247,-0.7638338643692468,2.311839214384616
1780771793469209700,-21.124283189095067,-0.19241199851919288,-1.9806505613581842,-6.297187328338623,-0.11643554270267487,-2.2609472274780273,0,-23.2979679107666,-0.39990234375,-1.3280420079827309,2.1736847216715347,0.20749034523080712,-0.6526085533754533,2.2790031672928976
1780771793469209700,-21.124283189095067,-0.19241199851919288,-1.9806505613581842,-6.297187328338623,-0.11643554270267487,-2.2609472274780273,0,-23.2979679107666,-0.39990234375,-1.3280420079827309,2.1736847216715347,0.20749034523080712,-0.6526085533754533,2.2790031672928976
1780771793469209700,-21.124283189095067,-0.19241199851919288,-1.9806505613581842,-6.297187328338623,-0.11643554270267487,-2.2609472274780273,0,-23.2979679107666,-0.39990234375,-1.3280420079827309,2.1736847216715347,0.20749034523080712,-0.6526085533754533,2.2790031672928976
1780771793469209700,-21.124283189095067,-0.19241199851919288,-1.9806505613581842,-6.297187328338623,-0.11643554270267487,-2.2609472274780273,0,-23.2979679107666,-0.39990234375,-1.3280420079827309,2.1736847216715347,0.20749034523080712,-0.6526085533754533,2.2790031672928976
1780771793469209700,-21.124283189095067,-0.19241199851919288,-1.9806505613581842,-6.297187328338623,-0.11643554270267487,-2.2609472274780273,0,-23.2979679107666,-0.39990234375,-1.3280420079827309,2.1736847216715347,0.20749034523080712,-0.6526085533754533,2.2790031672928976
1780771793469209700,-21.124283189095067,-0.19241199851919288,-1.9806505613581842,-6.297187328338623,-0.11643554270267487,-2.2609472274780273,0,-23.2979679107666,-0.39990234375,-1.3280420079827309,2.1736847216715347,0.20749034523080712,-0.6526085533754533,2.2790031672928976
1780771793469209700,-21.23237077449584,-0.19584328265514134,-1.8734854450540173,-6.408046722412109,-0.11887694895267487,-2.274238348007202,0,-23.2979679107666,-0.39990234375,-1.3280420079827309,2.0655971362707604,0.20405906109485866,-0.5454434370712864,2.1461221243976354
1780771793469209700,-21.23237077449584,-0.19584328265514134,-1.8734854450540173,-6.408046722412109,-0.11887694895267487,-2.274238348007202,0,-23.2979679107666,-0.39990234375,-1.3280420079827309,2.0655971362707604,0.20405906109485866,-0.5454434370712864,2.1461221243976354
1780771793469209700,-21.23237077449584,-0.19584328265514134,-1.8734854450540173,-6.408046722412109,-0.11887694895267487,-2.274238348007202,0,-23.2979679107666,-0.39990234375,-1.3280420079827309,2.0655971362707604,0.20405906109485866,-0.5454434370712864,2.1461221243976354
1780771793469209700,-21.23237077449584,-0.19584328265514134,-1.8734854450540173,-6.408046722412109,-0.11887694895267487,-2.274238348007202,0,-23.2979679107666,-0.39990234375,-1.3280420079827309,2.0655971362707604,0.20405906109485866,-0.5454434370712864,2.1461221243976354
1780771793469209700,-21.23237077449584,-0.19584328265514134,-1.8734854450540173,-6.408046722412109,-0.11887694895267487,-2.274238348007202,0,-23.2979679107666,-0.39990234375,-1.3280420079827309,2.0655971362707604,0.20405906109485866,-0.5454434370712864,2.1461221243976354
1780771793469209700,-21.23237077449584,-0.19584328265514134,-1.8734854450540173,-6.408046722412109,-0.11887694895267487,-2.274238348007202,0,-23.2979679107666,-0.39990234375,-1.3280420079827309,2.0655971362707604,0.20405906109485866,-0.5454434370712864,2.1461221243976354
1780771793502689400,-21.21721480254218,-0.17205742909832317,-1.5276661959107876,-6.408046722412109,-0.11887694895267487,-2.274238348007202,0,-23.2979679107666,-0.39990234375,-1.3280420079827309,2.080753108224421,0.22784491465167683,-0.1996241879280567,2.102687950915246
1780771793502689400,-21.21721480254218,-0.17205742909832317,-1.5276661959107876,-6.408046722412109,-0.11887694895267487,-2.274238348007202,0,-23.2979679107666,-0.39990234375,-1.3280420079827309,2.080753108224421,0.22784491465167683,-0.1996241879280567,2.102687950915246
1780771793502689400,-21.21721480254218,-0.17205742909832317,-1.5276661959107876,-6.408046722412109,-0.11887694895267487,-2.274238348007202,0,-23.2979679107666,-0.39990234375,-1.3280420079827309,2.080753108224421,0.22784491465167683,-0.1996241879280567,2.102687950915246
1780771793502689400,-21.21721480254218,-0.17205742909832317,-1.5276661959107876,-6.408046722412109,-0.11887694895267487,-2.274238348007202,0,-23.2979679107666,-0.39990234375,-1.3280420079827309,2.080753108224421,0.22784491465167683,-0.1996241879280567,2.102687950915246
1780771793502689400,-21.21721480254218,-0.17205742909832317,-1.5276661959107876,-6.408046722412109,-0.11887694895267487,-2.274238348007202,0,-23.2979679107666,-0.39990234375,-1.3280420079827309,2.080753108224421,0.22784491465167683,-0.1996241879280567,2.102687950915246
1780771793502689400,-21.214077553817734,-0.17278188910728076,-1.467886908378813,-6.408046722412109,-0.11887694895267487,-2.274238348007202,0,-23.2979679107666,-0.39990234375,-1.3280420079827309,2.083890356948867,0.22712045464271924,-0.13984490039608222,2.1008901248919187
1780771793502689400,-21.366694531509385,-0.17615103420262912,-1.4840879276659225,-6.56066370010376,-0.12224609404802322,-2.2904393672943115,0,-23.2979679107666,-0.39990234375,-1.3280420079827309,1.9312733792572168,0.22375130954737088,-0.1560459196831916,1.9504440117577142
1780771793502689400,-21.366694531509385,-0.17615103420262912,-1.4840879276659225,-6.56066370010376,-0.12224609404802322,-2.2904393672943115,0,-23.2979679107666,-0.39990234375,-1.3280420079827309,1.9312733792572168,0.22375130954737088,-0.1560459196831916,1.9504440117577142
1780771793502689400,-21.366694531509385,-0.17615103420262912,-1.4840879276659225,-6.56066370010376,-0.12224609404802322,-2.2904393672943115,0,-23.2979679107666,-0.39990234375,-1.3280420079827309,1.9312733792572168,0.22375130954737088,-0.1560459196831916,1.9504440117577142
1780771793502689400,-21.366694531509385,-0.17615103420262912,-1.4840879276659225,-6.56066370010376,-0.12224609404802322,-2.2904393672943115,0,-23.2979679107666,-0.39990234375,-1.3280420079827309,1.9312733792572168,0.22375130954737088,-0.1560459196831916,1.9504440117577142
1780771793502689400,-21.366694531509385,-0.17615103420262912,-1.4840879276659225,-6.56066370010376,-0.12224609404802322,-2.2904393672943115,0,-23.2979679107666,-0.39990234375,-1.3280420079827309,1.9312733792572168,0.22375130954737088,-0.1560459196831916,1.9504440117577142
1780771793502689400,-21.366694531509385,-0.17615103420262912,-1.4840879276659225,-6.56066370010376,-0.12224609404802322,-2.2904393672943115,0,-23.2979679107666,-0.39990234375,-1.3280420079827309,1.9312733792572168,0.22375130954737088,-0.1560459196831916,1.9504440117577142
1780771793502689400,-21.356874061398607,-0.17901631504891605,-1.3205973937664965,-6.56066370010376,-0.12224609404802322,-2.2904393672943115,0,-23.2979679107666,-0.39990234375,-1.3280420079827309,1.941093849367995,0.22088602870108395,0.007444614216234324,1.9536354296568295
1780771793502689400,-21.356874061398607,-0.17901631504891605,-1.3205973937664965,-6.56066370010376,-0.12224609404802322,-2.2904393672943115,0,-23.2979679107666,-0.39990234375,-1.3280420079827309,1.941093849367995,0.22088602870108395,0.007444614216234324,1.9536354296568295
1780771793502689400,-21.411991668515306,-0.18023701817391605,-1.3258611991559008,-6.615781307220459,-0.12346679717302322,-2.295703172683716,0,-23.2979679107666,-0.39990234375,-1.3280420079827309,1.8859762422512958,0.21966532557608395,0.0021808088268300274,1.898726941275102
1780771793502689400,-21.411991668515306,-0.18023701817391605,-1.3258611991559008,-6.615781307220459,-0.12346679717302322,-2.295703172683716,0,-23.2979679107666,-0.39990234375,-1.3280420079827309,1.8859762422512958,0.21966532557608395,0.0021808088268300274,1.898726941275102
1780771793502689400,-21.411991668515306,-0.18023701817391605,-1.3258611991559008,-6.615781307220459,-0.12346679717302322,-2.295703172683716,0,-23.2979679107666,-0.39990234375,-1.3280420079827309,1.8859762422512958,0.21966532557608395,0.0021808088268300274,1.898726941275102
1780771793502689400,-21.40801127641801,-0.1816022639240671,-1.267009742561186,-6.615781307220459,-0.12346679717302322,-2.295703172683716,0,-23.2979679107666,-0.39990234375,-1.3280420079827309,1.889956634348593,0.2183000798259329,0.06103226542154494,1.9035009697903376
1780771793502689400,-21.40801127641801,-0.1816022639240671,-1.267009742561186,-6.615781307220459,-0.12346679717302322,-2.295703172683716,0,-23.2979679107666,-0.39990234375,-1.3280420079827309,1.889956634348593,0.2183000798259329,0.06103226542154494,1.9035009697903376
1780771793502689400,-21.40801127641801,-0.1816022639240671,-1.267009742561186,-6.615781307220459,-0.12346679717302322,-2.295703172683716,0,-23.2979679107666,-0.39990234375,-1.3280420079827309,1.889956634348593,0.2183000798259329,0.06103226542154494,1.9035009697903376
1780771793502689400,-21.463050205403604,-0.1828229670490671,-1.27196574956497,-6.670820236206055,-0.12468750029802322,-2.3006591796875,0,-23.2979679107666,-0.39990234375,-1.3280420079827309,1.8349177053629973,0.2170793767009329,0.05607625841776076,1.8485645750153301
1780771793502689400,-21.463050205403604,-0.1828229670490671,-1.27196574956497,-6.670820236206055,-0.12468750029802322,-2.3006591796875,0,-23.2979679107666,-0.39990234375,-1.3280420079827309,1.8349177053629973,0.2170793767009329,0.05607625841776076,1.8485645750153301
1780771793502689400,-21.463050205403604,-0.1828229670490671,-1.27196574956497,-6.670820236206055,-0.12468750029802322,-2.3006591796875,0,-23.2979679107666,-0.39990234375,-1.3280420079827309,1.8349177053629973,0.2170793767009329,0.05607625841776076,1.8485645750153301
1780771793535803200,-21.30853107459888,-0.21499701024327428,-0.9310199600674345,-6.670820236206055,-0.12468750029802322,-2.3006591796875,0,-23.2979679107666,-0.39990234375,-1.3280420079827309,1.989436836167723,0.18490533350672572,0.3970220479152964,2.0370752106859307
1780771793535803200,-21.30853107459888,-0.21499701024327428,-0.9310199600674345,-6.670820236206055,-0.12468750029802322,-2.3006591796875,0,-23.2979679107666,-0.39990234375,-1.3280420079827309,1.989436836167723,0.18490533350672572,0.3970220479152964,2.0370752106859307
1780771793535803200,-21.30853107459888,-0.21499701024327428,-0.9310199600674345,-6.670820236206055,-0.12468750029802322,-2.3006591796875,0,-23.2979679107666,-0.39990234375,-1.3280420079827309,1.989436836167723,0.18490533350672572,0.3970220479152964,2.0370752106859307
1780771793535803200,-21.30853107459888,-0.21499701024327428,-0.9310199600674345,-6.670820236206055,-0.12468750029802322,-2.3006591796875,0,-23.2979679107666,-0.39990234375,-1.3280420079827309,1.989436836167723,0.18490533350672572,0.3970220479152964,2.0370752106859307
1780771793535803200,-21.36349180229053,-0.21621770591769368,-0.9356684071041776,-6.725780963897705,-0.12590819597244263,-2.305307626724243,0,-23.2979679107666,-0.39990234375,-1.3280420079827309,1.9344761084760727,0.18368463783230632,0.3923736008785532,1.9823962527977894
1780771793535803200,-21.36349180229053,-0.21621770591769368,-0.9356684071041776,-6.725780963897705,-0.12590819597244263,-2.305307626724243,0,-23.2979679107666,-0.39990234375,-1.3280420079827309,1.9344761084760727,0.18368463783230632,0.3923736008785532,1.9823962527977894
1780771793535803200,-21.35346544311681,-0.2191612385500315,-0.8326241460084507,-6.725780963897705,-0.12590819597244263,-2.305307626724243,0,-23.2979679107666,-0.39990234375,-1.3280420079827309,1.9445024676497908,0.1807411051999685,0.49541786197428017,2.014744661680035
1780771793535803200,-21.35346544311681,-0.2191612385500315,-0.8326241460084507,-6.725780963897705,-0.12590819597244263,-2.305307626724243,0,-23.2979679107666,-0.39990234375,-1.3280420079827309,1.9445024676497908,0.1807411051999685,0.49541786197428017,2.014744661680035
1780771793535803200,-21.35346544311681,-0.2191612385500315,-0.8326241460084507,-6.725780963897705,-0.12590819597244263,-2.305307626724243,0,-23.2979679107666,-0.39990234375,-1.3280420079827309,1.9445024676497908,0.1807411051999685,0.49541786197428017,2.014744661680035
1780771793535803200,-21.35346544311681,-0.2191612385500315,-0.8326241460084507,-6.725780963897705,-0.12590819597244263,-2.305307626724243,0,-23.2979679107666,-0.39990234375,-1.3280420079827309,1.9445024676497908,0.1807411051999685,0.49541786197428017,2.014744661680035
1780771793535803200,-21.35346544311681,-0.2191612385500315,-0.8326241460084507,-6.725780963897705,-0.12590819597244263,-2.305307626724243,0,-23.2979679107666,-0.39990234375,-1.3280420079827309,1.9445024676497908,0.1807411051999685,0.49541786197428017,2.014744661680035
1780771793535803200,-21.50651252792516,-0.22256944703944953,-0.8440448727845737,-6.878828048706055,-0.12931640446186066,-2.316728353500366,0,-23.2979679107666,-0.39990234375,-1.3280420079827309,1.7914553828414412,0.17733289671055047,0.4839971351981571,1.8641385602597658
1780771793535803200,-21.500624824926795,-0.22426937244834233,-0.786797323459437,-6.878828048706055,-0.12931640446186066,-2.316728353500366,0,-23.2979679107666,-0.39990234375,-1.3280420079827309,1.797343085839806,0.17563297130165767,0.5412446845232939,1.8852678635539104
1780771793535803200,-21.500624824926795,-0.22426937244834233,-0.786797323459437,-6.878828048706055,-0.12931640446186066,-2.316728353500366,0,-23.2979679107666,-0.39990234375,-1.3280420079827309,1.797343085839806,0.17563297130165767,0.5412446845232939,1.8852678635539104
1780771793535803200,-21.500624824926795,-0.22426937244834233,-0.786797323459437,-6.878828048706055,-0.12931640446186066,-2.316728353500366,0,-23.2979679107666,-0.39990234375,-1.3280420079827309,1.797343085839806,0.17563297130165767,0.5412446845232939,1.8852678635539104
1780771793535803200,-21.500624824926795,-0.22426937244834233,-0.786797323459437,-6.878828048706055,-0.12931640446186066,-2.316728353500366,0,-23.2979679107666,-0.39990234375,-1.3280420079827309,1.797343085839806,0.17563297130165767,0.5412446845232939,1.8852678635539104
1780771793535803200,-21.500624824926795,-0.22426937244834233,-0.786797323459437,-6.878828048706055,-0.12931640446186066,-2.316728353500366,0,-23.2979679107666,-0.39990234375,-1.3280420079827309,1.797343085839806,0.17563297130165767,0.5412446845232939,1.8852678635539104
1780771793535803200,-21.549218284375428,-0.22715697784995953,-0.733276227765608,-6.933515548706055,-0.13053710758686066,-2.320268392562866,0,-23.2979679107666,-0.39990234375,-1.3280420079827309,1.7487496263911737,0.17274536590004047,0.5947657802171229,1.8551853143447667
1780771793535803200,-21.549218284375428,-0.22715697784995953,-0.733276227765608,-6.933515548706055,-0.13053710758686066,-2.320268392562866,0,-23.2979679107666,-0.39990234375,-1.3280420079827309,1.7487496263911737,0.17274536590004047,0.5947657802171229,1.8551853143447667
1780771793535803200,-21.549218284375428,-0.22715697784995953,-0.733276227765608,-6.933515548706055,-0.13053710758686066,-2.320268392562866,0,-23.2979679107666,-0.39990234375,-1.3280420079827309,1.7487496263911737,0.17274536590004047,0.5947657802171229,1.8551853143447667
1780771793535803200,-21.549218284375428,-0.22715697784995953,-0.733276227765608,-6.933515548706055,-0.13053710758686066,-2.320268392562866,0,-23.2979679107666,-0.39990234375,-1.3280420079827309,1.7487496263911737,0.17274536590004047,0.5947657802171229,1.8551853143447667
1780771793535803200,-21.549218284375428,-0.22715697784995953,-0.733276227765608,-6.933515548706055,-0.13053710758686066,-2.320268392562866,0,-23.2979679107666,-0.39990234375,-1.3280420079827309,1.7487496263911737,0.17274536590004047,0.5947657802171229,1.8551853143447667
1780771793569063200,-21.383279649928355,-0.22247770560306396,-0.4609640358171201,-6.933515548706055,-0.13053710758686066,-2.320268392562866,0,-23.2979679107666,-0.39990234375,-1.3280420079827309,1.914688260838247,0.17742463814693604,0.8670779721656108,2.10934464899129
1780771793569063200,-21.383279649928355,-0.22247770560306396,-0.4609640358171201,-6.933515548706055,-0.13053710758686066,-2.320268392562866,0,-23.2979679107666,-0.39990234375,-1.3280420079827309,1.914688260838247,0.17742463814693604,0.8670779721656108,2.10934464899129
1780771793569063200,-21.375931032463605,-0.22418602459018291,-0.40480155118598815,-6.933515548706055,-0.13053710758686066,-2.320268392562866,0,-23.2979679107666,-0.39990234375,-1.3280420079827309,1.9220368783029969,0.17571631915981709,0.9232404567967427,2.139503430107571
1780771793569063200,-21.430579431816632,-0.22540672771518291,-0.40806836255683776,-6.988163948059082,-0.13175781071186066,-2.323535203933716,0,-23.2979679107666,-0.39990234375,-1.3280420079827309,1.8673884789499695,0.17449561603481709,0.9199736454258931,2.08900453795789
1780771793569063200,-21.430579431816632,-0.22540672771518291,-0.40806836255683776,-6.988163948059082,-0.13175781071186066,-2.323535203933716,0,-23.2979679107666,-0.39990234375,-1.3280420079827309,1.8673884789499695,0.17449561603481709,0.9199736454258931,2.08900453795789
1780771793569063200,-21.430579431816632,-0.22540672771518291,-0.40806836255683776,-6.988163948059082,-0.13175781071186066,-2.323535203933716,0,-23.2979679107666,-0.39990234375,-1.3280420079827309,1.8673884789499695,0.17449561603481709,0.9199736454258931,2.08900453795789
1780771793569063200,-21.416598383872973,-0.22843065153870884,-0.30559505645255847,-6.988163948059082,-0.13175781071186066,-2.323535203933716,0,-23.2979679107666,-0.39990234375,-1.3280420079827309,1.8813695268936286,0.17147169221129116,1.0224469515301724,2.1481041889645627
1780771793569063200,-21.416598383872973,-0.22843065153870884,-0.30559505645255847,-6.988163948059082,-0.13175781071186066,-2.323535203933716,0,-23.2979679107666,-0.39990234375,-1.3280420079827309,1.8813695268936286,0.17147169221129116,1.0224469515301724,2.1481041889645627
1780771793569063200,-21.416598383872973,-0.22843065153870884,-0.30559505645255847,-6.988163948059082,-0.13175781071186066,-2.323535203933716,0,-23.2979679107666,-0.39990234375,-1.3280420079827309,1.8813695268936286,0.17147169221129116,1.0224469515301724,2.1481041889645627
1780771793569063200,-21.571324889152514,-0.23189745139394108,-0.31346596900443835,-7.142890453338623,-0.1352246105670929,-2.3314061164855957,0,-23.2979679107666,-0.39990234375,-1.3280420079827309,1.7266430216140876,0.16800489235605892,1.0145760389782925,2.009698063593902
1780771793569063200,-21.571324889152514,-0.23189745139394108,-0.31346596900443835,-7.142890453338623,-0.1352246105670929,-2.3314061164855957,0,-23.2979679107666,-0.39990234375,-1.3280420079827309,1.7266430216140876,0.16800489235605892,1.0145760389782925,2.009698063593902
1780771793569063200,-21.571324889152514,-0.23189745139394108,-0.31346596900443835,-7.142890453338623,-0.1352246105670929,-2.3314061164855957,0,-23.2979679107666,-0.39990234375,-1.3280420079827309,1.7266430216140876,0.16800489235605892,1.0145760389782925,2.009698063593902
1780771793569063200,-21.563468848035114,-0.2334952418411418,-0.2581454018161349,-7.142890453338623,-0.1352246105670929,-2.3314061164855957,0,-23.2979679107666,-0.39990234375,-1.3280420079827309,1.7344990627314871,0.1664071019088582,1.069896606166596,2.0447144226196756
1780771793569063200,-21.563468848035114,-0.2334952418411418,-0.2581454018161349,-7.142890453338623,-0.1352246105670929,-2.3314061164855957,0,-23.2979679107666,-0.39990234375,-1.3280420079827309,1.7344990627314871,0.1664071019088582,1.069896606166596,2.0447144226196756
1780771793569063200,-21.563468848035114,-0.2334952418411418,-0.2581454018161349,-7.142890453338623,-0.1352246105670929,-2.3314061164855957,0,-23.2979679107666,-0.39990234375,-1.3280420079827309,1.7344990627314871,0.1664071019088582,1.069896606166596,2.0447144226196756
1780771793569063200,-21.563468848035114,-0.2334952418411418,-0.2581454018161349,-7.142890453338623,-0.1352246105670929,-2.3314061164855957,0,-23.2979679107666,-0.39990234375,-1.3280420079827309,1.7344990627314871,0.1664071019088582,1.069896606166596,2.0447144226196756
1780771793569063200,-21.61784401969649,-0.23472570522672376,-0.2604354122684054,-7.197265625,-0.13645507395267487,-2.333696126937866,0,-23.2979679107666,-0.39990234375,-1.3280420079827309,1.6801238910701102,0.16517663852327624,1.0676065957143255,1.9974692624596624
1780771793569063200,-21.61784401969649,-0.23472570522672376,-0.2604354122684054,-7.197265625,-0.13645507395267487,-2.333696126937866,0,-23.2979679107666,-0.39990234375,-1.3280420079827309,1.6801238910701102,0.16517663852327624,1.0676065957143255,1.9974692624596624
1780771793569063200,-21.609801856301118,-0.23631061863386071,-0.20532195936792652,-7.197265625,-0.13645507395267487,-2.333696126937866,0,-23.2979679107666,-0.39990234375,-1.3280420079827309,1.6881660544654835,0.16359172511613929,1.1227200486148043,2.034002750130309
1780771793569063200,-21.609801856301118,-0.23631061863386071,-0.20532195936792652,-7.197265625,-0.13645507395267487,-2.333696126937866,0,-23.2979679107666,-0.39990234375,-1.3280420079827309,1.6881660544654835,0.16359172511613929,1.1227200486148043,2.034002750130309
1780771793569063200,-21.609801856301118,-0.23631061863386071,-0.20532195936792652,-7.197265625,-0.13645507395267487,-2.333696126937866,0,-23.2979679107666,-0.39990234375,-1.3280420079827309,1.6881660544654835,0.16359172511613929,1.1227200486148043,2.034002750130309
1780771793602612000,-21.576776294182768,-0.24910234725702995,0.09368222141719418,-7.197265625,-0.13645507395267487,-2.333696126937866,0,-23.2979679107666,-0.39990234375,-1.3280420079827309,1.721191616583834,0.15079999649297005,1.421724229399925,2.237530112513251
1780771793602612000,-21.576776294182768,-0.24910234725702995,0.09368222141719418,-7.197265625,-0.13645507395267487,-2.333696126937866,0,-23.2979679107666,-0.39990234375,-1.3280420079827309,1.721191616583834,0.15079999649297005,1.421724229399925,2.237530112513251
1780771793602612000,-21.6217528359881,-0.2519926255136917,0.14636067719671741,-7.251601219177246,-0.13768553733825684,-2.335747003555298,0,-23.2979679107666,-0.39990234375,-1.3280420079827309,1.6762150747785007,0.14790971823630827,1.4744026851794483,2.2372835179582866
1780771793602612000,-21.6217528359881,-0.2519926255136917,0.14636067719671741,-7.251601219177246,-0.13768553733825684,-2.335747003555298,0,-23.2979679107666,-0.39990234375,-1.3280420079827309,1.6762150747785007,0.14790971823630827,1.4744026851794483,2.2372835179582866
1780771793602612000,-21.6217528359881,-0.2519926255136917,0.14636067719671741,-7.251601219177246,-0.13768553733825684,-2.335747003555298,0,-23.2979679107666,-0.39990234375,-1.3280420079827309,1.6762150747785007,0.14790971823630827,1.4744026851794483,2.2372835179582866
1780771793602612000,-21.6217528359881,-0.2519926255136917,0.14636067719671741,-7.251601219177246,-0.13768553733825684,-2.335747003555298,0,-23.2979679107666,-0.39990234375,-1.3280420079827309,1.6762150747785007,0.14790971823630827,1.4744026851794483,2.2372835179582866
1780771793602612000,-21.6217528359881,-0.2519926255136917,0.14636067719671741,-7.251601219177246,-0.13768553733825684,-2.335747003555298,0,-23.2979679107666,-0.39990234375,-1.3280420079827309,1.6762150747785007,0.14790971823630827,1.4744026851794483,2.2372835179582866
1780771793602612000,-21.6217528359881,-0.2519926255136917,0.14636067719671741,-7.251601219177246,-0.13768553733825684,-2.335747003555298,0,-23.2979679107666,-0.39990234375,-1.3280420079827309,1.6762150747785007,0.14790971823630827,1.4744026851794483,2.2372835179582866
1780771793602612000,-21.604802167551654,-0.2549303672180367,0.24244195865001705,-7.251601219177246,-0.13768553733825684,-2.335747003555298,0,-23.2979679107666,-0.39990234375,-1.3280420079827309,1.6931657432149478,0.1449719765319633,1.570483966632748,2.31392458767064
1780771793602612000,-21.604802167551654,-0.2549303672180367,0.24244195865001705,-7.251601219177246,-0.13768553733825684,-2.335747003555298,0,-23.2979679107666,-0.39990234375,-1.3280420079827309,1.6931657432149478,0.1449719765319633,1.570483966632748,2.31392458767064
1780771793602612000,-21.70073989643349,-0.2570983371601296,0.23935610698070553,-7.347538948059082,-0.13985350728034973,-2.3388328552246094,0,-23.2979679107666,-0.39990234375,-1.3280420079827309,1.597228014333112,0.1428040065898704,1.5673981149634364,2.242379799422825
1780771793602612000,-21.70073989643349,-0.2570983371601296,0.23935610698070553,-7.347538948059082,-0.13985350728034973,-2.3388328552246094,0,-23.2979679107666,-0.39990234375,-1.3280420079827309,1.597228014333112,0.1428040065898704,1.5673981149634364,2.242379799422825
1780771793602612000,-21.70073989643349,-0.2570983371601296,0.23935610698070553,-7.347538948059082,-0.13985350728034973,-2.3388328552246094,0,-23.2979679107666,-0.39990234375,-1.3280420079827309,1.597228014333112,0.1428040065898704,1.5673981149634364,2.242379799422825
1780771793602612000,-21.70073989643349,-0.2570983371601296,0.23935610698070553,-7.347538948059082,-0.13985350728034973,-2.3388328552246094,0,-23.2979679107666,-0.39990234375,-1.3280420079827309,1.597228014333112,0.1428040065898704,1.5673981149634364,2.242379799422825
1780771793602612000,-21.690932449898845,-0.25876850587810757,0.2932963615647548,-7.347538948059082,-0.13985350728034973,-2.3388328552246094,0,-23.2979679107666,-0.39990234375,-1.3280420079827309,1.6070354608677562,0.14113383787189243,1.6213383695474857,2.2871860093236385
1780771793602612000,-21.690932449898845,-0.25876850587810757,0.2932963615647548,-7.347538948059082,-0.13985350728034973,-2.3388328552246094,0,-23.2979679107666,-0.39990234375,-1.3280420079827309,1.6070354608677562,0.14113383787189243,1.6213383695474857,2.2871860093236385
1780771793602612000,-21.690932449898845,-0.25876850587810757,0.2932963615647548,-7.347538948059082,-0.13985350728034973,-2.3388328552246094,0,-23.2979679107666,-0.39990234375,-1.3280420079827309,1.6070354608677562,0.14113383787189243,1.6213383695474857,2.2871860093236385
1780771793602612000,-21.799174484810955,-0.2612294475504327,0.2906594520798915,-7.455780982971191,-0.14231444895267487,-2.3414697647094727,0,-23.2979679107666,-0.39990234375,-1.3280420079827309,1.4987934259556468,0.1386728961995673,1.6187014600626224,2.2103860121338776
1780771793602612000,-21.799174484810955,-0.2612294475504327,0.2906594520798915,-7.455780982971191,-0.14231444895267487,-2.3414697647094727,0,-23.2979679107666,-0.39990234375,-1.3280420079827309,1.4987934259556468,0.1386728961995673,1.6187014600626224,2.2103860121338776
1780771793602612000,-21.799174484810955,-0.2612294475504327,0.2906594520798915,-7.455780982971191,-0.14231444895267487,-2.3414697647094727,0,-23.2979679107666,-0.39990234375,-1.3280420079827309,1.4987934259556468,0.1386728961995673,1.6187014600626224,2.2103860121338776
1780771793602612000,-21.78919432034518,-0.262903164262402,0.3444011557027986,-7.455780982971191,-0.14231444895267487,-2.3414697647094727,0,-23.2979679107666,-0.39990234375,-1.3280420079827309,1.50877359042142,0.136999179487598,1.6724431636855295,2.256597584438103
1780771793602612000,-21.78919432034518,-0.262903164262402,0.3444011557027986,-7.455780982971191,-0.14231444895267487,-2.3414697647094727,0,-23.2979679107666,-0.39990234375,-1.3280420079827309,1.50877359042142,0.136999179487598,1.6724431636855295,2.256597584438103
1780771793602612000,-21.78919432034518,-0.262903164262402,0.3444011557027986,-7.455780982971191,-0.14231444895267487,-2.3414697647094727,0,-23.2979679107666,-0.39990234375,-1.3280420079827309,1.50877359042142,0.136999179487598,1.6724431636855295,2.256597584438103
1780771793635764200,-21.484687933662528,-0.2355627340473872,0.5939462280063221,-7.509804725646973,-0.14354491233825684,-2.342465877532959,0,-23.2979679107666,-0.39990234375,-1.3280420079827309,1.8132799771040737,0.1643396097026128,1.921988235989053,2.647457376798363
1780771793635764200,-21.484687933662528,-0.2355627340473872,0.5939462280063221,-7.509804725646973,-0.14354491233825684,-2.342465877532959,0,-23.2979679107666,-0.39990234375,-1.3280420079827309,1.8132799771040737,0.1643396097026128,1.921988235989053,2.647457376798363
1780771793635764200,-21.484687933662528,-0.2355627340473872,0.5939462280063221,-7.509804725646973,-0.14354491233825684,-2.342465877532959,0,-23.2979679107666,-0.39990234375,-1.3280420079827309,1.8132799771040737,0.1643396097026128,1.921988235989053,2.647457376798363
1780771793635764200,-21.473614619841094,-0.2372753571359239,0.6461076707119622,-7.509804725646973,-0.14354491233825684,-2.342465877532959,0,-23.2979679107666,-0.39990234375,-1.3280420079827309,1.824353290925508,0.1626269866140761,1.974149678694693,2.6929499476923566
1780771793635764200,-21.473614619841094,-0.2372753571359239,0.6461076707119622,-7.509804725646973,-0.14354491233825684,-2.342465877532959,0,-23.2979679107666,-0.39990234375,-1.3280420079827309,1.824353290925508,0.1626269866140761,1.974149678694693,2.6929499476923566
1780771793635764200,-21.473614619841094,-0.2372753571359239,0.6461076707119622,-7.509804725646973,-0.14354491233825684,-2.342465877532959,0,-23.2979679107666,-0.39990234375,-1.3280420079827309,1.824353290925508,0.1626269866140761,1.974149678694693,2.6929499476923566
1780771793635764200,-21.473614619841094,-0.2372753571359239,0.6461076707119622,-7.509804725646973,-0.14354491233825684,-2.342465877532959,0,-23.2979679107666,-0.39990234375,-1.3280420079827309,1.824353290925508,0.1626269866140761,1.974149678694693,2.6929499476923566
1780771793635764200,-21.569004939665312,-0.2394433270780168,0.6448333234066643,-7.605195045471191,-0.14571288228034973,-2.343740224838257,0,-23.2979679107666,-0.39990234375,-1.3280420079827309,1.7289629711012893,0.1604590166719832,1.9728753313893952,2.628173724219073
1780771793635764200,-21.569004939665312,-0.2394433270780168,0.6448333234066643,-7.605195045471191,-0.14571288228034973,-2.343740224838257,0,-23.2979679107666,-0.39990234375,-1.3280420079827309,1.7289629711012893,0.1604590166719832,1.9728753313893952,2.628173724219073
1780771793635764200,-21.537545591371135,-0.2441790269924741,0.7880734182848301,-7.605195045471191,-0.14571288228034973,-2.343740224838257,0,-23.2979679107666,-0.39990234375,-1.3280420079827309,1.7604223193954667,0.1557233167575259,2.116115426267561,2.7570420728192055
1780771793635764200,-21.537545591371135,-0.2441790269924741,0.7880734182848301,-7.605195045471191,-0.14571288228034973,-2.343740224838257,0,-23.2979679107666,-0.39990234375,-1.3280420079827309,1.7604223193954667,0.1557233167575259,2.116115426267561,2.7570420728192055
1780771793635764200,-21.537545591371135,-0.2441790269924741,0.7880734182848301,-7.605195045471191,-0.14571288228034973,-2.343740224838257,0,-23.2979679107666,-0.39990234375,-1.3280420079827309,1.7604223193954667,0.1557233167575259,2.116115426267561,2.7570420728192055
1780771793635764200,-21.537545591371135,-0.2441790269924741,0.7880734182848301,-7.605195045471191,-0.14571288228034973,-2.343740224838257,0,-23.2979679107666,-0.39990234375,-1.3280420079827309,1.7604223193954667,0.1557233167575259,2.116115426267561,2.7570420728192055
1780771793635764200,-21.633581274721603,-0.2483815914648188,0.8386157270314949,-7.712851524353027,-0.14817382395267487,-2.3443994522094727,0,-23.2979679107666,-0.39990234375,-1.3280420079827309,1.6643866360449984,0.1515207522851812,2.1666577350142258,2.7363382746501257
1780771793635764200,-21.633581274721603,-0.2483815914648188,0.8386157270314949,-7.712851524353027,-0.14817382395267487,-2.3443994522094727,0,-23.2979679107666,-0.39990234375,-1.3280420079827309,1.6643866360449984,0.1515207522851812,2.1666577350142258,2.7363382746501257
1780771793635764200,-21.633581274721603,-0.2483815914648188,0.8386157270314949,-7.712851524353027,-0.14817382395267487,-2.3443994522094727,0,-23.2979679107666,-0.39990234375,-1.3280420079827309,1.6643866360449984,0.1515207522851812,2.1666577350142258,2.7363382746501257
1780771793635764200,-21.633581274721603,-0.2483815914648188,0.8386157270314949,-7.712851524353027,-0.14817382395267487,-2.3443994522094727,0,-23.2979679107666,-0.39990234375,-1.3280420079827309,1.6643866360449984,0.1515207522851812,2.1666577350142258,2.7363382746501257
1780771793635764200,-21.633581274721603,-0.2483815914648188,0.8386157270314949,-7.712851524353027,-0.14817382395267487,-2.3443994522094727,0,-23.2979679107666,-0.39990234375,-1.3280420079827309,1.6643866360449984,0.1515207522851812,2.1666577350142258,2.7363382746501257
1780771793635764200,-21.633581274721603,-0.2483815914648188,0.8386157270314949,-7.712851524353027,-0.14817382395267487,-2.3443994522094727,0,-23.2979679107666,-0.39990234375,-1.3280420079827309,1.6643866360449984,0.1515207522851812,2.1666577350142258,2.7363382746501257
1780771793635764200,-21.633581274721603,-0.2483815914648188,0.8386157270314949,-7.712851524353027,-0.14817382395267487,-2.3443994522094727,0,-23.2979679107666,-0.39990234375,-1.3280420079827309,1.6643866360449984,0.1515207522851812,2.1666577350142258,2.7363382746501257
1780771793635764200,-21.633581274721603,-0.2483815914648188,0.8386157270314949,-7.712851524353027,-0.14817382395267487,-2.3443994522094727,0,-23.2979679107666,-0.39990234375,-1.3280420079827309,1.6643866360449984,0.1515207522851812,2.1666577350142258,2.7363382746501257
1780771793635764200,-21.633581274721603,-0.2483815914648188,0.8386157270314949,-7.712851524353027,-0.14817382395267487,-2.3443994522094727,0,-23.2979679107666,-0.39990234375,-1.3280420079827309,1.6643866360449984,0.1515207522851812,2.1666577350142258,2.7363382746501257
1780771793668908300,-21.441988240758498,-0.2762598909080963,1.0435643101077772,-7.712851524353027,-0.14817382395267487,-2.3443994522094727,0,-23.2979679107666,-0.39990234375,-1.3280420079827309,1.8559796700081037,0.12364245284190373,2.371606318090508,3.014044545064815
1780771793668908300,-21.441988240758498,-0.2762598909080963,1.0435643101077772,-7.712851524353027,-0.14817382395267487,-2.3443994522094727,0,-23.2979679107666,-0.39990234375,-1.3280420079827309,1.8559796700081037,0.12364245284190373,2.371606318090508,3.014044545064815
1780771793668908300,-21.441988240758498,-0.2762598909080963,1.0435643101077772,-7.712851524353027,-0.14817382395267487,-2.3443994522094727,0,-23.2979679107666,-0.39990234375,-1.3280420079827309,1.8559796700081037,0.12364245284190373,2.371606318090508,3.014044545064815
1780771793668908300,-21.42947848629867,-0.2780770961751464,1.093793299770491,-7.712851524353027,-0.14817382395267487,-2.3443994522094727,0,-23.2979679107666,-0.39990234375,-1.3280420079827309,1.8684894244679313,0.12182524757485358,2.4218353077532218,3.0612710396460026
1780771793668908300,-21.42947848629867,-0.2780770961751464,1.093793299770491,-7.712851524353027,-0.14817382395267487,-2.3443994522094727,0,-23.2979679107666,-0.39990234375,-1.3280420079827309,1.8684894244679313,0.12182524757485358,2.4218353077532218,3.0612710396460026
1780771793668908300,-21.579830010651698,-0.28151460034747156,1.094169285869734,-7.863203048706055,-0.151611328125,-2.3440234661102295,0,-23.2979679107666,-0.39990234375,-1.3280420079827309,1.718137900114904,0.11838774340252844,2.422211293852465,2.9720567043153174
1780771793668908300,-21.579830010651698,-0.28151460034747156,1.094169285869734,-7.863203048706055,-0.151611328125,-2.3440234661102295,0,-23.2979679107666,-0.39990234375,-1.3280420079827309,1.718137900114904,0.11838774340252844,2.422211293852465,2.9720567043153174
1780771793668908300,-21.579830010651698,-0.28151460034747156,1.094169285869734,-7.863203048706055,-0.151611328125,-2.3440234661102295,0,-23.2979679107666,-0.39990234375,-1.3280420079827309,1.718137900114904,0.11838774340252844,2.422211293852465,2.9720567043153174
1780771793668908300,-21.55703800318787,-0.2848786798892492,1.1837270247042255,-7.863203048706055,-0.151611328125,-2.3440234661102295,0,-23.2979679107666,-0.39990234375,-1.3280420079827309,1.7409299075787317,0.1150236638607508,2.5117690326869564,3.05827583123485
1780771793668908300,-21.55703800318787,-0.2848786798892492,1.1837270247042255,-7.863203048706055,-0.151611328125,-2.3440234661102295,0,-23.2979679107666,-0.39990234375,-1.3280420079827309,1.7409299075787317,0.1150236638607508,2.5117690326869564,3.05827583123485
1780771793668908300,-21.55703800318787,-0.2848786798892492,1.1837270247042255,-7.863203048706055,-0.151611328125,-2.3440234661102295,0,-23.2979679107666,-0.39990234375,-1.3280420079827309,1.7409299075787317,0.1150236638607508,2.5117690326869564,3.05827583123485
1780771793668908300,-21.55703800318787,-0.2848786798892492,1.1837270247042255,-7.863203048706055,-0.151611328125,-2.3440234661102295,0,-23.2979679107666,-0.39990234375,-1.3280420079827309,1.7409299075787317,0.1150236638607508,2.5117690326869564,3.05827583123485
1780771793668908300,-21.55703800318787,-0.2848786798892492,1.1837270247042255,-7.863203048706055,-0.151611328125,-2.3440234661102295,0,-23.2979679107666,-0.39990234375,-1.3280420079827309,1.7409299075787317,0.1150236638607508,2.5117690326869564,3.05827583123485
1780771793668908300,-21.55703800318787,-0.2848786798892492,1.1837270247042255,-7.863203048706055,-0.151611328125,-2.3440234661102295,0,-23.2979679107666,-0.39990234375,-1.3280420079827309,1.7409299075787317,0.1150236638607508,2.5117690326869564,3.05827583123485
1780771793668908300,-21.584782692911965,-0.2899177645855485,1.282804712922304,-7.916757583618164,-0.15284179151058197,-2.343515634536743,0,-23.2979679107666,-0.39990234375,-1.3280420079827309,1.7131852178546367,0.10998457916445148,2.610846720905035,3.1246793112878306
1780771793668908300,-21.584782692911965,-0.2899177645855485,1.282804712922304,-7.916757583618164,-0.15284179151058197,-2.343515634536743,0,-23.2979679107666,-0.39990234375,-1.3280420079827309,1.7131852178546367,0.10998457916445148,2.610846720905035,3.1246793112878306
1780771793668908300,-21.584782692911965,-0.2899177645855485,1.282804712922304,-7.916757583618164,-0.15284179151058197,-2.343515634536743,0,-23.2979679107666,-0.39990234375,-1.3280420079827309,1.7131852178546367,0.10998457916445148,2.610846720905035,3.1246793112878306
1780771793668908300,-21.584782692911965,-0.2899177645855485,1.282804712922304,-7.916757583618164,-0.15284179151058197,-2.343515634536743,0,-23.2979679107666,-0.39990234375,-1.3280420079827309,1.7131852178546367,0.10998457916445148,2.610846720905035,3.1246793112878306
1780771793668908300,-21.584782692911965,-0.2899177645855485,1.282804712922304,-7.916757583618164,-0.15284179151058197,-2.343515634536743,0,-23.2979679107666,-0.39990234375,-1.3280420079827309,1.7131852178546367,0.10998457916445148,2.610846720905035,3.1246793112878306
1780771793668908300,-21.584782692911965,-0.2899177645855485,1.282804712922304,-7.916757583618164,-0.15284179151058197,-2.343515634536743,0,-23.2979679107666,-0.39990234375,-1.3280420079827309,1.7131852178546367,0.10998457916445148,2.610846720905035,3.1246793112878306
1780771793668908300,-21.638259503367287,-0.2911482279711305,1.2835030409404924,-7.970234394073486,-0.15407225489616394,-2.3428173065185547,0,-23.2979679107666,-0.39990234375,-1.3280420079827309,1.6597084073993145,0.10875411577886951,2.6115450489232233,3.0962278659436895
1780771793668908300,-21.638259503367287,-0.2911482279711305,1.2835030409404924,-7.970234394073486,-0.15407225489616394,-2.3428173065185547,0,-23.2979679107666,-0.39990234375,-1.3280420079827309,1.6597084073993145,0.10875411577886951,2.6115450489232233,3.0962278659436895
1780771793702227100,-21.389388955109396,-0.25849694132791984,1.4881153209802727,-7.970234394073486,-0.15407225489616394,-2.3428173065185547,0,-23.2979679107666,-0.39990234375,-1.3280420079827309,1.9085789556572053,0.14140540242208016,2.8161573289630035,3.4049098694802096
1780771793702227100,-21.389388955109396,-0.25849694132791984,1.4881153209802727,-7.970234394073486,-0.15407225489616394,-2.3428173065185547,0,-23.2979679107666,-0.39990234375,-1.3280420079827309,1.9085789556572053,0.14140540242208016,2.8161573289630035,3.4049098694802096
1780771793702227100,-21.389388955109396,-0.25849694132791984,1.4881153209802727,-7.970234394073486,-0.15407225489616394,-2.3428173065185547,0,-23.2979679107666,-0.39990234375,-1.3280420079827309,1.9085789556572053,0.14140540242208016,2.8161573289630035,3.4049098694802096
1780771793702227100,-21.389388955109396,-0.25849694132791984,1.4881153209802727,-7.970234394073486,-0.15407225489616394,-2.3428173065185547,0,-23.2979679107666,-0.39990234375,-1.3280420079827309,1.9085789556572053,0.14140540242208016,2.8161573289630035,3.4049098694802096
1780771793702227100,-21.52563754412258,-0.2638599842541116,1.5392640657291636,-8.120351791381836,-0.1575292944908142,-2.3398680686950684,0,-23.2979679107666,-0.39990234375,-1.3280420079827309,1.7723303666440202,0.1360423594958884,2.8673060737118945,3.3735895678714174
1780771793702227100,-21.52563754412258,-0.2638599842541116,1.5392640657291636,-8.120351791381836,-0.1575292944908142,-2.3398680686950684,0,-23.2979679107666,-0.39990234375,-1.3280420079827309,1.7723303666440202,0.1360423594958884,2.8673060737118945,3.3735895678714174
1780771793702227100,-21.52563754412258,-0.2638599842541116,1.5392640657291636,-8.120351791381836,-0.1575292944908142,-2.3398680686950684,0,-23.2979679107666,-0.39990234375,-1.3280420079827309,1.7723303666440202,0.1360423594958884,2.8673060737118945,3.3735895678714174
1780771793702227100,-21.52563754412258,-0.2638599842541116,1.5392640657291636,-8.120351791381836,-0.1575292944908142,-2.3398680686950684,0,-23.2979679107666,-0.39990234375,-1.3280420079827309,1.7723303666440202,0.1360423594958884,2.8673060737118945,3.3735895678714174
1780771793702227100,-21.52563754412258,-0.2638599842541116,1.5392640657291636,-8.120351791381836,-0.1575292944908142,-2.3398680686950684,0,-23.2979679107666,-0.39990234375,-1.3280420079827309,1.7723303666440202,0.1360423594958884,2.8673060737118945,3.3735895678714174
1780771793702227100,-21.52563754412258,-0.2638599842541116,1.5392640657291636,-8.120351791381836,-0.1575292944908142,-2.3398680686950684,0,-23.2979679107666,-0.39990234375,-1.3280420079827309,1.7723303666440202,0.1360423594958884,2.8673060737118945,3.3735895678714174
1780771793702227100,-21.52563754412258,-0.2638599842541116,1.5392640657291636,-8.120351791381836,-0.1575292944908142,-2.3398680686950684,0,-23.2979679107666,-0.39990234375,-1.3280420079827309,1.7723303666440202,0.1360423594958884,2.8673060737118945,3.3735895678714174
1780771793702227100,-21.48602927375979,-0.269010646948612,1.6734716614612735,-8.120351791381836,-0.1575292944908142,-2.3398680686950684,0,-23.2979679107666,-0.39990234375,-1.3280420079827309,1.8119386370068113,0.130891696801388,3.0015136694440043,3.5084666976371404
1780771793702227100,-21.48602927375979,-0.269010646948612,1.6734716614612735,-8.120351791381836,-0.1575292944908142,-2.3398680686950684,0,-23.2979679107666,-0.39990234375,-1.3280420079827309,1.8119386370068113,0.130891696801388,3.0015136694440043,3.5084666976371404
1780771793702227100,-21.53927100349612,-0.270231350073612,1.6748778542408145,-8.173593521118164,-0.1587499976158142,-2.3384618759155273,0,-23.2979679107666,-0.39990234375,-1.3280420079827309,1.7586969072704832,0.129670993676388,3.0029198622235453,3.4824355094072397
1780771793702227100,-21.53927100349612,-0.270231350073612,1.6748778542408145,-8.173593521118164,-0.1587499976158142,-2.3384618759155273,0,-23.2979679107666,-0.39990234375,-1.3280420079827309,1.7586969072704832,0.129670993676388,3.0029198622235453,3.4824355094072397
1780771793702227100,-21.53927100349612,-0.270231350073612,1.6748778542408145,-8.173593521118164,-0.1587499976158142,-2.3384618759155273,0,-23.2979679107666,-0.39990234375,-1.3280420079827309,1.7586969072704832,0.129670993676388,3.0029198622235453,3.4824355094072397
1780771793702227100,-21.525027748946414,-0.27205329251107047,1.7219598839370773,-8.173593521118164,-0.1587499976158142,-2.3384618759155273,0,-23.2979679107666,-0.39990234375,-1.3280420079827309,1.7729401618201877,0.12784905123892953,3.050001891919808,3.5301804115387783
1780771793702227100,-21.525027748946414,-0.27205329251107047,1.7219598839370773,-8.173593521118164,-0.1587499976158142,-2.3384618759155273,0,-23.2979679107666,-0.39990234375,-1.3280420079827309,1.7729401618201877,0.12784905123892953,3.050001891919808,3.5301804115387783
1780771793702227100,-21.525027748946414,-0.27205329251107047,1.7219598839370773,-8.173593521118164,-0.1587499976158142,-2.3384618759155273,0,-23.2979679107666,-0.39990234375,-1.3280420079827309,1.7729401618201877,0.12784905123892953,3.050001891919808,3.5301804115387783
1780771793702227100,-21.578192231063113,-0.27327399563607047,1.7235518047897385,-8.226758003234863,-0.1599707007408142,-2.336869955062866,0,-23.2979679107666,-0.39990234375,-1.3280420079827309,1.7197756797034884,0.12662834811392953,3.0515938127724693,3.5051230970105562
1780771793702227100,-21.578192231063113,-0.27327399563607047,1.7235518047897385,-8.226758003234863,-0.1599707007408142,-2.336869955062866,0,-23.2979679107666,-0.39990234375,-1.3280420079827309,1.7197756797034884,0.12662834811392953,3.0515938127724693,3.5051230970105562
1780771793702227100,-21.578192231063113,-0.27327399563607047,1.7235518047897385,-8.226758003234863,-0.1599707007408142,-2.336869955062866,0,-23.2979679107666,-0.39990234375,-1.3280420079827309,1.7197756797034884,0.12662834811392953,3.0515938127724693,3.5051230970105562
1780771793735645400,-21.43939639529843,-0.26425538482928135,1.9665273016213973,-8.226758003234863,-0.1599707007408142,-2.336869955062866,0,-23.2979679107666,-0.39990234375,-1.3280420079827309,1.8585715154681708,0.13564695892071865,3.294569309604128,3.7850858789939643
1780771793735645400,-21.43939639529843,-0.26425538482928135,1.9665273016213973,-8.226758003234863,-0.1599707007408142,-2.336869955062866,0,-23.2979679107666,-0.39990234375,-1.3280420079827309,1.8585715154681708,0.13564695892071865,3.294569309604128,3.7850858789939643
1780771793735645400,-21.43939639529843,-0.26425538482928135,1.9665273016213973,-8.226758003234863,-0.1599707007408142,-2.336869955062866,0,-23.2979679107666,-0.39990234375,-1.3280420079827309,1.8585715154681708,0.13564695892071865,3.294569309604128,3.7850858789939643
1780771793735645400,-21.43939639529843,-0.26425538482928135,1.9665273016213973,-8.226758003234863,-0.1599707007408142,-2.336869955062866,0,-23.2979679107666,-0.39990234375,-1.3280420079827309,1.8585715154681708,0.13564695892071865,3.294569309604128,3.7850858789939643
1780771793735645400,-21.49248172244687,-0.26547608795428135,1.9682997053384383,-8.2798433303833,-0.1611914038658142,-2.335097551345825,0,-23.2979679107666,-0.39990234375,-1.3280420079827309,1.8054861883197333,0.13442625579571865,3.296341713321169,3.7608136733214685
1780771793735645400,-21.49248172244687,-0.26547608795428135,1.9682997053384383,-8.2798433303833,-0.1611914038658142,-2.335097551345825,0,-23.2979679107666,-0.39990234375,-1.3280420079827309,1.8054861883197333,0.13442625579571865,3.296341713321169,3.7608136733214685
1780771793735645400,-21.49248172244687,-0.26547608795428135,1.9682997053384383,-8.2798433303833,-0.1611914038658142,-2.335097551345825,0,-23.2979679107666,-0.39990234375,-1.3280420079827309,1.8054861883197333,0.13442625579571865,3.296341713321169,3.7608136733214685
1780771793735645400,-21.465227921183182,-0.26895012034187715,2.0510098088684217,-8.2798433303833,-0.1611914038658142,-2.335097551345825,0,-23.2979679107666,-0.39990234375,-1.3280420079827309,1.8327399895834198,0.13095222340812285,3.3790518168511525,3.846306739613839
1780771793735645400,-21.465227921183182,-0.26895012034187715,2.0510098088684217,-8.2798433303833,-0.1611914038658142,-2.335097551345825,0,-23.2979679107666,-0.39990234375,-1.3280420079827309,1.8327399895834198,0.13095222340812285,3.3790518168511525,3.846306739613839
1780771793735645400,-21.465227921183182,-0.26895012034187715,2.0510098088684217,-8.2798433303833,-0.1611914038658142,-2.335097551345825,0,-23.2979679107666,-0.39990234375,-1.3280420079827309,1.8327399895834198,0.13095222340812285,3.3790518168511525,3.846306739613839
1780771793735645400,-21.465227921183182,-0.26895012034187715,2.0510098088684217,-8.2798433303833,-0.1611914038658142,-2.335097551345825,0,-23.2979679107666,-0.39990234375,-1.3280420079827309,1.8327399895834198,0.13095222340812285,3.3790518168511525,3.846306739613839
1780771793735645400,-21.613704521830154,-0.2723778493524591,2.0569326032104627,-8.428319931030273,-0.16461913287639618,-2.329174757003784,0,-23.2979679107666,-0.39990234375,-1.3280420079827309,1.6842633889364471,0.12752449439754088,3.3849746111931935,3.782996005602642
1780771793735645400,-21.613704521830154,-0.2723778493524591,2.0569326032104627,-8.428319931030273,-0.16461913287639618,-2.329174757003784,0,-23.2979679107666,-0.39990234375,-1.3280420079827309,1.6842633889364471,0.12752449439754088,3.3849746111931935,3.782996005602642
1780771793735645400,-21.598457475909296,-0.27434043784765194,2.1024564108404578,-8.428319931030273,-0.16461913287639618,-2.329174757003784,0,-23.2979679107666,-0.39990234375,-1.3280420079827309,1.6995104348573058,0.12556190590234806,3.4304984188231886,3.8304596215011975
1780771793735645400,-21.598457475909296,-0.27434043784765194,2.1024564108404578,-8.428319931030273,-0.16461913287639618,-2.329174757003784,0,-23.2979679107666,-0.39990234375,-1.3280420079827309,1.6995104348573058,0.12556190590234806,3.4304984188231886,3.8304596215011975
1780771793735645400,-21.598457475909296,-0.27434043784765194,2.1024564108404578,-8.428319931030273,-0.16461913287639618,-2.329174757003784,0,-23.2979679107666,-0.39990234375,-1.3280420079827309,1.6995104348573058,0.12556190590234806,3.4304984188231886,3.8304596215011975
1780771793735645400,-21.598457475909296,-0.27434043784765194,2.1024564108404578,-8.428319931030273,-0.16461913287639618,-2.329174757003784,0,-23.2979679107666,-0.39990234375,-1.3280420079827309,1.6995104348573058,0.12556190590234806,3.4304984188231886,3.8304596215011975
1780771793735645400,-21.598457475909296,-0.27434043784765194,2.1024564108404578,-8.428319931030273,-0.16461913287639618,-2.329174757003784,0,-23.2979679107666,-0.39990234375,-1.3280420079827309,1.6995104348573058,0.12556190590234806,3.4304984188231886,3.8304596215011975
1780771793735645400,-21.635917319239844,-0.2775521077355985,2.1502353219233434,-8.481132507324219,-0.16583983600139618,-2.326713800430298,0,-23.2979679107666,-0.39990234375,-1.3280420079827309,1.6620505915267572,0.12235023601440148,3.4782773299060743,3.8569152094369086
1780771793735645400,-21.635917319239844,-0.2775521077355985,2.1502353219233434,-8.481132507324219,-0.16583983600139618,-2.326713800430298,0,-23.2979679107666,-0.39990234375,-1.3280420079827309,1.6620505915267572,0.12235023601440148,3.4782773299060743,3.8569152094369086
1780771793735645400,-21.635917319239844,-0.2775521077355985,2.1502353219233434,-8.481132507324219,-0.16583983600139618,-2.326713800430298,0,-23.2979679107666,-0.39990234375,-1.3280420079827309,1.6620505915267572,0.12235023601440148,3.4782773299060743,3.8569152094369086
1780771793735645400,-21.635917319239844,-0.2775521077355985,2.1502353219233434,-8.481132507324219,-0.16583983600139618,-2.326713800430298,0,-23.2979679107666,-0.39990234375,-1.3280420079827309,1.6620505915267572,0.12235023601440148,3.4782773299060743,3.8569152094369086
1780771793735645400,-21.635917319239844,-0.2775521077355985,2.1502353219233434,-8.481132507324219,-0.16583983600139618,-2.326713800430298,0,-23.2979679107666,-0.39990234375,-1.3280420079827309,1.6620505915267572,0.12235023601440148,3.4782773299060743,3.8569152094369086
1780771793769009900,-21.38675014167152,-0.2860012922486076,2.3250528379500937,-8.481132507324219,-0.16583983600139618,-2.326713800430298,0,-23.2979679107666,-0.39990234375,-1.3280420079827309,1.9112177690950816,0.1139010515013924,3.6530948459328245,4.124418597065394
1780771793769009900,-21.38675014167152,-0.2860012922486076,2.3250528379500937,-8.481132507324219,-0.16583983600139618,-2.326713800430298,0,-23.2979679107666,-0.39990234375,-1.3280420079827309,1.9112177690950816,0.1139010515013924,3.6530948459328245,4.124418597065394
1780771793769009900,-21.37072043550087,-0.28804648842787706,2.369234105306904,-8.481132507324219,-0.16583983600139618,-2.326713800430298,0,-23.2979679107666,-0.39990234375,-1.3280420079827309,1.9272474752657303,0.11185585532212294,3.697276113289635,4.1709285802073
1780771793769009900,-21.423493911147844,-0.28926719155287706,2.3718757831633495,-8.533905982971191,-0.16706053912639618,-2.3240721225738525,0,-23.2979679107666,-0.39990234375,-1.3280420079827309,1.8744739996187576,0.11063515219712294,3.6999177911460803,4.149130580421363
1780771793769009900,-21.423493911147844,-0.28926719155287706,2.3718757831633495,-8.533905982971191,-0.16706053912639618,-2.3240721225738525,0,-23.2979679107666,-0.39990234375,-1.3280420079827309,1.8744739996187576,0.11063515219712294,3.6999177911460803,4.149130580421363
1780771793769009900,-21.423493911147844,-0.28926719155287706,2.3718757831633495,-8.533905982971191,-0.16706053912639618,-2.3240721225738525,0,-23.2979679107666,-0.39990234375,-1.3280420079827309,1.8744739996187576,0.11063515219712294,3.6999177911460803,4.149130580421363
1780771793769009900,-21.423493911147844,-0.28926719155287706,2.3718757831633495,-8.533905982971191,-0.16706053912639618,-2.3240721225738525,0,-23.2979679107666,-0.39990234375,-1.3280420079827309,1.8744739996187576,0.11063515219712294,3.6999177911460803,4.149130580421363
1780771793769009900,-21.423493911147844,-0.28926719155287706,2.3718757831633495,-8.533905982971191,-0.16706053912639618,-2.3240721225738525,0,-23.2979679107666,-0.39990234375,-1.3280420079827309,1.8744739996187576,0.11063515219712294,3.6999177911460803,4.149130580421363
1780771793769009900,-21.423493911147844,-0.28926719155287706,2.3718757831633495,-8.533905982971191,-0.16706053912639618,-2.3240721225738525,0,-23.2979679107666,-0.39990234375,-1.3280420079827309,1.8744739996187576,0.11063515219712294,3.6999177911460803,4.149130580421363
1780771793769009900,-21.541514257733695,-0.29637049104895885,2.458538441053806,-8.680781364440918,-0.17045898735523224,-2.3157713413238525,0,-23.2979679107666,-0.39990234375,-1.3280420079827309,1.7564536530329065,0.10353185270104115,3.7865804490365367,4.175408935278327
1780771793769009900,-21.541514257733695,-0.29637049104895885,2.458538441053806,-8.680781364440918,-0.17045898735523224,-2.3157713413238525,0,-23.2979679107666,-0.39990234375,-1.3280420079827309,1.7564536530329065,0.10353185270104115,3.7865804490365367,4.175408935278327
1780771793769009900,-21.541514257733695,-0.29637049104895885,2.458538441053806,-8.680781364440918,-0.17045898735523224,-2.3157713413238525,0,-23.2979679107666,-0.39990234375,-1.3280420079827309,1.7564536530329065,0.10353185270104115,3.7865804490365367,4.175408935278327
1780771793769009900,-21.541514257733695,-0.29637049104895885,2.458538441053806,-8.680781364440918,-0.17045898735523224,-2.3157713413238525,0,-23.2979679107666,-0.39990234375,-1.3280420079827309,1.7564536530329065,0.10353185270104115,3.7865804490365367,4.175408935278327
1780771793769009900,-21.525339550281487,-0.298429482703241,2.5018304189266427,-8.680781364440918,-0.17045898735523224,-2.3157713413238525,0,-23.2979679107666,-0.39990234375,-1.3280420079827309,1.7726283604851147,0.10147286104675901,3.8298724269093736,4.221425215768468
1780771793769009900,-21.525339550281487,-0.298429482703241,2.5018304189266427,-8.680781364440918,-0.17045898735523224,-2.3157713413238525,0,-23.2979679107666,-0.39990234375,-1.3280420079827309,1.7726283604851147,0.10147286104675901,3.8298724269093736,4.221425215768468
1780771793769009900,-21.525339550281487,-0.298429482703241,2.5018304189266427,-8.680781364440918,-0.17045898735523224,-2.3157713413238525,0,-23.2979679107666,-0.39990234375,-1.3280420079827309,1.7726283604851147,0.10147286104675901,3.8298724269093736,4.221425215768468
1780771793769009900,-21.525339550281487,-0.298429482703241,2.5018304189266427,-8.680781364440918,-0.17045898735523224,-2.3157713413238525,0,-23.2979679107666,-0.39990234375,-1.3280420079827309,1.7726283604851147,0.10147286104675901,3.8298724269093736,4.221425215768468
1780771793769009900,-21.57780022075268,-0.2996404106664978,2.505150636059211,-8.73324203491211,-0.17166991531848907,-2.312451124191284,0,-23.2979679107666,-0.39990234375,-1.3280420079827309,1.7201676900139233,0.10026193308350217,3.833192644041942,4.202665247593571
1780771793769009900,-21.57780022075268,-0.2996404106664978,2.505150636059211,-8.73324203491211,-0.17166991531848907,-2.312451124191284,0,-23.2979679107666,-0.39990234375,-1.3280420079827309,1.7201676900139233,0.10026193308350217,3.833192644041942,4.202665247593571
1780771793769009900,-21.56155074196941,-0.3016845702943662,2.5482000732740984,-8.73324203491211,-0.17166991531848907,-2.312451124191284,0,-23.2979679107666,-0.39990234375,-1.3280420079827309,1.7364171687971925,0.09821777345563382,3.8762420812568292,4.248534334052453
1780771793769009900,-21.56155074196941,-0.3016845702943662,2.5482000732740984,-8.73324203491211,-0.17166991531848907,-2.312451124191284,0,-23.2979679107666,-0.39990234375,-1.3280420079827309,1.7364171687971925,0.09821777345563382,3.8762420812568292,4.248534334052453
1780771793769009900,-21.56155074196941,-0.3016845702943662,2.5482000732740984,-8.73324203491211,-0.17166991531848907,-2.312451124191284,0,-23.2979679107666,-0.39990234375,-1.3280420079827309,1.7364171687971925,0.09821777345563382,3.8762420812568292,4.248534334052453
1780771793802274000,-21.342332333491186,-0.2998235770450284,2.7089069089604356,-8.73324203491211,-0.17166991531848907,-2.312451124191284,0,-23.2979679107666,-0.39990234375,-1.3280420079827309,1.955635577275416,0.10007876670497162,4.0369489169431665,4.486812100886234
1780771793802274000,-21.39471480266843,-0.3010345199094464,2.712403079004381,-8.785624504089355,-0.1728808581829071,-2.308954954147339,0,-23.2979679107666,-0.39990234375,-1.3280420079827309,1.9032531080981698,0.09886782384055359,4.040445086987112,4.467364294641148
1780771793802274000,-21.39471480266843,-0.3010345199094464,2.712403079004381,-8.785624504089355,-0.1728808581829071,-2.308954954147339,0,-23.2979679107666,-0.39990234375,-1.3280420079827309,1.9032531080981698,0.09886782384055359,4.040445086987112,4.467364294641148
1780771793802274000,-21.37788871294348,-0.30307717297184755,2.754398581787018,-8.785624504089355,-0.1728808581829071,-2.308954954147339,0,-23.2979679107666,-0.39990234375,-1.3280420079827309,1.9200791978231209,0.09682517077815245,4.082440589769749,4.512471651834377
1780771793802274000,-21.37788871294348,-0.30307717297184755,2.754398581787018,-8.785624504089355,-0.1728808581829071,-2.308954954147339,0,-23.2979679107666,-0.39990234375,-1.3280420079827309,1.9200791978231209,0.09682517077815245,4.082440589769749,4.512471651834377
1780771793802274000,-21.37788871294348,-0.30307717297184755,2.754398581787018,-8.785624504089355,-0.1728808581829071,-2.308954954147339,0,-23.2979679107666,-0.39990234375,-1.3280420079827309,1.9200791978231209,0.09682517077815245,4.082440589769749,4.512471651834377
1780771793802274000,-21.37788871294348,-0.30307717297184755,2.754398581787018,-8.785624504089355,-0.1728808581829071,-2.308954954147339,0,-23.2979679107666,-0.39990234375,-1.3280420079827309,1.9200791978231209,0.09682517077815245,4.082440589769749,4.512471651834377
1780771793802274000,-21.37788871294348,-0.30307717297184755,2.754398581787018,-8.785624504089355,-0.1728808581829071,-2.308954954147339,0,-23.2979679107666,-0.39990234375,-1.3280420079827309,1.9200791978231209,0.09682517077815245,4.082440589769749,4.512471651834377
1780771793802274000,-21.347647735779205,-0.3066883953724324,2.8288739536023106,-8.785624504089355,-0.1728808581829071,-2.308954954147339,0,-23.2979679107666,-0.39990234375,-1.3280420079827309,1.9503201749873966,0.09321394837756758,4.1569159615850415,4.592644982666905
1780771793802274000,-21.44147593707315,-0.3088563653145253,2.8355780456280675,-8.8794527053833,-0.175048828125,-2.302250862121582,0,-23.2979679107666,-0.39990234375,-1.3280420079827309,1.8564919736934513,0.09104597843547468,4.163620053610798,4.559669260967013
1780771793802274000,-21.44147593707315,-0.3088563653145253,2.8355780456280675,-8.8794527053833,-0.175048828125,-2.302250862121582,0,-23.2979679107666,-0.39990234375,-1.3280420079827309,1.8564919736934513,0.09104597843547468,4.163620053610798,4.559669260967013
1780771793802274000,-21.44147593707315,-0.3088563653145253,2.8355780456280675,-8.8794527053833,-0.175048828125,-2.302250862121582,0,-23.2979679107666,-0.39990234375,-1.3280420079827309,1.8564919736934513,0.09104597843547468,4.163620053610798,4.559669260967013
1780771793802274000,-21.44147593707315,-0.3088563653145253,2.8355780456280675,-8.8794527053833,-0.175048828125,-2.302250862121582,0,-23.2979679107666,-0.39990234375,-1.3280420079827309,1.8564919736934513,0.09104597843547468,4.163620053610798,4.559669260967013
1780771793802274000,-21.44147593707315,-0.3088563653145253,2.8355780456280675,-8.8794527053833,-0.175048828125,-2.302250862121582,0,-23.2979679107666,-0.39990234375,-1.3280420079827309,1.8564919736934513,0.09104597843547468,4.163620053610798,4.559669260967013
1780771793802274000,-21.44147593707315,-0.3088563653145253,2.8355780456280675,-8.8794527053833,-0.175048828125,-2.302250862121582,0,-23.2979679107666,-0.39990234375,-1.3280420079827309,1.8564919736934513,0.09104597843547468,4.163620053610798,4.559669260967013
1780771793802274000,-21.44147593707315,-0.3088563653145253,2.8355780456280675,-8.8794527053833,-0.175048828125,-2.302250862121582,0,-23.2979679107666,-0.39990234375,-1.3280420079827309,1.8564919736934513,0.09104597843547468,4.163620053610798,4.559669260967013
1780771793802274000,-21.44147593707315,-0.3088563653145253,2.8355780456280675,-8.8794527053833,-0.175048828125,-2.302250862121582,0,-23.2979679107666,-0.39990234375,-1.3280420079827309,1.8564919736934513,0.09104597843547468,4.163620053610798,4.559669260967013
1780771793802274000,-21.51212519156161,-0.31522161862016035,2.925150795306683,-8.983749389648438,-0.17747069895267487,-2.2940869331359863,0,-23.2979679107666,-0.39990234375,-1.3280420079827309,1.785842719204993,0.08468072512983965,4.253192803289414,4.613681183707741
1780771793802274000,-21.51212519156161,-0.31522161862016035,2.925150795306683,-8.983749389648438,-0.17747069895267487,-2.2940869331359863,0,-23.2979679107666,-0.39990234375,-1.3280420079827309,1.785842719204993,0.08468072512983965,4.253192803289414,4.613681183707741
1780771793802274000,-21.51212519156161,-0.31522161862016035,2.925150795306683,-8.983749389648438,-0.17747069895267487,-2.2940869331359863,0,-23.2979679107666,-0.39990234375,-1.3280420079827309,1.785842719204993,0.08468072512983965,4.253192803289414,4.613681183707741
1780771793802274000,-21.51212519156161,-0.31522161862016035,2.925150795306683,-8.983749389648438,-0.17747069895267487,-2.2940869331359863,0,-23.2979679107666,-0.39990234375,-1.3280420079827309,1.785842719204993,0.08468072512983965,4.253192803289414,4.613681183707741
1780771793802274000,-21.51212519156161,-0.31522161862016035,2.925150795306683,-8.983749389648438,-0.17747069895267487,-2.2940869331359863,0,-23.2979679107666,-0.39990234375,-1.3280420079827309,1.785842719204993,0.08468072512983965,4.253192803289414,4.613681183707741
1780771793802274000,-21.51212519156161,-0.31522161862016035,2.925150795306683,-8.983749389648438,-0.17747069895267487,-2.2940869331359863,0,-23.2979679107666,-0.39990234375,-1.3280420079827309,1.785842719204993,0.08468072512983965,4.253192803289414,4.613681183707741
1780771793802274000,-21.564117607943444,-0.3164227863228352,2.9294964507479673,-9.035741806030273,-0.17867186665534973,-2.289741277694702,0,-23.2979679107666,-0.39990234375,-1.3280420079827309,1.733850302823157,0.08347955742716479,4.257538458730698,4.597808112207289
1780771793835519900,-21.35784292388325,-0.28546945196338497,3.0532202986188812,-9.035741806030273,-0.17867186665534973,-2.289741277694702,0,-23.2979679107666,-0.39990234375,-1.3280420079827309,1.940124986883351,0.11443289178661503,4.381262306601612,4.79297811915513
1780771793835519900,-21.35784292388325,-0.28546945196338497,3.0532202986188812,-9.035741806030273,-0.17867186665534973,-2.289741277694702,0,-23.2979679107666,-0.39990234375,-1.3280420079827309,1.940124986883351,0.11443289178661503,4.381262306601612,4.79297811915513
1780771793835519900,-21.35784292388325,-0.28546945196338497,3.0532202986188812,-9.035741806030273,-0.17867186665534973,-2.289741277694702,0,-23.2979679107666,-0.39990234375,-1.3280420079827309,1.940124986883351,0.11443289178661503,4.381262306601612,4.79297811915513
1780771793835519900,-21.34060068926737,-0.287431746804351,3.0927710762972183,-9.035741806030273,-0.17867186665534973,-2.289741277694702,0,-23.2979679107666,-0.39990234375,-1.3280420079827309,1.9573672214992328,0.11247059694564898,4.420813084279949,4.836064970729584
1780771793835519900,-21.34060068926737,-0.287431746804351,3.0927710762972183,-9.035741806030273,-0.17867186665534973,-2.289741277694702,0,-23.2979679107666,-0.39990234375,-1.3280420079827309,1.9573672214992328,0.11247059694564898,4.420813084279949,4.836064970729584
1780771793835519900,-21.34060068926737,-0.287431746804351,3.0927710762972183,-9.035741806030273,-0.17867186665534973,-2.289741277694702,0,-23.2979679107666,-0.39990234375,-1.3280420079827309,1.9573672214992328,0.11247059694564898,4.420813084279949,4.836064970729584
1780771793835519900,-21.34060068926737,-0.287431746804351,3.0927710762972183,-9.035741806030273,-0.17867186665534973,-2.289741277694702,0,-23.2979679107666,-0.39990234375,-1.3280420079827309,1.9573672214992328,0.11247059694564898,4.420813084279949,4.836064970729584
1780771793835519900,-21.435092647885533,-0.28961925216876905,3.101120733355934,-9.130233764648438,-0.18085937201976776,-2.2813916206359863,0,-23.2979679107666,-0.39990234375,-1.3280420079827309,1.8628752628810687,0.11028309158123095,4.429162741338665,4.806240650925166
1780771793835519900,-21.435092647885533,-0.28961925216876905,3.101120733355934,-9.130233764648438,-0.18085937201976776,-2.2813916206359863,0,-23.2979679107666,-0.39990234375,-1.3280420079827309,1.8628752628810687,0.11028309158123095,4.429162741338665,4.806240650925166
1780771793835519900,-21.386313219443537,-0.2951062616073785,3.2111746406624277,-9.130233764648438,-0.18085937201976776,-2.2813916206359863,0,-23.2979679107666,-0.39990234375,-1.3280420079827309,1.911654691323065,0.10479608214262148,4.539216648645159,4.926448382052461
1780771793835519900,-21.386313219443537,-0.2951062616073785,3.2111746406624277,-9.130233764648438,-0.18085937201976776,-2.2813916206359863,0,-23.2979679107666,-0.39990234375,-1.3280420079827309,1.911654691323065,0.10479608214262148,4.539216648645159,4.926448382052461
1780771793835519900,-21.386313219443537,-0.2951062616073785,3.2111746406624277,-9.130233764648438,-0.18085937201976776,-2.2813916206359863,0,-23.2979679107666,-0.39990234375,-1.3280420079827309,1.911654691323065,0.10479608214262148,4.539216648645159,4.926448382052461
1780771793835519900,-21.386313219443537,-0.2951062616073785,3.2111746406624277,-9.130233764648438,-0.18085937201976776,-2.2813916206359863,0,-23.2979679107666,-0.39990234375,-1.3280420079827309,1.911654691323065,0.10479608214262148,4.539216648645159,4.926448382052461
1780771793835519900,-21.386313219443537,-0.2951062616073785,3.2111746406624277,-9.130233764648438,-0.18085937201976776,-2.2813916206359863,0,-23.2979679107666,-0.39990234375,-1.3280420079827309,1.911654691323065,0.10479608214262148,4.539216648645159,4.926448382052461
1780771793835519900,-21.386313219443537,-0.2951062616073785,3.2111746406624277,-9.130233764648438,-0.18085937201976776,-2.2813916206359863,0,-23.2979679107666,-0.39990234375,-1.3280420079827309,1.911654691323065,0.10479608214262148,4.539216648645159,4.926448382052461
1780771793835519900,-21.47255587871186,-0.29946634327638344,3.2592922378464726,-9.233710289001465,-0.1832617074251175,-2.2715282440185547,0,-23.2979679107666,-0.39990234375,-1.3280420079827309,1.825412032054743,0.10043600047361656,4.5873342458292035,4.9382033129386995
1780771793835519900,-21.47255587871186,-0.29946634327638344,3.2592922378464726,-9.233710289001465,-0.1832617074251175,-2.2715282440185547,0,-23.2979679107666,-0.39990234375,-1.3280420079827309,1.825412032054743,0.10043600047361656,4.5873342458292035,4.9382033129386995
1780771793835519900,-21.47255587871186,-0.29946634327638344,3.2592922378464726,-9.233710289001465,-0.1832617074251175,-2.2715282440185547,0,-23.2979679107666,-0.39990234375,-1.3280420079827309,1.825412032054743,0.10043600047361656,4.5873342458292035,4.9382033129386995
1780771793835519900,-21.47255587871186,-0.29946634327638344,3.2592922378464726,-9.233710289001465,-0.1832617074251175,-2.2715282440185547,0,-23.2979679107666,-0.39990234375,-1.3280420079827309,1.825412032054743,0.10043600047361656,4.5873342458292035,4.9382033129386995
1780771793835519900,-21.47255587871186,-0.29946634327638344,3.2592922378464726,-9.233710289001465,-0.1832617074251175,-2.2715282440185547,0,-23.2979679107666,-0.39990234375,-1.3280420079827309,1.825412032054743,0.10043600047361656,4.5873342458292035,4.9382033129386995
1780771793835519900,-21.47255587871186,-0.29946634327638344,3.2592922378464726,-9.233710289001465,-0.1832617074251175,-2.2715282440185547,0,-23.2979679107666,-0.39990234375,-1.3280420079827309,1.825412032054743,0.10043600047361656,4.5873342458292035,4.9382033129386995
1780771793835519900,-21.47255587871186,-0.29946634327638344,3.2592922378464726,-9.233710289001465,-0.1832617074251175,-2.2715282440185547,0,-23.2979679107666,-0.39990234375,-1.3280420079827309,1.825412032054743,0.10043600047361656,4.5873342458292035,4.9382033129386995
1780771793869014000,-21.268960973523875,-0.34163647909825706,3.3908572429552146,-9.233710289001465,-0.1832617074251175,-2.2715282440185547,0,-23.2979679107666,-0.39990234375,-1.3280420079827309,2.029006937242727,0.05826586465174294,4.7188992509379455,5.136951839648239
1780771793869014000,-21.268960973523875,-0.34163647909825706,3.3908572429552146,-9.233710289001465,-0.1832617074251175,-2.2715282440185547,0,-23.2979679107666,-0.39990234375,-1.3280420079827309,2.029006937242727,0.05826586465174294,4.7188992509379455,5.136951839648239
1780771793869014000,-21.268960973523875,-0.34163647909825706,3.3908572429552146,-9.233710289001465,-0.1832617074251175,-2.2715282440185547,0,-23.2979679107666,-0.39990234375,-1.3280420079827309,2.029006937242727,0.05826586465174294,4.7188992509379455,5.136951839648239
1780771793869014000,-21.268960973523875,-0.34163647909825706,3.3908572429552146,-9.233710289001465,-0.1832617074251175,-2.2715282440185547,0,-23.2979679107666,-0.39990234375,-1.3280420079827309,2.029006937242727,0.05826586465174294,4.7188992509379455,5.136951839648239
1780771793869014000,-21.268960973523875,-0.34163647909825706,3.3908572429552146,-9.233710289001465,-0.1832617074251175,-2.2715282440185547,0,-23.2979679107666,-0.39990234375,-1.3280420079827309,2.029006937242727,0.05826586465174294,4.7188992509379455,5.136951839648239
1780771793869014000,-21.268960973523875,-0.34163647909825706,3.3908572429552146,-9.233710289001465,-0.1832617074251175,-2.2715282440185547,0,-23.2979679107666,-0.39990234375,-1.3280420079827309,2.029006937242727,0.05826586465174294,4.7188992509379455,5.136951839648239
1780771793869014000,-21.268960973523875,-0.34163647909825706,3.3908572429552146,-9.233710289001465,-0.1832617074251175,-2.2715282440185547,0,-23.2979679107666,-0.39990234375,-1.3280420079827309,2.029006937242727,0.05826586465174294,4.7188992509379455,5.136951839648239
1780771793869014000,-21.36365889033904,-0.35067999402631567,3.5092394891974577,-9.377695083618164,-0.18659178912639618,-2.256582021713257,0,-23.2979679107666,-0.39990234375,-1.3280420079827309,1.9343090204275626,0.04922234972368433,4.8372814971801885,5.2099200098640255
1780771793869014000,-21.36365889033904,-0.35067999402631567,3.5092394891974577,-9.377695083618164,-0.18659178912639618,-2.256582021713257,0,-23.2979679107666,-0.39990234375,-1.3280420079827309,1.9343090204275626,0.04922234972368433,4.8372814971801885,5.2099200098640255
1780771793869014000,-21.36365889033904,-0.35067999402631567,3.5092394891974577,-9.377695083618164,-0.18659178912639618,-2.256582021713257,0,-23.2979679107666,-0.39990234375,-1.3280420079827309,1.9343090204275626,0.04922234972368433,4.8372814971801885,5.2099200098640255
1780771793869014000,-21.36365889033904,-0.35067999402631567,3.5092394891974577,-9.377695083618164,-0.18659178912639618,-2.256582021713257,0,-23.2979679107666,-0.39990234375,-1.3280420079827309,1.9343090204275626,0.04922234972368433,4.8372814971801885,5.2099200098640255
1780771793869014000,-21.36365889033904,-0.35067999402631567,3.5092394891974577,-9.377695083618164,-0.18659178912639618,-2.256582021713257,0,-23.2979679107666,-0.39990234375,-1.3280420079827309,1.9343090204275626,0.04922234972368433,4.8372814971801885,5.2099200098640255
1780771793869014000,-21.36365889033904,-0.35067999402631567,3.5092394891974577,-9.377695083618164,-0.18659178912639618,-2.256582021713257,0,-23.2979679107666,-0.39990234375,-1.3280420079827309,1.9343090204275626,0.04922234972368433,4.8372814971801885,5.2099200098640255
1780771793869014000,-21.34598680521212,-0.3527599059603956,3.545773744220459,-9.377695083618164,-0.18659178912639618,-2.256582021713257,0,-23.2979679107666,-0.39990234375,-1.3280420079827309,1.9519811055544807,0.04714243778960442,4.87381575220319,5.25038404617285
1780771793869014000,-21.34598680521212,-0.3527599059603956,3.545773744220459,-9.377695083618164,-0.18659178912639618,-2.256582021713257,0,-23.2979679107666,-0.39990234375,-1.3280420079827309,1.9519811055544807,0.04714243778960442,4.87381575220319,5.25038404617285
1780771793869014000,-21.397353611242394,-0.3539513134024885,3.5514621730992433,-9.429061889648438,-0.18778319656848907,-2.2508935928344727,0,-23.2979679107666,-0.39990234375,-1.3280420079827309,1.9006142995242072,0.04595103034751152,4.879504181081974,5.236793605436667
1780771793869014000,-21.397353611242394,-0.3539513134024885,3.5514621730992433,-9.429061889648438,-0.18778319656848907,-2.2508935928344727,0,-23.2979679107666,-0.39990234375,-1.3280420079827309,1.9006142995242072,0.04595103034751152,4.879504181081974,5.236793605436667
1780771793869014000,-21.397353611242394,-0.3539513134024885,3.5514621730992433,-9.429061889648438,-0.18778319656848907,-2.2508935928344727,0,-23.2979679107666,-0.39990234375,-1.3280420079827309,1.9006142995242072,0.04595103034751152,4.879504181081974,5.236793605436667
1780771793869014000,-21.37959440649061,-0.35598474006710745,3.5878932516524316,-9.429061889648438,-0.18778319656848907,-2.2508935928344727,0,-23.2979679107666,-0.39990234375,-1.3280420079827309,1.9183735042759906,0.04391760368289255,4.915935259635162,5.277168287514207
1780771793869014000,-21.37959440649061,-0.35598474006710745,3.5878932516524316,-9.429061889648438,-0.18778319656848907,-2.2508935928344727,0,-23.2979679107666,-0.39990234375,-1.3280420079827309,1.9183735042759906,0.04391760368289255,4.915935259635162,5.277168287514207
1780771793869014000,-21.37959440649061,-0.35598474006710745,3.5878932516524316,-9.429061889648438,-0.18778319656848907,-2.2508935928344727,0,-23.2979679107666,-0.39990234375,-1.3280420079827309,1.9183735042759906,0.04391760368289255,4.915935259635162,5.277168287514207
1780771793869014000,-21.37959440649061,-0.35598474006710745,3.5878932516524316,-9.429061889648438,-0.18778319656848907,-2.2508935928344727,0,-23.2979679107666,-0.39990234375,-1.3280420079827309,1.9183735042759906,0.04391760368289255,4.915935259635162,5.277168287514207
1780771793869014000,-21.37959440649061,-0.35598474006710745,3.5878932516524316,-9.429061889648438,-0.18778319656848907,-2.2508935928344727,0,-23.2979679107666,-0.39990234375,-1.3280420079827309,1.9183735042759906,0.04391760368289255,4.915935259635162,5.277168287514207
1780771793869014000,-21.430883964901255,-0.35717614750920035,3.5937576334425927,-9.480351448059082,-0.18897460401058197,-2.2450292110443115,0,-23.2979679107666,-0.39990234375,-1.3280420079827309,1.867083945865346,0.04272619624079965,4.921799641425324,5.264213113000628
1780771793902361800,-21.253927254968758,-0.3363815723350579,3.714366796802956,-9.480351448059082,-0.18897460401058197,-2.2450292110443115,0,-23.2979679107666,-0.39990234375,-1.3280420079827309,2.0440406557978434,0.06352077141494211,5.042408804785687,5.44132554122025
1780771793902361800,-21.253927254968758,-0.3363815723350579,3.714366796802956,-9.480351448059082,-0.18897460401058197,-2.2450292110443115,0,-23.2979679107666,-0.39990234375,-1.3280420079827309,2.0440406557978434,0.06352077141494211,5.042408804785687,5.44132554122025
1780771793902361800,-21.253927254968758,-0.3363815723350579,3.714366796802956,-9.480351448059082,-0.18897460401058197,-2.2450292110443115,0,-23.2979679107666,-0.39990234375,-1.3280420079827309,2.0440406557978434,0.06352077141494211,5.042408804785687,5.44132554122025
1780771793902361800,-21.235688503140317,-0.3383675822396756,3.7502146816755904,-9.480351448059082,-0.18897460401058197,-2.2450292110443115,0,-23.2979679107666,-0.39990234375,-1.3280420079827309,2.062279407626285,0.06153476151032439,5.078256689658321,5.481375182201365
1780771793902361800,-21.235688503140317,-0.3383675822396756,3.7502146816755904,-9.480351448059082,-0.18897460401058197,-2.2450292110443115,0,-23.2979679107666,-0.39990234375,-1.3280420079827309,2.062279407626285,0.06153476151032439,5.078256689658321,5.481375182201365
1780771793902361800,-21.235688503140317,-0.3383675822396756,3.7502146816755904,-9.480351448059082,-0.18897460401058197,-2.2450292110443115,0,-23.2979679107666,-0.39990234375,-1.3280420079827309,2.062279407626285,0.06153476151032439,5.078256689658321,5.481375182201365
1780771793902361800,-21.378540332669125,-0.3416683682580472,3.767519340565361,-9.62320327758789,-0.19227539002895355,-2.227724552154541,0,-23.2979679107666,-0.39990234375,-1.3280420079827309,1.9194275780974763,0.058233975491952805,5.095561348548092,5.445396117848543
1780771793902361800,-21.378540332669125,-0.3416683682580472,3.767519340565361,-9.62320327758789,-0.19227539002895355,-2.227724552154541,0,-23.2979679107666,-0.39990234375,-1.3280420079827309,1.9194275780974763,0.058233975491952805,5.095561348548092,5.445396117848543
1780771793902361800,-21.345790779362837,-0.3450083909069598,3.83122187171966,-9.62320327758789,-0.19227539002895355,-2.227724552154541,0,-23.2979679107666,-0.39990234375,-1.3280420079827309,1.952177131403765,0.05489395284304022,5.159263879702391,5.516521791748523
1780771793902361800,-21.345790779362837,-0.3450083909069598,3.83122187171966,-9.62320327758789,-0.19227539002895355,-2.227724552154541,0,-23.2979679107666,-0.39990234375,-1.3280420079827309,1.952177131403765,0.05489395284304022,5.159263879702391,5.516521791748523
1780771793902361800,-21.345790779362837,-0.3450083909069598,3.83122187171966,-9.62320327758789,-0.19227539002895355,-2.227724552154541,0,-23.2979679107666,-0.39990234375,-1.3280420079827309,1.952177131403765,0.05489395284304022,5.159263879702391,5.516521791748523
1780771793902361800,-21.345790779362837,-0.3450083909069598,3.83122187171966,-9.62320327758789,-0.19227539002895355,-2.227724552154541,0,-23.2979679107666,-0.39990234375,-1.3280420079827309,1.952177131403765,0.05489395284304022,5.159263879702391,5.516521791748523
1780771793902361800,-21.345790779362837,-0.3450083909069598,3.83122187171966,-9.62320327758789,-0.19227539002895355,-2.227724552154541,0,-23.2979679107666,-0.39990234375,-1.3280420079827309,1.952177131403765,0.05489395284304022,5.159263879702391,5.516521791748523
1780771793902361800,-21.378458084792154,-0.3479428326534207,3.872927777688429,-9.674139976501465,-0.19345702230930328,-2.22119140625,0,-23.2979679107666,-0.39990234375,-1.3280420079827309,1.9195098259744476,0.051959511096579314,5.20096978567116,5.544123418022921
1780771793902361800,-21.378458084792154,-0.3479428326534207,3.872927777688429,-9.674139976501465,-0.19345702230930328,-2.22119140625,0,-23.2979679107666,-0.39990234375,-1.3280420079827309,1.9195098259744476,0.051959511096579314,5.20096978567116,5.544123418022921
1780771793902361800,-21.378458084792154,-0.3479428326534207,3.872927777688429,-9.674139976501465,-0.19345702230930328,-2.22119140625,0,-23.2979679107666,-0.39990234375,-1.3280420079827309,1.9195098259744476,0.051959511096579314,5.20096978567116,5.544123418022921
1780771793902361800,-21.378458084792154,-0.3479428326534207,3.872927777688429,-9.674139976501465,-0.19345702230930328,-2.22119140625,0,-23.2979679107666,-0.39990234375,-1.3280420079827309,1.9195098259744476,0.051959511096579314,5.20096978567116,5.544123418022921
1780771793902361800,-21.378458084792154,-0.3479428326534207,3.872927777688429,-9.674139976501465,-0.19345702230930328,-2.22119140625,0,-23.2979679107666,-0.39990234375,-1.3280420079827309,1.9195098259744476,0.051959511096579314,5.20096978567116,5.544123418022921
1780771793902361800,-21.378458084792154,-0.3479428326534207,3.872927777688429,-9.674139976501465,-0.19345702230930328,-2.22119140625,0,-23.2979679107666,-0.39990234375,-1.3280420079827309,1.9195098259744476,0.051959511096579314,5.20096978567116,5.544123418022921
1780771793902361800,-21.359884365542666,-0.3496700415143484,3.9084246045885536,-9.674139976501465,-0.19345702230930328,-2.22119140625,0,-23.2979679107666,-0.39990234375,-1.3280420079827309,1.938083545223936,0.050232302235651616,5.236466612571284,5.583840407553699
1780771793902361800,-21.41074381683661,-0.35084192843527734,3.9151337034044715,-9.72499942779541,-0.19462890923023224,-2.214482307434082,0,-23.2979679107666,-0.39990234375,-1.3280420079827309,1.8872240939299907,0.04906041531472266,5.243175711387202,5.572693535943047
1780771793902361800,-21.41074381683661,-0.35084192843527734,3.9151337034044715,-9.72499942779541,-0.19462890923023224,-2.214482307434082,0,-23.2979679107666,-0.39990234375,-1.3280420079827309,1.8872240939299907,0.04906041531472266,5.243175711387202,5.572693535943047
1780771793902361800,-21.41074381683661,-0.35084192843527734,3.9151337034044715,-9.72499942779541,-0.19462890923023224,-2.214482307434082,0,-23.2979679107666,-0.39990234375,-1.3280420079827309,1.8872240939299907,0.04906041531472266,5.243175711387202,5.572693535943047
1780771793935685000,-21.0766793650321,-0.3332094096695814,3.9320263693635935,-9.72499942779541,-0.19462890923023224,-2.214482307434082,0,-23.2979679107666,-0.39990234375,-1.3280420079827309,2.2212885457345024,0.0666929340804186,5.260068377346324,5.710244310467491
1780771793935685000,-21.0766793650321,-0.3332094096695814,3.9320263693635935,-9.72499942779541,-0.19462890923023224,-2.214482307434082,0,-23.2979679107666,-0.39990234375,-1.3280420079827309,2.2212885457345024,0.0666929340804186,5.260068377346324,5.710244310467491
1780771793935685000,-21.05779726906478,-0.3349164516284635,3.966733055330855,-9.72499942779541,-0.19462890923023224,-2.214482307434082,0,-23.2979679107666,-0.39990234375,-1.3280420079827309,2.2401706417018232,0.06498589212153649,5.294775063313586,5.749541776629245
1780771793935685000,-21.05779726906478,-0.3349164516284635,3.966733055330855,-9.72499942779541,-0.19462890923023224,-2.214482307434082,0,-23.2979679107666,-0.39990234375,-1.3280420079827309,2.2401706417018232,0.06498589212153649,5.294775063313586,5.749541776629245
1780771793935685000,-21.10857851906478,-0.33608832364823127,3.973617868639571,-9.77578067779541,-0.19580078125,-2.207597494125366,0,-23.2979679107666,-0.39990234375,-1.3280420079827309,2.1893893917018232,0.06381402010176873,5.301659876622302,5.736296329954096
1780771793935685000,-21.10857851906478,-0.33608832364823127,3.973617868639571,-9.77578067779541,-0.19580078125,-2.207597494125366,0,-23.2979679107666,-0.39990234375,-1.3280420079827309,2.1893893917018232,0.06381402010176873,5.301659876622302,5.736296329954096
1780771793935685000,-21.10857851906478,-0.33608832364823127,3.973617868639571,-9.77578067779541,-0.19580078125,-2.207597494125366,0,-23.2979679107666,-0.39990234375,-1.3280420079827309,2.1893893917018232,0.06381402010176873,5.301659876622302,5.736296329954096
1780771793935685000,-21.10857851906478,-0.33608832364823127,3.973617868639571,-9.77578067779541,-0.19580078125,-2.207597494125366,0,-23.2979679107666,-0.39990234375,-1.3280420079827309,2.1893893917018232,0.06381402010176873,5.301659876622302,5.736296329954096
1780771793935685000,-21.074297189236034,-0.3391489897102952,4.035990160288387,-9.77578067779541,-0.19580078125,-2.207597494125366,0,-23.2979679107666,-0.39990234375,-1.3280420079827309,2.223670721530567,0.06075335403970478,5.364032168271118,5.806999530744488
1780771793935685000,-21.074297189236034,-0.3391489897102952,4.035990160288387,-9.77578067779541,-0.19580078125,-2.207597494125366,0,-23.2979679107666,-0.39990234375,-1.3280420079827309,2.223670721530567,0.06075335403970478,5.364032168271118,5.806999530744488
1780771793935685000,-21.074297189236034,-0.3391489897102952,4.035990160288387,-9.77578067779541,-0.19580078125,-2.207597494125366,0,-23.2979679107666,-0.39990234375,-1.3280420079827309,2.223670721530567,0.06075335403970478,5.364032168271118,5.806999530744488
1780771793935685000,-21.215039491176952,-0.34240094462343457,4.0560437853951985,-9.916522979736328,-0.19905273616313934,-2.1875438690185547,0,-23.2979679107666,-0.39990234375,-1.3280420079827309,2.082928419589649,0.05750139912656543,5.384085793377929,5.773238003277692
1780771793935685000,-21.215039491176952,-0.34240094462343457,4.0560437853951985,-9.916522979736328,-0.19905273616313934,-2.1875438690185547,0,-23.2979679107666,-0.39990234375,-1.3280420079827309,2.082928419589649,0.05750139912656543,5.384085793377929,5.773238003277692
1780771793935685000,-21.215039491176952,-0.34240094462343457,4.0560437853951985,-9.916522979736328,-0.19905273616313934,-2.1875438690185547,0,-23.2979679107666,-0.39990234375,-1.3280420079827309,2.082928419589649,0.05750139912656543,5.384085793377929,5.773238003277692
1780771793935685000,-21.195465356955783,-0.34414951410672445,4.09129492831544,-9.916522979736328,-0.19905273616313934,-2.1875438690185547,0,-23.2979679107666,-0.39990234375,-1.3280420079827309,2.102502553810819,0.05575282964327555,5.419336936298171,5.81316077499323
1780771793935685000,-21.195465356955783,-0.34414951410672445,4.09129492831544,-9.916522979736328,-0.19905273616313934,-2.1875438690185547,0,-23.2979679107666,-0.39990234375,-1.3280420079827309,2.102502553810819,0.05575282964327555,5.419336936298171,5.81316077499323
1780771793935685000,-21.195465356955783,-0.34414951410672445,4.09129492831544,-9.916522979736328,-0.19905273616313934,-2.1875438690185547,0,-23.2979679107666,-0.39990234375,-1.3280420079827309,2.102502553810819,0.05575282964327555,5.419336936298171,5.81316077499323
1780771793935685000,-21.195465356955783,-0.34414951410672445,4.09129492831544,-9.916522979736328,-0.19905273616313934,-2.1875438690185547,0,-23.2979679107666,-0.39990234375,-1.3280420079827309,2.102502553810819,0.05575282964327555,5.419336936298171,5.81316077499323
1780771793935685000,-21.245895654807345,-0.34531161096474905,4.098843737366954,-9.96695327758789,-0.20021483302116394,-2.179995059967041,0,-23.2979679107666,-0.39990234375,-1.3280420079827309,2.0520722559592564,0.05459073278525095,5.426885745349685,5.802160768615718
1780771793935685000,-21.22559536881561,-0.3471036485467769,4.1351306556479726,-9.96695327758789,-0.20021483302116394,-2.179995059967041,0,-23.2979679107666,-0.39990234375,-1.3280420079827309,2.0723725419509904,0.05279869520322311,5.463172663630703,5.8432671689295
1780771793935685000,-21.22559536881561,-0.3471036485467769,4.1351306556479726,-9.96695327758789,-0.20021483302116394,-2.179995059967041,0,-23.2979679107666,-0.39990234375,-1.3280420079827309,2.0723725419509904,0.05279869520322311,5.463172663630703,5.8432671689295
1780771793935685000,-21.22559536881561,-0.3471036485467769,4.1351306556479726,-9.96695327758789,-0.20021483302116394,-2.179995059967041,0,-23.2979679107666,-0.39990234375,-1.3280420079827309,2.0723725419509904,0.05279869520322311,5.463172663630703,5.8432671689295
1780771793968811100,-20.9504497823715,-0.33465628013801507,4.182790552891133,-9.96695327758789,-0.20021483302116394,-2.179995059967041,0,-23.2979679107666,-0.39990234375,-1.3280420079827309,2.3475181283951017,0.06524606361198493,5.5108325608738635,5.990356744464229
1780771793968811100,-20.9504497823715,-0.33465628013801507,4.182790552891133,-9.96695327758789,-0.20021483302116394,-2.179995059967041,0,-23.2979679107666,-0.39990234375,-1.3280420079827309,2.3475181283951017,0.06524606361198493,5.5108325608738635,5.990356744464229
1780771793968811100,-20.929363125498007,-0.33647947437650244,4.219013691585907,-9.96695327758789,-0.20021483302116394,-2.179995059967041,0,-23.2979679107666,-0.39990234375,-1.3280420079827309,2.3686047852685945,0.06342286937349756,5.547055699568638,6.031926559837559
1780771793968811100,-20.979714268381308,-0.33764158613568823,4.226738215130219,-10.017304420471191,-0.20137694478034973,-2.1722705364227295,0,-23.2979679107666,-0.39990234375,-1.3280420079827309,2.3182536423852937,0.06226075761431177,5.5547802231129495,6.019448453094198
1780771793968811100,-20.979714268381308,-0.33764158613568823,4.226738215130219,-10.017304420471191,-0.20137694478034973,-2.1722705364227295,0,-23.2979679107666,-0.39990234375,-1.3280420079827309,2.3182536423852937,0.06226075761431177,5.5547802231129495,6.019448453094198
1780771793968811100,-20.979714268381308,-0.33764158613568823,4.226738215130219,-10.017304420471191,-0.20137694478034973,-2.1722705364227295,0,-23.2979679107666,-0.39990234375,-1.3280420079827309,2.3182536423852937,0.06226075761431177,5.5547802231129495,6.019448453094198
1780771793968811100,-20.979714268381308,-0.33764158613568823,4.226738215130219,-10.017304420471191,-0.20137694478034973,-2.1722705364227295,0,-23.2979679107666,-0.39990234375,-1.3280420079827309,2.3182536423852937,0.06226075761431177,5.5547802231129495,6.019448453094198
1780771793968811100,-20.979714268381308,-0.33764158613568823,4.226738215130219,-10.017304420471191,-0.20137694478034973,-2.1722705364227295,0,-23.2979679107666,-0.39990234375,-1.3280420079827309,2.3182536423852937,0.06226075761431177,5.5547802231129495,6.019448453094198
1780771793968811100,-20.979714268381308,-0.33764158613568823,4.226738215130219,-10.017304420471191,-0.20137694478034973,-2.1722705364227295,0,-23.2979679107666,-0.39990234375,-1.3280420079827309,2.3182536423852937,0.06226075761431177,5.5547802231129495,6.019448453094198
1780771793968811100,-20.940299165924507,-0.3410217941657169,4.293717078422425,-10.017304420471191,-0.20137694478034973,-2.1722705364227295,0,-23.2979679107666,-0.39990234375,-1.3280420079827309,2.357668744842094,0.058880549584283126,5.621759086405156,6.096412392145365
1780771793968811100,-20.940299165924507,-0.3410217941657169,4.293717078422425,-10.017304420471191,-0.20137694478034973,-2.1722705364227295,0,-23.2979679107666,-0.39990234375,-1.3280420079827309,2.357668744842094,0.058880549584283126,5.621759086405156,6.096412392145365
1780771793968811100,-21.08147062130781,-0.3442737490788562,4.316368512367127,-10.158475875854492,-0.20462889969348907,-2.1496191024780273,0,-23.2979679107666,-0.39990234375,-1.3280420079827309,2.2164972894587933,0.05562859467114378,5.644410520349858,6.064266229063448
1780771793968811100,-21.08147062130781,-0.3442737490788562,4.316368512367127,-10.158475875854492,-0.20462889969348907,-2.1496191024780273,0,-23.2979679107666,-0.39990234375,-1.3280420079827309,2.2164972894587933,0.05562859467114378,5.644410520349858,6.064266229063448
1780771793968811100,-21.08147062130781,-0.3442737490788562,4.316368512367127,-10.158475875854492,-0.20462889969348907,-2.1496191024780273,0,-23.2979679107666,-0.39990234375,-1.3280420079827309,2.2164972894587933,0.05562859467114378,5.644410520349858,6.064266229063448
1780771793968811100,-21.08147062130781,-0.3442737490788562,4.316368512367127,-10.158475875854492,-0.20462889969348907,-2.1496191024780273,0,-23.2979679107666,-0.39990234375,-1.3280420079827309,2.2164972894587933,0.05562859467114378,5.644410520349858,6.064266229063448
1780771793968811100,-21.035501720682838,-0.34812603023232536,4.393318163991437,-10.158475875854492,-0.20462889969348907,-2.1496191024780273,0,-23.2979679107666,-0.39990234375,-1.3280420079827309,2.2624661900837637,0.051776313517674644,5.721360171974168,6.152673911834261
1780771793968811100,-21.035501720682838,-0.34812603023232536,4.393318163991437,-10.158475875854492,-0.20462889969348907,-2.1496191024780273,0,-23.2979679107666,-0.39990234375,-1.3280420079827309,2.2624661900837637,0.051776313517674644,5.721360171974168,6.152673911834261
1780771793968811100,-21.035501720682838,-0.34812603023232536,4.393318163991437,-10.158475875854492,-0.20462889969348907,-2.1496191024780273,0,-23.2979679107666,-0.39990234375,-1.3280420079827309,2.2624661900837637,0.051776313517674644,5.721360171974168,6.152673911834261
1780771793968811100,-21.08546281077073,-0.3492783817309292,4.4017019149069645,-10.208436965942383,-0.2057812511920929,-2.1412353515625,0,-23.2979679107666,-0.39990234375,-1.3280420079827309,2.212505099995873,0.05062396201907082,5.729743922889695,6.142288419223706
1780771793968811100,-21.08546281077073,-0.3492783817309292,4.4017019149069645,-10.208436965942383,-0.2057812511920929,-2.1412353515625,0,-23.2979679107666,-0.39990234375,-1.3280420079827309,2.212505099995873,0.05062396201907082,5.729743922889695,6.142288419223706
1780771793968811100,-21.08546281077073,-0.3492783817309292,4.4017019149069645,-10.208436965942383,-0.2057812511920929,-2.1412353515625,0,-23.2979679107666,-0.39990234375,-1.3280420079827309,2.212505099995873,0.05062396201907082,5.729743922889695,6.142288419223706
1780771793968811100,-21.08546281077073,-0.3492783817309292,4.4017019149069645,-10.208436965942383,-0.2057812511920929,-2.1412353515625,0,-23.2979679107666,-0.39990234375,-1.3280420079827309,2.212505099995873,0.05062396201907082,5.729743922889695,6.142288419223706
1780771793968811100,-21.08546281077073,-0.3492783817309292,4.4017019149069645,-10.208436965942383,-0.2057812511920929,-2.1412353515625,0,-23.2979679107666,-0.39990234375,-1.3280420079827309,2.212505099995873,0.05062396201907082,5.729743922889695,6.142288419223706
1780771793968811100,-21.08546281077073,-0.3492783817309292,4.4017019149069645,-10.208436965942383,-0.2057812511920929,-2.1412353515625,0,-23.2979679107666,-0.39990234375,-1.3280420079827309,2.212505099995873,0.05062396201907082,5.729743922889695,6.142288419223706
1780771794002282900,-20.894977962708936,-0.34330943109060275,4.489754489044332,-10.208436965942383,-0.2057812511920929,-2.1412353515625,0,-23.2979679107666,-0.39990234375,-1.3280420079827309,2.402989948057666,0.056592912659397254,5.817796497027063,6.294785105867382
1780771794002282900,-20.94486085150288,-0.3444520074274634,4.498309186081075,-10.258319854736328,-0.20692382752895355,-2.132680654525757,0,-23.2979679107666,-0.39990234375,-1.3280420079827309,2.3531070592637207,0.0554503363225366,5.826351194063806,6.2838328915339385
1780771794002282900,-20.920697980450967,-0.34640637225087095,4.53705217865949,-10.258319854736328,-0.20692382752895355,-2.132680654525757,0,-23.2979679107666,-0.39990234375,-1.3280420079827309,2.3772699303156344,0.05349597149912905,5.865094186642221,6.3287916665611545
1780771794002282900,-20.920697980450967,-0.34640637225087095,4.53705217865949,-10.258319854736328,-0.20692382752895355,-2.132680654525757,0,-23.2979679107666,-0.39990234375,-1.3280420079827309,2.3772699303156344,0.05349597149912905,5.865094186642221,6.3287916665611545
1780771794002282900,-20.965712546514904,-0.35196840622435965,4.623014554247036,-10.347617149353027,-0.20897459983825684,-2.1169188022613525,0,-23.2979679107666,-0.39990234375,-1.3280420079827309,2.332255364251697,0.04793393752564035,5.951056562229767,6.391931394602534
1780771794002282900,-20.965712546514904,-0.35196840622435965,4.623014554247036,-10.347617149353027,-0.20897459983825684,-2.1169188022613525,0,-23.2979679107666,-0.39990234375,-1.3280420079827309,2.332255364251697,0.04793393752564035,5.951056562229767,6.391931394602534
1780771794002282900,-20.965712546514904,-0.35196840622435965,4.623014554247036,-10.347617149353027,-0.20897459983825684,-2.1169188022613525,0,-23.2979679107666,-0.39990234375,-1.3280420079827309,2.332255364251697,0.04793393752564035,5.951056562229767,6.391931394602534
1780771794002282900,-20.965712546514904,-0.35196840622435965,4.623014554247036,-10.347617149353027,-0.20897459983825684,-2.1169188022613525,0,-23.2979679107666,-0.39990234375,-1.3280420079827309,2.332255364251697,0.04793393752564035,5.951056562229767,6.391931394602534
1780771794002282900,-21.01654563703333,-0.3583025513313802,4.722581780200245,-10.450156211853027,-0.21131835877895355,-2.0980420112609863,0,-23.2979679107666,-0.39990234375,-1.3280420079827309,2.28142227373327,0.041599792418619774,6.050623788182976,6.466580731726873
1780771794002282900,-21.01654563703333,-0.3583025513313802,4.722581780200245,-10.450156211853027,-0.21131835877895355,-2.0980420112609863,0,-23.2979679107666,-0.39990234375,-1.3280420079827309,2.28142227373327,0.041599792418619774,6.050623788182976,6.466580731726873
1780771794002282900,-21.01654563703333,-0.3583025513313802,4.722581780200245,-10.450156211853027,-0.21131835877895355,-2.0980420112609863,0,-23.2979679107666,-0.39990234375,-1.3280420079827309,2.28142227373327,0.041599792418619774,6.050623788182976,6.466580731726873
1780771794002282900,-21.01654563703333,-0.3583025513313802,4.722581780200245,-10.450156211853027,-0.21131835877895355,-2.0980420112609863,0,-23.2979679107666,-0.39990234375,-1.3280420079827309,2.28142227373327,0.041599792418619774,6.050623788182976,6.466580731726873
1780771794002282900,-21.01654563703333,-0.3583025513313802,4.722581780200245,-10.450156211853027,-0.21131835877895355,-2.0980420112609863,0,-23.2979679107666,-0.39990234375,-1.3280420079827309,2.28142227373327,0.041599792418619774,6.050623788182976,6.466580731726873
1780771794002282900,-21.01654563703333,-0.3583025513313802,4.722581780200245,-10.450156211853027,-0.21131835877895355,-2.0980420112609863,0,-23.2979679107666,-0.39990234375,-1.3280420079827309,2.28142227373327,0.041599792418619774,6.050623788182976,6.466580731726873
1780771794002282900,-21.01654563703333,-0.3583025513313802,4.722581780200245,-10.450156211853027,-0.21131835877895355,-2.0980420112609863,0,-23.2979679107666,-0.39990234375,-1.3280420079827309,2.28142227373327,0.041599792418619774,6.050623788182976,6.466580731726873
1780771794002282900,-21.01654563703333,-0.3583025513313802,4.722581780200245,-10.450156211853027,-0.21131835877895355,-2.0980420112609863,0,-23.2979679107666,-0.39990234375,-1.3280420079827309,2.28142227373327,0.041599792418619774,6.050623788182976,6.466580731726873
1780771794036088600,-20.683266091252783,-0.36983665627255763,4.773006405070621,-10.450156211853027,-0.21131835877895355,-2.0980420112609863,0,-23.2979679107666,-0.39990234375,-1.3280420079827309,2.6147018195138187,0.03006568747744237,6.101048413053352,6.637797924685052
1780771794036088600,-20.732679772283056,-0.3709694574476751,4.782386268809635,-10.4995698928833,-0.21245115995407104,-2.0886621475219727,0,-23.2979679107666,-0.39990234375,-1.3280420079827309,2.5652881384835453,0.02893288630232488,6.110428276792366,6.627131662429672
1780771794036088600,-20.732679772283056,-0.3709694574476751,4.782386268809635,-10.4995698928833,-0.21245115995407104,-2.0886621475219727,0,-23.2979679107666,-0.39990234375,-1.3280420079827309,2.5652881384835453,0.02893288630232488,6.110428276792366,6.627131662429672
1780771794036088600,-20.732679772283056,-0.3709694574476751,4.782386268809635,-10.4995698928833,-0.21245115995407104,-2.0886621475219727,0,-23.2979679107666,-0.39990234375,-1.3280420079827309,2.5652881384835453,0.02893288630232488,6.110428276792366,6.627131662429672
1780771794036088600,-20.732679772283056,-0.3709694574476751,4.782386268809635,-10.4995698928833,-0.21245115995407104,-2.0886621475219727,0,-23.2979679107666,-0.39990234375,-1.3280420079827309,2.5652881384835453,0.02893288630232488,6.110428276792366,6.627131662429672
1780771794036088600,-20.662570250478037,-0.37612996682678274,4.8855478560405965,-10.4995698928833,-0.21245115995407104,-2.0886621475219727,0,-23.2979679107666,-0.39990234375,-1.3280420079827309,2.6353976602885645,0.023772376923217264,6.213589864023327,6.749413674687043
1780771794036088600,-20.662570250478037,-0.37612996682678274,4.8855478560405965,-10.4995698928833,-0.21245115995407104,-2.0886621475219727,0,-23.2979679107666,-0.39990234375,-1.3280420079827309,2.6353976602885645,0.023772376923217264,6.213589864023327,6.749413674687043
1780771794036088600,-20.747102034535654,-0.3780635713056188,4.901998022742867,-10.584101676940918,-0.2143847644329071,-2.072211980819702,0,-23.2979679107666,-0.39990234375,-1.3280420079827309,2.5508658762309473,0.021838772444381205,6.230040030725598,6.732071927344862
1780771794036088600,-20.747102034535654,-0.3780635713056188,4.901998022742867,-10.584101676940918,-0.2143847644329071,-2.072211980819702,0,-23.2979679107666,-0.39990234375,-1.3280420079827309,2.5508658762309473,0.021838772444381205,6.230040030725598,6.732071927344862
1780771794036088600,-20.747102034535654,-0.3780635713056188,4.901998022742867,-10.584101676940918,-0.2143847644329071,-2.072211980819702,0,-23.2979679107666,-0.39990234375,-1.3280420079827309,2.5508658762309473,0.021838772444381205,6.230040030725598,6.732071927344862
1780771794036088600,-20.747102034535654,-0.3780635713056188,4.901998022742867,-10.584101676940918,-0.2143847644329071,-2.072211980819702,0,-23.2979679107666,-0.39990234375,-1.3280420079827309,2.5508658762309473,0.021838772444381205,6.230040030725598,6.732071927344862
1780771794036088600,-20.720689280100373,-0.37994742106687174,4.940287784904687,-10.584101676940918,-0.2143847644329071,-2.072211980819702,0,-23.2979679107666,-0.39990234375,-1.3280420079827309,2.5772786306662283,0.019954922683128262,6.2683297928874175,6.7775158968037905
1780771794036088600,-20.720689280100373,-0.37994742106687174,4.940287784904687,-10.584101676940918,-0.2143847644329071,-2.072211980819702,0,-23.2979679107666,-0.39990234375,-1.3280420079827309,2.5772786306662283,0.019954922683128262,6.2683297928874175,6.7775158968037905
1780771794036088600,-20.720689280100373,-0.37994742106687174,4.940287784904687,-10.584101676940918,-0.2143847644329071,-2.072211980819702,0,-23.2979679107666,-0.39990234375,-1.3280420079827309,2.5772786306662283,0.019954922683128262,6.2683297928874175,6.7775158968037905
1780771794036088600,-20.818891985483674,-0.3821837426353608,4.960121826500146,-10.682304382324219,-0.21662108600139618,-2.052377939224243,0,-23.2979679107666,-0.39990234375,-1.3280420079827309,2.4790759252829275,0.017718601114639188,6.2881638344828765,6.759225976503616
1780771794036088600,-20.792225324084182,-0.38406689219072554,4.998468297039541,-10.682304382324219,-0.21662108600139618,-2.052377939224243,0,-23.2979679107666,-0.39990234375,-1.3280420079827309,2.5057425866824197,0.01583545155927446,6.326510305022272,6.804684365331943
1780771794036088600,-20.792225324084182,-0.38406689219072554,4.998468297039541,-10.682304382324219,-0.21662108600139618,-2.052377939224243,0,-23.2979679107666,-0.39990234375,-1.3280420079827309,2.5057425866824197,0.01583545155927446,6.326510305022272,6.804684365331943
1780771794036088600,-20.792225324084182,-0.38406689219072554,4.998468297039541,-10.682304382324219,-0.21662108600139618,-2.052377939224243,0,-23.2979679107666,-0.39990234375,-1.3280420079827309,2.5057425866824197,0.01583545155927446,6.326510305022272,6.804684365331943
1780771794036088600,-20.792225324084182,-0.38406689219072554,4.998468297039541,-10.682304382324219,-0.21662108600139618,-2.052377939224243,0,-23.2979679107666,-0.39990234375,-1.3280420079827309,2.5057425866824197,0.01583545155927446,6.326510305022272,6.804684365331943
1780771794036088600,-20.792225324084182,-0.38406689219072554,4.998468297039541,-10.682304382324219,-0.21662108600139618,-2.052377939224243,0,-23.2979679107666,-0.39990234375,-1.3280420079827309,2.5057425866824197,0.01583545155927446,6.326510305022272,6.804684365331943
1780771794068828000,-20.585510755215342,-0.36677497805343184,5.102809508459796,-10.731249809265137,-0.21773436665534973,-2.0422117710113525,0,-23.2979679107666,-0.39990234375,-1.3280420079827309,2.7124571555512595,0.033127365696568156,6.430851516442527,6.979568215125515
1780771794068828000,-20.585510755215342,-0.36677497805343184,5.102809508459796,-10.731249809265137,-0.21773436665534973,-2.0422117710113525,0,-23.2979679107666,-0.39990234375,-1.3280420079827309,2.7124571555512595,0.033127365696568156,6.430851516442527,6.979568215125515
1780771794068828000,-20.585510755215342,-0.36677497805343184,5.102809508459796,-10.731249809265137,-0.21773436665534973,-2.0422117710113525,0,-23.2979679107666,-0.39990234375,-1.3280420079827309,2.7124571555512595,0.033127365696568156,6.430851516442527,6.979568215125515
1780771794068828000,-20.585510755215342,-0.36677497805343184,5.102809508459796,-10.731249809265137,-0.21773436665534973,-2.0422117710113525,0,-23.2979679107666,-0.39990234375,-1.3280420079827309,2.7124571555512595,0.033127365696568156,6.430851516442527,6.979568215125515
1780771794068828000,-20.585510755215342,-0.36677497805343184,5.102809508459796,-10.731249809265137,-0.21773436665534973,-2.0422117710113525,0,-23.2979679107666,-0.39990234375,-1.3280420079827309,2.7124571555512595,0.033127365696568156,6.430851516442527,6.979568215125515
1780771794068828000,-20.585510755215342,-0.36677497805343184,5.102809508459796,-10.731249809265137,-0.21773436665534973,-2.0422117710113525,0,-23.2979679107666,-0.39990234375,-1.3280420079827309,2.7124571555512595,0.033127365696568156,6.430851516442527,6.979568215125515
1780771794068828000,-20.532830363721878,-0.37007107136059314,5.17483839797846,-10.731249809265137,-0.21773436665534973,-2.0422117710113525,0,-23.2979679107666,-0.39990234375,-1.3280420079827309,2.7651375470447235,0.02983127238940686,6.502880405961191,7.06642265457727
1780771794068828000,-20.62173665186885,-0.37208278772640735,5.193764064787542,-10.82015609741211,-0.21974608302116394,-2.0232861042022705,0,-23.2979679107666,-0.39990234375,-1.3280420079827309,2.676231258897751,0.02781955602359265,6.521806072770273,7.049605813775832
1780771794068828000,-20.62173665186885,-0.37208278772640735,5.193764064787542,-10.82015609741211,-0.21974608302116394,-2.0232861042022705,0,-23.2979679107666,-0.39990234375,-1.3280420079827309,2.676231258897751,0.02781955602359265,6.521806072770273,7.049605813775832
1780771794068828000,-20.62173665186885,-0.37208278772640735,5.193764064787542,-10.82015609741211,-0.21974608302116394,-2.0232861042022705,0,-23.2979679107666,-0.39990234375,-1.3280420079827309,2.676231258897751,0.02781955602359265,6.521806072770273,7.049605813775832
1780771794068828000,-20.689119796619657,-0.37604142039137245,5.255483962942589,-10.91738224029541,-0.22194334864616394,-2.001884698867798,0,-23.2979679107666,-0.39990234375,-1.3280420079827309,2.6088481141469444,0.02386092335862755,6.5835259709253195,7.081629193638973
1780771794068828000,-20.689119796619657,-0.37604142039137245,5.255483962942589,-10.91738224029541,-0.22194334864616394,-2.001884698867798,0,-23.2979679107666,-0.39990234375,-1.3280420079827309,2.6088481141469444,0.02386092335862755,6.5835259709253195,7.081629193638973
1780771794068828000,-20.689119796619657,-0.37604142039137245,5.255483962942589,-10.91738224029541,-0.22194334864616394,-2.001884698867798,0,-23.2979679107666,-0.39990234375,-1.3280420079827309,2.6088481141469444,0.02386092335862755,6.5835259709253195,7.081629193638973
1780771794068828000,-20.689119796619657,-0.37604142039137245,5.255483962942589,-10.91738224029541,-0.22194334864616394,-2.001884698867798,0,-23.2979679107666,-0.39990234375,-1.3280420079827309,2.6088481141469444,0.02386092335862755,6.5835259709253195,7.081629193638973
1780771794068828000,-20.689119796619657,-0.37604142039137245,5.255483962942589,-10.91738224029541,-0.22194334864616394,-2.001884698867798,0,-23.2979679107666,-0.39990234375,-1.3280420079827309,2.6088481141469444,0.02386092335862755,6.5835259709253195,7.081629193638973
1780771794068828000,-20.649806321450104,-0.37794001803984567,5.3080802478688955,-10.91738224029541,-0.22194334864616394,-2.001884698867798,0,-23.2979679107666,-0.39990234375,-1.3280420079827309,2.648161589316498,0.02196232571015433,6.636122255851626,7.145023494817296
1780771794068828000,-20.649806321450104,-0.37794001803984567,5.3080802478688955,-10.91738224029541,-0.22194334864616394,-2.001884698867798,0,-23.2979679107666,-0.39990234375,-1.3280420079827309,2.648161589316498,0.02196232571015433,6.636122255851626,7.145023494817296
1780771794068828000,-20.649806321450104,-0.37794001803984567,5.3080802478688955,-10.91738224029541,-0.22194334864616394,-2.001884698867798,0,-23.2979679107666,-0.39990234375,-1.3280420079827309,2.648161589316498,0.02196232571015433,6.636122255851626,7.145023494817296
1780771794068828000,-20.649806321450104,-0.37794001803984567,5.3080802478688955,-10.91738224029541,-0.22194334864616394,-2.001884698867798,0,-23.2979679107666,-0.39990234375,-1.3280420079827309,2.648161589316498,0.02196232571015433,6.636122255851626,7.145023494817296
1780771794102336900,-20.317668808210442,-0.3734225605978168,5.3162378066584965,-10.91738224029541,-0.22194334864616394,-2.001884698867798,0,-23.2979679107666,-0.39990234375,-1.3280420079827309,2.9802991025561596,0.02647978315218319,6.644279814641227,7.282124564635083
1780771794102336900,-20.317668808210442,-0.3734225605978168,5.3162378066584965,-10.91738224029541,-0.22194334864616394,-2.001884698867798,0,-23.2979679107666,-0.39990234375,-1.3280420079827309,2.9802991025561596,0.02647978315218319,6.644279814641227,7.282124564635083
1780771794102336900,-20.317668808210442,-0.3734225605978168,5.3162378066584965,-10.91738224029541,-0.22194334864616394,-2.001884698867798,0,-23.2979679107666,-0.39990234375,-1.3280420079827309,2.9802991025561596,0.02647978315218319,6.644279814641227,7.282124564635083
1780771794102336900,-20.268517463453605,-0.3755311809087569,5.378896515370888,-10.91738224029541,-0.22194334864616394,-2.001884698867798,0,-23.2979679107666,-0.39990234375,-1.3280420079827309,3.029450447312996,0.024371162841243077,6.706938523353619,7.3594285323215125
1780771794102336900,-20.268517463453605,-0.3755311809087569,5.378896515370888,-10.91738224029541,-0.22194334864616394,-2.001884698867798,0,-23.2979679107666,-0.39990234375,-1.3280420079827309,3.029450447312996,0.024371162841243077,6.706938523353619,7.3594285323215125
1780771794102336900,-20.268517463453605,-0.3755311809087569,5.378896515370888,-10.91738224029541,-0.22194334864616394,-2.001884698867798,0,-23.2979679107666,-0.39990234375,-1.3280420079827309,3.029450447312996,0.024371162841243077,6.706938523353619,7.3594285323215125
1780771794102336900,-20.40347859168847,-0.37856829087980337,5.409716765882058,-11.052343368530273,-0.2249804586172104,-1.9710644483566284,0,-23.2979679107666,-0.39990234375,-1.3280420079827309,2.894489319078133,0.02133405287019663,6.737758773864789,7.33320645112772
1780771794102336900,-20.40347859168847,-0.37856829087980337,5.409716765882058,-11.052343368530273,-0.2249804586172104,-1.9710644483566284,0,-23.2979679107666,-0.39990234375,-1.3280420079827309,2.894489319078133,0.02133405287019663,6.737758773864789,7.33320645112772
1780771794102336900,-20.29525319079572,-0.38291232304179823,5.544714024971068,-11.052343368530273,-0.2249804586172104,-1.9710644483566284,0,-23.2979679107666,-0.39990234375,-1.3280420079827309,3.002714719970882,0.01699002070820177,6.872756032953799,7.500090655374527
1780771794102336900,-20.29525319079572,-0.38291232304179823,5.544714024971068,-11.052343368530273,-0.2249804586172104,-1.9710644483566284,0,-23.2979679107666,-0.39990234375,-1.3280420079827309,3.002714719970882,0.01699002070820177,6.872756032953799,7.500090655374527
1780771794102336900,-20.29525319079572,-0.38291232304179823,5.544714024971068,-11.052343368530273,-0.2249804586172104,-1.9710644483566284,0,-23.2979679107666,-0.39990234375,-1.3280420079827309,3.002714719970882,0.01699002070820177,6.872756032953799,7.500090655374527
1780771794102336900,-20.29525319079572,-0.38291232304179823,5.544714024971068,-11.052343368530273,-0.2249804586172104,-1.9710644483566284,0,-23.2979679107666,-0.39990234375,-1.3280420079827309,3.002714719970882,0.01699002070820177,6.872756032953799,7.500090655374527
1780771794102336900,-20.29525319079572,-0.38291232304179823,5.544714024971068,-11.052343368530273,-0.2249804586172104,-1.9710644483566284,0,-23.2979679107666,-0.39990234375,-1.3280420079827309,3.002714719970882,0.01699002070820177,6.872756032953799,7.500090655374527
1780771794102336900,-20.27368883480656,-0.38670897116192804,5.640934294044157,-11.100507736206055,-0.22606444358825684,-1.9597362279891968,0,-23.2979679107666,-0.39990234375,-1.3280420079827309,3.0242790759600418,0.013193372588071961,6.968976302026888,7.596911786547368
1780771794102336900,-20.27368883480656,-0.38670897116192804,5.640934294044157,-11.100507736206055,-0.22606444358825684,-1.9597362279891968,0,-23.2979679107666,-0.39990234375,-1.3280420079827309,3.0242790759600418,0.013193372588071961,6.968976302026888,7.596911786547368
1780771794102336900,-20.27368883480656,-0.38670897116192804,5.640934294044157,-11.100507736206055,-0.22606444358825684,-1.9597362279891968,0,-23.2979679107666,-0.39990234375,-1.3280420079827309,3.0242790759600418,0.013193372588071961,6.968976302026888,7.596911786547368
1780771794102336900,-20.27368883480656,-0.38670897116192804,5.640934294044157,-11.100507736206055,-0.22606444358825684,-1.9597362279891968,0,-23.2979679107666,-0.39990234375,-1.3280420079827309,3.0242790759600418,0.013193372588071961,6.968976302026888,7.596911786547368
1780771794102336900,-20.27368883480656,-0.38670897116192804,5.640934294044157,-11.100507736206055,-0.22606444358825684,-1.9597362279891968,0,-23.2979679107666,-0.39990234375,-1.3280420079827309,3.0242790759600418,0.013193372588071961,6.968976302026888,7.596911786547368
1780771794102336900,-20.27368883480656,-0.38670897116192804,5.640934294044157,-11.100507736206055,-0.22606444358825684,-1.9597362279891968,0,-23.2979679107666,-0.39990234375,-1.3280420079827309,3.0242790759600418,0.013193372588071961,6.968976302026888,7.596911786547368
1780771794102336900,-20.200009604145016,-0.38954983862691794,5.728930028095283,-11.100507736206055,-0.22606444358825684,-1.9597362279891968,0,-23.2979679107666,-0.39990234375,-1.3280420079827309,3.0979583066215852,0.010352505123082056,7.0569720360780135,7.707029723694795
1780771794102336900,-20.24805666987988,-0.3906240633373824,5.740404637470283,-11.148554801940918,-0.2271386682987213,-1.9482616186141968,0,-23.2979679107666,-0.39990234375,-1.3280420079827309,3.049911240886722,0.009278280412617579,7.0684466454530135,7.698375324923471
1780771794102336900,-20.24805666987988,-0.3906240633373824,5.740404637470283,-11.148554801940918,-0.2271386682987213,-1.9482616186141968,0,-23.2979679107666,-0.39990234375,-1.3280420079827309,3.049911240886722,0.009278280412617579,7.0684466454530135,7.698375324923471
1780771794135546000,-20.15643444541531,-0.5440498630769617,6.1396671970201275,-11.148554801940918,-0.2271386682987213,-1.9482616186141968,0,-23.2979679107666,-0.39990234375,-1.3280420079827309,3.1415334653512907,-0.14414751932696168,7.467709205002858,8.102881696762864
1780771794135546000,-20.15643444541531,-0.5440498630769617,6.1396671970201275,-11.148554801940918,-0.2271386682987213,-1.9482616186141968,0,-23.2979679107666,-0.39990234375,-1.3280420079827309,3.1415334653512907,-0.14414751932696168,7.467709205002858,8.102881696762864
1780771794135546000,-20.15643444541531,-0.5440498630769617,6.1396671970201275,-11.148554801940918,-0.2271386682987213,-1.9482616186141968,0,-23.2979679107666,-0.39990234375,-1.3280420079827309,3.1415334653512907,-0.14414751932696168,7.467709205002858,8.102881696762864
1780771794135546000,-20.076565583216684,-0.5470383427036261,6.227630295495452,-11.148554801940918,-0.2271386682987213,-1.9482616186141968,0,-23.2979679107666,-0.39990234375,-1.3280420079827309,3.2214023275499173,-0.14713599895362606,7.5556723034781825,8.215063354331445
1780771794135546000,-20.210627396571176,-0.5500266215694403,6.26058439228958,-11.28261661529541,-0.23012694716453552,-1.9153075218200684,0,-23.2979679107666,-0.39990234375,-1.3280420079827309,3.087340514195425,-0.15012427781944027,7.588626400272311,8.19398922334495
1780771794135546000,-20.210627396571176,-0.5500266215694403,6.26058439228958,-11.28261661529541,-0.23012694716453552,-1.9153075218200684,0,-23.2979679107666,-0.39990234375,-1.3280420079827309,3.087340514195425,-0.15012427781944027,7.588626400272311,8.19398922334495
1780771794135546000,-20.210627396571176,-0.5500266215694403,6.26058439228958,-11.28261661529541,-0.23012694716453552,-1.9153075218200684,0,-23.2979679107666,-0.39990234375,-1.3280420079827309,3.087340514195425,-0.15012427781944027,7.588626400272311,8.19398922334495
1780771794135546000,-20.065154752176696,-0.5554393922281882,6.41644599054314,-11.28261661529541,-0.23012694716453552,-1.9153075218200684,0,-23.2979679107666,-0.39990234375,-1.3280420079827309,3.232813158589906,-0.15553704847818817,7.744487998525871,8.393590831766378
1780771794135546000,-20.065154752176696,-0.5554393922281882,6.41644599054314,-11.28261661529541,-0.23012694716453552,-1.9153075218200684,0,-23.2979679107666,-0.39990234375,-1.3280420079827309,3.232813158589906,-0.15553704847818817,7.744487998525871,8.393590831766378
1780771794135546000,-20.112772664469176,-0.5564940815163275,6.428501625995411,-11.33023452758789,-0.23118163645267487,-1.9032518863677979,0,-23.2979679107666,-0.39990234375,-1.3280420079827309,3.1851952462974253,-0.1565917377663275,7.756543633978142,8.386534378107516
1780771794135546000,-20.112772664469176,-0.5564940815163275,6.428501625995411,-11.33023452758789,-0.23118163645267487,-1.9032518863677979,0,-23.2979679107666,-0.39990234375,-1.3280420079827309,3.1851952462974253,-0.1565917377663275,7.756543633978142,8.386534378107516
1780771794135546000,-19.95333417840771,-0.5622269024659596,6.5931875059509295,-11.33023452758789,-0.23118163645267487,-1.9032518863677979,0,-23.2979679107666,-0.39990234375,-1.3280420079827309,3.34463373235889,-0.16232455871595963,7.92122951393366,8.599930294973849
1780771794135546000,-19.95333417840771,-0.5622269024659596,6.5931875059509295,-11.33023452758789,-0.23118163645267487,-1.9032518863677979,0,-23.2979679107666,-0.39990234375,-1.3280420079827309,3.34463373235889,-0.16232455871595963,7.92122951393366,8.599930294973849
1780771794135546000,-19.95333417840771,-0.5622269024659596,6.5931875059509295,-11.33023452758789,-0.23118163645267487,-1.9032518863677979,0,-23.2979679107666,-0.39990234375,-1.3280420079827309,3.34463373235889,-0.16232455871595963,7.92122951393366,8.599930294973849
1780771794135546000,-20.000833835084958,-0.563281591754099,6.605399424781801,-11.377734184265137,-0.2322363257408142,-1.8910399675369263,0,-23.2979679107666,-0.39990234375,-1.3280420079827309,3.297134075681644,-0.16337924800409898,7.933441432764532,8.592862087733305
1780771794135546000,-20.000833835084958,-0.563281591754099,6.605399424781801,-11.377734184265137,-0.2322363257408142,-1.8910399675369263,0,-23.2979679107666,-0.39990234375,-1.3280420079827309,3.297134075681644,-0.16337924800409898,7.933441432764532,8.592862087733305
1780771794135546000,-20.000833835084958,-0.563281591754099,6.605399424781801,-11.377734184265137,-0.2322363257408142,-1.8910399675369263,0,-23.2979679107666,-0.39990234375,-1.3280420079827309,3.297134075681644,-0.16337924800409898,7.933441432764532,8.592862087733305
1780771794135546000,-20.000833835084958,-0.563281591754099,6.605399424781801,-11.377734184265137,-0.2322363257408142,-1.8910399675369263,0,-23.2979679107666,-0.39990234375,-1.3280420079827309,3.297134075681644,-0.16337924800409898,7.933441432764532,8.592862087733305
1780771794168946700,-19.842059524224375,-0.5509554485321042,6.707432868010116,-11.377734184265137,-0.2322363257408142,-1.8910399675369263,0,-23.2979679107666,-0.39990234375,-1.3280420079827309,3.4559083865422267,-0.1510531047821042,8.035474875992847,8.748427075729069
1780771794168946700,-19.842059524224375,-0.5509554485321042,6.707432868010116,-11.377734184265137,-0.2322363257408142,-1.8910399675369263,0,-23.2979679107666,-0.39990234375,-1.3280420079827309,3.4559083865422267,-0.1510531047821042,8.035474875992847,8.748427075729069
1780771794168946700,-19.842059524224375,-0.5509554485321042,6.707432868010116,-11.377734184265137,-0.2322363257408142,-1.8910399675369263,0,-23.2979679107666,-0.39990234375,-1.3280420079827309,3.4559083865422267,-0.1510531047821042,8.035474875992847,8.748427075729069
1780771794168946700,-19.889441878960703,-0.5520003626585004,6.719796063429428,-11.425116539001465,-0.2332812398672104,-1.8786767721176147,0,-23.2979679107666,-0.39990234375,-1.3280420079827309,3.4085260318058985,-0.1520980189085004,8.047838071412158,8.741217371769524
1780771794168946700,-19.81001852335359,-0.5545368470435543,6.797170966934454,-11.425116539001465,-0.2332812398672104,-1.8786767721176147,0,-23.2979679107666,-0.39990234375,-1.3280420079827309,3.4879493874130105,-0.15463450329355433,8.125212974917185,8.843573296271492
1780771794168946700,-19.81001852335359,-0.5545368470435543,6.797170966934454,-11.425116539001465,-0.2332812398672104,-1.8786767721176147,0,-23.2979679107666,-0.39990234375,-1.3280420079827309,3.4879493874130105,-0.15463450329355433,8.125212974917185,8.843573296271492
1780771794168946700,-19.81001852335359,-0.5545368470435543,6.797170966934454,-11.425116539001465,-0.2332812398672104,-1.8786767721176147,0,-23.2979679107666,-0.39990234375,-1.3280420079827309,3.4879493874130105,-0.15463450329355433,8.125212974917185,8.843573296271492
1780771794168946700,-19.81001852335359,-0.5545368470435543,6.797170966934454,-11.425116539001465,-0.2332812398672104,-1.8786767721176147,0,-23.2979679107666,-0.39990234375,-1.3280420079827309,3.4879493874130105,-0.15463450329355433,8.125212974917185,8.843573296271492
1780771794168946700,-19.720147197295,-0.5635679354738339,7.043743331951246,-11.559062004089355,-0.23623046278953552,-1.8427441120147705,0,-23.2979679107666,-0.39990234375,-1.3280420079827309,3.5778207134716027,-0.16366559172383388,8.371785339933977,9.105733208347049
1780771794168946700,-19.720147197295,-0.5635679354738339,7.043743331951246,-11.559062004089355,-0.23623046278953552,-1.8427441120147705,0,-23.2979679107666,-0.39990234375,-1.3280420079827309,3.5778207134716027,-0.16366559172383388,8.371785339933977,9.105733208347049
1780771794168946700,-19.720147197295,-0.5635679354738339,7.043743331951246,-11.559062004089355,-0.23623046278953552,-1.8427441120147705,0,-23.2979679107666,-0.39990234375,-1.3280420079827309,3.5778207134716027,-0.16366559172383388,8.371785339933977,9.105733208347049
1780771794168946700,-19.720147197295,-0.5635679354738339,7.043743331951246,-11.559062004089355,-0.23623046278953552,-1.8427441120147705,0,-23.2979679107666,-0.39990234375,-1.3280420079827309,3.5778207134716027,-0.16366559172383388,8.371785339933977,9.105733208347049
1780771794168946700,-19.720147197295,-0.5635679354738339,7.043743331951246,-11.559062004089355,-0.23623046278953552,-1.8427441120147705,0,-23.2979679107666,-0.39990234375,-1.3280420079827309,3.5778207134716027,-0.16366559172383388,8.371785339933977,9.105733208347049
1780771794168946700,-19.641037285005225,-0.5654290272135356,7.115683445731921,-11.559062004089355,-0.23623046278953552,-1.8427441120147705,0,-23.2979679107666,-0.39990234375,-1.3280420079827309,3.656930625761376,-0.1655266834635356,8.443725453714652,9.203099489969595
1780771794168946700,-19.641037285005225,-0.5654290272135356,7.115683445731921,-11.559062004089355,-0.23623046278953552,-1.8427441120147705,0,-23.2979679107666,-0.39990234375,-1.3280420079827309,3.656930625761376,-0.1655266834635356,8.443725453714652,9.203099489969595
1780771794168946700,-19.687951385652198,-0.5664544208187678,7.128622898856921,-11.605976104736328,-0.23725585639476776,-1.8298046588897705,0,-23.2979679107666,-0.39990234375,-1.3280420079827309,3.6100165251144034,-0.16655207706876785,8.456664906839652,9.196474338166137
1780771794168946700,-19.687951385652198,-0.5664544208187678,7.128622898856921,-11.605976104736328,-0.23725585639476776,-1.8298046588897705,0,-23.2979679107666,-0.39990234375,-1.3280420079827309,3.6100165251144034,-0.16655207706876785,8.456664906839652,9.196474338166137
1780771794168946700,-19.687951385652198,-0.5664544208187678,7.128622898856921,-11.605976104736328,-0.23725585639476776,-1.8298046588897705,0,-23.2979679107666,-0.39990234375,-1.3280420079827309,3.6100165251144034,-0.16655207706876785,8.456664906839652,9.196474338166137
1780771794202537900,-19.369452048642827,-0.5449561269145766,7.137553453933814,-11.605976104736328,-0.23725585639476776,-1.8298046588897705,0,-23.2979679107666,-0.39990234375,-1.3280420079827309,3.928515862123774,-0.14505378316457662,8.465595461916545,9.333840795931247
1780771794202537900,-19.289948903471164,-0.5466855861807571,7.205712204153736,-11.605976104736328,-0.23725585639476776,-1.8298046588897705,0,-23.2979679107666,-0.39990234375,-1.3280420079827309,4.008019007295438,-0.14678324243075713,8.533754212136467,9.429248254036844
1780771794202537900,-19.336706601530246,-0.5477109797859894,7.218798165495594,-11.65273380279541,-0.23828125,-1.8167186975479126,0,-23.2979679107666,-0.39990234375,-1.3280420079827309,3.961261309236356,-0.14780863603598937,8.546840173478325,9.421354228767898
1780771794202537900,-19.336706601530246,-0.5477109797859894,7.218798165495594,-11.65273380279541,-0.23828125,-1.8167186975479126,0,-23.2979679107666,-0.39990234375,-1.3280420079827309,3.961261309236356,-0.14780863603598937,8.546840173478325,9.421354228767898
1780771794202537900,-19.336706601530246,-0.5477109797859894,7.218798165495594,-11.65273380279541,-0.23828125,-1.8167186975479126,0,-23.2979679107666,-0.39990234375,-1.3280420079827309,3.961261309236356,-0.14780863603598937,8.546840173478325,9.421354228767898
1780771794202537900,-19.336706601530246,-0.5477109797859894,7.218798165495594,-11.65273380279541,-0.23828125,-1.8167186975479126,0,-23.2979679107666,-0.39990234375,-1.3280420079827309,3.961261309236356,-0.14780863603598937,8.546840173478325,9.421354228767898
1780771794202537900,-19.19161035278885,-0.5506839644026622,7.340109062091818,-11.65273380279541,-0.23828125,-1.8167186975479126,0,-23.2979679107666,-0.39990234375,-1.3280420079827309,4.106357557977752,-0.1507816206526622,8.668151070074549,9.592796800971144
1780771794202537900,-19.19161035278885,-0.5506839644026622,7.340109062091818,-11.65273380279541,-0.23828125,-1.8167186975479126,0,-23.2979679107666,-0.39990234375,-1.3280420079827309,4.106357557977752,-0.1507816206526622,8.668151070074549,9.592796800971144
1780771794202537900,-19.19161035278885,-0.5506839644026622,7.340109062091818,-11.65273380279541,-0.23828125,-1.8167186975479126,0,-23.2979679107666,-0.39990234375,-1.3280420079827309,4.106357557977752,-0.1507816206526622,8.668151070074549,9.592796800971144
1780771794202537900,-19.19161035278885,-0.5506839644026622,7.340109062091818,-11.65273380279541,-0.23828125,-1.8167186975479126,0,-23.2979679107666,-0.39990234375,-1.3280420079827309,4.106357557977752,-0.1507816206526622,8.668151070074549,9.592796800971144
1780771794202537900,-19.322196976934357,-0.5535257499527797,7.377599310771933,-11.783320426940918,-0.2411230355501175,-1.7792284488677979,0,-23.2979679107666,-0.39990234375,-1.3280420079827309,3.9757709338322442,-0.1536234062027797,8.705641318754664,9.571757698565458
1780771794202537900,-19.322196976934357,-0.5535257499527797,7.377599310771933,-11.783320426940918,-0.2411230355501175,-1.7792284488677979,0,-23.2979679107666,-0.39990234375,-1.3280420079827309,3.9757709338322442,-0.1536234062027797,8.705641318754664,9.571757698565458
1780771794202537900,-19.241171300052827,-0.5551058139264105,7.44365748130736,-11.783320426940918,-0.2411230355501175,-1.7792284488677979,0,-23.2979679107666,-0.39990234375,-1.3280420079827309,4.056796610713775,-0.15520347017641045,8.771699489290091,9.665629766769758
1780771794202537900,-19.241171300052827,-0.5551058139264105,7.44365748130736,-11.783320426940918,-0.2411230355501175,-1.7792284488677979,0,-23.2979679107666,-0.39990234375,-1.3280420079827309,4.056796610713775,-0.15520347017641045,8.771699489290091,9.665629766769758
1780771794202537900,-19.241171300052827,-0.5551058139264105,7.44365748130736,-11.783320426940918,-0.2411230355501175,-1.7792284488677979,0,-23.2979679107666,-0.39990234375,-1.3280420079827309,4.056796610713775,-0.15520347017641045,8.771699489290091,9.665629766769758
1780771794202537900,-19.287420689701264,-0.5561116721093176,7.457280480498644,-11.829569816589355,-0.2421288937330246,-1.7656054496765137,0,-23.2979679107666,-0.39990234375,-1.3280420079827309,4.0105472210653375,-0.15620932835931756,8.785322488481375,9.658715317953934
1780771794202537900,-19.287420689701264,-0.5561116721093176,7.457280480498644,-11.829569816589355,-0.2421288937330246,-1.7656054496765137,0,-23.2979679107666,-0.39990234375,-1.3280420079827309,4.0105472210653375,-0.15620932835931756,8.785322488481375,9.658715317953934
1780771794202537900,-19.20583481921659,-0.5576648009610756,7.52260758696203,-11.829569816589355,-0.2421288937330246,-1.7656054496765137,0,-23.2979679107666,-0.39990234375,-1.3280420079827309,4.092133091550011,-0.15776245721107562,8.85064959494476,9.752150556895632
1780771794202537900,-19.20583481921659,-0.5576648009610756,7.52260758696203,-11.829569816589355,-0.2421288937330246,-1.7656054496765137,0,-23.2979679107666,-0.39990234375,-1.3280420079827309,4.092133091550011,-0.15776245721107562,8.85064959494476,9.752150556895632
1780771794202537900,-19.20583481921659,-0.5576648009610756,7.52260758696203,-11.829569816589355,-0.2421288937330246,-1.7656054496765137,0,-23.2979679107666,-0.39990234375,-1.3280420079827309,4.092133091550011,-0.15776245721107562,8.85064959494476,9.752150556895632
1780771794202537900,-19.20583481921659,-0.5576648009610756,7.52260758696203,-11.829569816589355,-0.2421288937330246,-1.7656054496765137,0,-23.2979679107666,-0.39990234375,-1.3280420079827309,4.092133091550011,-0.15776245721107562,8.85064959494476,9.752150556895632
1780771794202537900,-19.20583481921659,-0.5576648009610756,7.52260758696203,-11.829569816589355,-0.2421288937330246,-1.7656054496765137,0,-23.2979679107666,-0.39990234375,-1.3280420079827309,4.092133091550011,-0.15776245721107562,8.85064959494476,9.752150556895632
1780771794202537900,-19.20583481921659,-0.5576648009610756,7.52260758696203,-11.829569816589355,-0.2421288937330246,-1.7656054496765137,0,-23.2979679107666,-0.39990234375,-1.3280420079827309,4.092133091550011,-0.15776245721107562,8.85064959494476,9.752150556895632
1780771794235874300,-18.831029847305786,-0.5733340653627282,7.702304475872317,-11.875702857971191,-0.24312499165534973,-1.7518457174301147,0,-23.2979679107666,-0.39990234375,-1.3280420079827309,4.466938063460816,-0.17343172161272824,9.030346483855048,10.07624790501553
1780771794235874300,-18.831029847305786,-0.5733340653627282,7.702304475872317,-11.875702857971191,-0.24312499165534973,-1.7518457174301147,0,-23.2979679107666,-0.39990234375,-1.3280420079827309,4.466938063460816,-0.17343172161272824,9.030346483855048,10.07624790501553
1780771794235874300,-18.831029847305786,-0.5733340653627282,7.702304475872317,-11.875702857971191,-0.24312499165534973,-1.7518457174301147,0,-23.2979679107666,-0.39990234375,-1.3280420079827309,4.466938063460816,-0.17343172161272824,9.030346483855048,10.07624790501553
1780771794235874300,-18.831029847305786,-0.5733340653627282,7.702304475872317,-11.875702857971191,-0.24312499165534973,-1.7518457174301147,0,-23.2979679107666,-0.39990234375,-1.3280420079827309,4.466938063460816,-0.17343172161272824,9.030346483855048,10.07624790501553
1780771794235874300,-18.831029847305786,-0.5733340653627282,7.702304475872317,-11.875702857971191,-0.24312499165534973,-1.7518457174301147,0,-23.2979679107666,-0.39990234375,-1.3280420079827309,4.466938063460816,-0.17343172161272824,9.030346483855048,10.07624790501553
1780771794235874300,-18.67815648909659,-0.5759625077952181,7.812798093119444,-11.875702857971191,-0.24312499165534973,-1.7518457174301147,0,-23.2979679107666,-0.39990234375,-1.3280420079827309,4.619811421670011,-0.17606016404521807,9.140840101102174,10.24346682071426
1780771794235874300,-18.762023562155672,-0.5777789146412645,7.838262031832517,-11.959569931030273,-0.24494139850139618,-1.726381778717041,0,-23.2979679107666,-0.39990234375,-1.3280420079827309,4.535944348610929,-0.17787657089126452,9.166304039815248,10.22876145769862
1780771794235874300,-18.762023562155672,-0.5777789146412645,7.838262031832517,-11.959569931030273,-0.24494139850139618,-1.726381778717041,0,-23.2979679107666,-0.39990234375,-1.3280420079827309,4.535944348610929,-0.17787657089126452,9.166304039815248,10.22876145769862
1780771794235874300,-18.762023562155672,-0.5777789146412645,7.838262031832517,-11.959569931030273,-0.24494139850139618,-1.726381778717041,0,-23.2979679107666,-0.39990234375,-1.3280420079827309,4.535944348610929,-0.17787657089126452,9.166304039815248,10.22876145769862
1780771794235874300,-18.67777568293996,-0.5791652468776013,7.897576519853745,-11.959569931030273,-0.24494139850139618,-1.726381778717041,0,-23.2979679107666,-0.39990234375,-1.3280420079827309,4.620192227826642,-0.1792629031276013,9.225618527836476,10.319416099356935
1780771794235874300,-18.67777568293996,-0.5791652468776013,7.897576519853745,-11.959569931030273,-0.24494139850139618,-1.726381778717041,0,-23.2979679107666,-0.39990234375,-1.3280420079827309,4.620192227826642,-0.1792629031276013,9.225618527836476,10.319416099356935
1780771794235874300,-18.76906520320363,-0.5811281470393445,7.9259651392766575,-12.050859451293945,-0.24690429866313934,-1.6979931592941284,0,-23.2979679107666,-0.39990234375,-1.3280420079827309,4.52890270756297,-0.18122580328934446,9.254007147259388,10.304389880428483
1780771794235874300,-18.76906520320363,-0.5811281470393445,7.9259651392766575,-12.050859451293945,-0.24690429866313934,-1.6979931592941284,0,-23.2979679107666,-0.39990234375,-1.3280420079827309,4.52890270756297,-0.18122580328934446,9.254007147259388,10.304389880428483
1780771794235874300,-18.76906520320363,-0.5811281470393445,7.9259651392766575,-12.050859451293945,-0.24690429866313934,-1.6979931592941284,0,-23.2979679107666,-0.39990234375,-1.3280420079827309,4.52890270756297,-0.18122580328934446,9.254007147259388,10.304389880428483
1780771794235874300,-18.76906520320363,-0.5811281470393445,7.9259651392766575,-12.050859451293945,-0.24690429866313934,-1.6979931592941284,0,-23.2979679107666,-0.39990234375,-1.3280420079827309,4.52890270756297,-0.18122580328934446,9.254007147259388,10.304389880428483
1780771794235874300,-18.684614508233654,-0.5824297734940672,7.984324948406716,-12.050859451293945,-0.24690429866313934,-1.6979931592941284,0,-23.2979679107666,-0.39990234375,-1.3280420079827309,4.6133534025329475,-0.18252742974406722,9.312366956389447,10.39406196872644
1780771794235874300,-18.684614508233654,-0.5824297734940672,7.984324948406716,-12.050859451293945,-0.24690429866313934,-1.6979931592941284,0,-23.2979679107666,-0.39990234375,-1.3280420079827309,4.6133534025329475,-0.18252742974406722,9.312366956389447,10.39406196872644
1780771794235874300,-18.684614508233654,-0.5824297734940672,7.984324948406716,-12.050859451293945,-0.24690429866313934,-1.6979931592941284,0,-23.2979679107666,-0.39990234375,-1.3280420079827309,4.6133534025329475,-0.18252742974406722,9.312366956389447,10.39406196872644
1780771794235874300,-18.684614508233654,-0.5824297734940672,7.984324948406716,-12.050859451293945,-0.24690429866313934,-1.6979931592941284,0,-23.2979679107666,-0.39990234375,-1.3280420079827309,4.6133534025329475,-0.18252742974406722,9.312366956389447,10.39406196872644
1780771794269444900,-18.582700334037096,-0.5820456951921318,8.01735917393055,-12.050859451293945,-0.24690429866313934,-1.6979931592941284,0,-23.2979679107666,-0.39990234375,-1.3280420079827309,4.715267576729506,-0.18214335144213178,9.345401181913282,10.469166527070685
1780771794269444900,-18.582700334037096,-0.5820456951921318,8.01735917393055,-12.050859451293945,-0.24690429866313934,-1.6979931592941284,0,-23.2979679107666,-0.39990234375,-1.3280420079827309,4.715267576729506,-0.18214335144213178,9.345401181913282,10.469166527070685
1780771794269444900,-18.582700334037096,-0.5820456951921318,8.01735917393055,-12.050859451293945,-0.24690429866313934,-1.6979931592941284,0,-23.2979679107666,-0.39990234375,-1.3280420079827309,4.715267576729506,-0.18214335144213178,9.345401181913282,10.469166527070685
1780771794269444900,-18.497710681102877,-0.5832395625759564,8.07392189573967,-12.050859451293945,-0.24690429866313934,-1.6979931592941284,0,-23.2979679107666,-0.39990234375,-1.3280420079827309,4.800257229663725,-0.18333721882595644,9.4019639037224,10.558077820022197
1780771794269444900,-18.497710681102877,-0.5832395625759564,8.07392189573967,-12.050859451293945,-0.24690429866313934,-1.6979931592941284,0,-23.2979679107666,-0.39990234375,-1.3280420079827309,4.800257229663725,-0.18333721882595644,9.4019639037224,10.558077820022197
1780771794269444900,-18.623491740368014,-0.5859348697115384,8.114136791941757,-12.176640510559082,-0.2495996057987213,-1.657778263092041,0,-23.2979679107666,-0.39990234375,-1.3280420079827309,4.674476170398588,-0.1860325259615384,9.442178799924488,10.537555506761676
1780771794269444900,-18.472364936852713,-0.5878026607829808,8.212115792753009,-12.176640510559082,-0.2495996057987213,-1.657778263092041,0,-23.2979679107666,-0.39990234375,-1.3280420079827309,4.825602973913888,-0.18790031703298082,9.54015780073574,10.692818218501923
1780771794269444900,-18.472364936852713,-0.5878026607829808,8.212115792753009,-12.176640510559082,-0.2495996057987213,-1.657778263092041,0,-23.2979679107666,-0.39990234375,-1.3280420079827309,4.825602973913888,-0.18790031703298082,9.54015780073574,10.692818218501923
1780771794269444900,-18.472364936852713,-0.5878026607829808,8.212115792753009,-12.176640510559082,-0.2495996057987213,-1.657778263092041,0,-23.2979679107666,-0.39990234375,-1.3280420079827309,4.825602973913888,-0.18790031703298082,9.54015780073574,10.692818218501923
1780771794269444900,-18.472364936852713,-0.5878026607829808,8.212115792753009,-12.176640510559082,-0.2495996057987213,-1.657778263092041,0,-23.2979679107666,-0.39990234375,-1.3280420079827309,4.825602973913888,-0.18790031703298082,9.54015780073574,10.692818218501923
1780771794269444900,-18.472364936852713,-0.5878026607829808,8.212115792753009,-12.176640510559082,-0.2495996057987213,-1.657778263092041,0,-23.2979679107666,-0.39990234375,-1.3280420079827309,4.825602973913888,-0.18790031703298082,9.54015780073574,10.692818218501923
1780771794269444900,-18.472364936852713,-0.5878026607829808,8.212115792753009,-12.176640510559082,-0.2495996057987213,-1.657778263092041,0,-23.2979679107666,-0.39990234375,-1.3280420079827309,4.825602973913888,-0.18790031703298082,9.54015780073574,10.692818218501923
1780771794269444900,-18.391493633241492,-0.5914094442762299,8.348433686450997,-12.266484260559082,-0.25150391459465027,-1.6282421350479126,0,-23.2979679107666,-0.39990234375,-1.3280420079827309,4.90647427752511,-0.19150710052622988,9.676475694433728,10.851006712307122
1780771794269444900,-18.391493633241492,-0.5914094442762299,8.348433686450997,-12.266484260559082,-0.25150391459465027,-1.6282421350479126,0,-23.2979679107666,-0.39990234375,-1.3280420079827309,4.90647427752511,-0.19150710052622988,9.676475694433728,10.851006712307122
1780771794269444900,-18.391493633241492,-0.5914094442762299,8.348433686450997,-12.266484260559082,-0.25150391459465027,-1.6282421350479126,0,-23.2979679107666,-0.39990234375,-1.3280420079827309,4.90647427752511,-0.19150710052622988,9.676475694433728,10.851006712307122
1780771794269444900,-18.391493633241492,-0.5914094442762299,8.348433686450997,-12.266484260559082,-0.25150391459465027,-1.6282421350479126,0,-23.2979679107666,-0.39990234375,-1.3280420079827309,4.90647427752511,-0.19150710052622988,9.676475694433728,10.851006712307122
1780771794269444900,-18.391493633241492,-0.5914094442762299,8.348433686450997,-12.266484260559082,-0.25150391459465027,-1.6282421350479126,0,-23.2979679107666,-0.39990234375,-1.3280420079827309,4.90647427752511,-0.19150710052622988,9.676475694433728,10.851006712307122
1780771795802309900,-15.932104598706633,-0.434906887615551,13.542425102974377,-10.183515548706055,-0.2569335997104645,1.1756445169448853,0,-23.2979679107666,-0.39990234375,-1.3280420079827309,7.365863312059968,-0.03500454386555102,14.870467110957108,16.59481725564037
1780771795802309900,-15.932104598706633,-0.434906887615551,13.542425102974377,-10.183515548706055,-0.2569335997104645,1.1756445169448853,0,-23.2979679107666,-0.39990234375,-1.3280420079827309,7.365863312059968,-0.03500454386555102,14.870467110957108,16.59481725564037
1780771795802309900,-15.932104598706633,-0.434906887615551,13.542425102974377,-10.183515548706055,-0.2569335997104645,1.1756445169448853,0,-23.2979679107666,-0.39990234375,-1.3280420079827309,7.365863312059968,-0.03500454386555102,14.870467110957108,16.59481725564037
1780771795802309900,-16.06350497890803,-0.4274187863693493,13.480597654679025,-10.183515548706055,-0.2569335997104645,1.1756445169448853,0,-23.2979679107666,-0.39990234375,-1.3280420079827309,7.234462931858573,-0.027516442619349324,14.808639662661756,16.481323360871514
1780771795802309900,-16.06350497890803,-0.4274187863693493,13.480597654679025,-10.183515548706055,-0.2569335997104645,1.1756445169448853,0,-23.2979679107666,-0.39990234375,-1.3280420079827309,7.234462931858573,-0.027516442619349324,14.808639662661756,16.481323360871514
1780771795802309900,-16.06350497890803,-0.4274187863693493,13.480597654679025,-10.183515548706055,-0.2569335997104645,1.1756445169448853,0,-23.2979679107666,-0.39990234375,-1.3280420079827309,7.234462931858573,-0.027516442619349324,14.808639662661756,16.481323360871514
1780771795802309900,-15.944364353908028,-0.4248601675853985,13.485397497513498,-10.064374923706055,-0.25437498092651367,1.180444359779358,0,-23.2979679107666,-0.39990234375,-1.3280420079827309,7.353603556858573,-0.024957823835398518,14.813439505496229,16.538261642246745
1780771795802309900,-15.944364353908028,-0.4248601675853985,13.485397497513498,-10.064374923706055,-0.25437498092651367,1.180444359779358,0,-23.2979679107666,-0.39990234375,-1.3280420079827309,7.353603556858573,-0.024957823835398518,14.813439505496229,16.538261642246745
1780771795802309900,-15.944364353908028,-0.4248601675853985,13.485397497513498,-10.064374923706055,-0.25437498092651367,1.180444359779358,0,-23.2979679107666,-0.39990234375,-1.3280420079827309,7.353603556858573,-0.024957823835398518,14.813439505496229,16.538261642246745
1780771795802309900,-16.306202646402525,-0.40379429667475614,13.306139109699851,-10.064374923706055,-0.25437498092651367,1.180444359779358,0,-23.2979679107666,-0.39990234375,-1.3280420079827309,6.991765264364076,-0.003891952924756137,14.634181117682582,16.218632915397126
1780771795802309900,-16.306202646402525,-0.40379429667475614,13.306139109699851,-10.064374923706055,-0.25437498092651367,1.180444359779358,0,-23.2979679107666,-0.39990234375,-1.3280420079827309,6.991765264364076,-0.003891952924756137,14.634181117682582,16.218632915397126
1780771795802309900,-16.306202646402525,-0.40379429667475614,13.306139109699851,-10.064374923706055,-0.25437498092651367,1.180444359779358,0,-23.2979679107666,-0.39990234375,-1.3280420079827309,6.991765264364076,-0.003891952924756137,14.634181117682582,16.218632915397126
1780771795802309900,-16.17249178519647,-0.40089390485766324,13.311266062824851,-9.9306640625,-0.2514745891094208,1.185571312904358,0,-23.2979679107666,-0.39990234375,-1.3280420079827309,7.125476125570131,-0.0009915611076632413,14.639308070807582,16.281331388780075
1780771795802309900,-16.30023036818703,-0.39333882789719443,13.244746750520312,-9.9306640625,-0.2514745891094208,1.185571312904358,0,-23.2979679107666,-0.39990234375,-1.3280420079827309,6.997737542579571,0.006563515852805568,14.572788758503043,16.165845044244378
1780771795802309900,-16.30023036818703,-0.39333882789719443,13.244746750520312,-9.9306640625,-0.2514745891094208,1.185571312904358,0,-23.2979679107666,-0.39990234375,-1.3280420079827309,6.997737542579571,0.006563515852805568,14.572788758503043,16.165845044244378
1780771795802309900,-16.30023036818703,-0.39333882789719443,13.244746750520312,-9.9306640625,-0.2514745891094208,1.185571312904358,0,-23.2979679107666,-0.39990234375,-1.3280420079827309,6.997737542579571,0.006563515852805568,14.572788758503043,16.165845044244378
1780771795802309900,-16.30023036818703,-0.39333882789719443,13.244746750520312,-9.9306640625,-0.2514745891094208,1.185571312904358,0,-23.2979679107666,-0.39990234375,-1.3280420079827309,6.997737542579571,0.006563515852805568,14.572788758503043,16.165845044244378
1780771795802309900,-16.30023036818703,-0.39333882789719443,13.244746750520312,-9.9306640625,-0.2514745891094208,1.185571312904358,0,-23.2979679107666,-0.39990234375,-1.3280420079827309,6.997737542579571,0.006563515852805568,14.572788758503043,16.165845044244378
1780771795802309900,-16.30023036818703,-0.39333882789719443,13.244746750520312,-9.9306640625,-0.2514745891094208,1.185571312904358,0,-23.2979679107666,-0.39990234375,-1.3280420079827309,6.997737542579571,0.006563515852805568,14.572788758503043,16.165845044244378
1780771795802309900,-16.30023036818703,-0.39333882789719443,13.244746750520312,-9.9306640625,-0.2514745891094208,1.185571312904358,0,-23.2979679107666,-0.39990234375,-1.3280420079827309,6.997737542579571,0.006563515852805568,14.572788758503043,16.165845044244378
1780771795835553900,-18.85172761056753,1.051637451169266,17.38263080352945,-9.9306640625,-0.2514745891094208,1.185571312904358,0,-23.2979679107666,-0.39990234375,-1.3280420079827309,4.446240300199072,1.451539794919266,18.710672811512183,19.28640188430205
1780771795835553900,-18.85172761056753,1.051637451169266,17.38263080352945,-9.9306640625,-0.2514745891094208,1.185571312904358,0,-23.2979679107666,-0.39990234375,-1.3280420079827309,4.446240300199072,1.451539794919266,18.710672811512183,19.28640188430205
1780771795835553900,-18.85172761056753,1.051637451169266,17.38263080352945,-9.9306640625,-0.2514745891094208,1.185571312904358,0,-23.2979679107666,-0.39990234375,-1.3280420079827309,4.446240300199072,1.451539794919266,18.710672811512183,19.28640188430205
1780771795835553900,-18.85172761056753,1.051637451169266,17.38263080352945,-9.9306640625,-0.2514745891094208,1.185571312904358,0,-23.2979679107666,-0.39990234375,-1.3280420079827309,4.446240300199072,1.451539794919266,18.710672811512183,19.28640188430205
1780771795835553900,-19.135504288358852,1.0836158119635515,17.120241026491843,-9.741796493530273,-0.2473437488079071,1.1949462890625,0,-23.2979679107666,-0.39990234375,-1.3280420079827309,4.162463622407749,1.4835181557135515,18.448283034474574,18.970136437207877
1780771795835553900,-19.135504288358852,1.0836158119635515,17.120241026491843,-9.741796493530273,-0.2473437488079071,1.1949462890625,0,-23.2979679107666,-0.39990234375,-1.3280420079827309,4.162463622407749,1.4835181557135515,18.448283034474574,18.970136437207877
1780771795835553900,-19.135504288358852,1.0836158119635515,17.120241026491843,-9.741796493530273,-0.2473437488079071,1.1949462890625,0,-23.2979679107666,-0.39990234375,-1.3280420079827309,4.162463622407749,1.4835181557135515,18.448283034474574,18.970136437207877
1780771795835553900,-19.135504288358852,1.0836158119635515,17.120241026491843,-9.741796493530273,-0.2473437488079071,1.1949462890625,0,-23.2979679107666,-0.39990234375,-1.3280420079827309,4.162463622407749,1.4835181557135515,18.448283034474574,18.970136437207877
1780771795835553900,-19.297412859807977,1.093026368041938,17.022827251825916,-9.741796493530273,-0.2473437488079071,1.1949462890625,0,-23.2979679107666,-0.39990234375,-1.3280420079827309,4.000555050958624,1.492928711791938,18.350869259808647,18.84111672499359
1780771795835553900,-19.231397616277704,1.0944716912707741,17.027060612116443,-9.67578125,-0.24589842557907104,1.1991796493530273,0,-23.2979679107666,-0.39990234375,-1.3280420079827309,4.066570294488898,1.4943740350207741,18.355102620099174,18.859478781528807
1780771795835553900,-19.231397616277704,1.0944716912707741,17.027060612116443,-9.67578125,-0.24589842557907104,1.1991796493530273,0,-23.2979679107666,-0.39990234375,-1.3280420079827309,4.066570294488898,1.4943740350207741,18.355102620099174,18.859478781528807
1780771795835553900,-19.231397616277704,1.0944716912707741,17.027060612116443,-9.67578125,-0.24589842557907104,1.1991796493530273,0,-23.2979679107666,-0.39990234375,-1.3280420079827309,4.066570294488898,1.4943740350207741,18.355102620099174,18.859478781528807
1780771795835553900,-19.231397616277704,1.0944716912707741,17.027060612116443,-9.67578125,-0.24589842557907104,1.1991796493530273,0,-23.2979679107666,-0.39990234375,-1.3280420079827309,4.066570294488898,1.4943740350207741,18.355102620099174,18.859478781528807
1780771795835553900,-19.391795578476412,1.1014664137199788,16.928511660588867,-9.67578125,-0.24589842557907104,1.1991796493530273,0,-23.2979679107666,-0.39990234375,-1.3280420079827309,3.90617233229019,1.5013687574699788,18.2565536685716,18.73003049353875
1780771795835553900,-19.391795578476412,1.1014664137199788,16.928511660588867,-9.67578125,-0.24589842557907104,1.1991796493530273,0,-23.2979679107666,-0.39990234375,-1.3280420079827309,3.90617233229019,1.5013687574699788,18.2565536685716,18.73003049353875
1780771795835553900,-19.326013985153658,1.1029117220476536,16.93327729035724,-9.609999656677246,-0.24445311725139618,1.203945279121399,0,-23.2979679107666,-0.39990234375,-1.3280420079827309,3.9719539256129437,1.5028140657976536,18.26131929833997,18.74861729886967
1780771795835553900,-19.326013985153658,1.1029117220476536,16.93327729035724,-9.609999656677246,-0.24445311725139618,1.203945279121399,0,-23.2979679107666,-0.39990234375,-1.3280420079827309,3.9719539256129437,1.5028140657976536,18.26131929833997,18.74861729886967
1780771795835553900,-19.326013985153658,1.1029117220476536,16.93327729035724,-9.609999656677246,-0.24445311725139618,1.203945279121399,0,-23.2979679107666,-0.39990234375,-1.3280420079827309,3.9719539256129437,1.5028140657976536,18.26131929833997,18.74861729886967
1780771795869198800,-17.135690407456917,-0.3859772002725398,12.740555776119045,-9.609999656677246,-0.24445311725139618,1.203945279121399,0,-23.2979679107666,-0.39990234375,-1.3280420079827309,6.162277503309685,0.013925143477460211,14.068597784101776,15.359013690606924
1780771795869198800,-17.25254054940077,-0.3828636090152388,12.66351958799956,-9.609999656677246,-0.24445311725139618,1.203945279121399,0,-23.2979679107666,-0.39990234375,-1.3280420079827309,6.045427361365832,0.017038734734761196,13.99156159598229,15.24176099386808
1780771795869198800,-17.25254054940077,-0.3828636090152388,12.66351958799956,-9.609999656677246,-0.24445311725139618,1.203945279121399,0,-23.2979679107666,-0.39990234375,-1.3280420079827309,6.045427361365832,0.017038734734761196,13.99156159598229,15.24176099386808
1780771795869198800,-17.25254054940077,-0.3828636090152388,12.66351958799956,-9.609999656677246,-0.24445311725139618,1.203945279121399,0,-23.2979679107666,-0.39990234375,-1.3280420079827309,6.045427361365832,0.017038734734761196,13.99156159598229,15.24176099386808
1780771795869198800,-17.186993559959852,-0.38141830068756394,12.668822374826647,-9.544452667236328,-0.2430078089237213,1.2092480659484863,0,-23.2979679107666,-0.39990234375,-1.3280420079827309,6.1109743508067496,0.018484043062436062,13.996864382809378,15.272739169082396
1780771795869198800,-17.186993559959852,-0.38141830068756394,12.668822374826647,-9.544452667236328,-0.2430078089237213,1.2092480659484863,0,-23.2979679107666,-0.39990234375,-1.3280420079827309,6.1109743508067496,0.018484043062436062,13.996864382809378,15.272739169082396
1780771795869198800,-17.397306090103232,-0.37966481733018254,12.525760341508608,-9.544452667236328,-0.2430078089237213,1.2092480659484863,0,-23.2979679107666,-0.39990234375,-1.3280420079827309,5.90066182066337,0.020237526419817464,13.853802349491339,15.058089487650207
1780771795869198800,-17.397306090103232,-0.37966481733018254,12.525760341508608,-9.544452667236328,-0.2430078089237213,1.2092480659484863,0,-23.2979679107666,-0.39990234375,-1.3280420079827309,5.90066182066337,0.020237526419817464,13.853802349491339,15.058089487650207
1780771795869198800,-17.397306090103232,-0.37966481733018254,12.525760341508608,-9.544452667236328,-0.2430078089237213,1.2092480659484863,0,-23.2979679107666,-0.39990234375,-1.3280420079827309,5.90066182066337,0.020237526419817464,13.853802349491339,15.058089487650207
1780771795869198800,-17.397306090103232,-0.37966481733018254,12.525760341508608,-9.544452667236328,-0.2430078089237213,1.2092480659484863,0,-23.2979679107666,-0.39990234375,-1.3280420079827309,5.90066182066337,0.020237526419817464,13.853802349491339,15.058089487650207
1780771795869198800,-17.21414244721993,-0.3756120740144858,12.543426323755007,-9.361289024353027,-0.2389550656080246,1.2269140481948853,0,-23.2979679107666,-0.39990234375,-1.3280420079827309,6.08382546354667,0.02429026973551418,13.871468331737738,15.146985045430844
1780771795869198800,-17.329538743959148,-0.3761924805925281,12.462464519792054,-9.361289024353027,-0.2389550656080246,1.2269140481948853,0,-23.2979679107666,-0.39990234375,-1.3280420079827309,5.968429166807454,0.023709863157471922,13.790506527774784,15.026668931250459
1780771795869198800,-17.329538743959148,-0.3761924805925281,12.462464519792054,-9.361289024353027,-0.2389550656080246,1.2269140481948853,0,-23.2979679107666,-0.39990234375,-1.3280420079827309,5.968429166807454,0.023709863157471922,13.790506527774784,15.026668931250459
1780771795869198800,-17.329538743959148,-0.3761924805925281,12.462464519792054,-9.361289024353027,-0.2389550656080246,1.2269140481948853,0,-23.2979679107666,-0.39990234375,-1.3280420079827309,5.968429166807454,0.023709863157471922,13.790506527774784,15.026668931250459
1780771795869198800,-17.329538743959148,-0.3761924805925281,12.462464519792054,-9.361289024353027,-0.2389550656080246,1.2269140481948853,0,-23.2979679107666,-0.39990234375,-1.3280420079827309,5.968429166807454,0.023709863157471922,13.790506527774784,15.026668931250459
1780771795869198800,-17.329538743959148,-0.3761924805925281,12.462464519792054,-9.361289024353027,-0.2389550656080246,1.2269140481948853,0,-23.2979679107666,-0.39990234375,-1.3280420079827309,5.968429166807454,0.023709863157471922,13.790506527774784,15.026668931250459
1780771795869198800,-17.264851015077312,-0.3747569474265964,12.469691106133912,-9.296601295471191,-0.2375195324420929,1.2341406345367432,0,-23.2979679107666,-0.39990234375,-1.3280420079827309,6.0331168956892895,0.025145396323403624,13.797733114116642,15.059102591336536
1780771795869198800,-17.264851015077312,-0.3747569474265964,12.469691106133912,-9.296601295471191,-0.2375195324420929,1.2341406345367432,0,-23.2979679107666,-0.39990234375,-1.3280420079827309,6.0331168956892895,0.025145396323403624,13.797733114116642,15.059102591336536
1780771795869198800,-17.37978848664575,-0.37429614986690285,12.387293062941875,-9.296601295471191,-0.2375195324420929,1.2341406345367432,0,-23.2979679107666,-0.39990234375,-1.3280420079827309,5.918179424120851,0.02560619388309715,13.715335070924606,14.937734750657043
1780771795869198800,-17.37978848664575,-0.37429614986690285,12.387293062941875,-9.296601295471191,-0.2375195324420929,1.2341406345367432,0,-23.2979679107666,-0.39990234375,-1.3280420079827309,5.918179424120851,0.02560619388309715,13.715335070924606,14.937734750657043
1780771795902627100,-18.164185873745673,-0.3579943742754487,12.315495829215557,-9.296601295471191,-0.2375195324420929,1.2341406345367432,0,-23.2979679107666,-0.39990234375,-1.3280420079827309,5.133782037020929,0.041907969474551277,13.643537837198288,14.577503181155736
1780771795902627100,-18.164185873745673,-0.3579943742754487,12.315495829215557,-9.296601295471191,-0.2375195324420929,1.2341406345367432,0,-23.2979679107666,-0.39990234375,-1.3280420079827309,5.133782037020929,0.041907969474551277,13.643537837198288,14.577503181155736
1780771795902627100,-18.277962149796473,-0.35589339027209205,12.223505867578062,-9.296601295471191,-0.2375195324420929,1.2341406345367432,0,-23.2979679107666,-0.39990234375,-1.3280420079827309,5.020005760970129,0.04400895347790795,13.551547875560793,14.451534328637072
1780771795902627100,-18.213430823502527,-0.35445784220499915,12.231186522103819,-9.232069969177246,-0.236083984375,1.2418212890625,0,-23.2979679107666,-0.39990234375,-1.3280420079827309,5.084537087264074,0.04544450154500085,13.55922853008655,14.48127276607956
1780771795902627100,-18.213430823502527,-0.35445784220499915,12.231186522103819,-9.232069969177246,-0.236083984375,1.2418212890625,0,-23.2979679107666,-0.39990234375,-1.3280420079827309,5.084537087264074,0.04544450154500085,13.55922853008655,14.48127276607956
1780771795902627100,-18.213430823502527,-0.35445784220499915,12.231186522103819,-9.232069969177246,-0.236083984375,1.2418212890625,0,-23.2979679107666,-0.39990234375,-1.3280420079827309,5.084537087264074,0.04544450154500085,13.55922853008655,14.48127276607956
1780771795902627100,-18.213430823502527,-0.35445784220499915,12.231186522103819,-9.232069969177246,-0.236083984375,1.2418212890625,0,-23.2979679107666,-0.39990234375,-1.3280420079827309,5.084537087264074,0.04544450154500085,13.55922853008655,14.48127276607956
1780771795902627100,-18.213430823502527,-0.35445784220499915,12.231186522103819,-9.232069969177246,-0.236083984375,1.2418212890625,0,-23.2979679107666,-0.39990234375,-1.3280420079827309,5.084537087264074,0.04544450154500085,13.55922853008655,14.48127276607956
1780771795902627100,-18.213430823502527,-0.35445784220499915,12.231186522103819,-9.232069969177246,-0.236083984375,1.2418212890625,0,-23.2979679107666,-0.39990234375,-1.3280420079827309,5.084537087264074,0.04544450154500085,13.55922853008655,14.48127276607956
1780771795902627100,-18.520610791246042,-0.34133909239416615,11.972941181692475,-9.232069969177246,-0.236083984375,1.2418212890625,0,-23.2979679107666,-0.39990234375,-1.3280420079827309,4.777357119520559,0.058563251355833845,13.300983189675206,14.133036634561787
1780771795902627100,-18.520610791246042,-0.34133909239416615,11.972941181692475,-9.232069969177246,-0.236083984375,1.2418212890625,0,-23.2979679107666,-0.39990234375,-1.3280420079827309,4.777357119520559,0.058563251355833845,13.300983189675206,14.133036634561787
1780771795902627100,-18.345337849656687,-0.337413306971841,11.995973370108002,-9.05679702758789,-0.23215819895267487,1.2648534774780273,0,-23.2979679107666,-0.39990234375,-1.3280420079827309,4.9526300611099145,0.06248903677815898,13.324015378090733,14.214845591758126
1780771795902627100,-18.345337849656687,-0.337413306971841,11.995973370108002,-9.05679702758789,-0.23215819895267487,1.2648534774780273,0,-23.2979679107666,-0.39990234375,-1.3280420079827309,4.9526300611099145,0.06248903677815898,13.324015378090733,14.214845591758126
1780771795902627100,-18.345337849656687,-0.337413306971841,11.995973370108002,-9.05679702758789,-0.23215819895267487,1.2648534774780273,0,-23.2979679107666,-0.39990234375,-1.3280420079827309,4.9526300611099145,0.06248903677815898,13.324015378090733,14.214845591758126
1780771795902627100,-18.345337849656687,-0.337413306971841,11.995973370108002,-9.05679702758789,-0.23215819895267487,1.2648534774780273,0,-23.2979679107666,-0.39990234375,-1.3280420079827309,4.9526300611099145,0.06248903677815898,13.324015378090733,14.214845591758126
1780771795902627100,-18.345337849656687,-0.337413306971841,11.995973370108002,-9.05679702758789,-0.23215819895267487,1.2648534774780273,0,-23.2979679107666,-0.39990234375,-1.3280420079827309,4.9526300611099145,0.06248903677815898,13.324015378090733,14.214845591758126
1780771795902627100,-18.345337849656687,-0.337413306971841,11.995973370108002,-9.05679702758789,-0.23215819895267487,1.2648534774780273,0,-23.2979679107666,-0.39990234375,-1.3280420079827309,4.9526300611099145,0.06248903677815898,13.324015378090733,14.214845591758126
1780771795902627100,-18.45629123724834,-0.33063920349765197,11.898987832718461,-9.05679702758789,-0.23215819895267487,1.2648534774780273,0,-23.2979679107666,-0.39990234375,-1.3280420079827309,4.841676673518261,0.06926314025234803,13.227029840701192,14.085487169433945
1780771795902627100,-18.39254097021953,-0.3292036554305591,11.908123555832475,-8.993046760559082,-0.23072265088558197,1.273989200592041,0,-23.2979679107666,-0.39990234375,-1.3280420079827309,4.90542694054707,0.07069868831944093,13.236165563815206,14.116100403663278
1780771795902627100,-18.39254097021953,-0.3292036554305591,11.908123555832475,-8.993046760559082,-0.23072265088558197,1.273989200592041,0,-23.2979679107666,-0.39990234375,-1.3280420079827309,4.90542694054707,0.07069868831944093,13.236165563815206,14.116100403663278
1780771795902627100,-18.39254097021953,-0.3292036554305591,11.908123555832475,-8.993046760559082,-0.23072265088558197,1.273989200592041,0,-23.2979679107666,-0.39990234375,-1.3280420079827309,4.90542694054707,0.07069868831944093,13.236165563815206,14.116100403663278
1780771795902627100,-18.39254097021953,-0.3292036554305591,11.908123555832475,-8.993046760559082,-0.23072265088558197,1.273989200592041,0,-23.2979679107666,-0.39990234375,-1.3280420079827309,4.90542694054707,0.07069868831944093,13.236165563815206,14.116100403663278
1780771795902627100,-18.39254097021953,-0.3292036554305591,11.908123555832475,-8.993046760559082,-0.23072265088558197,1.273989200592041,0,-23.2979679107666,-0.39990234375,-1.3280420079827309,4.90542694054707,0.07069868831944093,13.236165563815206,14.116100403663278
1780771795935511000,-19.022740731210934,-0.32815827785615953,11.574956302861946,-8.993046760559082,-0.23072265088558197,1.273989200592041,0,-23.2979679107666,-0.39990234375,-1.3280420079827309,4.275227179555667,0.07174406589384047,12.902998310844676,13.593015855852705
1780771795935511000,-19.022740731210934,-0.32815827785615953,11.574956302861946,-8.993046760559082,-0.23072265088558197,1.273989200592041,0,-23.2979679107666,-0.39990234375,-1.3280420079827309,4.275227179555667,0.07174406589384047,12.902998310844676,13.593015855852705
1780771795935511000,-18.95918596741699,-0.32672272978906663,11.58442903063752,-8.929491996765137,-0.22928710281848907,1.2834619283676147,0,-23.2979679107666,-0.39990234375,-1.3280420079827309,4.338781943349613,0.07317961396093337,12.91247103862025,13.62212510333989
1780771795935511000,-18.95918596741699,-0.32672272978906663,11.58442903063752,-8.929491996765137,-0.22928710281848907,1.2834619283676147,0,-23.2979679107666,-0.39990234375,-1.3280420079827309,4.338781943349613,0.07317961396093337,12.91247103862025,13.62212510333989
1780771795935511000,-18.95918596741699,-0.32672272978906663,11.58442903063752,-8.929491996765137,-0.22928710281848907,1.2834619283676147,0,-23.2979679107666,-0.39990234375,-1.3280420079827309,4.338781943349613,0.07317961396093337,12.91247103862025,13.62212510333989
1780771795935511000,-18.95918596741699,-0.32672272978906663,11.58442903063752,-8.929491996765137,-0.22928710281848907,1.2834619283676147,0,-23.2979679107666,-0.39990234375,-1.3280420079827309,4.338781943349613,0.07317961396093337,12.91247103862025,13.62212510333989
1780771795935511000,-19.25523533624299,-0.3072373687177184,11.287817296488793,-8.929491996765137,-0.22928710281848907,1.2834619283676147,0,-23.2979679107666,-0.39990234375,-1.3280420079827309,4.042732574523612,0.0926649750322816,12.615859304471524,13.248100975495799
1780771795935511000,-19.25523533624299,-0.3072373687177184,11.287817296488793,-8.929491996765137,-0.22928710281848907,1.2834619283676147,0,-23.2979679107666,-0.39990234375,-1.3280420079827309,4.042732574523612,0.0926649750322816,12.615859304471524,13.248100975495799
1780771795935511000,-19.25523533624299,-0.3072373687177184,11.287817296488793,-8.929491996765137,-0.22928710281848907,1.2834619283676147,0,-23.2979679107666,-0.39990234375,-1.3280420079827309,4.042732574523612,0.0926649750322816,12.615859304471524,13.248100975495799
1780771795935511000,-19.141094825683908,-0.30465924431376484,11.305620011790307,-8.815351486206055,-0.22670897841453552,1.3012646436691284,0,-23.2979679107666,-0.39990234375,-1.3280420079827309,4.156873085082694,0.09524309943623516,12.633662019773038,13.300303798159307
1780771795935511000,-19.141094825683908,-0.30465924431376484,11.305620011790307,-8.815351486206055,-0.22670897841453552,1.3012646436691284,0,-23.2979679107666,-0.39990234375,-1.3280420079827309,4.156873085082694,0.09524309943623516,12.633662019773038,13.300303798159307
1780771795935511000,-19.244710811889412,-0.29786535148019094,11.197606337180616,-8.815351486206055,-0.22670897841453552,1.3012646436691284,0,-23.2979679107666,-0.39990234375,-1.3280420079827309,4.053257098877189,0.10203699226980906,12.525648345163347,13.165529656040546
1780771795935511000,-19.244710811889412,-0.29786535148019094,11.197606337180616,-8.815351486206055,-0.22670897841453552,1.3012646436691284,0,-23.2979679107666,-0.39990234375,-1.3280420079827309,4.053257098877189,0.10203699226980906,12.525648345163347,13.165529656040546
1780771795935511000,-19.244710811889412,-0.29786535148019094,11.197606337180616,-8.815351486206055,-0.22670897841453552,1.3012646436691284,0,-23.2979679107666,-0.39990234375,-1.3280420079827309,4.053257098877189,0.10203699226980906,12.525648345163347,13.165529656040546
1780771795935511000,-19.244710811889412,-0.29786535148019094,11.197606337180616,-8.815351486206055,-0.22670897841453552,1.3012646436691284,0,-23.2979679107666,-0.39990234375,-1.3280420079827309,4.053257098877189,0.10203699226980906,12.525648345163347,13.165529656040546
1780771795935511000,-19.244710811889412,-0.29786535148019094,11.197606337180616,-8.815351486206055,-0.22670897841453552,1.3012646436691284,0,-23.2979679107666,-0.39990234375,-1.3280420079827309,4.053257098877189,0.10203699226980906,12.525648345163347,13.165529656040546
1780771795935511000,-19.118734249389412,-0.29499425534600515,11.218402159324171,-8.689374923706055,-0.22383788228034973,1.322060465812683,0,-23.2979679107666,-0.39990234375,-1.3280420079827309,4.179233661377189,0.10490808840399485,12.546444167306902,13.224608158533474
1780771795935511000,-19.221040733340452,-0.2883769160967823,11.109502832216275,-8.689374923706055,-0.22383788228034973,1.322060465812683,0,-23.2979679107666,-0.39990234375,-1.3280420079827309,4.07692717742615,0.11152542765321771,12.437544840199006,13.089167077511469
1780771795935511000,-19.221040733340452,-0.2883769160967823,11.109502832216275,-8.689374923706055,-0.22383788228034973,1.322060465812683,0,-23.2979679107666,-0.39990234375,-1.3280420079827309,4.07692717742615,0.11152542765321771,12.437544840199006,13.089167077511469
1780771795935511000,-19.221040733340452,-0.2883769160967823,11.109502832216275,-8.689374923706055,-0.22383788228034973,1.322060465812683,0,-23.2979679107666,-0.39990234375,-1.3280420079827309,4.07692717742615,0.11152542765321771,12.437544840199006,13.089167077511469
1780771795935511000,-19.221040733340452,-0.2883769160967823,11.109502832216275,-8.689374923706055,-0.22383788228034973,1.322060465812683,0,-23.2979679107666,-0.39990234375,-1.3280420079827309,4.07692717742615,0.11152542765321771,12.437544840199006,13.089167077511469
1780771795935511000,-19.221040733340452,-0.2883769160967823,11.109502832216275,-8.689374923706055,-0.22383788228034973,1.322060465812683,0,-23.2979679107666,-0.39990234375,-1.3280420079827309,4.07692717742615,0.11152542765321771,12.437544840199006,13.089167077511469
1780771795968807800,-19.971832272106077,-0.3032968379981847,10.737695495374615,-8.626718521118164,-0.22240233421325684,1.3328173160552979,0,-23.2979679107666,-0.39990234375,-1.3280420079827309,3.3261356386605243,0.09660550575181531,12.065737503357346,12.5161708365791
1780771795968807800,-19.971832272106077,-0.3032968379981847,10.737695495374615,-8.626718521118164,-0.22240233421325684,1.3328173160552979,0,-23.2979679107666,-0.39990234375,-1.3280420079827309,3.3261356386605243,0.09660550575181531,12.065737503357346,12.5161708365791
1780771795968807800,-19.971832272106077,-0.3032968379981847,10.737695495374615,-8.626718521118164,-0.22240233421325684,1.3328173160552979,0,-23.2979679107666,-0.39990234375,-1.3280420079827309,3.3261356386605243,0.09660550575181531,12.065737503357346,12.5161708365791
1780771795968807800,-19.971832272106077,-0.3032968379981847,10.737695495374615,-8.626718521118164,-0.22240233421325684,1.3328173160552979,0,-23.2979679107666,-0.39990234375,-1.3280420079827309,3.3261356386605243,0.09660550575181531,12.065737503357346,12.5161708365791
1780771795968807800,-19.971832272106077,-0.3032968379981847,10.737695495374615,-8.626718521118164,-0.22240233421325684,1.3328173160552979,0,-23.2979679107666,-0.39990234375,-1.3280420079827309,3.3261356386605243,0.09660550575181531,12.065737503357346,12.5161708365791
1780771795968807800,-19.971832272106077,-0.3032968379981847,10.737695495374615,-8.626718521118164,-0.22240233421325684,1.3328173160552979,0,-23.2979679107666,-0.39990234375,-1.3280420079827309,3.3261356386605243,0.09660550575181531,12.065737503357346,12.5161708365791
1780771795968807800,-20.129575585369004,-0.29352893591886653,10.544174646947345,-8.626718521118164,-0.22240233421325684,1.3328173160552979,0,-23.2979679107666,-0.39990234375,-1.3280420079827309,3.1683923253975976,0.10637340783113347,11.872216654930076,12.288187560870442
1780771795968807800,-20.02766117954625,-0.291185191879331,10.56219718417879,-8.52480411529541,-0.2200585901737213,1.3508398532867432,0,-23.2979679107666,-0.39990234375,-1.3280420079827309,3.2703067312203515,0.108717151870669,11.890239192161522,12.33225500799387
1780771795968807800,-20.02766117954625,-0.291185191879331,10.56219718417879,-8.52480411529541,-0.2200585901737213,1.3508398532867432,0,-23.2979679107666,-0.39990234375,-1.3280420079827309,3.2703067312203515,0.108717151870669,11.890239192161522,12.33225500799387
1780771795968807800,-20.02766117954625,-0.291185191879331,10.56219718417879,-8.52480411529541,-0.2200585901737213,1.3508398532867432,0,-23.2979679107666,-0.39990234375,-1.3280420079827309,3.2703067312203515,0.108717151870669,11.890239192161522,12.33225500799387
1780771795968807800,-20.02766117954625,-0.291185191879331,10.56219718417879,-8.52480411529541,-0.2200585901737213,1.3508398532867432,0,-23.2979679107666,-0.39990234375,-1.3280420079827309,3.2703067312203515,0.108717151870669,11.890239192161522,12.33225500799387
1780771795968807800,-20.12266195171358,-0.28544606303950654,10.442335967571786,-8.52480411529541,-0.2200585901737213,1.3508398532867432,0,-23.2979679107666,-0.39990234375,-1.3280420079827309,3.17530595905302,0.11445628071049346,11.770377975554517,12.191696594863677
1780771795968807800,-20.12266195171358,-0.28544606303950654,10.442335967571786,-8.52480411529541,-0.2200585901737213,1.3508398532867432,0,-23.2979679107666,-0.39990234375,-1.3280420079827309,3.17530595905302,0.11445628071049346,11.770377975554517,12.191696594863677
1780771795968807800,-19.998483065300007,-0.28257496690532075,10.465226535351327,-8.400625228881836,-0.21718749403953552,1.3737304210662842,0,-23.2979679107666,-0.39990234375,-1.3280420079827309,3.299484845466594,0.11732737684467925,11.793268543334058,12.24669542750262
1780771795968807800,-19.998483065300007,-0.28257496690532075,10.465226535351327,-8.400625228881836,-0.21718749403953552,1.3737304210662842,0,-23.2979679107666,-0.39990234375,-1.3280420079827309,3.299484845466594,0.11732737684467925,11.793268543334058,12.24669542750262
1780771795968807800,-19.998483065300007,-0.28257496690532075,10.465226535351327,-8.400625228881836,-0.21718749403953552,1.3737304210662842,0,-23.2979679107666,-0.39990234375,-1.3280420079827309,3.299484845466594,0.11732737684467925,11.793268543334058,12.24669542750262
1780771795968807800,-20.09226268010666,-0.27697462065289075,10.344344821431655,-8.400625228881836,-0.21718749403953552,1.3737304210662842,0,-23.2979679107666,-0.39990234375,-1.3280420079827309,3.205705230659941,0.12292772309710925,11.672386829414386,12.105216707951689
1780771795968807800,-20.09226268010666,-0.27697462065289075,10.344344821431655,-8.400625228881836,-0.21718749403953552,1.3737304210662842,0,-23.2979679107666,-0.39990234375,-1.3280420079827309,3.205705230659941,0.12292772309710925,11.672386829414386,12.105216707951689
1780771795968807800,-20.09226268010666,-0.27697462065289075,10.344344821431655,-8.400625228881836,-0.21718749403953552,1.3737304210662842,0,-23.2979679107666,-0.39990234375,-1.3280420079827309,3.205705230659941,0.12292772309710925,11.672386829414386,12.105216707951689
1780771795968807800,-20.09226268010666,-0.27697462065289075,10.344344821431655,-8.400625228881836,-0.21718749403953552,1.3737304210662842,0,-23.2979679107666,-0.39990234375,-1.3280420079827309,3.205705230659941,0.12292772309710925,11.672386829414386,12.105216707951689
1780771795968807800,-20.09226268010666,-0.27697462065289075,10.344344821431655,-8.400625228881836,-0.21718749403953552,1.3737304210662842,0,-23.2979679107666,-0.39990234375,-1.3280420079827309,3.205705230659941,0.12292772309710925,11.672386829414386,12.105216707951689
1780771796001066200,-20.590882549232102,-0.2754603168053311,9.808547051816879,-8.400625228881836,-0.21718749403953552,1.3737304210662842,0,-23.2979679107666,-0.39990234375,-1.3280420079827309,2.7070853615344994,0.12444202694466888,11.13658905979961,11.46156240918108
1780771796001066200,-20.677853968539367,-0.2702905226305309,9.681481945702469,-8.400625228881836,-0.21718749403953552,1.3737304210662842,0,-23.2979679107666,-0.39990234375,-1.3280420079827309,2.620113942227235,0.12961182111946912,11.0095239536852,11.31774774330987
1780771796001066200,-20.677853968539367,-0.2702905226305309,9.681481945702469,-8.400625228881836,-0.21718749403953552,1.3737304210662842,0,-23.2979679107666,-0.39990234375,-1.3280420079827309,2.620113942227235,0.12961182111946912,11.0095239536852,11.31774774330987
1780771796001066200,-20.677853968539367,-0.2702905226305309,9.681481945702469,-8.400625228881836,-0.21718749403953552,1.3737304210662842,0,-23.2979679107666,-0.39990234375,-1.3280420079827309,2.620113942227235,0.12961182111946912,11.0095239536852,11.31774774330987
1780771796001066200,-20.677853968539367,-0.2702905226305309,9.681481945702469,-8.400625228881836,-0.21718749403953552,1.3737304210662842,0,-23.2979679107666,-0.39990234375,-1.3280420079827309,2.620113942227235,0.12961182111946912,11.0095239536852,11.31774774330987
1780771796001066200,-20.677853968539367,-0.2702905226305309,9.681481945702469,-8.400625228881836,-0.21718749403953552,1.3737304210662842,0,-23.2979679107666,-0.39990234375,-1.3280420079827309,2.620113942227235,0.12961182111946912,11.0095239536852,11.31774774330987
1780771796001066200,-20.664643323736627,-0.2555048614963281,9.452346897941652,-8.211679458618164,-0.2128027230501175,1.4103466272354126,0,-23.2979679107666,-0.39990234375,-1.3280420079827309,2.633324587029975,0.14439748225367188,10.780388905924383,11.09828968699751
1780771796001066200,-20.664643323736627,-0.2555048614963281,9.452346897941652,-8.211679458618164,-0.2128027230501175,1.4103466272354126,0,-23.2979679107666,-0.39990234375,-1.3280420079827309,2.633324587029975,0.14439748225367188,10.780388905924383,11.09828968699751
1780771796001066200,-20.664643323736627,-0.2555048614963281,9.452346897941652,-8.211679458618164,-0.2128027230501175,1.4103466272354126,0,-23.2979679107666,-0.39990234375,-1.3280420079827309,2.633324587029975,0.14439748225367188,10.780388905924383,11.09828968699751
1780771796001066200,-20.664643323736627,-0.2555048614963281,9.452346897941652,-8.211679458618164,-0.2128027230501175,1.4103466272354126,0,-23.2979679107666,-0.39990234375,-1.3280420079827309,2.633324587029975,0.14439748225367188,10.780388905924383,11.09828968699751
1780771796001066200,-20.664643323736627,-0.2555048614963281,9.452346897941652,-8.211679458618164,-0.2128027230501175,1.4103466272354126,0,-23.2979679107666,-0.39990234375,-1.3280420079827309,2.633324587029975,0.14439748225367188,10.780388905924383,11.09828968699751
1780771796001066200,-20.664643323736627,-0.2555048614963281,9.452346897941652,-8.211679458618164,-0.2128027230501175,1.4103466272354126,0,-23.2979679107666,-0.39990234375,-1.3280420079827309,2.633324587029975,0.14439748225367188,10.780388905924383,11.09828968699751
1780771796001066200,-20.68643044426876,-0.24916456120469094,9.334609429754206,-8.150429725646973,-0.21137695014476776,1.422646403312683,0,-23.2979679107666,-0.39990234375,-1.3280420079827309,2.6115374664978432,0.15073778254530906,10.662651437736937,10.978842630290417
1780771796001066200,-20.68643044426876,-0.24916456120469094,9.334609429754206,-8.150429725646973,-0.21137695014476776,1.422646403312683,0,-23.2979679107666,-0.39990234375,-1.3280420079827309,2.6115374664978432,0.15073778254530906,10.662651437736937,10.978842630290417
1780771796001066200,-20.68643044426876,-0.24916456120469094,9.334609429754206,-8.150429725646973,-0.21137695014476776,1.422646403312683,0,-23.2979679107666,-0.39990234375,-1.3280420079827309,2.6115374664978432,0.15073778254530906,10.662651437736937,10.978842630290417
1780771796001066200,-20.68643044426876,-0.24916456120469094,9.334609429754206,-8.150429725646973,-0.21137695014476776,1.422646403312683,0,-23.2979679107666,-0.39990234375,-1.3280420079827309,2.6115374664978432,0.15073778254530906,10.662651437736937,10.978842630290417
1780771796001066200,-20.68643044426876,-0.24916456120469094,9.334609429754206,-8.150429725646973,-0.21137695014476776,1.422646403312683,0,-23.2979679107666,-0.39990234375,-1.3280420079827309,2.6115374664978432,0.15073778254530906,10.662651437736937,10.978842630290417
1780771796001066200,-20.68643044426876,-0.24916456120469094,9.334609429754206,-8.150429725646973,-0.21137695014476776,1.422646403312683,0,-23.2979679107666,-0.39990234375,-1.3280420079827309,2.6115374664978432,0.15073778254530906,10.662651437736937,10.978842630290417
1780771796001066200,-20.768166940442534,-0.24433257616054904,9.203618216504811,-8.150429725646973,-0.21137695014476776,1.422646403312683,0,-23.2979679107666,-0.39990234375,-1.3280420079827309,2.529800970324068,0.15556976758945096,10.531660224487542,10.832357175891746
1780771796001066200,-20.768166940442534,-0.24433257616054904,9.203618216504811,-8.150429725646973,-0.21137695014476776,1.422646403312683,0,-23.2979679107666,-0.39990234375,-1.3280420079827309,2.529800970324068,0.15556976758945096,10.531660224487542,10.832357175891746
1780771796001066200,-20.70711175703189,-0.24290678835403812,9.216088938703297,-8.089374542236328,-0.20995116233825684,1.4351171255111694,0,-23.2979679107666,-0.39990234375,-1.3280420079827309,2.5908561537347126,0.15699555539596188,10.544130946686028,10.858907893274585
1780771796001066200,-20.70711175703189,-0.24290678835403812,9.216088938703297,-8.089374542236328,-0.20995116233825684,1.4351171255111694,0,-23.2979679107666,-0.39990234375,-1.3280420079827309,2.5908561537347126,0.15699555539596188,10.544130946686028,10.858907893274585
1780771796036244500,-21.636967939653807,-0.1850378178854499,8.784851764396288,-8.089374542236328,-0.20995116233825684,1.4351171255111694,0,-23.2979679107666,-0.39990234375,-1.3280420079827309,1.660999971112794,0.2148645258645501,10.112893772379019,10.250644278284856
1780771796036244500,-21.636967939653807,-0.1850378178854499,8.784851764396288,-8.089374542236328,-0.20995116233825684,1.4351171255111694,0,-23.2979679107666,-0.39990234375,-1.3280420079827309,1.660999971112794,0.2148645258645501,10.112893772379019,10.250644278284856
1780771796036244500,-21.636967939653807,-0.1850378178854499,8.784851764396288,-8.089374542236328,-0.20995116233825684,1.4351171255111694,0,-23.2979679107666,-0.39990234375,-1.3280420079827309,1.660999971112794,0.2148645258645501,10.112893772379019,10.250644278284856
1780771796036244500,-21.71285068095667,-0.18060453776815377,8.643205878561673,-8.089374542236328,-0.20995116233825684,1.4351171255111694,0,-23.2979679107666,-0.39990234375,-1.3280420079827309,1.5851172298099314,0.21929780598184623,9.971247886544404,10.098835208818144
1780771796036244500,-21.651991954455205,-0.17917876486280404,8.655842659300504,-8.028515815734863,-0.2085253894329071,1.44775390625,0,-23.2979679107666,-0.39990234375,-1.3280420079827309,1.6459759563113963,0.22072357888719596,9.983884667283235,10.12106263179145
1780771796036244500,-21.651991954455205,-0.17917876486280404,8.655842659300504,-8.028515815734863,-0.2085253894329071,1.44775390625,0,-23.2979679107666,-0.39990234375,-1.3280420079827309,1.6459759563113963,0.22072357888719596,9.983884667283235,10.12106263179145
1780771796036244500,-21.651991954455205,-0.17917876486280404,8.655842659300504,-8.028515815734863,-0.2085253894329071,1.44775390625,0,-23.2979679107666,-0.39990234375,-1.3280420079827309,1.6459759563113963,0.22072357888719596,9.983884667283235,10.12106263179145
1780771796036244500,-21.651991954455205,-0.17917876486280404,8.655842659300504,-8.028515815734863,-0.2085253894329071,1.44775390625,0,-23.2979679107666,-0.39990234375,-1.3280420079827309,1.6459759563113963,0.22072357888719596,9.983884667283235,10.12106263179145
1780771796036244500,-21.651991954455205,-0.17917876486280404,8.655842659300504,-8.028515815734863,-0.2085253894329071,1.44775390625,0,-23.2979679107666,-0.39990234375,-1.3280420079827309,1.6459759563113963,0.22072357888719596,9.983884667283235,10.12106263179145
1780771796036244500,-21.78181839567526,-0.17173662554903812,8.404895670650525,-8.028515815734863,-0.2085253894329071,1.44775390625,0,-23.2979679107666,-0.39990234375,-1.3280420079827309,1.5161495150913424,0.22816571820096188,9.732937678633256,9.85296122002075
1780771796036244500,-21.78181839567526,-0.17173662554903812,8.404895670650525,-8.028515815734863,-0.2085253894329071,1.44775390625,0,-23.2979679107666,-0.39990234375,-1.3280420079827309,1.5161495150913424,0.22816571820096188,9.732937678633256,9.85296122002075
1780771796036244500,-21.78181839567526,-0.17173662554903812,8.404895670650525,-8.028515815734863,-0.2085253894329071,1.44775390625,0,-23.2979679107666,-0.39990234375,-1.3280420079827309,1.5161495150913424,0.22816571820096188,9.732937678633256,9.85296122002075
1780771796036244500,-21.615060335219937,-0.16782060038729496,8.440569408176465,-7.861757755279541,-0.20460936427116394,1.48342764377594,0,-23.2979679107666,-0.39990234375,-1.3280420079827309,1.6829075755466647,0.23208174336270504,9.768611416159196,9.915231154307518
1780771796036244500,-21.615060335219937,-0.16782060038729496,8.440569408176465,-7.861757755279541,-0.20460936427116394,1.48342764377594,0,-23.2979679107666,-0.39990234375,-1.3280420079827309,1.6829075755466647,0.23208174336270504,9.768611416159196,9.915231154307518
1780771796036244500,-21.757559563253515,-0.1598833705195678,8.151350746024455,-7.861757755279541,-0.20460936427116394,1.48342764377594,0,-23.2979679107666,-0.39990234375,-1.3280420079827309,1.540408347513086,0.2400189732304322,9.479392754007186,9.60673482351431
1780771796036244500,-21.757559563253515,-0.1598833705195678,8.151350746024455,-7.861757755279541,-0.20460936427116394,1.48342764377594,0,-23.2979679107666,-0.39990234375,-1.3280420079827309,1.540408347513086,0.2400189732304322,9.479392754007186,9.60673482351431
1780771796036244500,-21.757559563253515,-0.1598833705195678,8.151350746024455,-7.861757755279541,-0.20460936427116394,1.48342764377594,0,-23.2979679107666,-0.39990234375,-1.3280420079827309,1.540408347513086,0.2400189732304322,9.479392754007186,9.60673482351431
1780771796036244500,-21.757559563253515,-0.1598833705195678,8.151350746024455,-7.861757755279541,-0.20460936427116394,1.48342764377594,0,-23.2979679107666,-0.39990234375,-1.3280420079827309,1.540408347513086,0.2400189732304322,9.479392754007186,9.60673482351431
1780771796036244500,-21.697442318533056,-0.15846735787480004,8.1646125410684,-7.801640510559082,-0.20319335162639618,1.4966894388198853,0,-23.2979679107666,-0.39990234375,-1.3280420079827309,1.600525592233545,0.24143498587519996,9.492654549051132,9.62966579957063
1780771796036244500,-21.697442318533056,-0.15846735787480004,8.1646125410684,-7.801640510559082,-0.20319335162639618,1.4966894388198853,0,-23.2979679107666,-0.39990234375,-1.3280420079827309,1.600525592233545,0.24143498587519996,9.492654549051132,9.62966579957063
1780771796036244500,-21.697442318533056,-0.15846735787480004,8.1646125410684,-7.801640510559082,-0.20319335162639618,1.4966894388198853,0,-23.2979679107666,-0.39990234375,-1.3280420079827309,1.600525592233545,0.24143498587519996,9.492654549051132,9.62966579957063
1780771796069212400,-22.401928600176213,-0.18221689797823423,7.640384777716877,-7.801640510559082,-0.20319335162639618,1.4966894388198853,0,-23.2979679107666,-0.39990234375,-1.3280420079827309,0.896039310590389,0.21768544577176577,8.968426785699608,9.015705874188573
1780771796069212400,-22.401928600176213,-0.18221689797823423,7.640384777716877,-7.801640510559082,-0.20319335162639618,1.4966894388198853,0,-23.2979679107666,-0.39990234375,-1.3280420079827309,0.896039310590389,0.21768544577176577,8.968426785699608,9.015705874188573
1780771796069212400,-22.401928600176213,-0.18221689797823423,7.640384777716877,-7.801640510559082,-0.20319335162639618,1.4966894388198853,0,-23.2979679107666,-0.39990234375,-1.3280420079827309,0.896039310590389,0.21768544577176577,8.968426785699608,9.015705874188573
1780771796069212400,-22.401928600176213,-0.18221689797823423,7.640384777716877,-7.801640510559082,-0.20319335162639618,1.4966894388198853,0,-23.2979679107666,-0.39990234375,-1.3280420079827309,0.896039310590389,0.21768544577176577,8.968426785699608,9.015705874188573
1780771796069212400,-22.401928600176213,-0.18221689797823423,7.640384777716877,-7.801640510559082,-0.20319335162639618,1.4966894388198853,0,-23.2979679107666,-0.39990234375,-1.3280420079827309,0.896039310590389,0.21768544577176577,8.968426785699608,9.015705874188573
1780771796069212400,-22.342006858690617,-0.18080088533346647,7.653812512091877,-7.741718769073486,-0.20177733898162842,1.5101171731948853,0,-23.2979679107666,-0.39990234375,-1.3280420079827309,0.9559610520759847,0.21910145841653353,8.981854520074608,9.035240871274608
1780771796069212400,-22.505020012067128,-0.1724841695698356,7.251016322932347,-7.741718769073486,-0.20177733898162842,1.5101171731948853,0,-23.2979679107666,-0.39990234375,-1.3280420079827309,0.7929478986994738,0.2274181741801644,8.579058330915078,8.618626760757351
1780771796069212400,-22.505020012067128,-0.1724841695698356,7.251016322932347,-7.741718769073486,-0.20177733898162842,1.5101171731948853,0,-23.2979679107666,-0.39990234375,-1.3280420079827309,0.7929478986994738,0.2274181741801644,8.579058330915078,8.618626760757351
1780771796069212400,-22.505020012067128,-0.1724841695698356,7.251016322932347,-7.741718769073486,-0.20177733898162842,1.5101171731948853,0,-23.2979679107666,-0.39990234375,-1.3280420079827309,0.7929478986994738,0.2274181741801644,8.579058330915078,8.618626760757351
1780771796069212400,-22.505020012067128,-0.1724841695698356,7.251016322932347,-7.741718769073486,-0.20177733898162842,1.5101171731948853,0,-23.2979679107666,-0.39990234375,-1.3280420079827309,0.7929478986994738,0.2274181741801644,8.579058330915078,8.618626760757351
1780771796069212400,-22.505020012067128,-0.1724841695698356,7.251016322932347,-7.741718769073486,-0.20177733898162842,1.5101171731948853,0,-23.2979679107666,-0.39990234375,-1.3280420079827309,0.7929478986994738,0.2274181741801644,8.579058330915078,8.618626760757351
1780771796069212400,-22.505020012067128,-0.1724841695698356,7.251016322932347,-7.741718769073486,-0.20177733898162842,1.5101171731948853,0,-23.2979679107666,-0.39990234375,-1.3280420079827309,0.7929478986994738,0.2274181741801644,8.579058330915078,8.618626760757351
1780771796069212400,-22.505020012067128,-0.1724841695698356,7.251016322932347,-7.741718769073486,-0.20177733898162842,1.5101171731948853,0,-23.2979679107666,-0.39990234375,-1.3280420079827309,0.7929478986994738,0.2274181741801644,8.579058330915078,8.618626760757351
1780771796069212400,-22.408494225768088,-0.16600164990553745,7.13162660610741,-7.585741996765137,-0.1980859339237213,1.5460351705551147,0,-23.2979679107666,-0.39990234375,-1.3280420079827309,0.8894736849985136,0.23390069384446255,8.459668614090141,8.509516204291966
1780771796069212400,-22.408494225768088,-0.16600164990553745,7.13162660610741,-7.585741996765137,-0.1980859339237213,1.5460351705551147,0,-23.2979679107666,-0.39990234375,-1.3280420079827309,0.8894736849985136,0.23390069384446255,8.459668614090141,8.509516204291966
1780771796069212400,-22.408494225768088,-0.16600164990553745,7.13162660610741,-7.585741996765137,-0.1980859339237213,1.5460351705551147,0,-23.2979679107666,-0.39990234375,-1.3280420079827309,0.8894736849985136,0.23390069384446255,8.459668614090141,8.509516204291966
1780771796069212400,-22.408494225768088,-0.16600164990553745,7.13162660610741,-7.585741996765137,-0.1980859339237213,1.5460351705551147,0,-23.2979679107666,-0.39990234375,-1.3280420079827309,0.8894736849985136,0.23390069384446255,8.459668614090141,8.509516204291966
1780771796069212400,-22.408494225768088,-0.16600164990553745,7.13162660610741,-7.585741996765137,-0.1980859339237213,1.5460351705551147,0,-23.2979679107666,-0.39990234375,-1.3280420079827309,0.8894736849985136,0.23390069384446255,8.459668614090141,8.509516204291966
1780771796069212400,-22.408494225768088,-0.16600164990553745,7.13162660610741,-7.585741996765137,-0.1980859339237213,1.5460351705551147,0,-23.2979679107666,-0.39990234375,-1.3280420079827309,0.8894736849985136,0.23390069384446255,8.459668614090141,8.509516204291966
1780771796069212400,-22.40711577529916,-0.16190505487654333,6.989677061572599,-7.526523113250732,-0.19667968153953552,1.5600732564926147,0,-23.2979679107666,-0.39990234375,-1.3280420079827309,0.8908521354674406,0.23799728887345667,8.31771906955533,8.368674372732064
1780771796069212400,-22.40711577529916,-0.16190505487654333,6.989677061572599,-7.526523113250732,-0.19667968153953552,1.5600732564926147,0,-23.2979679107666,-0.39990234375,-1.3280420079827309,0.8908521354674406,0.23799728887345667,8.31771906955533,8.368674372732064
1780771796069212400,-22.40711577529916,-0.16190505487654333,6.989677061572599,-7.526523113250732,-0.19667968153953552,1.5600732564926147,0,-23.2979679107666,-0.39990234375,-1.3280420079827309,0.8908521354674406,0.23799728887345667,8.31771906955533,8.368674372732064
1780771796069212400,-22.40711577529916,-0.16190505487654333,6.989677061572599,-7.526523113250732,-0.19667968153953552,1.5600732564926147,0,-23.2979679107666,-0.39990234375,-1.3280420079827309,0.8908521354674406,0.23799728887345667,8.31771906955533,8.368674372732064
1780771796069212400,-22.40711577529916,-0.16190505487654333,6.989677061572599,-7.526523113250732,-0.19667968153953552,1.5600732564926147,0,-23.2979679107666,-0.39990234375,-1.3280420079827309,0.8908521354674406,0.23799728887345667,8.31771906955533,8.368674372732064
1780771796101337000,-22.817248749231943,-0.16854114103031548,6.320315804694,-7.526523113250732,-0.19667968153953552,1.5600732564926147,0,-23.2979679107666,-0.39990234375,-1.3280420079827309,0.4807191615346582,0.23136120271968452,7.648357812676731,7.666941772905522
1780771796101337000,-22.80739959759123,-0.16494321549522878,6.173585155386444,-7.467499732971191,-0.1952832043170929,1.5742870569229126,0,-23.2979679107666,-0.39990234375,-1.3280420079827309,0.4905683131753733,0.23495912825477122,7.501627163369175,7.5213212376576655
1780771796101337000,-22.80739959759123,-0.16494321549522878,6.173585155386444,-7.467499732971191,-0.1952832043170929,1.5742870569229126,0,-23.2979679107666,-0.39990234375,-1.3280420079827309,0.4905683131753733,0.23495912825477122,7.501627163369175,7.5213212376576655
1780771796101337000,-22.80739959759123,-0.16494321549522878,6.173585155386444,-7.467499732971191,-0.1952832043170929,1.5742870569229126,0,-23.2979679107666,-0.39990234375,-1.3280420079827309,0.4905683131753733,0.23495912825477122,7.501627163369175,7.5213212376576655
1780771796101337000,-22.80739959759123,-0.16494321549522878,6.173585155386444,-7.467499732971191,-0.1952832043170929,1.5742870569229126,0,-23.2979679107666,-0.39990234375,-1.3280420079827309,0.4905683131753733,0.23495912825477122,7.501627163369175,7.5213212376576655
1780771796101337000,-22.80739959759123,-0.16494321549522878,6.173585155386444,-7.467499732971191,-0.1952832043170929,1.5742870569229126,0,-23.2979679107666,-0.39990234375,-1.3280420079827309,0.4905683131753733,0.23495912825477122,7.501627163369175,7.5213212376576655
1780771796101337000,-22.80739959759123,-0.16494321549522878,6.173585155386444,-7.467499732971191,-0.1952832043170929,1.5742870569229126,0,-23.2979679107666,-0.39990234375,-1.3280420079827309,0.4905683131753733,0.23495912825477122,7.501627163369175,7.5213212376576655
1780771796101337000,-22.80739959759123,-0.16494321549522878,6.173585155386444,-7.467499732971191,-0.1952832043170929,1.5742870569229126,0,-23.2979679107666,-0.39990234375,-1.3280420079827309,0.4905683131753733,0.23495912825477122,7.501627163369175,7.5213212376576655
1780771796101337000,-22.80739959759123,-0.16494321549522878,6.173585155386444,-7.467499732971191,-0.1952832043170929,1.5742870569229126,0,-23.2979679107666,-0.39990234375,-1.3280420079827309,0.4905683131753733,0.23495912825477122,7.501627163369175,7.5213212376576655
1780771796101337000,-22.90248578821945,-0.16075003230525986,5.843596638616921,-7.467499732971191,-0.1952832043170929,1.5742870569229126,0,-23.2979679107666,-0.39990234375,-1.3280420079827309,0.39548212254715054,0.23915231144474014,7.171638646599652,7.186515206602254
1780771796101337000,-22.782837331645965,-0.15790823185398117,5.87310344117582,-7.347851276397705,-0.1924414038658142,1.6037938594818115,0,-23.2979679107666,-0.39990234375,-1.3280420079827309,0.5151305791206369,0.24199411189601883,7.201145449158551,7.223601348612367
1780771796101337000,-22.782837331645965,-0.15790823185398117,5.87310344117582,-7.347851276397705,-0.1924414038658142,1.6037938594818115,0,-23.2979679107666,-0.39990234375,-1.3280420079827309,0.5151305791206369,0.24199411189601883,7.201145449158551,7.223601348612367
1780771796101337000,-22.782837331645965,-0.15790823185398117,5.87310344117582,-7.347851276397705,-0.1924414038658142,1.6037938594818115,0,-23.2979679107666,-0.39990234375,-1.3280420079827309,0.5151305791206369,0.24199411189601883,7.201145449158551,7.223601348612367
1780771796101337000,-22.782837331645965,-0.15790823185398117,5.87310344117582,-7.347851276397705,-0.1924414038658142,1.6037938594818115,0,-23.2979679107666,-0.39990234375,-1.3280420079827309,0.5151305791206369,0.24199411189601883,7.201145449158551,7.223601348612367
1780771796101337000,-22.782837331645965,-0.15790823185398117,5.87310344117582,-7.347851276397705,-0.1924414038658142,1.6037938594818115,0,-23.2979679107666,-0.39990234375,-1.3280420079827309,0.5151305791206369,0.24199411189601883,7.201145449158551,7.223601348612367
1780771796101337000,-22.827081989394717,-0.15601521211320446,5.709774989051975,-7.347851276397705,-0.1924414038658142,1.6037938594818115,0,-23.2979679107666,-0.39990234375,-1.3280420079827309,0.47088592137188456,0.24388713163679554,7.037816997034706,7.057767534261445
1780771796101337000,-22.827081989394717,-0.15601521211320446,5.709774989051975,-7.347851276397705,-0.1924414038658142,1.6037938594818115,0,-23.2979679107666,-0.39990234375,-1.3280420079827309,0.47088592137188456,0.24388713163679554,7.037816997034706,7.057767534261445
1780771796101337000,-22.71048052226215,-0.15324177818948315,5.739359992904819,-7.231249809265137,-0.1896679699420929,1.6333788633346558,0,-23.2979679107666,-0.39990234375,-1.3280420079827309,0.5874873885044529,0.24666056556051685,7.06740200088755,7.096066086812028
1780771796101337000,-22.71048052226215,-0.15324177818948315,5.739359992904819,-7.231249809265137,-0.1896679699420929,1.6333788633346558,0,-23.2979679107666,-0.39990234375,-1.3280420079827309,0.5874873885044529,0.24666056556051685,7.06740200088755,7.096066086812028
1780771796101337000,-22.71048052226215,-0.15324177818948315,5.739359992904819,-7.231249809265137,-0.1896679699420929,1.6333788633346558,0,-23.2979679107666,-0.39990234375,-1.3280420079827309,0.5874873885044529,0.24666056556051685,7.06740200088755,7.096066086812028
1780771796101337000,-22.71048052226215,-0.15324177818948315,5.739359992904819,-7.231249809265137,-0.1896679699420929,1.6333788633346558,0,-23.2979679107666,-0.39990234375,-1.3280420079827309,0.5874873885044529,0.24666056556051685,7.06740200088755,7.096066086812028
1780771796101337000,-22.71048052226215,-0.15324177818948315,5.739359992904819,-7.231249809265137,-0.1896679699420929,1.6333788633346558,0,-23.2979679107666,-0.39990234375,-1.3280420079827309,0.5874873885044529,0.24666056556051685,7.06740200088755,7.096066086812028
1780771796101337000,-22.71048052226215,-0.15324177818948315,5.739359992904819,-7.231249809265137,-0.1896679699420929,1.6333788633346558,0,-23.2979679107666,-0.39990234375,-1.3280420079827309,0.5874873885044529,0.24666056556051685,7.06740200088755,7.096066086812028
1780771796101337000,-22.753241204480844,-0.1514178070838372,5.574611084596505,-7.231249809265137,-0.1896679699420929,1.6333788633346558,0,-23.2979679107666,-0.39990234375,-1.3280420079827309,0.5447267062857577,0.2484845366661628,6.902653092579236,6.928570665440081
1780771796101337000,-22.753241204480844,-0.1514178070838372,5.574611084596505,-7.231249809265137,-0.1896679699420929,1.6333788633346558,0,-23.2979679107666,-0.39990234375,-1.3280420079827309,0.5447267062857577,0.2484845366661628,6.902653092579236,6.928570665440081
1780771796136298700,-23.31197033332894,-0.12587743795967804,4.802220752056741,-7.173242092132568,-0.1882910132408142,1.6483739614486694,0,-23.2979679107666,-0.39990234375,-1.3280420079827309,-0.014002422562338523,0.27402490579032196,6.1302627600394715,6.136400184469537
1780771796136298700,-23.31197033332894,-0.12587743795967804,4.802220752056741,-7.173242092132568,-0.1882910132408142,1.6483739614486694,0,-23.2979679107666,-0.39990234375,-1.3280420079827309,-0.014002422562338523,0.27402490579032196,6.1302627600394715,6.136400184469537
1780771796136298700,-23.31197033332894,-0.12587743795967804,4.802220752056741,-7.173242092132568,-0.1882910132408142,1.6483739614486694,0,-23.2979679107666,-0.39990234375,-1.3280420079827309,-0.014002422562338523,0.27402490579032196,6.1302627600394715,6.136400184469537
1780771796136298700,-23.31197033332894,-0.12587743795967804,4.802220752056741,-7.173242092132568,-0.1882910132408142,1.6483739614486694,0,-23.2979679107666,-0.39990234375,-1.3280420079827309,-0.014002422562338523,0.27402490579032196,6.1302627600394715,6.136400184469537
1780771796136298700,-23.34475428622549,-0.12457975944870638,4.629536236240449,-7.173242092132568,-0.1882910132408142,1.6483739614486694,0,-23.2979679107666,-0.39990234375,-1.3280420079827309,-0.04678637545888975,0.27532258430129364,5.95757824422318,5.964120222329214
1780771796136298700,-23.34475428622549,-0.12457975944870638,4.629536236240449,-7.173242092132568,-0.1882910132408142,1.6483739614486694,0,-23.2979679107666,-0.39990234375,-1.3280420079827309,-0.04678637545888975,0.27532258430129364,5.95757824422318,5.964120222329214
1780771796136298700,-23.34475428622549,-0.12457975944870638,4.629536236240449,-7.173242092132568,-0.1882910132408142,1.6483739614486694,0,-23.2979679107666,-0.39990234375,-1.3280420079827309,-0.04678637545888975,0.27532258430129364,5.95757824422318,5.964120222329214
1780771796136298700,-23.241433687623196,-0.1221285929381244,4.656650508358064,-7.069921493530273,-0.18583984673023224,1.6754882335662842,0,-23.2979679107666,-0.39990234375,-1.3280420079827309,0.05653422314340517,0.2777737508118756,5.984692516340795,5.99140208049602
1780771796136298700,-23.241433687623196,-0.1221285929381244,4.656650508358064,-7.069921493530273,-0.18583984673023224,1.6754882335662842,0,-23.2979679107666,-0.39990234375,-1.3280420079827309,0.05653422314340517,0.2777737508118756,5.984692516340795,5.99140208049602
1780771796136298700,-23.296052772210437,-0.12004772538540964,4.343358057977478,-7.069921493530273,-0.18583984673023224,1.6754882335662842,0,-23.2979679107666,-0.39990234375,-1.3280420079827309,0.0019151385561642087,0.27985461836459036,5.671400065960209,5.678300888764978
1780771796136298700,-23.296052772210437,-0.12004772538540964,4.343358057977478,-7.069921493530273,-0.18583984673023224,1.6754882335662842,0,-23.2979679107666,-0.39990234375,-1.3280420079827309,0.0019151385561642087,0.27985461836459036,5.671400065960209,5.678300888764978
1780771796136298700,-23.296052772210437,-0.12004772538540964,4.343358057977478,-7.069921493530273,-0.18583984673023224,1.6754882335662842,0,-23.2979679107666,-0.39990234375,-1.3280420079827309,0.0019151385561642087,0.27985461836459036,5.671400065960209,5.678300888764978
1780771796136298700,-23.296052772210437,-0.12004772538540964,4.343358057977478,-7.069921493530273,-0.18583984673023224,1.6754882335662842,0,-23.2979679107666,-0.39990234375,-1.3280420079827309,0.0019151385561642087,0.27985461836459036,5.671400065960209,5.678300888764978
1780771796136298700,-23.296052772210437,-0.12004772538540964,4.343358057977478,-7.069921493530273,-0.18583984673023224,1.6754882335662842,0,-23.2979679107666,-0.39990234375,-1.3280420079827309,0.0019151385561642087,0.27985461836459036,5.671400065960209,5.678300888764978
1780771796136298700,-23.236121998566333,-0.11557016200216493,4.0174497869974966,-6.955390453338623,-0.18311522901058197,1.70608389377594,0,-23.2979679107666,-0.39990234375,-1.3280420079827309,0.061845912200269026,0.2843321817478351,5.345491794980227,5.353405667108957
1780771796136298700,-23.236121998566333,-0.11557016200216493,4.0174497869974966,-6.955390453338623,-0.18311522901058197,1.70608389377594,0,-23.2979679107666,-0.39990234375,-1.3280420079827309,0.061845912200269026,0.2843321817478351,5.345491794980227,5.353405667108957
1780771796136298700,-23.236121998566333,-0.11557016200216493,4.0174497869974966,-6.955390453338623,-0.18311522901058197,1.70608389377594,0,-23.2979679107666,-0.39990234375,-1.3280420079827309,0.061845912200269026,0.2843321817478351,5.345491794980227,5.353405667108957
1780771796136298700,-23.236121998566333,-0.11557016200216493,4.0174497869974966,-6.955390453338623,-0.18311522901058197,1.70608389377594,0,-23.2979679107666,-0.39990234375,-1.3280420079827309,0.061845912200269026,0.2843321817478351,5.345491794980227,5.353405667108957
1780771796136298700,-23.26082084237457,-0.11491223834770116,3.8362206162811354,-6.955390453338623,-0.18311522901058197,1.70608389377594,0,-23.2979679107666,-0.39990234375,-1.3280420079827309,0.037147068392030747,0.28499010540229885,5.164262624263866,5.172253640071807
1780771796169599900,-23.44330014778603,-0.0998203488377941,2.9591030146058204,-6.898476600646973,-0.1817675679922104,1.7214257717132568,0,-23.2979679107666,-0.39990234375,-1.3280420079827309,-0.14533223701942788,0.3000819949122059,4.287145022588551,4.300091058046719
1780771796169599900,-23.44330014778603,-0.0998203488377941,2.9591030146058204,-6.898476600646973,-0.1817675679922104,1.7214257717132568,0,-23.2979679107666,-0.39990234375,-1.3280420079827309,-0.14533223701942788,0.3000819949122059,4.287145022588551,4.300091058046719
1780771796169599900,-23.44330014778603,-0.0998203488377941,2.9591030146058204,-6.898476600646973,-0.1817675679922104,1.7214257717132568,0,-23.2979679107666,-0.39990234375,-1.3280420079827309,-0.14533223701942788,0.3000819949122059,4.287145022588551,4.300091058046719
1780771796169599900,-23.44330014778603,-0.0998203488377941,2.9591030146058204,-6.898476600646973,-0.1817675679922104,1.7214257717132568,0,-23.2979679107666,-0.39990234375,-1.3280420079827309,-0.14533223701942788,0.3000819949122059,4.287145022588551,4.300091058046719
1780771796169599900,-23.44330014778603,-0.0998203488377941,2.9591030146058204,-6.898476600646973,-0.1817675679922104,1.7214257717132568,0,-23.2979679107666,-0.39990234375,-1.3280420079827309,-0.14533223701942788,0.3000819949122059,4.287145022588551,4.300091058046719
1780771796169599900,-23.44330014778603,-0.0998203488377941,2.9591030146058204,-6.898476600646973,-0.1817675679922104,1.7214257717132568,0,-23.2979679107666,-0.39990234375,-1.3280420079827309,-0.14533223701942788,0.3000819949122059,4.287145022588551,4.300091058046719
1780771796169599900,-23.461763419850882,-0.09994656117219634,2.6808951969151655,-6.898476600646973,-0.1817675679922104,1.7214257717132568,0,-23.2979679107666,-0.39990234375,-1.3280420079827309,-0.16379550908428087,0.29995578257780364,4.008937204897896,4.023478588623605
1780771796169599900,-23.376919307454642,-0.09793484480638213,2.703873741150395,-6.813632488250732,-0.17975585162639618,1.7444043159484863,0,-23.2979679107666,-0.39990234375,-1.3280420079827309,-0.07895139668804063,0.30196749894361785,4.031915749133126,4.043978523875342
1780771796169599900,-23.376919307454642,-0.09793484480638213,2.703873741150395,-6.813632488250732,-0.17975585162639618,1.7444043159484863,0,-23.2979679107666,-0.39990234375,-1.3280420079827309,-0.07895139668804063,0.30196749894361785,4.031915749133126,4.043978523875342
1780771796169599900,-23.376919307454642,-0.09793484480638213,2.703873741150395,-6.813632488250732,-0.17975585162639618,1.7444043159484863,0,-23.2979679107666,-0.39990234375,-1.3280420079827309,-0.07895139668804063,0.30196749894361785,4.031915749133126,4.043978523875342
1780771796169599900,-23.376919307454642,-0.09793484480638213,2.703873741150395,-6.813632488250732,-0.17975585162639618,1.7444043159484863,0,-23.2979679107666,-0.39990234375,-1.3280420079827309,-0.07895139668804063,0.30196749894361785,4.031915749133126,4.043978523875342
1780771796169599900,-23.376919307454642,-0.09793484480638213,2.703873741150395,-6.813632488250732,-0.17975585162639618,1.7444043159484863,0,-23.2979679107666,-0.39990234375,-1.3280420079827309,-0.07895139668804063,0.30196749894361785,4.031915749133126,4.043978523875342
1780771796169599900,-23.38670576281079,-0.09821427391667928,2.51663466852212,-6.813632488250732,-0.17975585162639618,1.7444043159484863,0,-23.2979679107666,-0.39990234375,-1.3280420079827309,-0.08873785204418994,0.30168806983332075,3.844676676504851,3.8575158904048026
1780771796169599900,-23.274479276604737,-0.09556779788632955,2.5470642701914317,-6.701406002044678,-0.17710937559604645,1.7748339176177979,0,-23.2979679107666,-0.39990234375,-1.3280420079827309,0.023488634161864752,0.3043345458636705,3.8751062781741625,3.8871094529078603
1780771796169599900,-23.274479276604737,-0.09556779788632955,2.5470642701914317,-6.701406002044678,-0.17710937559604645,1.7748339176177979,0,-23.2979679107666,-0.39990234375,-1.3280420079827309,0.023488634161864752,0.3043345458636705,3.8751062781741625,3.8871094529078603
1780771796169599900,-23.274479276604737,-0.09556779788632955,2.5470642701914317,-6.701406002044678,-0.17710937559604645,1.7748339176177979,0,-23.2979679107666,-0.39990234375,-1.3280420079827309,0.023488634161864752,0.3043345458636705,3.8751062781741625,3.8871094529078603
1780771796169599900,-23.274479276604737,-0.09556779788632955,2.5470642701914317,-6.701406002044678,-0.17710937559604645,1.7748339176177979,0,-23.2979679107666,-0.39990234375,-1.3280420079827309,0.023488634161864752,0.3043345458636705,3.8751062781741625,3.8871094529078603
1780771796169599900,-23.282216568978228,-0.0960155848615133,2.3578358480068085,-6.701406002044678,-0.17710937559604645,1.7748339176177979,0,-23.2979679107666,-0.39990234375,-1.3280420079827309,0.015751341788373452,0.3038867588884867,3.6858778559895393,3.6984173420897117
1780771796169599900,-23.282216568978228,-0.0960155848615133,2.3578358480068085,-6.701406002044678,-0.17710937559604645,1.7748339176177979,0,-23.2979679107666,-0.39990234375,-1.3280420079827309,0.015751341788373452,0.3038867588884867,3.6858778559895393,3.6984173420897117
1780771796169599900,-23.282216568978228,-0.0960155848615133,2.3578358480068085,-6.701406002044678,-0.17710937559604645,1.7748339176177979,0,-23.2979679107666,-0.39990234375,-1.3280420079827309,0.015751341788373452,0.3038867588884867,3.6858778559895393,3.6984173420897117
1780771796169599900,-23.282216568978228,-0.0960155848615133,2.3578358480068085,-6.701406002044678,-0.17710937559604645,1.7748339176177979,0,-23.2979679107666,-0.39990234375,-1.3280420079827309,0.015751341788373452,0.3038867588884867,3.6858778559895393,3.6984173420897117
1780771796200876700,-23.711212430600593,-0.15568391197364162,1.3091118690633905,-6.701406002044678,-0.17710937559604645,1.7748339176177979,0,-23.2979679107666,-0.39990234375,-1.3280420079827309,-0.4132445198339916,0.24421843177635838,2.6371538770461216,2.68048395757399
1780771796200876700,-23.711212430600593,-0.15568391197364162,1.3091118690633905,-6.701406002044678,-0.17710937559604645,1.7748339176177979,0,-23.2979679107666,-0.39990234375,-1.3280420079827309,-0.4132445198339916,0.24421843177635838,2.6371538770461216,2.68048395757399
1780771796200876700,-23.711212430600593,-0.15568391197364162,1.3091118690633905,-6.701406002044678,-0.17710937559604645,1.7748339176177979,0,-23.2979679107666,-0.39990234375,-1.3280420079827309,-0.4132445198339916,0.24421843177635838,2.6371538770461216,2.68048395757399
1780771796200876700,-23.711212430600593,-0.15568391197364162,1.3091118690633905,-6.701406002044678,-0.17710937559604645,1.7748339176177979,0,-23.2979679107666,-0.39990234375,-1.3280420079827309,-0.4132445198339916,0.24421843177635838,2.6371538770461216,2.68048395757399
1780771796200876700,-23.711212430600593,-0.15568391197364162,1.3091118690633905,-6.701406002044678,-0.17710937559604645,1.7748339176177979,0,-23.2979679107666,-0.39990234375,-1.3280420079827309,-0.4132445198339916,0.24421843177635838,2.6371538770461216,2.68048395757399
1780771796200876700,-23.521470034250605,-0.15395362382616698,0.9374277143778725,-6.528242111206055,-0.1730664074420929,1.8210058212280273,0,-23.2979679107666,-0.39990234375,-1.3280420079827309,-0.22350212348400333,0.24594871992383302,2.2654697223606033,2.2897154921445284
1780771796200876700,-23.521470034250605,-0.15395362382616698,0.9374277143778725,-6.528242111206055,-0.1730664074420929,1.8210058212280273,0,-23.2979679107666,-0.39990234375,-1.3280420079827309,-0.22350212348400333,0.24594871992383302,2.2654697223606033,2.2897154921445284
1780771796200876700,-23.521470034250605,-0.15395362382616698,0.9374277143778725,-6.528242111206055,-0.1730664074420929,1.8210058212280273,0,-23.2979679107666,-0.39990234375,-1.3280420079827309,-0.22350212348400333,0.24594871992383302,2.2654697223606033,2.2897154921445284
1780771796200876700,-23.521470034250605,-0.15395362382616698,0.9374277143778725,-6.528242111206055,-0.1730664074420929,1.8210058212280273,0,-23.2979679107666,-0.39990234375,-1.3280420079827309,-0.22350212348400333,0.24594871992383302,2.2654697223606033,2.2897154921445284
1780771796200876700,-23.521470034250605,-0.15395362382616698,0.9374277143778725,-6.528242111206055,-0.1730664074420929,1.8210058212280273,0,-23.2979679107666,-0.39990234375,-1.3280420079827309,-0.22350212348400333,0.24594871992383302,2.2654697223606033,2.2897154921445284
1780771796200876700,-23.521470034250605,-0.15395362382616698,0.9374277143778725,-6.528242111206055,-0.1730664074420929,1.8210058212280273,0,-23.2979679107666,-0.39990234375,-1.3280420079827309,-0.22350212348400333,0.24594871992383302,2.2654697223606033,2.2897154921445284
1780771796200876700,-23.521470034250605,-0.15395362382616698,0.9374277143778725,-6.528242111206055,-0.1730664074420929,1.8210058212280273,0,-23.2979679107666,-0.39990234375,-1.3280420079827309,-0.22350212348400333,0.24594871992383302,2.2654697223606033,2.2897154921445284
1780771796200876700,-23.521470034250605,-0.15395362382616698,0.9374277143778725,-6.528242111206055,-0.1730664074420929,1.8210058212280273,0,-23.2979679107666,-0.39990234375,-1.3280420079827309,-0.22350212348400333,0.24594871992383302,2.2654697223606033,2.2897154921445284
1780771796200876700,-23.455653879698488,-0.15409077529149195,0.7568470711850943,-6.473671913146973,-0.17180663347244263,1.8352001905441284,0,-23.2979679107666,-0.39990234375,-1.3280420079827309,-0.15768596893188658,0.24581156845850805,2.084889079167825,2.1052436116562094
1780771796200876700,-23.455653879698488,-0.15409077529149195,0.7568470711850943,-6.473671913146973,-0.17180663347244263,1.8352001905441284,0,-23.2979679107666,-0.39990234375,-1.3280420079827309,-0.15768596893188658,0.24581156845850805,2.084889079167825,2.1052436116562094
1780771796200876700,-23.455653879698488,-0.15409077529149195,0.7568470711850943,-6.473671913146973,-0.17180663347244263,1.8352001905441284,0,-23.2979679107666,-0.39990234375,-1.3280420079827309,-0.15768596893188658,0.24581156845850805,2.084889079167825,2.1052436116562094
1780771796200876700,-23.442211215132804,-0.15558944496145644,0.5626901616239801,-6.473671913146973,-0.17180663347244263,1.8352001905441284,0,-23.2979679107666,-0.39990234375,-1.3280420079827309,-0.1442433043662028,0.24431289878854356,1.890732169606711,1.9119003793489457
1780771796200876700,-23.38803154670629,-0.15433944615354933,0.5765328635359064,-6.419492244720459,-0.17055663466453552,1.8490428924560547,0,-23.2979679107666,-0.39990234375,-1.3280420079827309,-0.09006363593968914,0.24556289759645067,1.9045748715186372,1.9224510491596074
1780771796200876700,-23.38803154670629,-0.15433944615354933,0.5765328635359064,-6.419492244720459,-0.17055663466453552,1.8490428924560547,0,-23.2979679107666,-0.39990234375,-1.3280420079827309,-0.09006363593968914,0.24556289759645067,1.9045748715186372,1.9224510491596074
1780771796236510600,-23.544453020880177,-0.13059041936841675,-0.5269522875209098,-6.419492244720459,-0.17055663466453552,1.8490428924560547,0,-23.2979679107666,-0.39990234375,-1.3280420079827309,-0.246485110113575,0.26931192438158325,0.801089720461821,0.8803570652589842
1780771796236510600,-23.544453020880177,-0.13059041936841675,-0.5269522875209098,-6.419492244720459,-0.17055663466453552,1.8490428924560547,0,-23.2979679107666,-0.39990234375,-1.3280420079827309,-0.246485110113575,0.26931192438158325,0.801089720461821,0.8803570652589842
1780771796236510600,-23.516178728875108,-0.13270291349974195,-0.7225539532733594,-6.419492244720459,-0.17055663466453552,1.8490428924560547,0,-23.2979679107666,-0.39990234375,-1.3280420079827309,-0.2182108181085063,0.26719943025025805,0.6054880547093715,0.696869629888823
1780771796236510600,-23.462389590081163,-0.13147245011415998,-0.7091213313174878,-6.365703105926514,-0.16932617127895355,1.8624755144119263,0,-23.2979679107666,-0.39990234375,-1.3280420079827309,-0.16442167931456098,0.26842989363584,0.6189206766652431,0.694371586709689
1780771796236510600,-23.462389590081163,-0.13147245011415998,-0.7091213313174878,-6.365703105926514,-0.16932617127895355,1.8624755144119263,0,-23.2979679107666,-0.39990234375,-1.3280420079827309,-0.16442167931456098,0.26842989363584,0.6189206766652431,0.694371586709689
1780771796236510600,-23.462389590081163,-0.13147245011415998,-0.7091213313174878,-6.365703105926514,-0.16932617127895355,1.8624755144119263,0,-23.2979679107666,-0.39990234375,-1.3280420079827309,-0.16442167931456098,0.26842989363584,0.6189206766652431,0.694371586709689
1780771796236510600,-23.462389590081163,-0.13147245011415998,-0.7091213313174878,-6.365703105926514,-0.16932617127895355,1.8624755144119263,0,-23.2979679107666,-0.39990234375,-1.3280420079827309,-0.16442167931456098,0.26842989363584,0.6189206766652431,0.694371586709689
1780771796236510600,-23.462389590081163,-0.13147245011415998,-0.7091213313174878,-6.365703105926514,-0.16932617127895355,1.8624755144119263,0,-23.2979679107666,-0.39990234375,-1.3280420079827309,-0.16442167931456098,0.26842989363584,0.6189206766652431,0.694371586709689
1780771796236510600,-23.407476426723804,-0.13543373867859848,-1.0509495085158784,-6.365703105926514,-0.16932617127895355,1.8624755144119263,0,-23.2979679107666,-0.39990234375,-1.3280420079827309,-0.10950851595720223,0.2644686050714015,0.27709249946685244,0.3983917812861473
1780771796236510600,-23.407476426723804,-0.13543373867859848,-1.0509495085158784,-6.365703105926514,-0.16932617127895355,1.8624755144119263,0,-23.2979679107666,-0.39990234375,-1.3280420079827309,-0.10950851595720223,0.2644686050714015,0.27709249946685244,0.3983917812861473
1780771796236510600,-23.261812211635913,-0.13215248808255203,-1.0164182728209932,-6.220038890838623,-0.1660449206829071,1.8970067501068115,0,-23.2979679107666,-0.39990234375,-1.3280420079827309,0.03615569913068839,0.26774985566744797,0.3116237351617377,0.41243977997487213
1780771796236510600,-23.261812211635913,-0.13215248808255203,-1.0164182728209932,-6.220038890838623,-0.1660449206829071,1.8970067501068115,0,-23.2979679107666,-0.39990234375,-1.3280420079827309,0.03615569913068839,0.26774985566744797,0.3116237351617377,0.41243977997487213
1780771796236510600,-23.261812211635913,-0.13215248808255203,-1.0164182728209932,-6.220038890838623,-0.1660449206829071,1.8970067501068115,0,-23.2979679107666,-0.39990234375,-1.3280420079827309,0.03615569913068839,0.26774985566744797,0.3116237351617377,0.41243977997487213
1780771796236510600,-23.227465726998968,-0.13455746436893637,-1.210672919903517,-6.220038890838623,-0.1660449206829071,1.8970067501068115,0,-23.2979679107666,-0.39990234375,-1.3280420079827309,0.0705021837676334,0.26534487938106366,0.11736908807921376,0.2985866135082124
1780771796236510600,-23.227465726998968,-0.13455746436893637,-1.210672919903517,-6.220038890838623,-0.1660449206829071,1.8970067501068115,0,-23.2979679107666,-0.39990234375,-1.3280420079827309,0.0705021837676334,0.26534487938106366,0.11736908807921376,0.2985866135082124
1780771796236510600,-23.227465726998968,-0.13455746436893637,-1.210672919903517,-6.220038890838623,-0.1660449206829071,1.8970067501068115,0,-23.2979679107666,-0.39990234375,-1.3280420079827309,0.0705021837676334,0.26534487938106366,0.11736908807921376,0.2985866135082124
1780771796236510600,-23.175512411264105,-0.13340511287033255,-1.1992080856902603,-6.16808557510376,-0.16489256918430328,1.9084715843200684,0,-23.2979679107666,-0.39990234375,-1.3280420079827309,0.12245549950249668,0.2664972308796675,0.1288339222924706,0.3203346733624056
1780771796236510600,-23.175512411264105,-0.13340511287033255,-1.1992080856902603,-6.16808557510376,-0.16489256918430328,1.9084715843200684,0,-23.2979679107666,-0.39990234375,-1.3280420079827309,0.12245549950249668,0.2664972308796675,0.1288339222924706,0.3203346733624056
1780771796236510600,-23.175512411264105,-0.13340511287033255,-1.1992080856902603,-6.16808557510376,-0.16489256918430328,1.9084715843200684,0,-23.2979679107666,-0.39990234375,-1.3280420079827309,0.12245549950249668,0.2664972308796675,0.1288339222924706,0.3203346733624056
1780771796236510600,-23.138916870648327,-0.13593551851494395,-1.3932368531452068,-6.16808557510376,-0.16489256918430328,1.9084715843200684,0,-23.2979679107666,-0.39990234375,-1.3280420079827309,0.15905104011827476,0.26396682523505605,-0.06519484516247598,0.31500172384153535
1780771796269452600,-23.22357182637839,-0.13479593879251198,-2.3656437342381897,-6.16808557510376,-0.16489256918430328,1.9084715843200684,0,-23.2979679107666,-0.39990234375,-1.3280420079827309,0.0743960843882121,0.26510640495748805,-1.0376017262554589,1.0735145670414026
1780771796269452600,-23.22357182637839,-0.13479593879251198,-2.3656437342381897,-6.16808557510376,-0.16489256918430328,1.9084715843200684,0,-23.2979679107666,-0.39990234375,-1.3280420079827309,0.0743960843882121,0.26510640495748805,-1.0376017262554589,1.0735145670414026
1780771796269452600,-23.22357182637839,-0.13479593879251198,-2.3656437342381897,-6.16808557510376,-0.16489256918430328,1.9084715843200684,0,-23.2979679107666,-0.39990234375,-1.3280420079827309,0.0743960843882121,0.26510640495748805,-1.0376017262554589,1.0735145670414026
1780771796269452600,-23.04461800217213,-0.14162031252502644,-2.8349928712111874,-6.116679668426514,-0.16376952826976776,1.9192675352096558,0,-23.2979679107666,-0.39990234375,-1.3280420079827309,0.2533499085944726,0.25828203122497356,-1.5069508632284565,1.5497731085625135
1780771796269452600,-23.04461800217213,-0.14162031252502644,-2.8349928712111874,-6.116679668426514,-0.16376952826976776,1.9192675352096558,0,-23.2979679107666,-0.39990234375,-1.3280420079827309,0.2533499085944726,0.25828203122497356,-1.5069508632284565,1.5497731085625135
1780771796269452600,-23.04461800217213,-0.14162031252502644,-2.8349928712111874,-6.116679668426514,-0.16376952826976776,1.9192675352096558,0,-23.2979679107666,-0.39990234375,-1.3280420079827309,0.2533499085944726,0.25828203122497356,-1.5069508632284565,1.5497731085625135
1780771796269452600,-23.04461800217213,-0.14162031252502644,-2.8349928712111874,-6.116679668426514,-0.16376952826976776,1.9192675352096558,0,-23.2979679107666,-0.39990234375,-1.3280420079827309,0.2533499085944726,0.25828203122497356,-1.5069508632284565,1.5497731085625135
1780771796269452600,-23.04461800217213,-0.14162031252502644,-2.8349928712111874,-6.116679668426514,-0.16376952826976776,1.9192675352096558,0,-23.2979679107666,-0.39990234375,-1.3280420079827309,0.2533499085944726,0.25828203122497356,-1.5069508632284565,1.5497731085625135
1780771796269452600,-23.04461800217213,-0.14162031252502644,-2.8349928712111874,-6.116679668426514,-0.16376952826976776,1.9192675352096558,0,-23.2979679107666,-0.39990234375,-1.3280420079827309,0.2533499085944726,0.25828203122497356,-1.5069508632284565,1.5497731085625135
1780771796269452600,-22.86480560746376,-0.14238694312926267,-3.0040980381742317,-5.9921875,-0.16112303733825684,1.9429198503494263,0,-23.2979679107666,-0.39990234375,-1.3280420079827309,0.43316230330284,0.2575154006207373,-1.6760560301915008,1.7501735853625415
1780771796269452600,-22.86480560746376,-0.14238694312926267,-3.0040980381742317,-5.9921875,-0.16112303733825684,1.9429198503494263,0,-23.2979679107666,-0.39990234375,-1.3280420079827309,0.43316230330284,0.2575154006207373,-1.6760560301915008,1.7501735853625415
1780771796269452600,-22.86480560746376,-0.14238694312926267,-3.0040980381742317,-5.9921875,-0.16112303733825684,1.9429198503494263,0,-23.2979679107666,-0.39990234375,-1.3280420079827309,0.43316230330284,0.2575154006207373,-1.6760560301915008,1.7501735853625415
1780771796269452600,-22.86480560746376,-0.14238694312926267,-3.0040980381742317,-5.9921875,-0.16112303733825684,1.9429198503494263,0,-23.2979679107666,-0.39990234375,-1.3280420079827309,0.43316230330284,0.2575154006207373,-1.6760560301915008,1.7501735853625415
1780771796269452600,-22.86480560746376,-0.14238694312926267,-3.0040980381742317,-5.9921875,-0.16112303733825684,1.9429198503494263,0,-23.2979679107666,-0.39990234375,-1.3280420079827309,0.43316230330284,0.2575154006207373,-1.6760560301915008,1.7501735853625415
1780771796269452600,-22.86480560746376,-0.14238694312926267,-3.0040980381742317,-5.9921875,-0.16112303733825684,1.9429198503494263,0,-23.2979679107666,-0.39990234375,-1.3280420079827309,0.43316230330284,0.2575154006207373,-1.6760560301915008,1.7501735853625415
1780771796269452600,-22.80736950044746,-0.1458859385032656,-3.195951713871657,-5.9921875,-0.16112303733825684,1.9429198503494263,0,-23.2979679107666,-0.39990234375,-1.3280420079827309,0.49059841031914075,0.2540164052467344,-1.867909705888926,1.9478957373782089
1780771796269452600,-22.75822857027168,-0.14487032005977651,-3.1878657477614274,-5.943046569824219,-0.16010741889476776,1.9510058164596558,0,-23.2979679107666,-0.39990234375,-1.3280420079827309,0.539739340494922,0.2550320236902235,-1.8598237397786965,1.953280377168071
1780771796269452600,-22.75822857027168,-0.14487032005977651,-3.1878657477614274,-5.943046569824219,-0.16010741889476776,1.9510058164596558,0,-23.2979679107666,-0.39990234375,-1.3280420079827309,0.539739340494922,0.2550320236902235,-1.8598237397786965,1.953280377168071
1780771796269452600,-22.75822857027168,-0.14487032005977651,-3.1878657477614274,-5.943046569824219,-0.16010741889476776,1.9510058164596558,0,-23.2979679107666,-0.39990234375,-1.3280420079827309,0.539739340494922,0.2550320236902235,-1.8598237397786965,1.953280377168071
1780771796269452600,-22.75822857027168,-0.14487032005977651,-3.1878657477614274,-5.943046569824219,-0.16010741889476776,1.9510058164596558,0,-23.2979679107666,-0.39990234375,-1.3280420079827309,0.539739340494922,0.2550320236902235,-1.8598237397786965,1.953280377168071
1780771796269452600,-22.75822857027168,-0.14487032005977651,-3.1878657477614274,-5.943046569824219,-0.16010741889476776,1.9510058164596558,0,-23.2979679107666,-0.39990234375,-1.3280420079827309,0.539739340494922,0.2550320236902235,-1.8598237397786965,1.953280377168071
1780771796269452600,-22.75822857027168,-0.14487032005977651,-3.1878657477614274,-5.943046569824219,-0.16010741889476776,1.9510058164596558,0,-23.2979679107666,-0.39990234375,-1.3280420079827309,0.539739340494922,0.2550320236902235,-1.8598237397786965,1.953280377168071
1780771796300554500,-22.74231751385486,-0.15530624968210247,-4.1490879571885,-5.943046569824219,-0.16010741889476776,1.9510058164596558,0,-23.2979679107666,-0.39990234375,-1.3280420079827309,0.5556503969117408,0.24459609406789753,-2.821045949205769,2.885632488788502
1780771796300554500,-22.693880395324587,-0.1543199269215205,-4.141905359074486,-5.894609451293945,-0.1591210961341858,1.9581884145736694,0,-23.2979679107666,-0.39990234375,-1.3280420079827309,0.6040875154420142,0.2455824168284795,-2.8138633510917552,2.8884354603116105
1780771796300554500,-22.623435301815594,-0.15832367567126412,-4.332523498756826,-5.894609451293945,-0.1591210961341858,1.9581884145736694,0,-23.2979679107666,-0.39990234375,-1.3280420079827309,0.674532608951008,0.24157866807873588,-3.0044814907740953,3.08873170117009
1780771796300554500,-22.623435301815594,-0.15832367567126412,-4.332523498756826,-5.894609451293945,-0.1591210961341858,1.9581884145736694,0,-23.2979679107666,-0.39990234375,-1.3280420079827309,0.674532608951008,0.24157866807873588,-3.0044814907740953,3.08873170117009
1780771796300554500,-22.623435301815594,-0.15832367567126412,-4.332523498756826,-5.894609451293945,-0.1591210961341858,1.9581884145736694,0,-23.2979679107666,-0.39990234375,-1.3280420079827309,0.674532608951008,0.24157866807873588,-3.0044814907740953,3.08873170117009
1780771796300554500,-22.623435301815594,-0.15832367567126412,-4.332523498756826,-5.894609451293945,-0.1591210961341858,1.9581884145736694,0,-23.2979679107666,-0.39990234375,-1.3280420079827309,0.674532608951008,0.24157866807873588,-3.0044814907740953,3.08873170117009
1780771796300554500,-22.623435301815594,-0.15832367567126412,-4.332523498756826,-5.894609451293945,-0.1591210961341858,1.9581884145736694,0,-23.2979679107666,-0.39990234375,-1.3280420079827309,0.674532608951008,0.24157866807873588,-3.0044814907740953,3.08873170117009
1780771796300554500,-22.623435301815594,-0.15832367567126412,-4.332523498756826,-5.894609451293945,-0.1591210961341858,1.9581884145736694,0,-23.2979679107666,-0.39990234375,-1.3280420079827309,0.674532608951008,0.24157866807873588,-3.0044814907740953,3.08873170117009
1780771796300554500,-22.523708624874676,-0.15637055067126412,-4.320599708778799,-5.794882774353027,-0.1571679711341858,1.9701122045516968,0,-23.2979679107666,-0.39990234375,-1.3280420079827309,0.7742592858919259,0.24353179307873588,-2.992557700796068,3.1006752117279017
1780771796300554500,-22.291475038488045,-0.16937546564125783,-4.906585113015627,-5.794882774353027,-0.1571679711341858,1.9701122045516968,0,-23.2979679107666,-0.39990234375,-1.3280420079827309,1.0064928722785567,0.23052687810874217,-3.578543105032896,3.7245323596468567
1780771796300554500,-22.291475038488045,-0.16937546564125783,-4.906585113015627,-5.794882774353027,-0.1571679711341858,1.9701122045516968,0,-23.2979679107666,-0.39990234375,-1.3280420079827309,1.0064928722785567,0.23052687810874217,-3.578543105032896,3.7245323596468567
1780771796300554500,-22.291475038488045,-0.16937546564125783,-4.906585113015627,-5.794882774353027,-0.1571679711341858,1.9701122045516968,0,-23.2979679107666,-0.39990234375,-1.3280420079827309,1.0064928722785567,0.23052687810874217,-3.578543105032896,3.7245323596468567
1780771796300554500,-22.291475038488045,-0.16937546564125783,-4.906585113015627,-5.794882774353027,-0.1571679711341858,1.9701122045516968,0,-23.2979679107666,-0.39990234375,-1.3280420079827309,1.0064928722785567,0.23052687810874217,-3.578543105032896,3.7245323596468567
1780771796300554500,-22.2005765246941,-0.16768600178742177,-4.899456159081911,-5.703984260559082,-0.15547850728034973,1.9772411584854126,0,-23.2979679107666,-0.39990234375,-1.3280420079827309,1.097391386072502,0.23221634196257823,-3.57141415109918,3.7434197363336223
1780771796300554500,-22.121981283880974,-0.17197946703505737,-5.085037001570287,-5.703984260559082,-0.15547850728034973,1.9772411584854126,0,-23.2979679107666,-0.39990234375,-1.3280420079827309,1.1759866268856278,0.22792287671494263,-3.756994993587556,3.9433367553616074
1780771796300554500,-22.121981283880974,-0.17197946703505737,-5.085037001570287,-5.703984260559082,-0.15547850728034973,1.9772411584854126,0,-23.2979679107666,-0.39990234375,-1.3280420079827309,1.1759866268856278,0.22792287671494263,-3.756994993587556,3.9433367553616074
1780771796300554500,-22.121981283880974,-0.17197946703505737,-5.085037001570287,-5.703984260559082,-0.15547850728034973,1.9772411584854126,0,-23.2979679107666,-0.39990234375,-1.3280420079827309,1.1759866268856278,0.22792287671494263,-3.756994993587556,3.9433367553616074
1780771796300554500,-22.121981283880974,-0.17197946703505737,-5.085037001570287,-5.703984260559082,-0.15547850728034973,1.9772411584854126,0,-23.2979679107666,-0.39990234375,-1.3280420079827309,1.1759866268856278,0.22792287671494263,-3.756994993587556,3.9433367553616074
1780771796300554500,-22.121981283880974,-0.17197946703505737,-5.085037001570287,-5.703984260559082,-0.15547850728034973,1.9772411584854126,0,-23.2979679107666,-0.39990234375,-1.3280420079827309,1.1759866268856278,0.22792287671494263,-3.756994993587556,3.9433367553616074
1780771796335969800,-21.70295479682518,-0.15400509524709075,-5.992374552214084,-5.659882545471191,-0.1546972692012787,1.979213833808899,0,-23.2979679107666,-0.39990234375,-1.3280420079827309,1.5950131139414232,0.24589724850290925,-4.664332544231353,4.935638800970159
1780771796335969800,-21.70295479682518,-0.15400509524709075,-5.992374552214084,-5.659882545471191,-0.1546972692012787,1.979213833808899,0,-23.2979679107666,-0.39990234375,-1.3280420079827309,1.5950131139414232,0.24589724850290925,-4.664332544231353,4.935638800970159
1780771796335969800,-21.70295479682518,-0.15400509524709075,-5.992374552214084,-5.659882545471191,-0.1546972692012787,1.979213833808899,0,-23.2979679107666,-0.39990234375,-1.3280420079827309,1.5950131139414232,0.24589724850290925,-4.664332544231353,4.935638800970159
1780771796335969800,-21.70295479682518,-0.15400509524709075,-5.992374552214084,-5.659882545471191,-0.1546972692012787,1.979213833808899,0,-23.2979679107666,-0.39990234375,-1.3280420079827309,1.5950131139414232,0.24589724850290925,-4.664332544231353,4.935638800970159
1780771796335969800,-21.70295479682518,-0.15400509524709075,-5.992374552214084,-5.659882545471191,-0.1546972692012787,1.979213833808899,0,-23.2979679107666,-0.39990234375,-1.3280420079827309,1.5950131139414232,0.24589724850290925,-4.664332544231353,4.935638800970159
1780771796335969800,-21.448053220865404,-0.16688842773584514,-6.4860036611950775,-5.659882545471191,-0.1546972692012787,1.979213833808899,0,-23.2979679107666,-0.39990234375,-1.3280420079827309,1.8499146899011976,0.23301391601415486,-5.157961653212347,5.484619244849868
1780771796335969800,-21.37270198261467,-0.16560911834386974,-6.4850270986950775,-5.584531307220459,-0.15341795980930328,1.980190396308899,0,-23.2979679107666,-0.39990234375,-1.3280420079827309,1.92526592815193,0.23429322540613026,-5.156985090712347,5.5096313338918925
1780771796335969800,-21.276830164506485,-0.17038010300369816,-6.66144474970157,-5.584531307220459,-0.15341795980930328,1.980190396308899,0,-23.2979679107666,-0.39990234375,-1.3280420079827309,2.0211377462601163,0.22952224074630184,-5.333402741718839,5.708140069561069
1780771796335969800,-21.276830164506485,-0.17038010300369816,-6.66144474970157,-5.584531307220459,-0.15341795980930328,1.980190396308899,0,-23.2979679107666,-0.39990234375,-1.3280420079827309,2.0211377462601163,0.22952224074630184,-5.333402741718839,5.708140069561069
1780771796335969800,-21.194876638963272,-0.16910080851288395,-6.664447631705354,-5.502577781677246,-0.15213866531848907,1.9771875143051147,0,-23.2979679107666,-0.39990234375,-1.3280420079827309,2.103091271803329,0.23080153523711605,-5.336405623722623,5.740512801754003
1780771796335969800,-21.194876638963272,-0.16910080851288395,-6.664447631705354,-5.502577781677246,-0.15213866531848907,1.9771875143051147,0,-23.2979679107666,-0.39990234375,-1.3280420079827309,2.103091271803329,0.23080153523711605,-5.336405623722623,5.740512801754003
1780771796335969800,-21.097178566459494,-0.17391419725591287,-6.839520563368961,-5.502577781677246,-0.15213866531848907,1.9771875143051147,0,-23.2979679107666,-0.39990234375,-1.3280420079827309,2.2007893443071076,0.22598814649408713,-5.51147855538623,5.938934268608622
1780771796335969800,-21.097178566459494,-0.17391419725591287,-6.839520563368961,-5.502577781677246,-0.15213866531848907,1.9771875143051147,0,-23.2979679107666,-0.39990234375,-1.3280420079827309,2.2007893443071076,0.22598814649408713,-5.51147855538623,5.938934268608622
1780771796335969800,-21.097178566459494,-0.17391419725591287,-6.839520563368961,-5.502577781677246,-0.15213866531848907,1.9771875143051147,0,-23.2979679107666,-0.39990234375,-1.3280420079827309,2.2007893443071076,0.22598814649408713,-5.51147855538623,5.938934268608622
1780771796335969800,-21.097178566459494,-0.17391419725591287,-6.839520563368961,-5.502577781677246,-0.15213866531848907,1.9771875143051147,0,-23.2979679107666,-0.39990234375,-1.3280420079827309,2.2007893443071076,0.22598814649408713,-5.51147855538623,5.938934268608622
1780771796369067600,-20.767401944851834,-0.1796402384559763,-7.756991442580292,-5.502577781677246,-0.15213866531848907,1.9771875143051147,0,-23.2979679107666,-0.39990234375,-1.3280420079827309,2.530565965914768,0.2202621052940237,-6.428949434597561,6.912573351183117
1780771796369067600,-20.657653045049678,-0.18467441566115889,-7.926977681222532,-5.502577781677246,-0.15213866531848907,1.9771875143051147,0,-23.2979679107666,-0.39990234375,-1.3280420079827309,2.640314865716924,0.21522792808884111,-6.598935673239801,7.110804291408392
1780771796369067600,-20.657653045049678,-0.18467441566115889,-7.926977681222532,-5.502577781677246,-0.15213866531848907,1.9771875143051147,0,-23.2979679107666,-0.39990234375,-1.3280420079827309,2.640314865716924,0.21522792808884111,-6.598935673239801,7.110804291408392
1780771796369067600,-20.657653045049678,-0.18467441566115889,-7.926977681222532,-5.502577781677246,-0.15213866531848907,1.9771875143051147,0,-23.2979679107666,-0.39990234375,-1.3280420079827309,2.640314865716924,0.21522792808884111,-6.598935673239801,7.110804291408392
1780771796369067600,-20.657653045049678,-0.18467441566115889,-7.926977681222532,-5.502577781677246,-0.15213866531848907,1.9771875143051147,0,-23.2979679107666,-0.39990234375,-1.3280420079827309,2.640314865716924,0.21522792808884111,-6.598935673239801,7.110804291408392
1780771796369067600,-20.657653045049678,-0.18467441566115889,-7.926977681222532,-5.502577781677246,-0.15213866531848907,1.9771875143051147,0,-23.2979679107666,-0.39990234375,-1.3280420079827309,2.640314865716924,0.21522792808884111,-6.598935673239801,7.110804291408392
1780771796369067600,-20.549215983739863,-0.18316074080592665,-7.937851714196775,-5.394140720367432,-0.15062499046325684,1.9663134813308716,0,-23.2979679107666,-0.39990234375,-1.3280420079827309,2.7487519270267384,0.21674160294407335,-6.609809706214044,7.161857191479132
1780771796369067600,-20.346792026208735,-0.19227581263948426,-8.240857388639359,-5.394140720367432,-0.15062499046325684,1.9663134813308716,0,-23.2979679107666,-0.39990234375,-1.3280420079827309,2.951175884557866,0.20762653111051574,-6.912815380656628,7.519279511034267
1780771796369067600,-20.346792026208735,-0.19227581263948426,-8.240857388639359,-5.394140720367432,-0.15062499046325684,1.9663134813308716,0,-23.2979679107666,-0.39990234375,-1.3280420079827309,2.951175884557866,0.20762653111051574,-6.912815380656628,7.519279511034267
1780771796369067600,-20.346792026208735,-0.19227581263948426,-8.240857388639359,-5.394140720367432,-0.15062499046325684,1.9663134813308716,0,-23.2979679107666,-0.39990234375,-1.3280420079827309,2.951175884557866,0.20762653111051574,-6.912815380656628,7.519279511034267
1780771796369067600,-20.346792026208735,-0.19227581263948426,-8.240857388639359,-5.394140720367432,-0.15062499046325684,1.9663134813308716,0,-23.2979679107666,-0.39990234375,-1.3280420079827309,2.951175884557866,0.20762653111051574,-6.912815380656628,7.519279511034267
1780771796369067600,-20.346792026208735,-0.19227581263948426,-8.240857388639359,-5.394140720367432,-0.15062499046325684,1.9663134813308716,0,-23.2979679107666,-0.39990234375,-1.3280420079827309,2.951175884557866,0.20762653111051574,-6.912815380656628,7.519279511034267
1780771796369067600,-20.346792026208735,-0.19227581263948426,-8.240857388639359,-5.394140720367432,-0.15062499046325684,1.9663134813308716,0,-23.2979679107666,-0.39990234375,-1.3280420079827309,2.951175884557866,0.20762653111051574,-6.912815380656628,7.519279511034267
1780771796369067600,-20.195417230882008,-0.1968743641592197,-8.412436564206645,-5.357382774353027,-0.15016600489616394,1.9606249332427979,0,-23.2979679107666,-0.39990234375,-1.3280420079827309,3.102550679884594,0.2030279795907803,-7.084394556223915,7.736645740241963
1780771796369067600,-20.195417230882008,-0.1968743641592197,-8.412436564206645,-5.357382774353027,-0.15016600489616394,1.9606249332427979,0,-23.2979679107666,-0.39990234375,-1.3280420079827309,3.102550679884594,0.2030279795907803,-7.084394556223915,7.736645740241963
1780771796369067600,-20.195417230882008,-0.1968743641592197,-8.412436564206645,-5.357382774353027,-0.15016600489616394,1.9606249332427979,0,-23.2979679107666,-0.39990234375,-1.3280420079827309,3.102550679884594,0.2030279795907803,-7.084394556223915,7.736645740241963
1780771796369067600,-20.195417230882008,-0.1968743641592197,-8.412436564206645,-5.357382774353027,-0.15016600489616394,1.9606249332427979,0,-23.2979679107666,-0.39990234375,-1.3280420079827309,3.102550679884594,0.2030279795907803,-7.084394556223915,7.736645740241963
1780771796369067600,-20.195417230882008,-0.1968743641592197,-8.412436564206645,-5.357382774353027,-0.15016600489616394,1.9606249332427979,0,-23.2979679107666,-0.39990234375,-1.3280420079827309,3.102550679884594,0.2030279795907803,-7.084394556223915,7.736645740241963
1780771796369067600,-20.07915425114209,-0.20192456060686526,-8.57676652152176,-5.357382774353027,-0.15016600489616394,1.9606249332427979,0,-23.2979679107666,-0.39990234375,-1.3280420079827309,3.2188136596245123,0.19797778314313474,-7.248724513539029,7.933723189725317
1780771796369067600,-20.07915425114209,-0.20192456060686526,-8.57676652152176,-5.357382774353027,-0.15016600489616394,1.9606249332427979,0,-23.2979679107666,-0.39990234375,-1.3280420079827309,3.2188136596245123,0.19797778314313474,-7.248724513539029,7.933723189725317
1780771796369067600,-20.04329466633374,-0.20150464588442263,-8.583250910826875,-5.321523189544678,-0.1497460901737213,1.954140543937683,0,-23.2979679107666,-0.39990234375,-1.3280420079827309,3.254673244432862,0.19839769786557737,-7.255208902844144,7.954264001053423
1780771796369067600,-20.04329466633374,-0.20150464588442263,-8.583250910826875,-5.321523189544678,-0.1497460901737213,1.954140543937683,0,-23.2979679107666,-0.39990234375,-1.3280420079827309,3.254673244432862,0.19839769786557737,-7.255208902844144,7.954264001053423
1780771796402367500,-19.86621421985305,-0.25897410528041187,-9.567723133604343,-5.321523189544678,-0.1497460901737213,1.954140543937683,0,-23.2979679107666,-0.39990234375,-1.3280420079827309,3.4317536909135526,0.14092823846958813,-8.239681125621612,8.92687734963475
1780771796402367500,-19.86621421985305,-0.25897410528041187,-9.567723133604343,-5.321523189544678,-0.1497460901737213,1.954140543937683,0,-23.2979679107666,-0.39990234375,-1.3280420079827309,3.4317536909135526,0.14092823846958813,-8.239681125621612,8.92687734963475
1780771796402367500,-19.73739614832678,-0.2641659307187373,-9.728445876312922,-5.321523189544678,-0.1497460901737213,1.954140543937683,0,-23.2979679107666,-0.39990234375,-1.3280420079827309,3.560571762439821,0.13573641303126271,-8.40040386833019,9.124849631657677
1780771796402367500,-19.73739614832678,-0.2641659307187373,-9.728445876312922,-5.321523189544678,-0.1497460901737213,1.954140543937683,0,-23.2979679107666,-0.39990234375,-1.3280420079827309,3.560571762439821,0.13573641303126271,-8.40040386833019,9.124849631657677
1780771796402367500,-19.64208355295935,-0.2631893682187373,-9.749900925827692,-5.226210594177246,-0.1487695276737213,1.9326854944229126,0,-23.2979679107666,-0.39990234375,-1.3280420079827309,3.6558843578072526,0.13671297553126271,-8.421858917844961,9.182150538268422
1780771796402367500,-19.64208355295935,-0.2631893682187373,-9.749900925827692,-5.226210594177246,-0.1487695276737213,1.9326854944229126,0,-23.2979679107666,-0.39990234375,-1.3280420079827309,3.6558843578072526,0.13671297553126271,-8.421858917844961,9.182150538268422
1780771796402367500,-19.64208355295935,-0.2631893682187373,-9.749900925827692,-5.226210594177246,-0.1487695276737213,1.9326854944229126,0,-23.2979679107666,-0.39990234375,-1.3280420079827309,3.6558843578072526,0.13671297553126271,-8.421858917844961,9.182150538268422
1780771796402367500,-19.408679152604,-0.2723803116875414,-10.032080131931464,-5.226210594177246,-0.1487695276737213,1.9326854944229126,0,-23.2979679107666,-0.39990234375,-1.3280420079827309,3.8892887581626,0.1275220320624586,-8.704038123948733,9.53431217111042
1780771796402367500,-19.408679152604,-0.2723803116875414,-10.032080131931464,-5.226210594177246,-0.1487695276737213,1.9326854944229126,0,-23.2979679107666,-0.39990234375,-1.3280420079827309,3.8892887581626,0.1275220320624586,-8.704038123948733,9.53431217111042
1780771796402367500,-19.408679152604,-0.2723803116875414,-10.032080131931464,-5.226210594177246,-0.1487695276737213,1.9326854944229126,0,-23.2979679107666,-0.39990234375,-1.3280420079827309,3.8892887581626,0.1275220320624586,-8.704038123948733,9.53431217111042
1780771796402367500,-19.375983859177488,-0.27208733995730916,-10.040874082012335,-5.193515300750732,-0.14847655594348907,1.923891544342041,0,-23.2979679107666,-0.39990234375,-1.3280420079827309,3.9219840515891136,0.12781500379269084,-8.712832074029604,9.555717572550629
1780771796402367500,-19.375983859177488,-0.27208733995730916,-10.040874082012335,-5.193515300750732,-0.14847655594348907,1.923891544342041,0,-23.2979679107666,-0.39990234375,-1.3280420079827309,3.9219840515891136,0.12781500379269084,-8.712832074029604,9.555717572550629
1780771796402367500,-19.107982789247995,-0.28234848535216606,-10.351408181055637,-5.193515300750732,-0.14847655594348907,1.923891544342041,0,-23.2979679107666,-0.39990234375,-1.3280420079827309,4.189985121518607,0.11755385839783394,-9.023366173072906,9.94941864238951
1780771796402367500,-19.107982789247995,-0.28234848535216606,-10.351408181055637,-5.193515300750732,-0.14847655594348907,1.923891544342041,0,-23.2979679107666,-0.39990234375,-1.3280420079827309,4.189985121518607,0.11755385839783394,-9.023366173072906,9.94941864238951
1780771796402367500,-19.107982789247995,-0.28234848535216606,-10.351408181055637,-5.193515300750732,-0.14847655594348907,1.923891544342041,0,-23.2979679107666,-0.39990234375,-1.3280420079827309,4.189985121518607,0.11755385839783394,-9.023366173072906,9.94941864238951
1780771796402367500,-19.076029931276803,-0.2820945844665841,-10.360685524805637,-5.161562442779541,-0.1482226550579071,1.914614200592041,0,-23.2979679107666,-0.39990234375,-1.3280420079827309,4.221937979489798,0.11780775928341591,-9.032643516822906,9.971323275915221
1780771796402367500,-19.076029931276803,-0.2820945844665841,-10.360685524805637,-5.161562442779541,-0.1482226550579071,1.914614200592041,0,-23.2979679107666,-0.39990234375,-1.3280420079827309,4.221937979489798,0.11780775928341591,-9.032643516822906,9.971323275915221
1780771796402367500,-19.076029931276803,-0.2820945844665841,-10.360685524805637,-5.161562442779541,-0.1482226550579071,1.914614200592041,0,-23.2979679107666,-0.39990234375,-1.3280420079827309,4.221937979489798,0.11780775928341591,-9.032643516822906,9.971323275915221
1780771796435634500,-18.616531908722344,-0.24644936911504128,-10.900388285185857,-5.161562442779541,-0.1482226550579071,1.914614200592041,0,-23.2979679107666,-0.39990234375,-1.3280420079827309,4.681436002044258,0.15345297463495872,-9.572346277203126,10.656885291085054
1780771796435634500,-18.616531908722344,-0.24644936911504128,-10.900388285185857,-5.161562442779541,-0.1482226550579071,1.914614200592041,0,-23.2979679107666,-0.39990234375,-1.3280420079827309,4.681436002044258,0.15345297463495872,-9.572346277203126,10.656885291085054
1780771796435634500,-18.474310673890074,-0.2515737058424391,-11.0480318881765,-5.161562442779541,-0.1482226550579071,1.914614200592041,0,-23.2979679107666,-0.39990234375,-1.3280420079827309,4.823657236876528,0.1483286379075609,-9.719989880193769,10.852090756843314
1780771796435634500,-18.443099774537046,-0.25134910063976423,-11.057724199463426,-5.130351543426514,-0.14799804985523224,1.9049218893051147,0,-23.2979679107666,-0.39990234375,-1.3280420079827309,4.854868136229555,0.14855324311023577,-9.729682191480695,10.874673706986899
1780771796435634500,-18.443099774537046,-0.25134910063976423,-11.057724199463426,-5.130351543426514,-0.14799804985523224,1.9049218893051147,0,-23.2979679107666,-0.39990234375,-1.3280420079827309,4.854868136229555,0.14855324311023577,-9.729682191480695,10.874673706986899
1780771796435634500,-18.443099774537046,-0.25134910063976423,-11.057724199463426,-5.130351543426514,-0.14799804985523224,1.9049218893051147,0,-23.2979679107666,-0.39990234375,-1.3280420079827309,4.854868136229555,0.14855324311023577,-9.729682191480695,10.874673706986899
1780771796435634500,-18.443099774537046,-0.25134910063976423,-11.057724199463426,-5.130351543426514,-0.14799804985523224,1.9049218893051147,0,-23.2979679107666,-0.39990234375,-1.3280420079827309,4.854868136229555,0.14855324311023577,-9.729682191480695,10.874673706986899
1780771796435634500,-18.443099774537046,-0.25134910063976423,-11.057724199463426,-5.130351543426514,-0.14799804985523224,1.9049218893051147,0,-23.2979679107666,-0.39990234375,-1.3280420079827309,4.854868136229555,0.14855324311023577,-9.729682191480695,10.874673706986899
1780771796435634500,-18.029508700360175,-0.2658414383775605,-11.469232218667845,-5.130351543426514,-0.14799804985523224,1.9049218893051147,0,-23.2979679107666,-0.39990234375,-1.3280420079827309,5.2684592104064265,0.13406090537243948,-10.141190210685114,11.428839559087404
1780771796435634500,-18.029508700360175,-0.2658414383775605,-11.469232218667845,-5.130351543426514,-0.14799804985523224,1.9049218893051147,0,-23.2979679107666,-0.39990234375,-1.3280420079827309,5.2684592104064265,0.13406090537243948,-10.141190210685114,11.428839559087404
1780771796435634500,-17.94435225962531,-0.2653336217052354,-11.498724477693418,-5.04519510269165,-0.1474902331829071,1.875429630279541,0,-23.2979679107666,-0.39990234375,-1.3280420079827309,5.35361565114129,0.1345687220447646,-10.170682469710687,11.494437401664252
1780771796435634500,-17.94435225962531,-0.2653336217052354,-11.498724477693418,-5.04519510269165,-0.1474902331829071,1.875429630279541,0,-23.2979679107666,-0.39990234375,-1.3280420079827309,5.35361565114129,0.1345687220447646,-10.170682469710687,11.494437401664252
1780771796435634500,-17.94435225962531,-0.2653336217052354,-11.498724477693418,-5.04519510269165,-0.1474902331829071,1.875429630279541,0,-23.2979679107666,-0.39990234375,-1.3280420079827309,5.35361565114129,0.1345687220447646,-10.170682469710687,11.494437401664252
1780771796435634500,-17.796626547609193,-0.2703209534534191,-11.63960086347175,-5.04519510269165,-0.1474902331829071,1.875429630279541,0,-23.2979679107666,-0.39990234375,-1.3280420079827309,5.501341363157408,0.1295813902965809,-10.31155885548902,11.688019257381116
1780771796435634500,-17.796626547609193,-0.2703209534534191,-11.63960086347175,-5.04519510269165,-0.1474902331829071,1.875429630279541,0,-23.2979679107666,-0.39990234375,-1.3280420079827309,5.501341363157408,0.1295813902965809,-10.31155885548902,11.688019257381116
1780771796435634500,-17.76811120871149,-0.27019399556004753,-11.650513877883677,-5.016679763793945,-0.14736327528953552,1.8645166158676147,0,-23.2979679107666,-0.39990234375,-1.3280420079827309,5.529856702055113,0.12970834818995247,-10.322471869900946,11.711087264031054
1780771796435634500,-17.76811120871149,-0.27019399556004753,-11.650513877883677,-5.016679763793945,-0.14736327528953552,1.8645166158676147,0,-23.2979679107666,-0.39990234375,-1.3280420079827309,5.529856702055113,0.12970834818995247,-10.322471869900946,11.711087264031054
1780771796435634500,-17.76811120871149,-0.27019399556004753,-11.650513877883677,-5.016679763793945,-0.14736327528953552,1.8645166158676147,0,-23.2979679107666,-0.39990234375,-1.3280420079827309,5.529856702055113,0.12970834818995247,-10.322471869900946,11.711087264031054
1780771796469291900,-17.408487309757994,-0.29068537996501054,-11.823985946059086,-5.016679763793945,-0.14736327528953552,1.8645166158676147,0,-23.2979679107666,-0.39990234375,-1.3280420079827309,5.889480601008607,0.10921696378498946,-10.495943938076355,12.03589420218028
1780771796469291900,-17.2574691863529,-0.2955344124568915,-11.959146339241402,-5.016679763793945,-0.14736327528953552,1.8645166158676147,0,-23.2979679107666,-0.39990234375,-1.3280420079827309,6.040498724413702,0.1043679312931085,-10.63110433125867,12.227791984116871
1780771796469291900,-17.2574691863529,-0.2955344124568915,-11.959146339241402,-5.016679763793945,-0.14736327528953552,1.8645166158676147,0,-23.2979679107666,-0.39990234375,-1.3280420079827309,6.040498724413702,0.1043679312931085,-10.63110433125867,12.227791984116871
1780771796469291900,-17.229617604779413,-0.29542698998584505,-11.970308501068489,-4.988828182220459,-0.14725585281848907,1.8533544540405273,0,-23.2979679107666,-0.39990234375,-1.3280420079827309,6.068350305987188,0.10447535376415495,-10.642266493085758,12.251270409454474
1780771796469291900,-17.229617604779413,-0.29542698998584505,-11.970308501068489,-4.988828182220459,-0.14725585281848907,1.8533544540405273,0,-23.2979679107666,-0.39990234375,-1.3280420079827309,6.068350305987188,0.10447535376415495,-10.642266493085758,12.251270409454474
1780771796469291900,-17.229617604779413,-0.29542698998584505,-11.970308501068489,-4.988828182220459,-0.14725585281848907,1.8533544540405273,0,-23.2979679107666,-0.39990234375,-1.3280420079827309,6.068350305987188,0.10447535376415495,-10.642266493085758,12.251270409454474
1780771796469291900,-17.00059721346126,-0.30255321043020644,-12.169691767826432,-4.988828182220459,-0.14725585281848907,1.8533544540405273,0,-23.2979679107666,-0.39990234375,-1.3280420079827309,6.297370697305343,0.09734913331979356,-10.841649759843701,12.538250438883294
1780771796469291900,-17.00059721346126,-0.30255321043020644,-12.169691767826432,-4.988828182220459,-0.14725585281848907,1.8533544540405273,0,-23.2979679107666,-0.39990234375,-1.3280420079827309,6.297370697305343,0.09734913331979356,-10.841649759843701,12.538250438883294
1780771796469291900,-17.00059721346126,-0.30255321043020644,-12.169691767826432,-4.988828182220459,-0.14725585281848907,1.8533544540405273,0,-23.2979679107666,-0.39990234375,-1.3280420079827309,6.297370697305343,0.09734913331979356,-10.841649759843701,12.538250438883294
1780771796469291900,-16.933799956991532,-0.3023871965933458,-12.198505249157304,-4.922030925750732,-0.14708983898162842,1.8245409727096558,0,-23.2979679107666,-0.39990234375,-1.3280420079827309,6.36416795377507,0.09751514715665421,-10.870463241174573,12.59678983017142
1780771796469291900,-16.933799956991532,-0.3023871965933458,-12.198505249157304,-4.922030925750732,-0.14708983898162842,1.8245409727096558,0,-23.2979679107666,-0.39990234375,-1.3280420079827309,6.36416795377507,0.09751514715665421,-10.870463241174573,12.59678983017142
1780771796469291900,-16.77946503370107,-0.30706001656285253,-12.3291936506212,-4.922030925750732,-0.14708983898162842,1.8245409727096558,0,-23.2979679107666,-0.39990234375,-1.3280420079827309,6.518502877065533,0.09284232718714747,-11.001151642638469,12.78768301610406
1780771796469291900,-16.77946503370107,-0.30706001656285253,-12.3291936506212,-4.922030925750732,-0.14708983898162842,1.8245409727096558,0,-23.2979679107666,-0.39990234375,-1.3280420079827309,6.518502877065533,0.09284232718714747,-11.001151642638469,12.78768301610406
1780771796469291900,-16.77946503370107,-0.30706001656285253,-12.3291936506212,-4.922030925750732,-0.14708983898162842,1.8245409727096558,0,-23.2979679107666,-0.39990234375,-1.3280420079827309,6.518502877065533,0.09284232718714747,-11.001151642638469,12.78768301610406
1780771796469291900,-16.77946503370107,-0.30706001656285253,-12.3291936506212,-4.922030925750732,-0.14708983898162842,1.8245409727096558,0,-23.2979679107666,-0.39990234375,-1.3280420079827309,6.518502877065533,0.09284232718714747,-11.001151642638469,12.78768301610406
1780771796469291900,-16.598297796653313,-0.31166513485646785,-12.469946183670071,-4.896484375,-0.14707030355930328,1.8126659393310547,0,-23.2979679107666,-0.39990234375,-1.3280420079827309,6.699670114113289,0.08823720889353215,-11.14190417568734,13.001361240392294
1780771796469291900,-16.598297796653313,-0.31166513485646785,-12.469946183670071,-4.896484375,-0.14707030355930328,1.8126659393310547,0,-23.2979679107666,-0.39990234375,-1.3280420079827309,6.699670114113289,0.08823720889353215,-11.14190417568734,13.001361240392294
1780771796469291900,-16.598297796653313,-0.31166513485646785,-12.469946183670071,-4.896484375,-0.14707030355930328,1.8126659393310547,0,-23.2979679107666,-0.39990234375,-1.3280420079827309,6.699670114113289,0.08823720889353215,-11.14190417568734,13.001361240392294
1780771796469291900,-16.598297796653313,-0.31166513485646785,-12.469946183670071,-4.896484375,-0.14707030355930328,1.8126659393310547,0,-23.2979679107666,-0.39990234375,-1.3280420079827309,6.699670114113289,0.08823720889353215,-11.14190417568734,13.001361240392294
1780771796469291900,-16.598297796653313,-0.31166513485646785,-12.469946183670071,-4.896484375,-0.14707030355930328,1.8126659393310547,0,-23.2979679107666,-0.39990234375,-1.3280420079827309,6.699670114113289,0.08823720889353215,-11.14190417568734,13.001361240392294
1780771796500600700,-31.238552251491758,-2.3209147479618197,-23.102049310573012,-4.896484375,-0.14707030355930328,1.8126659393310547,1,-46.89374923706055,-2.499990224838257,-6.4280418157577515,15.65519698556879,0.1790754768764371,-16.67400749481526,22.872249268940212
1780771796500600700,-31.238552251491758,-2.3209147479618197,-23.102049310573012,-4.896484375,-0.14707030355930328,1.8126659393310547,1,-46.89374923706055,-2.499990224838257,-6.4280418157577515,15.65519698556879,0.1790754768764371,-16.67400749481526,22.872249268940212
1780771796500600700,-30.93840284855357,-2.3306501444826706,-23.4010954596512,-4.871562480926514,-0.14707030355930328,1.8005907535552979,1,-46.89374923706055,-2.499990224838257,-6.4280418157577515,15.955346388506978,0.16934008035558623,-16.973053643893447,23.295628440515234
1780771796500600700,-30.93840284855357,-2.3306501444826706,-23.4010954596512,-4.871562480926514,-0.14707030355930328,1.8005907535552979,1,-46.89374923706055,-2.499990224838257,-6.4280418157577515,15.955346388506978,0.16934008035558623,-16.973053643893447,23.295628440515234
1780771796500600700,-30.93840284855357,-2.3306501444826706,-23.4010954596512,-4.871562480926514,-0.14707030355930328,1.8005907535552979,1,-46.89374923706055,-2.499990224838257,-6.4280418157577515,15.955346388506978,0.16934008035558623,-16.973053643893447,23.295628440515234
1780771796500600700,-30.93840284855357,-2.3306501444826706,-23.4010954596512,-4.871562480926514,-0.14707030355930328,1.8005907535552979,1,-46.89374923706055,-2.499990224838257,-6.4280418157577515,15.955346388506978,0.16934008035558623,-16.973053643893447,23.295628440515234
1780771796500600700,-30.93840284855357,-2.3306501444826706,-23.4010954596512,-4.871562480926514,-0.14707030355930328,1.8005907535552979,1,-46.89374923706055,-2.499990224838257,-6.4280418157577515,15.955346388506978,0.16934008035558623,-16.973053643893447,23.295628440515234
1780771796500600700,-30.424284607783328,-2.348362555897338,-23.920721032382048,-4.871562480926514,-0.14707030355930328,1.8005907535552979,0,-23.2979679107666,-0.39990234375,-1.3280420079827309,-7.126316697016726,-1.9484602121473382,-22.592679024399317,23.769939679436156
1780771796500600700,-30.357135922328006,-2.348479753530128,-23.955813743830717,-4.804413795471191,-0.1471875011920929,1.7654980421066284,0,-23.2979679107666,-0.39990234375,-1.3280420079827309,-7.059168011561404,-1.9485774097801278,-22.627771735847986,23.78328952577835
1780771796500600700,-30.357135922328006,-2.348479753530128,-23.955813743830717,-4.804413795471191,-0.1471875011920929,1.7654980421066284,0,-23.2979679107666,-0.39990234375,-1.3280420079827309,-7.059168011561404,-1.9485774097801278,-22.627771735847986,23.78328952577835
1780771796500600700,-30.357135922328006,-2.348479753530128,-23.955813743830717,-4.804413795471191,-0.1471875011920929,1.7654980421066284,0,-23.2979679107666,-0.39990234375,-1.3280420079827309,-7.059168011561404,-1.9485774097801278,-22.627771735847986,23.78328952577835
1780771796500600700,-30.357135922328006,-2.348479753530128,-23.955813743830717,-4.804413795471191,-0.1471875011920929,1.7654980421066284,0,-23.2979679107666,-0.39990234375,-1.3280420079827309,-7.059168011561404,-1.9485774097801278,-22.627771735847986,23.78328952577835
1780771796500600700,-29.789554959169756,-2.367855236809878,-24.50586529328201,-4.804413795471191,-0.1471875011920929,1.7654980421066284,0,-23.2979679107666,-0.39990234375,-1.3280420079827309,-6.491587048403154,-1.967952893059878,-23.17782328529928,24.150052447993975
1780771796500600700,-29.789554959169756,-2.367855236809878,-24.50586529328201,-4.804413795471191,-0.1471875011920929,1.7654980421066284,0,-23.2979679107666,-0.39990234375,-1.3280420079827309,-6.491587048403154,-1.967952893059878,-23.17782328529928,24.150052447993975
1780771796500600700,-29.789554959169756,-2.367855236809878,-24.50586529328201,-4.804413795471191,-0.1471875011920929,1.7654980421066284,0,-23.2979679107666,-0.39990234375,-1.3280420079827309,-6.491587048403154,-1.967952893059878,-23.17782328529928,24.150052447993975
1780771796500600700,-29.767250424257647,-2.3679333635980173,-24.518492298859098,-4.782109260559082,-0.14726562798023224,1.752871036529541,0,-23.2979679107666,-0.39990234375,-1.3280420079827309,-6.469282513491045,-1.9680310198480173,-23.190450290876367,24.156194796119127
1780771796500600700,-29.767250424257647,-2.3679333635980173,-24.518492298859098,-4.782109260559082,-0.14726562798023224,1.752871036529541,0,-23.2979679107666,-0.39990234375,-1.3280420079827309,-6.469282513491045,-1.9680310198480173,-23.190450290876367,24.156194796119127
1780771796500600700,-29.767250424257647,-2.3679333635980173,-24.518492298859098,-4.782109260559082,-0.14726562798023224,1.752871036529541,0,-23.2979679107666,-0.39990234375,-1.3280420079827309,-6.469282513491045,-1.9680310198480173,-23.190450290876367,24.156194796119127
1780771796500600700,-29.767250424257647,-2.3679333635980173,-24.518492298859098,-4.782109260559082,-0.14726562798023224,1.752871036529541,0,-23.2979679107666,-0.39990234375,-1.3280420079827309,-6.469282513491045,-1.9680310198480173,-23.190450290876367,24.156194796119127
1780771796500600700,-29.767250424257647,-2.3679333635980173,-24.518492298859098,-4.782109260559082,-0.14726562798023224,1.752871036529541,0,-23.2979679107666,-0.39990234375,-1.3280420079827309,-6.469282513491045,-1.9680310198480173,-23.190450290876367,24.156194796119127
1780771796500600700,-29.767250424257647,-2.3679333635980173,-24.518492298859098,-4.782109260559082,-0.14726562798023224,1.752871036529541,0,-23.2979679107666,-0.39990234375,-1.3280420079827309,-6.469282513491045,-1.9680310198480173,-23.190450290876367,24.156194796119127
1780771796500600700,-29.767250424257647,-2.3679333635980173,-24.518492298859098,-4.782109260559082,-0.14726562798023224,1.752871036529541,0,-23.2979679107666,-0.39990234375,-1.3280420079827309,-6.469282513491045,-1.9680310198480173,-23.190450290876367,24.156194796119127
1780771796534227800,-31.783779273790763,-2.3795413710657844,-30.09823179595111,-4.760468482971191,-0.1473730504512787,1.7401074171066284,1,-46.89374923706055,-2.499990224838257,-6.4280418157577515,15.109969963269783,0.12044885377247239,-23.67018998019336,28.082086708714087
1780771796534227800,-31.783779273790763,-2.3795413710657844,-30.09823179595111,-4.760468482971191,-0.1473730504512787,1.7401074171066284,1,-46.89374923706055,-2.499990224838257,-6.4280418157577515,15.109969963269783,0.12044885377247239,-23.67018998019336,28.082086708714087
1780771796534227800,-31.783779273790763,-2.3795413710657844,-30.09823179595111,-4.760468482971191,-0.1473730504512787,1.7401074171066284,1,-46.89374923706055,-2.499990224838257,-6.4280418157577515,15.109969963269783,0.12044885377247239,-23.67018998019336,28.082086708714087
1780771796534227800,-31.435324080789457,-2.3925405062836185,-30.389832627738237,-4.760468482971191,-0.1473730504512787,1.7401074171066284,1,-46.89374923706055,-2.499990224838257,-6.4280418157577515,15.45842515627109,0.10744971855463836,-23.961790811980485,28.5156425961465
1780771796534227800,-31.435324080789457,-2.3925405062836185,-30.389832627738237,-4.760468482971191,-0.1473730504512787,1.7401074171066284,1,-46.89374923706055,-2.499990224838257,-6.4280418157577515,15.45842515627109,0.10744971855463836,-23.961790811980485,28.5156425961465
1780771796534227800,-31.435324080789457,-2.3925405062836185,-30.389832627738237,-4.760468482971191,-0.1473730504512787,1.7401074171066284,1,-46.89374923706055,-2.499990224838257,-6.4280418157577515,15.45842515627109,0.10744971855463836,-23.961790811980485,28.5156425961465
1780771796534227800,-31.39407432874478,-2.3928237028521075,-30.41577996012044,-4.719218730926514,-0.14765624701976776,1.7141600847244263,1,-46.89374923706055,-2.499990224838257,-6.4280418157577515,15.499674908315768,0.10716652198614929,-23.987738144362687,28.559814218748354
1780771796534227800,-30.33038457973569,-2.434936664965281,-31.267020571961964,-4.719218730926514,-0.14765624701976776,1.7141600847244263,1,-46.89374923706055,-2.499990224838257,-6.4280418157577515,16.563364657324858,0.06505355987297579,-24.838978756204213,29.855052275759537
1780771796534227800,-30.33038457973569,-2.434936664965281,-31.267020571961964,-4.719218730926514,-0.14765624701976776,1.7141600847244263,1,-46.89374923706055,-2.499990224838257,-6.4280418157577515,16.563364657324858,0.06505355987297579,-24.838978756204213,29.855052275759537
1780771796534227800,-30.33038457973569,-2.434936664965281,-31.267020571961964,-4.719218730926514,-0.14765624701976776,1.7141600847244263,1,-46.89374923706055,-2.499990224838257,-6.4280418157577515,16.563364657324858,0.06505355987297579,-24.838978756204213,29.855052275759537
1780771796534227800,-30.33038457973569,-2.434936664965281,-31.267020571961964,-4.719218730926514,-0.14765624701976776,1.7141600847244263,1,-46.89374923706055,-2.499990224838257,-6.4280418157577515,16.563364657324858,0.06505355987297579,-24.838978756204213,29.855052275759537
1780771796534227800,-30.33038457973569,-2.434936664965281,-31.267020571961964,-4.719218730926514,-0.14765624701976776,1.7141600847244263,1,-46.89374923706055,-2.499990224838257,-6.4280418157577515,16.563364657324858,0.06505355987297579,-24.838978756204213,29.855052275759537
1780771796534227800,-30.29202493770688,-2.4353175237442346,-31.293421853318776,-4.680859088897705,-0.1480371057987213,1.6877588033676147,1,-46.89374923706055,-2.499990224838257,-6.4280418157577515,16.601724299353666,0.06467270109402223,-24.865380037561025,29.89830357532606
1780771796534227800,-30.29202493770688,-2.4353175237442346,-31.293421853318776,-4.680859088897705,-0.1480371057987213,1.6877588033676147,1,-46.89374923706055,-2.499990224838257,-6.4280418157577515,16.601724299353666,0.06467270109402223,-24.865380037561025,29.89830357532606
1780771796534227800,-30.29202493770688,-2.4353175237442346,-31.293421853318776,-4.680859088897705,-0.1480371057987213,1.6877588033676147,1,-46.89374923706055,-2.499990224838257,-6.4280418157577515,16.601724299353666,0.06467270109402223,-24.865380037561025,29.89830357532606
1780771796534227800,-29.93182670922611,-2.4498170823281837,-31.56900274268922,-4.680859088897705,-0.1480371057987213,1.6877588033676147,1,-46.89374923706055,-2.499990224838257,-6.4280418157577515,16.961922527834435,0.0501731425100731,-25.14096092693147,30.3278296208941
1780771796534227800,-29.93182670922611,-2.4498170823281837,-31.56900274268922,-4.680859088897705,-0.1480371057987213,1.6877588033676147,1,-46.89374923706055,-2.499990224838257,-6.4280418157577515,16.961922527834435,0.0501731425100731,-25.14096092693147,30.3278296208941
1780771796534227800,-29.93182670922611,-2.4498170823281837,-31.56900274268922,-4.680859088897705,-0.1480371057987213,1.6877588033676147,1,-46.89374923706055,-2.499990224838257,-6.4280418157577515,16.961922527834435,0.0501731425100731,-25.14096092693147,30.3278296208941
1780771796534227800,-29.93182670922611,-2.4498170823281837,-31.56900274268922,-4.680859088897705,-0.1480371057987213,1.6877588033676147,1,-46.89374923706055,-2.499990224838257,-6.4280418157577515,16.961922527834435,0.0501731425100731,-25.14096092693147,30.3278296208941
1780771796534227800,-29.93182670922611,-2.4498170823281837,-31.56900274268922,-4.680859088897705,-0.1480371057987213,1.6877588033676147,1,-46.89374923706055,-2.499990224838257,-6.4280418157577515,16.961922527834435,0.0501731425100731,-25.14096092693147,30.3278296208941
1780771796569003600,-28.78236107982672,-2.542863928828844,-33.90776050687183,-4.662773132324219,-0.14826171100139618,1.6743896007537842,1,-46.89374923706055,-2.499990224838257,-6.4280418157577515,18.111388157233826,-0.04287370399058732,-27.47971869111408,32.911383417888224
1780771796569003600,-28.78236107982672,-2.542863928828844,-33.90776050687183,-4.662773132324219,-0.14826171100139618,1.6743896007537842,1,-46.89374923706055,-2.499990224838257,-6.4280418157577515,18.111388157233826,-0.04287370399058732,-27.47971869111408,32.911383417888224
1780771796569003600,-28.78236107982672,-2.542863928828844,-33.90776050687183,-4.662773132324219,-0.14826171100139618,1.6743896007537842,1,-46.89374923706055,-2.499990224838257,-6.4280418157577515,18.111388157233826,-0.04287370399058732,-27.47971869111408,32.911383417888224
1780771796569003600,-28.78236107982672,-2.542863928828844,-33.90776050687183,-4.662773132324219,-0.14826171100139618,1.6743896007537842,1,-46.89374923706055,-2.499990224838257,-6.4280418157577515,18.111388157233826,-0.04287370399058732,-27.47971869111408,32.911383417888224
1780771796569003600,-28.78236107982672,-2.542863928828844,-33.90776050687183,-4.662773132324219,-0.14826171100139618,1.6743896007537842,1,-46.89374923706055,-2.499990224838257,-6.4280418157577515,18.111388157233826,-0.04287370399058732,-27.47971869111408,32.911383417888224
1780771796569003600,-28.78236107982672,-2.542863928828844,-33.90776050687183,-4.662773132324219,-0.14826171100139618,1.6743896007537842,1,-46.89374923706055,-2.499990224838257,-6.4280418157577515,18.111388157233826,-0.04287370399058732,-27.47971869111408,32.911383417888224
1780771796569003600,-27.65906568690169,-2.589418094429467,-34.64553872219612,-4.632030963897705,-0.14873047173023224,1.650146484375,0,-23.2979679107666,-0.39990234375,-1.3280420079827309,-4.3610977761350895,-2.189515750679467,-33.31749671421339,33.67296750120346
1780771796569003600,-27.65906568690169,-2.589418094429467,-34.64553872219612,-4.632030963897705,-0.14873047173023224,1.650146484375,0,-23.2979679107666,-0.39990234375,-1.3280420079827309,-4.3610977761350895,-2.189515750679467,-33.31749671421339,33.67296750120346
1780771796569003600,-27.65906568690169,-2.589418094429467,-34.64553872219612,-4.632030963897705,-0.14873047173023224,1.650146484375,0,-23.2979679107666,-0.39990234375,-1.3280420079827309,-4.3610977761350895,-2.189515750679467,-33.31749671421339,33.67296750120346
1780771796569003600,-27.65906568690169,-2.589418094429467,-34.64553872219612,-4.632030963897705,-0.14873047173023224,1.650146484375,0,-23.2979679107666,-0.39990234375,-1.3280420079827309,-4.3610977761350895,-2.189515750679467,-33.31749671421339,33.67296750120346
1780771796569003600,-27.65906568690169,-2.589418094429467,-34.64553872219612,-4.632030963897705,-0.14873047173023224,1.650146484375,0,-23.2979679107666,-0.39990234375,-1.3280420079827309,-4.3610977761350895,-2.189515750679467,-33.31749671421339,33.67296750120346
1780771796569003600,-27.26326856158947,-2.606199626444348,-34.89251322959471,-4.632030963897705,-0.14873047173023224,1.650146484375,0,-23.2979679107666,-0.39990234375,-1.3280420079827309,-3.9653006508228685,-2.206297282694348,-33.56447122161198,33.86982558764452
1780771796569003600,-27.26326856158947,-2.606199626444348,-34.89251322959471,-4.632030963897705,-0.14873047173023224,1.650146484375,0,-23.2979679107666,-0.39990234375,-1.3280420079827309,-3.9653006508228685,-2.206297282694348,-33.56447122161198,33.86982558764452
1780771796569003600,-27.24721393130993,-2.6065023584351623,-34.9061510107379,-4.615976333618164,-0.14903320372104645,1.6365087032318115,0,-23.2979679107666,-0.39990234375,-1.3280420079827309,-3.9492460205433275,-2.2066000146851623,-33.57810900275517,33.88148509077626
1780771796569003600,-27.24721393130993,-2.6065023584351623,-34.9061510107379,-4.615976333618164,-0.14903320372104645,1.6365087032318115,0,-23.2979679107666,-0.39990234375,-1.3280420079827309,-3.9492460205433275,-2.2066000146851623,-33.57810900275517,33.88148509077626
1780771796569003600,-27.24721393130993,-2.6065023584351623,-34.9061510107379,-4.615976333618164,-0.14903320372104645,1.6365087032318115,0,-23.2979679107666,-0.39990234375,-1.3280420079827309,-3.9492460205433275,-2.2066000146851623,-33.57810900275517,33.88148509077626
1780771796569003600,-26.848885353585114,-2.623736208388568,-35.1487009654529,-4.615976333618164,-0.14903320372104645,1.6365087032318115,0,-23.2979679107666,-0.39990234375,-1.3280420079827309,-3.5509174428185126,-2.223833864638568,-33.82065895747017,34.07919341857629
1780771796569003600,-26.833573158760895,-2.624068236062289,-35.16242159705233,-4.600664138793945,-0.14936523139476776,1.6227880716323853,0,-23.2979679107666,-0.39990234375,-1.3280420079827309,-3.535605247994294,-2.224165892312289,-33.8343795890696,34.09124023210977
1780771796569003600,-26.833573158760895,-2.624068236062289,-35.16242159705233,-4.600664138793945,-0.14936523139476776,1.6227880716323853,0,-23.2979679107666,-0.39990234375,-1.3280420079827309,-3.535605247994294,-2.224165892312289,-33.8343795890696,34.09124023210977
1780771796569003600,-26.833573158760895,-2.624068236062289,-35.16242159705233,-4.600664138793945,-0.14936523139476776,1.6227880716323853,0,-23.2979679107666,-0.39990234375,-1.3280420079827309,-3.535605247994294,-2.224165892312289,-33.8343795890696,34.09124023210977
1780771796602291800,-28.163684376046607,0.07683316668325293,-33.01895484344917,-4.600664138793945,-0.14936523139476776,1.6227880716323853,0,-23.2979679107666,-0.39990234375,-1.3280420079827309,-4.865716465280006,0.4767355104332529,-31.690912835466442,32.0658140363306
1780771796602291800,-28.163684376046607,0.07683316668325293,-33.01895484344917,-4.600664138793945,-0.14936523139476776,1.6227880716323853,0,-23.2979679107666,-0.39990234375,-1.3280420079827309,-4.865716465280006,0.4767355104332529,-31.690912835466442,32.0658140363306
1780771796602291800,-27.785320713882513,0.06091139666900666,-33.27341406908727,-4.600664138793945,-0.14936523139476776,1.6227880716323853,0,-23.2979679107666,-0.39990234375,-1.3280420079827309,-4.487352803115911,0.4608137404190067,-31.945372061104543,32.26229193044706
1780771796602291800,-27.785320713882513,0.06091139666900666,-33.27341406908727,-4.600664138793945,-0.14936523139476776,1.6227880716323853,0,-23.2979679107666,-0.39990234375,-1.3280420079827309,-4.487352803115911,0.4608137404190067,-31.945372061104543,32.26229193044706
1780771796602291800,-27.785320713882513,0.06091139666900666,-33.27341406908727,-4.600664138793945,-0.14936523139476776,1.6227880716323853,0,-23.2979679107666,-0.39990234375,-1.3280420079827309,-4.487352803115911,0.4608137404190067,-31.945372061104543,32.26229193044706
1780771796602291800,-27.745867207412786,0.05980787627563508,-33.31291609373785,-4.561210632324219,-0.15046875178813934,1.5832860469818115,0,-23.2979679107666,-0.39990234375,-1.3280420079827309,-4.4478992966461846,0.4597102200256351,-31.984874085755116,32.29593336507107
1780771796602291800,-27.745867207412786,0.05980787627563508,-33.31291609373785,-4.561210632324219,-0.15046875178813934,1.5832860469818115,0,-23.2979679107666,-0.39990234375,-1.3280420079827309,-4.4478992966461846,0.4597102200256351,-31.984874085755116,32.29593336507107
1780771796602291800,-27.745867207412786,0.05980787627563508,-33.31291609373785,-4.561210632324219,-0.15046875178813934,1.5832860469818115,0,-23.2979679107666,-0.39990234375,-1.3280420079827309,-4.4478992966461846,0.4597102200256351,-31.984874085755116,32.29593336507107
1780771796602291800,-27.03943435940982,0.029238590824636396,-33.772259542885294,-4.561210632324219,-0.15046875178813934,1.5832860469818115,0,-23.2979679107666,-0.39990234375,-1.3280420079827309,-3.7414664486432194,0.4291409345746364,-32.44421753490256,32.66205726190758
1780771796602291800,-27.027090952732575,0.028789380419286664,-33.78625364059495,-4.548867225646973,-0.15091796219348907,1.5692919492721558,0,-23.2979679107666,-0.39990234375,-1.3280420079827309,-3.7291230419659733,0.4286917241692867,-32.45821163261222,32.67454112369347
1780771796602291800,-26.641146567208356,0.011660296293861061,-34.02877263878322,-4.548867225646973,-0.15091796219348907,1.5692919492721558,0,-23.2979679107666,-0.39990234375,-1.3280420079827309,-3.3431786564417543,0.41156264004386106,-32.700730630800486,32.87375870088087
1780771796602291800,-26.641146567208356,0.011660296293861061,-34.02877263878322,-4.548867225646973,-0.15091796219348907,1.5692919492721558,0,-23.2979679107666,-0.39990234375,-1.3280420079827309,-3.3431786564417543,0.41156264004386106,-32.700730630800486,32.87375870088087
1780771796602291800,-26.62958374295909,0.011181775304443031,-34.04282538746333,-4.537304401397705,-0.1513964831829071,1.555239200592041,0,-23.2979679107666,-0.39990234375,-1.3280420079827309,-3.3316158321924867,0.41108411905444303,-32.7147833794806,32.886558132048336
1780771796602291800,-26.241389418197844,-0.004992097331189188,-34.280897588275,-4.537304401397705,-0.1513964831829071,1.555239200592041,0,-23.2979679107666,-0.39990234375,-1.3280420079827309,-2.9434215074312426,0.3949102464188108,-32.95285558029227,33.08640771024765
1780771796637571400,-25.397605183723318,0.20938172786068932,-37.507773027619415,-4.537304401397705,-0.1513964831829071,1.555239200592041,0,-23.2979679107666,-0.39990234375,-1.3280420079827309,-2.0996372729567163,0.6092840716106893,-36.179731019636684,36.245725822656226
1780771796637571400,-25.397605183723318,0.20938172786068932,-37.507773027619415,-4.537304401397705,-0.1513964831829071,1.555239200592041,0,-23.2979679107666,-0.39990234375,-1.3280420079827309,-2.0996372729567163,0.6092840716106893,-36.179731019636684,36.245725822656226
1780771796637571400,-25.397605183723318,0.20938172786068932,-37.507773027619415,-4.537304401397705,-0.1513964831829071,1.555239200592041,0,-23.2979679107666,-0.39990234375,-1.3280420079827309,-2.0996372729567163,0.6092840716106893,-36.179731019636684,36.245725822656226
1780771796637571400,-25.397605183723318,0.20938172786068932,-37.507773027619415,-4.537304401397705,-0.1513964831829071,1.555239200592041,0,-23.2979679107666,-0.39990234375,-1.3280420079827309,-2.0996372729567163,0.6092840716106893,-36.179731019636684,36.245725822656226
1780771796637571400,-24.871355797143227,0.18977276772517343,-37.7946708223408,-4.524218559265137,-0.1520117223262787,1.538246989250183,0,-23.2979679107666,-0.39990234375,-1.3280420079827309,-1.5733878863766257,0.5896751114751735,-36.46662881435807,36.50531856130364
1780771796637571400,-24.871355797143227,0.18977276772517343,-37.7946708223408,-4.524218559265137,-0.1520117223262787,1.538246989250183,0,-23.2979679107666,-0.39990234375,-1.3280420079827309,-1.5733878863766257,0.5896751114751735,-36.46662881435807,36.50531856130364
1780771796637571400,-24.871355797143227,0.18977276772517343,-37.7946708223408,-4.524218559265137,-0.1520117223262787,1.538246989250183,0,-23.2979679107666,-0.39990234375,-1.3280420079827309,-1.5733878863766257,0.5896751114751735,-36.46662881435807,36.50531856130364
1780771796637571400,-24.871355797143227,0.18977276772517343,-37.7946708223408,-4.524218559265137,-0.1520117223262787,1.538246989250183,0,-23.2979679107666,-0.39990234375,-1.3280420079827309,-1.5733878863766257,0.5896751114751735,-36.46662881435807,36.50531856130364
1780771796637571400,-24.871355797143227,0.18977276772517343,-37.7946708223408,-4.524218559265137,-0.1520117223262787,1.538246989250183,0,-23.2979679107666,-0.39990234375,-1.3280420079827309,-1.5733878863766257,0.5896751114751735,-36.46662881435807,36.50531856130364
1780771796637571400,-23.76540896293394,0.15930499835719242,-38.34760147530229,-4.524218559265137,-0.1520117223262787,1.538246989250183,0,-23.2979679107666,-0.39990234375,-1.3280420079827309,-0.467441052167338,0.5592073421071924,-37.01955946731956,37.02673354676492
1780771796637571400,-23.74158093330137,0.15783039434661045,-38.38409072357805,-4.500390529632568,-0.15348632633686066,1.5017577409744263,0,-23.2979679107666,-0.39990234375,-1.3280420079827309,-0.44361302253476964,0.5577327380966104,-37.05604871559532,37.062900651911754
1780771796637571400,-23.74158093330137,0.15783039434661045,-38.38409072357805,-4.500390529632568,-0.15348632633686066,1.5017577409744263,0,-23.2979679107666,-0.39990234375,-1.3280420079827309,-0.44361302253476964,0.5577327380966104,-37.05604871559532,37.062900651911754
1780771796637571400,-23.74158093330137,0.15783039434661045,-38.38409072357805,-4.500390529632568,-0.15348632633686066,1.5017577409744263,0,-23.2979679107666,-0.39990234375,-1.3280420079827309,-0.44361302253476964,0.5577327380966104,-37.05604871559532,37.062900651911754
1780771796637571400,-23.74158093330137,0.15783039434661045,-38.38409072357805,-4.500390529632568,-0.15348632633686066,1.5017577409744263,0,-23.2979679107666,-0.39990234375,-1.3280420079827309,-0.44361302253476964,0.5577327380966104,-37.05604871559532,37.062900651911754
1780771796637571400,-23.74158093330137,0.15783039434661045,-38.38409072357805,-4.500390529632568,-0.15348632633686066,1.5017577409744263,0,-23.2979679107666,-0.39990234375,-1.3280420079827309,-0.44361302253476964,0.5577327380966104,-37.05604871559532,37.062900651911754
1780771796637571400,-23.74158093330137,0.15783039434661045,-38.38409072357805,-4.500390529632568,-0.15348632633686066,1.5017577409744263,0,-23.2979679107666,-0.39990234375,-1.3280420079827309,-0.44361302253476964,0.5577327380966104,-37.05604871559532,37.062900651911754
1780771796637571400,-23.30065718132774,0.14740501076785228,-38.60447282285472,-4.492656230926514,-0.15412108600139618,1.4875390529632568,0,-23.2979679107666,-0.39990234375,-1.3280420079827309,-0.002689270561138102,0.5473073545178523,-37.276430814871986,37.280448587274584
1780771796637571400,-23.30065718132774,0.14740501076785228,-38.60447282285472,-4.492656230926514,-0.15412108600139618,1.4875390529632568,0,-23.2979679107666,-0.39990234375,-1.3280420079827309,-0.002689270561138102,0.5473073545178523,-37.276430814871986,37.280448587274584
1780771796637571400,-23.30065718132774,0.14740501076785228,-38.60447282285472,-4.492656230926514,-0.15412108600139618,1.4875390529632568,0,-23.2979679107666,-0.39990234375,-1.3280420079827309,-0.002689270561138102,0.5473073545178523,-37.276430814871986,37.280448587274584
1780771796637571400,-23.30065718132774,0.14740501076785228,-38.60447282285472,-4.492656230926514,-0.15412108600139618,1.4875390529632568,0,-23.2979679107666,-0.39990234375,-1.3280420079827309,-0.002689270561138102,0.5473073545178523,-37.276430814871986,37.280448587274584
1780771797667423700,-25.15508211876877,-0.42465054684902714,-30.336577987486486,-11.15078067779541,-0.2267480343580246,2.007866144180298,0,-23.2979679107666,-0.39990234375,-1.3280420079827309,-1.8571142080021694,-0.024748203099027144,-29.008535979503755,29.067931562622135
1780771797667423700,-25.15508211876877,-0.42465054684902714,-30.336577987486486,-11.15078067779541,-0.2267480343580246,2.007866144180298,0,-23.2979679107666,-0.39990234375,-1.3280420079827309,-1.8571142080021694,-0.024748203099027144,-29.008535979503755,29.067931562622135
1780771797667423700,-25.15508211876877,-0.42465054684902714,-30.336577987486486,-11.15078067779541,-0.2267480343580246,2.007866144180298,0,-23.2979679107666,-0.39990234375,-1.3280420079827309,-1.8571142080021694,-0.024748203099027144,-29.008535979503755,29.067931562622135
1780771797667423700,-25.261020076532443,-0.42492399805809544,-30.321685409361486,-11.256718635559082,-0.2270214855670929,2.022758722305298,0,-23.2979679107666,-0.39990234375,-1.3280420079827309,-1.9630521657658413,-0.025021654308095442,-28.993643401378755,29.06003368158778
1780771797667423700,-26.289807196795746,-0.41116634473744984,-29.856623790871915,-11.256718635559082,-0.2270214855670929,2.022758722305298,0,-23.2979679107666,-0.39990234375,-1.3280420079827309,-2.991839286029144,-0.01126400098744984,-28.528581782889184,28.685034560448802
1780771797667423700,-26.289807196795746,-0.41116634473744984,-29.856623790871915,-11.256718635559082,-0.2270214855670929,2.022758722305298,0,-23.2979679107666,-0.39990234375,-1.3280420079827309,-2.991839286029144,-0.01126400098744984,-28.528581782889184,28.685034560448802
1780771797667423700,-26.289807196795746,-0.41116634473744984,-29.856623790871915,-11.256718635559082,-0.2270214855670929,2.022758722305298,0,-23.2979679107666,-0.39990234375,-1.3280420079827309,-2.991839286029144,-0.01126400098744984,-28.528581782889184,28.685034560448802
1780771797667423700,-26.289807196795746,-0.41116634473744984,-29.856623790871915,-11.256718635559082,-0.2270214855670929,2.022758722305298,0,-23.2979679107666,-0.39990234375,-1.3280420079827309,-2.991839286029144,-0.01126400098744984,-28.528581782889184,28.685034560448802
1780771797667423700,-26.289807196795746,-0.41116634473744984,-29.856623790871915,-11.256718635559082,-0.2270214855670929,2.022758722305298,0,-23.2979679107666,-0.39990234375,-1.3280420079827309,-2.991839286029144,-0.01126400098744984,-28.528581782889184,28.685034560448802
1780771797667423700,-26.289807196795746,-0.41116634473744984,-29.856623790871915,-11.256718635559082,-0.2270214855670929,2.022758722305298,0,-23.2979679107666,-0.39990234375,-1.3280420079827309,-2.991839286029144,-0.01126400098744984,-28.528581782889184,28.685034560448802
1780771797667423700,-26.952883895051727,-0.406579477080935,-29.6519432503634,-11.58046817779541,-0.22807615995407104,2.065239191055298,0,-23.2979679107666,-0.39990234375,-1.3280420079827309,-3.6549159842851253,-0.006677133330935003,-28.323901242380668,28.55874361775086
1780771797667423700,-26.952883895051727,-0.406579477080935,-29.6519432503634,-11.58046817779541,-0.22807615995407104,2.065239191055298,0,-23.2979679107666,-0.39990234375,-1.3280420079827309,-3.6549159842851253,-0.006677133330935003,-28.323901242380668,28.55874361775086
1780771797667423700,-26.952883895051727,-0.406579477080935,-29.6519432503634,-11.58046817779541,-0.22807615995407104,2.065239191055298,0,-23.2979679107666,-0.39990234375,-1.3280420079827309,-3.6549159842851253,-0.006677133330935003,-28.323901242380668,28.55874361775086
1780771797667423700,-26.952883895051727,-0.406579477080935,-29.6519432503634,-11.58046817779541,-0.22807615995407104,2.065239191055298,0,-23.2979679107666,-0.39990234375,-1.3280420079827309,-3.6549159842851253,-0.006677133330935003,-28.323901242380668,28.55874361775086
1780771797667423700,-26.952883895051727,-0.406579477080935,-29.6519432503634,-11.58046817779541,-0.22807615995407104,2.065239191055298,0,-23.2979679107666,-0.39990234375,-1.3280420079827309,-3.6549159842851253,-0.006677133330935003,-28.323901242380668,28.55874361775086
1780771797667423700,-27.29026119560173,-0.40049703277798915,-29.486232483351763,-11.58046817779541,-0.22807615995407104,2.065239191055298,0,-23.2979679107666,-0.39990234375,-1.3280420079827309,-3.992293284835128,-0.0005946890279891481,-28.158190475369032,28.4397977642767
1780771797667423700,-27.29026119560173,-0.40049703277798915,-29.486232483351763,-11.58046817779541,-0.22807615995407104,2.065239191055298,0,-23.2979679107666,-0.39990234375,-1.3280420079827309,-3.992293284835128,-0.0005946890279891481,-28.158190475369032,28.4397977642767
1780771797667423700,-27.399988101424483,-0.4009462580845001,-29.47315617796236,-11.690195083618164,-0.22852538526058197,2.078315496444702,0,-23.2979679107666,-0.39990234375,-1.3280420079827309,-4.102020190657882,-0.0010439143345000734,-28.145114169979628,28.442468640670242
1780771797667423700,-27.399988101424483,-0.4009462580845001,-29.47315617796236,-11.690195083618164,-0.22852538526058197,2.078315496444702,0,-23.2979679107666,-0.39990234375,-1.3280420079827309,-4.102020190657882,-0.0010439143345000734,-28.145114169979628,28.442468640670242
1780771797667423700,-27.399988101424483,-0.4009462580845001,-29.47315617796236,-11.690195083618164,-0.22852538526058197,2.078315496444702,0,-23.2979679107666,-0.39990234375,-1.3280420079827309,-4.102020190657882,-0.0010439143345000734,-28.145114169979628,28.442468640670242
1780771797702498000,-29.46750047907194,-0.20830684233586239,-29.590084802929326,-11.690195083618164,-0.22852538526058197,2.078315496444702,0,-23.2979679107666,-0.39990234375,-1.3280420079827309,-6.169532568305339,0.19159550141413761,-28.262042794946595,28.928237137629647
1780771797702498000,-29.803179896612185,-0.19937566715211769,-29.39928773017157,-11.690195083618164,-0.22852538526058197,2.078315496444702,1,-46.89374923706055,-2.499990224838257,-6.4280418157577515,17.09056934044836,2.300614557686139,-22.971245914413817,28.72383203168032
1780771797702498000,-29.803179896612185,-0.19937566715211769,-29.39928773017157,-11.690195083618164,-0.22852538526058197,2.078315496444702,1,-46.89374923706055,-2.499990224838257,-6.4280418157577515,17.09056934044836,2.300614557686139,-22.971245914413817,28.72383203168032
1780771797702498000,-29.803179896612185,-0.19937566715211769,-29.39928773017157,-11.690195083618164,-0.22852538526058197,2.078315496444702,1,-46.89374923706055,-2.499990224838257,-6.4280418157577515,17.09056934044836,2.300614557686139,-22.971245914413817,28.72383203168032
1780771797702498000,-29.914077914495486,-0.19988348382444282,-29.386880665733703,-11.801093101501465,-0.2290332019329071,2.0907225608825684,1,-46.89374923706055,-2.499990224838257,-6.4280418157577515,16.97967132256506,2.300106741013814,-22.95883884997595,28.648001860191933
1780771797702498000,-29.914077914495486,-0.19988348382444282,-29.386880665733703,-11.801093101501465,-0.2290332019329071,2.0907225608825684,1,-46.89374923706055,-2.499990224838257,-6.4280418157577515,16.97967132256506,2.300106741013814,-22.95883884997595,28.648001860191933
1780771797702498000,-29.914077914495486,-0.19988348382444282,-29.386880665733703,-11.801093101501465,-0.2290332019329071,2.0907225608825684,1,-46.89374923706055,-2.499990224838257,-6.4280418157577515,16.97967132256506,2.300106741013814,-22.95883884997595,28.648001860191933
1780771797702498000,-29.914077914495486,-0.19988348382444282,-29.386880665733703,-11.801093101501465,-0.2290332019329071,2.0907225608825684,1,-46.89374923706055,-2.499990224838257,-6.4280418157577515,16.97967132256506,2.300106741013814,-22.95883884997595,28.648001860191933
1780771797702498000,-30.44751629579766,-0.18438496750416597,-29.073832337727428,-11.801093101501465,-0.2290332019329071,2.0907225608825684,1,-46.89374923706055,-2.499990224838257,-6.4280418157577515,16.44623294126289,2.315605257334091,-22.645790521969676,28.083312376409687
1780771797702498000,-30.44751629579766,-0.18438496750416597,-29.073832337727428,-11.801093101501465,-0.2290332019329071,2.0907225608825684,1,-46.89374923706055,-2.499990224838257,-6.4280418157577515,16.44623294126289,2.315605257334091,-22.645790521969676,28.083312376409687
1780771797702498000,-30.74224362123711,-0.1859962896687015,-29.044925992359996,-12.095820426940918,-0.23064452409744263,2.11962890625,1,-46.89374923706055,-2.499990224838257,-6.4280418157577515,16.151505615823435,2.3139939351695555,-22.616884176602245,27.888154321285203
1780771797702498000,-30.74224362123711,-0.1859962896687015,-29.044925992359996,-12.095820426940918,-0.23064452409744263,2.11962890625,1,-46.89374923706055,-2.499990224838257,-6.4280418157577515,16.151505615823435,2.3139939351695555,-22.616884176602245,27.888154321285203
1780771797702498000,-30.74224362123711,-0.1859962896687015,-29.044925992359996,-12.095820426940918,-0.23064452409744263,2.11962890625,1,-46.89374923706055,-2.499990224838257,-6.4280418157577515,16.151505615823435,2.3139939351695555,-22.616884176602245,27.888154321285203
1780771797702498000,-31.06980072763558,-0.1754534161392367,-28.846572005785593,-12.095820426940918,-0.23064452409744263,2.11962890625,1,-46.89374923706055,-2.499990224838257,-6.4280418157577515,15.823948509424966,2.32453680869902,-22.41853019002784,27.538905455466434
1780771797702498000,-31.06980072763558,-0.1754534161392367,-28.846572005785593,-12.095820426940918,-0.23064452409744263,2.11962890625,1,-46.89374923706055,-2.499990224838257,-6.4280418157577515,15.823948509424966,2.32453680869902,-22.41853019002784,27.538905455466434
1780771797702498000,-31.06980072763558,-0.1754534161392367,-28.846572005785593,-12.095820426940918,-0.23064452409744263,2.11962890625,1,-46.89374923706055,-2.499990224838257,-6.4280418157577515,15.823948509424966,2.32453680869902,-22.41853019002784,27.538905455466434
1780771797702498000,-31.06980072763558,-0.1754534161392367,-28.846572005785593,-12.095820426940918,-0.23064452409744263,2.11962890625,1,-46.89374923706055,-2.499990224838257,-6.4280418157577515,15.823948509424966,2.32453680869902,-22.41853019002784,27.538905455466434
1780771797702498000,-31.50977938589185,-0.1649742285017552,-28.635753014368337,-12.21117115020752,-0.2313867062330246,2.129160165786743,1,-46.89374923706055,-2.499990224838257,-6.4280418157577515,15.383969851168697,2.3350159963365016,-22.207711198610586,27.116439013368048
1780771797702498000,-31.50977938589185,-0.1649742285017552,-28.635753014368337,-12.21117115020752,-0.2313867062330246,2.129160165786743,1,-46.89374923706055,-2.499990224838257,-6.4280418157577515,15.383969851168697,2.3350159963365016,-22.207711198610586,27.116439013368048
1780771797702498000,-31.50977938589185,-0.1649742285017552,-28.635753014368337,-12.21117115020752,-0.2313867062330246,2.129160165786743,1,-46.89374923706055,-2.499990224838257,-6.4280418157577515,15.383969851168697,2.3350159963365016,-22.207711198610586,27.116439013368048
1780771797702498000,-31.50977938589185,-0.1649742285017552,-28.635753014368337,-12.21117115020752,-0.2313867062330246,2.129160165786743,1,-46.89374923706055,-2.499990224838257,-6.4280418157577515,15.383969851168697,2.3350159963365016,-22.207711198610586,27.116439013368048
1780771797702498000,-31.50977938589185,-0.1649742285017552,-28.635753014368337,-12.21117115020752,-0.2313867062330246,2.129160165786743,1,-46.89374923706055,-2.499990224838257,-6.4280418157577515,15.383969851168697,2.3350159963365016,-22.207711198610586,27.116439013368048
1780771797702498000,-31.50977938589185,-0.1649742285017552,-28.635753014368337,-12.21117115020752,-0.2313867062330246,2.129160165786743,1,-46.89374923706055,-2.499990224838257,-6.4280418157577515,15.383969851168697,2.3350159963365016,-22.207711198610586,27.116439013368048
1780771797734241200,-28.814038372231522,-2.437048249864423,-27.133419699377974,-12.21117115020752,-0.2313867062330246,2.129160165786743,0,-23.2979679107666,-0.39990234375,-1.3280420079827309,-5.5160704614649205,-2.037145906114423,-25.805377691395243,26.46685690772903
1780771797734241200,-29.23912056086972,-2.42804959226618,-26.94836621933271,-12.327812194824219,-0.2322070300579071,2.1377928256988525,0,-23.2979679107666,-0.39990234375,-1.3280420079827309,-5.941152650103117,-2.02814724851618,-25.620324211349978,26.378242715696146
1780771797734241200,-29.23912056086972,-2.42804959226618,-26.94836621933271,-12.327812194824219,-0.2322070300579071,2.1377928256988525,0,-23.2979679107666,-0.39990234375,-1.3280420079827309,-5.941152650103117,-2.02814724851618,-25.620324211349978,26.378242715696146
1780771797734241200,-29.23912056086972,-2.42804959226618,-26.94836621933271,-12.327812194824219,-0.2322070300579071,2.1377928256988525,0,-23.2979679107666,-0.39990234375,-1.3280420079827309,-5.941152650103117,-2.02814724851618,-25.620324211349978,26.378242715696146
1780771797734241200,-29.23912056086972,-2.42804959226618,-26.94836621933271,-12.327812194824219,-0.2322070300579071,2.1377928256988525,0,-23.2979679107666,-0.39990234375,-1.3280420079827309,-5.941152650103117,-2.02814724851618,-25.620324211349978,26.378242715696146
1780771797734241200,-29.23912056086972,-2.42804959226618,-26.94836621933271,-12.327812194824219,-0.2322070300579071,2.1377928256988525,0,-23.2979679107666,-0.39990234375,-1.3280420079827309,-5.941152650103117,-2.02814724851618,-25.620324211349978,26.378242715696146
1780771797734241200,-29.23912056086972,-2.42804959226618,-26.94836621933271,-12.327812194824219,-0.2322070300579071,2.1377928256988525,0,-23.2979679107666,-0.39990234375,-1.3280420079827309,-5.941152650103117,-2.02814724851618,-25.620324211349978,26.378242715696146
1780771797734241200,-30.114650727536613,-2.4078163851412837,-26.55905641685703,-12.572343826293945,-0.23414061963558197,2.152636766433716,1,-46.89374923706055,-2.499990224838257,-6.4280418157577515,16.779098509523934,0.09217383969697313,-20.131014601099277,26.206953117039475
1780771797734241200,-30.114650727536613,-2.4078163851412837,-26.55905641685703,-12.572343826293945,-0.23414061963558197,2.152636766433716,1,-46.89374923706055,-2.499990224838257,-6.4280418157577515,16.779098509523934,0.09217383969697313,-20.131014601099277,26.206953117039475
1780771797734241200,-30.114650727536613,-2.4078163851412837,-26.55905641685703,-12.572343826293945,-0.23414061963558197,2.152636766433716,1,-46.89374923706055,-2.499990224838257,-6.4280418157577515,16.779098509523934,0.09217383969697313,-20.131014601099277,26.206953117039475
1780771797734241200,-30.114650727536613,-2.4078163851412837,-26.55905641685703,-12.572343826293945,-0.23414061963558197,2.152636766433716,1,-46.89374923706055,-2.499990224838257,-6.4280418157577515,16.779098509523934,0.09217383969697313,-20.131014601099277,26.206953117039475
1780771797734241200,-30.114650727536613,-2.4078163851412837,-26.55905641685703,-12.572343826293945,-0.23414061963558197,2.152636766433716,1,-46.89374923706055,-2.499990224838257,-6.4280418157577515,16.779098509523934,0.09217383969697313,-20.131014601099277,26.206953117039475
1780771797734241200,-30.114650727536613,-2.4078163851412837,-26.55905641685703,-12.572343826293945,-0.23414061963558197,2.152636766433716,1,-46.89374923706055,-2.499990224838257,-6.4280418157577515,16.779098509523934,0.09217383969697313,-20.131014601099277,26.206953117039475
1780771797734241200,-30.418894926602672,-2.396301651583786,-26.371815843535003,-12.572343826293945,-0.23414061963558197,2.152636766433716,1,-46.89374923706055,-2.499990224838257,-6.4280418157577515,16.474854310457875,0.103688573254471,-19.943774027777252,25.868623820027196
1780771797734241200,-30.66092602401478,-2.398489156948204,-26.361259384108124,-12.814374923706055,-0.236328125,2.1631932258605957,1,-46.89374923706055,-2.499990224838257,-6.4280418157577515,16.232823213045766,0.10150106789005298,-19.933217568350372,25.70696432019876
1780771797734241200,-30.66092602401478,-2.398489156948204,-26.361259384108124,-12.814374923706055,-0.236328125,2.1631932258605957,1,-46.89374923706055,-2.499990224838257,-6.4280418157577515,16.232823213045766,0.10150106789005298,-19.933217568350372,25.70696432019876
1780771797734241200,-30.66092602401478,-2.398489156948204,-26.361259384108124,-12.814374923706055,-0.236328125,2.1631932258605957,1,-46.89374923706055,-2.499990224838257,-6.4280418157577515,16.232823213045766,0.10150106789005298,-19.933217568350372,25.70696432019876
1780771797734241200,-30.66092602401478,-2.398489156948204,-26.361259384108124,-12.814374923706055,-0.236328125,2.1631932258605957,1,-46.89374923706055,-2.499990224838257,-6.4280418157577515,16.232823213045766,0.10150106789005298,-19.933217568350372,25.70696432019876
1780771797734241200,-30.965350591285475,-2.3902891686894883,-26.169142670418147,-12.814374923706055,-0.236328125,2.1631932258605957,1,-46.89374923706055,-2.499990224838257,-6.4280418157577515,15.928398645775072,0.10970105614876857,-19.741100854660395,25.366059620964442
1780771797734241200,-30.965350591285475,-2.3902891686894883,-26.169142670418147,-12.814374923706055,-0.236328125,2.1631932258605957,1,-46.89374923706055,-2.499990224838257,-6.4280418157577515,15.928398645775072,0.10970105614876857,-19.741100854660395,25.366059620964442
1780771797769350400,-32.40081887451755,-2.356046633685357,-26.10857927104269,-12.937108993530273,-0.23753905296325684,2.1670215129852295,1,-46.89374923706055,-2.499990224838257,-6.4280418157577515,14.492930362543,0.14394359115289967,-19.680537455284938,24.441548739386956
1780771797769350400,-32.40081887451755,-2.356046633685357,-26.10857927104269,-12.937108993530273,-0.23753905296325684,2.1670215129852295,1,-46.89374923706055,-2.499990224838257,-6.4280418157577515,14.492930362543,0.14394359115289967,-19.680537455284938,24.441548739386956
1780771797769350400,-32.70443155585267,-2.348190207182914,-25.89775689021671,-12.937108993530273,-0.23753905296325684,2.1670215129852295,1,-46.89374923706055,-2.499990224838257,-6.4280418157577515,14.189317681207875,0.15180001765534268,-19.469715074458957,24.09210627122944
1780771797769350400,-32.70443155585267,-2.348190207182914,-25.89775689021671,-12.937108993530273,-0.23753905296325684,2.1670215129852295,1,-46.89374923706055,-2.499990224838257,-6.4280418157577515,14.189317681207875,0.15180001765534268,-19.469715074458957,24.09210627122944
1780771797769350400,-32.70443155585267,-2.348190207182914,-25.89775689021671,-12.937108993530273,-0.23753905296325684,2.1670215129852295,1,-46.89374923706055,-2.499990224838257,-6.4280418157577515,14.189317681207875,0.15180001765534268,-19.469715074458957,24.09210627122944
1780771797769350400,-32.70443155585267,-2.348190207182914,-25.89775689021671,-12.937108993530273,-0.23753905296325684,2.1670215129852295,1,-46.89374923706055,-2.499990224838257,-6.4280418157577515,14.189317681207875,0.15180001765534268,-19.469715074458957,24.09210627122944
1780771797769350400,-32.70443155585267,-2.348190207182914,-25.89775689021671,-12.937108993530273,-0.23753905296325684,2.1670215129852295,1,-46.89374923706055,-2.499990224838257,-6.4280418157577515,14.189317681207875,0.15180001765534268,-19.469715074458957,24.09210627122944
1780771797769350400,-32.70443155585267,-2.348190207182914,-25.89775689021671,-12.937108993530273,-0.23753905296325684,2.1670215129852295,1,-46.89374923706055,-2.499990224838257,-6.4280418157577515,14.189317681207875,0.15180001765534268,-19.469715074458957,24.09210627122944
1780771797769350400,-32.92165853796937,-2.3505046704407038,-25.893284396091342,-13.154335975646973,-0.23985351622104645,2.1714940071105957,1,-46.89374923706055,-2.499990224838257,-6.4280418157577515,13.972090699091176,0.14948555439755307,-19.46524258033359,23.961163017387857
1780771797769350400,-32.92165853796937,-2.3505046704407038,-25.893284396091342,-13.154335975646973,-0.23985351622104645,2.1714940071105957,1,-46.89374923706055,-2.499990224838257,-6.4280418157577515,13.972090699091176,0.14948555439755307,-19.46524258033359,23.961163017387857
1780771797769350400,-33.4507589815192,-2.3385249238246075,-25.513961883810662,-13.154335975646973,-0.23985351622104645,2.1714940071105957,1,-46.89374923706055,-2.499990224838257,-6.4280418157577515,13.442990255541346,0.1614653010136493,-19.08592006805291,23.34550069923787
1780771797769350400,-33.4507589815192,-2.3385249238246075,-25.513961883810662,-13.154335975646973,-0.23985351622104645,2.1714940071105957,1,-46.89374923706055,-2.499990224838257,-6.4280418157577515,13.442990255541346,0.1614653010136493,-19.08592006805291,23.34550069923787
1780771797769350400,-33.4507589815192,-2.3385249238246075,-25.513961883810662,-13.154335975646973,-0.23985351622104645,2.1714940071105957,1,-46.89374923706055,-2.499990224838257,-6.4280418157577515,13.442990255541346,0.1614653010136493,-19.08592006805291,23.34550069923787
1780771797769350400,-33.4507589815192,-2.3385249238246075,-25.513961883810662,-13.154335975646973,-0.23985351622104645,2.1714940071105957,1,-46.89374923706055,-2.499990224838257,-6.4280418157577515,13.442990255541346,0.1614653010136493,-19.08592006805291,23.34550069923787
1780771797769350400,-33.70306305866764,-2.3415132026904217,-25.512599560049676,-13.40664005279541,-0.24284179508686066,2.172856330871582,1,-46.89374923706055,-2.499990224838257,-6.4280418157577515,13.190686178392909,0.1584770221478351,-19.084557744291924,23.19999269652056
1780771797769350400,-34.301687613134455,-2.325220711399766,-25.064881495508267,-13.40664005279541,-0.24284179508686066,2.172856330871582,1,-46.89374923706055,-2.499990224838257,-6.4280418157577515,12.592061623926092,0.1747695134384908,-18.636839679750516,22.492717789815952
1780771797769350400,-34.301687613134455,-2.325220711399766,-25.064881495508267,-13.40664005279541,-0.24284179508686066,2.172856330871582,1,-46.89374923706055,-2.499990224838257,-6.4280418157577515,12.592061623926092,0.1747695134384908,-18.636839679750516,22.492717789815952
1780771797769350400,-34.301687613134455,-2.325220711399766,-25.064881495508267,-13.40664005279541,-0.24284179508686066,2.172856330871582,1,-46.89374923706055,-2.499990224838257,-6.4280418157577515,12.592061623926092,0.1747695134384908,-18.636839679750516,22.492717789815952
1780771797769350400,-34.301687613134455,-2.325220711399766,-25.064881495508267,-13.40664005279541,-0.24284179508686066,2.172856330871582,1,-46.89374923706055,-2.499990224838257,-6.4280418157577515,12.592061623926092,0.1747695134384908,-18.636839679750516,22.492717789815952
1780771797769350400,-34.301687613134455,-2.325220711399766,-25.064881495508267,-13.40664005279541,-0.24284179508686066,2.172856330871582,1,-46.89374923706055,-2.499990224838257,-6.4280418157577515,12.592061623926092,0.1747695134384908,-18.636839679750516,22.492717789815952
1780771797769350400,-34.301687613134455,-2.325220711399766,-25.064881495508267,-13.40664005279541,-0.24284179508686066,2.172856330871582,1,-46.89374923706055,-2.499990224838257,-6.4280418157577515,12.592061623926092,0.1747695134384908,-18.636839679750516,22.492717789815952
1780771797769350400,-34.301687613134455,-2.325220711399766,-25.064881495508267,-13.40664005279541,-0.24284179508686066,2.172856330871582,1,-46.89374923706055,-2.499990224838257,-6.4280418157577515,12.592061623926092,0.1747695134384908,-18.636839679750516,22.492717789815952
1780771797769350400,-34.301687613134455,-2.325220711399766,-25.064881495508267,-13.40664005279541,-0.24284179508686066,2.172856330871582,1,-46.89374923706055,-2.499990224838257,-6.4280418157577515,12.592061623926092,0.1747695134384908,-18.636839679750516,22.492717789815952
1780771797802519000,-35.21696586466423,-1.9783612944658533,-23.504519699923964,-13.40664005279541,-0.24284179508686066,2.172856330871582,1,-46.89374923706055,-2.499990224838257,-6.4280418157577515,11.676783372396315,0.5216289303724035,-17.076477884166213,20.693609245254688
1780771797802519000,-35.21696586466423,-1.9783612944658533,-23.504519699923964,-13.40664005279541,-0.24284179508686066,2.172856330871582,1,-46.89374923706055,-2.499990224838257,-6.4280418157577515,11.676783372396315,0.5216289303724035,-17.076477884166213,20.693609245254688
1780771797802519000,-35.21696586466423,-1.9783612944658533,-23.504519699923964,-13.40664005279541,-0.24284179508686066,2.172856330871582,1,-46.89374923706055,-2.499990224838257,-6.4280418157577515,11.676783372396315,0.5216289303724035,-17.076477884166213,20.693609245254688
1780771797802519000,-35.21696586466423,-1.9783612944658533,-23.504519699923964,-13.40664005279541,-0.24284179508686066,2.172856330871582,1,-46.89374923706055,-2.499990224838257,-6.4280418157577515,11.676783372396315,0.5216289303724035,-17.076477884166213,20.693609245254688
1780771797802519000,-35.987202455462665,-1.9333220763625134,-22.832952149906205,-13.40664005279541,-0.24284179508686066,2.172856330871582,1,-46.89374923706055,-2.499990224838257,-6.4280418157577515,10.906546781597882,0.5666681484757434,-16.404910334148454,19.707738545077433
1780771797802519000,-35.987202455462665,-1.9333220763625134,-22.832952149906205,-13.40664005279541,-0.24284179508686066,2.172856330871582,1,-46.89374923706055,-2.499990224838257,-6.4280418157577515,10.906546781597882,0.5666681484757434,-16.404910334148454,19.707738545077433
1780771797802519000,-36.34524994081423,-1.9380876912297238,-22.837019570865678,-13.764687538146973,-0.24760740995407104,2.1687889099121094,1,-46.89374923706055,-2.499990224838257,-6.4280418157577515,10.54849929624632,0.561902533608533,-16.408977755107927,19.515151109530553
1780771797802519000,-36.34524994081423,-1.9380876912297238,-22.837019570865678,-13.764687538146973,-0.24760740995407104,2.1687889099121094,1,-46.89374923706055,-2.499990224838257,-6.4280418157577515,10.54849929624632,0.561902533608533,-16.408977755107927,19.515151109530553
1780771797802519000,-36.34524994081423,-1.9380876912297238,-22.837019570865678,-13.764687538146973,-0.24760740995407104,2.1687889099121094,1,-46.89374923706055,-2.499990224838257,-6.4280418157577515,10.54849929624632,0.561902533608533,-16.408977755107927,19.515151109530553
1780771797802519000,-36.61608588733336,-1.9195869028768682,-22.5910183963154,-13.764687538146973,-0.24760740995407104,2.1687889099121094,1,-46.89374923706055,-2.499990224838257,-6.4280418157577515,10.277663349727185,0.5804033219613887,-16.162976580557647,19.16269928507266
1780771797802519000,-36.61608588733336,-1.9195869028768682,-22.5910183963154,-13.764687538146973,-0.24760740995407104,2.1687889099121094,1,-46.89374923706055,-2.499990224838257,-6.4280418157577515,10.277663349727185,0.5804033219613887,-16.162976580557647,19.16269928507266
1780771797802519000,-36.61608588733336,-1.9195869028768682,-22.5910183963154,-13.764687538146973,-0.24760740995407104,2.1687889099121094,1,-46.89374923706055,-2.499990224838257,-6.4280418157577515,10.277663349727185,0.5804033219613887,-16.162976580557647,19.16269928507266
1780771797802519000,-36.745734095951526,-1.92146191598989,-22.594060378966155,-13.894335746765137,-0.2494824230670929,2.1657469272613525,1,-46.89374923706055,-2.499990224838257,-6.4280418157577515,10.14801514110902,0.5785283088483668,-16.166018563208404,19.09599598068442
1780771797802519000,-36.745734095951526,-1.92146191598989,-22.594060378966155,-13.894335746765137,-0.2494824230670929,2.1657469272613525,1,-46.89374923706055,-2.499990224838257,-6.4280418157577515,10.14801514110902,0.5785283088483668,-16.166018563208404,19.09599598068442
1780771797802519000,-36.745734095951526,-1.92146191598989,-22.594060378966155,-13.894335746765137,-0.2494824230670929,2.1657469272613525,1,-46.89374923706055,-2.499990224838257,-6.4280418157577515,10.14801514110902,0.5785283088483668,-16.166018563208404,19.09599598068442
1780771797802519000,-37.01361117460766,-1.90168786558476,-22.34546072651902,-13.894335746765137,-0.2494824230670929,2.1657469272613525,1,-46.89374923706055,-2.499990224838257,-6.4280418157577515,9.880138062452886,0.5983023592534968,-15.917418910761267,18.744047551873074
1780771797802519000,-37.01361117460766,-1.90168786558476,-22.34546072651902,-13.894335746765137,-0.2494824230670929,2.1657469272613525,1,-46.89374923706055,-2.499990224838257,-6.4280418157577515,9.880138062452886,0.5983023592534968,-15.917418910761267,18.744047551873074
1780771797802519000,-37.01361117460766,-1.90168786558476,-22.34546072651902,-13.894335746765137,-0.2494824230670929,2.1657469272613525,1,-46.89374923706055,-2.499990224838257,-6.4280418157577515,9.880138062452886,0.5983023592534968,-15.917418910761267,18.744047551873074
1780771797802519000,-37.14388403990307,-1.9036507359441808,-22.349293543596655,-14.024608612060547,-0.25144529342651367,2.161914110183716,1,-46.89374923706055,-2.499990224838257,-6.4280418157577515,9.749865197157476,0.5963394888940761,-15.921251727838904,18.678911872214886
1780771797802519000,-37.14388403990307,-1.9036507359441808,-22.349293543596655,-14.024608612060547,-0.25144529342651367,2.161914110183716,1,-46.89374923706055,-2.499990224838257,-6.4280418157577515,9.749865197157476,0.5963394888940761,-15.921251727838904,18.678911872214886
1780771797835673300,-38.12463259493511,-1.6363881461408123,-20.794713761142386,-14.024608612060547,-0.25144529342651367,2.161914110183716,1,-46.89374923706055,-2.499990224838257,-6.4280418157577515,8.76911664212544,0.8636020786974445,-14.366671945384635,16.853619137141845
1780771797835673300,-38.12463259493511,-1.6363881461408123,-20.794713761142386,-14.024608612060547,-0.25144529342651367,2.161914110183716,1,-46.89374923706055,-2.499990224838257,-6.4280418157577515,8.76911664212544,0.8636020786974445,-14.366671945384635,16.853619137141845
1780771797835673300,-38.12463259493511,-1.6363881461408123,-20.794713761142386,-14.024608612060547,-0.25144529342651367,2.161914110183716,1,-46.89374923706055,-2.499990224838257,-6.4280418157577515,8.76911664212544,0.8636020786974445,-14.366671945384635,16.853619137141845
1780771797835673300,-38.12463259493511,-1.6363881461408123,-20.794713761142386,-14.024608612060547,-0.25144529342651367,2.161914110183716,1,-46.89374923706055,-2.499990224838257,-6.4280418157577515,8.76911664212544,0.8636020786974445,-14.366671945384635,16.853619137141845
1780771797835673300,-38.12463259493511,-1.6363881461408123,-20.794713761142386,-14.024608612060547,-0.25144529342651367,2.161914110183716,1,-46.89374923706055,-2.499990224838257,-6.4280418157577515,8.76911664212544,0.8636020786974445,-14.366671945384635,16.853619137141845
1780771797835673300,-39.17581046831408,-1.5772682213581246,-20.072679348766304,-14.391366958618164,-0.25740233063697815,2.1472508907318115,1,-46.89374923706055,-2.499990224838257,-6.4280418157577515,7.717938768746464,0.9227220034801322,-13.644637533008552,15.70331583268361
1780771797835673300,-39.17581046831408,-1.5772682213581246,-20.072679348766304,-14.391366958618164,-0.25740233063697815,2.1472508907318115,1,-46.89374923706055,-2.499990224838257,-6.4280418157577515,7.717938768746464,0.9227220034801322,-13.644637533008552,15.70331583268361
1780771797835673300,-39.17581046831408,-1.5772682213581246,-20.072679348766304,-14.391366958618164,-0.25740233063697815,2.1472508907318115,1,-46.89374923706055,-2.499990224838257,-6.4280418157577515,7.717938768746464,0.9227220034801322,-13.644637533008552,15.70331583268361
1780771797835673300,-39.17581046831408,-1.5772682213581246,-20.072679348766304,-14.391366958618164,-0.25740233063697815,2.1472508907318115,1,-46.89374923706055,-2.499990224838257,-6.4280418157577515,7.717938768746464,0.9227220034801322,-13.644637533008552,15.70331583268361
1780771797835673300,-39.17581046831408,-1.5772682213581246,-20.072679348766304,-14.391366958618164,-0.25740233063697815,2.1472508907318115,1,-46.89374923706055,-2.499990224838257,-6.4280418157577515,7.717938768746464,0.9227220034801322,-13.644637533008552,15.70331583268361
1780771797835673300,-39.17581046831408,-1.5772682213581246,-20.072679348766304,-14.391366958618164,-0.25740233063697815,2.1472508907318115,1,-46.89374923706055,-2.499990224838257,-6.4280418157577515,7.717938768746464,0.9227220034801322,-13.644637533008552,15.70331583268361
1780771797835673300,-39.415416860068134,-1.553210704984998,-19.80391748568204,-14.391366958618164,-0.25740233063697815,2.1472508907318115,1,-46.89374923706055,-2.499990224838257,-6.4280418157577515,7.478332376992412,0.9467795198532589,-13.375875669924287,15.353693253978308
1780771797835673300,-39.547642850363545,-1.5554958576587192,-19.810533601252107,-14.523592948913574,-0.25968748331069946,2.140634775161743,1,-46.89374923706055,-2.499990224838257,-6.4280418157577515,7.346106386697002,0.9444943671795376,-13.382491785494356,15.295372994573498
1780771797835673300,-39.547642850363545,-1.5554958576587192,-19.810533601252107,-14.523592948913574,-0.25968748331069946,2.140634775161743,1,-46.89374923706055,-2.499990224838257,-6.4280418157577515,7.346106386697002,0.9444943671795376,-13.382491785494356,15.295372994573498
1780771797835673300,-39.547642850363545,-1.5554958576587192,-19.810533601252107,-14.523592948913574,-0.25968748331069946,2.140634775161743,1,-46.89374923706055,-2.499990224838257,-6.4280418157577515,7.346106386697002,0.9444943671795376,-13.382491785494356,15.295372994573498
1780771797835673300,-39.547642850363545,-1.5554958576587192,-19.810533601252107,-14.523592948913574,-0.25968748331069946,2.140634775161743,1,-46.89374923706055,-2.499990224838257,-6.4280418157577515,7.346106386697002,0.9444943671795376,-13.382491785494356,15.295372994573498
1780771797835673300,-39.78427357537849,-1.5311118262811823,-19.539251763535876,-14.523592948913574,-0.25968748331069946,2.140634775161743,1,-46.89374923706055,-2.499990224838257,-6.4280418157577515,7.109475661682055,0.9688783985570746,-13.111209947778125,14.946143175747919
1780771797835673300,-39.78427357537849,-1.5311118262811823,-19.539251763535876,-14.523592948913574,-0.25968748331069946,2.140634775161743,1,-46.89374923706055,-2.499990224838257,-6.4280418157577515,7.109475661682055,0.9688783985570746,-13.111209947778125,14.946143175747919
1780771797835673300,-39.78427357537849,-1.5311118262811823,-19.539251763535876,-14.523592948913574,-0.25968748331069946,2.140634775161743,1,-46.89374923706055,-2.499990224838257,-6.4280418157577515,7.109475661682055,0.9688783985570746,-13.111209947778125,14.946143175747919
1780771797835673300,-39.91685242517097,-1.533475120644204,-19.546502787782092,-14.656171798706055,-0.2620507776737213,2.1333837509155273,1,-46.89374923706055,-2.499990224838257,-6.4280418157577515,6.976896811889574,0.9665151041940527,-13.11846097202434,14.88977027508873
1780771797835673300,-39.91685242517097,-1.533475120644204,-19.546502787782092,-14.656171798706055,-0.2620507776737213,2.1333837509155273,1,-46.89374923706055,-2.499990224838257,-6.4280418157577515,6.976896811889574,0.9665151041940527,-13.11846097202434,14.88977027508873
1780771797869070600,-40.47567138468858,-1.2485235182700585,-17.79525653073504,-14.656171798706055,-0.2620507776737213,2.1333837509155273,1,-46.89374923706055,-2.499990224838257,-6.4280418157577515,6.418077852371965,1.2514667065681984,-11.367214714977287,13.113789025798468
1780771797869070600,-40.6900956470317,-1.2234789680439158,-17.515556569322104,-14.656171798706055,-0.2620507776737213,2.1333837509155273,1,-46.89374923706055,-2.499990224838257,-6.4280418157577515,6.20365359002885,1.276511256794341,-11.087514753564353,12.769016495576615
1780771797869070600,-40.6900956470317,-1.2234789680439158,-17.515556569322104,-14.656171798706055,-0.2620507776737213,2.1333837509155273,1,-46.89374923706055,-2.499990224838257,-6.4280418157577515,6.20365359002885,1.276511256794341,-11.087514753564353,12.769016495576615
1780771797869070600,-40.6900956470317,-1.2234789680439158,-17.515556569322104,-14.656171798706055,-0.2620507776737213,2.1333837509155273,1,-46.89374923706055,-2.499990224838257,-6.4280418157577515,6.20365359002885,1.276511256794341,-11.087514753564353,12.769016495576615
1780771797869070600,-40.82298634832564,-1.2259105991321726,-17.523408169969077,-14.7890625,-0.26448240876197815,2.1255321502685547,1,-46.89374923706055,-2.499990224838257,-6.4280418157577515,6.0707628887349045,1.2740796257060842,-11.095366354211325,12.711592955961304
1780771797869070600,-41.20187430605227,-1.1809570565284013,-17.013272345623665,-14.7890625,-0.26448240876197815,2.1255321502685547,1,-46.89374923706055,-2.499990224838257,-6.4280418157577515,5.691874931008279,1.3190331683098555,-10.585230529865914,12.090673848042856
1780771797869070600,-41.20187430605227,-1.1809570565284013,-17.013272345623665,-14.7890625,-0.26448240876197815,2.1255321502685547,1,-46.89374923706055,-2.499990224838257,-6.4280418157577515,5.691874931008279,1.3190331683098555,-10.585230529865914,12.090673848042856
1780771797869070600,-41.20187430605227,-1.1809570565284013,-17.013272345623665,-14.7890625,-0.26448240876197815,2.1255321502685547,1,-46.89374923706055,-2.499990224838257,-6.4280418157577515,5.691874931008279,1.3190331683098555,-10.585230529865914,12.090673848042856
1780771797869070600,-41.20187430605227,-1.1809570565284013,-17.013272345623665,-14.7890625,-0.26448240876197815,2.1255321502685547,1,-46.89374923706055,-2.499990224838257,-6.4280418157577515,5.691874931008279,1.3190331683098555,-10.585230529865914,12.090673848042856
1780771797869070600,-41.20187430605227,-1.1809570565284013,-17.013272345623665,-14.7890625,-0.26448240876197815,2.1255321502685547,1,-46.89374923706055,-2.499990224838257,-6.4280418157577515,5.691874931008279,1.3190331683098555,-10.585230529865914,12.090673848042856
1780771797869070600,-41.78128198118121,-1.1633819789103965,-16.752541489349674,-15.16292953491211,-0.27167966961860657,2.100537061691284,1,-46.89374923706055,-2.499990224838257,-6.4280418157577515,5.112467255879338,1.3366082459278603,-10.324499673591923,11.598238510891232
1780771797869070600,-41.78128198118121,-1.1633819789103965,-16.752541489349674,-15.16292953491211,-0.27167966961860657,2.100537061691284,1,-46.89374923706055,-2.499990224838257,-6.4280418157577515,5.112467255879338,1.3366082459278603,-10.324499673591923,11.598238510891232
1780771797869070600,-41.78128198118121,-1.1633819789103965,-16.752541489349674,-15.16292953491211,-0.27167966961860657,2.100537061691284,1,-46.89374923706055,-2.499990224838257,-6.4280418157577515,5.112467255879338,1.3366082459278603,-10.324499673591923,11.598238510891232
1780771797869070600,-41.78128198118121,-1.1633819789103965,-16.752541489349674,-15.16292953491211,-0.27167966961860657,2.100537061691284,1,-46.89374923706055,-2.499990224838257,-6.4280418157577515,5.112467255879338,1.3366082459278603,-10.324499673591923,11.598238510891232
1780771797869070600,-41.78128198118121,-1.1633819789103965,-16.752541489349674,-15.16292953491211,-0.27167966961860657,2.100537061691284,1,-46.89374923706055,-2.499990224838257,-6.4280418157577515,5.112467255879338,1.3366082459278603,-10.324499673591923,11.598238510891232
1780771797869070600,-41.98356518458765,-1.1388480548882756,-16.464804657567733,-15.16292953491211,-0.27167966961860657,2.100537061691284,1,-46.89374923706055,-2.499990224838257,-6.4280418157577515,4.9101840524729,1.3611421699499813,-10.036762841809981,11.256074972152279
1780771797869070600,-42.1172760457937,-1.1415433769250187,-16.47477532254576,-15.296640396118164,-0.27437499165534973,2.090566396713257,1,-46.89374923706055,-2.499990224838257,-6.4280418157577515,4.776473191266845,1.358446847913238,-10.046733506788009,11.207003530913745
1780771797869070600,-42.1172760457937,-1.1415433769250187,-16.47477532254576,-15.296640396118164,-0.27437499165534973,2.090566396713257,1,-46.89374923706055,-2.499990224838257,-6.4280418157577515,4.776473191266845,1.358446847913238,-10.046733506788009,11.207003530913745
1780771797869070600,-42.1172760457937,-1.1415433769250187,-16.47477532254576,-15.296640396118164,-0.27437499165534973,2.090566396713257,1,-46.89374923706055,-2.499990224838257,-6.4280418157577515,4.776473191266845,1.358446847913238,-10.046733506788009,11.207003530913745
1780771797869070600,-42.1172760457937,-1.1415433769250187,-16.47477532254576,-15.296640396118164,-0.27437499165534973,2.090566396713257,1,-46.89374923706055,-2.499990224838257,-6.4280418157577515,4.776473191266845,1.358446847913238,-10.046733506788009,11.207003530913745
1780771797902347600,-41.9519939315236,-1.0522850928763687,-14.25475365002038,-15.296640396118164,-0.27437499165534973,2.090566396713257,1,-46.89374923706055,-2.499990224838257,-6.4280418157577515,4.941755305536944,1.447705131961888,-7.826711834262628,9.368789344707137
1780771797902347600,-41.9519939315236,-1.0522850928763687,-14.25475365002038,-15.296640396118164,-0.27437499165534973,2.090566396713257,1,-46.89374923706055,-2.499990224838257,-6.4280418157577515,4.941755305536944,1.447705131961888,-7.826711834262628,9.368789344707137
1780771797902347600,-42.12704440463771,-1.0295103869796645,-13.966883429692317,-15.296640396118164,-0.27437499165534973,2.090566396713257,1,-46.89374923706055,-2.499990224838257,-6.4280418157577515,4.766704832422839,1.4704798378585924,-7.538841613934565,9.039796391124272
1780771797902347600,-42.26087256778468,-1.0322643003822218,-13.977381476567317,-15.430468559265137,-0.2771289050579071,2.080068349838257,1,-46.89374923706055,-2.499990224838257,-6.4280418157577515,4.632876669275866,1.467725924456035,-7.549339660809565,8.978323615036008
1780771797902347600,-42.26087256778468,-1.0322643003822218,-13.977381476567317,-15.430468559265137,-0.2771289050579071,2.080068349838257,1,-46.89374923706055,-2.499990224838257,-6.4280418157577515,4.632876669275866,1.467725924456035,-7.549339660809565,8.978323615036008
1780771797902347600,-42.26087256778468,-1.0322643003822218,-13.977381476567317,-15.430468559265137,-0.2771289050579071,2.080068349838257,1,-46.89374923706055,-2.499990224838257,-6.4280418157577515,4.632876669275866,1.467725924456035,-7.549339660809565,8.978323615036008
1780771797902347600,-42.26087256778468,-1.0322643003822218,-13.977381476567317,-15.430468559265137,-0.2771289050579071,2.080068349838257,1,-46.89374923706055,-2.499990224838257,-6.4280418157577515,4.632876669275866,1.467725924456035,-7.549339660809565,8.978323615036008
1780771797902347600,-42.26087256778468,-1.0322643003822218,-13.977381476567317,-15.430468559265137,-0.2771289050579071,2.080068349838257,1,-46.89374923706055,-2.499990224838257,-6.4280418157577515,4.632876669275866,1.467725924456035,-7.549339660809565,8.978323615036008
1780771797902347600,-42.57016587936934,-0.992565647861662,-13.450787495650772,-15.430468559265137,-0.2771289050579071,2.080068349838257,1,-46.89374923706055,-2.499990224838257,-6.4280418157577515,4.323583357691206,1.5074245769765948,-7.022745679893021,8.383594622274714
1780771797902347600,-42.94719720566329,-1.0006320636484052,-13.48297996429396,-15.807499885559082,-0.28519532084465027,2.0478758811950684,1,-46.89374923706055,-2.499990224838257,-6.4280418157577515,3.9465520313972604,1.4993581611898517,-7.054938148536209,8.221648260034234
1780771797902347600,-42.94719720566329,-1.0006320636484052,-13.48297996429396,-15.807499885559082,-0.28519532084465027,2.0478758811950684,1,-46.89374923706055,-2.499990224838257,-6.4280418157577515,3.9465520313972604,1.4993581611898517,-7.054938148536209,8.221648260034234
1780771797902347600,-42.94719720566329,-1.0006320636484052,-13.48297996429396,-15.807499885559082,-0.28519532084465027,2.0478758811950684,1,-46.89374923706055,-2.499990224838257,-6.4280418157577515,3.9465520313972604,1.4993581611898517,-7.054938148536209,8.221648260034234
1780771797902347600,-42.94719720566329,-1.0006320636484052,-13.48297996429396,-15.807499885559082,-0.28519532084465027,2.0478758811950684,1,-46.89374923706055,-2.499990224838257,-6.4280418157577515,3.9465520313972604,1.4993581611898517,-7.054938148536209,8.221648260034234
1780771797902347600,-42.94719720566329,-1.0006320636484052,-13.48297996429396,-15.807499885559082,-0.28519532084465027,2.0478758811950684,1,-46.89374923706055,-2.499990224838257,-6.4280418157577515,3.9465520313972604,1.4993581611898517,-7.054938148536209,8.221648260034234
1780771797902347600,-43.113124017037855,-0.9796533108563962,-13.190336695865879,-15.807499885559082,-0.28519532084465027,2.0478758811950684,1,-46.89374923706055,-2.499990224838257,-6.4280418157577515,3.780625220022692,1.5203369139818608,-6.7622948801081275,7.8951366949422805
1780771797902347600,-43.113124017037855,-0.9796533108563962,-13.190336695865879,-15.807499885559082,-0.28519532084465027,2.0478758811950684,1,-46.89374923706055,-2.499990224838257,-6.4280418157577515,3.780625220022692,1.5203369139818608,-6.7622948801081275,7.8951366949422805
1780771797902347600,-43.24718583039235,-0.9826220393987241,-13.202738991932163,-15.941561698913574,-0.28816404938697815,2.035473585128784,1,-46.89374923706055,-2.499990224838257,-6.4280418157577515,3.6465634066682,1.517368185439533,-6.774697176174412,7.841961025017989
1780771797902347600,-43.409879573288734,-0.9621472224042809,-12.908413576114004,-15.941561698913574,-0.28816404938697815,2.035473585128784,1,-46.89374923706055,-2.499990224838257,-6.4280418157577515,3.483869663771813,1.537843002433976,-6.4803717603562525,7.516483691641156
1780771797902347600,-43.409879573288734,-0.9621472224042809,-12.908413576114004,-15.941561698913574,-0.28816404938697815,2.035473585128784,1,-46.89374923706055,-2.499990224838257,-6.4280418157577515,3.483869663771813,1.537843002433976,-6.4803717603562525,7.516483691641156
1780771797902347600,-43.409879573288734,-0.9621472224042809,-12.908413576114004,-15.941561698913574,-0.28816404938697815,2.035473585128784,1,-46.89374923706055,-2.499990224838257,-6.4280418157577515,3.483869663771813,1.537843002433976,-6.4803717603562525,7.516483691641156
1780771797902347600,-43.409879573288734,-0.9621472224042809,-12.908413576114004,-15.941561698913574,-0.28816404938697815,2.035473585128784,1,-46.89374923706055,-2.499990224838257,-6.4280418157577515,3.483869663771813,1.537843002433976,-6.4803717603562525,7.516483691641156
1780771797935714500,-43.865162166410435,-0.8947381287367088,-11.185878259780399,-15.941561698913574,-0.28816404938697815,2.035473585128784,1,-46.89374923706055,-2.499990224838257,-6.4280418157577515,3.0285870706501115,1.6052520961015482,-4.757836444022647,5.863973189281949
1780771797935714500,-43.865162166410435,-0.8947381287367088,-11.185878259780399,-15.941561698913574,-0.28816404938697815,2.035473585128784,1,-46.89374923706055,-2.499990224838257,-6.4280418157577515,3.0285870706501115,1.6052520961015482,-4.757836444022647,5.863973189281949
1780771797935714500,-43.865162166410435,-0.8947381287367088,-11.185878259780399,-15.941561698913574,-0.28816404938697815,2.035473585128784,1,-46.89374923706055,-2.499990224838257,-6.4280418157577515,3.0285870706501115,1.6052520961015482,-4.757836444022647,5.863973189281949
1780771797935714500,-44.140096738324075,-0.8796354774409073,-10.897887038171431,-16.075624465942383,-0.2911913990974426,2.022587776184082,1,-46.89374923706055,-2.499990224838257,-6.4280418157577515,2.7536524987364714,1.6203547473973496,-4.46984522241368,5.49433052368941
1780771797935714500,-44.140096738324075,-0.8796354774409073,-10.897887038171431,-16.075624465942383,-0.2911913990974426,2.022587776184082,1,-46.89374923706055,-2.499990224838257,-6.4280418157577515,2.7536524987364714,1.6203547473973496,-4.46984522241368,5.49433052368941
1780771797935714500,-44.140096738324075,-0.8796354774409073,-10.897887038171431,-16.075624465942383,-0.2911913990974426,2.022587776184082,1,-46.89374923706055,-2.499990224838257,-6.4280418157577515,2.7536524987364714,1.6203547473973496,-4.46984522241368,5.49433052368941
1780771797935714500,-44.140096738324075,-0.8796354774409073,-10.897887038171431,-16.075624465942383,-0.2911913990974426,2.022587776184082,1,-46.89374923706055,-2.499990224838257,-6.4280418157577515,2.7536524987364714,1.6203547473973496,-4.46984522241368,5.49433052368941
1780771797935714500,-44.38542060201198,-0.8488685968406833,-10.352547724743154,-16.075624465942383,-0.2911913990974426,2.022587776184082,1,-46.89374923706055,-2.499990224838257,-6.4280418157577515,2.5083286350485636,1.6511216279975736,-3.9245059089854024,4.941625421003426
1780771797935714500,-44.38542060201198,-0.8488685968406833,-10.352547724743154,-16.075624465942383,-0.2911913990974426,2.022587776184082,1,-46.89374923706055,-2.499990224838257,-6.4280418157577515,2.5083286350485636,1.6511216279975736,-3.9245059089854024,4.941625421003426
1780771797935714500,-44.760733407187764,-0.8575990679748691,-10.391097505588796,-16.450937271118164,-0.2999218702316284,1.98403799533844,1,-46.89374923706055,-2.499990224838257,-6.4280418157577515,2.1330158298727824,1.6423911568633878,-3.9630556898310445,4.790930561314069
1780771797935714500,-44.760733407187764,-0.8575990679748691,-10.391097505588796,-16.450937271118164,-0.2999218702316284,1.98403799533844,1,-46.89374923706055,-2.499990224838257,-6.4280418157577515,2.1330158298727824,1.6423911568633878,-3.9630556898310445,4.790930561314069
1780771797935714500,-44.760733407187764,-0.8575990679748691,-10.391097505588796,-16.450937271118164,-0.2999218702316284,1.98403799533844,1,-46.89374923706055,-2.499990224838257,-6.4280418157577515,2.1330158298727824,1.6423911568633878,-3.9630556898310445,4.790930561314069
1780771797935714500,-44.760733407187764,-0.8575990679748691,-10.391097505588796,-16.450937271118164,-0.2999218702316284,1.98403799533844,1,-46.89374923706055,-2.499990224838257,-6.4280418157577515,2.1330158298727824,1.6423911568633878,-3.9630556898310445,4.790930561314069
1780771797935714500,-44.760733407187764,-0.8575990679748691,-10.391097505588796,-16.450937271118164,-0.2999218702316284,1.98403799533844,1,-46.89374923706055,-2.499990224838257,-6.4280418157577515,2.1330158298727824,1.6423911568633878,-3.9630556898310445,4.790930561314069
1780771797935714500,-44.760733407187764,-0.8575990679748691,-10.391097505588796,-16.450937271118164,-0.2999218702316284,1.98403799533844,1,-46.89374923706055,-2.499990224838257,-6.4280418157577515,2.1330158298727824,1.6423911568633878,-3.9630556898310445,4.790930561314069
1780771797935714500,-45.02046951540906,-0.8263420543274617,-9.780495523726941,-16.450937271118164,-0.2999218702316284,1.98403799533844,1,-46.89374923706055,-2.499990224838257,-6.4280418157577515,1.8732797216514854,1.6736481705107953,-3.3524537079691896,4.189179033925521
1780771797935714500,-45.15433677920301,-0.8295451781353688,-9.795153736388684,-16.58480453491211,-0.3031249940395355,1.9693797826766968,1,-46.89374923706055,-2.499990224838257,-6.4280418157577515,1.73941245785754,1.6704450467028882,-3.367111920630933,4.141664525122617
1780771797935714500,-45.15433677920301,-0.8295451781353688,-9.795153736388684,-16.58480453491211,-0.3031249940395355,1.9693797826766968,1,-46.89374923706055,-2.499990224838257,-6.4280418157577515,1.73941245785754,1.6704450467028882,-3.367111920630933,4.141664525122617
1780771797935714500,-45.15433677920301,-0.8295451781353688,-9.795153736388684,-16.58480453491211,-0.3031249940395355,1.9693797826766968,1,-46.89374923706055,-2.499990224838257,-6.4280418157577515,1.73941245785754,1.6704450467028882,-3.367111920630933,4.141664525122617
1780771797935714500,-45.15433677920301,-0.8295451781353688,-9.795153736388684,-16.58480453491211,-0.3031249940395355,1.9693797826766968,1,-46.89374923706055,-2.499990224838257,-6.4280418157577515,1.73941245785754,1.6704450467028882,-3.367111920630933,4.141664525122617
1780771797935714500,-45.15433677920301,-0.8295451781353688,-9.795153736388684,-16.58480453491211,-0.3031249940395355,1.9693797826766968,1,-46.89374923706055,-2.499990224838257,-6.4280418157577515,1.73941245785754,1.6704450467028882,-3.367111920630933,4.141664525122617
1780771797935714500,-45.15433677920301,-0.8295451781353688,-9.795153736388684,-16.58480453491211,-0.3031249940395355,1.9693797826766968,1,-46.89374923706055,-2.499990224838257,-6.4280418157577515,1.73941245785754,1.6704450467028882,-3.367111920630933,4.141664525122617
1780771797969009500,-45.085978421376794,-0.8044494096522313,-8.018952900407657,-16.58480453491211,-0.3031249940395355,1.9693797826766968,1,-46.89374923706055,-2.499990224838257,-6.4280418157577515,1.807770815683753,1.6955408151860256,-1.590911084649905,2.945147204684603
1780771797969009500,-45.219767483876794,-0.8077013496642095,-8.034065181253299,-16.71859359741211,-0.30637693405151367,1.9542675018310547,1,-46.89374923706055,-2.499990224838257,-6.4280418157577515,1.673981753183753,1.6922888751740475,-1.6060233654955471,2.8714748122781155
1780771797969009500,-45.219767483876794,-0.8077013496642095,-8.034065181253299,-16.71859359741211,-0.30637693405151367,1.9542675018310547,1,-46.89374923706055,-2.499990224838257,-6.4280418157577515,1.673981753183753,1.6922888751740475,-1.6060233654955471,2.8714748122781155
1780771797969009500,-45.219767483876794,-0.8077013496642095,-8.034065181253299,-16.71859359741211,-0.30637693405151367,1.9542675018310547,1,-46.89374923706055,-2.499990224838257,-6.4280418157577515,1.673981753183753,1.6922888751740475,-1.6060233654955471,2.8714748122781155
1780771797969009500,-45.50838162573257,-0.7770877839711732,-7.17051005404949,-16.71859359741211,-0.30637693405151367,1.9542675018310547,1,-46.89374923706055,-2.499990224838257,-6.4280418157577515,1.385367611327979,1.7229024408670837,-0.7424682382917389,2.3321439329797773
1780771797969009500,-45.50838162573257,-0.7770877839711732,-7.17051005404949,-16.71859359741211,-0.30637693405151367,1.9542675018310547,1,-46.89374923706055,-2.499990224838257,-6.4280418157577515,1.385367611327979,1.7229024408670837,-0.7424682382917389,2.3321439329797773
1780771797969009500,-45.50838162573257,-0.7770877839711732,-7.17051005404949,-16.71859359741211,-0.30637693405151367,1.9542675018310547,1,-46.89374923706055,-2.499990224838257,-6.4280418157577515,1.385367611327979,1.7229024408670837,-0.7424682382917389,2.3321439329797773
1780771797969009500,-45.50838162573257,-0.7770877839711732,-7.17051005404949,-16.71859359741211,-0.30637693405151367,1.9542675018310547,1,-46.89374923706055,-2.499990224838257,-6.4280418157577515,1.385367611327979,1.7229024408670837,-0.7424682382917389,2.3321439329797773
1780771797969009500,-45.75021817358413,-0.7830741168645448,-7.198942661700247,-16.960430145263672,-0.31236326694488525,1.9258348941802979,1,-46.89374923706055,-2.499990224838257,-6.4280418157577515,1.1435310634764164,1.716916107973712,-0.7709008459424957,2.2022153230849066
1780771797969009500,-45.75021817358413,-0.7830741168645448,-7.198942661700247,-16.960430145263672,-0.31236326694488525,1.9258348941802979,1,-46.89374923706055,-2.499990224838257,-6.4280418157577515,1.1435310634764164,1.716916107973712,-0.7709008459424957,2.2022153230849066
1780771797969009500,-45.75021817358413,-0.7830741168645448,-7.198942661700247,-16.960430145263672,-0.31236326694488525,1.9258348941802979,1,-46.89374923706055,-2.499990224838257,-6.4280418157577515,1.1435310634764164,1.716916107973712,-0.7709008459424957,2.2022153230849066
1780771797969009500,-45.84649325329808,-0.7740917918563446,-6.88990068216806,-16.960430145263672,-0.31236326694488525,1.9258348941802979,1,-46.89374923706055,-2.499990224838257,-6.4280418157577515,1.0472559837624686,1.7258984329819123,-0.46185886641030827,2.0709379780615187
1780771797969009500,-45.84649325329808,-0.7740917918563446,-6.88990068216806,-16.960430145263672,-0.31236326694488525,1.9258348941802979,1,-46.89374923706055,-2.499990224838257,-6.4280418157577515,1.0472559837624686,1.7258984329819123,-0.46185886641030827,2.0709379780615187
1780771797969009500,-45.84649325329808,-0.7740917918563446,-6.88990068216806,-16.960430145263672,-0.31236326694488525,1.9258348941802979,1,-46.89374923706055,-2.499990224838257,-6.4280418157577515,1.0472559837624686,1.7258984329819123,-0.46185886641030827,2.0709379780615187
1780771797969009500,-45.84649325329808,-0.7740917918563446,-6.88990068216806,-16.960430145263672,-0.31236326694488525,1.9258348941802979,1,-46.89374923706055,-2.499990224838257,-6.4280418157577515,1.0472559837624686,1.7258984329819123,-0.46185886641030827,2.0709379780615187
1780771797969009500,-46.11305476147679,-0.7808496174693664,-6.922986624436431,-17.226991653442383,-0.3191210925579071,1.8927489519119263,1,-46.89374923706055,-2.499990224838257,-6.4280418157577515,0.7806944755837577,1.7191406073688904,-0.49494480867867985,1.9518961693055425
1780771797969009500,-46.20597905463268,-0.772597152739894,-6.612994844409048,-17.226991653442383,-0.3191210925579071,1.8927489519119263,1,-46.89374923706055,-2.499990224838257,-6.4280418157577515,0.6877701824278688,1.7273930720983628,-0.1849530286512966,1.8684545143453641
1780771797969009500,-46.20597905463268,-0.772597152739894,-6.612994844409048,-17.226991653442383,-0.3191210925579071,1.8927489519119263,1,-46.89374923706055,-2.499990224838257,-6.4280418157577515,0.6877701824278688,1.7273930720983628,-0.1849530286512966,1.8684545143453641
1780771797969009500,-46.20597905463268,-0.772597152739894,-6.612994844409048,-17.226991653442383,-0.3191210925579071,1.8927489519119263,1,-46.89374923706055,-2.499990224838257,-6.4280418157577515,0.6877701824278688,1.7273930720983628,-0.1849530286512966,1.8684545143453641
1780771797969009500,-46.20597905463268,-0.772597152739894,-6.612994844409048,-17.226991653442383,-0.3191210925579071,1.8927489519119263,1,-46.89374923706055,-2.499990224838257,-6.4280418157577515,0.6877701824278688,1.7273930720983628,-0.1849530286512966,1.8684545143453641
1780771797969009500,-46.20597905463268,-0.772597152739894,-6.612994844409048,-17.226991653442383,-0.3191210925579071,1.8927489519119263,1,-46.89374923706055,-2.499990224838257,-6.4280418157577515,0.6877701824278688,1.7273930720983628,-0.1849530286512966,1.8684545143453641
1780771798002408900,-45.490020787769105,-0.8130404223820894,-4.701386395000166,-17.226991653442383,-0.3191210925579071,1.8927489519119263,1,-46.89374923706055,-2.499990224838257,-6.4280418157577515,1.4037284492914424,1.6869498024561675,1.7266554207575853,2.792416898922619
1780771798002408900,-45.490020787769105,-0.8130404223820894,-4.701386395000166,-17.226991653442383,-0.3191210925579071,1.8927489519119263,1,-46.89374923706055,-2.499990224838257,-6.4280418157577515,1.4037284492914424,1.6869498024561675,1.7266554207575853,2.792416898922619
1780771798002408900,-45.490020787769105,-0.8130404223820894,-4.701386395000166,-17.226991653442383,-0.3191210925579071,1.8927489519119263,1,-46.89374923706055,-2.499990224838257,-6.4280418157577515,1.4037284492914424,1.6869498024561675,1.7266554207575853,2.792416898922619
1780771798002408900,-45.490020787769105,-0.8130404223820894,-4.701386395000166,-17.226991653442383,-0.3191210925579071,1.8927489519119263,1,-46.89374923706055,-2.499990224838257,-6.4280418157577515,1.4037284492914424,1.6869498024561675,1.7266554207575853,2.792416898922619
1780771798002408900,-45.6748886290696,-0.8038269913825788,-3.852476107327692,-17.226991653442383,-0.3191210925579071,1.8927489519119263,1,-46.89374923706055,-2.499990224838257,-6.4280418157577515,1.2188606079909476,1.696163233455678,2.5755657084300596,3.3160412564803408
1780771798002408900,-46.04633333121804,-0.8134851790103712,-3.9015043847248476,-17.59843635559082,-0.32877928018569946,1.8437206745147705,1,-46.89374923706055,-2.499990224838257,-6.4280418157577515,0.8474159058425101,1.6865050458278856,2.526537431032904,3.1536969381169375
1780771798002408900,-46.04633333121804,-0.8134851790103712,-3.9015043847248476,-17.59843635559082,-0.32877928018569946,1.8437206745147705,1,-46.89374923706055,-2.499990224838257,-6.4280418157577515,0.8474159058425101,1.6865050458278856,2.526537431032904,3.1536969381169375
1780771798002408900,-46.04633333121804,-0.8134851790103712,-3.9015043847248476,-17.59843635559082,-0.32877928018569946,1.8437206745147705,1,-46.89374923706055,-2.499990224838257,-6.4280418157577515,0.8474159058425101,1.6865050458278856,2.526537431032904,3.1536969381169375
1780771798002408900,-46.04633333121804,-0.8134851790103712,-3.9015043847248476,-17.59843635559082,-0.32877928018569946,1.8437206745147705,1,-46.89374923706055,-2.499990224838257,-6.4280418157577515,0.8474159058425101,1.6865050458278856,2.526537431032904,3.1536969381169375
1780771798002408900,-46.04633333121804,-0.8134851790103712,-3.9015043847248476,-17.59843635559082,-0.32877928018569946,1.8437206745147705,1,-46.89374923706055,-2.499990224838257,-6.4280418157577515,0.8474159058425101,1.6865050458278856,2.526537431032904,3.1536969381169375
1780771798002408900,-46.10617918480027,-0.8120515974284694,-3.596907945103994,-17.59843635559082,-0.32877928018569946,1.8437206745147705,1,-46.89374923706055,-2.499990224838257,-6.4280418157577515,0.7875700522602784,1.6879386274097874,2.8311338706537574,3.388911682337299
1780771798002408900,-46.10617918480027,-0.8120515974284694,-3.596907945103994,-17.59843635559082,-0.32877928018569946,1.8437206745147705,1,-46.89374923706055,-2.499990224838257,-6.4280418157577515,0.7875700522602784,1.6879386274097874,2.8311338706537574,3.388911682337299
1780771798002408900,-46.238562531357886,-0.8155672283889339,-3.615218491978994,-17.730819702148438,-0.33229491114616394,1.8254101276397705,1,-46.89374923706055,-2.499990224838257,-6.4280418157577515,0.6551867057026612,1.684422996449323,2.8128233237787574,3.343430199823319
1780771798002408900,-46.238562531357886,-0.8155672283889339,-3.615218491978994,-17.730819702148438,-0.33229491114616394,1.8254101276397705,1,-46.89374923706055,-2.499990224838257,-6.4280418157577515,0.6551867057026612,1.684422996449323,2.8128233237787574,3.343430199823319
1780771798002408900,-46.238562531357886,-0.8155672283889339,-3.615218491978994,-17.730819702148438,-0.33229491114616394,1.8254101276397705,1,-46.89374923706055,-2.499990224838257,-6.4280418157577515,0.6551867057026612,1.684422996449323,2.8128233237787574,3.343430199823319
1780771798002408900,-46.29511272406883,-0.815063251527447,-3.310102700984685,-17.730819702148438,-0.33229491114616394,1.8254101276397705,1,-46.89374923706055,-2.499990224838257,-6.4280418157577515,0.5986365129917175,1.6849269733108099,3.1179391147730664,3.5942855901429236
1780771798002408900,-46.29511272406883,-0.815063251527447,-3.310102700984685,-17.730819702148438,-0.33229491114616394,1.8254101276397705,1,-46.89374923706055,-2.499990224838257,-6.4280418157577515,0.5986365129917175,1.6849269733108099,3.1179391147730664,3.5942855901429236
1780771798002408900,-46.29511272406883,-0.815063251527447,-3.310102700984685,-17.730819702148438,-0.33229491114616394,1.8254101276397705,1,-46.89374923706055,-2.499990224838257,-6.4280418157577515,0.5986365129917175,1.6849269733108099,3.1179391147730664,3.5942855901429236
1780771798002408900,-46.29511272406883,-0.815063251527447,-3.310102700984685,-17.730819702148438,-0.33229491114616394,1.8254101276397705,1,-46.89374923706055,-2.499990224838257,-6.4280418157577515,0.5986365129917175,1.6849269733108099,3.1179391147730664,3.5942855901429236
1780771798002408900,-46.42722141242332,-0.8185984030090754,-3.3288087842824146,-17.86292839050293,-0.33583006262779236,1.806704044342041,1,-46.89374923706055,-2.499990224838257,-6.4280418157577515,0.4665278246372253,1.6813918218291815,3.099233031475337,3.5566799199622396
1780771798035764600,-23.299423438089345,-0.06297514718683256,-1.5931572115452766,-17.86292839050293,-0.33583006262779236,1.806704044342041,0,-23.2979679107666,-0.39990234375,-1.3280420079827309,-0.0014555273227436771,0.33692719656316744,-0.2651152035625457,0.42872849859055623
1780771798035764600,-23.335656797959317,-0.05842786403528066,-1.5341456327657945,-17.86292839050293,-0.33583006262779236,1.806704044342041,0,-23.2979679107666,-0.39990234375,-1.3280420079827309,-0.037688887192715015,0.34147447971471934,-0.20610362478306365,0.400629475529424
1780771798035764600,-23.335656797959317,-0.05842786403528066,-1.5341456327657945,-17.86292839050293,-0.33583006262779236,1.806704044342041,0,-23.2979679107666,-0.39990234375,-1.3280420079827309,-0.037688887192715015,0.34147447971471934,-0.20610362478306365,0.400629475529424
1780771798035764600,-23.335656797959317,-0.05842786403528066,-1.5341456327657945,-17.86292839050293,-0.33583006262779236,1.806704044342041,0,-23.2979679107666,-0.39990234375,-1.3280420079827309,-0.037688887192715015,0.34147447971471934,-0.20610362478306365,0.400629475529424
1780771798035764600,-23.335656797959317,-0.05842786403528066,-1.5341456327657945,-17.86292839050293,-0.33583006262779236,1.806704044342041,0,-23.2979679107666,-0.39990234375,-1.3280420079827309,-0.037688887192715015,0.34147447971471934,-0.20610362478306365,0.400629475529424
1780771798035764600,-23.77189415099747,-0.060512224552717264,-1.4803504974167314,-18.234766006469727,-0.345947265625,1.7519433498382568,0,-23.2979679107666,-0.39990234375,-1.3280420079827309,-0.4739262402308668,0.33939011919728274,-0.15230848943400055,0.6024861908307759
1780771798035764600,-23.77189415099747,-0.060512224552717264,-1.4803504974167314,-18.234766006469727,-0.345947265625,1.7519433498382568,0,-23.2979679107666,-0.39990234375,-1.3280420079827309,-0.4739262402308668,0.33939011919728274,-0.15230848943400055,0.6024861908307759
1780771798035764600,-23.77189415099747,-0.060512224552717264,-1.4803504974167314,-18.234766006469727,-0.345947265625,1.7519433498382568,0,-23.2979679107666,-0.39990234375,-1.3280420079827309,-0.4739262402308668,0.33939011919728274,-0.15230848943400055,0.6024861908307759
1780771798035764600,-23.77189415099747,-0.060512224552717264,-1.4803504974167314,-18.234766006469727,-0.345947265625,1.7519433498382568,0,-23.2979679107666,-0.39990234375,-1.3280420079827309,-0.4739262402308668,0.33939011919728274,-0.15230848943400055,0.6024861908307759
1780771798035764600,-23.77189415099747,-0.060512224552717264,-1.4803504974167314,-18.234766006469727,-0.345947265625,1.7519433498382568,0,-23.2979679107666,-0.39990234375,-1.3280420079827309,-0.4739262402308668,0.33939011919728274,-0.15230848943400055,0.6024861908307759
1780771798035764600,-23.77189415099747,-0.060512224552717264,-1.4803504974167314,-18.234766006469727,-0.345947265625,1.7519433498382568,0,-23.2979679107666,-0.39990234375,-1.3280420079827309,-0.4739262402308668,0.33939011919728274,-0.15230848943400055,0.6024861908307759
1780771798035764600,-23.77189415099747,-0.060512224552717264,-1.4803504974167314,-18.234766006469727,-0.345947265625,1.7519433498382568,0,-23.2979679107666,-0.39990234375,-1.3280420079827309,-0.4739262402308668,0.33939011919728274,-0.15230848943400055,0.6024861908307759
1780771798035764600,-23.93701470090574,-0.0598886617347133,-1.4404210716082249,-18.365625381469727,-0.3495507836341858,1.7320703268051147,0,-23.2979679107666,-0.39990234375,-1.3280420079827309,-0.6390467901391368,0.3400136820152867,-0.11237906362549399,0.7325429392780121
1780771798035764600,-23.93701470090574,-0.0598886617347133,-1.4404210716082249,-18.365625381469727,-0.3495507836341858,1.7320703268051147,0,-23.2979679107666,-0.39990234375,-1.3280420079827309,-0.6390467901391368,0.3400136820152867,-0.11237906362549399,0.7325429392780121
1780771798035764600,-23.93701470090574,-0.0598886617347133,-1.4404210716082249,-18.365625381469727,-0.3495507836341858,1.7320703268051147,0,-23.2979679107666,-0.39990234375,-1.3280420079827309,-0.6390467901391368,0.3400136820152867,-0.11237906362549399,0.7325429392780121
1780771798035764600,-23.93701470090574,-0.0598886617347133,-1.4404210716082249,-18.365625381469727,-0.3495507836341858,1.7320703268051147,0,-23.2979679107666,-0.39990234375,-1.3280420079827309,-0.6390467901391368,0.3400136820152867,-0.11237906362549399,0.7325429392780121
1780771798035764600,-23.93701470090574,-0.0598886617347133,-1.4404210716082249,-18.365625381469727,-0.3495507836341858,1.7320703268051147,0,-23.2979679107666,-0.39990234375,-1.3280420079827309,-0.6390467901391368,0.3400136820152867,-0.11237906362549399,0.7325429392780121
1780771798035764600,-23.97048658925218,-0.05555063928098353,-1.3804976681487808,-18.365625381469727,-0.3495507836341858,1.7320703268051147,0,-23.2979679107666,-0.39990234375,-1.3280420079827309,-0.6725186784855772,0.3443517044690165,-0.05245566016604997,0.7573711544323299
1780771798035764600,-24.100876756488507,-0.059163902649590094,-1.4004146794097672,-18.496015548706055,-0.35316404700279236,1.7121533155441284,0,-23.2979679107666,-0.39990234375,-1.3280420079827309,-0.8029088457219054,0.3407384411004099,-0.0723726714270363,0.8752160323894357
1780771798035764600,-24.100876756488507,-0.059163902649590094,-1.4004146794097672,-18.496015548706055,-0.35316404700279236,1.7121533155441284,0,-23.2979679107666,-0.39990234375,-1.3280420079827309,-0.8029088457219054,0.3407384411004099,-0.0723726714270363,0.8752160323894357
1780771798069237900,-23.56911606756827,-0.10670222994323145,-1.0245823804461476,-18.496015548706055,-0.35316404700279236,1.7121533155441284,0,-23.2979679107666,-0.39990234375,-1.3280420079827309,-0.2711481568016687,0.2932001138067686,0.3034596275365833,0.5015729011997022
1780771798069237900,-23.56911606756827,-0.10670222994323145,-1.0245823804461476,-18.496015548706055,-0.35316404700279236,1.7121533155441284,0,-23.2979679107666,-0.39990234375,-1.3280420079827309,-0.2711481568016687,0.2932001138067686,0.3034596275365833,0.5015729011997022
1780771798069237900,-23.56911606756827,-0.10670222994323145,-1.0245823804461476,-18.496015548706055,-0.35316404700279236,1.7121533155441284,0,-23.2979679107666,-0.39990234375,-1.3280420079827309,-0.2711481568016687,0.2932001138067686,0.3034596275365833,0.5015729011997022
1780771798069237900,-23.56911606756827,-0.10670222994323145,-1.0245823804461476,-18.496015548706055,-0.35316404700279236,1.7121533155441284,0,-23.2979679107666,-0.39990234375,-1.3280420079827309,-0.2711481568016687,0.2932001138067686,0.3034596275365833,0.5015729011997022
1780771798069237900,-23.95482823044444,-0.11287244563018528,-1.024529098301259,-18.853046417236328,-0.36308592557907104,1.6580126285552979,0,-23.2979679107666,-0.39990234375,-1.3280420079827309,-0.6568603196778398,0.2870298981198147,0.30351290968147193,0.7784418593095174
1780771798069237900,-23.95482823044444,-0.11287244563018528,-1.024529098301259,-18.853046417236328,-0.36308592557907104,1.6580126285552979,0,-23.2979679107666,-0.39990234375,-1.3280420079827309,-0.6568603196778398,0.2870298981198147,0.30351290968147193,0.7784418593095174
1780771798069237900,-23.95482823044444,-0.11287244563018528,-1.024529098301259,-18.853046417236328,-0.36308592557907104,1.6580126285552979,0,-23.2979679107666,-0.39990234375,-1.3280420079827309,-0.6568603196778398,0.2870298981198147,0.30351290968147193,0.7784418593095174
1780771798069237900,-24.003569935931857,-0.10643414940381574,-0.9290807057884902,-18.853046417236328,-0.36308592557907104,1.6580126285552979,0,-23.2979679107666,-0.39990234375,-1.3280420079827309,-0.7056020251652555,0.29346819434618426,0.39896130219424064,0.8620718761557205
1780771798069237900,-24.003569935931857,-0.10643414940381574,-0.9290807057884902,-18.853046417236328,-0.36308592557907104,1.6580126285552979,0,-23.2979679107666,-0.39990234375,-1.3280420079827309,-0.7056020251652555,0.29346819434618426,0.39896130219424064,0.8620718761557205
1780771798069237900,-24.003569935931857,-0.10643414940381574,-0.9290807057884902,-18.853046417236328,-0.36308592557907104,1.6580126285552979,0,-23.2979679107666,-0.39990234375,-1.3280420079827309,-0.7056020251652555,0.29346819434618426,0.39896130219424064,0.8620718761557205
1780771798069237900,-24.003569935931857,-0.10643414940381574,-0.9290807057884902,-18.853046417236328,-0.36308592557907104,1.6580126285552979,0,-23.2979679107666,-0.39990234375,-1.3280420079827309,-0.7056020251652555,0.29346819434618426,0.39896130219424064,0.8620718761557205
1780771798069237900,-24.13177237428635,-0.11000837173009442,-0.9481675435570449,-18.98124885559082,-0.36666014790534973,1.6389257907867432,0,-23.2979679107666,-0.39990234375,-1.3280420079827309,-0.8338044635197477,0.2898939720199056,0.37987446442568595,0.9610270584752719
1780771798069237900,-24.13177237428635,-0.11000837173009442,-0.9481675435570449,-18.98124885559082,-0.36666014790534973,1.6389257907867432,0,-23.2979679107666,-0.39990234375,-1.3280420079827309,-0.8338044635197477,0.2898939720199056,0.37987446442568595,0.9610270584752719
1780771798069237900,-24.184660525373104,-0.10325450194410579,-0.839367781796025,-18.98124885559082,-0.36666014790534973,1.6389257907867432,0,-23.2979679107666,-0.39990234375,-1.3280420079827309,-0.8866926146065026,0.2966478418058942,0.48867422618670586,1.0550005849216324
1780771798069237900,-24.184660525373104,-0.10325450194410579,-0.839367781796025,-18.98124885559082,-0.36666014790534973,1.6389257907867432,0,-23.2979679107666,-0.39990234375,-1.3280420079827309,-0.8866926146065026,0.2966478418058942,0.48867422618670586,1.0550005849216324
1780771798069237900,-24.184660525373104,-0.10325450194410579,-0.839367781796025,-18.98124885559082,-0.36666014790534973,1.6389257907867432,0,-23.2979679107666,-0.39990234375,-1.3280420079827309,-0.8866926146065026,0.2966478418058942,0.48867422618670586,1.0550005849216324
1780771798069237900,-24.31220111375201,-0.10681894910864131,-0.8580934154172408,-19.108789443969727,-0.37022459506988525,1.6202001571655273,0,-23.2979679107666,-0.39990234375,-1.3280420079827309,-1.0142332029854089,0.2930833946413587,0.46994859256549004,1.1556031091628427
1780771798069237900,-24.31220111375201,-0.10681894910864131,-0.8580934154172408,-19.108789443969727,-0.37022459506988525,1.6202001571655273,0,-23.2979679107666,-0.39990234375,-1.3280420079827309,-1.0142332029854089,0.2930833946413587,0.46994859256549004,1.1556031091628427
1780771798069237900,-24.31220111375201,-0.10681894910864131,-0.8580934154172408,-19.108789443969727,-0.37022459506988525,1.6202001571655273,0,-23.2979679107666,-0.39990234375,-1.3280420079827309,-1.0142332029854089,0.2930833946413587,0.46994859256549004,1.1556031091628427
1780771798069237900,-24.31220111375201,-0.10681894910864131,-0.8580934154172408,-19.108789443969727,-0.37022459506988525,1.6202001571655273,0,-23.2979679107666,-0.39990234375,-1.3280420079827309,-1.0142332029854089,0.2930833946413587,0.46994859256549004,1.1556031091628427
1780771798102494900,-23.81596923913088,-0.16694255105124314,-0.5692098314113583,-19.108789443969727,-0.37022459506988525,1.6202001571655273,0,-23.2979679107666,-0.39990234375,-1.3280420079827309,-0.5180013283642779,0.23295979269875686,0.7588321765713726,0.9478512084717997
1780771798102494900,-23.81596923913088,-0.16694255105124314,-0.5692098314113583,-19.108789443969727,-0.37022459506988525,1.6202001571655273,0,-23.2979679107666,-0.39990234375,-1.3280420079827309,-0.5180013283642779,0.23295979269875686,0.7588321765713726,0.9478512084717997
1780771798102494900,-23.81596923913088,-0.16694255105124314,-0.5692098314113583,-19.108789443969727,-0.37022459506988525,1.6202001571655273,0,-23.2979679107666,-0.39990234375,-1.3280420079827309,-0.5180013283642779,0.23295979269875686,0.7588321765713726,0.9478512084717997
1780771798102494900,-23.942844162836934,-0.1704972528563579,-0.5875497037715878,-19.23566436767578,-0.373779296875,1.6018602848052979,0,-23.2979679107666,-0.39990234375,-1.3280420079827309,-0.6448762520703326,0.2294050908936421,0.7404923042111431,1.0083753908183835
1780771798102494900,-23.942844162836934,-0.1704972528563579,-0.5875497037715878,-19.23566436767578,-0.373779296875,1.6018602848052979,0,-23.2979679107666,-0.39990234375,-1.3280420079827309,-0.6448762520703326,0.2294050908936421,0.7404923042111431,1.0083753908183835
1780771798102494900,-24.004649933218428,-0.16360231349316487,-0.4487453873746121,-19.23566436767578,-0.373779296875,1.6018602848052979,0,-23.2979679107666,-0.39990234375,-1.3280420079827309,-0.706682022451826,0.23630003025683513,0.8792966206081188,1.152562246548464
1780771798102494900,-24.004649933218428,-0.16360231349316487,-0.4487453873746121,-19.23566436767578,-0.373779296875,1.6018602848052979,0,-23.2979679107666,-0.39990234375,-1.3280420079827309,-0.706682022451826,0.23630003025683513,0.8792966206081188,1.152562246548464
1780771798102494900,-24.004649933218428,-0.16360231349316487,-0.4487453873746121,-19.23566436767578,-0.373779296875,1.6018602848052979,0,-23.2979679107666,-0.39990234375,-1.3280420079827309,-0.706682022451826,0.23630003025683513,0.8792966206081188,1.152562246548464
1780771798102494900,-24.004649933218428,-0.16360231349316487,-0.4487453873746121,-19.23566436767578,-0.373779296875,1.6018602848052979,0,-23.2979679107666,-0.39990234375,-1.3280420079827309,-0.706682022451826,0.23630003025683513,0.8792966206081188,1.152562246548464
1780771798102494900,-24.025695814024928,-0.16149928771986072,-0.3988688953121393,-19.23566436767578,-0.373779296875,1.6018602848052979,0,-23.2979679107666,-0.39990234375,-1.3280420079827309,-0.7277279032583266,0.23840305603013928,0.9291731126705915,1.204070841609922
1780771798102494900,-24.378234876524928,-0.1713918706132323,-0.44829270913202457,-19.58820343017578,-0.3836718797683716,1.5524364709854126,0,-23.2979679107666,-0.39990234375,-1.3280420079827309,-1.0802669657583266,0.2285104731367677,0.8797492988507063,1.4117905589959867
1780771798102494900,-24.378234876524928,-0.1713918706132323,-0.44829270913202457,-19.58820343017578,-0.3836718797683716,1.5524364709854126,0,-23.2979679107666,-0.39990234375,-1.3280420079827309,-1.0802669657583266,0.2285104731367677,0.8797492988507063,1.4117905589959867
1780771798102494900,-24.378234876524928,-0.1713918706132323,-0.44829270913202457,-19.58820343017578,-0.3836718797683716,1.5524364709854126,0,-23.2979679107666,-0.39990234375,-1.3280420079827309,-1.0802669657583266,0.2285104731367677,0.8797492988507063,1.4117905589959867
1780771798102494900,-24.378234876524928,-0.1713918706132323,-0.44829270913202457,-19.58820343017578,-0.3836718797683716,1.5524364709854126,0,-23.2979679107666,-0.39990234375,-1.3280420079827309,-1.0802669657583266,0.2285104731367677,0.8797492988507063,1.4117905589959867
1780771798102494900,-24.378234876524928,-0.1713918706132323,-0.44829270913202457,-19.58820343017578,-0.3836718797683716,1.5524364709854126,0,-23.2979679107666,-0.39990234375,-1.3280420079827309,-1.0802669657583266,0.2285104731367677,0.8797492988507063,1.4117905589959867
1780771798102494900,-24.3987686882976,-0.16946328235583133,-0.398193654286916,-19.58820343017578,-0.3836718797683716,1.5524364709854126,0,-23.2979679107666,-0.39990234375,-1.3280420079827309,-1.1008007775309991,0.23043906139416867,0.9298483536958149,1.4592746395726524
1780771798102494900,-24.523143077946038,-0.17296913815455264,-0.4150735704780171,-19.71257781982422,-0.3871777355670929,1.5355565547943115,0,-23.2979679107666,-0.39990234375,-1.3280420079827309,-1.2251751671794366,0.22693320559544736,0.9129684375047138,1.5446890424790307
1780771798102494900,-24.523143077946038,-0.17296913815455264,-0.4150735704780171,-19.71257781982422,-0.3871777355670929,1.5355565547943115,0,-23.2979679107666,-0.39990234375,-1.3280420079827309,-1.2251751671794366,0.22693320559544736,0.9129684375047138,1.5446890424790307
1780771798102494900,-24.523143077946038,-0.17296913815455264,-0.4150735704780171,-19.71257781982422,-0.3871777355670929,1.5355565547943115,0,-23.2979679107666,-0.39990234375,-1.3280420079827309,-1.2251751671794366,0.22693320559544736,0.9129684375047138,1.5446890424790307
1780771798135666700,-24.046699405713873,-0.21530998407228613,-0.14953071192373413,-19.71257781982422,-0.3871777355670929,1.5355565547943115,0,-23.2979679107666,-0.39990234375,-1.3280420079827309,-0.7487314949472719,0.18459235967771387,1.1785112960589967,1.4083898841286882
1780771798135666700,-24.17045009235938,-0.21880606470926428,-0.16605407312978882,-19.836328506469727,-0.39067381620407104,1.5190331935882568,0,-23.2979679107666,-0.39990234375,-1.3280420079827309,-0.8724821815927797,0.18109627904073572,1.161987934852942,1.4643213377613198
1780771798135666700,-24.17045009235938,-0.21880606470926428,-0.16605407312978882,-19.836328506469727,-0.39067381620407104,1.5190331935882568,0,-23.2979679107666,-0.39990234375,-1.3280420079827309,-0.8724821815927797,0.18109627904073572,1.161987934852942,1.4643213377613198
1780771798135666700,-24.17045009235938,-0.21880606470926428,-0.16605407312978882,-19.836328506469727,-0.39067381620407104,1.5190331935882568,0,-23.2979679107666,-0.39990234375,-1.3280420079827309,-0.8724821815927797,0.18109627904073572,1.161987934852942,1.4643213377613198
1780771798135666700,-24.202128459594313,-0.2163457009555968,-0.0819252753499895,-19.836328506469727,-0.39067381620407104,1.5190331935882568,0,-23.2979679107666,-0.39990234375,-1.3280420079827309,-0.9041605488277114,0.1835566427944032,1.2461167326327414,1.5504858111307176
1780771798135666700,-24.202128459594313,-0.2163457009555968,-0.0819252753499895,-19.836328506469727,-0.39067381620407104,1.5190331935882568,0,-23.2979679107666,-0.39990234375,-1.3280420079827309,-0.9041605488277114,0.1835566427944032,1.2461167326327414,1.5504858111307176
1780771798135666700,-24.202128459594313,-0.2163457009555968,-0.0819252753499895,-19.836328506469727,-0.39067381620407104,1.5190331935882568,0,-23.2979679107666,-0.39990234375,-1.3280420079827309,-0.9041605488277114,0.1835566427944032,1.2461167326327414,1.5504858111307176
1780771798135666700,-24.202128459594313,-0.2163457009555968,-0.0819252753499895,-19.836328506469727,-0.39067381620407104,1.5190331935882568,0,-23.2979679107666,-0.39990234375,-1.3280420079827309,-0.9041605488277114,0.1835566427944032,1.2461167326327414,1.5504858111307176
1780771798135666700,-24.429471065185133,-0.2227812442543181,-0.11169576885737476,-20.063671112060547,-0.39710935950279236,1.4892627000808716,0,-23.2979679107666,-0.39990234375,-1.3280420079827309,-1.1315031544185317,0.1771210994956819,1.216346239125356,1.6706793366113213
1780771798135666700,-24.429471065185133,-0.2227812442543181,-0.11169576885737476,-20.063671112060547,-0.39710935950279236,1.4892627000808716,0,-23.2979679107666,-0.39990234375,-1.3280420079827309,-1.1315031544185317,0.1771210994956819,1.216346239125356,1.6706793366113213
1780771798135666700,-24.44595618278806,-0.22165302779240614,-0.06587722168672205,-20.063671112060547,-0.39710935950279236,1.4892627000808716,0,-23.2979679107666,-0.39990234375,-1.3280420079827309,-1.1479882720214576,0.17824931595759386,1.2621647862960088,1.715432843076001
1780771798135666700,-24.44595618278806,-0.22165302779240614,-0.06587722168672205,-20.063671112060547,-0.39710935950279236,1.4892627000808716,0,-23.2979679107666,-0.39990234375,-1.3280420079827309,-1.1479882720214576,0.17824931595759386,1.2621647862960088,1.715432843076001
1780771798135666700,-24.44595618278806,-0.22165302779240614,-0.06587722168672205,-20.063671112060547,-0.39710935950279236,1.4892627000808716,0,-23.2979679107666,-0.39990234375,-1.3280420079827309,-1.1479882720214576,0.17824931595759386,1.2621647862960088,1.715432843076001
1780771798135666700,-24.44595618278806,-0.22165302779240614,-0.06587722168672205,-20.063671112060547,-0.39710935950279236,1.4892627000808716,0,-23.2979679107666,-0.39990234375,-1.3280420079827309,-1.1479882720214576,0.17824931595759386,1.2621647862960088,1.715432843076001
1780771798135666700,-24.689238500903294,-0.22856710698170668,-0.09698560105073573,-20.30695343017578,-0.4040234386920929,1.458154320716858,0,-23.2979679107666,-0.39990234375,-1.3280420079827309,-1.391270590136692,0.17133523676829332,1.2310564069319951,1.8656070045392894
1780771798135666700,-24.705266063758227,-0.22757711049922252,-0.05094481859444744,-20.30695343017578,-0.4040234386920929,1.458154320716858,0,-23.2979679107666,-0.39990234375,-1.3280420079827309,-1.4072981529916255,0.17232523325077748,1.2770971893882834,1.9081827241048035
1780771798135666700,-24.705266063758227,-0.22757711049922252,-0.05094481859444744,-20.30695343017578,-0.4040234386920929,1.458154320716858,0,-23.2979679107666,-0.39990234375,-1.3280420079827309,-1.4072981529916255,0.17232523325077748,1.2770971893882834,1.9081827241048035
1780771798135666700,-24.705266063758227,-0.22757711049922252,-0.05094481859444744,-20.30695343017578,-0.4040234386920929,1.458154320716858,0,-23.2979679107666,-0.39990234375,-1.3280420079827309,-1.4072981529916255,0.17232523325077748,1.2770971893882834,1.9081827241048035
1780771798135666700,-24.705266063758227,-0.22757711049922252,-0.05094481859444744,-20.30695343017578,-0.4040234386920929,1.458154320716858,0,-23.2979679107666,-0.39990234375,-1.3280420079827309,-1.4072981529916255,0.17232523325077748,1.2770971893882834,1.9081827241048035
1780771798135666700,-24.841574108435374,-0.23016198548758915,-0.019880016889007646,-20.42769432067871,-0.40746092796325684,1.442958950996399,0,-23.2979679107666,-0.39990234375,-1.3280420079827309,-1.5436061976687725,0.16974035826241085,1.3081619910937232,2.030472771954057
1780771798169423900,-42.38852976082181,-1.6379319249357673,8.716930155902652,-20.42769432067871,-0.40746092796325684,1.442958950996399,1,-46.89374923706055,-2.499990224838257,-6.4280418157577515,4.505219476238736,0.8620582999024895,15.144971971660404,15.824358535621304
1780771798169423900,-42.38852976082181,-1.6379319249357673,8.716930155902652,-20.42769432067871,-0.40746092796325684,1.442958950996399,1,-46.89374923706055,-2.499990224838257,-6.4280418157577515,4.505219476238736,0.8620582999024895,15.144971971660404,15.824358535621304
1780771798169423900,-42.38852976082181,-1.6379319249357673,8.716930155902652,-20.42769432067871,-0.40746092796325684,1.442958950996399,1,-46.89374923706055,-2.499990224838257,-6.4280418157577515,4.505219476238736,0.8620582999024895,15.144971971660404,15.824358535621304
1780771798169423900,-42.38852976082181,-1.6379319249357673,8.716930155902652,-20.42769432067871,-0.40746092796325684,1.442958950996399,1,-46.89374923706055,-2.499990224838257,-6.4280418157577515,4.505219476238736,0.8620582999024895,15.144971971660404,15.824358535621304
1780771798169423900,-42.38852976082181,-1.6379319249357673,8.716930155902652,-20.42769432067871,-0.40746092796325684,1.442958950996399,1,-46.89374923706055,-2.499990224838257,-6.4280418157577515,4.505219476238736,0.8620582999024895,15.144971971660404,15.824358535621304
1780771798169423900,-42.38852976082181,-1.6379319249357673,8.716930155902652,-20.42769432067871,-0.40746092796325684,1.442958950996399,1,-46.89374923706055,-2.499990224838257,-6.4280418157577515,4.505219476238736,0.8620582999024895,15.144971971660404,15.824358535621304
1780771798169423900,-42.38852976082181,-1.6379319249357673,8.716930155902652,-20.42769432067871,-0.40746092796325684,1.442958950996399,1,-46.89374923706055,-2.499990224838257,-6.4280418157577515,4.505219476238736,0.8620582999024895,15.144971971660404,15.824358535621304
1780771798169423900,-42.46040451535977,-1.7029127071258112,9.082148051947552,-20.636444091796875,-0.4134277105331421,1.416967749595642,1,-46.89374923706055,-2.499990224838257,-6.4280418157577515,4.433344721700777,0.7970775177124456,15.510189867705304,16.151033023399556
1780771798169423900,-42.46040451535977,-1.7029127071258112,9.082148051947552,-20.636444091796875,-0.4134277105331421,1.416967749595642,1,-46.89374923706055,-2.499990224838257,-6.4280418157577515,4.433344721700777,0.7970775177124456,15.510189867705304,16.151033023399556
1780771798169423900,-42.46040451535977,-1.7029127071258112,9.082148051947552,-20.636444091796875,-0.4134277105331421,1.416967749595642,1,-46.89374923706055,-2.499990224838257,-6.4280418157577515,4.433344721700777,0.7970775177124456,15.510189867705304,16.151033023399556
1780771798169423900,-42.46040451535977,-1.7029127071258112,9.082148051947552,-20.636444091796875,-0.4134277105331421,1.416967749595642,1,-46.89374923706055,-2.499990224838257,-6.4280418157577515,4.433344721700777,0.7970775177124456,15.510189867705304,16.151033023399556
1780771798169423900,-42.378332598084384,-1.7372446835517874,9.306251747231409,-20.636444091796875,-0.4134277105331421,1.416967749595642,1,-46.89374923706055,-2.499990224838257,-6.4280418157577515,4.515416638976163,0.7627455412864694,15.73429356298916,16.387152349039088
1780771798169423900,-42.378332598084384,-1.7372446835517874,9.306251747231409,-20.636444091796875,-0.4134277105331421,1.416967749595642,1,-46.89374923706055,-2.499990224838257,-6.4280418157577515,4.515416638976163,0.7627455412864694,15.73429356298916,16.387152349039088
1780771798169423900,-42.378332598084384,-1.7372446835517874,9.306251747231409,-20.636444091796875,-0.4134277105331421,1.416967749595642,1,-46.89374923706055,-2.499990224838257,-6.4280418157577515,4.515416638976163,0.7627455412864694,15.73429356298916,16.387152349039088
1780771798169423900,-42.61591194378751,-1.7440513253688803,9.277106268029138,-20.8740234375,-0.420234352350235,1.3878222703933716,1,-46.89374923706055,-2.499990224838257,-6.4280418157577515,4.277837293273038,0.7559388994693765,15.70514808378689,16.29487685934213
1780771798169423900,-42.61591194378751,-1.7440513253688803,9.277106268029138,-20.8740234375,-0.420234352350235,1.3878222703933716,1,-46.89374923706055,-2.499990224838257,-6.4280418157577515,4.277837293273038,0.7559388994693765,15.70514808378689,16.29487685934213
1780771798169423900,-42.61591194378751,-1.7440513253688803,9.277106268029138,-20.8740234375,-0.420234352350235,1.3878222703933716,1,-46.89374923706055,-2.499990224838257,-6.4280418157577515,4.277837293273038,0.7559388994693765,15.70514808378689,16.29487685934213
1780771798169423900,-42.61591194378751,-1.7440513253688803,9.277106268029138,-20.8740234375,-0.420234352350235,1.3878222703933716,1,-46.89374923706055,-2.499990224838257,-6.4280418157577515,4.277837293273038,0.7559388994693765,15.70514808378689,16.29487685934213
1780771798169423900,-42.53179805627365,-1.774330630093756,9.500172794516802,-20.8740234375,-0.420234352350235,1.3878222703933716,1,-46.89374923706055,-2.499990224838257,-6.4280418157577515,4.361951180786896,0.7256595947445008,15.928214610274553,16.53061464743452
1780771798169423900,-42.53179805627365,-1.774330630093756,9.500172794516802,-20.8740234375,-0.420234352350235,1.3878222703933716,1,-46.89374923706055,-2.499990224838257,-6.4280418157577515,4.361951180786896,0.7256595947445008,15.928214610274553,16.53061464743452
1780771798169423900,-42.53179805627365,-1.774330630093756,9.500172794516802,-20.8740234375,-0.420234352350235,1.3878222703933716,1,-46.89374923706055,-2.499990224838257,-6.4280418157577515,4.361951180786896,0.7256595947445008,15.928214610274553,16.53061464743452
1780771798202459900,-41.67204105864754,-1.6843583420195425,10.493935707223955,-20.8740234375,-0.420234352350235,1.3878222703933716,1,-46.89374923706055,-2.499990224838257,-6.4280418157577515,5.22170817841301,0.8156318828187143,16.921977522981706,17.72807984405175
1780771798202459900,-41.67204105864754,-1.6843583420195425,10.493935707223955,-20.8740234375,-0.420234352350235,1.3878222703933716,1,-46.89374923706055,-2.499990224838257,-6.4280418157577515,5.22170817841301,0.8156318828187143,16.921977522981706,17.72807984405175
1780771798202459900,-41.575784925425374,-1.711524726212593,10.706968627365542,-20.8740234375,-0.420234352350235,1.3878222703933716,1,-46.89374923706055,-2.499990224838257,-6.4280418157577515,5.317964311635173,0.7884654986256638,17.135010443123292,17.95859140211984
1780771798202459900,-41.575784925425374,-1.711524726212593,10.706968627365542,-20.8740234375,-0.420234352350235,1.3878222703933716,1,-46.89374923706055,-2.499990224838257,-6.4280418157577515,5.317964311635173,0.7884654986256638,17.135010443123292,17.95859140211984
1780771798202459900,-41.575784925425374,-1.711524726212593,10.706968627365542,-20.8740234375,-0.420234352350235,1.3878222703933716,1,-46.89374923706055,-2.499990224838257,-6.4280418157577515,5.317964311635173,0.7884654986256638,17.135010443123292,17.95859140211984
1780771798202459900,-41.909729246104085,-1.7211341274386367,10.667569122703982,-21.20796775817871,-0.4298437535762787,1.3484227657318115,1,-46.89374923706055,-2.499990224838257,-6.4280418157577515,4.984019990956462,0.7788560973996201,17.095610938461732,17.824336886682843
1780771798202459900,-41.909729246104085,-1.7211341274386367,10.667569122703982,-21.20796775817871,-0.4298437535762787,1.3484227657318115,1,-46.89374923706055,-2.499990224838257,-6.4280418157577515,4.984019990956462,0.7788560973996201,17.095610938461732,17.824336886682843
1780771798202459900,-41.72746153156133,-1.7604488488038326,11.057012453215446,-21.20796775817871,-0.4298437535762787,1.3484227657318115,1,-46.89374923706055,-2.499990224838257,-6.4280418157577515,5.166287705499215,0.7395413760344243,17.485054268973197,18.247316868290447
1780771798202459900,-41.72746153156133,-1.7604488488038326,11.057012453215446,-21.20796775817871,-0.4298437535762787,1.3484227657318115,1,-46.89374923706055,-2.499990224838257,-6.4280418157577515,5.166287705499215,0.7395413760344243,17.485054268973197,18.247316868290447
1780771798202459900,-41.72746153156133,-1.7604488488038326,11.057012453215446,-21.20796775817871,-0.4298437535762787,1.3484227657318115,1,-46.89374923706055,-2.499990224838257,-6.4280418157577515,5.166287705499215,0.7395413760344243,17.485054268973197,18.247316868290447
1780771798202459900,-41.72746153156133,-1.7604488488038326,11.057012453215446,-21.20796775817871,-0.4298437535762787,1.3484227657318115,1,-46.89374923706055,-2.499990224838257,-6.4280418157577515,5.166287705499215,0.7395413760344243,17.485054268973197,18.247316868290447
1780771798202459900,-41.638735794047854,-1.7957683886937579,11.4611142394665,-21.32402229309082,-0.4331933557987213,1.3352733850479126,1,-46.89374923706055,-2.499990224838257,-6.4280418157577515,5.255013443012693,0.704221836144499,17.88915605522425,18.658322514334277
1780771798202459900,-41.638735794047854,-1.7957683886937579,11.4611142394665,-21.32402229309082,-0.4331933557987213,1.3352733850479126,1,-46.89374923706055,-2.499990224838257,-6.4280418157577515,5.255013443012693,0.704221836144499,17.88915605522425,18.658322514334277
1780771798202459900,-41.638735794047854,-1.7957683886937579,11.4611142394665,-21.32402229309082,-0.4331933557987213,1.3352733850479126,1,-46.89374923706055,-2.499990224838257,-6.4280418157577515,5.255013443012693,0.704221836144499,17.88915605522425,18.658322514334277
1780771798202459900,-41.638735794047854,-1.7957683886937579,11.4611142394665,-21.32402229309082,-0.4331933557987213,1.3352733850479126,1,-46.89374923706055,-2.499990224838257,-6.4280418157577515,5.255013443012693,0.704221836144499,17.88915605522425,18.658322514334277
1780771798202459900,-41.638735794047854,-1.7957683886937579,11.4611142394665,-21.32402229309082,-0.4331933557987213,1.3352733850479126,1,-46.89374923706055,-2.499990224838257,-6.4280418157577515,5.255013443012693,0.704221836144499,17.88915605522425,18.658322514334277
1780771798202459900,-41.75416662595703,-1.7991082157544573,11.44832618213923,-21.439453125,-0.4365331828594208,1.322485327720642,1,-46.89374923706055,-2.499990224838257,-6.4280418157577515,5.139582611103513,0.7008820090837995,17.87636799789698,18.613733580430612
1780771798202459900,-41.75416662595703,-1.7991082157544573,11.44832618213923,-21.439453125,-0.4365331828594208,1.322485327720642,1,-46.89374923706055,-2.499990224838257,-6.4280418157577515,5.139582611103513,0.7008820090837995,17.87636799789698,18.613733580430612
1780771798236106700,-41.99510095207137,-1.9694276303885643,13.0101527806953,-21.439453125,-0.4365331828594208,1.322485327720642,1,-46.89374923706055,-2.499990224838257,-6.4280418157577515,4.898648284989179,0.5305625944496926,19.43819459645305,20.052971372248884
1780771798236106700,-41.99510095207137,-1.9694276303885643,13.0101527806953,-21.439453125,-0.4365331828594208,1.322485327720642,1,-46.89374923706055,-2.499990224838257,-6.4280418157577515,4.898648284989179,0.5305625944496926,19.43819459645305,20.052971372248884
1780771798236106700,-41.99510095207137,-1.9694276303885643,13.0101527806953,-21.439453125,-0.4365331828594208,1.322485327720642,1,-46.89374923706055,-2.499990224838257,-6.4280418157577515,4.898648284989179,0.5305625944496926,19.43819459645305,20.052971372248884
1780771798236106700,-41.99510095207137,-1.9694276303885643,13.0101527806953,-21.439453125,-0.4365331828594208,1.322485327720642,1,-46.89374923706055,-2.499990224838257,-6.4280418157577515,4.898648284989179,0.5305625944496926,19.43819459645305,20.052971372248884
1780771798236106700,-41.871041410271,-1.9855087926801454,13.223614188905627,-21.439453125,-0.4365331828594208,1.322485327720642,1,-46.89374923706055,-2.499990224838257,-6.4280418157577515,5.022707826789549,0.5144814321581115,19.65165600466338,20.289895731199575
1780771798236106700,-42.191041105095216,-1.9948154321130525,13.18962487864104,-21.75945281982422,-0.4458398222923279,1.2884960174560547,1,-46.89374923706055,-2.499990224838257,-6.4280418157577515,4.7027081319653306,0.5051747927252044,19.617666694398793,20.179779777742407
1780771798236106700,-42.191041105095216,-1.9948154321130525,13.18962487864104,-21.75945281982422,-0.4458398222923279,1.2884960174560547,1,-46.89374923706055,-2.499990224838257,-6.4280418157577515,4.7027081319653306,0.5051747927252044,19.617666694398793,20.179779777742407
1780771798236106700,-42.191041105095216,-1.9948154321130525,13.18962487864104,-21.75945281982422,-0.4458398222923279,1.2884960174560547,1,-46.89374923706055,-2.499990224838257,-6.4280418157577515,4.7027081319653306,0.5051747927252044,19.617666694398793,20.179779777742407
1780771798236106700,-42.191041105095216,-1.9948154321130525,13.18962487864104,-21.75945281982422,-0.4458398222923279,1.2884960174560547,1,-46.89374923706055,-2.499990224838257,-6.4280418157577515,4.7027081319653306,0.5051747927252044,19.617666694398793,20.179779777742407
1780771798236106700,-42.191041105095216,-1.9948154321130525,13.18962487864104,-21.75945281982422,-0.4458398222923279,1.2884960174560547,1,-46.89374923706055,-2.499990224838257,-6.4280418157577515,4.7027081319653306,0.5051747927252044,19.617666694398793,20.179779777742407
1780771798236106700,-41.83961153452075,-2.0379214969350867,13.768019061348255,-21.75945281982422,-0.4458398222923279,1.2884960174560547,1,-46.89374923706055,-2.499990224838257,-6.4280418157577515,5.054137702539798,0.4620687279031701,20.196060877106007,20.823993141981973
1780771798236106700,-41.95273638193286,-2.0412222829534583,13.756510358116444,-21.872577667236328,-0.44914060831069946,1.2769873142242432,1,-46.89374923706055,-2.499990224838257,-6.4280418157577515,4.941012855127688,0.4587679418847985,20.184552173874195,20.785577271725884
1780771798236106700,-41.95273638193286,-2.0412222829534583,13.756510358116444,-21.872577667236328,-0.44914060831069946,1.2769873142242432,1,-46.89374923706055,-2.499990224838257,-6.4280418157577515,4.941012855127688,0.4587679418847985,20.184552173874195,20.785577271725884
1780771798236106700,-41.95273638193286,-2.0412222829534583,13.756510358116444,-21.872577667236328,-0.44914060831069946,1.2769873142242432,1,-46.89374923706055,-2.499990224838257,-6.4280418157577515,4.941012855127688,0.4587679418847985,20.184552173874195,20.785577271725884
1780771798236106700,-41.821668789446164,-2.0569189412409403,13.962995579202696,-21.872577667236328,-0.44914060831069946,1.2769873142242432,1,-46.89374923706055,-2.499990224838257,-6.4280418157577515,5.072080447614383,0.4430712835973165,20.39103739496045,21.017057792947522
1780771798236106700,-41.821668789446164,-2.0569189412409403,13.962995579202696,-21.872577667236328,-0.44914060831069946,1.2769873142242432,1,-46.89374923706055,-2.499990224838257,-6.4280418157577515,5.072080447614383,0.4430712835973165,20.39103739496045,21.017057792947522
1780771798236106700,-41.93416802650671,-2.0602099520975687,13.951794316728636,-21.985076904296875,-0.4524316191673279,1.265786051750183,1,-46.89374923706055,-2.499990224838257,-6.4280418157577515,4.959581210553836,0.4397802727406881,20.37983613248639,20.979241484366597
1780771798236106700,-41.93416802650671,-2.0602099520975687,13.951794316728636,-21.985076904296875,-0.4524316191673279,1.265786051750183,1,-46.89374923706055,-2.499990224838257,-6.4280418157577515,4.959581210553836,0.4397802727406881,20.37983613248639,20.979241484366597
1780771798269484900,-40.848934293591256,-2.1342012973055375,14.680491993328474,-21.985076904296875,-0.4524316191673279,1.265786051750183,1,-46.89374923706055,-2.499990224838257,-6.4280418157577515,6.044814943469291,0.3657889275327193,21.108533809086225,21.96004983622832
1780771798269484900,-40.848934293591256,-2.1342012973055375,14.680491993328474,-21.985076904296875,-0.4524316191673279,1.265786051750183,1,-46.89374923706055,-2.499990224838257,-6.4280418157577515,6.044814943469291,0.3657889275327193,21.108533809086225,21.96004983622832
1780771798269484900,-40.848934293591256,-2.1342012973055375,14.680491993328474,-21.985076904296875,-0.4524316191673279,1.265786051750183,1,-46.89374923706055,-2.499990224838257,-6.4280418157577515,6.044814943469291,0.3657889275327193,21.108533809086225,21.96004983622832
1780771798269484900,-40.848934293591256,-2.1342012973055375,14.680491993328474,-21.985076904296875,-0.4524316191673279,1.265786051750183,1,-46.89374923706055,-2.499990224838257,-6.4280418157577515,6.044814943469291,0.3657889275327193,21.108533809086225,21.96004983622832
1780771798269484900,-40.96299755653071,-2.1375411541685594,14.669378707310102,-22.099140167236328,-0.45577147603034973,1.2546727657318115,1,-46.89374923706055,-2.499990224838257,-6.4280418157577515,5.930751680529838,0.36244907066969745,21.097420523067854,21.91817368194945
1780771798269484900,-40.55628531738931,-2.180448571864136,15.21845026948228,-22.099140167236328,-0.45577147603034973,1.2546727657318115,1,-46.89374923706055,-2.499990224838257,-6.4280418157577515,6.337463919671237,0.3195416529741206,21.646492085240034,22.557397354248998
1780771798269484900,-40.55628531738931,-2.180448571864136,15.21845026948228,-22.099140167236328,-0.45577147603034973,1.2546727657318115,1,-46.89374923706055,-2.499990224838257,-6.4280418157577515,6.337463919671237,0.3195416529741206,21.646492085240034,22.557397354248998
1780771798269484900,-40.55628531738931,-2.180448571864136,15.21845026948228,-22.099140167236328,-0.45577147603034973,1.2546727657318115,1,-46.89374923706055,-2.499990224838257,-6.4280418157577515,6.337463919671237,0.3195416529741206,21.646492085240034,22.557397354248998
1780771798269484900,-40.55628531738931,-2.180448571864136,15.21845026948228,-22.099140167236328,-0.45577147603034973,1.2546727657318115,1,-46.89374923706055,-2.499990224838257,-6.4280418157577515,6.337463919671237,0.3195416529741206,21.646492085240034,22.557397354248998
1780771798269484900,-40.55628531738931,-2.180448571864136,15.21845026948228,-22.099140167236328,-0.45577147603034973,1.2546727657318115,1,-46.89374923706055,-2.499990224838257,-6.4280418157577515,6.337463919671237,0.3195416529741206,21.646492085240034,22.557397354248998
1780771798269484900,-40.55628531738931,-2.180448571864136,15.21845026948228,-22.099140167236328,-0.45577147603034973,1.2546727657318115,1,-46.89374923706055,-2.499990224838257,-6.4280418157577515,6.337463919671237,0.3195416529741206,21.646492085240034,22.557397354248998
1780771798269484900,-40.720958543543894,-2.2036362112589103,15.380503392646338,-22.411483764648438,-0.46495115756988525,1.225366234779358,1,-46.89374923706055,-2.499990224838257,-6.4280418157577515,6.172790693516653,0.29635401357934654,21.80854520840409,22.66724100446138
1780771798269484900,-40.720958543543894,-2.2036362112589103,15.380503392646338,-22.411483764648438,-0.46495115756988525,1.225366234779358,1,-46.89374923706055,-2.499990224838257,-6.4280418157577515,6.172790693516653,0.29635401357934654,21.80854520840409,22.66724100446138
1780771798269484900,-40.720958543543894,-2.2036362112589103,15.380503392646338,-22.411483764648438,-0.46495115756988525,1.225366234779358,1,-46.89374923706055,-2.499990224838257,-6.4280418157577515,6.172790693516653,0.29635401357934654,21.80854520840409,22.66724100446138
1780771798269484900,-40.720958543543894,-2.2036362112589103,15.380503392646338,-22.411483764648438,-0.46495115756988525,1.225366234779358,1,-46.89374923706055,-2.499990224838257,-6.4280418157577515,6.172790693516653,0.29635401357934654,21.80854520840409,22.66724100446138
1780771798269484900,-40.720958543543894,-2.2036362112589103,15.380503392646338,-22.411483764648438,-0.46495115756988525,1.225366234779358,1,-46.89374923706055,-2.499990224838257,-6.4280418157577515,6.172790693516653,0.29635401357934654,21.80854520840409,22.66724100446138
1780771798269484900,-40.720958543543894,-2.2036362112589103,15.380503392646338,-22.411483764648438,-0.46495115756988525,1.225366234779358,1,-46.89374923706055,-2.499990224838257,-6.4280418157577515,6.172790693516653,0.29635401357934654,21.80854520840409,22.66724100446138
1780771798269484900,-40.68065514074284,-2.2199915831981256,15.560826386329936,-22.521093368530273,-0.46818357706069946,1.2154687643051147,1,-46.89374923706055,-2.499990224838257,-6.4280418157577515,6.213094096317704,0.2799986416401312,21.988868202087687,22.85150459592981
1780771798269484900,-40.68065514074284,-2.2199915831981256,15.560826386329936,-22.521093368530273,-0.46818357706069946,1.2154687643051147,1,-46.89374923706055,-2.499990224838257,-6.4280418157577515,6.213094096317704,0.2799986416401312,21.988868202087687,22.85150459592981
1780771798269484900,-40.68065514074284,-2.2199915831981256,15.560826386329936,-22.521093368530273,-0.46818357706069946,1.2154687643051147,1,-46.89374923706055,-2.499990224838257,-6.4280418157577515,6.213094096317704,0.2799986416401312,21.988868202087687,22.85150459592981
1780771798269484900,-40.68065514074284,-2.2199915831981256,15.560826386329936,-22.521093368530273,-0.46818357706069946,1.2154687643051147,1,-46.89374923706055,-2.499990224838257,-6.4280418157577515,6.213094096317704,0.2799986416401312,21.988868202087687,22.85150459592981
1780771798302888400,-39.56381570232371,-2.2598419725784966,16.337510105177238,-22.521093368530273,-0.46818357706069946,1.2154687643051147,1,-46.89374923706055,-2.499990224838257,-6.4280418157577515,7.329933534736838,0.24014825225976022,22.76555192093499,23.917691173512335
1780771798302888400,-39.56381570232371,-2.2598419725784966,16.337510105177238,-22.521093368530273,-0.46818357706069946,1.2154687643051147,1,-46.89374923706055,-2.499990224838257,-6.4280418157577515,7.329933534736838,0.24014825225976022,22.76555192093499,23.917691173512335
1780771798302888400,-39.4035978856771,-2.2718303344979978,16.514764770035555,-22.521093368530273,-0.46818357706069946,1.2154687643051147,0,-23.2979679107666,-0.39990234375,-1.3280420079827309,-16.1056299749105,-1.8719279907479978,17.842806778018286,24.109358867646744
1780771798302888400,-39.51262193352866,-2.275043233467648,16.50510655260544,-22.630117416381836,-0.47139647603034973,1.205810546875,1,-46.89374923706055,-2.499990224838257,-6.4280418157577515,7.381127303531883,0.2249469913706088,22.93314836836319,24.09275690960314
1780771798302888400,-39.51262193352866,-2.275043233467648,16.50510655260544,-22.630117416381836,-0.47139647603034973,1.205810546875,1,-46.89374923706055,-2.499990224838257,-6.4280418157577515,7.381127303531883,0.2249469913706088,22.93314836836319,24.09275690960314
1780771798302888400,-39.51262193352866,-2.275043233467648,16.50510655260544,-22.630117416381836,-0.47139647603034973,1.205810546875,1,-46.89374923706055,-2.499990224838257,-6.4280418157577515,7.381127303531883,0.2249469913706088,22.93314836836319,24.09275690960314
1780771798302888400,-39.51262193352866,-2.275043233467648,16.50510655260544,-22.630117416381836,-0.47139647603034973,1.205810546875,1,-46.89374923706055,-2.499990224838257,-6.4280418157577515,7.381127303531883,0.2249469913706088,22.93314836836319,24.09275690960314
1780771798302888400,-39.22499534180871,-2.2933418309183424,16.814497244737773,-22.630117416381836,-0.47139647603034973,1.205810546875,0,-23.2979679107666,-0.39990234375,-1.3280420079827309,-15.927027431042106,-1.8934394871683424,18.142539252720503,24.215842880586262
1780771798302888400,-39.22499534180871,-2.2933418309183424,16.814497244737773,-22.630117416381836,-0.47139647603034973,1.205810546875,0,-23.2979679107666,-0.39990234375,-1.3280420079827309,-15.927027431042106,-1.8934394871683424,18.142539252720503,24.215842880586262
1780771798302888400,-39.22499534180871,-2.2933418309183424,16.814497244737773,-22.630117416381836,-0.47139647603034973,1.205810546875,0,-23.2979679107666,-0.39990234375,-1.3280420079827309,-15.927027431042106,-1.8934394871683424,18.142539252720503,24.215842880586262
1780771798302888400,-39.52339240601769,-2.3021504139395064,16.788984549425273,-22.92851448059082,-0.48020505905151367,1.1802978515625,1,-46.89374923706055,-2.499990224838257,-6.4280418157577515,7.370356831042855,0.19783981089875047,23.217026365183024,24.359630819232052
1780771798302888400,-39.52339240601769,-2.3021504139395064,16.788984549425273,-22.92851448059082,-0.48020505905151367,1.1802978515625,1,-46.89374923706055,-2.499990224838257,-6.4280418157577515,7.370356831042855,0.19783981089875047,23.217026365183024,24.359630819232052
1780771798302888400,-39.52339240601769,-2.3021504139395064,16.788984549425273,-22.92851448059082,-0.48020505905151367,1.1802978515625,1,-46.89374923706055,-2.499990224838257,-6.4280418157577515,7.370356831042855,0.19783981089875047,23.217026365183024,24.359630819232052
1780771798302888400,-39.52339240601769,-2.3021504139395064,16.788984549425273,-22.92851448059082,-0.48020505905151367,1.1802978515625,1,-46.89374923706055,-2.499990224838257,-6.4280418157577515,7.370356831042855,0.19783981089875047,23.217026365183024,24.359630819232052
1780771798302888400,-39.35751477313342,-2.310424994165359,16.962528462119547,-22.92851448059082,-0.48020505905151367,1.1802978515625,0,-23.2979679107666,-0.39990234375,-1.3280420079827309,-16.059546862366815,-1.9105226504153592,18.290570470102278,24.415243401286897
1780771798302888400,-39.35751477313342,-2.310424994165359,16.962528462119547,-22.92851448059082,-0.48020505905151367,1.1802978515625,0,-23.2979679107666,-0.39990234375,-1.3280420079827309,-16.059546862366815,-1.9105226504153592,18.290570470102278,24.415243401286897
1780771798302888400,-39.35751477313342,-2.310424994165359,16.962528462119547,-22.92851448059082,-0.48020505905151367,1.1802978515625,0,-23.2979679107666,-0.39990234375,-1.3280420079827309,-16.059546862366815,-1.9105226504153592,18.290570470102278,24.415243401286897
1780771798302888400,-39.46439114642443,-2.3135890769309384,16.953724736876932,-23.035390853881836,-0.4833691418170929,1.1714941263198853,0,-23.2979679107666,-0.39990234375,-1.3280420079827309,-16.16642323565783,-1.9136867331809384,18.281766744859663,24.479347059524013
1780771798302888400,-39.29649960741243,-2.3204334171476013,17.125869564493946,-23.035390853881836,-0.4833691418170929,1.1714941263198853,0,-23.2979679107666,-0.39990234375,-1.3280420079827309,-15.998531696645827,-1.9205310733976013,18.453911572476677,24.498740954940022
1780771798302888400,-39.29649960741243,-2.3204334171476013,17.125869564493946,-23.035390853881836,-0.4833691418170929,1.1714941263198853,0,-23.2979679107666,-0.39990234375,-1.3280420079827309,-15.998531696645827,-1.9205310733976013,18.453911572476677,24.498740954940022
1780771798302888400,-39.29649960741243,-2.3204334171476013,17.125869564493946,-23.035390853881836,-0.4833691418170929,1.1714941263198853,0,-23.2979679107666,-0.39990234375,-1.3280420079827309,-15.998531696645827,-1.9205310733976013,18.453911572476677,24.498740954940022
1780771798302888400,-39.29649960741243,-2.3204334171476013,17.125869564493946,-23.035390853881836,-0.4833691418170929,1.1714941263198853,0,-23.2979679107666,-0.39990234375,-1.3280420079827309,-15.998531696645827,-1.9205310733976013,18.453911572476677,24.498740954940022
1780771798335933900,-39.470352360583206,-2.4834733425270534,18.596858314196723,-23.035390853881836,-0.4833691418170929,1.1714941263198853,0,-23.2979679107666,-0.39990234375,-1.3280420079827309,-16.172384449816605,-2.0835709987770534,19.924900322179454,25.74662967746267
1780771798335933900,-39.470352360583206,-2.4834733425270534,18.596858314196723,-23.035390853881836,-0.4833691418170929,1.1714941263198853,0,-23.2979679107666,-0.39990234375,-1.3280420079827309,-16.172384449816605,-2.0835709987770534,19.924900322179454,25.74662967746267
1780771798335933900,-39.391162267757345,-2.4922823351235257,18.760720852492014,-23.141679763793945,-0.48652341961860657,1.1629101037979126,0,-23.2979679107666,-0.39990234375,-1.3280420079827309,-16.093194356990743,-2.0923799913735257,20.088762860474745,25.824936629245936
1780771798335933900,-39.391162267757345,-2.4922823351235257,18.760720852492014,-23.141679763793945,-0.48652341961860657,1.1629101037979126,0,-23.2979679107666,-0.39990234375,-1.3280420079827309,-16.093194356990743,-2.0923799913735257,20.088762860474745,25.824936629245936
1780771798335933900,-39.391162267757345,-2.4922823351235257,18.760720852492014,-23.141679763793945,-0.48652341961860657,1.1629101037979126,0,-23.2979679107666,-0.39990234375,-1.3280420079827309,-16.093194356990743,-2.0923799913735257,20.088762860474745,25.824936629245936
1780771798335933900,-39.391162267757345,-2.4922823351235257,18.760720852492014,-23.141679763793945,-0.48652341961860657,1.1629101037979126,0,-23.2979679107666,-0.39990234375,-1.3280420079827309,-16.093194356990743,-2.0923799913735257,20.088762860474745,25.824936629245936
1780771798335933900,-39.0434755136509,-2.4997708101855793,19.074677757907335,-23.141679763793945,-0.48652341961860657,1.1629101037979126,0,-23.2979679107666,-0.39990234375,-1.3280420079827309,-15.745507602884295,-2.0998684664355793,20.402719765890065,25.85732838276721
1780771798335933900,-39.23824060459328,-2.505552073298601,19.05937998740715,-23.336444854736328,-0.4923046827316284,1.1476123332977295,0,-23.2979679107666,-0.39990234375,-1.3280420079827309,-15.940272693826678,-2.105649729548601,20.387421995389882,25.964842190069472
1780771798335933900,-39.23824060459328,-2.505552073298601,19.05937998740715,-23.336444854736328,-0.4923046827316284,1.1476123332977295,0,-23.2979679107666,-0.39990234375,-1.3280420079827309,-15.940272693826678,-2.105649729548601,20.387421995389882,25.964842190069472
1780771798335933900,-39.23824060459328,-2.505552073298601,19.05937998740715,-23.336444854736328,-0.4923046827316284,1.1476123332977295,0,-23.2979679107666,-0.39990234375,-1.3280420079827309,-15.940272693826678,-2.105649729548601,20.387421995389882,25.964842190069472
1780771798335933900,-39.23824060459328,-2.505552073298601,19.05937998740715,-23.336444854736328,-0.4923046827316284,1.1476123332977295,0,-23.2979679107666,-0.39990234375,-1.3280420079827309,-15.940272693826678,-2.105649729548601,20.387421995389882,25.964842190069472
1780771798335933900,-39.23824060459328,-2.505552073298601,19.05937998740715,-23.336444854736328,-0.4923046827316284,1.1476123332977295,0,-23.2979679107666,-0.39990234375,-1.3280420079827309,-15.940272693826678,-2.105649729548601,20.387421995389882,25.964842190069472
1780771798335933900,-39.23824060459328,-2.505552073298601,19.05937998740715,-23.336444854736328,-0.4923046827316284,1.1476123332977295,0,-23.2979679107666,-0.39990234375,-1.3280420079827309,-15.940272693826678,-2.105649729548601,20.387421995389882,25.964842190069472
1780771798335933900,-38.853910333617705,-2.5093180754430544,19.392929971145016,-23.336444854736328,-0.4923046827316284,1.1476123332977295,0,-23.2979679107666,-0.39990234375,-1.3280420079827309,-15.555942422851103,-2.1094157316930544,20.720971979127746,25.996070071300583
1780771798335933900,-39.06270015905716,-2.515519253278519,19.37719744436584,-23.54523468017578,-0.4985058605670929,1.1318798065185547,0,-23.2979679107666,-0.39990234375,-1.3280420079827309,-15.764732248290557,-2.115616909528519,20.70523945234857,26.109568333223493
1780771798335933900,-39.06270015905716,-2.515519253278519,19.37719744436584,-23.54523468017578,-0.4985058605670929,1.1318798065185547,0,-23.2979679107666,-0.39990234375,-1.3280420079827309,-15.764732248290557,-2.115616909528519,20.70523945234857,26.109568333223493
1780771798335933900,-39.06270015905716,-2.515519253278519,19.37719744436584,-23.54523468017578,-0.4985058605670929,1.1318798065185547,0,-23.2979679107666,-0.39990234375,-1.3280420079827309,-15.764732248290557,-2.115616909528519,20.70523945234857,26.109568333223493
1780771798369586600,-37.42041866134342,-2.400771956793189,18.802912886210972,-23.54523468017578,-0.4985058605670929,1.1318798065185547,0,-23.2979679107666,-0.39990234375,-1.3280420079827309,-14.122450750576817,-2.000869613043189,20.130954894193703,24.67189573913867
1780771798369586600,-37.42041866134342,-2.400771956793189,18.802912886210972,-23.54523468017578,-0.4985058605670929,1.1318798065185547,0,-23.2979679107666,-0.39990234375,-1.3280420079827309,-14.122450750576817,-2.000869613043189,20.130954894193703,24.67189573913867
1780771798369586600,-37.42041866134342,-2.400771956793189,18.802912886210972,-23.54523468017578,-0.4985058605670929,1.1318798065185547,0,-23.2979679107666,-0.39990234375,-1.3280420079827309,-14.122450750576817,-2.000869613043189,20.130954894193703,24.67189573913867
1780771798369586600,-37.75897304366764,-2.41086960946691,18.77892368561893,-23.8837890625,-0.5086035132408142,1.1078906059265137,0,-23.2979679107666,-0.39990234375,-1.3280420079827309,-14.461005132901036,-2.01096726571691,20.106965693601662,24.8486363449033
1780771798369586600,-37.75897304366764,-2.41086960946691,18.77892368561893,-23.8837890625,-0.5086035132408142,1.1078906059265137,0,-23.2979679107666,-0.39990234375,-1.3280420079827309,-14.461005132901036,-2.01096726571691,20.106965693601662,24.8486363449033
1780771798369586600,-37.32362030134446,-2.4069780236469875,19.112664067575693,-23.8837890625,-0.5086035132408142,1.1078906059265137,0,-23.2979679107666,-0.39990234375,-1.3280420079827309,-14.02565239057786,-2.0070756798969875,20.440706075558424,24.87106235434119
1780771798369586600,-37.32362030134446,-2.4069780236469875,19.112664067575693,-23.8837890625,-0.5086035132408142,1.1078906059265137,0,-23.2979679107666,-0.39990234375,-1.3280420079827309,-14.02565239057786,-2.0070756798969875,20.440706075558424,24.87106235434119
1780771798369586600,-37.32362030134446,-2.4069780236469875,19.112664067575693,-23.8837890625,-0.5086035132408142,1.1078906059265137,0,-23.2979679107666,-0.39990234375,-1.3280420079827309,-14.02565239057786,-2.0070756798969875,20.440706075558424,24.87106235434119
1780771798369586600,-37.32362030134446,-2.4069780236469875,19.112664067575693,-23.8837890625,-0.5086035132408142,1.1078906059265137,0,-23.2979679107666,-0.39990234375,-1.3280420079827309,-14.02565239057786,-2.0070756798969875,20.440706075558424,24.87106235434119
1780771798369586600,-37.32362030134446,-2.4069780236469875,19.112664067575693,-23.8837890625,-0.5086035132408142,1.1078906059265137,0,-23.2979679107666,-0.39990234375,-1.3280420079827309,-14.02565239057786,-2.0070756798969875,20.440706075558424,24.87106235434119
1780771799668329300,-31.095567138395225,-0.6622366681849037,14.725061360602913,-32.45460891723633,-0.9602245688438416,3.7399706840515137,0,-23.2979679107666,-0.39990234375,-1.3280420079827309,-7.7975992276286235,-0.2623343244349037,16.053103368585646,17.848627419916273
1780771799668329300,-31.095567138395225,-0.6622366681849037,14.725061360602913,-32.45460891723633,-0.9602245688438416,3.7399706840515137,0,-23.2979679107666,-0.39990234375,-1.3280420079827309,-7.7975992276286235,-0.2623343244349037,16.053103368585646,17.848627419916273
1780771799668329300,-31.095567138395225,-0.6622366681849037,14.725061360602913,-32.45460891723633,-0.9602245688438416,3.7399706840515137,0,-23.2979679107666,-0.39990234375,-1.3280420079827309,-7.7975992276286235,-0.2623343244349037,16.053103368585646,17.848627419916273
1780771799668329300,-31.095567138395225,-0.6622366681849037,14.725061360602913,-32.45460891723633,-0.9602245688438416,3.7399706840515137,0,-23.2979679107666,-0.39990234375,-1.3280420079827309,-7.7975992276286235,-0.2623343244349037,16.053103368585646,17.848627419916273
1780771799668329300,-31.03463116427413,-0.6621976271425758,14.774812165504036,-32.393672943115234,-0.9601855278015137,3.7897214889526367,0,-23.2979679107666,-0.39990234375,-1.3280420079827309,-7.73666325350753,-0.2622952833925758,16.10285417348677,17.866915504542018
1780771799668329300,-31.03463116427413,-0.6621976271425758,14.774812165504036,-32.393672943115234,-0.9601855278015137,3.7897214889526367,0,-23.2979679107666,-0.39990234375,-1.3280420079827309,-7.73666325350753,-0.2622952833925758,16.10285417348677,17.866915504542018
1780771799668329300,-30.70975960822506,-0.671071708478888,14.729961778712587,-32.393672943115234,-0.9601855278015137,3.7897214889526367,0,-23.2979679107666,-0.39990234375,-1.3280420079827309,-7.411791697458458,-0.271169364728888,16.058003786695316,17.688065880824922
1780771799668329300,-30.70975960822506,-0.671071708478888,14.729961778712587,-32.393672943115234,-0.9601855278015137,3.7897214889526367,0,-23.2979679107666,-0.39990234375,-1.3280420079827309,-7.411791697458458,-0.271169364728888,16.058003786695316,17.688065880824922
1780771799668329300,-30.70975960822506,-0.671071708478888,14.729961778712587,-32.393672943115234,-0.9601855278015137,3.7897214889526367,0,-23.2979679107666,-0.39990234375,-1.3280420079827309,-7.411791697458458,-0.271169364728888,16.058003786695316,17.688065880824922
1780771799668329300,-30.70975960822506,-0.671071708478888,14.729961778712587,-32.393672943115234,-0.9601855278015137,3.7897214889526367,0,-23.2979679107666,-0.39990234375,-1.3280420079827309,-7.411791697458458,-0.271169364728888,16.058003786695316,17.688065880824922
1780771799668329300,-30.5208901319067,-0.6705346110248169,14.879439498973207,-32.204803466796875,-0.9596484303474426,3.939199209213257,0,-23.2979679107666,-0.39990234375,-1.3280420079827309,-7.222922221140099,-0.27063226727481693,16.207481506955936,17.746163079241903
1780771799668329300,-30.408246554414717,-0.673892567239428,14.861595254262276,-32.204803466796875,-0.9596484303474426,3.939199209213257,0,-23.2979679107666,-0.39990234375,-1.3280420079827309,-7.110278643648115,-0.27399022348942803,16.189637262245007,17.684328873778565
1780771799668329300,-30.408246554414717,-0.673892567239428,14.861595254262276,-32.204803466796875,-0.9596484303474426,3.939199209213257,0,-23.2979679107666,-0.39990234375,-1.3280420079827309,-7.110278643648115,-0.27399022348942803,16.189637262245007,17.684328873778565
1780771799668329300,-30.408246554414717,-0.673892567239428,14.861595254262276,-32.204803466796875,-0.9596484303474426,3.939199209213257,0,-23.2979679107666,-0.39990234375,-1.3280420079827309,-7.110278643648115,-0.27399022348942803,16.189637262245007,17.684328873778565
1780771799668329300,-30.408246554414717,-0.673892567239428,14.861595254262276,-32.204803466796875,-0.9596484303474426,3.939199209213257,0,-23.2979679107666,-0.39990234375,-1.3280420079827309,-7.110278643648115,-0.27399022348942803,16.189637262245007,17.684328873778565
1780771799668329300,-30.408246554414717,-0.673892567239428,14.861595254262276,-32.204803466796875,-0.9596484303474426,3.939199209213257,0,-23.2979679107666,-0.39990234375,-1.3280420079827309,-7.110278643648115,-0.27399022348942803,16.189637262245007,17.684328873778565
1780771799668329300,-30.293876298117226,-0.6776049123996013,14.842263793430703,-32.204803466796875,-0.9596484303474426,3.939199209213257,0,-23.2979679107666,-0.39990234375,-1.3280420079827309,-6.9959083873506245,-0.2777025686496013,16.170305801413434,17.620971669918273
1780771799668329300,-30.224578507589882,-0.6772728549235576,14.895759915790933,-32.13550567626953,-0.9593163728713989,3.9926953315734863,0,-23.2979679107666,-0.39990234375,-1.3280420079827309,-6.926610596823281,-0.2773705111735576,16.223801923773664,17.642749718293214
1780771799668329300,-30.224578507589882,-0.6772728549235576,14.895759915790933,-32.13550567626953,-0.9593163728713989,3.9926953315734863,0,-23.2979679107666,-0.39990234375,-1.3280420079827309,-6.926610596823281,-0.2773705111735576,16.223801923773664,17.642749718293214
1780771799668329300,-30.224578507589882,-0.6772728549235576,14.895759915790933,-32.13550567626953,-0.9593163728713989,3.9926953315734863,0,-23.2979679107666,-0.39990234375,-1.3280420079827309,-6.926610596823281,-0.2773705111735576,16.223801923773664,17.642749718293214
1780771799668329300,-30.224578507589882,-0.6772728549235576,14.895759915790933,-32.13550567626953,-0.9593163728713989,3.9926953315734863,0,-23.2979679107666,-0.39990234375,-1.3280420079827309,-6.926610596823281,-0.2773705111735576,16.223801923773664,17.642749718293214
1780771799702437300,-29.87662650324848,-0.7172306140442838,14.213398019706386,-32.13550567626953,-0.9593163728713989,3.9926953315734863,0,-23.2979679107666,-0.39990234375,-1.3280420079827309,-6.5786585924818795,-0.3173282702942838,15.541440027689116,16.87944916879165
1780771799702437300,-29.87662650324848,-0.7172306140442838,14.213398019706386,-32.13550567626953,-0.9593163728713989,3.9926953315734863,0,-23.2979679107666,-0.39990234375,-1.3280420079827309,-6.5786585924818795,-0.3173282702942838,15.541440027689116,16.87944916879165
1780771799702437300,-29.69686036708371,-0.7206804382654275,14.243376863030258,-32.06421661376953,-0.9589062333106995,4.047163009643555,0,-23.2979679107666,-0.39990234375,-1.3280420079827309,-6.398892456317107,-0.3207780945154275,15.57141887101299,16.837987080110626
1780771799702437300,-29.69686036708371,-0.7206804382654275,14.243376863030258,-32.06421661376953,-0.9589062333106995,4.047163009643555,0,-23.2979679107666,-0.39990234375,-1.3280420079827309,-6.398892456317107,-0.3207780945154275,15.57141887101299,16.837987080110626
1780771799702437300,-29.69686036708371,-0.7206804382654275,14.243376863030258,-32.06421661376953,-0.9589062333106995,4.047163009643555,0,-23.2979679107666,-0.39990234375,-1.3280420079827309,-6.398892456317107,-0.3207780945154275,15.57141887101299,16.837987080110626
1780771799702437300,-29.69686036708371,-0.7206804382654275,14.243376863030258,-32.06421661376953,-0.9589062333106995,4.047163009643555,0,-23.2979679107666,-0.39990234375,-1.3280420079827309,-6.398892456317107,-0.3207780945154275,15.57141887101299,16.837987080110626
1780771799702437300,-29.69686036708371,-0.7206804382654275,14.243376863030258,-32.06421661376953,-0.9589062333106995,4.047163009643555,0,-23.2979679107666,-0.39990234375,-1.3280420079827309,-6.398892456317107,-0.3207780945154275,15.57141887101299,16.837987080110626
1780771799702437300,-29.499468619738824,-0.7279044447827128,14.19569048770433,-32.06421661376953,-0.9589062333106995,4.047163009643555,0,-23.2979679107666,-0.39990234375,-1.3280420079827309,-6.2015007089722225,-0.32800210103271277,15.52373249568706,16.719822577387454
1780771799702437300,-29.499468619738824,-0.7279044447827128,14.19569048770433,-32.06421661376953,-0.9589062333106995,4.047163009643555,0,-23.2979679107666,-0.39990234375,-1.3280420079827309,-6.2015007089722225,-0.32800210103271277,15.52373249568706,16.719822577387454
1780771799702437300,-29.289509589587457,-0.7263907848286417,14.353722905001693,-31.854257583618164,-0.9573925733566284,4.205195426940918,0,-23.2979679107666,-0.39990234375,-1.3280420079827309,-5.991541678820855,-0.3264884410786417,15.681764912984423,16.790560359240985
1780771799702437300,-29.289509589587457,-0.7263907848286417,14.353722905001693,-31.854257583618164,-0.9573925733566284,4.205195426940918,0,-23.2979679107666,-0.39990234375,-1.3280420079827309,-5.991541678820855,-0.3264884410786417,15.681764912984423,16.790560359240985
1780771799702437300,-29.289509589587457,-0.7263907848286417,14.353722905001693,-31.854257583618164,-0.9573925733566284,4.205195426940918,0,-23.2979679107666,-0.39990234375,-1.3280420079827309,-5.991541678820855,-0.3264884410786417,15.681764912984423,16.790560359240985
1780771799702437300,-29.289509589587457,-0.7263907848286417,14.353722905001693,-31.854257583618164,-0.9573925733566284,4.205195426940918,0,-23.2979679107666,-0.39990234375,-1.3280420079827309,-5.991541678820855,-0.3264884410786417,15.681764912984423,16.790560359240985
1780771799702437300,-29.180416065719243,-0.7304117757446622,14.325618112126437,-31.854257583618164,-0.9573925733566284,4.205195426940918,0,-23.2979679107666,-0.39990234375,-1.3280420079827309,-5.882448154952641,-0.3305094319946622,15.653660120109167,16.725713973885817
1780771799702437300,-29.180416065719243,-0.7304117757446622,14.325618112126437,-31.854257583618164,-0.9573925733566284,4.205195426940918,0,-23.2979679107666,-0.39990234375,-1.3280420079827309,-5.882448154952641,-0.3305094319946622,15.653660120109167,16.725713973885817
1780771799702437300,-29.102094608810063,-0.7297379452354764,14.383869969884005,-31.775936126708984,-0.9567187428474426,4.263447284698486,0,-23.2979679107666,-0.39990234375,-1.3280420079827309,-5.804126698043461,-0.3298356014854764,15.711911977866736,16.7529357502254
1780771799702437300,-29.102094608810063,-0.7297379452354764,14.383869969884005,-31.775936126708984,-0.9567187428474426,4.263447284698486,0,-23.2979679107666,-0.39990234375,-1.3280420079827309,-5.804126698043461,-0.3298356014854764,15.711911977866736,16.7529357502254
1780771799702437300,-29.102094608810063,-0.7297379452354764,14.383869969884005,-31.775936126708984,-0.9567187428474426,4.263447284698486,0,-23.2979679107666,-0.39990234375,-1.3280420079827309,-5.804126698043461,-0.3298356014854764,15.711911977866736,16.7529357502254
1780771799702437300,-29.102094608810063,-0.7297379452354764,14.383869969884005,-31.775936126708984,-0.9567187428474426,4.263447284698486,0,-23.2979679107666,-0.39990234375,-1.3280420079827309,-5.804126698043461,-0.3298356014854764,15.711911977866736,16.7529357502254
1780771799702437300,-28.99366890745691,-0.7337181079350849,14.3546892255919,-31.775936126708984,-0.9567187428474426,4.263447284698486,0,-23.2979679107666,-0.39990234375,-1.3280420079827309,-5.695700996690309,-0.33381576418508485,15.68273123357463,16.68833430132123
1780771799702437300,-28.99366890745691,-0.7337181079350849,14.3546892255919,-31.775936126708984,-0.9567187428474426,4.263447284698486,0,-23.2979679107666,-0.39990234375,-1.3280420079827309,-5.695700996690309,-0.33381576418508485,15.68273123357463,16.68833430132123
1780771799702437300,-28.99366890745691,-0.7337181079350849,14.3546892255919,-31.775936126708984,-0.9567187428474426,4.263447284698486,0,-23.2979679107666,-0.39990234375,-1.3280420079827309,-5.695700996690309,-0.33381576418508485,15.68273123357463,16.68833430132123
1780771799736061300,-28.374556319339675,-0.7399929420113541,13.789111954431919,-31.775936126708984,-0.9567187428474426,4.263447284698486,0,-23.2979679107666,-0.39990234375,-1.3280420079827309,-5.076588408573073,-0.3400905982613541,15.11715396241465,15.950415524632366
1780771799736061300,-28.29439999304573,-0.739250744974611,13.848403794031528,-31.69577980041504,-0.9559765458106995,4.322739124298096,0,-23.2979679107666,-0.39990234375,-1.3280420079827309,-4.996432082279128,-0.33934840122461096,15.176445802014259,15.981364086701674
1780771799736061300,-28.29439999304573,-0.739250744974611,13.848403794031528,-31.69577980041504,-0.9559765458106995,4.322739124298096,0,-23.2979679107666,-0.39990234375,-1.3280420079827309,-4.996432082279128,-0.33934840122461096,15.176445802014259,15.981364086701674
1780771799736061300,-28.19288302154057,-0.743152790594364,13.811630644001648,-31.69577980041504,-0.9559765458106995,4.322739124298096,0,-23.2979679107666,-0.39990234375,-1.3280420079827309,-4.894915110773969,-0.343250446844364,15.139672651984379,15.915015011623014
1780771799736061300,-28.19288302154057,-0.743152790594364,13.811630644001648,-31.69577980041504,-0.9559765458106995,4.322739124298096,0,-23.2979679107666,-0.39990234375,-1.3280420079827309,-4.894915110773969,-0.343250446844364,15.139672651984379,15.915015011623014
1780771799736061300,-28.19288302154057,-0.743152790594364,13.811630644001648,-31.69577980041504,-0.9559765458106995,4.322739124298096,0,-23.2979679107666,-0.39990234375,-1.3280420079827309,-4.894915110773969,-0.343250446844364,15.139672651984379,15.915015011623014
1780771799736061300,-28.19288302154057,-0.743152790594364,13.811630644001648,-31.69577980041504,-0.9559765458106995,4.322739124298096,0,-23.2979679107666,-0.39990234375,-1.3280420079827309,-4.894915110773969,-0.343250446844364,15.139672651984379,15.915015011623014
1780771799736061300,-28.19288302154057,-0.743152790594364,13.811630644001648,-31.69577980041504,-0.9559765458106995,4.322739124298096,0,-23.2979679107666,-0.39990234375,-1.3280420079827309,-4.894915110773969,-0.343250446844364,15.139672651984379,15.915015011623014
1780771799736061300,-28.19288302154057,-0.743152790594364,13.811630644001648,-31.69577980041504,-0.9559765458106995,4.322739124298096,0,-23.2979679107666,-0.39990234375,-1.3280420079827309,-4.894915110773969,-0.343250446844364,15.139672651984379,15.915015011623014
1780771799736061300,-27.86263848729062,-0.7487314619905739,13.852879633510225,-31.546405792236328,-0.9544726610183716,4.432573318481445,0,-23.2979679107666,-0.39990234375,-1.3280420079827309,-4.564670576524019,-0.34882911824057394,15.180921641492956,15.856174857482678
1780771799736061300,-27.86263848729062,-0.7487314619905739,13.852879633510225,-31.546405792236328,-0.9544726610183716,4.432573318481445,0,-23.2979679107666,-0.39990234375,-1.3280420079827309,-4.564670576524019,-0.34882911824057394,15.180921641492956,15.856174857482678
1780771799736061300,-27.86263848729062,-0.7487314619905739,13.852879633510225,-31.546405792236328,-0.9544726610183716,4.432573318481445,0,-23.2979679107666,-0.39990234375,-1.3280420079827309,-4.564670576524019,-0.34882911824057394,15.180921641492956,15.856174857482678
1780771799736061300,-27.86263848729062,-0.7487314619905739,13.852879633510225,-31.546405792236328,-0.9544726610183716,4.432573318481445,0,-23.2979679107666,-0.39990234375,-1.3280420079827309,-4.564670576524019,-0.34882911824057394,15.180921641492956,15.856174857482678
1780771799736061300,-27.86263848729062,-0.7487314619905739,13.852879633510225,-31.546405792236328,-0.9544726610183716,4.432573318481445,0,-23.2979679107666,-0.39990234375,-1.3280420079827309,-4.564670576524019,-0.34882911824057394,15.180921641492956,15.856174857482678
1780771799736061300,-27.86263848729062,-0.7487314619905739,13.852879633510225,-31.546405792236328,-0.9544726610183716,4.432573318481445,0,-23.2979679107666,-0.39990234375,-1.3280420079827309,-4.564670576524019,-0.34882911824057394,15.180921641492956,15.856174857482678
1780771799736061300,-27.49408015009473,-0.7547158914667099,13.89970001160037,-31.3741397857666,-0.95252925157547,4.558359146118164,0,-23.2979679107666,-0.39990234375,-1.3280420079827309,-4.19611223932813,-0.3548135477167099,15.2277420195831,15.799284084845727
1780771799736061300,-27.49408015009473,-0.7547158914667099,13.89970001160037,-31.3741397857666,-0.95252925157547,4.558359146118164,0,-23.2979679107666,-0.39990234375,-1.3280420079827309,-4.19611223932813,-0.3548135477167099,15.2277420195831,15.799284084845727
1780771799736061300,-27.49408015009473,-0.7547158914667099,13.89970001160037,-31.3741397857666,-0.95252925157547,4.558359146118164,0,-23.2979679107666,-0.39990234375,-1.3280420079827309,-4.19611223932813,-0.3548135477167099,15.2277420195831,15.799284084845727
1780771799736061300,-27.49408015009473,-0.7547158914667099,13.89970001160037,-31.3741397857666,-0.95252925157547,4.558359146118164,0,-23.2979679107666,-0.39990234375,-1.3280420079827309,-4.19611223932813,-0.3548135477167099,15.2277420195831,15.799284084845727
1780771799736061300,-27.49408015009473,-0.7547158914667099,13.89970001160037,-31.3741397857666,-0.95252925157547,4.558359146118164,0,-23.2979679107666,-0.39990234375,-1.3280420079827309,-4.19611223932813,-0.3548135477167099,15.2277420195831,15.799284084845727
1780771799736061300,-27.49408015009473,-0.7547158914667099,13.89970001160037,-31.3741397857666,-0.95252925157547,4.558359146118164,0,-23.2979679107666,-0.39990234375,-1.3280420079827309,-4.19611223932813,-0.3548135477167099,15.2277420195831,15.799284084845727
1780771799736061300,-27.49408015009473,-0.7547158914667099,13.89970001160037,-31.3741397857666,-0.95252925157547,4.558359146118164,0,-23.2979679107666,-0.39990234375,-1.3280420079827309,-4.19611223932813,-0.3548135477167099,15.2277420195831,15.799284084845727
1780771799769509700,-26.6061893728991,-0.7978357923271789,13.399393570905898,-31.285350799560547,-0.9514550566673279,4.622944355010986,0,-23.2979679107666,-0.39990234375,-1.3280420079827309,-3.3082214621324972,-0.39793344857717894,14.72743557888863,15.09967016203749
1780771799769509700,-26.6061893728991,-0.7978357923271789,13.399393570905898,-31.285350799560547,-0.9514550566673279,4.622944355010986,0,-23.2979679107666,-0.39990234375,-1.3280420079827309,-3.3082214621324972,-0.39793344857717894,14.72743557888863,15.09967016203749
1780771799769509700,-26.6061893728991,-0.7978357923271789,13.399393570905898,-31.285350799560547,-0.9514550566673279,4.622944355010986,0,-23.2979679107666,-0.39990234375,-1.3280420079827309,-3.3082214621324972,-0.39793344857717894,14.72743557888863,15.09967016203749
1780771799769509700,-26.6061893728991,-0.7978357923271789,13.399393570905898,-31.285350799560547,-0.9514550566673279,4.622944355010986,0,-23.2979679107666,-0.39990234375,-1.3280420079827309,-3.3082214621324972,-0.39793344857717894,14.72743557888863,15.09967016203749
1780771799769509700,-26.6061893728991,-0.7978357923271789,13.399393570905898,-31.285350799560547,-0.9514550566673279,4.622944355010986,0,-23.2979679107666,-0.39990234375,-1.3280420079827309,-3.3082214621324972,-0.39793344857717894,14.72743557888863,15.09967016203749
1780771799769509700,-26.353347732405073,-0.8103103523140327,13.260052394876949,-31.285350799560547,-0.9514550566673279,4.622944355010986,0,-23.2979679107666,-0.39990234375,-1.3280420079827309,-3.0553798216384713,-0.4104080085640327,14.58809440285968,14.910274272954034
1780771799769509700,-26.1886996763748,-0.8081814532165901,13.379510116587154,-31.120702743530273,-0.9493261575698853,4.742402076721191,0,-23.2979679107666,-0.39990234375,-1.3280420079827309,-2.890731765608198,-0.4082791094665901,14.707552124569885,14.994502708288236
1780771799769509700,-26.1886996763748,-0.8081814532165901,13.379510116587154,-31.120702743530273,-0.9493261575698853,4.742402076721191,0,-23.2979679107666,-0.39990234375,-1.3280420079827309,-2.890731765608198,-0.4082791094665901,14.707552124569885,14.994502708288236
1780771799769509700,-26.1886996763748,-0.8081814532165901,13.379510116587154,-31.120702743530273,-0.9493261575698853,4.742402076721191,0,-23.2979679107666,-0.39990234375,-1.3280420079827309,-2.890731765608198,-0.4082791094665901,14.707552124569885,14.994502708288236
1780771799769509700,-26.1886996763748,-0.8081814532165901,13.379510116587154,-31.120702743530273,-0.9493261575698853,4.742402076721191,0,-23.2979679107666,-0.39990234375,-1.3280420079827309,-2.890731765608198,-0.4082791094665901,14.707552124569885,14.994502708288236
1780771799769509700,-26.1006392974399,-0.8127999105269524,13.328701335156742,-31.120702743530273,-0.9493261575698853,4.742402076721191,0,-23.2979679107666,-0.39990234375,-1.3280420079827309,-2.8026713866732997,-0.41289756677695244,14.656743343139473,14.928013154100274
1780771799769509700,-26.1006392974399,-0.8127999105269524,13.328701335156742,-31.120702743530273,-0.9493261575698853,4.742402076721191,0,-23.2979679107666,-0.39990234375,-1.3280420079827309,-2.8026713866732997,-0.41289756677695244,14.656743343139473,14.928013154100274
1780771799769509700,-26.1006392974399,-0.8127999105269524,13.328701335156742,-31.120702743530273,-0.9493261575698853,4.742402076721191,0,-23.2979679107666,-0.39990234375,-1.3280420079827309,-2.8026713866732997,-0.41289756677695244,14.656743343139473,14.928013154100274
1780771799769509700,-25.911420776321737,-0.8101631798560235,13.465683776105228,-30.93148422241211,-0.9466894268989563,4.879384517669678,0,-23.2979679107666,-0.39990234375,-1.3280420079827309,-2.6134528655551357,-0.4102608361060235,14.79372578408796,15.02839886378152
1780771799769509700,-25.911420776321737,-0.8101631798560235,13.465683776105228,-30.93148422241211,-0.9466894268989563,4.879384517669678,0,-23.2979679107666,-0.39990234375,-1.3280420079827309,-2.6134528655551357,-0.4102608361060235,14.79372578408796,15.02839886378152
1780771799769509700,-25.8247974657678,-0.8148932204875692,13.414523151798855,-30.93148422241211,-0.9466894268989563,4.879384517669678,0,-23.2979679107666,-0.39990234375,-1.3280420079827309,-2.5268295550012,-0.4149908767375692,14.742565159781586,14.963298851463497
1780771799769509700,-25.8247974657678,-0.8148932204875692,13.414523151798855,-30.93148422241211,-0.9466894268989563,4.879384517669678,0,-23.2979679107666,-0.39990234375,-1.3280420079827309,-2.5268295550012,-0.4149908767375692,14.742565159781586,14.963298851463497
1780771799769509700,-25.8247974657678,-0.8148932204875692,13.414523151798855,-30.93148422241211,-0.9466894268989563,4.879384517669678,0,-23.2979679107666,-0.39990234375,-1.3280420079827309,-2.5268295550012,-0.4149908767375692,14.742565159781586,14.963298851463497
1780771799769509700,-25.8247974657678,-0.8148932204875692,13.414523151798855,-30.93148422241211,-0.9466894268989563,4.879384517669678,0,-23.2979679107666,-0.39990234375,-1.3280420079827309,-2.5268295550012,-0.4149908767375692,14.742565159781586,14.963298851463497
1780771799769509700,-25.8247974657678,-0.8148932204875692,13.414523151798855,-30.93148422241211,-0.9466894268989563,4.879384517669678,0,-23.2979679107666,-0.39990234375,-1.3280420079827309,-2.5268295550012,-0.4149908767375692,14.742565159781586,14.963298851463497
1780771799769509700,-25.8247974657678,-0.8148932204875692,13.414523151798855,-30.93148422241211,-0.9466894268989563,4.879384517669678,0,-23.2979679107666,-0.39990234375,-1.3280420079827309,-2.5268295550012,-0.4149908767375692,14.742565159781586,14.963298851463497
1780771799802517500,-25.06174924987452,-0.8410947991702521,12.720336961210732,-30.93148422241211,-0.9466894268989563,4.879384517669678,0,-23.2979679107666,-0.39990234375,-1.3280420079827309,-1.7637813391079185,-0.4411924554202521,14.048378969193463,14.165540125847029
1780771799802517500,-25.06174924987452,-0.8410947991702521,12.720336961210732,-30.93148422241211,-0.9466894268989563,4.879384517669678,0,-23.2979679107666,-0.39990234375,-1.3280420079827309,-1.7637813391079185,-0.4411924554202521,14.048378969193463,14.165540125847029
1780771799802517500,-24.983604893103333,-0.8465425898920312,12.66129791927775,-30.93148422241211,-0.9466894268989563,4.879384517669678,0,-23.2979679107666,-0.39990234375,-1.3280420079827309,-1.6856369823367316,-0.44664024614203124,13.989339927260481,14.097605865753922
1780771799802517500,-24.983604893103333,-0.8465425898920312,12.66129791927775,-30.93148422241211,-0.9466894268989563,4.879384517669678,0,-23.2979679107666,-0.39990234375,-1.3280420079827309,-1.6856369823367316,-0.44664024614203124,13.989339927260481,14.097605865753922
1780771799802517500,-24.983604893103333,-0.8465425898920312,12.66129791927775,-30.93148422241211,-0.9466894268989563,4.879384517669678,0,-23.2979679107666,-0.39990234375,-1.3280420079827309,-1.6856369823367316,-0.44664024614203124,13.989339927260481,14.097605865753922
1780771799802517500,-24.983604893103333,-0.8465425898920312,12.66129791927775,-30.93148422241211,-0.9466894268989563,4.879384517669678,0,-23.2979679107666,-0.39990234375,-1.3280420079827309,-1.6856369823367316,-0.44664024614203124,13.989339927260481,14.097605865753922
1780771799802517500,-24.707861408606263,-0.8423433830629602,12.86076605511149,-30.65574073791504,-0.9424902200698853,5.078852653503418,0,-23.2979679107666,-0.39990234375,-1.3280420079827309,-1.4098934978396613,-0.4424410393129602,14.188808063094221,14.265546887513512
1780771799802517500,-24.571152193787203,-0.8524500562528624,12.754473091792203,-30.65574073791504,-0.9424902200698853,5.078852653503418,0,-23.2979679107666,-0.39990234375,-1.3280420079827309,-1.2731842830206013,-0.4525477125028624,14.082515099774934,14.147191565325299
1780771799802517500,-24.571152193787203,-0.8524500562528624,12.754473091792203,-30.65574073791504,-0.9424902200698853,5.078852653503418,0,-23.2979679107666,-0.39990234375,-1.3280420079827309,-1.2731842830206013,-0.4525477125028624,14.082515099774934,14.147191565325299
1780771799802517500,-24.571152193787203,-0.8524500562528624,12.754473091792203,-30.65574073791504,-0.9424902200698853,5.078852653503418,0,-23.2979679107666,-0.39990234375,-1.3280420079827309,-1.2731842830206013,-0.4525477125028624,14.082515099774934,14.147191565325299
1780771799802517500,-24.571152193787203,-0.8524500562528624,12.754473091792203,-30.65574073791504,-0.9424902200698853,5.078852653503418,0,-23.2979679107666,-0.39990234375,-1.3280420079827309,-1.2731842830206013,-0.4525477125028624,14.082515099774934,14.147191565325299
1780771799802517500,-24.571152193787203,-0.8524500562528624,12.754473091792203,-30.65574073791504,-0.9424902200698853,5.078852653503418,0,-23.2979679107666,-0.39990234375,-1.3280420079827309,-1.2731842830206013,-0.4525477125028624,14.082515099774934,14.147191565325299
1780771799802517500,-24.571152193787203,-0.8524500562528624,12.754473091792203,-30.65574073791504,-0.9424902200698853,5.078852653503418,0,-23.2979679107666,-0.39990234375,-1.3280420079827309,-1.2731842830206013,-0.4525477125028624,14.082515099774934,14.147191565325299
1780771799802517500,-24.571152193787203,-0.8524500562528624,12.754473091792203,-30.65574073791504,-0.9424902200698853,5.078852653503418,0,-23.2979679107666,-0.39990234375,-1.3280420079827309,-1.2731842830206013,-0.4525477125028624,14.082515099774934,14.147191565325299
1780771799802517500,-24.394841016665687,-0.856612778011903,12.768979825912876,-30.55367088317871,-0.9408300518989563,5.152734279632568,0,-23.2979679107666,-0.39990234375,-1.3280420079827309,-1.0968731058990855,-0.45671043426190305,14.097021833895607,14.147004616403356
1780771799802517500,-24.394841016665687,-0.856612778011903,12.768979825912876,-30.55367088317871,-0.9408300518989563,5.152734279632568,0,-23.2979679107666,-0.39990234375,-1.3280420079827309,-1.0968731058990855,-0.45671043426190305,14.097021833895607,14.147004616403356
1780771799802517500,-24.394841016665687,-0.856612778011903,12.768979825912876,-30.55367088317871,-0.9408300518989563,5.152734279632568,0,-23.2979679107666,-0.39990234375,-1.3280420079827309,-1.0968731058990855,-0.45671043426190305,14.097021833895607,14.147004616403356
1780771799802517500,-24.394841016665687,-0.856612778011903,12.768979825912876,-30.55367088317871,-0.9408300518989563,5.152734279632568,0,-23.2979679107666,-0.39990234375,-1.3280420079827309,-1.0968731058990855,-0.45671043426190305,14.097021833895607,14.147004616403356
1780771799802517500,-24.394841016665687,-0.856612778011903,12.768979825912876,-30.55367088317871,-0.9408300518989563,5.152734279632568,0,-23.2979679107666,-0.39990234375,-1.3280420079827309,-1.0968731058990855,-0.45671043426190305,14.097021833895607,14.147004616403356
1780771799802517500,-24.394841016665687,-0.856612778011903,12.768979825912876,-30.55367088317871,-0.9408300518989563,5.152734279632568,0,-23.2979679107666,-0.39990234375,-1.3280420079827309,-1.0968731058990855,-0.45671043426190305,14.097021833895607,14.147004616403356
1780771799802517500,-24.32204639637323,-0.8625649862143282,12.70959903494268,-30.55367088317871,-0.9408300518989563,5.152734279632568,0,-23.2979679107666,-0.39990234375,-1.3280420079827309,-1.0240784856066298,-0.4626626424643282,14.037641042925411,14.082548047687906
1780771799802517500,-24.218296167491395,-0.8608267359587435,12.784774797119194,-30.449920654296875,-0.9390918016433716,5.227910041809082,0,-23.2979679107666,-0.39990234375,-1.3280420079827309,-0.9203282567247939,-0.4609243922087435,14.112816805101925,14.150302243055673
1780771799836040700,-23.536311128522247,-0.9129781298598049,12.005910454683349,-30.449920654296875,-0.9390918016433716,5.227910041809082,0,-23.2979679107666,-0.39990234375,-1.3280420079827309,-0.23834321775564504,-0.5130757861098049,13.33395246266608,13.345948543598583
1780771799836040700,-23.536311128522247,-0.9129781298598049,12.005910454683349,-30.449920654296875,-0.9390918016433716,5.227910041809082,0,-23.2979679107666,-0.39990234375,-1.3280420079827309,-0.23834321775564504,-0.5130757861098049,13.33395246266608,13.345948543598583
1780771799836040700,-23.536311128522247,-0.9129781298598049,12.005910454683349,-30.449920654296875,-0.9390918016433716,5.227910041809082,0,-23.2979679107666,-0.39990234375,-1.3280420079827309,-0.23834321775564504,-0.5130757861098049,13.33395246266608,13.345948543598583
1780771799836040700,-23.4723528051319,-0.9198122060837157,11.940073880926374,-30.449920654296875,-0.9390918016433716,5.227910041809082,0,-23.2979679107666,-0.39990234375,-1.3280420079827309,-0.17438489436529991,-0.5199098623337157,13.268115888909104,13.27944334668652
1780771799836040700,-23.184423270219792,-0.9147047436775573,12.149268064275983,-30.161991119384766,-0.9339843392372131,5.437104225158691,0,-23.2979679107666,-0.39990234375,-1.3280420079827309,0.11354464054680946,-0.5148023999275573,13.477310072258714,13.487616567806718
1780771799836040700,-23.184423270219792,-0.9147047436775573,12.149268064275983,-30.161991119384766,-0.9339843392372131,5.437104225158691,0,-23.2979679107666,-0.39990234375,-1.3280420079827309,0.11354464054680946,-0.5148023999275573,13.477310072258714,13.487616567806718
1780771799836040700,-23.184423270219792,-0.9147047436775573,12.149268064275983,-30.161991119384766,-0.9339843392372131,5.437104225158691,0,-23.2979679107666,-0.39990234375,-1.3280420079827309,0.11354464054680946,-0.5148023999275573,13.477310072258714,13.487616567806718
1780771799836040700,-23.184423270219792,-0.9147047436775573,12.149268064275983,-30.161991119384766,-0.9339843392372131,5.437104225158691,0,-23.2979679107666,-0.39990234375,-1.3280420079827309,0.11354464054680946,-0.5148023999275573,13.477310072258714,13.487616567806718
1780771799836040700,-23.184423270219792,-0.9147047436775573,12.149268064275983,-30.161991119384766,-0.9339843392372131,5.437104225158691,0,-23.2979679107666,-0.39990234375,-1.3280420079827309,0.11354464054680946,-0.5148023999275573,13.477310072258714,13.487616567806718
1780771799836040700,-23.01756761678105,-0.934443211244829,11.971412206922295,-30.161991119384766,-0.9339843392372131,5.437104225158691,0,-23.2979679107666,-0.39990234375,-1.3280420079827309,0.2804002939855508,-0.534540867494829,13.299454214905026,13.313145408889831
1780771799836040700,-23.01756761678105,-0.934443211244829,11.971412206922295,-30.161991119384766,-0.9339843392372131,5.437104225158691,0,-23.2979679107666,-0.39990234375,-1.3280420079827309,0.2804002939855508,-0.534540867494829,13.299454214905026,13.313145408889831
1780771799836040700,-22.907801610311324,-0.9323924538366869,12.051456476484063,-30.05222511291504,-0.931933581829071,5.517148494720459,0,-23.2979679107666,-0.39990234375,-1.3280420079827309,0.39016630045527734,-0.5324901100866869,13.379498484466794,13.395773779636631
1780771799836040700,-22.907801610311324,-0.9323924538366869,12.051456476484063,-30.05222511291504,-0.931933581829071,5.517148494720459,0,-23.2979679107666,-0.39990234375,-1.3280420079827309,0.39016630045527734,-0.5324901100866869,13.379498484466794,13.395773779636631
1780771799836040700,-22.907801610311324,-0.9323924538366869,12.051456476484063,-30.05222511291504,-0.931933581829071,5.517148494720459,0,-23.2979679107666,-0.39990234375,-1.3280420079827309,0.39016630045527734,-0.5324901100866869,13.379498484466794,13.395773779636631
1780771799836040700,-22.907801610311324,-0.9323924538366869,12.051456476484063,-30.05222511291504,-0.931933581829071,5.517148494720459,0,-23.2979679107666,-0.39990234375,-1.3280420079827309,0.39016630045527734,-0.5324901100866869,13.379498484466794,13.395773779636631
1780771799836040700,-22.847680904845394,-0.9402815749329441,11.98510344668485,-30.05222511291504,-0.931933581829071,5.517148494720459,0,-23.2979679107666,-0.39990234375,-1.3280420079827309,0.45028700592120785,-0.5403792311829441,13.31314545466758,13.33171444332391
1780771799836040700,-22.847680904845394,-0.9402815749329441,11.98510344668485,-30.05222511291504,-0.931933581829071,5.517148494720459,0,-23.2979679107666,-0.39990234375,-1.3280420079827309,0.45028700592120785,-0.5403792311829441,13.31314545466758,13.33171444332391
1780771799836040700,-22.736352779845394,-0.9381429006737583,12.066470462523473,-29.94089698791504,-0.9297949075698853,5.598515510559082,0,-23.2979679107666,-0.39990234375,-1.3280420079827309,0.5616151309212079,-0.5382405569237583,13.394512470506204,13.417081604244025
1780771799836040700,-22.736352779845394,-0.9381429006737583,12.066470462523473,-29.94089698791504,-0.9297949075698853,5.598515510559082,0,-23.2979679107666,-0.39990234375,-1.3280420079827309,0.5616151309212079,-0.5382405569237583,13.394512470506204,13.417081604244025
1780771799836040700,-22.736352779845394,-0.9381429006737583,12.066470462523473,-29.94089698791504,-0.9297949075698853,5.598515510559082,0,-23.2979679107666,-0.39990234375,-1.3280420079827309,0.5616151309212079,-0.5382405569237583,13.394512470506204,13.417081604244025
1780771799868466900,-22.161977688306557,-0.977256390883128,11.18181095195643,-29.94089698791504,-0.9297949075698853,5.598515510559082,0,-23.2979679107666,-0.39990234375,-1.3280420079827309,1.1359902224600447,-0.577354047133128,12.509852959939161,12.574586774942722
1780771799868466900,-22.161977688306557,-0.977256390883128,11.18181095195643,-29.94089698791504,-0.9297949075698853,5.598515510559082,0,-23.2979679107666,-0.39990234375,-1.3280420079827309,1.1359902224600447,-0.577354047133128,12.509852959939161,12.574586774942722
1780771799868466900,-22.161977688306557,-0.977256390883128,11.18181095195643,-29.94089698791504,-0.9297949075698853,5.598515510559082,0,-23.2979679107666,-0.39990234375,-1.3280420079827309,1.1359902224600447,-0.577354047133128,12.509852959939161,12.574586774942722
1780771799868466900,-22.161977688306557,-0.977256390883128,11.18181095195643,-29.94089698791504,-0.9297949075698853,5.598515510559082,0,-23.2979679107666,-0.39990234375,-1.3280420079827309,1.1359902224600447,-0.577354047133128,12.509852959939161,12.574586774942722
1780771799868466900,-22.049127499097573,-0.9750297997728985,11.264506436117808,-29.828046798706055,-0.9275683164596558,5.681210994720459,0,-23.2979679107666,-0.39990234375,-1.3280420079827309,1.248840411669029,-0.5751274560228985,12.592548444100538,12.66738529774428
1780771799868466900,-22.049127499097573,-0.9750297997728985,11.264506436117808,-29.828046798706055,-0.9275683164596558,5.681210994720459,0,-23.2979679107666,-0.39990234375,-1.3280420079827309,1.248840411669029,-0.5751274560228985,12.592548444100538,12.66738529774428
1780771799868466900,-21.897272557236793,-1.0049987092382096,11.046269290141847,-29.828046798706055,-0.9275683164596558,5.681210994720459,0,-23.2979679107666,-0.39990234375,-1.3280420079827309,1.4006953535298088,-0.6050963654882096,12.374311298124578,12.468025873722777
1780771799868466900,-21.897272557236793,-1.0049987092382096,11.046269290141847,-29.828046798706055,-0.9275683164596558,5.681210994720459,0,-23.2979679107666,-0.39990234375,-1.3280420079827309,1.4006953535298088,-0.6050963654882096,12.374311298124578,12.468025873722777
1780771799868466900,-21.897272557236793,-1.0049987092382096,11.046269290141847,-29.828046798706055,-0.9275683164596558,5.681210994720459,0,-23.2979679107666,-0.39990234375,-1.3280420079827309,1.4006953535298088,-0.6050963654882096,12.374311298124578,12.468025873722777
1780771799868466900,-21.897272557236793,-1.0049987092382096,11.046269290141847,-29.828046798706055,-0.9275683164596558,5.681210994720459,0,-23.2979679107666,-0.39990234375,-1.3280420079827309,1.4006953535298088,-0.6050963654882096,12.374311298124578,12.468025873722777
1780771799868466900,-21.550161808945777,-0.997791673219838,11.30210386960962,-29.48093605041504,-0.9203612804412842,5.937045574188232,0,-23.2979679107666,-0.39990234375,-1.3280420079827309,1.7478061018208244,-0.597889329469838,12.630145877592351,12.764516548194024
1780771799868466900,-21.500545410763085,-1.0090083920748876,11.22784258185187,-29.48093605041504,-0.9203612804412842,5.937045574188232,0,-23.2979679107666,-0.39990234375,-1.3280420079827309,1.7974225000035169,-0.6091060483248876,12.555884589834601,12.698502890296592
1780771799868466900,-21.500545410763085,-1.0090083920748876,11.22784258185187,-29.48093605041504,-0.9203612804412842,5.937045574188232,0,-23.2979679107666,-0.39990234375,-1.3280420079827309,1.7974225000035169,-0.6091060483248876,12.555884589834601,12.698502890296592
1780771799868466900,-21.500545410763085,-1.0090083920748876,11.22784258185187,-29.48093605041504,-0.9203612804412842,5.937045574188232,0,-23.2979679107666,-0.39990234375,-1.3280420079827309,1.7974225000035169,-0.6091060483248876,12.555884589834601,12.698502890296592
1780771799868466900,-21.500545410763085,-1.0090083920748876,11.22784258185187,-29.48093605041504,-0.9203612804412842,5.937045574188232,0,-23.2979679107666,-0.39990234375,-1.3280420079827309,1.7974225000035169,-0.6091060483248876,12.555884589834601,12.698502890296592
1780771799868466900,-21.332780914426884,-1.0181996039927246,11.240754260547474,-29.3623046875,-0.917773425579071,6.025038719177246,0,-23.2979679107666,-0.39990234375,-1.3280420079827309,1.9651869963397175,-0.6182972602427246,12.568796268530205,12.736518012095189
1780771799868466900,-21.332780914426884,-1.0181996039927246,11.240754260547474,-29.3623046875,-0.917773425579071,6.025038719177246,0,-23.2979679107666,-0.39990234375,-1.3280420079827309,1.9651869963397175,-0.6182972602427246,12.568796268530205,12.736518012095189
1780771799868466900,-21.332780914426884,-1.0181996039927246,11.240754260547474,-29.3623046875,-0.917773425579071,6.025038719177246,0,-23.2979679107666,-0.39990234375,-1.3280420079827309,1.9651869963397175,-0.6182972602427246,12.568796268530205,12.736518012095189
1780771799868466900,-21.332780914426884,-1.0181996039927246,11.240754260547474,-29.3623046875,-0.917773425579071,6.025038719177246,0,-23.2979679107666,-0.39990234375,-1.3280420079827309,1.9651869963397175,-0.6182972602427246,12.568796268530205,12.736518012095189
1780771799868466900,-21.332780914426884,-1.0181996039927246,11.240754260547474,-29.3623046875,-0.917773425579071,6.025038719177246,0,-23.2979679107666,-0.39990234375,-1.3280420079827309,1.9651869963397175,-0.6182972602427246,12.568796268530205,12.736518012095189
1780771799903163500,-20.835015202682264,-1.0331631935554002,10.190231711189774,-29.3623046875,-0.917773425579071,6.025038719177246,0,-23.2979679107666,-0.39990234375,-1.3280420079827309,2.4629527080843374,-0.6332608498054002,11.518273719172505,11.795668052973356
1780771799903163500,-20.835015202682264,-1.0331631935554002,10.190231711189774,-29.3623046875,-0.917773425579071,6.025038719177246,0,-23.2979679107666,-0.39990234375,-1.3280420079827309,2.4629527080843374,-0.6332608498054002,11.518273719172505,11.795668052973356
1780771799903163500,-20.67634963261407,-1.0444967044206295,10.19893248476583,-29.24234390258789,-0.9150976538658142,6.114350318908691,0,-23.2979679107666,-0.39990234375,-1.3280420079827309,2.621618278152532,-0.6445943606706295,11.526974492748561,11.838898818835634
1780771799903163500,-20.67634963261407,-1.0444967044206295,10.19893248476583,-29.24234390258789,-0.9150976538658142,6.114350318908691,0,-23.2979679107666,-0.39990234375,-1.3280420079827309,2.621618278152532,-0.6445943606706295,11.526974492748561,11.838898818835634
1780771799903163500,-20.67634963261407,-1.0444967044206295,10.19893248476583,-29.24234390258789,-0.9150976538658142,6.114350318908691,0,-23.2979679107666,-0.39990234375,-1.3280420079827309,2.621618278152532,-0.6445943606706295,11.526974492748561,11.838898818835634
1780771799903163500,-20.67634963261407,-1.0444967044206295,10.19893248476583,-29.24234390258789,-0.9150976538658142,6.114350318908691,0,-23.2979679107666,-0.39990234375,-1.3280420079827309,2.621618278152532,-0.6445943606706295,11.526974492748561,11.838898818835634
1780771799903163500,-20.67634963261407,-1.0444967044206295,10.19893248476583,-29.24234390258789,-0.9150976538658142,6.114350318908691,0,-23.2979679107666,-0.39990234375,-1.3280420079827309,2.621618278152532,-0.6445943606706295,11.526974492748561,11.838898818835634
1780771799903163500,-20.67634963261407,-1.0444967044206295,10.19893248476583,-29.24234390258789,-0.9150976538658142,6.114350318908691,0,-23.2979679107666,-0.39990234375,-1.3280420079827309,2.621618278152532,-0.6445943606706295,11.526974492748561,11.838898818835634
1780771799903163500,-20.611768803716636,-1.0702217908939224,10.05971765060314,-29.24234390258789,-0.9150976538658142,6.114350318908691,0,-23.2979679107666,-0.39990234375,-1.3280420079827309,2.6861991070499656,-0.6703194471439224,11.387759658585871,11.719473701734698
1780771799903163500,-20.281065068365074,-1.0625069233020645,10.307657237242545,-28.911640167236328,-0.9073827862739563,6.362289905548096,0,-23.2979679107666,-0.39990234375,-1.3280420079827309,3.016902842401528,-0.6626045795520645,11.635699245225275,12.038697791483505
1780771799903163500,-20.281065068365074,-1.0625069233020645,10.307657237242545,-28.911640167236328,-0.9073827862739563,6.362289905548096,0,-23.2979679107666,-0.39990234375,-1.3280420079827309,3.016902842401528,-0.6626045795520645,11.635699245225275,12.038697791483505
1780771799903163500,-20.281065068365074,-1.0625069233020645,10.307657237242545,-28.911640167236328,-0.9073827862739563,6.362289905548096,0,-23.2979679107666,-0.39990234375,-1.3280420079827309,3.016902842401528,-0.6626045795520645,11.635699245225275,12.038697791483505
1780771799903163500,-20.281065068365074,-1.0625069233020645,10.307657237242545,-28.911640167236328,-0.9073827862739563,6.362289905548096,0,-23.2979679107666,-0.39990234375,-1.3280420079827309,3.016902842401528,-0.6626045795520645,11.635699245225275,12.038697791483505
1780771799903163500,-20.207509974873105,-1.0959042988133496,10.141098004783593,-28.911640167236328,-0.9073827862739563,6.362289905548096,0,-23.2979679107666,-0.39990234375,-1.3280420079827309,3.0904579358934967,-0.6960019550633496,11.469140012766324,11.898593261701848
1780771799903163500,-20.207509974873105,-1.0959042988133496,10.141098004783593,-28.911640167236328,-0.9073827862739563,6.362289905548096,0,-23.2979679107666,-0.39990234375,-1.3280420079827309,3.0904579358934967,-0.6960019550633496,11.469140012766324,11.898593261701848
1780771799903163500,-20.082822780048886,-1.0928672037434644,10.235277635063134,-28.78695297241211,-0.904345691204071,6.456469535827637,0,-23.2979679107666,-0.39990234375,-1.3280420079827309,3.2151451307177155,-0.6929648599934644,11.563319643045865,12.021968211404236
1780771799903163500,-20.082822780048886,-1.0928672037434644,10.235277635063134,-28.78695297241211,-0.904345691204071,6.456469535827637,0,-23.2979679107666,-0.39990234375,-1.3280420079827309,3.2151451307177155,-0.6929648599934644,11.563319643045865,12.021968211404236
1780771799903163500,-20.082822780048886,-1.0928672037434644,10.235277635063134,-28.78695297241211,-0.904345691204071,6.456469535827637,0,-23.2979679107666,-0.39990234375,-1.3280420079827309,3.2151451307177155,-0.6929648599934644,11.563319643045865,12.021968211404236
1780771799903163500,-20.082822780048886,-1.0928672037434644,10.235277635063134,-28.78695297241211,-0.904345691204071,6.456469535827637,0,-23.2979679107666,-0.39990234375,-1.3280420079827309,3.2151451307177155,-0.6929648599934644,11.563319643045865,12.021968211404236
1780771799903163500,-20.082822780048886,-1.0928672037434644,10.235277635063134,-28.78695297241211,-0.904345691204071,6.456469535827637,0,-23.2979679107666,-0.39990234375,-1.3280420079827309,3.2151451307177155,-0.6929648599934644,11.563319643045865,12.021968211404236
1780771799903163500,-20.082822780048886,-1.0928672037434644,10.235277635063134,-28.78695297241211,-0.904345691204071,6.456469535827637,0,-23.2979679107666,-0.39990234375,-1.3280420079827309,3.2151451307177155,-0.6929648599934644,11.563319643045865,12.021968211404236
1780771799903163500,-20.082822780048886,-1.0928672037434644,10.235277635063134,-28.78695297241211,-0.904345691204071,6.456469535827637,0,-23.2979679107666,-0.39990234375,-1.3280420079827309,3.2151451307177155,-0.6929648599934644,11.563319643045865,12.021968211404236
1780771799935833800,-19.756215766029236,-1.1400731321865738,9.145418297165914,-28.78695297241211,-0.904345691204071,6.456469535827637,0,-23.2979679107666,-0.39990234375,-1.3280420079827309,3.541752144737366,-0.7401707884365738,10.473460305148645,11.080849778529213
1780771799935833800,-19.756215766029236,-1.1400731321865738,9.145418297165914,-28.78695297241211,-0.904345691204071,6.456469535827637,0,-23.2979679107666,-0.39990234375,-1.3280420079827309,3.541752144737366,-0.7401707884365738,10.473460305148645,11.080849778529213
1780771799935833800,-19.630355551795837,-1.1369383451039017,9.240901600235983,-28.66109275817871,-0.9012109041213989,6.551952838897705,0,-23.2979679107666,-0.39990234375,-1.3280420079827309,3.6676123589707643,-0.7370360013539017,10.568943608218714,11.211474991127352
1780771799935833800,-19.630355551795837,-1.1369383451039017,9.240901600235983,-28.66109275817871,-0.9012109041213989,6.551952838897705,0,-23.2979679107666,-0.39990234375,-1.3280420079827309,3.6676123589707643,-0.7370360013539017,10.568943608218714,11.211474991127352
1780771799935833800,-19.630355551795837,-1.1369383451039017,9.240901600235983,-28.66109275817871,-0.9012109041213989,6.551952838897705,0,-23.2979679107666,-0.39990234375,-1.3280420079827309,3.6676123589707643,-0.7370360013539017,10.568943608218714,11.211474991127352
1780771799935833800,-19.605281661322557,-1.1567482662173505,9.15333965998233,-28.66109275817871,-0.9012109041213989,6.551952838897705,0,-23.2979679107666,-0.39990234375,-1.3280420079827309,3.692686249444044,-0.7568459224673505,10.48138166796506,11.138586497251014
1780771799935833800,-19.605281661322557,-1.1567482662173505,9.15333965998233,-28.66109275817871,-0.9012109041213989,6.551952838897705,0,-23.2979679107666,-0.39990234375,-1.3280420079827309,3.692686249444044,-0.7568459224673505,10.48138166796506,11.138586497251014
1780771799935833800,-19.605281661322557,-1.1567482662173505,9.15333965998233,-28.66109275817871,-0.9012109041213989,6.551952838897705,0,-23.2979679107666,-0.39990234375,-1.3280420079827309,3.692686249444044,-0.7568459224673505,10.48138166796506,11.138586497251014
1780771799935833800,-19.37246877985283,-1.150761933323979,9.331001078897124,-28.428279876708984,-0.8952245712280273,6.7296142578125,0,-23.2979679107666,-0.39990234375,-1.3280420079827309,3.925499130913771,-0.7508595895739789,10.659043086879855,11.383695932254216
1780771799935833800,-19.37246877985283,-1.150761933323979,9.331001078897124,-28.428279876708984,-0.8952245712280273,6.7296142578125,0,-23.2979679107666,-0.39990234375,-1.3280420079827309,3.925499130913771,-0.7508595895739789,10.659043086879855,11.383695932254216
1780771799935833800,-19.37246877985283,-1.150761933323979,9.331001078897124,-28.428279876708984,-0.8952245712280273,6.7296142578125,0,-23.2979679107666,-0.39990234375,-1.3280420079827309,3.925499130913771,-0.7508595895739789,10.659043086879855,11.383695932254216
1780771799935833800,-19.305958317866704,-1.2133987339056889,9.079559350270726,-28.428279876708984,-0.8952245712280273,6.7296142578125,0,-23.2979679107666,-0.39990234375,-1.3280420079827309,3.9920095928998975,-0.8134963901556889,10.407601358253457,11.176586375048526
1780771799935833800,-19.305958317866704,-1.2133987339056889,9.079559350270726,-28.428279876708984,-0.8952245712280273,6.7296142578125,0,-23.2979679107666,-0.39990234375,-1.3280420079827309,3.9920095928998975,-0.8134963901556889,10.407601358253457,11.176586375048526
1780771799935833800,-19.305958317866704,-1.2133987339056889,9.079559350270726,-28.428279876708984,-0.8952245712280273,6.7296142578125,0,-23.2979679107666,-0.39990234375,-1.3280420079827309,3.9920095928998975,-0.8134963901556889,10.407601358253457,11.176586375048526
1780771799935833800,-19.305958317866704,-1.2133987339056889,9.079559350270726,-28.428279876708984,-0.8952245712280273,6.7296142578125,0,-23.2979679107666,-0.39990234375,-1.3280420079827309,3.9920095928998975,-0.8134963901556889,10.407601358253457,11.176586375048526
1780771799935833800,-19.04678015624561,-1.2064163477934757,9.279114747304417,-28.16910171508789,-0.8882421851158142,6.929169654846191,0,-23.2979679107666,-0.39990234375,-1.3280420079827309,4.251187754520991,-0.8065140040434757,10.607156755287148,11.455777432987308
1780771799935833800,-19.02490194577777,-1.2309335314595709,9.18890428049865,-28.16910171508789,-0.8882421851158142,6.929169654846191,0,-23.2979679107666,-0.39990234375,-1.3280420079827309,4.273065964988831,-0.8310311877095709,10.51694628848138,11.382260970953626
1780771799935833800,-19.02490194577777,-1.2309335314595709,9.18890428049865,-28.16910171508789,-0.8882421851158142,6.929169654846191,0,-23.2979679107666,-0.39990234375,-1.3280420079827309,4.273065964988831,-0.8310311877095709,10.51694628848138,11.382260970953626
1780771799935833800,-19.02490194577777,-1.2309335314595709,9.18890428049865,-28.16910171508789,-0.8882421851158142,6.929169654846191,0,-23.2979679107666,-0.39990234375,-1.3280420079827309,4.273065964988831,-0.8310311877095709,10.51694628848138,11.382260970953626
1780771799935833800,-19.02490194577777,-1.2309335314595709,9.18890428049865,-28.16910171508789,-0.8882421851158142,6.929169654846191,0,-23.2979679107666,-0.39990234375,-1.3280420079827309,4.273065964988831,-0.8310311877095709,10.51694628848138,11.382260970953626
1780771799935833800,-19.02490194577777,-1.2309335314595709,9.18890428049865,-28.16910171508789,-0.8882421851158142,6.929169654846191,0,-23.2979679107666,-0.39990234375,-1.3280420079827309,4.273065964988831,-0.8310311877095709,10.51694628848138,11.382260970953626
1780771799935833800,-19.02490194577777,-1.2309335314595709,9.18890428049865,-28.16910171508789,-0.8882421851158142,6.929169654846191,0,-23.2979679107666,-0.39990234375,-1.3280420079827309,4.273065964988831,-0.8310311877095709,10.51694628848138,11.382260970953626
1780771799935833800,-19.02490194577777,-1.2309335314595709,9.18890428049865,-28.16910171508789,-0.8882421851158142,6.929169654846191,0,-23.2979679107666,-0.39990234375,-1.3280420079827309,4.273065964988831,-0.8310311877095709,10.51694628848138,11.382260970953626
1780771799969451900,-18.87800152225004,-1.2485750073685349,8.052021461952943,-28.16910171508789,-0.8882421851158142,6.929169654846191,0,-23.2979679107666,-0.39990234375,-1.3280420079827309,4.41996638851656,-0.8486726636185349,9.380063469935674,10.403938622733756
1780771799969451900,-18.87800152225004,-1.2485750073685349,8.052021461952943,-28.16910171508789,-0.8882421851158142,6.929169654846191,0,-23.2979679107666,-0.39990234375,-1.3280420079827309,4.41996638851656,-0.8486726636185349,9.380063469935674,10.403938622733756
1780771799969451900,-18.86839810926081,-1.2763898628324406,7.959428133920889,-28.16910171508789,-0.8882421851158142,6.929169654846191,0,-23.2979679107666,-0.39990234375,-1.3280420079827309,4.429569801505792,-0.8764875190824406,9.28747014190362,10.326975386543275
1780771799969451900,-18.86839810926081,-1.2763898628324406,7.959428133920889,-28.16910171508789,-0.8882421851158142,6.929169654846191,0,-23.2979679107666,-0.39990234375,-1.3280420079827309,4.429569801505792,-0.8764875190824406,9.28747014190362,10.326975386543275
1780771799969451900,-18.86839810926081,-1.2763898628324406,7.959428133920889,-28.16910171508789,-0.8882421851158142,6.929169654846191,0,-23.2979679107666,-0.39990234375,-1.3280420079827309,4.429569801505792,-0.8764875190824406,9.28747014190362,10.326975386543275
1780771799969451900,-18.86839810926081,-1.2763898628324406,7.959428133920889,-28.16910171508789,-0.8882421851158142,6.929169654846191,0,-23.2979679107666,-0.39990234375,-1.3280420079827309,4.429569801505792,-0.8764875190824406,9.28747014190362,10.326975386543275
1780771799969451900,-18.481810998856375,-1.3200890908439558,8.080803776141416,-27.79718780517578,-0.8776757717132568,7.218710899353027,0,-23.2979679107666,-0.39990234375,-1.3280420079827309,4.816156911910227,-0.9201867470939558,9.408845784124146,10.609829877952743
1780771799969451900,-18.481810998856375,-1.3200890908439558,8.080803776141416,-27.79718780517578,-0.8776757717132568,7.218710899353027,0,-23.2979679107666,-0.39990234375,-1.3280420079827309,4.816156911910227,-0.9201867470939558,9.408845784124146,10.609829877952743
1780771799969451900,-18.481810998856375,-1.3200890908439558,8.080803776141416,-27.79718780517578,-0.8776757717132568,7.218710899353027,0,-23.2979679107666,-0.39990234375,-1.3280420079827309,4.816156911910227,-0.9201867470939558,9.408845784124146,10.609829877952743
1780771799969451900,-18.481810998856375,-1.3200890908439558,8.080803776141416,-27.79718780517578,-0.8776757717132568,7.218710899353027,0,-23.2979679107666,-0.39990234375,-1.3280420079827309,4.816156911910227,-0.9201867470939558,9.408845784124146,10.609829877952743
1780771799969451900,-18.481810998856375,-1.3200890908439558,8.080803776141416,-27.79718780517578,-0.8776757717132568,7.218710899353027,0,-23.2979679107666,-0.39990234375,-1.3280420079827309,4.816156911910227,-0.9201867470939558,9.408845784124146,10.609829877952743
1780771799969451900,-18.481810998856375,-1.3200890908439558,8.080803776141416,-27.79718780517578,-0.8776757717132568,7.218710899353027,0,-23.2979679107666,-0.39990234375,-1.3280420079827309,4.816156911910227,-0.9201867470939558,9.408845784124146,10.609829877952743
1780771799969451900,-18.34134969825024,-1.348160766089795,8.092623314403049,-27.663320541381836,-0.8737011551856995,7.323905944824219,0,-23.2979679107666,-0.39990234375,-1.3280420079827309,4.956618212516361,-0.948258422339795,9.42066532238578,10.68719763345795
1780771799969451900,-18.34134969825024,-1.348160766089795,8.092623314403049,-27.663320541381836,-0.8737011551856995,7.323905944824219,0,-23.2979679107666,-0.39990234375,-1.3280420079827309,4.956618212516361,-0.948258422339795,9.42066532238578,10.68719763345795
1780771799969451900,-18.34134969825024,-1.348160766089795,8.092623314403049,-27.663320541381836,-0.8737011551856995,7.323905944824219,0,-23.2979679107666,-0.39990234375,-1.3280420079827309,4.956618212516361,-0.948258422339795,9.42066532238578,10.68719763345795
1780771799969451900,-18.34134969825024,-1.348160766089795,8.092623314403049,-27.663320541381836,-0.8737011551856995,7.323905944824219,0,-23.2979679107666,-0.39990234375,-1.3280420079827309,4.956618212516361,-0.948258422339795,9.42066532238578,10.68719763345795
1780771799969451900,-18.34134969825024,-1.348160766089795,8.092623314403049,-27.663320541381836,-0.8737011551856995,7.323905944824219,0,-23.2979679107666,-0.39990234375,-1.3280420079827309,4.956618212516361,-0.948258422339795,9.42066532238578,10.68719763345795
1780771799969451900,-18.34134969825024,-1.348160766089795,8.092623314403049,-27.663320541381836,-0.8737011551856995,7.323905944824219,0,-23.2979679107666,-0.39990234375,-1.3280420079827309,4.956618212516361,-0.948258422339795,9.42066532238578,10.68719763345795
1780771799969451900,-18.20109237955206,-1.3774308898154277,8.1054137644701,-27.528554916381836,-0.8695995807647705,7.430336952209473,0,-23.2979679107666,-0.39990234375,-1.3280420079827309,5.096875531214543,-0.9775285460654277,9.433455772452831,10.76679107486952
1780771799969451900,-18.20109237955206,-1.3774308898154277,8.1054137644701,-27.528554916381836,-0.8695995807647705,7.430336952209473,0,-23.2979679107666,-0.39990234375,-1.3280420079827309,5.096875531214543,-0.9775285460654277,9.433455772452831,10.76679107486952
1780771799969451900,-18.20109237955206,-1.3774308898154277,8.1054137644701,-27.528554916381836,-0.8695995807647705,7.430336952209473,0,-23.2979679107666,-0.39990234375,-1.3280420079827309,5.096875531214543,-0.9775285460654277,9.433455772452831,10.76679107486952
1780771799969451900,-18.20109237955206,-1.3774308898154277,8.1054137644701,-27.528554916381836,-0.8695995807647705,7.430336952209473,0,-23.2979679107666,-0.39990234375,-1.3280420079827309,5.096875531214543,-0.9775285460654277,9.433455772452831,10.76679107486952
