time_s,state,target_mode,waypoint_idx,path_idx,target_x,target_y,target_z,pos_x,pos_y,pos_z,error_x,error_y,error_z,horiz_dist,gate_dist,speed_cap,desired_vx,desired_vy,desired_vz,actual_vx,actual_vy,actual_vz,vel_error_fwd,vel_error_right,vel_error_z,cmd_roll_rate,cmd_pitch_rate,cmd_yaw_rate,cmd_thrust,z_integral,yaw,target_yaw,yaw_err,saturated
1780805307.2814043,TAKEOFF,,nan,nan,nan,nan,-0.5,-0.00046874998952262104,5.859374869032763e-05,0.020541992038488388,nan,nan,-0.5205419920384884,nan,nan,nan,nan,nan,nan,0.0,0.0,-0.0,nan,nan,nan,-0.0005424072733148932,0.6,0.0,0.3580812988057733,0.0,-3.14042329788208,nan,nan,0
1780805307.293845,TAKEOFF,,nan,nan,nan,nan,-0.5,-0.00046874998952262104,5.859374869032763e-05,0.020541992038488388,nan,nan,-0.5205419920384884,nan,nan,nan,nan,nan,nan,0.0,0.0,-0.0,nan,nan,nan,-0.0005424072733148932,0.6,0.0,0.3580812988057733,0.0,-3.14042329788208,nan,nan,0
1780805307.3044894,TAKEOFF,,nan,nan,nan,nan,-0.5,-0.00046874998952262104,5.859374869032763e-05,0.020600585266947746,nan,nan,-0.5206005852669477,nan,nan,nan,nan,nan,nan,0.0007997685461305082,-0.00015636715397704393,0.002055165823549032,nan,nan,nan,-0.0007183672278188169,0.6,0.0,0.3580900877900422,0.0,-3.1404504776000977,nan,nan,0
1780805307.3152895,TAKEOFF,,nan,nan,nan,nan,-0.5,-0.0005859374650754035,5.859374869032763e-05,0.020332030951976776,nan,nan,-0.5203320309519768,nan,nan,nan,nan,nan,nan,-0.010115381330251694,-5.7279557950096205e-05,-0.029471654444932938,nan,nan,nan,-0.0007739775464870036,0.6,0.0,0.35804980464279657,0.0,-3.140498161315918,nan,nan,0
1780805307.3255043,TAKEOFF,,nan,nan,nan,nan,-0.5,-0.0005859374650754035,5.859374869032763e-05,0.020332030951976776,nan,nan,-0.5203320309519768,nan,nan,nan,nan,nan,nan,-0.010115381330251694,-5.7279557950096205e-05,-0.029471654444932938,nan,nan,nan,-0.0006974509451538324,0.6,0.0,0.35804980464279657,0.0,-3.140465259552002,nan,nan,0
1780805307.3358598,TAKEOFF,,nan,nan,nan,nan,-0.5,-0.0013671874767169356,4.8828122089616954e-05,0.018320312723517418,nan,nan,-0.5183203127235174,nan,nan,nan,nan,nan,nan,-0.05172210559248924,-0.0008979981066659093,-0.12659981846809387,nan,nan,nan,-0.0006761533441022038,0.6,0.0,0.35774804690852763,0.0,-3.1404354572296143,nan,nan,0
1780805307.3462026,TAKEOFF,,nan,nan,nan,nan,-0.5,-0.0018749999580904841,2.9296874345163815e-05,0.017255859449505806,nan,nan,-0.5172558594495058,nan,nan,nan,nan,nan,nan,-0.07086008042097092,-0.0023047283757478,-0.1527629792690277,nan,nan,nan,-0.0002554960665293038,0.541651725769043,0.0,0.3575883789174259,0.0,-3.140394449234009,nan,nan,0
1780805307.3566754,TAKEOFF,,nan,nan,nan,nan,-0.5,-0.0018749999580904841,2.9296874345163815e-05,0.017255859449505806,nan,nan,-0.5172558594495058,nan,nan,nan,nan,nan,nan,-0.07086008042097092,-0.0023047283757478,-0.1527629792690277,nan,nan,nan,-7.0474120548169594e-06,0.5120916366577148,0.0,0.3575883789174259,0.0,-3.1403868198394775,nan,nan,0
1780805307.3675942,TAKEOFF,,nan,nan,nan,nan,-0.5,-0.0044140624813735485,-0.00010742187441792339,0.012919921427965164,nan,nan,-0.5129199214279652,nan,nan,nan,nan,nan,nan,-0.13995394110679626,-0.005612681154161692,-0.21435996890068054,nan,nan,nan,-0.00024945204495452344,0.4467622935771942,0.0,0.3569379882141948,0.0,-3.1403183937072754,nan,nan,0
1780805307.377848,TAKEOFF,,nan,nan,nan,nan,-0.5,-0.0044140624813735485,-0.00010742187441792339,0.012919921427965164,nan,nan,-0.5129199214279652,nan,nan,nan,nan,nan,nan,-0.13995394110679626,-0.005612681154161692,-0.21435996890068054,nan,nan,nan,-0.0003018194402102381,0.42199036478996277,0.0,0.3569379882141948,0.0,-3.1403093338012695,nan,nan,0
1780805307.3880913,TAKEOFF,,nan,nan,nan,nan,-0.5,-0.006796875037252903,-0.00018554687267169356,0.00945312436670065,nan,nan,-0.5094531243667006,nan,nan,nan,nan,nan,nan,-0.18062461912631989,-0.005586632993072271,-0.2625197172164917,nan,nan,nan,-0.0003532477712724358,0.4015960395336151,0.0,0.35641796865500514,0.0,-3.1403048038482666,nan,nan,0
1780805307.398761,TAKEOFF,,nan,nan,nan,nan,-0.5,-0.006796875037252903,-0.00018554687267169356,0.00945312436670065,nan,nan,-0.5094531243667006,nan,nan,nan,nan,nan,nan,-0.18062461912631989,-0.005586632993072271,-0.2625197172164917,nan,nan,nan,-0.0003532477712724358,0.4015960395336151,0.0,0.35641796865500514,0.0,-3.1403048038482666,nan,nan,0
1780805307.4091246,TAKEOFF,,nan,nan,nan,nan,-0.5,-0.00820312462747097,-0.00022460936452262104,0.007441406138241291,nan,nan,-0.5074414061382413,nan,nan,nan,nan,nan,nan,-0.2216111123561859,-0.00557295884937048,-0.3233829438686371,nan,nan,nan,-0.0004005660302937031,0.3548373878002167,0.0,0.3561162109207362,0.0,-3.1403090953826904,nan,nan,0
1780805307.419698,TAKEOFF,,nan,nan,nan,nan,-0.5,-0.013671875,-0.0003417968691792339,-0.0006445312174037099,nan,nan,-0.4993554687825963,nan,nan,nan,nan,nan,nan,-0.26057693362236023,-0.0055664656683802605,-0.390874445438385,nan,nan,nan,-0.00038346508517861366,0.34250590205192566,0.0,0.35490332031738947,0.0,-3.1403141021728516,nan,nan,0
1780805307.4302378,TAKEOFF,,nan,nan,nan,nan,-0.5,-0.017617186531424522,-0.00041992185288108885,-0.0067724608816206455,nan,nan,-0.49322753911837935,nan,nan,nan,nan,nan,nan,-0.310445100069046,-0.005557733587920666,-0.4906752407550812,nan,nan,nan,-0.00033738132333382964,0.31687232851982117,0.0,0.35398413086775693,0.0,-3.140326738357544,nan,nan,0
1780805307.4410553,TAKEOFF,,nan,nan,nan,nan,-0.5,-0.017617186531424522,-0.00041992185288108885,-0.0067724608816206455,nan,nan,-0.49322753911837935,nan,nan,nan,nan,nan,nan,-0.310445100069046,-0.005557733587920666,-0.4906752407550812,nan,nan,nan,-0.0002991310611832887,0.2929935157299042,0.0,0.35398413086775693,0.0,-3.1403372287750244,nan,nan,0
1780805307.4520152,TAKEOFF,,nan,nan,nan,nan,-0.5,-0.026601562276482582,-0.0005761718493886292,-0.021372070536017418,nan,nan,-0.4786279294639826,nan,nan,nan,nan,nan,nan,-0.3551371395587921,-0.005547456443309784,-0.5944103002548218,nan,nan,nan,-0.00028392928652465343,0.28070589900016785,0.0,0.3517941894195974,0.0,-3.140341281890869,nan,nan,0
1780805307.4626608,TAKEOFF,,nan,nan,nan,nan,-0.5,-0.026601562276482582,-0.0005761718493886292,-0.021372070536017418,nan,nan,-0.4786279294639826,nan,nan,nan,nan,nan,nan,-0.3551371395587921,-0.005547456443309784,-0.5944103002548218,nan,nan,nan,-0.0002718977630138397,0.2687854468822479,0.0,0.3517941894195974,0.0,-3.1403446197509766,nan,nan,0
1780805307.4732716,TAKEOFF,,nan,nan,nan,nan,-0.5,-0.029179686680436134,-0.0006152343703433871,-0.025747070088982582,nan,nan,-0.4742529299110174,nan,nan,nan,nan,nan,nan,-0.38125577569007874,-0.0055414289236068726,-0.6624669432640076,nan,nan,nan,-0.00026232152595184743,0.25746798515319824,0.0,0.3511379394866526,0.0,-3.1403467655181885,nan,nan,0
1780805307.4838307,TAKEOFF,,nan,nan,nan,nan,-0.5,-0.03402343764901161,-0.0006933593540452421,-0.03423827886581421,nan,nan,-0.4657617211341858,nan,nan,nan,nan,nan,nan,-0.3928861618041992,-0.005538936238735914,-0.6947224736213684,nan,nan,nan,-0.00024834246141836047,0.23839329183101654,0.0,0.3498642581701279,0.0,-3.140348196029663,nan,nan,0
1780805307.4943132,TAKEOFF,,nan,nan,nan,nan,-0.5,-0.039726562798023224,-0.000771484337747097,-0.044633787125349045,nan,nan,-0.45536621287465096,nan,nan,nan,nan,nan,nan,-0.41718095541000366,-0.005534214433282614,-0.7663156986236572,nan,nan,nan,-0.00023400226200465113,0.21871255338191986,0.0,0.34830493193119766,0.0,-3.140347957611084,nan,nan,0
1780805307.504573,TAKEOFF,,nan,nan,nan,nan,-0.5,-0.0426953099668026,-0.0008105468587018549,-0.05020507797598839,nan,nan,-0.4497949220240116,nan,nan,nan,nan,nan,nan,-0.4367867112159729,-0.005530907306820154,-0.8290824890136719,nan,nan,nan,-0.00021481305884663016,0.1953747272491455,0.0,0.34746923830360177,0.0,-3.140345811843872,nan,nan,0
1780805307.5152369,TAKEOFF,,nan,nan,nan,nan,-0.5,-0.047343749552965164,-0.0008691406110301614,-0.059101562947034836,nan,nan,-0.44089843705296516,nan,nan,nan,nan,nan,nan,-0.44474169611930847,-0.005529686808586121,-0.8560415506362915,nan,nan,nan,-0.00020714242418762296,0.18684934079647064,0.0,0.3461347655579448,0.0,-3.1403446197509766,nan,nan,0
1780805307.5258949,TAKEOFF,,nan,nan,nan,nan,-0.5,-0.05374999716877937,-0.0009472655947320163,-0.07172363251447678,nan,nan,-0.4282763674855232,nan,nan,nan,nan,nan,nan,-0.4644266664981842,-0.005526898428797722,-0.9261807203292847,nan,nan,nan,-0.00019959264318458736,0.17865847051143646,0.0,0.3442414551228285,0.0,-3.1403441429138184,nan,nan,0
1780805307.5367227,TAKEOFF,,nan,nan,nan,nan,-0.5,-0.05374999716877937,-0.0009472655947320163,-0.07172363251447678,nan,nan,-0.4282763674855232,nan,nan,nan,nan,nan,nan,-0.4644266664981842,-0.005526898428797722,-0.9261807203292847,nan,nan,nan,-0.00019959264318458736,0.17865847051143646,0.0,0.3442414551228285,0.0,-3.1403441429138184,nan,nan,0
1780805307.5470862,TAKEOFF,,nan,nan,nan,nan,-0.5,-0.0637499988079071,-0.0010644531575962901,-0.09234374761581421,nan,nan,-0.4076562523841858,nan,nan,nan,nan,nan,nan,-0.49050891399383545,-0.005523726809769869,-1.0287448167800903,nan,nan,nan,-0.0001725971233099699,0.15023303031921387,0.0,0.3411484378576279,0.0,-3.1403439044952393,nan,nan,0
1780805307.557767,TAKEOFF,,nan,nan,nan,nan,-0.5,-0.06722655892372131,-0.0011035156203433871,-0.09971679747104645,nan,nan,-0.40028320252895355,nan,nan,nan,nan,nan,nan,-0.4983871877193451,-0.005522898398339748,-1.061597466468811,nan,nan,nan,-0.00016639458772260696,0.14366364479064941,0.0,0.34004248037934304,0.0,-3.1403443813323975,nan,nan,0
1780805307.5681622,TAKEOFF,,nan,nan,nan,nan,-0.5,-0.0707421824336052,-0.0011425780830904841,-0.10730956494808197,nan,nan,-0.39269043505191803,nan,nan,nan,nan,nan,nan,-0.5058542490005493,-0.005522181745618582,-1.0935349464416504,nan,nan,nan,-0.00016025071090552956,0.13712166249752045,0.0,0.33890356525778775,0.0,-3.140345811843872,nan,nan,0
1780805307.5789773,TAKEOFF,,nan,nan,nan,nan,-0.5,-0.08359374850988388,-0.0012792968191206455,-0.13600586354732513,nan,nan,-0.36399413645267487,nan,nan,nan,nan,nan,nan,-0.5292166471481323,-0.005520533304661512,-1.1997331380844116,nan,nan,nan,-0.00015105049533303827,0.12743639945983887,0.0,0.33459912046790125,0.0,-3.140345811843872,nan,nan,0
1780805307.589521,TAKEOFF,,nan,nan,nan,nan,-0.5,-0.08359374850988388,-0.0012792968191206455,-0.13600586354732513,nan,nan,-0.36399413645267487,nan,nan,nan,nan,nan,nan,-0.5292166471481323,-0.005520533304661512,-1.1997331380844116,nan,nan,nan,-0.00014024798292666674,0.1162106916308403,0.0,0.33459912046790125,0.0,-3.1403472423553467,nan,nan,0
1780805307.5999131,TAKEOFF,,nan,nan,nan,nan,-0.5,-0.08730468899011612,-0.0013183593982830644,-0.14452636241912842,nan,nan,-0.3554736375808716,nan,nan,nan,nan,nan,nan,-0.53495854139328,-0.005520286969840527,-1.2271164655685425,nan,nan,nan,-0.00013517850311473012,0.11097931116819382,0.0,0.3333210456371308,0.0,-3.140347957611084,nan,nan,0
1780805307.6104548,TAKEOFF,,nan,nan,nan,nan,-0.5,-0.10187499970197678,-0.0014746093656867743,-0.17879393696784973,nan,nan,-0.32120606303215027,nan,nan,nan,nan,nan,nan,-0.5541061758995056,-0.00552003551274538,-1.3226284980773926,nan,nan,nan,-0.00012215279275551438,0.09774112701416016,0.0,0.3281809094548226,0.0,-3.140348434448242,nan,nan,0
1780805307.6210487,TAKEOFF,,nan,nan,nan,nan,-0.5,-0.10187499970197678,-0.0014746093656867743,-0.17879393696784973,nan,nan,-0.32120606303215027,nan,nan,nan,nan,nan,nan,-0.5541061758995056,-0.00552003551274538,-1.3226284980773926,nan,nan,nan,-0.00011787893163273111,0.09342669695615768,0.0,0.3281809094548226,0.0,-3.140348434448242,nan,nan,0
1780805307.631715,TAKEOFF,,nan,nan,nan,nan,-0.5,-0.1057421863079071,-0.0015136718284338713,-0.18813475966453552,nan,nan,-0.3118652403354645,nan,nan,nan,nan,nan,nan,-0.558463990688324,-0.005520116537809372,-1.3453649282455444,nan,nan,nan,-0.00011787893163273111,0.09342669695615768,0.0,0.3267797860503197,0.0,-3.140348434448242,nan,nan,0
1780805307.64248,TAKEOFF,,nan,nan,nan,nan,-0.5,-0.12175781279802322,-0.0016699217958375812,-0.22749999165534973,nan,nan,-0.27250000834465027,nan,nan,nan,nan,nan,nan,-0.5736449360847473,-0.005520919803529978,-1.4240723848342896,nan,nan,nan,-0.00010593771730782464,0.08153962343931198,0.0,0.32087500125169754,0.0,-3.1403489112854004,nan,nan,0
1780805307.653362,TAKEOFF,,nan,nan,nan,nan,-0.5,-0.12175781279802322,-0.0016699217958375812,-0.22749999165534973,nan,nan,-0.27250000834465027,nan,nan,nan,nan,nan,nan,-0.5736449360847473,-0.005520919803529978,-1.4240723848342896,nan,nan,nan,-0.00010227534221485257,0.07792282104492188,0.0,0.32087500125169754,0.0,-3.1403489112854004,nan,nan,0
1780805307.6636598,TAKEOFF,,nan,nan,nan,nan,-0.5,-0.12578125298023224,-0.001708984375,-0.2375146448612213,nan,nan,-0.2624853551387787,nan,nan,nan,nan,nan,nan,-0.5768977403640747,-0.0055212173610925674,-1.4418669939041138,nan,nan,nan,-9.863544983090833e-05,0.07433938980102539,0.0,0.31937280327081685,0.0,-3.1403489112854004,nan,nan,0
1780805307.6742022,TAKEOFF,,nan,nan,nan,nan,-0.5,-0.13984374701976776,-0.0018457031110301614,-0.2731347680091858,nan,nan,-0.2268652319908142,nan,nan,nan,nan,nan,nan,-0.5866554975509644,-0.005522496998310089,-1.4938262701034546,nan,nan,nan,-8.673936099512503e-05,0.06284952163696289,0.0,0.31402978479862215,0.0,-3.1403489112854004,nan,nan,0
1780805307.6845286,TAKEOFF,,nan,nan,nan,nan,-0.5,-0.13984374701976776,-0.0018457031110301614,-0.2731347680091858,nan,nan,-0.2268652319908142,nan,nan,nan,nan,nan,nan,-0.5866554975509644,-0.005522496998310089,-1.4938262701034546,nan,nan,nan,-8.356637408724055e-05,0.05983686074614525,0.0,0.31402978479862215,0.0,-3.1403489112854004,nan,nan,0
1780805307.6949992,TAKEOFF,,nan,nan,nan,nan,-0.5,-0.14804686605930328,-0.0019238280365243554,-0.29415038228034973,nan,nan,-0.20584961771965027,nan,nan,nan,nan,nan,nan,-0.5936605930328369,-0.005523856729269028,-1.5304783582687378,nan,nan,nan,-8.356637408724055e-05,0.05983686074614525,0.0,0.3108774426579476,0.0,-3.1403489112854004,nan,nan,0
1780805307.7059083,TAKEOFF,,nan,nan,nan,nan,-0.5,-0.15675780177116394,-0.0020019530784338713,-0.31664061546325684,nan,nan,-0.18335938453674316,nan,nan,nan,nan,nan,nan,-0.5957899689674377,-0.0055243633687496185,-1.5414087772369385,nan,nan,nan,-8.055107900872827e-05,0.05700850114226341,0.0,0.3075039076805115,0.0,-3.1403489112854004,nan,nan,0
1780805307.7162406,TAKEOFF,,nan,nan,nan,nan,-0.5,-0.15675780177116394,-0.0020019530784338713,-0.31664061546325684,nan,nan,-0.18335938453674316,nan,nan,nan,nan,nan,nan,-0.5957899689674377,-0.0055243633687496185,-1.5414087772369385,nan,nan,nan,-7.20923999324441e-05,0.04920673370361328,0.0,0.3075039076805115,0.0,-3.1403491497039795,nan,nan,0
1780805307.7266245,TAKEOFF,,nan,nan,nan,nan,-0.5,-0.16507811844348907,-0.0020800780039280653,-0.33823728561401367,nan,nan,-0.16176271438598633,nan,nan,nan,nan,nan,nan,-0.5994405746459961,-0.005525359883904457,-1.5587669610977173,nan,nan,nan,-6.951829709578305e-05,0.04686737060546875,0.0,0.304264407157898,0.0,-3.1403491497039795,nan,nan,0
1780805307.7371662,TAKEOFF,,nan,nan,nan,nan,-0.5,-0.16925780475139618,-0.0021191404666751623,-0.34911131858825684,nan,nan,-0.15088868141174316,nan,nan,nan,nan,nan,nan,-0.6023171544075012,-0.005526285152882338,-1.571425437927246,nan,nan,nan,-6.308497540885583e-05,0.04108285531401634,0.0,0.3026333022117615,0.0,-3.1403493881225586,nan,nan,0
1780805307.7475085,TAKEOFF,,nan,nan,nan,nan,-0.5,-0.17582030594348907,-0.0021777343936264515,-0.36628904938697815,nan,nan,-0.13371095061302185,nan,nan,nan,nan,nan,nan,-0.603487491607666,-0.005526704713702202,-1.57682204246521,nan,nan,nan,-6.072837277315557e-05,0.038996219635009766,0.0,0.3000566425919533,0.0,-3.1403493881225586,nan,nan,0
1780805307.7579947,TAKEOFF,,nan,nan,nan,nan,-0.5,-0.18425780534744263,-0.0022558593191206455,-0.3883105516433716,nan,nan,-0.11168944835662842,nan,nan,nan,nan,nan,nan,-0.6062082648277283,-0.00552778784185648,-1.5881435871124268,nan,nan,nan,-5.849679291713983e-05,0.037041183561086655,0.0,0.2967534172534943,0.0,-3.1403493881225586,nan,nan,0
1780805307.7690814,TAKEOFF,,nan,nan,nan,nan,-0.5,-0.1971093714237213,-0.0023730467073619366,-0.4219970703125,nan,nan,-0.0780029296875,nan,nan,nan,nan,nan,nan,-0.6096789240837097,-0.005529455840587616,-1.5987330675125122,nan,nan,nan,-5.6375331041635945e-05,0.03519940376281738,0.0,0.291700439453125,0.0,-3.1403493881225586,nan,nan,0
1780805307.7797182,FLY,spline,0,1,-0.15570671174003117,-0.007155633344344315,-0.4881516571623244,-0.1971093714237213,-0.0023730467073619366,-0.4219970703125,0.04140265968369014,-0.004782586636982378,-0.06615458684982439,0.041677972165446144,23.15099306708438,3.0,-2.998031065086939,-0.10800413343497185,0.012034946390991747,-0.6096789240837097,-0.005529455840587616,-1.5987330675125122,3.821564317359742,0.15920838947333166,1.6107680139035039,0.035025845684132965,-0.6,-0.04966887012713639,0.18,-0.0003221536027807008,-3.1403493881225586,-3.107236808037801,0.03311258008475759,1
1780805307.7901225,FLY,spline,0,1,-0.15570671174003117,-0.007155633344344315,-0.4881516571623244,-0.20136718451976776,-0.0024121094029396772,-0.4331103563308716,0.04566047277973659,-0.004743523941404638,-0.05504130083145281,0.04590620648509028,23.146040700337732,3.0,-2.9979786779208184,-0.10808837999444568,0.020994019203520023,-0.6106702089309692,-0.005530007183551788,-1.6006487607955933,3.3899686242144864,0.14143343399816508,1.6216427799991133,0.03111535547959632,-0.6,-0.04966887012713639,0.18,-0.0006464821587805235,-3.1403493881225586,-3.107236808037801,0.03311258008475759,1
1780805307.8009074,FLY,spline,0,1,-0.15570671174003117,-0.007155633344344315,-0.4881516571623244,-0.20988281071186066,-0.0024902343284338713,-0.4553466737270355,0.054176098971829484,-0.004665399015910444,-0.03280498343528887,0.05437660938108519,23.136150547014683,3.0,-2.997793553849029,-0.10825399678100357,0.03892146813966104,-0.6134519577026367,-0.005531741306185722,-1.6206459999084473,3.0844616094282364,0.12914858847381372,1.6595674680481083,0.028412689464239017,-0.6,-0.04966887012713639,0.18,-0.0009783956523901451,-3.1403493881225586,-3.107236808037801,0.03311258008475759,1
1780805307.8113828,FLY,spline,0,1,-0.15570671174003117,-0.007155633344344315,-0.4881516571623244,-0.20988281071186066,-0.0024902343284338713,-0.4553466737270355,0.054176098971829484,-0.004665399015910444,-0.03280498343528887,0.05437660938108519,23.136150547014683,3.0,-2.997793553849029,-0.10825399678100357,0.03892146813966104,-0.6134519577026367,-0.005531741306185722,-1.6206459999084473,2.874493599159234,0.11960696127923888,1.6595674680481083,0.026313531481432555,-0.6,-0.04929085746997086,0.18,-0.0013103091459997667,-3.1400973796844482,-3.107236808037801,0.03286057164664724,1
1780805307.8221347,FLY,spline,0,1,-0.15570671174003117,-0.007155633344344315,-0.4881516571623244,-0.2221093773841858,-0.0026074217166751623,-0.487373024225235,0.06640266564415462,-0.004548211627669153,-0.0007786329370894074,0.06655824692447554,23.121979788068966,3.0,-2.997338889881129,-0.10848098050905527,0.06474145560579388,-0.6149316430091858,-0.005527738947421312,-1.5832308530807495,2.7244333566947154,0.11301796942409706,1.6479723086865434,0.02486395327330135,-0.5993753384728374,-0.04883488193743912,0.18,-0.0016399036077370754,-3.1397933959960938,-3.107236808037801,0.03255658795829275,0
1780805307.8325467,FLY,spline,0,1,-0.15570671174003117,-0.007155633344344315,-0.4881516571623244,-0.22636717557907104,-0.002646484412252903,-0.49800780415534973,0.07066046383903987,-0.004509148932091412,0.009856146993025339,0.07080419178297315,23.117086103306505,3.0,-2.997138507606565,-0.10855988777837576,0.07331791723335965,-0.6154422760009766,-0.005528906360268593,-1.492153286933899,2.620804849595128,0.10732809699401483,1.5654712041672585,0.02361218133868326,-0.5765770669109282,-0.047970137751037756,0.18,-0.001952997848570527,-3.139216899871826,-3.107236808037801,0.03198009183402517,0
1780805307.8431258,FLY,spline,0,1,-0.15570671174003117,-0.007155633344344315,-0.4881516571623244,-0.23624999821186066,-0.0027441405691206455,-0.5209277272224426,0.08054328647182948,-0.0044114927752236695,0.032776070060118234,0.0806640084807905,23.10584973079407,3.0,-2.996622650736824,-0.10873554782835868,0.09181105450586596,-0.6150442361831665,-0.005526973865926266,-1.3753910064697266,2.5490207314762756,0.10303312436751651,1.4672020609755925,0.022667287360853633,-0.5607845609247807,-0.04703279510729996,0.18,-0.0022464382607656455,-3.138592004776001,-3.107236808037801,0.031355196738199975,0
1780805307.8539038,FLY,spline,0,2,-0.3114969582145577,-0.014125790968706795,-0.4771901652938203,-0.2405078113079071,-0.0027832030318677425,-0.5299462676048279,-0.07098914690665059,-0.011342587936839052,0.05275610231100758,0.07188959089909294,23.101065903231095,3.0,-2.9967083393774203,-0.10709456982680299,0.09093889057731552,-0.614384651184082,-0.005519811995327473,-1.298648476600647,2.5002150198550885,0.09436132941146401,1.3895873671779624,0.02075949247052208,-0.5500473043681194,-0.04311522422072667,0.18,-0.002524355734201238,-3.137006998062134,-3.108263515248316,0.028743482813817778,0
1780805307.864446,FLY,spline,0,2,-0.3114969582145577,-0.014125790968706795,-0.4771901652938203,-0.24476562440395355,-0.0028222654946148396,-0.5384228229522705,-0.06673133381060414,-0.011303525474091955,0.06123265765845021,0.06768190748114097,23.096317147455544,3.0,-2.9964905501598653,-0.10716937301440445,0.09777069238952017,-0.6135541200637817,-0.005507911089807749,-1.22085702419281,2.4659608544114233,0.0933819236855402,1.3186277165823301,0.020544023210818843,-0.5425113879705131,-0.04311522422072667,0.18,-0.0027880812775177037,-3.137006998062134,-3.108263515248316,0.028743482813817778,0
1780805307.8752158,FLY,spline,0,2,-0.3114969582145577,-0.014125790968706795,-0.4771901652938203,-0.2490234375,-0.0028613279573619366,-0.5463671684265137,-0.062473520714557695,-0.011264463011344858,0.06917700313269337,0.06348093349507572,23.091602318623877,3.0,-2.9962720205680764,-0.10724412681337325,0.10417617781879435,-0.6118478775024414,-0.005477492231875658,-1.0616374015808105,2.443829708775802,0.0855416629960919,1.165813579399605,0.018819165859140216,-0.5376425359306765,-0.03869387088057774,0.18561954819609194,-0.003021243993397625,-3.134059429168701,-3.108263515248316,0.02579591392038516,0
1780805307.8857677,FLY,spline,0,2,-0.3114969582145577,-0.014125790968706795,-0.4771901652938203,-0.26683592796325684,-0.0030175780411809683,-0.5741210579872131,-0.04466103025130086,-0.011108212927525826,0.09693089269339283,0.046021734186695556,23.072218189559926,3.0,-2.9953975304674123,-0.10756376499994498,0.12658463938710887,-0.6112957000732422,-0.00547307962551713,-0.8479377627372742,2.425854528619973,0.08121937281475859,0.974522402124383,0.01786826201924689,-0.5336879962963941,-0.036020960190270124,0.20133229501083333,-0.0032161484738225015,-3.132277488708496,-3.108263515248316,0.024013973460180082,0
1780805307.896406,FLY,spline,0,2,-0.3114969582145577,-0.014125790968706795,-0.4771901652938203,-0.26683592796325684,-0.0030175780411809683,-0.5741210579872131,-0.04466103025130086,-0.011108212927525826,0.09693089269339283,0.046021734186695556,23.072218189559926,3.0,-2.9953975304674123,-0.10756376499994498,0.12658463938710887,-0.6112957000732422,-0.00547307962551713,-0.8479377627372742,2.4135829816220498,0.08081704365545246,0.974522402124383,0.017779749604199542,-0.530988255956851,-0.036020960190270124,0.20113739053040847,-0.003411052954247378,-3.132277488708496,-3.108263515248316,0.024013973460180082,0
1780805307.9068105,FLY,spline,0,2,-0.3114969582145577,-0.014125790968706795,-0.4771901652938203,-0.2710937559604645,-0.0030566405039280653,-0.5795849561691284,-0.04040320225409322,-0.01106915046477873,0.10239479087530812,0.041892061830340534,23.06765577413057,3.0,-2.995204771750561,-0.1076393276493747,0.13100439086481008,-0.6139845252037048,-0.005551475565880537,-0.7379079461097717,2.4005524050341567,0.07534285674710409,0.8689123369745818,0.0165754284843629,-0.5281215291075144,-0.0327522414707877,0.21039936343295446,-0.0035848354216422946,-3.130098342895508,-3.108263515248316,0.0218348276471918,0
1780805307.9175894,FLY,spline,0,2,-0.3114969582145577,-0.014125790968706795,-0.4771901652938203,-0.2789062559604645,-0.003134765662252903,-0.5886865258216858,-0.03259070225409322,-0.010991025306453892,0.11149636052786549,0.03439413482996871,23.0593395518597,3.0,-2.9948684988099803,-0.10777339259810362,0.13837474727547344,-0.6167235970497131,-0.005628974176943302,-0.6942961812019348,2.390187347006933,0.07373046242238493,0.8326709284774083,0.016220701732924683,-0.5258412163415253,-0.031766976692650495,0.2135265226161746,-0.0037513696073377765,-3.129441499710083,-3.108263515248316,0.021177984461766997,0
1780805307.9283054,FLY,spline,0,2,-0.3114969582145577,-0.014125790968706795,-0.4771901652938203,-0.29191404581069946,-0.003251953050494194,-0.6015039086341858,-0.019582912403858233,-0.0108738379182126,0.12431374334036549,0.022399348412146785,23.045631208210697,3.0,-2.994361270766818,-0.10800868811806656,0.1487773619296318,-0.6381397247314453,-0.006219146307557821,-0.5554021596908569,2.3518974585452948,0.07067247258403626,0.7041795216204887,0.015547943968487979,-0.5174174408799649,-0.03000065264937657,0.22453230395833404,-0.003892205511661874,-3.1282639503479004,-3.108263515248316,0.02000043509958438,0
1780805307.938698,FLY,spline,0,2,-0.3114969582145577,-0.014125790968706795,-0.4771901652938203,-0.29191404581069946,-0.003251953050494194,-0.6015039086341858,-0.019582912403858233,-0.0108738379182126,0.12431374334036549,0.022399348412146785,23.045631208210697,3.0,-2.994361270766818,-0.10800868811806656,0.1487773619296318,-0.6381397247314453,-0.006219146307557821,-0.5554021596908569,2.3536038410539004,0.06838389660665897,0.7041795216204887,0.015044457253464974,-0.5177928450318581,-0.02859875140425938,0.2252478881502004,-0.004033041415985972,-3.1273293495178223,-3.108263515248316,0.019065834269506254,0
1780805307.9492433,FLY,spline,0,2,-0.3114969582145577,-0.014125790968706795,-0.4771901652938203,-0.2998437285423279,-0.003330077975988388,-0.6082128882408142,-0.011653229672229815,-0.010795712992718406,0.1310227229469939,0.015885376319586718,23.037338974541235,3.0,-2.9940800696002183,-0.1081477244665433,0.1542355552895035,-0.6454111933708191,-0.006414126604795456,-0.5330678820610046,2.3427021232457963,0.06724110797077419,0.6873034373505081,0.014793043753570323,-0.5153944671140752,-0.027854527809593854,0.22697705533912532,-0.004170502103456073,-3.126833200454712,-3.108263515248316,0.018569685206395903,0
1780805307.9599333,FLY,spline,0,2,-0.3114969582145577,-0.014125790968706795,-0.4771901652938203,-0.3089843690395355,-0.0034277343656867743,-0.6151708960533142,-0.002512589175022173,-0.01069805660302002,0.1379807307594939,0.010989154628262306,23.027825380594727,3.0,-2.9937769177647935,-0.10830262359123383,0.15990718677404267,-0.6644759774208069,-0.006915012374520302,-0.490437388420105,2.313904603012287,0.06596867585044919,0.6503445751941477,0.01451310868709882,-0.5090590126627031,-0.02712747035262364,0.2303440262403454,-0.004300571018494903,-3.1263484954833984,-3.108263515248316,0.018084980235082426,0
1780805307.9702914,FLY,spline,0,2,-0.3114969582145577,-0.014125790968706795,-0.4771901652938203,-0.31367185711860657,-0.0034765624441206455,-0.6184374690055847,0.002174898904048872,-0.010649228524586149,0.14124730371176442,0.010869050253434855,23.022964037613104,3.0,-2.993630328354452,-0.10838336065556252,0.16257461145401014,-0.6847708225250244,-0.007432378828525543,-0.45263949036598206,2.2862239840060647,0.06464592568586924,0.6152141018199921,0.014222103650891233,-0.5029692764813343,-0.02641042647597569,0.233595528830631,-0.0044236138388589015,-3.1258704662323,-3.108263515248316,0.017606950983983793,0
1780805307.9806437,FLY,spline,0,2,-0.3114969582145577,-0.014125790968706795,-0.4771901652938203,-0.322265625,-0.003574218600988388,-0.6239843368530273,0.010768666785442305,-0.010551572367718406,0.14679417155920704,0.015076467217723353,23.014076752494535,3.0,-2.9933753377266408,-0.10852534052228872,0.16711175289140767,-0.6951120495796204,-0.0076900664716959,-0.4354710578918457,2.276505252693727,0.06276668276439568,0.6025828107832534,0.013808670208167048,-0.5008311555926199,-0.02511974749800938,0.23555862941569514,-0.004544130401015552,-3.1250100135803223,-3.108263515248316,0.016746498332006254,0
1780805307.9920213,FLY,spline,0,2,-0.3114969582145577,-0.014125790968706795,-0.4771901652938203,-0.3321875035762787,-0.0036914062220603228,-0.6296533346176147,0.02069054536172099,-0.010434384746646472,0.15246316932379445,0.0231727221621993,23.003857631680525,3.0,-2.993106202740512,-0.10868658010347412,0.1717628784740304,-0.7198889851570129,-0.008293393068015575,-0.39929497241973877,2.2434196573221206,0.060518827856865826,0.5710578508937691,0.013314142128510481,-0.4935523246108665,-0.02365633425948399,0.23924386969872963,-0.004658341971194305,-3.1240344047546387,-3.108263515248316,0.01577088950632266,0
1780805308.0026429,FLY,spline,0,2,-0.3114969582145577,-0.014125790968706795,-0.4771901652938203,-0.33726561069488525,-0.0037499999161809683,-0.6323046684265137,0.02576865248032756,-0.010375791052525826,0.15511450313269337,0.027779137686716745,22.99864155466046,3.0,-2.992977213451555,-0.1087705103840064,0.1739435995676982,-0.7488764524459839,-0.008976760320365429,-0.3638271987438202,2.20621632779914,0.059265792567097395,0.5377707983115184,0.013038474364761427,-0.48536759211581076,-0.022911037781212507,0.242469588378439,-0.004765896130856609,-3.123537540435791,-3.108263515248316,0.015274025187475004,0
1780805308.013373,FLY,spline,0,2,-0.3114969582145577,-0.014125790968706795,-0.4771901652938203,-0.35445311665534973,-0.003955077845603228,-0.6401220560073853,0.042956158440792036,-0.010170713123103567,0.16293189071356495,0.04414379858397893,22.981051730225392,3.0,-2.9925847206668705,-0.10905069951648505,0.18040131531159123,-0.780720591545105,-0.009703301824629307,-0.331013560295105,2.1665224980372533,0.05598600933664922,0.5114148756066962,0.012316922054062828,-0.47663494956819574,-0.020490612366173444,0.24678058723991989,-0.004868179105977948,-3.1219239234924316,-3.108263515248316,0.01366040824411563,0
1780805308.0240862,FLY,spline,0,2,-0.3114969582145577,-0.014125790968706795,-0.4771901652938203,-0.35999998450279236,-0.004023437388241291,-0.6423193216323853,0.04850302628823466,-0.010102353580465503,0.16512915633856495,0.04954393108123261,22.975393132062738,3.0,-2.99247094662777,-0.10913983045044852,0.18222549491754877,-0.7967365384101868,-0.0100599629804492,-0.3162955343723297,2.154799229565519,0.05495378101440788,0.4985210292898785,0.012089831823169733,-0.47405583050441424,-0.01974996505019444,0.2484684344701344,-0.004967883311835924,-3.1214301586151123,-3.108263515248316,0.013166643366796293,0
1780805308.0352664,FLY,spline,0,2,-0.3114969582145577,-0.014125790968706795,-0.4771901652938203,-0.35999998450279236,-0.004023437388241291,-0.6423193216323853,0.04850302628823466,-0.010102353580465503,0.16512915633856495,0.04954393108123261,22.975393132062738,3.0,-2.99247094662777,-0.10913983045044852,0.18222549491754877,-0.7967365384101868,-0.0100599629804492,-0.3162955343723297,2.167576493471943,0.05365387922602569,0.4985210292898785,0.011803853429725652,-0.4768668285638274,-0.018884147980187116,0.2492954035246066,-0.005067587517693899,-3.1208529472351074,-3.108263515248316,0.01258943198679141,0
1780805308.0461469,FLY,spline,0,2,-0.3114969582145577,-0.014125790968706795,-0.4771901652938203,-0.37257811427116394,-0.004189453087747097,-0.6467968821525574,0.061081156056606245,-0.009936337880959697,0.16960671685873707,0.06188407255260501,22.962589406986783,3.0,-2.9922341680042948,-0.10933388577689049,0.18595909563280555,-0.8342784643173218,-0.010876345448195934,-0.2862136662006378,2.1160702566497833,0.052873198911179926,0.47217276183344337,0.011632103760459584,-0.46553545646295236,-0.018175687172386823,0.2521048878980205,-0.005162022070060588,-3.1203806400299072,-3.108263515248316,0.012117124781591215,0
1780805308.0566678,FLY,spline,0,2,-0.3114969582145577,-0.014125790968706795,-0.4771901652938203,-0.38457030057907104,-0.004345702938735485,-0.6505078077316284,0.07307334236451335,-0.00978008802997131,0.17331764243780812,0.07372491767506675,22.950412931573513,3.0,-2.992032128100231,-0.10952134781673353,0.18907358035539518,-0.8711850047111511,-0.011652855202555656,-0.2607053220272064,2.0697838413742136,0.051245496204736146,0.4497789023826016,0.011274009165041952,-0.455352445102327,-0.016811694481346784,0.2554627545981536,-0.005251977850537108,-3.119471311569214,-3.108263515248316,0.011207796320897856,0
1780805308.0674114,FLY,spline,0,3,-0.4673695819543155,-0.020913042851269614,-0.4671032360602419,-0.4032031297683716,-0.004609374795109034,-0.6553710699081421,-0.06416645218594391,-0.01630366805616058,0.1882678338479002,0.06620531080069406,22.931542865564705,3.0,-2.992327840345004,-0.10811448681271872,0.1851630460902589,-0.9304120540618896,-0.012850157916545868,-0.22614333033561707,1.9912586642027394,0.04819945917495785,0.411306376425876,0.010603881018490727,-0.4380769061246027,-0.014640910635096649,0.25932427052415824,-0.005334239125822283,-3.1190333366394043,-3.10927272954934,0.009760607090064433,0
1780805308.0782251,FLY,spline,0,3,-0.4673695819543155,-0.020913042851269614,-0.4671032360602419,-0.4032031297683716,-0.004609374795109034,-0.6553710699081421,-0.06416645218594391,-0.01630366805616058,0.1882678338479002,0.06620531080069406,22.931542865564705,3.0,-2.992327840345004,-0.10811448681271872,0.1851630460902589,-0.9304120540618896,-0.012850157916545868,-0.22614333033561707,2.013000632015712,0.04590000695508708,0.411306376425876,0.010098001530119157,-0.44286013904345667,-0.012809140691859344,0.2618885881464417,-0.005416500401107458,-3.117812156677246,-3.10927272954934,0.00853942712790623,0
1780805308.0888014,FLY,spline,0,3,-0.4673695819543155,-0.020913042851269614,-0.4671032360602419,-0.40980467200279236,-0.0046972655691206455,-0.6568652391433716,-0.057564909951523136,-0.016215777282148968,0.18976200308312968,0.05980526975602757,22.924869850819068,3.0,-2.9922465832449596,-0.10821192733350984,0.18641503115798722,-0.9517817497253418,-0.013268664479255676,-0.21524561941623688,1.9938737172677112,0.04551742778729897,0.40166065057422407,0.010013834113205774,-0.43865221779889646,-0.01222406149874411,0.263501285729513,-0.005496832531222303,-3.117422103881836,-3.10927272954934,0.008149374332496073,0
1780805308.0997891,FLY,spline,0,3,-0.4673695819543155,-0.020913042851269614,-0.4671032360602419,-0.42347654700279236,-0.004892577882856131,-0.6596386432647705,-0.043893034951523136,-0.016020464968413483,0.1925354072045286,0.04672530165830709,22.911067170995313,3.0,-2.9920931358586973,-0.10840362125186863,0.18875200991445334,-1.0183788537979126,-0.014531997963786125,-0.18618415296077728,1.9015495065620764,0.046409614431465726,0.3749361628752306,0.010210115174922459,-0.4183408914436568,-0.01222406149874411,0.2655642575128574,-0.00557181976379735,-3.117422103881836,-3.10927272954934,0.008149374332496073,0
1780805308.1105888,FLY,spline,0,3,-0.4673695819543155,-0.020913042851269614,-0.4671032360602419,-0.4441015422344208,-0.005195312201976776,-0.6631494164466858,-0.023268039719894718,-0.015717730649292837,0.1960461803864439,0.028079329215106218,22.8902811738342,3.0,-2.991892780500495,-0.10868741553603133,0.19174106418061587,-1.0653876066207886,-0.015389732085168362,-0.1689387857913971,1.8482354595725874,0.04468096751199936,0.36067984997201297,0.00982981285263986,-0.40661180110596923,-0.010149462232691864,0.2703359243455066,-0.005643955733791752,-3.1160390377044678,-3.10927272954934,0.006766308155127909,0
1780805308.1213217,FLY,spline,0,3,-0.4673695819543155,-0.020913042851269614,-0.4671032360602419,-0.4441015422344208,-0.005195312201976776,-0.6631494164466858,-0.023268039719894718,-0.015717730649292837,0.1960461803864439,0.028079329215106218,22.8902811738342,3.0,-2.991892780500495,-0.10868741553603133,0.19174106418061587,-1.0653876066207886,-0.015389732085168362,-0.1689387857913971,1.8722575197303328,0.043867447096704,0.36067984997201297,0.00965083836127488,-0.41189665434067324,-0.009650928983790497,0.2712621388666792,-0.005716091703786155,-3.1157066822052,-3.10927272954934,0.006433952655860331,0
1780805308.1320233,FLY,spline,0,3,-0.4673695819543155,-0.020913042851269614,-0.4671032360602419,-0.45167967677116394,-0.005302734207361937,-0.6642626523971558,-0.015689905183151553,-0.015610308643907677,0.19715941633691386,0.022132665013828424,22.88265349210672,3.0,-2.9918273559469015,-0.10879501636793579,0.19269851224457382,-1.0907235145568848,-0.015841178596019745,-0.16042675077915192,1.8484340022543049,0.04363588648558362,0.3531252630237257,0.009599895026828396,-0.4066554804959471,-0.009168846616847137,0.27279716186051906,-0.0057867167563908995,-3.1153852939605713,-3.10927272954934,0.006112564411231425,0
1780805308.142615,FLY,spline,0,3,-0.4673695819543155,-0.020913042851269614,-0.4671032360602419,-0.48195311427116394,-0.0057617188431322575,-0.6679980158805847,0.014583532316848447,-0.015151324008137356,0.20089477982034282,0.021029551446384263,22.852219938538155,3.0,-2.9916009107334056,-0.10920222472856926,0.19595628342410312,-1.192905306816101,-0.01759478636085987,-0.13219238817691803,1.70094143106666,0.04467667597189518,0.3281486716010211,0.00982886871381694,-0.3742071148346652,-0.008339865217311004,0.27654005610069843,-0.005852346490711103,-3.114832639694214,-3.10927272954934,0.005559910144874003,0
1780805308.153389,FLY,spline,0,3,-0.4673695819543155,-0.020913042851269614,-0.4671032360602419,-0.48195311427116394,-0.0057617188431322575,-0.6679980158805847,0.014583532316848447,-0.015151324008137356,0.20089477982034282,0.021029551446384263,22.852219938538155,3.0,-2.9916009107334056,-0.10920222472856926,0.19595628342410312,-1.192905306816101,-0.01759478636085987,-0.13219238817691803,1.7308230365662802,0.043788728054910166,0.3281486716010211,0.009633520172080237,-0.38078106804458167,-0.007889969358546356,0.2775110382101932,-0.005917976225031307,-3.114532709121704,-3.10927272954934,0.005259979572364237,0
1780805308.1641855,FLY,spline,0,3,-0.4673695819543155,-0.020913042851269614,-0.4671032360602419,-0.49042966961860657,-0.005888671614229679,-0.6688671708106995,0.023060087664291073,-0.015024371237039934,0.20176393475045756,0.027522706519402886,22.843708075138846,3.0,-2.991546062342628,-0.10931778853956865,0.19672767469558583,-1.2215148210525513,-0.018069326877593994,-0.1254851371049881,1.7058821147283942,0.04368588988660712,0.32221281180057393,0.009610895775053566,-0.3752940652402467,-0.007445795545680145,0.2789763441827136,-0.005982418787391422,-3.11423659324646,-3.10927272954934,0.004963863697120097,0
1780805308.17498,FLY,spline,0,3,-0.4673695819543155,-0.020913042851269614,-0.4671032360602419,-0.5246874690055847,-0.006396484095603228,-0.6718066334724426,0.05731788705126922,-0.014516558755666386,0.20470339741220073,0.05912757947124819,22.809338402247743,3.0,-2.9913525845410027,-0.1097900200074994,0.19938873204526178,-1.3367806673049927,-0.019920799881219864,-0.10282155126333237,1.5409872624915975,0.04503542467849977,0.3022102833085941,0.00990779342926995,-0.3390171977481514,-0.006247026929957489,0.2834788053135187,-0.0060428608440531405,-3.1134374141693115,-3.10927272954934,0.004164684619971659,0
1780805308.1855962,FLY,spline,0,3,-0.4673695819543155,-0.020913042851269614,-0.4671032360602419,-0.5246874690055847,-0.006396484095603228,-0.6718066334724426,0.05731788705126922,-0.014516558755666386,0.20470339741220073,0.05912757947124819,22.809338402247743,3.0,-2.9913525845410027,-0.1097900200074994,0.19938873204526178,-1.3367806673049927,-0.019920799881219864,-0.10282155126333237,1.5756491247807816,0.04363574041382431,0.3022102833085941,0.009599862891041347,-0.34664280745177195,-0.005423052320582489,0.28556168803946425,-0.006103302900714859,-3.1128880977630615,-3.10927272954934,0.003615368213721659,0
1780805308.1961613,FLY,spline,0,3,-0.4673695819543155,-0.020913042851269614,-0.4671032360602419,-0.5341796875,-0.006542968563735485,-0.6724853515625,0.0668101055456845,-0.014370074287534128,0.2053821155022581,0.06833805117249651,22.799822355938975,3.0,-2.9913059319452935,-0.10991649183860139,0.20001796502012717,-1.3684954643249512,-0.02041643112897873,-0.09746245294809341,1.549080936972634,0.04411661409216084,0.29748041796822056,0.009705655100275384,-0.3407978061339795,-0.005423052320582489,0.2858805811831005,-0.006162798984308503,-3.1128880977630615,-3.10927272954934,0.003615368213721659,0
1780805308.2066479,FLY,spline,0,3,-0.4673695819543155,-0.020913042851269614,-0.4671032360602419,-0.5439062118530273,-0.0066894530318677425,-0.6731298565864563,0.07653662989871185,-0.014223589819401871,0.2060266205262144,0.07784706946059682,22.790074204987842,3.0,-2.9912605968405073,-0.11004905972762746,0.20062214793595862,-1.430500864982605,-0.02137080207467079,-0.08830629289150238,1.4725244298921742,0.04421044873038176,0.288928440827461,0.009726298720683988,-0.3239553745762783,-0.004330499181849579,0.2894645351236437,-0.006220584672473995,-3.1121597290039062,-3.10927272954934,0.0028869994545663857,0
1780805308.2171874,FLY,spline,0,4,-0.6233234254900404,-0.027519958970214954,-0.4578785811273433,-0.5618749856948853,-0.006962890271097422,-0.6741992235183716,-0.06144843979515513,-0.020557068699117532,0.21632064239102827,0.06479586272871936,22.772071917143005,3.0,-2.991765698220261,-0.10863747510791336,0.19374185390567886,-1.4606151580810547,-0.021828582510352135,-0.08438268303871155,1.4521433694569146,0.041802977599933594,0.27812453694439043,0.009196655071985391,-0.3194715412805212,-0.0024694929507882435,0.29133487624217413,-0.0062762095798628735,-3.111910820007324,-3.1102644913734654,0.001646328633858829,0
1780805308.2278147,FLY,spline,0,4,-0.6233234254900404,-0.027519958970214954,-0.4578785811273433,-0.5828906297683716,-0.007275390438735485,-0.6752880811691284,-0.0404327957216688,-0.02024456853147947,0.2174095000417851,0.04521784520403386,22.75102585704148,3.0,-2.9916917696237144,-0.10891127971677862,0.19472721616708427,-1.5296196937561035,-0.022866353392601013,-0.07629404962062836,1.3659237926175154,0.043062858886763686,0.27102126578771263,0.00947382895508801,-0.3005032343758534,-0.0017485151675851185,0.2939893942716526,-0.006330413833020416,-3.1114301681518555,-3.1102644913734654,0.001165676778390079,0
1780805308.2385452,FLY,spline,0,4,-0.6233234254900404,-0.027519958970214954,-0.4578785811273433,-0.59375,-0.007441406138241291,-0.6757910251617432,-0.029573425490040384,-0.020078552831973663,0.21791244403439985,0.03574543018402951,22.740153884439444,3.0,-2.9916566598540535,-0.10904924399333353,0.19518886222161258,-1.5976982116699219,-0.023876305669546127,-0.06960010528564453,1.2863909261818651,0.044088250690638264,0.2647889675072571,0.009699415151940418,-0.28300600376001034,-0.0011401901630074818,0.2963722009825507,-0.006383371626521867,-3.1110246181488037,-3.1102644913734654,0.0007601267753383212,0
1780805308.2492402,FLY,spline,0,4,-0.6233234254900404,-0.027519958970214954,-0.4578785811273433,-0.6374609470367432,-0.008095703087747097,-0.6775195002555847,0.01413752154670278,-0.019424255882467857,0.2196409191282414,0.024024388276729806,22.696408288905086,3.0,-2.991529630028442,-0.10961620412880643,0.19681148455892056,-1.7059468030929565,-0.025459658354520798,-0.06147243455052376,1.1458867636128067,0.04705954844921478,0.2582839191094443,0.010353100658827252,-0.2520950879948175,-0.0008322725680978138,0.2978981023571474,-0.006435028410343756,-3.1108193397521973,-3.1102644913734654,0.0005548483787318759,0
1780805308.2599297,FLY,spline,0,4,-0.6233234254900404,-0.027519958970214954,-0.4578785811273433,-0.6495702862739563,-0.008281249552965164,-0.677929699420929,0.026246860783915915,-0.01923870941724979,0.22005111829358565,0.03254267415335806,22.6842929535667,3.0,-2.9914979862784405,-0.1097699690810851,0.1972063690147251,-1.7747166156768799,-0.026455754414200783,-0.057709626853466034,1.078327211819477,0.04814668607561839,0.25491599586819114,0.010592270936636046,-0.23723198660028497,-0.0005493889239938099,0.29914705177225204,-0.006486011609517395,-3.110630750656128,-3.1102644913734654,0.00036625928266253993,0
1780805308.2702312,FLY,spline,0,4,-0.6233234254900404,-0.027519958970214954,-0.4578785811273433,-0.6495702862739563,-0.008281249552965164,-0.677929699420929,0.026246860783915915,-0.01923870941724979,0.22005111829358565,0.03254267415335806,22.6842929535667,3.0,-2.9914979862784405,-0.1097699690810851,0.1972063690147251,-1.7747166156768799,-0.026455754414200783,-0.057709626853466034,1.1204704366980034,0.047190667420127515,0.25491599586819114,0.010381946832428053,-0.24650349607356076,-0.00028975109135220833,0.30010794804837665,-0.006536994808691033,-3.1104576587677,-3.1102644913734654,0.00019316739423480556,0
1780805308.280543,FLY,spline,0,4,-0.6233234254900404,-0.027519958970214954,-0.4578785811273433,-0.6688671708106995,-0.008574218489229679,-0.6785448789596558,0.04554374532065908,-0.018945740480985275,0.22066629783231245,0.04932721176192609,22.664988626802025,3.0,-2.991449380134715,-0.11001722649082461,0.1978049947976411,-1.8053219318389893,-0.026898056268692017,-0.056261900812387466,1.100950378987768,0.04745752215237776,0.2540668956100286,0.010440654873523107,-0.24220908337730895,0.0002681483837454479,0.30254044436668925,-0.006587808187813039,-3.1100857257843018,-3.1102644913734654,-0.00017876558916363194,0
1780805308.2912548,FLY,spline,0,4,-0.6233234254900404,-0.027519958970214954,-0.4578785811273433,-0.6947656273841858,-0.00896484311670065,-0.6792968511581421,0.07144220189414541,-0.018555115853514305,0.22141827003079878,0.07381246870157623,22.639084184322567,3.0,-2.991387735990642,-0.110351245833827,0.1985497809308826,-1.8856737613677979,-0.02806081436574459,-0.05336380377411842,0.9984790675108575,0.049538549384645095,0.251913584705001,0.010898480864621921,-0.21966539485238865,0.000453399619707362,0.30355666566654704,-0.0066381909047540395,-3.109962224960327,-3.1102644913734654,-0.0003022664131382413,0
1780805308.3017843,FLY,spline,0,4,-0.6233234254900404,-0.027519958970214954,-0.4578785811273433,-0.6947656273841858,-0.00896484311670065,-0.6792968511581421,0.07144220189414541,-0.018555115853514305,0.22141827003079878,0.07381246870157623,22.639084184322567,3.0,-2.991387735990642,-0.110351245833827,0.1985497809308826,-1.8856737613677979,-0.02806081436574459,-0.05336380377411842,1.0312700631947087,0.04874052910979561,0.251913584705001,0.010722916404155033,-0.22687941390283592,0.0006289949032156628,0.3043996258768609,-0.00668857362169504,-3.1098451614379883,-3.1102644913734654,-0.0004193299354771085,0
1780805308.3121812,FLY,spline,0,5,-0.7793573313524687,-0.033949109303725,-0.4495039121608788,-0.7371484041213989,-0.009589843451976776,-0.6804052591323853,-0.042208927231069726,-0.024359265851748226,0.23090134697150644,0.04873363695471421,22.59669844807418,3.0,-2.9918651995393826,-0.10926934101902804,0.19184066018035828,-2.014055013656616,-0.029935957863926888,-0.05074438452720642,0.8495429295112659,0.04975245307935455,0.2425850447075647,0.010945539677458002,-0.1868994444924785,0.0025818993985533556,0.30775990277969206,-0.006737090630636553,-3.1095175743103027,-3.111238840576005,-0.001721266265702237,0
1780805308.3228793,FLY,spline,0,5,-0.7793573313524687,-0.033949109303725,-0.4495039121608788,-0.7660155892372131,-0.010019531473517418,-0.681103527545929,-0.013341742115255517,-0.023929577830207584,0.23159961538505014,0.02739756883013427,22.567832253683516,3.0,-2.9918128358814453,-0.10962426653401307,0.19245382625944185,-2.099351644515991,-0.031199892982840538,-0.050006359815597534,0.7521060259270198,0.05205569910250467,0.24246018607503939,0.011452253802551026,-0.16546332570394437,0.0027356793820738634,0.308589462157215,-0.006785582667851561,-3.109415054321289,-3.111238840576005,-0.001823786254715909,0
1780805308.3335924,FLY,spline,0,5,-0.7793573313524687,-0.033949109303725,-0.4495039121608788,-0.7660155892372131,-0.010019531473517418,-0.681103527545929,-0.013341742115255517,-0.023929577830207584,0.23159961538505014,0.02739756883013427,22.567832253683516,3.0,-2.9918128358814453,-0.10962426653401307,0.19245382625944185,-2.099351644515991,-0.031199892982840538,-0.050006359815597534,0.7948357818045328,0.0512648197508744,0.24246018607503939,0.011278260345192368,-0.17486387199699724,0.0028783729016661486,0.30937543389859484,-0.006834074705066568,-3.1093199253082275,-3.111238840576005,-0.0019189152677774324,0
1780805308.344575,FLY,spline,0,5,-0.7793573313524687,-0.033949109303725,-0.4495039121608788,-0.8242968320846558,-0.01088867150247097,-0.6824414134025574,0.04493950073218711,-0.02306043780125403,0.23293750124167856,0.050510815848130504,22.50955694395458,3.0,-2.9917103525627975,-0.11033963400760621,0.19363453084522367,-2.266972541809082,-0.03373591601848602,-0.051022108644247055,0.5564394245085533,0.05643060567763899,0.24465663948947072,0.012414733249080578,-0.12241667339188174,0.0030893733441710314,0.31053622962679117,-0.006883006032964462,-3.1091792583465576,-3.111238840576005,-0.0020595822294473543,0
1780805308.3555207,FLY,spline,0,5,-0.7793573313524687,-0.033949109303725,-0.4495039121608788,-0.8242968320846558,-0.01088867150247097,-0.6824414134025574,0.04493950073218711,-0.02306043780125403,0.23293750124167856,0.050510815848130504,22.50955694395458,3.0,-2.9917103525627975,-0.11033963400760621,0.19363453084522367,-2.266972541809082,-0.03373591601848602,-0.051022108644247055,0.6075628303135603,0.05538783497834251,0.24465663948947072,0.012185323695235352,-0.13366382266898327,0.003179495567071422,0.31119354000327437,-0.0069319373608623565,-3.109119176864624,-3.111238840576005,-0.002119663711380948,0
1780805308.3661625,FLY,spline,0,5,-0.7793573313524687,-0.033949109303725,-0.4495039121608788,-0.8403515219688416,-0.011123046278953552,-0.6828027367591858,0.0609941906163729,-0.02282606302477145,0.23329882459830698,0.06512542085973241,22.493504389246386,3.0,-2.9916822339056024,-0.11054072341241684,0.19395401465565762,-2.311918020248413,-0.03443162143230438,-0.05170788615942001,0.5714064477700976,0.05617459607615155,0.24566190081507763,0.012358411136753341,-0.1257094185094215,0.0033161094128966173,0.3124008051635682,-0.006981069741025372,-3.1090281009674072,-3.111238840576005,-0.002210739608597745,0
1780805308.3766947,FLY,spline,0,6,-0.9354701420723358,-0.04020306382998193,-0.44196694082660276,-0.8816796541213989,-0.011738280765712261,-0.6837255954742432,-0.05379048795093688,-0.028464783064269666,0.2417586546476404,0.060857706733788604,22.45218199057708,3.0,-2.9921575290522924,-0.10944661698630458,0.1871223112456995,-2.4254188537597656,-0.03622719645500183,-0.05401039496064186,0.42365594147529373,0.056752194492964016,0.24113270620634136,0.012485482788452084,-0.09320430712456462,0.004814873326074887,0.3136170530609169,-0.00702929628226664,-3.1089859008789062,-3.112195816429623,-0.003209915550716591,0
1780805308.3874402,FLY,spline,0,6,-0.9354701420723358,-0.04020306382998193,-0.44196694082660276,-0.8988280892372131,-0.011992187239229679,-0.6841064095497131,-0.036642052835122674,-0.02821087659075225,0.24213946872311037,0.04624384925577211,22.43503609420611,3.0,-2.9921329996688746,-0.1096456150776745,0.18739784253502187,-2.471470355987549,-0.03697231411933899,-0.055169399827718735,0.393497413080946,0.05765512801992858,0.2425672423627406,0.012684128164384287,-0.08656943087780812,0.004863510716211605,0.3145942890019625,-0.007077809730739188,-3.1089534759521484,-3.112195816429623,-0.0032423404774744036,0
1780805308.3980842,FLY,spline,0,6,-0.9354701420723358,-0.04020306382998193,-0.44196694082660276,-0.9163281321525574,-0.012255859561264515,-0.684497058391571,-0.019142009919778435,-0.027947204268717413,0.24253011756496828,0.03387421984646012,22.417538467719112,3.0,-2.9921079603267597,-0.10984504953439553,0.18768062990628848,-2.517812490463257,-0.037733085453510284,-0.0564713180065155,0.3580979874312775,0.058575000649197344,0.24415194791280398,0.012886500142823415,-0.07878155723488106,0.004863510716211605,0.3144186821683749,-0.007126640120321749,-3.1089534759521484,-3.112195816429623,-0.0032423404774744036,0
1780805308.4086607,FLY,spline,0,6,-0.9354701420723358,-0.04020306382998193,-0.44196694082660276,-0.9908984303474426,-0.013378906063735485,-0.6862109303474426,0.05542828827510682,-0.026824157766246443,0.24424398952083987,0.06157784163947956,22.34297597048897,3.0,-2.991998335219684,-0.11069513077339536,0.18892472063152116,-2.7092604637145996,-0.04100324958562851,-0.06338759511709213,0.08713045099757022,0.06411531919530171,0.2523123157486133,0.014105370222966375,-0.019168699219465447,0.004823814022791195,0.3151667661168935,-0.007177102583471472,-3.1089799404144287,-3.112195816429623,-0.00321587601519413,0
1780805308.4193776,FLY,spline,0,6,-0.9354701420723358,-0.04020306382998193,-0.44196694082660276,-0.9908984303474426,-0.013378906063735485,-0.6862109303474426,0.05542828827510682,-0.026824157766246443,0.24424398952083987,0.06157784163947956,22.34297597048897,3.0,-2.991998335219684,-0.11069513077339536,0.18892472063152116,-2.7092604637145996,-0.04100324958562851,-0.06338759511709213,0.1464452335860821,0.06302086801979397,0.2523123157486133,0.013864590964354672,-0.032217951388938064,0.00472689687038641,0.3158928119064368,-0.007227565046621195,-3.1090445518493652,-3.112195816429623,-0.0031512645802576067,0
1780805308.4299805,FLY,spline,0,6,-0.9354701420723358,-0.04020306382998193,-0.44196694082660276,-1.0100390911102295,-0.013671875,-0.6866649985313416,0.07456894903789368,-0.026531188829981928,0.2446980577047388,0.07914816574847545,22.323836505273317,3.0,-2.9919695036807856,-0.11090953768777771,0.18925528656825996,-2.756772994995117,-0.04185052961111069,-0.06532689183950424,0.11190963642912284,0.06371412355968561,0.2545821784077642,0.014017107183130836,-0.024620120014407026,0.00472689687038641,0.3156603064580232,-0.007278481482302748,-3.1090445518493652,-3.112195816429623,-0.0031512645802576067,0
1780805308.4404833,FLY,spline,0,7,-1.091660700180378,-0.04628439252716791,-0.4352553787902691,-1.0295312404632568,-0.01396484300494194,-0.6871337890625,-0.06212945971712114,-0.03231954952222597,0.2518784102722309,0.07003301397241872,22.304345337237724,3.0,-2.9924619546412807,-0.10956497901015831,0.18211799855859828,-2.84725284576416,-0.04350798949599266,-0.0692594051361084,0.005462517716281895,0.06289609873209351,0.2513774036947067,0.013837141721060571,-0.0012017538975820168,0.00589495984331867,0.3165931207657442,-0.0073287569630416894,-3.109205484390259,-3.113135457619138,-0.003929973228879113,0
1780805308.451282,FLY,spline,0,7,-1.091660700180378,-0.04628439252716791,-0.4352553787902691,-1.0651953220367432,-0.014511718414723873,-0.6880077719688416,-0.02646537814363481,-0.031772674112444034,0.25275239317857245,0.04135116758377149,22.26868202470724,3.0,-2.9924170821485014,-0.10993717253320279,0.18263029475213446,-2.890145778656006,-0.04431615769863129,-0.07123818248510361,-0.020686234972724732,0.06394930870389735,0.25386847723723804,0.014068847914857418,0.004550971693999441,0.005788386738460272,0.3165176428348675,-0.007379530658489137,-3.109276533126831,-3.113135457619138,-0.0038589244923068478,0
1780805308.4622602,FLY,spline,0,7,-1.091660700180378,-0.04628439252716791,-0.4352553787902691,-1.127382755279541,-0.015478515066206455,-0.6895898580551147,0.03572205509916304,-0.030805877460961452,0.25433447926484565,0.04717061910392329,22.206492677033236,3.0,-2.992336079528443,-0.11057549288853505,0.18356973477348107,-3.07857346534729,-0.04805127531290054,-0.08059121668338776,-0.2848058467938723,0.06819876005134867,0.2641609514568688,0.015003727211296707,0.0626572862946519,0.005559504902522772,0.31591040829041284,-0.007432362848780511,-3.109429121017456,-3.113135457619138,-0.0037063366016818478,0
1780805308.4729598,FLY,spline,0,7,-1.091660700180378,-0.04628439252716791,-0.4352553787902691,-1.127382755279541,-0.015478515066206455,-0.6895898580551147,0.03572205509916304,-0.030805877460961452,0.25433447926484565,0.04717061910392329,22.206492677033236,3.0,-2.992336079528443,-0.11057549288853505,0.18356973477348107,-3.07857346534729,-0.04805127531290054,-0.08059121668338776,-0.2246187319616673,0.06731866224596733,0.2641609514568688,0.014810105694112813,0.049416121031566805,0.005559504902522772,0.3158575761001215,-0.007485195039071885,-3.109429121017456,-3.113135457619138,-0.0037063366016818478,0
1780805308.4833353,FLY,spline,0,7,-1.091660700180378,-0.04628439252716791,-0.4352553787902691,-1.1671093702316284,-0.016103515401482582,-0.6906396150588989,0.07544867005125044,-0.030180877125685325,0.2553842362686298,0.08126122788007926,22.166762668314227,3.0,-2.9922824185774717,-0.11097727673261126,0.18420089989240565,-3.1229684352874756,-0.04897918552160263,-0.08295384049415588,-0.2536140379080484,0.0680805127712583,0.2671547403865615,0.014977712809676826,0.05579508833977064,0.005158961689632147,0.31567456297918284,-0.007538625987149197,-3.10969614982605,-3.113135457619138,-0.0034393077930880978,0
1780805308.4941223,FLY,spline,0,8,-1.2479278482073313,-0.05219566537346513,-0.4293569377176322,-1.2341796159744263,-0.017167968675494194,-0.6924755573272705,-0.013748232232905,-0.035027696697970935,0.2631186196096383,0.03762915658761078,22.09968320358997,3.0,-2.992702338750522,-0.1100744529540289,0.1778098041279725,-3.308533191680908,-0.05307663977146149,-0.09316617995500565,-0.5124669842931788,0.06888608631182276,0.2709759840829782,0.015154938988601008,0.11274273654449934,0.0063629494255961205,0.3152058190623376,-0.007592821183965793,-3.109815835952759,-3.1140578022364895,-0.004241966283730747,0
1780805308.504954,FLY,spline,0,8,-1.2479278482073313,-0.05219566537346513,-0.4293569377176322,-1.274453043937683,-0.017812499776482582,-0.6936132907867432,0.026525195730351836,-0.03438316559698255,0.26425635306911094,0.04342566159545527,22.059402299922798,3.0,-2.9926554868633057,-0.11044357204908269,0.17836859123732304,-3.3500354290008545,-0.05404878407716751,-0.09553849697113037,-0.5193695663023792,0.0694025681380756,0.27390708820845344,0.015268564990376633,0.11426130458652342,0.006170903260129812,0.3147581055984373,-0.007647602601607483,-3.1099438667297363,-3.1140578022364895,-0.004113935506753208,0
1780805308.5156546,FLY,spline,0,8,-1.2479278482073313,-0.05219566537346513,-0.4293569377176322,-1.274453043937683,-0.017812499776482582,-0.6936132907867432,0.026525195730351836,-0.03438316559698255,0.26425635306911094,0.04342566159545527,22.059402299922798,3.0,-2.9926554868633057,-0.11044357204908269,0.17836859123732304,-3.3500354290008545,-0.05404878407716751,-0.09553849697113037,-0.47020987281578036,0.06870502187815386,0.27390708820845344,0.01511510481319385,0.10344617201947168,0.005598698670286062,0.3140911033004172,-0.007702384019249174,-3.110325336456299,-3.1140578022364895,-0.003732465780190708,0
1780805308.5261836,FLY,spline,0,8,-1.2479278482073313,-0.05219566537346513,-0.4293569377176322,-1.3219530582427979,-0.018583983182907104,-0.6949999928474426,0.07402521003546658,-0.033611682190558025,0.2656430551298104,0.0812986894142459,22.011890900391077,3.0,-2.992598243293029,-0.11086981575997966,0.17906322400991606,-3.444849729537964,-0.056347623467445374,-0.10104834288358688,-0.587604681713024,0.07001259042746363,0.2801115668935029,0.015402769894041999,0.1292730299768653,0.005359803254026296,0.31319753402212896,-0.007758406332627875,-3.1104846000671387,-3.1140578022364895,-0.003573202169350864,0
1780805308.5369494,FLY,spline,0,9,-1.4042704286839314,-0.05793945234705576,-0.42425932927444626,-1.3909374475479126,-0.01972656138241291,-0.6970751881599426,-0.013332981136018773,-0.03821289096464285,0.27281585888549637,0.040472131422117065,21.94288637178838,3.0,-2.9930038510253145,-0.10992657069405724,0.1727544407622529,-3.5765764713287354,-0.0597519725561142,-0.10892137140035629,-0.7566863699644726,0.06879220465473822,0.2816758121626092,0.015134285024042408,0.16647100139218396,0.0059885859667767605,0.31188692815520175,-0.007814741495060397,-3.1109704971313477,-3.1149628877758655,-0.00399239064451784,0
1780805308.5474277,FLY,spline,0,9,-1.4042704286839314,-0.05793945234705576,-0.42425932927444626,-1.3909374475479126,-0.01972656138241291,-0.6970751881599426,-0.013332981136018773,-0.03821289096464285,0.27281585888549637,0.040472131422117065,21.94288637178838,3.0,-2.9930038510253145,-0.10992657069405724,0.1727544407622529,-3.5765764713287354,-0.0597519725561142,-0.10892137140035629,-0.7042215515916326,0.06843418009054864,0.2816758121626092,0.0150555196199207,0.15492874135015916,0.005720365065287503,0.3114002597280487,-0.007871076657492919,-3.111149311065674,-3.1149628877758655,-0.0038135767101916684,0
1780805308.5579536,FLY,spline,0,9,-1.4042704286839314,-0.05793945234705576,-0.42425932927444626,-1.4160937070846558,-0.020146483555436134,-0.6978515386581421,0.01182327840072439,-0.03779296879161963,0.27359220938369583,0.039599222242682634,21.91772167606375,3.0,-2.9929783084680537,-0.11012521126803049,0.17307016751271995,-3.622793436050415,-0.061006736010313034,-0.1115470752120018,-0.7415057422663255,0.06870116651698187,0.2846172427247218,0.015114256633736011,0.1631312632985916,0.005436766165446194,0.3106103442595679,-0.007928000106037864,-3.1113383769989014,-3.1149628877758655,-0.0036245107769641294,0
1780805308.5686643,FLY,spline,0,9,-1.4042704286839314,-0.05793945234705576,-0.42425932927444626,-1.4415624141693115,-0.020576171576976776,-0.6986425518989563,0.03729198548538015,-0.037363280770078985,0.27438322262451004,0.05278926909273852,21.89224409201785,3.0,-2.9929523047017663,-0.11032267831609142,0.17339379582196512,-3.668400287628174,-0.062278375029563904,-0.113706573843956,-0.7805112184344947,0.06887045848820608,0.2871003696659211,0.015151500867405339,0.17171246805558882,0.005138146895121487,0.3098001403314595,-0.007985420179971048,-3.111537456512451,-3.1149628877758655,-0.0034254312634143247,0
1780805308.5794036,FLY,spline,0,10,-1.5606872841409145,-0.063518323426122,-0.41995026512646544,-1.515039086341858,-0.021845702081918716,-0.700927734375,-0.0456481977990566,-0.041672621344203284,0.28097746924853456,0.06180910395725813,21.818741213393462,3.0,-2.9933386799696735,-0.10937611150666017,0.1672136753650613,-3.793992757797241,-0.06596987694501877,-0.11803961545228958,-0.9489550617257911,0.06695200340443347,0.28525329081735085,0.014729440748975363,0.20877011357967404,0.005907393287412965,0.30880576794969516,-0.008042470838134518,-3.111912488937378,-3.1158507511289866,-0.0039382621916086435,0
1780805308.59,FLY,spline,0,10,-1.5606872841409145,-0.063518323426122,-0.41995026512646544,-1.5416796207427979,-0.02231445349752903,-0.7017529010772705,-0.01900766339811666,-0.04120386992859297,0.28180263595080507,0.04537675798190646,21.792091248893385,3.0,-2.9933185087595713,-0.10954861354385827,0.167461656470954,-3.8375439643859863,-0.0673174187541008,-0.11912128329277039,-0.9737258348655161,0.06699701053908977,0.2865829397637244,0.01473934231859975,0.21421968367041355,0.0055944689023421645,0.3080302694069956,-0.008099787426087263,-3.112121105194092,-3.1158507511289866,-0.0037296459348947764,0
1780805308.6005437,FLY,spline,0,10,-1.5606872841409145,-0.063518323426122,-0.41995026512646544,-1.56863272190094,-0.022792968899011612,-0.702587902545929,0.007945437760025431,-0.04072535452711039,0.2826376374194635,0.04149318597742608,21.765128543347988,3.0,-2.9932981878667597,-0.10971973774063974,0.16771266399320367,-3.880584716796875,-0.06868565082550049,-0.11999494582414627,-1.003330534874092,0.0669326863070401,0.28770760981734994,0.014725190987548823,0.22073271767230024,0.005283690284483278,0.3072641733151404,-0.008157328948050734,-3.112328290939331,-3.1158507511289866,-0.0035224601896555185,0
1780805308.6113124,FLY,spline,0,10,-1.5606872841409145,-0.063518323426122,-0.41995026512646544,-1.5958592891693115,-0.023281250149011612,-0.7034277319908142,0.03517200502839701,-0.04023707327711039,0.28347746686434877,0.05344241764390095,21.737892407470405,3.0,-2.9932779355382704,-0.1098886880287613,0.16796331999299127,-3.9613232612609863,-0.07135698944330215,-0.12093249708414078,-1.097376414902014,0.0657752354049666,0.2888958170771321,0.014470551789092652,0.2414228112784431,0.003985143493406618,0.3043482512760919,-0.00821510811146616,-3.113193988800049,-3.1158507511289866,-0.002656762328937745,0
1780805308.6217582,FLY,spline,0,11,-1.7171772571090163,-0.068934848588846,-0.41641745693944404,-1.7026952505111694,-0.025234375149011612,-0.7066503763198853,-0.01448200659784682,-0.043700473439834395,0.2902329193804412,0.046037592182538715,21.63102243466835,3.0,-2.993647931981163,-0.10903734355117421,0.1618113625683011,-4.080801010131836,-0.07557886093854904,-0.12155526131391525,-1.2488728693500453,0.06284251912349637,0.28336662388221634,0.0138253542071692,0.27475203125701,0.004932458918480487,0.3039527388328392,-0.008271781436242603,-3.1134331226348877,-3.1167214285805414,-0.003288305945653658,0
1780805308.6323302,FLY,spline,0,11,-1.7171772571090163,-0.068934848588846,-0.41641745693944404,-1.7313281297683716,-0.025771483778953552,-0.7074902057647705,0.014150872659355329,-0.043163364809892454,0.29107274882532647,0.04542381818752308,21.60238156658112,3.0,-2.9936355199635027,-0.10917660475183807,0.16194703636593494,-4.15543270111084,-0.07840083539485931,-0.12045856565237045,-1.3194490856165921,0.06227825599532506,0.2824056020183054,0.013701216318971515,0.2902787988356503,0.004932458918480487,0.30397313946154836,-0.008328262556646265,-3.1134331226348877,-3.1167214285805414,-0.003288305945653658,0
1780805308.6426213,FLY,spline,0,11,-1.7171772571090163,-0.068934848588846,-0.41641745693944404,-1.7313281297683716,-0.025771483778953552,-0.7074902057647705,0.014150872659355329,-0.043163364809892454,0.29107274882532647,0.04542381818752308,21.60238156658112,3.0,-2.9936355199635027,-0.10917660475183807,0.16194703636593494,-4.15543270111084,-0.07840083539485931,-0.12045856565237045,-1.2717988993177165,0.06174731476671701,0.2824056020183054,0.013584409248677742,0.27979575784989763,0.003882821123985858,0.30152357041314765,-0.008384743677049927,-3.114132881164551,-3.1167214285805414,-0.002588547415990572,0
1780805308.6532938,FLY,spline,0,12,-1.873739190118973,-0.07419159781340998,-0.4136486163791362,-1.84207022190094,-0.027900390326976776,-0.7106249928474426,-0.03166896821803311,-0.0462912074864332,0.29697637646830644,0.056087426742067605,21.491614150894886,3.0,-2.99401159357133,-0.10823050906652061,0.15550155776605099,-4.265544414520264,-0.08285699039697647,-0.118010014295578,-1.4141930310229165,0.057434602938002136,0.273511572061629,0.01263561264636047,0.31112246682504163,0.004348793301911735,0.30023458547542403,-0.008439445991462253,-3.114675760269165,-3.117574955803773,-0.0028991955346078235,0
1780805308.6639388,FLY,spline,0,12,-1.873739190118973,-0.07419159781340998,-0.4136486163791362,-1.84207022190094,-0.027900390326976776,-0.7106249928474426,-0.03166896821803311,-0.0462912074864332,0.29697637646830644,0.056087426742067605,21.491614150894886,3.0,-2.99401159357133,-0.10823050906652061,0.15550155776605099,-4.265544414520264,-0.08285699039697647,-0.118010014295578,-1.3710519207147864,0.05807999445817367,0.273511572061629,0.012777598780798207,0.301631422557253,0.004348793301911735,0.3001798831610117,-0.008494148305874579,-3.114675760269165,-3.117574955803773,-0.0028991955346078235,0
1780805308.6746266,FLY,spline,0,12,-1.873739190118973,-0.07419159781340998,-0.4136486163791362,-1.8719531297683716,-0.028486328199505806,-0.7114355564117432,-0.0017860603506014705,-0.04570526961390417,0.297786940032607,0.04574015393563584,21.46172622462322,3.0,-2.9940081200396467,-0.10833561240657816,0.15549524822692556,-4.333910942077637,-0.08582638204097748,-0.1156601533293724,-1.4503716198090497,0.0557940535836578,0.27115540155629797,0.012274691788404716,0.31908175635799096,0.003210463795991325,0.29757211372807046,-0.008548379386185839,-3.1154346466064453,-3.117574955803773,-0.00214030919732755,0
1780805308.685152,FLY,spline,0,13,-2.0303719257015205,-0.07929114107799608,-0.4116314551112962,-1.9860546588897705,-0.030771484598517418,-0.7143847346305847,-0.04431726681174997,-0.04851965647947866,0.30275327951928854,0.06571283894757897,21.34761304901779,3.0,-2.9943930152617515,-0.10729276027873026,0.14865642853038202,-4.434473037719727,-0.09051031619310379,-0.11133597046136856,-1.57741328027706,0.050482097432652126,0.2599923989917506,0.011106061435183468,0.3470309216609532,0.0036375309865828154,0.29642549293589,-0.008600377865984188,-3.1159863471984863,-3.118411367856208,-0.002425020657721877,0
1780805308.6955082,FLY,spline,0,13,-2.0303719257015205,-0.07929114107799608,-0.4116314551112962,-1.9860546588897705,-0.030771484598517418,-0.7143847346305847,-0.04431726681174997,-0.04851965647947866,0.30275327951928854,0.06571283894757897,21.34761304901779,3.0,-2.9943930152617515,-0.10729276027873026,0.14865642853038202,-4.434473037719727,-0.09051031619310379,-0.11133597046136856,-1.5359568610316434,0.0510092875124868,0.2599923989917506,0.011222043252747097,0.33791050942696155,0.0032248284261580107,0.2953869562328396,-0.008652376345782538,-3.1162614822387695,-3.118411367856208,-0.002149885617438674,0
1780805308.7060606,FLY,spline,0,13,-2.0303719257015205,-0.07929114107799608,-0.4116314551112962,-2.0170702934265137,-0.03141601383686066,-0.7151464819908142,-0.013301632275006803,-0.04787512724113542,0.30351502687951804,0.04968864286267446,21.31659613945229,3.0,-2.9943991494608952,-0.1073525297022008,0.14848962278356764,-4.498347282409668,-0.09370321780443192,-0.10775056481361389,-1.609235959509849,0.048431819623615174,0.25624018759718153,0.010655000317195339,0.3540319110921668,0.0024537827413435576,0.2937746924600269,-0.008703624383301974,-3.1167755126953125,-3.118411367856208,-0.001635855160895705,0
1780805308.7164218,FLY,spline,0,13,-2.0303719257015205,-0.07929114107799608,-0.4116314551112962,-2.07421875,-0.03261718526482582,-0.7164990305900574,0.043846824298479525,-0.046673955813170256,0.3048675754787612,0.06403906739101924,21.259448032911024,3.0,-2.9944128129925645,-0.10745192899777704,0.14814178458697774,-4.527937412261963,-0.09524689614772797,-0.10584644228219986,-1.6247878218415361,0.047592610702526454,0.2539882268691776,0.01047037435455582,0.357453320805138,0.0020260598104353544,0.2928689702005974,-0.00875442202867581,-3.117060661315918,-3.118411367856208,-0.0013507065402902363,0
1780805308.727249,FLY,spline,0,14,-2.1870743063873945,-0.08423604836078649,-0.4103536848016781,-2.1698827743530273,-0.03466796875,-0.7186034917831421,-0.017191532034367185,-0.04956807961078649,0.308249806981464,0.05246468612304796,21.163793103566796,3.0,-2.994812348486064,-0.10619189069274247,0.1407916180263858,-4.647470474243164,-0.10194957256317139,-0.09590572863817215,-1.788060870173548,0.03968653543566027,0.23669734666455794,0.008731037795845258,0.39337339143818056,0.0028248304634304056,0.29315829276169947,-0.008801761498008721,-3.117347478866577,-3.1192306991755308,-0.0018832203089536037,0
1780805308.737593,FLY,spline,0,14,-2.1870743063873945,-0.08423604836078649,-0.4103536848016781,-2.1698827743530273,-0.03466796875,-0.7186034917831421,-0.017191532034367185,-0.04956807961078649,0.308249806981464,0.05246468612304796,21.163793103566796,3.0,-2.994812348486064,-0.10619189069274247,0.1407916180263858,-4.647470474243164,-0.10194957256317139,-0.09590572863817215,-1.7472751577561119,0.04057251628874881,0.23669734666455794,0.00892595358352474,0.3844005347063446,0.002395677021047593,0.2920637249799166,-0.008849100967341633,-3.117633581161499,-3.1192306991755308,-0.0015971180140317287,0
1780805308.7478855,FLY,spline,0,14,-2.1870743063873945,-0.08423604836078649,-0.4103536848016781,-2.227226495742798,-0.03592773526906967,-0.7197704911231995,0.04015218935540332,-0.04830831309171682,0.30941680632152135,0.06281633086864834,21.106459790754666,3.0,-2.9948433453493624,-0.10621145698654984,0.14011589210876205,-4.673386573791504,-0.10351498425006866,-0.09360136091709137,-1.7602005510965877,0.0391928434307441,0.23371725302585342,0.008622425554763702,0.3872441212412493,0.0016478771476955423,0.2904150694185983,-0.008895844417946804,-3.1181321144104004,-3.1192306991755308,-0.0010985847651303615,0
1780805308.75838,FLY,spline,0,15,-2.3438451747073312,-0.08902888963996339,-0.40980301711603623,-2.292734384536743,-0.03740234300494194,-0.7210253477096558,-0.05111079017058806,-0.05162654663502145,0.31122233059361953,0.07264718294139096,21.04096777875242,3.0,-2.995220437739059,-0.104861816788291,0.13288539697836896,-4.730561256408691,-0.10711494833230972,-0.08920580893754959,-1.8266019879929398,0.033228097813414265,0.22209120591591855,0.007310181518951138,0.4018524373584468,0.0019947850023607216,0.289183704178053,-0.008940262659129988,-3.1187031269073486,-3.120032983575589,-0.001329856668240481,0
1780805308.769123,FLY,spline,0,15,-2.3438451747073312,-0.08902888963996339,-0.40980301711603623,-2.3860936164855957,-0.03955078125,-0.7226904034614563,0.04224844177826448,-0.04947810838996339,0.31288738634542007,0.06506161727578226,20.947637730993918,3.0,-2.9952931903307207,-0.1047572712178865,0.13131876516856755,-4.806700706481934,-0.11229259520769119,-0.08346636593341827,-1.920993869722099,0.027269581476254814,0.21478513110198583,0.005999307924776059,0.4226186513388618,0.0007720553194383584,0.28675518603108474,-0.008983219685350385,-3.119518280029297,-3.120032983575589,-0.0005147035462922389,0
1780805308.7797747,FLY,spline,0,15,-2.3438451747073312,-0.08902888963996339,-0.40980301711603623,-2.3860936164855957,-0.03955078125,-0.7226904034614563,0.04224844177826448,-0.04947810838996339,0.31288738634542007,0.06506161727578226,20.947637730993918,3.0,-2.9952931903307207,-0.1047572712178865,0.13131876516856755,-4.806700706481934,-0.11229259520769119,-0.08346636593341827,-1.8880438590304724,0.028268365026999275,0.21478513110198583,0.006219040305939841,0.4153696489867039,0.0003311001573900185,0.2856648404178417,-0.009026176711570782,-3.119812250137329,-3.120032983575589,-0.00022073343826001235,0
1780805308.7902474,FLY,spline,0,15,-2.3438451747073312,-0.08902888963996339,-0.40980301711603623,-2.4196484088897705,-0.04034179449081421,-0.7232568264007568,0.07580323418243928,-0.04868709514914918,0.3134538092847206,0.09009197270889364,20.914095043592514,3.0,-2.995320770764007,-0.10470474097694765,0.13073024686990528,-4.832531452178955,-0.11416061222553253,-0.08137562870979309,-1.906323480398922,0.026623947188904436,0.21210587557969837,0.005857268381558976,0.41939116568776286,-0.00011414653908214945,0.2847858779441203,-0.009068597886686722,-3.1201090812683105,-3.120032983575589,7.609769272143296e-05,0
1780805308.8006139,FLY,spline,0,16,-2.500683373192066,-0.09367223489370897,-0.40996716372012476,-2.4533984661102295,-0.04115234315395355,-0.723803699016571,-0.047284907081836636,-0.05251989173975542,0.3138365352964463,0.07066966439777081,20.880358268361395,3.0,-2.995660972581248,-0.1033228535242155,0.12385364465038627,-4.857547283172607,-0.11603336036205292,-0.0789785385131836,-1.925113984520676,0.02271072082874591,0.20283218316356988,0.0049963585823241,0.4235250765945487,0.0006181551370050276,0.28444042879754194,-0.009109164323319435,-3.120406150817871,-3.120818254242541,-0.00041210342467001837,0
1780805308.8115907,FLY,spline,0,16,-2.500683373192066,-0.09367223489370897,-0.40996716372012476,-2.5481250286102295,-0.04346679523587227,-0.7252392172813416,0.047441655418163364,-0.050205439657836706,0.3152720535612168,0.06907457448332513,20.785674362418497,3.0,-2.9957551640834406,-0.1030511994257113,0.12178442907170317,-4.923220634460449,-0.1212894394993782,-0.07160872966051102,-2.011200297540555,0.016254010503429936,0.1933931587322142,0.003575882310754586,0.4424640654589221,-0.00016111598878842948,0.2833280349765914,-0.009147842955065879,-3.1209256649017334,-3.120818254242541,0.00010741065919228632,0
1780805308.8222785,FLY,spline,0,17,-2.657587744372336,-0.09816865410020541,-0.410833836279698,-2.582460880279541,-0.04432617127895355,-0.7257177829742432,-0.07512686409279512,-0.053842482821251855,0.31488394669454517,0.09242866798117405,20.751356154153143,3.0,-2.9960723008574126,-0.10166533625216125,0.11495619791774192,-4.945534706115723,-0.12319699674844742,-0.06887499988079071,-2.021373048279731,0.012184526259937729,0.18383119779853263,0.0026805957771863,0.4447020706215408,0.00015160800849600697,0.282081223230176,-0.009184609194625585,-3.121485471725464,-3.121586543731128,-0.00010107200566400465,0
1780805308.833032,FLY,spline,0,17,-2.657587744372336,-0.09816865410020541,-0.410833836279698,-2.616953134536743,-0.045195311307907104,-0.7261767387390137,-0.04063460983559297,-0.0529733427922983,0.3153429024593157,0.06676336243091124,20.716882855552935,3.0,-2.9961115872365918,-0.1015245425252898,0.11405316344434889,-4.967261791229248,-0.12512043118476868,-0.0663159042596817,-2.034574405719506,0.010662048653362413,0.1803690677040306,0.002345650703739731,0.44760636925829134,-0.0002635979470093641,0.2813507001103984,-0.009220683008166392,-3.121762275695801,-3.121586543731128,0.0001757319646729094,0
1780805308.8436146,FLY,spline,0,17,-2.657587744372336,-0.09816865410020541,-0.410833836279698,-2.651601552963257,-0.046074219048023224,-0.7266210913658142,-0.0059861914090793,-0.052094435052182184,0.3157872550861162,0.05243724488369086,20.682254429369273,3.0,-2.996151428877594,-0.10137847461372582,0.11313275440714313,-5.007060527801514,-0.12883900105953217,-0.06148112192749977,-2.07929895092762,0.0061391267295026405,0.1746138763346429,0.001350607880490581,0.45744576920407637,-0.0010224842842896376,0.2800179689801977,-0.00925560578343332,-3.1222681999206543,-3.121586543731128,0.000681656189526425,0
1780805308.854342,FLY,spline,0,18,-2.8145571307788764,-0.10252071723763487,-0.41239074646051,-2.7505078315734863,-0.04864257574081421,-0.727783203125,-0.06404929920539004,-0.05387814149682066,0.31539245666449,0.08369687485117354,20.58341084797084,3.0,-2.996522940203384,-0.09966533000697994,0.10448488325813592,-5.044455051422119,-0.13259553909301758,-0.05678727105259895,-2.1182231499773594,-0.00105991626146993,0.16127215431073488,-0.0002331815775233846,0.4660090929950191,-0.0007258858503778054,0.2791824978716135,-0.009287860214295467,-3.122821807861328,-3.1223378839610763,0.00048392390025187026,0
1780805308.8664892,FLY,spline,0,18,-2.8145571307788764,-0.10252071723763487,-0.41239074646051,-2.7856640815734863,-0.049580078572034836,-0.72816401720047,-0.028893049205390042,-0.05294063866560003,0.31577327073996,0.0603118521909808,20.548278530159713,3.0,-2.9965675128137192,-0.09945988374390662,0.1033966763249676,-5.063082695007324,-0.13457319140434265,-0.05456392094492912,-2.1270062698297445,-0.0020217788605240497,0.15796059726989672,-0.00044479134931529093,0.4679413793625438,-0.0007258858503778054,0.27941583031542655,-0.009319452333749447,-3.122821807861328,-3.1223378839610763,0.00048392390025187026,0
1780805308.8768861,FLY,spline,0,19,-2.971590374942423,-0.10673099428417954,-0.41462560592831504,-2.9014062881469727,-0.052734375,-0.7292870879173279,-0.07018408679545018,-0.05399661928417954,0.31466148198901284,0.08855191095302187,20.4326223310082,3.0,-2.996943101604421,-0.09751319818023581,0.09393200693232753,-5.119372844696045,-0.14108456671237946,-0.047404974699020386,-2.198637045919225,-0.01415844764557004,0.14133698163134792,-0.0031148584820254086,0.4837001501022295,-0.000986099395384521,0.2777689016326887,-0.009347719730075716,-3.123729705810547,-3.123072306213624,0.000657399596923014,0
1780805308.8876777,FLY,spline,0,19,-2.971590374942423,-0.10673099428417954,-0.41462560592831504,-2.9014062881469727,-0.052734375,-0.7292870879173279,-0.07018408679545018,-0.05399661928417954,0.31466148198901284,0.08855191095302187,20.4326223310082,3.0,-2.996943101604421,-0.09751319818023581,0.09393200693232753,-5.119372844696045,-0.14108456671237946,-0.047404974699020386,-2.175899897019572,-0.012828186099721695,0.14133698163134792,-0.0028222009419387726,0.4786979773443059,-0.0018279553981921381,0.27600735621024886,-0.009375987126401985,-3.124290943145752,-3.123072306213624,0.001218636932128092,0
1780805308.8985639,FLY,spline,0,19,-2.971590374942423,-0.10673099428417954,-0.41462560592831504,-2.973515510559082,-0.054755859076976776,-0.7299169898033142,0.0019251356166591904,-0.05197513520720276,0.31529138387499916,0.05201077606563411,20.360570493517667,3.0,-2.9970395226020994,-0.09697140495836146,0.09138187227990353,-5.150967121124268,-0.14517751336097717,-0.044415175914764404,-2.2105020521440184,-0.018189789682687182,0.13579704819466792,-0.00400175373019118,0.48631045147168406,-0.0022445918651721186,0.27558856451679414,-0.00940314653604092,-3.1245687007904053,-3.123072306213624,0.0014963945767814124,0
1780805308.9088917,FLY,spline,0,19,-2.971590374942423,-0.10673099428417954,-0.41462560592831504,-3.045351505279541,-0.056816406548023224,-0.7305029034614563,0.07376113033711817,-0.04991458773615631,0.31587729753314125,0.08906273304519563,20.288793882764462,3.0,-2.997135512101112,-0.09639435010577599,0.08880794654808952,-5.17959451675415,-0.14925506711006165,-0.04171628877520561,-2.2394462496081333,-0.023483287269135136,0.13052423532329513,-0.00516632319920973,0.49267817491378935,-0.0026608707042834467,0.275168579184972,-0.009429251383105578,-3.1248462200164795,-3.123072306213624,0.0017739138028556312,0
1780805308.9199378,FLY,spline,0,20,-3.128686319393712,-0.11080205521802157,-0.41752612634886743,-3.1175389289855957,-0.05893554538488388,-0.7310497760772705,-0.011147390408116298,-0.05186650983313769,0.3135236497284031,0.05305091097410045,20.216668375342135,3.0,-2.9974316126324783,-0.09455502187020665,0.08039325488239706,-5.205370903015137,-0.15333245694637299,-0.03869618475437164,-2.263428360070862,-0.031345560840834556,0.1190894396367687,-0.0068960233849836025,0.4979542392155896,-0.0024013903844706252,0.2744888135222835,-0.009453069271032932,-3.1253907680511475,-3.123789841128167,0.0016009269229804168,0
1780805308.9305193,FLY,spline,0,20,-3.128686319393712,-0.11080205521802157,-0.41752612634886743,-3.1537890434265137,-0.06000976264476776,-0.7313085794448853,0.02510272403280167,-0.05079229257325381,0.3137824530960178,0.056656894891213484,20.180450350064017,3.0,-2.9974801859744447,-0.09421575987003185,0.07896787500446611,-5.229442596435547,-0.15759523212909698,-0.035734839737415314,-2.2855220317371305,-0.03619185940834528,0.11470271474188143,-0.007962209069835961,0.5028148469821687,-0.0028022912252299026,0.2740576297100532,-0.009476009813981308,-3.1256580352783203,-3.123789841128167,0.0018681941501532684,0
1780805308.9408932,FLY,spline,0,20,-3.128686319393712,-0.11080205521802157,-0.41752612634886743,-3.1537890434265137,-0.06000976264476776,-0.7313085794448853,0.02510272403280167,-0.05079229257325381,0.3137824530960178,0.056656894891213484,20.180450350064017,3.0,-2.9974801859744447,-0.09421575987003185,0.07896787500446611,-5.229442596435547,-0.15759523212909698,-0.035734839737415314,-2.2696525712722377,-0.034968216739484075,0.11470271474188143,-0.007693007682686497,0.4993235656798923,-0.003655948947703047,0.2724435227900808,-0.009498950356929685,-3.1262271404266357,-3.123789841128167,0.002437299298468698,0
1780805308.9517896,FLY,spline,0,21,-3.2858438066634794,-0.11473647001734322,-0.4210800193879213,-3.305742025375366,-0.0646679699420929,-0.7322900295257568,0.019898218711886795,-0.05006850007525032,0.31121001013783556,0.05387758168005895,20.02863719246708,3.0,-2.9978528581102175,-0.09146148609270921,0.06717914618474435,-5.265374660491943,-0.16524235904216766,-0.03197546303272247,-2.3156900286461957,-0.04956022982791569,0.09915460921746683,-0.010903250562141453,0.509451806302163,-0.0029890249223489818,0.27296525057418874,-0.009518781278773179,-3.126483201980591,-3.124490518699025,0.001992683281565988,0
1780805308.962432,FLY,spline,0,21,-3.2858438066634794,-0.11473647001734322,-0.4210800193879213,-3.305742025375366,-0.0646679699420929,-0.7322900295257568,0.019898218711886795,-0.05006850007525032,0.31121001013783556,0.05387758168005895,20.02863719246708,3.0,-2.9978528581102175,-0.09146148609270921,0.06717914618474435,-5.265374660491943,-0.16524235904216766,-0.03197546303272247,-2.3014845107806976,-0.047127076475694106,0.09915460921746683,-0.010367956824652703,0.5063265923717535,-0.003367752835251814,0.27226446081953065,-0.009538612200616673,-3.1267356872558594,-3.124490518699025,0.0022451685568345425,0
1780805308.9736998,FLY,spline,0,21,-3.2858438066634794,-0.11473647001734322,-0.4210800193879213,-3.352656126022339,-0.06614257395267487,-0.7325732111930847,0.06681231935885945,-0.04859389606466835,0.31149319180516344,0.08261508792499113,19.981767462137597,3.0,-2.9979134069146203,-0.09092891402461241,0.06517006395484028,-5.27055549621582,-0.16655616462230682,-0.03142809495329857,-2.2997578514410146,-0.04912980476500011,0.09659815890813885,-0.010808557048300025,0.5059467273170232,-0.004204602047898298,0.27098388360800174,-0.0095579318323983,-3.127293586730957,-3.124490518699025,0.0028030680319321988,0
1780805308.9841385,FLY,spline,0,22,-3.4430616792824607,-0.11853680866032658,-0.4252749967112308,-3.426015615463257,-0.06849609315395355,-0.7329980134963989,-0.017046063819203816,-0.050040715506373026,0.3077230167851681,0.052864368908728414,19.908478254951465,3.0,-2.9981497132831856,-0.08890028984044707,0.056524642468900314,-5.285317897796631,-0.1706618219614029,-0.030334463343024254,-2.315230387797452,-0.057905842399717196,0.08685910581192458,-0.012739285327937782,0.5093506853154395,-0.003889076635100297,0.27055753676060534,-0.009575303653560685,-3.1277670860290527,-3.125174368272319,0.0025927177567335313,0
1780805308.9945467,FLY,spline,0,22,-3.4430616792824607,-0.11853680866032658,-0.4252749967112308,-3.462773323059082,-0.06969726085662842,-0.7332080006599426,0.01971164377662138,-0.04883954780369816,0.3079330039487118,0.05266735544952048,19.871755869519056,3.0,-2.9981948834055525,-0.08842646563588491,0.054847071899158675,-5.291741371154785,-0.17271384596824646,-0.03003399819135666,-2.3173454414801022,-0.05947396936085036,0.08488107009051533,-0.013084273259387078,0.5098159971256225,-0.003889076635100297,0.2706988034043,-0.009592279867578789,-3.1277670860290527,-3.125174368272319,0.0025927177567335313,0
1780805309.004984,FLY,spline,0,22,-3.4430616792824607,-0.11853680866032658,-0.4252749967112308,-3.49957013130188,-0.07090820372104645,-0.73341304063797,0.05650845201941923,-0.04762860493928013,0.30813804392673916,0.07390324186456927,19.834994788220794,3.0,-2.9982393623984818,-0.08794529689745291,0.05316343214998385,-5.302610397338867,-0.17683684825897217,-0.02904234267771244,-2.327863983896315,-0.06613518093338566,0.08220577482769628,-0.014549739805344845,0.5121300764571893,-0.0049236940591115275,0.2692701078206943,-0.009608721022544328,-3.1284568309783936,-3.125174368272319,0.0032824627060743516,0
1780805309.0157332,FLY,spline,0,23,-3.600338779781392,-0.12220564112515388,-0.4300987699845502,-3.5750389099121094,-0.07343749701976776,-0.7338232398033142,-0.025299869869282787,-0.048768144105386116,0.303724469818764,0.05494010643315454,19.759599789455567,3.0,-2.9984444651170414,-0.08579843202617793,0.04437813280016627,-5.307077407836914,-0.178911954164505,-0.028542207553982735,-2.3279984636618476,-0.07105308055048767,0.072920340354149,-0.01563167772110729,0.5121596620056065,-0.004251063408697631,0.26951225234400783,-0.009623305090615158,-3.1286754608154297,-3.1258414185429646,0.002834042272465087,0
1780805309.0270796,FLY,spline,0,23,-3.600338779781392,-0.12220564112515388,-0.4300987699845502,-3.6488280296325684,-0.07596679776906967,-0.7342089414596558,0.0484892498511762,-0.046238843356084205,0.30411017147510555,0.06700177599167266,19.685883653944416,3.0,-2.99852616581948,-0.08471363673001461,0.04079745884128871,-5.313838958740234,-0.18294483423233032,-0.02777075208723545,-2.333267955159358,-0.07727302657255777,0.06856821092852416,-0.01700006584596271,0.5133189501350588,-0.00457292849048474,0.2693832643044934,-0.009637018732800862,-3.128890037536621,-3.1258414185429646,0.0030486189936564934,0
1780805309.0380683,FLY,spline,0,24,-3.75767395069101,-0.12574553739000727,-0.43553905087363376,-3.750077962875366,-0.0795312449336052,-0.7347216606140137,-0.0075959878156437455,-0.04621429245640207,0.2991826097403799,0.04683438756022406,19.584734745427657,3.0,-2.9987212175377476,-0.08204719902408895,0.030648272728305757,-5.318835735321045,-0.1884160041809082,-0.02689610980451107,-2.3359974036109885,-0.08897445846933456,0.057544382532816823,-0.019574380863253603,0.5139194287944174,-0.004443657514507038,0.26910090407725745,-0.009648527609307426,-3.1294541358947754,-3.1264916975517707,0.002962438343004692,0
1780805309.0488465,FLY,spline,0,24,-3.75767395069101,-0.12574553739000727,-0.43553905087363376,-3.750077962875366,-0.0795312449336052,-0.7347216606140137,-0.0075959878156437455,-0.04621429245640207,0.2991826097403799,0.04683438756022406,19.584734745427657,3.0,-2.9987212175377476,-0.08204719902408895,0.030648272728305757,-5.318835735321045,-0.1884160041809082,-0.02689610980451107,-2.33155148312171,-0.08620595957012162,0.057544382532816823,-0.018965311105426756,0.5129413262867761,-0.004742276784831745,0.2687120465504553,-0.00966003648581399,-3.129653215408325,-3.1264916975517707,0.0031615178565544966,0
1780805309.059463,FLY,spline,0,24,-3.75767395069101,-0.12574553739000727,-0.43553905087363376,-3.823984384536743,-0.08218749612569809,-0.7350976467132568,0.06631043384573321,-0.04355804126430918,0.2995585958396231,0.07933710730542563,19.51090215825516,3.0,-2.9987906445090773,-0.08082386414464683,0.026873283937000874,-5.319618225097656,-0.19238051772117615,-0.027143793180584908,-2.329673681824335,-0.09268261577056532,0.054017077117585785,-0.02039017546952437,0.5125282100013536,-0.00503445875352071,0.26862922018044605,-0.009670839901237507,-3.129848003387451,-3.1264916975517707,0.003356305835680473,0
1780805309.0701869,FLY,spline,0,25,-3.91506603454205,-0.12915906743306899,-0.44158355104423563,-3.938124895095825,-0.0863964855670929,-0.7356982231140137,0.02305886055377515,-0.04276258186597609,0.29411467206977804,0.048583427811165765,19.39687459963273,3.0,-2.9989498360262816,-0.0777609551798597,0.01590958350976278,-5.315968990325928,-0.1984298974275589,-0.028508534654974937,-2.3214228142716276,-0.10526294102306853,0.044418118164737716,-0.023157847025075076,0.5107130191397581,-0.004373119375076895,0.2690570486019997,-0.009679723524870454,-3.1300406455993652,-3.1271252326826473,0.00291541291671793,0
1780805309.0810468,FLY,spline,0,25,-3.91506603454205,-0.12915906743306899,-0.44158355104423563,-3.938124895095825,-0.0863964855670929,-0.7356982231140137,0.02305886055377515,-0.04276258186597609,0.29411467206977804,0.048583427811165765,19.39687459963273,3.0,-2.9989498360262816,-0.0777609551798597,0.01590958350976278,-5.315968990325928,-0.1984298974275589,-0.028508534654974937,-2.3204336865983017,-0.10275607711426443,0.044418118164737716,-0.022606336965138175,0.5104954110516264,-0.004957125684586172,0.2684313130971914,-0.0096886071485034,-3.130429983139038,-3.1271252326826473,0.0033047504563907815,0
1780805309.0920694,FLY,spline,0,25,-3.91506603454205,-0.12915906743306899,-0.44158355104423563,-3.9750781059265137,-0.08779297024011612,-0.7359033226966858,0.06001207138446363,-0.041366097192952866,0.29431977165245016,0.07288760325892725,19.359957260687164,3.0,-2.998977289058558,-0.07707580434390308,0.013947763108276863,-5.313507080078125,-0.20036357641220093,-0.02917078509926796,-2.3158153307005485,-0.10501869063018555,0.04311854820754482,-0.02310411193864082,0.5094793727541207,-0.005226419469681387,0.2682672768846225,-0.00969723085814491,-3.1306095123291016,-3.1271252326826473,0.003484279646454258,0
1780805309.1030805,FLY,spline,0,26,-4.0725138738652475,-0.13244880123252112,-0.4482199821621101,-4.114726543426514,-0.09318359196186066,-0.7367333769798279,0.042212669561266125,-0.03926520927066046,0.28851339481771776,0.05765124569822758,19.22044145506594,3.0,-2.9991032894161536,-0.0733288007699884,0.0015317933419204358,-5.298608303070068,-0.20756271481513977,-0.033312149345874786,-2.291905886131063,-0.12144842327838025,0.03484394268779522,-0.026718653121243656,0.5042192949488339,-0.004825117331357598,0.2684740590025066,-0.00970419964668247,-3.1309587955474854,-3.1277420506599136,0.003216744887571732,0
1780805309.1137042,FLY,spline,0,26,-4.0725138738652475,-0.13244880123252112,-0.4482199821621101,-4.114726543426514,-0.09318359196186066,-0.7367333769798279,0.042212669561266125,-0.03926520927066046,0.28851339481771776,0.05765124569822758,19.22044145506594,3.0,-2.9991032894161536,-0.0733288007699884,0.0015317933419204358,-5.298608303070068,-0.20756271481513977,-0.033312149345874786,-2.2945201827125117,-0.11900471541802947,0.03484394268779522,-0.026181037391966484,0.5047944401967526,-0.005517127257199883,0.2679956411424676,-0.00971116843522003,-3.131420135498047,-3.1277420506599136,0.0036780848381332554,0
1780805309.1247458,FLY,spline,0,27,-4.23001631119134,-0.13561730876654593,-0.4554360558930112,-4.188202857971191,-0.09610351175069809,-0.7372216582298279,-0.041813453220148844,-0.03951379701584784,0.28178560233681665,0.05753003584913886,19.14703188930358,3.0,-2.9991553798289936,-0.07081952646331142,-0.007183475086450371,-5.287237644195557,-0.21125487983226776,-0.035871028900146484,-2.2781952230925353,-0.1270180060795101,0.028687553813696115,-0.027943961337492225,0.5012029490803578,-0.004851540810341781,0.26835698774847005,-0.00971690594598277,-3.1315765380859375,-3.1283421775457096,0.003234360540227854,0
1780805309.1355207,FLY,spline,0,27,-4.23001631119134,-0.13561730876654593,-0.4554360558930112,-4.29031229019165,-0.10025390237569809,-0.7379687428474426,0.06029597900031014,-0.03536340639084784,0.2825326869544314,0.06990118450477144,19.045011226881016,3.0,-2.9991878734570974,-0.06859297371686866,-0.01292685826372446,-5.267327308654785,-0.2162667214870453,-0.040051452815532684,-2.249701673482004,-0.13699374380866441,0.027124594551808226,-0.030138623637906172,0.49493436816604086,-0.0054698793952416835,0.2682457702178319,-0.00972233086489313,-3.131988763809204,-3.1283421775457096,0.0036465862634944557,0
1780805309.1464272,FLY,spline,0,28,-4.387572189051062,-0.13866716001332552,-0.4632194839026932,-4.326835632324219,-0.10176757723093033,-0.7382568120956421,-0.06073655672684364,-0.03689958278239519,0.2750373281929489,0.07106692995020912,19.00851837318558,3.0,-2.999192529391083,-0.06681595913669143,-0.01948843886424064,-5.25908088684082,-0.21802251040935516,-0.04167606681585312,-2.2424607541875505,-0.1397532278422626,0.022187627951612478,-0.03074571012529777,0.4933413659212611,-0.004804257538580492,0.2685954019636902,-0.009726768390483453,-3.1321284770965576,-3.128925638737504,0.0032028383590536613,0
1780805309.1574962,FLY,spline,0,28,-4.387572189051062,-0.13866716001332552,-0.4632194839026932,-4.36328125,-0.10329101234674454,-0.7385595440864563,-0.024290939051062388,-0.03537614766658098,0.2753400601837631,0.042912953099386794,18.97210228912486,3.0,-2.9991968586588045,-0.06597051872846298,-0.02158920262209637,-5.250245094299316,-0.21975257992744446,-0.04331013560295105,-2.2339645015631673,-0.14132471987644024,0.02172093298085468,-0.031091438372816853,0.49147219034389683,-0.005005244400763109,0.2686093425997585,-0.009731112577079624,-3.1322624683380127,-3.128925638737504,0.0033368296005087394,0
1780805309.1680586,FLY,spline,0,28,-4.387572189051062,-0.13866716001332552,-0.4632194839026932,-4.36328125,-0.10329101234674454,-0.7385595440864563,-0.024290939051062388,-0.03537614766658098,0.2753400601837631,0.042912953099386794,18.97210228912486,3.0,-2.9991968586588045,-0.06597051872846298,-0.02158920262209637,-5.250245094299316,-0.21975257992744446,-0.04331013560295105,-2.2394729157807474,-0.1390453851857553,0.02172093298085468,-0.030589984740866164,0.4926840414717644,-0.005196932938360765,0.26860749159511355,-0.009735456763675794,-3.132390260696411,-3.128925638737504,0.003464621958907177,0
1780805309.1789596,FLY,spline,0,29,-4.5451803499751495,-0.14160092495104218,-0.47155797785691056,-4.453632831573486,-0.10712890326976776,-0.7393554449081421,-0.0915475184016632,-0.03447202168127442,0.26779746705123153,0.09782263748385195,18.88182124589452,3.0,-2.9991792650921996,-0.06291151751277352,-0.03107855860965938,-5.225649833679199,-0.22393418848514557,-0.047594767063856125,-2.2040812618258445,-0.14984798955913398,0.016516208454196744,-0.03296655770300948,0.4848978776016858,-0.004790161153196859,0.2691189930640885,-0.009738760005366633,-3.132685899734497,-3.129492458965699,0.003193440768797906,0
1780805309.1896656,FLY,spline,0,29,-4.5451803499751495,-0.14160092495104218,-0.47155797785691056,-4.525976657867432,-0.11027343571186066,-0.7400537133216858,-0.019203692107717885,-0.03132748923918152,0.26849573546477523,0.03674497751528854,18.80953013864206,3.0,-2.999169633726768,-0.061103699067684154,-0.035324865059783196,-5.20337438583374,-0.22717925906181335,-0.05135289207100868,-2.1756327294252125,-0.155891136625493,0.016028027011225486,-0.03429605005760846,0.47863920047354674,-0.004955742856382894,0.2692312904930975,-0.009741965610768878,-3.132796287536621,-3.129492458965699,0.0033038285709219295,0
1780805309.200349,FLY,spline,0,30,-4.702839636494339,-0.14442117355787792,-0.48043924942141725,-4.635429382324219,-0.11514648050069809,-0.74122554063797,-0.06741025417012025,-0.029274693057179835,0.2607862912165527,0.07349251676784725,18.70015014559386,3.0,-2.999100211201707,-0.05738034208723492,-0.045884850569958904,-5.1651291847229,-0.23189470171928406,-0.0574650876224041,-2.1236568913298033,-0.16716675668573278,0.011580237052445194,-0.036776686470861214,0.4672045160925567,-0.00413043786794165,0.2695847976423895,-0.009744281658179367,-3.132796287536621,-3.1300426622913267,0.002753625245294433,0
1780805309.2109857,FLY,spline,0,30,-4.702839636494339,-0.14442117355787792,-0.48043924942141725,-4.635429382324219,-0.11514648050069809,-0.74122554063797,-0.06741025417012025,-0.029274693057179835,0.2607862912165527,0.07349251676784725,18.70015014559386,3.0,-2.999100211201707,-0.05738034208723492,-0.045884850569958904,-5.1651291847229,-0.23189470171928406,-0.0574650876224041,-2.1367395884056757,-0.16449066006161486,0.011580237052445194,-0.03618794521355527,0.4700827094492486,-0.004718378084006103,0.2700994331037322,-0.009746597705589857,-3.133188247680664,-3.1300426622913267,0.003145585389337402,0
1780805309.221575,FLY,spline,0,30,-4.702839636494339,-0.14442117355787792,-0.48043924942141725,-4.671210765838623,-0.11676757782697678,-0.7416406273841858,-0.03162887065571596,-0.027653595730901148,0.26120137796276854,0.0420131743124002,18.664390617885115,3.0,-2.9990853142343825,-0.05641750540889672,-0.04800357306590655,-5.151434898376465,-0.23338015377521515,-0.059497613459825516,-2.1240762177905315,-0.16631355184856977,0.011494040393918964,-0.03658898140668535,0.46729676791391694,-0.004843905465903076,0.2702799136046043,-0.00974889651366864,-3.1332719326019287,-3.1300426622913267,0.0032292703106020504,0
1780805309.2325008,FLY,spline,0,30,-4.702839636494339,-0.14442117355787792,-0.48043924942141725,-4.706874847412109,-0.11839843541383743,-0.7420654296875,0.004035210917770371,-0.02602273814404049,0.26162618026608275,0.02633373934070498,18.628747642056208,3.0,-2.999069037268666,-0.05544566211737275,-0.050106768492537306,-5.137198448181152,-0.2348310947418213,-0.061476659029722214,-2.1102583722552968,-0.16819940870522473,0.011369890537184908,-0.037003869915149444,0.4642568418961653,-0.004843905465903076,0.2702875716150355,-0.009751170491776078,-3.1332719326019287,-3.1300426622913267,0.0032292703106020504,0
1780805309.2434053,FLY,spline,0,31,-4.860548891139366,-0.14713047581201513,-0.4898510102619674,-4.841054439544678,-0.12466796487569809,-0.7438036799430847,-0.019494451594688655,-0.022462510936317043,0.2539526696811173,0.02974219293431172,18.494638878267402,3.0,-2.9989272714360276,-0.05079563523218677,-0.06208884020996699,-5.0784196853637695,-0.2399938851594925,-0.06884322315454483,-2.0253213989116383,-0.18312364447243046,0.006754382944577843,-0.040287201783934704,0.44557070776056046,-0.00435963378302584,0.2712436492370063,-0.009752521368364993,-3.1334826946258545,-3.1305762721038373,0.002906422522017227,0
1780805309.2536929,FLY,spline,0,31,-4.860548891139366,-0.14713047581201513,-0.4898510102619674,-4.841054439544678,-0.12466796487569809,-0.7438036799430847,-0.019494451594688655,-0.022462510936317043,0.2539526696811173,0.02974219293431172,18.494638878267402,3.0,-2.9989272714360276,-0.05079563523218677,-0.06208884020996699,-5.0784196853637695,-0.2399938851594925,-0.06884322315454483,-2.0419892804828197,-0.18014822192522936,0.006754382944577843,-0.03963260882355046,0.4492376417062203,-0.004553110459966758,0.27175515731918437,-0.009753872244953908,-3.1336116790771484,-3.1305762721038373,0.003035406973311172,0
1780805309.264325,FLY,spline,0,31,-4.860548891139366,-0.14713047581201513,-0.4898510102619674,-4.911250114440918,-0.12802733480930328,-0.744799792766571,0.05070122330155158,-0.01910314100271185,0.2549487825046036,0.054180661129625274,18.42447500858451,3.0,-2.9988726437158633,-0.04873251706304081,-0.0662420452079374,-5.028429985046387,-0.24357329308986664,-0.07412334531545639,-1.97384126776961,-0.1876590210623994,0.007881300107518988,-0.041284984633727866,0.4342450789093142,-0.004637510636968711,0.27194479009498557,-0.009755448504975412,-3.1336679458618164,-3.1305762721038373,0.003091673757979141,0
1780805309.2751274,FLY,spline,0,32,-5.018306956440967,-0.14973140169163582,-0.4997809720443154,-5.008593559265137,-0.1327832043170929,-0.7462744116783142,-0.00971339717583053,-0.016948197374542923,0.24649343963399883,0.01953436661225278,18.32716993252984,3.0,-2.998701015613815,-0.04493338592464241,-0.07598164111165005,-4.993382453918457,-0.2457338273525238,-0.07749493420124054,-1.9352591749455477,-0.19513152831209443,0.0015132930895904867,-0.04292893622866078,0.4257570184880205,-0.003991771030580349,0.27300100045536013,-0.00975575116359333,-3.1337544918060303,-3.1310933111189767,0.002661180687053566,0
1780805309.2859004,FLY,spline,0,32,-5.018306956440967,-0.14973140169163582,-0.4997809720443154,-5.008593559265137,-0.1327832043170929,-0.7462744116783142,-0.00971339717583053,-0.016948197374542923,0.24649343963399883,0.01953436661225278,18.32716993252984,3.0,-2.998701015613815,-0.04493338592464241,-0.07598164111165005,-4.993382453918457,-0.2457338273525238,-0.07749493420124054,-1.9535256161139094,-0.19228253115009847,0.0015132930895904867,-0.04230215685302166,0.4297756355450601,-0.004101205158387966,0.2736631444664864,-0.009756053822211248,-3.1338274478912354,-3.1310933111189767,0.002734136772258644,0
1780805309.296378,FLY,spline,0,32,-5.018306956440967,-0.14973140169163582,-0.4997809720443154,-5.043124675750732,-0.13450194895267487,-0.746826171875,0.024817719309765174,-0.015229452738960952,0.24704519983068463,0.029117957044863852,18.292650596772205,3.0,-2.9986641134752223,-0.04385097597320673,-0.07804246576101224,-4.97422981262207,-0.24681101739406586,-0.07921221852302551,-1.935764664533055,-0.19388215490774943,0.001169752762013268,-0.042654074079704875,0.4258682261972721,-0.004101205158387966,0.2736903937421401,-0.00975628777276365,-3.1338274478912354,-3.1310933111189767,0.002734136772258644,0
1780805309.3071315,FLY,spline,0,32,-5.018306956440967,-0.14973140169163582,-0.4997809720443154,-5.077538967132568,-0.13622069358825684,-0.747387707233429,0.05923201069160111,-0.013510708103378982,0.24760673518911358,0.06075335648361051,18.258247454368448,3.0,-2.998625848533947,-0.0427674611885535,-0.08008723223805017,-4.9364800453186035,-0.248736172914505,-0.0825287252664566,-1.8878553896071693,-0.19733465330032415,0.002441493028406433,-0.04341362372607131,0.4153281857135772,-0.004141617107545681,0.2739389210885823,-0.009756776071369332,-3.133854389190674,-3.1310933111189767,0.0027610780716971206,0
1780805309.3176816,FLY,spline,0,33,-5.176112674929878,-0.1522265211749222,-0.5102168464342155,-5.173163890838623,-0.14107421040534973,-0.7490283250808716,-0.0029487840912549856,-0.01115231076957246,0.23881147864665608,0.011535569475234432,18.16264851425503,3.0,-2.99840903682338,-0.038861993409132274,-0.0896269678398127,-4.897021293640137,-0.25049781799316406,-0.08589302003383636,-1.8405880043164968,-0.20509144100610324,-0.0037339478059763287,-0.045120117021342714,0.4049293609496293,-0.0034838649667361388,0.2759100903417267,-0.009756029281808137,-3.1339163780212402,-3.1315938013767495,0.002322576644490759,0
1780805309.327977,FLY,spline,0,33,-5.176112674929878,-0.1522265211749222,-0.5102168464342155,-5.20703125,-0.142822265625,-0.7496386766433716,0.030918575070121967,-0.009404255549922191,0.23942183020915608,0.03231715189825691,18.128788512034614,3.0,-2.998362054558085,-0.03773660580091439,-0.09165663297789745,-4.875599384307861,-0.2513580620288849,-0.08762461692094803,-1.8242913780926076,-0.2061200893392796,-0.004032016056949417,-0.045346419654641514,0.40134410318037367,-0.0034838649667361388,0.2759347422050159,-0.009755222878596747,-3.1339163780212402,-3.1315938013767495,0.002322576644490759,0
1780805309.338559,FLY,spline,0,34,-5.333964889136835,-0.15461840424005655,-0.5211463450974217,-5.240742206573486,-0.14457030594348907,-0.75025874376297,-0.09322268256334887,-0.01004809829656747,0.22911239866554822,0.09376264087409436,18.09508418937298,3.0,-2.9982080477266684,-0.0358427223012895,-0.09728207340034183,-4.833637237548828,-0.2528592050075531,-0.09083301573991776,-1.7738005050300225,-0.20999646076067674,-0.006449057660424071,-0.046199221367348886,0.39023611110660494,-0.0027625698349562633,0.2773494729417031,-0.009753933067064662,-3.1339194774627686,-3.1320777642394644,0.0018417132233041755,0
1780805309.349146,FLY,spline,0,34,-5.333964889136835,-0.15461840424005655,-0.5211463450974217,-5.300937175750732,-0.1477343738079071,-0.7514013648033142,-0.033027713386102775,-0.0068840304321494405,0.23025501970589246,0.03373751215643074,18.034898764543023,3.0,-2.9981107527846955,-0.033773296983633704,-0.10095186203156929,-4.8131794929504395,-0.25350895524024963,-0.09238915890455246,-1.7602315493195981,-0.2124638675440734,-0.008562703127016832,-0.04674205085969615,0.3872509408503116,-0.0027521986267653453,0.2779772366715567,-0.00975222052643926,-3.1339125633239746,-3.1320777642394644,0.0018347990845102302,0
1780805309.3599632,FLY,spline,0,34,-5.333964889136835,-0.15461840424005655,-0.5211463450974217,-5.367304801940918,-0.15126952528953552,-0.7527197003364563,0.03333991280408277,-0.0033488789505210226,0.23157335523903455,0.033507682343144614,17.96853810834475,3.0,-2.9979986195842225,-0.031454001127963725,-0.10495200228741669,-4.766409397125244,-0.2548166513442993,-0.09584753960371017,-1.7025693276553808,-0.2168192118616854,-0.009104462683706516,-0.04770022660957079,0.3745652520841838,-0.0027357477448073375,0.27849157650855716,-0.009750399633902517,-3.133901596069336,-3.1320777642394644,0.0018238318298715583,0
1780805309.3707662,FLY,spline,0,35,-5.491862441592572,-0.15690962086522092,-0.5325571796996884,-5.460546970367432,-0.15632812678813934,-0.7546777129173279,-0.03131547122514,-0.0005814940770815791,0.22212053321763947,0.03132086961459168,17.875299177984818,3.0,-2.9977056274197014,-0.027360385980948115,-0.11407182217895444,-4.696837425231934,-0.25632181763648987,-0.10079678893089294,-1.6120579459473316,-0.2244334511222002,-0.013275033248061494,-0.04937535924688404,0.35465274810841296,-0.0019630379454753655,0.2802164868286495,-0.009747744627252905,-3.1338539123535156,-3.1325452203898654,0.0013086919636502437,0
1780805309.3810098,FLY,spline,0,35,-5.491862441592572,-0.15690962086522092,-0.5325571796996884,-5.493007659912109,-0.1581152379512787,-0.7553905844688416,0.001145218319537733,0.0012056170860577642,0.22283340476915314,0.001662840208077506,17.842837668823176,3.0,-2.997641094424131,-0.026167159266444803,-0.11603080968269415,-4.671586036682129,-0.2567507028579712,-0.1024722158908844,-1.5984237001998465,-0.22471680534615104,-0.01355859379180975,-0.04943769717615323,0.3516532140439662,-0.0019297785536906975,0.28074712028760745,-0.009745032908494542,-3.133831739425659,-3.1325452203898654,0.0012865190357937983,0
1780805309.3917453,FLY,spline,0,35,-5.491862441592572,-0.15690962086522092,-0.5325571796996884,-5.525273323059082,-0.15990233421325684,-0.7561132907867432,0.03341088146651039,0.0029927133480359136,0.22355611108705475,0.03354464686880337,17.810570349172224,3.0,-2.9975757175283437,-0.024972437275063254,-0.11796692358868635,-4.645910739898682,-0.25712576508522034,-0.10417793691158295,-1.5806522488656063,-0.22536777287868637,-0.013788986677103404,-0.049580910033311,0.34774349475043337,-0.0018925852553508538,0.2812735802908081,-0.009742275111159122,-3.1338069438934326,-3.1325452203898654,0.0012617235035672358,0
1780805309.4023879,FLY,spline,0,35,-5.491862441592572,-0.15690962086522092,-0.5325571796996884,-5.525273323059082,-0.15990233421325684,-0.7561132907867432,0.03341088146651039,0.0029927133480359136,0.22355611108705475,0.03354464686880337,17.810570349172224,3.0,-2.9975757175283437,-0.024972437275063254,-0.11796692358868635,-4.645910739898682,-0.25712576508522034,-0.10417793691158295,-1.6014904601613633,-0.2235074201996678,-0.013788986677103404,-0.049171632443926916,0.35232790123549995,-0.0018514580504558342,0.2817837397838637,-0.009739517313823701,-3.133779525756836,-3.1325452203898654,0.0012343053669705562,0
1780805309.4129548,FLY,spline,0,36,-5.649804174827827,-0.15910274102859753,-0.5444370619067698,-5.614687442779541,-0.16491210460662842,-0.7582079768180847,-0.03511673204828636,0.005809363578030885,0.21377091491131495,0.035594010380018914,17.721146060112,3.0,-2.997250796410028,-0.0208855036335734,-0.12669435329732304,-4.571834564208984,-0.2578723728656769,-0.10901010036468506,-1.4981550430722705,-0.23076016604621402,-0.017684252932637978,-0.050767236530167084,0.3295941094758995,-0.0010441120913182722,0.28354276345855495,-0.009735980463237173,-3.1336922645568848,-3.1329961898293393,0.0006960747275455148,0
1780805309.4237032,FLY,spline,0,36,-5.649804174827827,-0.15910274102859753,-0.5444370619067698,-5.677617073059082,-0.16849608719348907,-0.7597607374191284,0.027812898231254657,0.009393346164891542,0.21532367551235865,0.02935629847572086,17.658204415726363,3.0,-2.9971051125306145,-0.018453380596687104,-0.1304623209490206,-4.517120361328125,-0.2581304907798767,-0.1125078871846199,-1.4343662862357893,-0.2338354091308235,-0.0179544337644007,-0.05144379000878117,0.31556058297187367,-0.0009890373995458113,0.2841033198260685,-0.009732389576484292,-3.133655548095703,-3.1329961898293393,0.0006593582663638742,0
1780805309.4345343,FLY,spline,0,36,-5.649804174827827,-0.15910274102859753,-0.5444370619067698,-5.677617073059082,-0.16849608719348907,-0.7597607374191284,0.027812898231254657,0.009393346164891542,0.21532367551235865,0.02935629847572086,17.658204415726363,3.0,-2.9971051125306145,-0.018453380596687104,-0.1304623209490206,-4.517120361328125,-0.2581304907798767,-0.1125078871846199,-1.4606173082331466,-0.23196633618144935,-0.0179544337644007,-0.05103259395991886,0.3213358078112923,-0.0009890373995458113,0.2841069107128214,-0.009728798689731411,-3.133655548095703,-3.1329961898293393,0.0006593582663638742,0
1780805309.4453237,FLY,spline,0,37,-5.807788931373336,-0.16120033470836864,-0.5567737033844201,-5.795742034912109,-0.17534179985523224,-0.7628613114356995,-0.012046896461226808,0.014141465146863597,0.20608760805127935,0.018577102864749305,17.540045536600314,3.0,-2.996669336160141,-0.01308467863342168,-0.14071844549525314,-4.4083051681518555,-0.25795432925224304,-0.11947363615036011,-1.3056964228476422,-0.2401298188696473,-0.021244809344893034,-0.0528285601513224,0.28725321302648127,-9.338212282572478e-05,0.2864363608218402,-0.009724549727862433,-3.133492946624756,-3.1334306918762054,6.225474855048319e-05,0
1780805309.456316,FLY,spline,0,37,-5.807788931373336,-0.16120033470836864,-0.5567737033844201,-5.826132774353027,-0.1771288961172104,-0.7637060284614563,0.01834384297969116,0.015928561408841746,0.20693232507703618,0.02429435415521078,17.509643160293496,3.0,-2.996589698435075,-0.011854269000242449,-0.1425119487595929,-4.378997802734375,-0.2577615976333618,-0.12129031121730804,-1.2913214840407208,-0.2400963664901479,-0.021221637542284844,-0.05282120062783254,0.28409072648895856,-2.1498921226603684e-05,0.2869877041977557,-0.009720305400353976,-3.1334450244903564,-3.1334306918762054,1.4332614151069123e-05,0
1780805309.4668365,FLY,spline,0,37,-5.807788931373336,-0.16120033470836864,-0.5567737033844201,-5.826132774353027,-0.1771288961172104,-0.7637060284614563,0.01834384297969116,0.015928561408841746,0.20693232507703618,0.02429435415521078,17.509643160293496,3.0,-2.996589698435075,-0.011854269000242449,-0.1425119487595929,-4.378997802734375,-0.2577615976333618,-0.12129031121730804,-1.3192467040684583,-0.23839218772532067,-0.021221637542284844,-0.052446281299570546,0.2902342748950608,5.36029311903885e-05,0.28753285258797134,-0.00971606107284552,-3.133394956588745,-3.1334306918762054,-3.5735287460259e-05,0
1780805309.4776027,FLY,spline,0,38,-5.965815553759835,-0.16320497188271632,-0.5695548157983933,-5.933984279632568,-0.18355467915534973,-0.766845703125,-0.03183127412726705,0.02034970727263341,0.1972908873266067,0.03778016144284047,17.40174162494266,3.0,-2.9961432358868816,-0.0067488716061769715,-0.15192156786095182,-4.270427227020264,-0.25652965903282166,-0.1282915621995926,-1.1658642931622678,-0.24476328979433024,-0.023630005661359227,-0.053847923754752655,0.2564901444956989,0.0008051373612896207,0.2885893217875932,-0.009711335071713248,-3.1333119869232178,-3.1338487451640775,-0.0005367582408597471,0
1780805309.4881995,FLY,spline,0,38,-5.965815553759835,-0.16320497188271632,-0.5695548157983933,-5.933984279632568,-0.18355467915534973,-0.766845703125,-0.03183127412726705,0.02034970727263341,0.1972908873266067,0.03778016144284047,17.40174162494266,3.0,-2.9961432358868816,-0.0067488716061769715,-0.15192156786095182,-4.270427227020264,-0.25652965903282166,-0.1282915621995926,-1.1990233797283463,-0.24297321934775198,-0.023630005661359227,-0.053454108256505435,0.2637851435402362,0.0009642817628399136,0.28966640703585644,-0.009706609070580977,-3.1332058906555176,-3.1338487451640775,-0.0006428545085599424,0
1780805309.4987793,FLY,spline,0,38,-5.965815553759835,-0.16320497188271632,-0.5695548157983933,-5.963437557220459,-0.1853320300579071,-0.767749011516571,-0.0023779965393764257,0.022127058175190784,0.19819419571817776,0.022254473056659046,17.37227184031198,3.0,-2.9960582327637413,-0.0055100771049418126,-0.1536382274660407,-4.2395405769348145,-0.25604045391082764,-0.1303519457578659,-1.1729587798864833,-0.24335645239212417,-0.02328628170817479,-0.05353841952626732,0.25805093157502634,0.001044748033286691,0.290173439678002,-0.009701951814239341,-3.1331522464752197,-3.1338487451640775,-0.000696498688857794,0
1780805309.5097094,FLY,spline,0,39,-6.123882884518058,-0.1651192225298228,-0.5827681108144439,-6.073320388793945,-0.1920507699251175,-0.7713232040405273,-0.050562495724112644,0.026931547395294686,0.18855509322608344,0.057287644557582514,17.262314645640288,3.0,-2.9955756577309525,-0.0001819219771171063,-0.16286941307122602,-4.119198322296143,-0.25356224179267883,-0.13871601223945618,-1.0030306925822592,-0.2484391192519256,-0.02415340083176984,-0.054656606235423635,0.22066675236809702,0.0017916634065602288,0.2912008122534671,-0.009697121134072987,-3.1330559253692627,-3.134250367640303,-0.0011944422710401525,0
1780805309.5202677,FLY,spline,0,39,-6.123882884518058,-0.1651192225298228,-0.5827681108144439,-6.101718425750732,-0.19380858540534973,-0.7723046541213989,-0.022164458767325534,0.028689362875526925,0.18953654330695502,0.03625386565115693,17.23389377503719,3.0,-2.99548752225669,0.0010570640930926774,-0.16447913733959407,-4.086806297302246,-0.2527479827404022,-0.14103329181671143,-0.9881933406347326,-0.24805445675400367,-0.023445845522882647,-0.05457198048588081,0.21740253493964118,0.0019547417146656976,0.292220462492378,-0.00969243196496841,-3.1329472064971924,-3.134250367640303,-0.001303161143110465,0
1780805309.5309148,FLY,spline,0,39,-6.123882884518058,-0.1651192225298228,-0.5827681108144439,-6.101718425750732,-0.19380858540534973,-0.7723046541213989,-0.022164458767325534,0.028689362875526925,0.18953654330695502,0.03625386565115693,17.23389377503719,3.0,-2.99548752225669,0.0010570640930926774,-0.16447913733959407,-4.086806297302246,-0.2527479827404022,-0.14103329181671143,-1.0197770048755928,-0.24694634188498316,-0.023445845522882647,-0.05432819521469629,0.2243509410726304,0.0019547417146656976,0.29222515166148255,-0.009687742795863834,-3.1329472064971924,-3.134250367640303,-0.001303161143110465,0
1780805309.541658,FLY,spline,0,39,-6.123882884518058,-0.1651192225298228,-0.5827681108144439,-6.1298828125,-0.195556640625,-0.7733007669448853,0.005999927981942044,0.030437418095177193,0.19053265613044135,0.031023145489925925,17.205705366503466,3.0,-2.9953997444328846,0.002289657083774322,-0.16605760603430555,-4.0216898918151855,-0.2509274184703827,-0.14579342305660248,-0.937848312181024,-0.24608070930931852,-0.020264182977703077,-0.05413775604805007,0.2063266286798253,0.0020327045900319085,0.29249285375797446,-0.009683689959268294,-3.1328952312469482,-3.134250367640303,-0.0013551363933546057,0
1780805309.5525155,FLY,spline,0,40,-6.281989766178744,-0.16694565662787025,-0.5964013000983259,-6.21203088760376,-0.20070311427116394,-0.7763574123382568,-0.06995887857498406,0.03375745764329369,0.1799561122399309,0.07767760705639773,17.123477713645876,3.0,-2.99497956041124,0.0065237822545484315,-0.17336341304898564,-3.9554765224456787,-0.2488282024860382,-0.1508236974477768,-0.8598408973419649,-0.24971254757412498,-0.02253971560120885,-0.054936760466307494,0.18916499741523227,0.0028891100859684826,0.2946225533830546,-0.009679182016148051,-3.132709503173828,-3.134635576564474,-0.001926073390645655,0
1780805309.5631678,FLY,spline,0,40,-6.281989766178744,-0.16694565662787025,-0.5964013000983259,-6.2392578125,-0.2024218738079071,-0.7774218320846558,-0.04273195367874383,0.03547621718003685,0.18102053198632984,0.05553901197003283,17.096221210205577,3.0,-2.994890364031473,0.007746905011840635,-0.17484762764810588,-3.9217140674591064,-0.24766342341899872,-0.15340429544448853,-0.8368325791079304,-0.24941365754478106,-0.021443332203617355,-0.054871004659851834,0.1841031674037447,0.0028891100859684826,0.294539131377688,-0.009674893349707328,-3.132709503173828,-3.134635576564474,-0.001926073390645655,0
1780805309.5740035,FLY,spline,0,40,-6.281989766178744,-0.16694565662787025,-0.5964013000983259,-6.266249656677246,-0.2041308581829071,-0.7785058617591858,-0.015740109501497734,0.03718520155503685,0.18210456166085986,0.0403793296354441,17.06919824922454,3.0,-2.9948020474105492,0.008963539714063998,-0.1762962046709342,-3.856419324874878,-0.2452315241098404,-0.15844760835170746,-0.7601878048499628,-0.24762501239700901,-0.01784859631922675,-0.05447750272734198,0.16724131706699183,0.003080798623566139,0.2955933439664242,-0.009671323630443483,-3.1325817108154297,-3.134635576564474,-0.0020538657490440926,0
1780805309.5848255,FLY,spline,0,41,-6.440135041272626,-0.16868684415504087,-0.6104420953157936,-6.367382526397705,-0.2105761617422104,-0.7828271389007568,-0.07275251487492085,0.04188931758716952,0.1723850435849632,0.08395024329056068,16.967932613415204,3.0,-2.994306497592931,0.014126524757154703,-0.18419837070679979,-3.7552123069763184,-0.2410120666027069,-0.1667611300945282,-0.6301953227057776,-0.2501744057217743,-0.017437240612271587,-0.05503836925879035,0.13864297099527106,0.003755252384840979,0.29646098589859615,-0.009667836182321029,-3.1325008869171143,-3.1350043885070082,-0.002503501589893986,0
1780805309.595566,FLY,spline,0,41,-6.440135041272626,-0.16868684415504087,-0.6104420953157936,-6.393202781677246,-0.21223632991313934,-0.7840039134025574,-0.04693225959537983,0.04354948575809847,0.17356181808676374,0.06402495373307929,16.94207380771733,3.0,-2.994219762284684,0.015318275082467683,-0.1855083976329585,-3.6877593994140625,-0.23789961636066437,-0.17256435751914978,-0.562294707970782,-0.24747131144286277,-0.01294404011380873,-0.05444368851742981,0.12370483575357204,0.0038106847044820924,0.29653590747117914,-0.009665247374298268,-3.1324639320373535,-3.1350043885070082,-0.0025404564696547283,0
1780805309.6060343,FLY,spline,0,41,-6.440135041272626,-0.16868684415504087,-0.6104420953157936,-6.393202781677246,-0.21223632991313934,-0.7840039134025574,-0.04693225959537983,0.04354948575809847,0.17356181808676374,0.06402495373307929,16.94207380771733,3.0,-2.994219762284684,0.015318275082467683,-0.1855083976329585,-3.6877593994140625,-0.23789961636066437,-0.17256435751914978,-0.6023659447606156,-0.24726121253153582,-0.01294404011380873,-0.05439746675693788,0.13252050784733543,0.003889362835585608,0.29725874326227714,-0.009662658566275507,-3.132411479949951,-3.1350043885070082,-0.002592908557057072,0
1780805309.6171649,FLY,spline,0,41,-6.440135041272626,-0.16868684415504087,-0.6104420953157936,-6.439648151397705,-0.21523436903953552,-0.786206066608429,-0.00048688987492084834,0.04654752488449465,0.17576397129263532,0.04655007126334984,16.89555369775813,3.0,-2.9940652901880562,0.017471382265215153,-0.1877972015043165,-3.6553256511688232,-0.23631726205348969,-0.17544351518154144,-0.5787749469406489,-0.24851163982480814,-0.01235368632277506,-0.054672560761457795,0.12733048832694277,0.003916542553603186,0.29756810865712036,-0.009660187829010953,-3.1323933601379395,-3.1350043885070082,-0.0026110283690687908,0
1780805309.627968,FLY,spline,0,42,-6.598317552330441,-0.17034535508951681,-0.6248782081326014,-6.514296531677246,-0.22007812559604645,-0.7899999618530273,-0.08402102065319461,0.04973277050652963,0.16512175372042592,0.09763647051107337,16.820769104710877,3.0,-2.993656367589563,0.021490691511837457,-0.1938032584060632,-3.5158233642578125,-0.22889351844787598,-0.18837277591228485,-0.38162564781765596,-0.24486209735303693,-0.005430482493778338,-0.05386966141766813,0.08395764251988432,0.0044645007197041675,0.29734792494334034,-0.009659101732512197,-3.132380485534668,-3.135356819347804,-0.0029763338131361117,0
1780805309.638564,FLY,spline,0,42,-6.598317552330441,-0.17034535508951681,-0.6248782081326014,-6.556835651397705,-0.2228417992591858,-0.7923046946525574,-0.04148190093273563,0.05249644416966898,0.16742648651995595,0.06690758369162994,16.778143437204996,3.0,-2.993516208429372,0.023488836434510753,-0.19572681071735948,-3.484022378921509,-0.22705726325511932,-0.19143812358379364,-0.3738229866077771,-0.2457944928088976,-0.004288687133565838,-0.05407478841795747,0.08224105705371096,0.004479163462318914,0.2975839697893656,-0.009658243995085483,-3.132370710372925,-3.135356819347804,-0.0029861089748792757,0
1780805309.6493933,FLY,spline,0,42,-6.598317552330441,-0.17034535508951681,-0.6248782081326014,-6.604453086853027,-0.22594726085662842,-0.7950341701507568,0.006135534522586639,0.055601905767111603,0.17015596201815542,0.055939402113471065,16.73041958472146,3.0,-2.9933640143984204,0.025734939104979607,-0.1977614477440881,-3.4109442234039307,-0.2226509004831314,-0.19851359724998474,-0.29281079182123393,-0.24347421243329762,0.0007521495058966376,-0.053564326735325477,0.06441837420067147,0.004506343180336492,0.29833462121600185,-0.009658394424986663,-3.132352590560913,-3.135356819347804,-0.0030042287868909945,0
1780805309.6610208,FLY,spline,0,42,-6.598317552330441,-0.17034535508951681,-0.6248782081326014,-6.604453086853027,-0.22594726085662842,-0.7950341701507568,0.006135534522586639,0.055601905767111603,0.17015596201815542,0.055939402113471065,16.73041958472146,3.0,-2.9933640143984204,0.025734939104979607,-0.1977614477440881,-3.4109442234039307,-0.2226509004831314,-0.19851359724998474,-0.33092478958858107,-0.24378699580719018,0.0007521495058966376,-0.05363313907758184,0.07280345370948783,0.004506343180336492,0.2983344707861007,-0.009658544854887843,-3.132352590560913,-3.135356819347804,-0.0030042287868909945,0
1780805309.6718547,FLY,spline,0,43,-6.756536141882925,-0.1719237594094803,-0.6396973502145031,-6.668476581573486,-0.23012694716453552,-0.7989599704742432,-0.08805956030943829,0.05820318775505523,0.15926262025974003,0.10555613306076446,16.66623683650972,3.0,-2.993002331198064,0.029267083275147904,-0.2026832091701753,-3.309536933898926,-0.2160758227109909,-0.20850412547588348,-0.19589135310628872,-0.24063308018925747,0.00582091630570819,-0.052939277641636646,0.043096097683383516,0.004996850712057022,0.29818554076038817,-0.009659709038148985,-3.132361650466919,-3.135692884274957,-0.0033312338080380144,0
1780805309.682402,FLY,spline,0,43,-6.756536141882925,-0.1719237594094803,-0.6396973502145031,-6.668476581573486,-0.23012694716453552,-0.7989599704742432,-0.08805956030943829,0.05820318775505523,0.15926262025974003,0.10555613306076446,16.66623683650972,3.0,-2.993002331198064,0.029267083275147904,-0.2026832091701753,-3.309536933898926,-0.2160758227109909,-0.20850412547588348,-0.23274693584902592,-0.24117864430809557,0.00582091630570819,-0.05305930174778103,0.0512043258867857,0.004917457325216201,0.2987869110013011,-0.009660873221410127,-3.1324145793914795,-3.135692884274957,-0.0032783048834774675,0
1780805309.6930232,FLY,spline,0,43,-6.756536141882925,-0.1719237594094803,-0.6396973502145031,-6.713671684265137,-0.23307617008686066,-0.8019335865974426,-0.0428644576177879,0.061152410677380364,0.1622362363829395,0.07467917419550191,16.620916508043482,3.0,-2.9928660832723493,0.03141220550071928,-0.20436702508870278,-3.2356131076812744,-0.21095344424247742,-0.21598131954669952,-0.14045049872696883,-0.23787660285899878,0.011614294457996749,-0.052332852628979735,0.030899109719933142,0.004883482677694229,0.2985245648749304,-0.009663196080301726,-3.132437229156494,-3.135692884274957,-0.003255655118462819,0
1780805309.703938,FLY,spline,0,43,-6.756536141882925,-0.1719237594094803,-0.6396973502145031,-6.777382850646973,-0.2372167855501175,-0.8064355254173279,0.02084670876404804,0.0652930261406372,0.16673817520282475,0.06854024021620417,16.55700928329455,3.0,-2.992686898677723,0.03442244605428074,-0.2064950887802178,-3.1280572414398193,-0.20299360156059265,-0.22701461613178253,8.617395121636885e-05,-0.23220740976167076,0.02051952735156473,-0.05108563014756757,-1.8958269267601147e-05,0.004752590877767471,0.2983266059679425,-0.00966729998577204,-3.1325244903564453,-3.135692884274957,-0.003168393918511647,0
1780805309.7146657,FLY,spline,0,43,-6.756536141882925,-0.1719237594094803,-0.6396973502145031,-6.777382850646973,-0.2372167855501175,-0.8064355254173279,0.02084670876404804,0.0652930261406372,0.16673817520282475,0.06854024021620417,16.55700928329455,3.0,-2.992686898677723,0.03442244605428074,-0.2064950887802178,-3.1280572414398193,-0.20299360156059265,-0.22701461613178253,-0.0411861328658618,-0.23340037108513886,0.02051952735156473,-0.05134808163873055,0.009060949230489597,0.004695728046651748,0.29847664413700825,-0.009671403891242353,-3.1325623989105225,-3.135692884274957,-0.0031304853644344988,0
1780805309.7251103,FLY,spline,0,44,-6.914789652460815,-0.1734246270931134,-0.6548872332272533,-6.820038795471191,-0.23997069895267487,-0.8096679449081421,-0.0947508569896236,0.06654607185956146,0.1547807116808888,0.1157847337959803,16.51420836333696,3.0,-2.992413889011286,0.036901710500353076,-0.2099937632752456,-3.0537235736846924,-0.19714561104774475,-0.23471194505691528,0.048469002096442115,-0.22991342602005752,0.02471818178166968,-0.05058095372441265,-0.010663180461217265,0.005103415107938547,0.29825623512575034,-0.009676347527598687,-3.132610321044922,-3.1360125977835476,-0.003402276738625698,0
1780805309.735906,FLY,spline,0,44,-6.914789652460815,-0.1734246270931134,-0.6548872332272533,-6.820038795471191,-0.23997069895267487,-0.8096679449081421,-0.0947508569896236,0.06654607185956146,0.1547807116808888,0.1157847337959803,16.51420836333696,3.0,-2.992413889011286,0.036901710500353076,-0.2099937632752456,-3.0537235736846924,-0.19714561104774475,-0.23471194505691528,0.014905459270269919,-0.2309855532049613,0.02471818178166968,-0.05081682170509149,-0.003279201039459382,0.005103415107938547,0.298251291489394,-0.009681291163955021,-3.132610321044922,-3.1360125977835476,-0.003402276738625698,0
1780805309.7465594,FLY,spline,0,44,-6.914789652460815,-0.1734246270931134,-0.6548872332272533,-6.840976238250732,-0.24131835997104645,-0.8113232254981995,-0.07381341421008258,0.06789373287793304,0.15643599227094618,0.10028947642424578,16.49319542567819,3.0,-2.9923604894550517,0.03788571276089007,-0.21057866443902332,-2.9536778926849365,-0.18880878388881683,-0.24509043991565704,0.1515523196270337,-0.2213717575021208,0.03451177547663373,-0.04870178665046657,-0.033341510317947416,0.004734343147489328,0.29764351014876256,-0.009688193519050347,-3.1328563690185547,-3.1360125977835476,-0.0031562287649928855,0
1780805309.757488,FLY,spline,0,44,-6.914789652460815,-0.1734246270931134,-0.6548872332272533,-6.93289041519165,-0.24716795980930328,-0.8191747665405273,0.018100762730835385,0.07374333271618988,0.16428753331327406,0.07593231677967346,16.400913180017167,3.0,-2.9921545875792415,0.04215167268942943,-0.21268323986149656,-2.848289728164673,-0.17945057153701782,-0.2561481297016144,0.28548957205822345,-0.21634231367697626,0.043464889840117815,-0.04759530900893478,-0.06280770585280916,0.004482215500089426,0.2969423970201315,-0.009696886497018371,-3.1330244541168213,-3.1360125977835476,-0.002988143666726284,0
1780805309.768142,FLY,spline,0,44,-6.914789652460815,-0.1734246270931134,-0.6548872332272533,-6.93289041519165,-0.24716795980930328,-0.8191747665405273,0.018100762730835385,0.07374333271618988,0.16428753331327406,0.07593231677967346,16.400913180017167,3.0,-2.9921545875792415,0.04215167268942943,-0.21268323986149656,-2.848289728164673,-0.17945057153701782,-0.2561481297016144,0.24243096131968767,-0.21828764686833338,0.043464889840117815,-0.048023282311033345,-0.053334811490331285,0.004482215500089426,0.29693370404216346,-0.009705579474986395,-3.1330244541168213,-3.1360125977835476,-0.002988143666726284,0
1780805309.7787528,FLY,spline,0,44,-6.914789652460815,-0.1734246270931134,-0.6548872332272533,-6.9716796875,-0.24958984553813934,-0.8228124976158142,0.056890035039184994,0.07616521844502594,0.16792526438856092,0.09506637990129958,16.36194832975793,3.0,-2.9920842837105086,0.04391429069026898,-0.21331473049403557,-2.7746057510375977,-0.17255070805549622,-0.26383310556411743,0.3302016160465552,-0.21234022731106994,0.05051837507008186,-0.04671485000843539,-0.07264435553024214,0.0040323196413247775,0.2962559070221262,-0.00971568315000041,-3.133324384689331,-3.1360125977835476,-0.0026882130942165183,0
1780805309.7895129,FLY,spline,0,45,-7.073076926594845,-0.17485052811859841,-0.6704355688366059,-6.990703105926514,-0.2507617175579071,-0.8246679306030273,-0.0823738206683311,0.07591118943930869,0.1542323617664214,0.11201765491916435,16.34283440770975,3.0,-2.991894144125934,0.04521928882313453,-0.21569572611267696,-2.7379705905914307,-0.1690085232257843,-0.2675086557865143,0.354209815577337,-0.2109762626925288,0.05181292967383733,-0.04641477779235634,-0.07792615942701414,0.004312145822102931,0.29605253574704915,-0.009726045735935178,-3.133441209793091,-3.1363159736744928,-0.002874763881401954,0
1780805309.8001068,FLY,spline,0,45,-7.073076926594845,-0.17485052811859841,-0.6704355688366059,-7.009452819824219,-0.25191405415534973,-0.8265478610992432,-0.06362410677062602,0.07706352603675132,0.15611229226263723,0.0999340482897449,16.32399225709633,3.0,-2.9918646997393923,0.04606105009242074,-0.215925908861572,-2.7015087604522705,-0.16540786623954773,-0.27105188369750977,0.38194940663163696,-0.20858398447084792,0.05512597483593776,-0.045888476583586545,-0.08402886945896013,0.004125106446797755,0.2956623424149623,-0.009737070930902366,-3.133565902709961,-3.1363159736744928,-0.0027500709645318366,0
1780805309.810724,FLY,spline,0,45,-7.073076926594845,-0.17485052811859841,-0.6704355688366059,-7.060351371765137,-0.2549706995487213,-0.8318994045257568,-0.012725554829708052,0.0801201714301229,0.1614638356891509,0.0811244822215599,16.272827668193266,3.0,-2.99179861970506,0.04828869284395157,-0.216354388155912,-2.60121488571167,-0.15510009229183197,-0.2798757553100586,0.5144691645676901,-0.19838481407323208,0.06352136715414661,-0.04364465909611106,-0.11318321620489182,0.0037717701125692393,0.2947304772022648,-0.009749775204333195,-3.1338014602661133,-3.1363159736744928,-0.002514513408379493,0
1780805309.8213458,FLY,spline,0,45,-7.073076926594845,-0.17485052811859841,-0.6704355688366059,-7.095742225646973,-0.2570507824420929,-0.8358446955680847,0.022665299052127885,0.08220025432349448,0.16540912673147878,0.08526779926777496,16.237238037162797,3.0,-2.991765107218911,0.049801185769272956,-0.216474906451979,-2.53007435798645,-0.14742891490459442,-0.28573641180992126,0.590721846581495,-0.19166750662061902,0.06926150535794226,-0.04216685145653618,-0.12995880624792888,0.003359425180013087,0.29394251760478185,-0.009763627505404783,-3.1340763568878174,-3.1363159736744928,-0.0022396167866753913,0
1780805309.8322222,FLY,spline,0,45,-7.073076926594845,-0.17485052811859841,-0.6704355688366059,-7.095742225646973,-0.2570507824420929,-0.8358446955680847,0.022665299052127885,0.08220025432349448,0.16540912673147878,0.08526779926777496,16.237238037162797,3.0,-2.991765107218911,0.049801185769272956,-0.216474906451979,-2.53007435798645,-0.14742891490459442,-0.28573641180992126,0.5515926036241705,-0.19429413103967733,0.06926150535794226,-0.042744708828729015,-0.12135037279731752,0.003137695901448634,0.29374308180622544,-0.00977747980647637,-3.1342241764068604,-3.1363159736744928,-0.0020917972676324226,0
1780805309.8429275,FLY,spline,0,45,-7.073076926594845,-0.17485052811859841,-0.6704355688366059,-7.113085746765137,-0.25804686546325684,-0.8378466367721558,0.04000882017029195,0.08319633734465842,0.16741106793554983,0.09231650036144658,16.21979298415692,3.0,-2.9917526411453865,0.0505237146237486,-0.21647976455138138,-2.4628829956054688,-0.13989420235157013,-0.29050594568252563,0.6318020728734371,-0.1858960050673451,0.07402618113114426,-0.04089712111481592,-0.13899645603215618,0.0026849390197347667,0.2929266949797316,-0.0097922850427026,-3.134526014328003,-3.1363159736744928,-0.0017899593464898444,0
1780805309.853369,FLY,spline,0,46,-7.231396806815753,-0.17620403246411748,-0.6863300687083155,-7.160937309265137,-0.26072263717651367,-0.8436083793640137,-0.07045949755061631,0.0845186047123962,0.1572783106556982,0.11003606380462537,16.171646935140956,3.0,-2.9915786163587903,0.05288669650230331,-0.21831257288094488,-2.3967249393463135,-0.13219164311885834,-0.2945558726787567,0.7061789514458512,-0.18044985220462662,0.07624329979781183,-0.039698967485017854,-0.15535936931808728,0.002849083326043278,0.29246975529153285,-0.009807533702662161,-3.1347036361694336,-3.1366030250534624,-0.001899388884028852,0
1780805309.8644114,FLY,spline,0,46,-7.231396806815753,-0.17620403246411748,-0.6863300687083155,-7.177343368530273,-0.26161131262779236,-0.8456689119338989,-0.054053438285479594,0.08540728016367488,0.15933884322558345,0.10107510917846492,16.155134816522327,3.0,-2.9915751649659312,0.05353093847633329,-0.2182028207537756,-2.362583637237549,-0.12810373306274414,-0.29655545949935913,0.7271162072649694,-0.17766985339342964,0.07835263874558354,-0.03908736774655452,-0.15996556559829328,0.00230620422142902,0.2917329188970891,-0.009823204230411277,-3.1350655555725098,-3.1366030250534624,-0.00153746948095268,0
1780805309.8752396,FLY,spline,0,46,-7.231396806815753,-0.17620403246411748,-0.6863300687083155,-7.193515300750732,-0.26247069239616394,-0.8477441072463989,-0.03788150606502061,0.08626665993204646,0.16141403853808345,0.09421754145373114,16.13885572226047,3.0,-2.9915744041085897,0.05415265921910603,-0.21805979496880534,-2.2975962162017822,-0.12009871006011963,-0.2999272048473358,0.8014329610070593,-0.16866919641572192,0.08186740987853047,-0.037107223211458824,-0.17631525142155305,0.0017704776741878092,0.29086979232450244,-0.009839577712386983,-3.135422706604004,-3.1366030250534624,-0.0011803184494585395,0
1780805309.8859236,FLY,spline,0,46,-7.231396806815753,-0.17620403246411748,-0.6863300687083155,-7.238437175750732,-0.2647753953933716,-0.8537255525588989,0.007040368934979391,0.0885713629292541,0.16739548385058345,0.08885073508917228,16.093623376320302,3.0,-2.9915852905225204,0.0558135053266823,-0.21749092429900885,-2.233713150024414,-0.1119363009929657,-0.3028603196144104,0.8711949902590455,-0.16168136426815774,0.08536939531540155,-0.035569900138994706,-0.19166289785699,0.0014700702645198405,0.2902484959477879,-0.009856651591450064,-3.135622978210449,-3.1366030250534624,-0.000980046843013227,0
1780805309.8967564,FLY,spline,0,46,-7.231396806815753,-0.17620403246411748,-0.6863300687083155,-7.253710746765137,-0.2655273377895355,-0.8558398485183716,0.022313939949383688,0.08932330532541805,0.1695097798100561,0.09206826157977872,16.078239501059002,3.0,-2.991593862225292,0.05635280027416412,-0.21723380353255972,-2.200998067855835,-0.10764061659574509,-0.30425140261650085,0.8893186910183771,-0.1589804864507015,0.08701759908394113,-0.03497570701915433,-0.19565011202404298,0.0011660865761653483,0.28976779034781325,-0.009874055111266851,-3.1358256340026855,-3.1366030250534624,-0.0007773910507768989,0
1780805309.9073262,FLY,spline,0,46,-7.231396806815753,-0.17620403246411748,-0.6863300687083155,-7.268788814544678,-0.2662402391433716,-0.857958972454071,0.0373920077289247,0.0900362066792541,0.17162890374575557,0.09749195225858043,16.063050833779656,3.0,-2.9916044818268137,0.05686165367541222,-0.21695478020780645,-2.1405720710754395,-0.09948619455099106,-0.306416779756546,0.9562131659538969,-0.14997568923946086,0.08946199954873957,-0.03299465163268139,-0.21036689650985732,0.0008513740517512858,0.2892078333437424,-0.0098919475111766,-3.136035442352295,-3.1366030250534624,-0.0005675827011675239,0
1780805309.9177587,FLY,spline,0,47,-7.389748135654274,-0.17748771010785275,-0.7025584445081358,-7.309101581573486,-0.26805663108825684,-0.8638232350349426,-0.08064655408078725,0.09056892098040409,0.16126479052680687,0.12127075547163059,16.02243086807049,3.0,-2.9915020249713367,0.058547309883846765,-0.21791706472362055,-2.081286668777466,-0.09120102971792221,-0.30819666385650635,1.0192658149896345,-0.14240533154247448,0.0902795991328858,-0.03132917293934438,-0.2242384792977196,-1.8890896879453223e-05,0.2876780725929476,-0.009910003431003176,-3.1368863582611084,-3.1368737643298554,1.2593931252968815e-05,0
1780805309.9282064,FLY,spline,0,47,-7.389748135654274,-0.17748771010785275,-0.7025584445081358,-7.323319911956787,-0.26866209506988525,-0.8659716844558716,-0.06642822369748647,0.0911743849620325,0.16341323994773582,0.11280725764244161,16.008099532760376,3.0,-2.991520327922075,0.0589766925802702,-0.2175497123907413,-2.0500988960266113,-0.08672652393579483,-0.30909934639930725,1.0362958542094491,-0.13965571226516893,0.09154963400856594,-0.030724256698337164,-0.2279850879260788,-1.8890896879453223e-05,0.28755815987609146,-0.00992831335780489,-3.1368863582611084,-3.1368737643298554,1.2593931252968815e-05,0
1780805309.9391541,FLY,spline,0,47,-7.389748135654274,-0.17748771010785275,-0.7025584445081358,-7.337656021118164,-0.26924803853034973,-0.8681738376617432,-0.05209211453610951,0.09176032842249698,0.1656153931536074,0.1055156209717199,15.993647495665789,3.0,-2.9915411231714257,0.05938998802357989,-0.2171509560117224,-1.9915275573730469,-0.078090600669384,-0.31050777435302734,1.1015221617265998,-0.1293264242050608,0.09335681834130494,-0.028451813325113377,-0.24233487557985195,-0.0010502896700728126,0.28620046320838544,-0.009946984721473151,-3.1375739574432373,-3.1368737643298554,0.0007001931133818751,0
1780805309.9501553,FLY,spline,0,47,-7.389748135654274,-0.17748771010785275,-0.7025584445081358,-7.362030982971191,-0.27018553018569946,-0.8720019459724426,-0.02771715268308217,0.09269782007784672,0.16944350146430687,0.09675291416821578,15.969070812436785,3.0,-2.9915819655139124,0.06004565359533253,-0.21640670760450983,-1.9648178815841675,-0.07404645532369614,-0.3109166920185089,1.1137563234792625,-0.12744352120363486,0.09450998441399908,-0.02803757466479967,-0.24502639116543773,-0.0014340243731367774,0.2856405252749436,-0.009965886718355951,-3.1378297805786133,-3.1368737643298554,0.0009560162487578516,0
1780805309.960918,FLY,spline,0,47,-7.389748135654274,-0.17748771010785275,-0.7025584445081358,-7.401757717132568,-0.27153319120407104,-0.8784960508346558,0.012009581478294784,0.0940454810962183,0.17593760632652,0.09480919028186537,15.929001297122689,3.0,-2.991665248190393,0.060969957209688896,-0.21499234192818092,-1.8514147996902466,-0.056114066392183304,-0.31201785802841187,1.2692112000904636,-0.10373998146284684,0.09702551610023094,-0.022822795921826306,-0.279226464019902,-0.0018209777270186134,0.28496790539380185,-0.009985291821575997,-3.138087749481201,-3.1368737643298554,0.0012139851513457423,0
1780805309.9713588,FLY,spline,0,47,-7.389748135654274,-0.17748771010785275,-0.7025584445081358,-7.401757717132568,-0.27153319120407104,-0.8784960508346558,0.012009581478294784,0.0940454810962183,0.17593760632652,0.09480919028186537,15.929001297122689,3.0,-2.991665248190393,0.060969957209688896,-0.21499234192818092,-1.8514147996902466,-0.056114066392183304,-0.31201785802841187,1.2304764519174356,-0.10804951812885295,0.09702551610023094,-0.02377089398834765,-0.27070481942183583,-0.002908881703459043,0.283669830699542,-0.010004696924796042,-3.138813018798828,-3.1368737643298554,0.0019392544689726954,0
1780805309.982106,FLY,spline,0,47,-7.389748135654274,-0.17748771010785275,-0.7025584445081358,-7.424179553985596,-0.2721875011920929,-0.8822948932647705,0.03443141833132213,0.09469979108424015,0.17973644875663475,0.10076493933757533,15.906378830759744,3.0,-2.991721126865553,0.061406558155274245,-0.21408861175184046,-1.8265780210494995,-0.05200512707233429,-0.31204062700271606,1.2432130882010646,-0.1052514016525432,0.0979520152508756,-0.0231553083635595,-0.2735068794042342,-0.003746446171842832,0.2825847178358689,-0.010024287327846217,-3.139371395111084,-3.1368737643298554,0.0024976307812285548,0
1780805309.9928308,FLY,spline,0,47,-7.389748135654274,-0.17748771010785275,-0.7025584445081358,-7.448984146118164,-0.27281248569488525,-0.8866259455680847,0.05923601046389049,0.0953247755870325,0.18406750105994896,0.11223064544230445,15.881345370756645,3.0,-2.991791411346496,0.061810443464963026,-0.21298737068662676,-1.7711448669433594,-0.042595986276865005,-0.3115614950656891,1.3085529436578858,-0.09426471393130952,0.09857412437906232,-0.020738237064888095,-0.2878816476047349,-0.003746446171842832,0.2825152342807381,-0.01004400215272203,-3.139371395111084,-3.1368737643298554,0.0024976307812285548,0
1780805310.00346,FLY,spline,0,48,-7.548129755641143,-0.17870413102798643,-0.7191084079018213,-7.461093425750732,-0.2730761766433716,-0.8887841701507568,-0.08703632989041044,0.09437204561538515,0.16967576224893555,0.12837992722550004,15.869122096231093,3.0,-2.991697850235981,0.06234201865599799,-0.21414351636999251,-1.7227540016174316,-0.034075722098350525,-0.31046944856643677,1.3594764374922388,-0.08451886636910727,0.09632593219644425,-0.0185941506012036,-0.29908481624829253,-0.0044587714930710565,0.28136326143502227,-0.010063267339161318,-3.1401007175445557,-3.1371282032158416,0.0029725143287140376,0
1780805310.0163624,FLY,spline,0,48,-7.548129755641143,-0.17870413102798643,-0.7191084079018213,-7.503281116485596,-0.2737500071525574,-0.8965234160423279,-0.044848639155547154,0.09504587612457094,0.1774150081405066,0.10509576110572566,15.826526321131539,3.0,-2.9918412969145756,0.06272635738885007,-0.21201664596261877,-1.6502550840377808,-0.020744256675243378,-0.308019757270813,1.4485504892384204,-0.06771247790886337,0.09600311130819422,-0.01489674513994994,-0.3186811076324525,-0.004875050332182385,0.2808647972608445,-0.010082467961422956,-3.14037823677063,-3.1371282032158416,0.0032500335547882564,0
1780805310.0267396,FLY,spline,0,48,-7.548129755641143,-0.17870413102798643,-0.7191084079018213,-7.503281116485596,-0.2737500071525574,-0.8965234160423279,-0.044848639155547154,0.09504587612457094,0.1774150081405066,0.10509576110572566,15.826526321131539,3.0,-2.9918412969145756,0.06272635738885007,-0.21201664596261877,-1.6502550840377808,-0.020744256675243378,-0.308019757270813,1.4164508911992224,-0.07253153163076725,0.09600311130819422,-0.015956936958768795,-0.31161919606382893,-0.005295620705717541,0.28033408451430236,-0.010101668583684595,-3.1406586170196533,-3.1371282032158416,0.003530413803811694,0
1780805310.0376835,FLY,spline,0,48,-7.548129755641143,-0.17870413102798643,-0.7191084079018213,-7.536366939544678,-0.2739843726158142,-0.9028515219688416,-0.011762816096465123,0.09528024158782777,0.18374311406702026,0.09600358472241588,15.79310774284679,3.0,-2.9919719781507,0.06279263082516748,-0.21014463465680702,-1.5767892599105835,-0.006463466677814722,-0.30509477853775024,1.511788983398799,-0.05225694169345343,0.09495014388094322,-0.011496527172559754,-0.3325935763477358,-0.006584511544340588,0.278843449613779,-0.010120658612460783,-3.1415178775787354,-3.1371282032158416,0.004389674362893725,0
1780805310.0485992,FLY,spline,0,48,-7.548129755641143,-0.17870413102798643,-0.7191084079018213,-7.536366939544678,-0.2739843726158142,-0.9028515219688416,-0.011762816096465123,0.09528024158782777,0.18374311406702026,0.09600358472241588,15.79310774284679,3.0,-2.9919719781507,0.06279263082516748,-0.21014463465680702,-1.5767892599105835,-0.006463466677814722,-0.30509477853775024,1.4828224134031904,-0.056951023515775516,0.09495014388094322,-0.012529225173470614,-0.3262209309487019,-0.007026992577392477,0.2782982814206384,-0.010139648641236971,3.1413724422454834,-3.1371282032158416,0.004684661718261651,0
1780805310.0593183,FLY,spline,0,48,-7.548129755641143,-0.17870413102798643,-0.7191084079018213,-7.557773113250732,-0.27397459745407104,-0.9070702791213989,0.009643357609589565,0.09527046642608461,0.18796187121957764,0.09575727710743526,15.771480397362886,3.0,-2.9920654646299747,0.06270648355838335,-0.20883522760385287,-1.5294939279556274,0.0031960313208401203,-0.3030662536621094,1.5383671744392886,-0.04447718960300084,0.0942310260582565,-0.009784981712660184,-0.3384407783766435,-0.00747760369189443,0.2778066528092766,-0.010158494846448622,3.1410720348358154,-3.1371282032158416,0.00498506912792962,0
1780805310.0700305,FLY,spline,0,48,-7.548129755641143,-0.17870413102798643,-0.7191084079018213,-7.557773113250732,-0.27397459745407104,-0.9070702791213989,0.009643357609589565,0.09527046642608461,0.18796187121957764,0.09575727710743526,15.771480397362886,3.0,-2.9920654646299747,0.06270648355838335,-0.20883522760385287,-1.5294939279556274,0.0031960313208401203,-0.3030662536621094,1.5156523665160142,-0.048301254180615844,0.0942310260582565,-0.010626275919735485,-0.3334435206335231,-0.007930360573608297,0.2772582514407763,-0.010177341051660273,3.140770196914673,-3.1371282032158416,0.005286907049072198,0
1780805310.0808022,FLY,spline,0,48,-7.548129755641143,-0.17870413102798643,-0.7191084079018213,-7.587265491485596,-0.27373045682907104,-0.9130370616912842,0.039135735844452846,0.09502632580108461,0.1939286537894629,0.10276968626662568,15.74167640679022,3.0,-2.992205590044405,0.06240343986770064,-0.20690944299304476,-1.4651257991790771,0.017016444355249405,-0.2996020019054413,1.6029527255065352,-0.02773981941359338,0.09269255891239653,-0.006102760270990544,-0.35264959961143777,-0.00875469281085195,0.2764027369055423,-0.010195879563442752,3.1402206420898438,-3.1371282032158416,0.0058364618739013,0
1780805310.0914826,FLY,spline,0,49,-7.706540509307097,-0.1798558652027007,-0.7359676705551264,-7.607187271118164,-0.27338865399360657,-0.9171728491783142,-0.09935323818893327,0.09353278879090587,0.18120517862318786,0.1364531000660341,15.721539648702962,3.0,-2.9921916558387864,0.06239460426840065,-0.20711351497893846,-1.422168493270874,0.026717381551861763,-0.2971842885017395,1.6489065375482987,-0.015821785845177547,0.09007077352280105,-0.0034807928859390603,-0.36275943826062573,-0.009265073755773567,0.2755913286988155,-0.010213893718147312,3.1396422386169434,-3.1373663527254605,0.006176715837182378,0
1780805310.102094,FLY,spline,0,49,-7.706540509307097,-0.1798558652027007,-0.7359676705551264,-7.607187271118164,-0.27338865399360657,-0.9171728491783142,-0.09935323818893327,0.09353278879090587,0.18120517862318786,0.1364531000660341,15.721539648702962,3.0,-2.9921916558387864,0.06239460426840065,-0.20711351497893846,-1.422168493270874,0.026717381551861763,-0.2971842885017395,1.6252673284646624,-0.020400946135013982,0.09007077352280105,-0.004488208149703076,-0.35755881226222574,-0.009688505152257942,0.275087224908944,-0.010231907872851873,3.139359951019287,-3.1373663527254605,0.006459003434838628,0
1780805310.1127522,FLY,spline,0,49,-7.706540509307097,-0.1798558652027007,-0.7359676705551264,-7.633515357971191,-0.2727148234844208,-0.9227880835533142,-0.07302515133590592,0.09285895828172008,0.18682041299818786,0.11813322505035657,15.694920860298033,3.0,-2.99233720315761,0.06176485023692304,-0.20519055990493926,-1.366138219833374,0.04004848748445511,-0.2939717173576355,1.6985485896147496,-5.091599667887605e-05,0.08878115745269624,-1.1201519269352731e-05,-0.37368068971524493,-0.010874756792577767,0.27384163125847155,-0.010249664104342412,3.1385691165924072,-3.1373663527254605,0.007249837861718511,0
1780805310.1230478,FLY,spline,0,49,-7.706540509307097,-0.1798558652027007,-0.7359676705551264,-7.64285135269165,-0.2724023461341858,-0.92481929063797,-0.06368915661544694,0.0925464809314851,0.18885162008284362,0.11234393532001923,15.685480165406167,3.0,-2.9923918481677183,0.06148278955555361,-0.20447712245592506,-1.3465311527252197,0.044909074902534485,-0.29269546270370483,1.7082938716322458,0.00374678438642313,0.08821834024777978,0.0008242925650130886,-0.3758246517590941,-0.011312850931676888,0.27338730469190103,-0.010267307772391968,3.138277053833008,-3.1373663527254605,0.007541900621117925,0
1780805310.1336324,FLY,spline,0,49,-7.706540509307097,-0.1798558652027007,-0.7359676705551264,-7.652070045471191,-0.2720605432987213,-0.9268407821655273,-0.054470463835905925,0.09220467809602062,0.190873111610401,0.10709217568659962,15.676157527314357,3.0,-2.992447003820938,0.061177711554421615,-0.2037601946702389,-1.327392339706421,0.04976446181535721,-0.2913641035556793,1.7202581751953547,0.008151579806087628,0.08760390888544042,0.001793347557339278,-0.37845679854297803,-0.011753448465856575,0.27293835140316847,-0.010284828554169055,3.1379833221435547,-3.1373663527254605,0.00783563231057105,0
1780805310.144613,FLY,spline,0,49,-7.706540509307097,-0.1798558652027007,-0.7359676705551264,-7.677187442779541,-0.27091795206069946,-0.9324365258216858,-0.029353066527556315,0.09106208685799877,0.19646885526655944,0.09567604808678533,15.650754004243371,3.0,-2.9926043177127557,0.060177715582418495,-0.20173755266249296,-1.276599645614624,0.0632530227303505,-0.28670555353164673,1.785127356577838,0.028495905312416192,0.08496800086915376,0.006269099168731562,-0.39272801844712435,-0.012539156893285774,0.2722822424067156,-0.010301822154342886,3.1374595165252686,-3.1373663527254605,0.008359437928857183,0
1780805310.1553812,FLY,spline,0,49,-7.706540509307097,-0.1798558652027007,-0.7359676705551264,-7.694570064544678,-0.26994138956069946,-0.9363818168640137,-0.011970444762419596,0.09008552435799877,0.20041414630888732,0.09087735277100521,15.633171145941434,3.0,-2.992718967653374,0.059337251972409195,-0.20028048126586123,-1.2424997091293335,0.07285965979099274,-0.2833416163921356,1.819033227892808,0.04096852575081594,0.08306113512627439,0.009013075665179508,-0.4001873101364178,-0.013388165453466438,0.2715070093817882,-0.010318434381368142,3.1368935108184814,-3.1373663527254605,0.008925443635644292,0
1780805310.1657794,FLY,spline,0,49,-7.706540509307097,-0.1798558652027007,-0.7359676705551264,-7.694570064544678,-0.26994138956069946,-0.9363818168640137,-0.011970444762419596,0.09008552435799877,0.20041414630888732,0.09087735277100521,15.633171145941434,3.0,-2.992718967653374,0.059337251972409195,-0.20028048126586123,-1.2424997091293335,0.07285965979099274,-0.2833416163921356,1.79835427022895,0.03570450491466462,0.08306113512627439,0.007854991081226217,-0.39563793945036896,-0.013807305315526985,0.27104663422836844,-0.010335046608393397,3.1366140842437744,-3.1373663527254605,0.009204870210351324,0
1780805310.1763153,FLY,spline,0,49,-7.706540509307097,-0.1798558652027007,-0.7359676705551264,-7.703085899353027,-0.2694042921066284,-0.9383398294448853,-0.003454609954069987,0.08954842690392772,0.2023721588897589,0.08961503830776867,15.62455638877302,3.0,-2.9927770348153286,0.05887864232159014,-0.19954679992506832,-1.211788535118103,0.08197208493947983,-0.2800387442111969,1.8330169766755269,0.0481458953973981,0.08049194428612857,0.010592096987427583,-0.40326373486861594,-0.014562973001989388,0.27044764552264927,-0.010351144997250622,3.136110305786133,-3.1373663527254605,0.009708648667992925,0
1780805310.1867366,FLY,spline,0,49,-7.706540509307097,-0.1798558652027007,-0.7359676705551264,-7.726445198059082,-0.2677050828933716,-0.943774402141571,0.0199046887519847,0.08784921769067089,0.2078067315864447,0.09007597728127223,15.600924584219655,3.0,-2.9929418005354016,0.05744025579645064,-0.19748416549674794,-1.182841420173645,0.09102829545736313,-0.27666521072387695,1.863815573174778,0.061615317947618466,0.07918104522712902,0.013555369948476063,-0.4100394260984512,-0.015375503519567513,0.26970483933762657,-0.010366981206296047,3.135568618774414,-3.1373663527254605,0.010250335679711675,0
1780805310.1978416,FLY,spline,0,49,-7.706540509307097,-0.1798558652027007,-0.7359676705551264,-7.742578029632568,-0.26634764671325684,-0.9475781321525574,0.03603752032547103,0.08649178151055614,0.21161046159743102,0.09369915229114145,15.584602804850164,3.0,-2.9930597204531044,0.05630001785327788,-0.19601994232961892,-1.1414518356323242,0.10493841767311096,-0.2713180184364319,1.9138749242613526,0.08145984946937067,0.07529807610681297,0.017921166883261546,-0.42105248333749756,-0.01576853654721644,0.2696032077483182,-0.01038204082151741,3.1353065967559814,-3.1373663527254605,0.010512357698144292,0
1780805310.2086563,FLY,spline,0,49,-7.706540509307097,-0.1798558652027007,-0.7359676705551264,-7.742578029632568,-0.26634764671325684,-0.9475781321525574,0.03603752032547103,0.08649178151055614,0.21161046159743102,0.09369915229114145,15.584602804850164,3.0,-2.9930597204531044,0.05630001785327788,-0.19601994232961892,-1.1414518356323242,0.10493841767311096,-0.2713180184364319,1.895055053767181,0.07603429231445702,0.07529807610681297,0.016727544309180543,-0.41691211182877985,-0.01650417707303431,0.2688588944287078,-0.010397100436738773,3.1348161697387695,-3.1373663527254605,0.011002784715356206,0
1780805310.2195978,FLY,spline,0,50,-7.864979239182872,-0.18094548261017776,-0.7531239441338049,-7.765390396118164,-0.26414060592651367,-0.9530370831489563,-0.09958884306470761,0.08319512331633591,0.1999131390151514,0.12976658355134152,15.56152203432732,3.0,-2.9931321915512896,0.05476769098286469,-0.19534631791713158,-1.1164441108703613,0.11403719335794449,-0.2676309049129486,1.9218766441364854,0.08982339108359644,0.07228458699581702,0.019761146038391218,-0.4228128617100268,-0.016922747552592377,0.268363979075752,-0.010411557354137936,3.134315252304077,-3.1375882231737804,0.011281831701728251,0
1780805310.23025,FLY,spline,0,50,-7.864979239182872,-0.18094548261017776,-0.7531239441338049,-7.773046493530273,-0.26332029700279236,-0.954882800579071,-0.09193274565259824,0.0823748143926146,0.20175885644526614,0.12343921487697103,15.55377605711506,3.0,-2.9931914879565276,0.05408735357639857,-0.19462598646555357,-1.1043695211410522,0.11866136640310287,-0.2658978998661041,1.9275277087383447,0.09338221692765913,0.07127191340055056,0.02054408772408501,-0.4240560959224358,-0.016922747552592377,0.26843073858069316,-0.010425811736818046,3.134315252304077,-3.1375882231737804,0.011281831701728251,0
1780805310.2410476,FLY,spline,0,50,-7.864979239182872,-0.18094548261017776,-0.7531239441338049,-7.780624866485596,-0.2624609172344208,-0.9567187428474426,-0.08435437269727597,0.08151543462424302,0.20359479871363773,0.11730484335751093,15.54610876735144,3.0,-2.993250990047112,0.05337608399894088,-0.19390591594616324,-1.082961916923523,0.12731947004795074,-0.2624834477901459,1.9499719949691268,0.10457768935372383,0.06857753184398263,0.023007091657819244,-0.4289938388932079,-0.017287527978617767,0.2682907986654596,-0.010439527243186843,3.1340720653533936,-3.1375882231737804,0.011525018652411845,0
1780805310.2517955,FLY,spline,0,50,-7.864979239182872,-0.18094548261017776,-0.7531239441338049,-7.801328182220459,-0.2599121034145355,-0.9617528915405273,-0.06365105696241269,0.07896662080435776,0.20862894740672244,0.10142575734837543,15.525164144894687,3.0,-2.9934154797428882,0.05127247635479393,-0.19192420067333582,-1.0633405447006226,0.13588105142116547,-0.25913190841674805,1.969336060767902,0.11827383754916283,0.06720770774341223,0.02602024426081582,-0.43325393336893847,-0.018258845269877533,0.2675085861219838,-0.010452968784735525,3.1334245204925537,-3.1375882231737804,0.012172563513251689,0
1780805310.2627418,FLY,spline,0,50,-7.864979239182872,-0.18094548261017776,-0.7531239441338049,-7.815898418426514,-0.2579296827316284,-0.9653173685073853,-0.049080820756358,0.07698420012145066,0.21219342437358035,0.0912989267979493,15.51042536168128,3.0,-2.9935331467885575,0.049641448569408116,-0.19051253413391855,-1.0370008945465088,0.1486634910106659,-0.2548151910305023,1.9994126266733598,0.13719229423553178,0.06430265689658377,0.030182304731816992,-0.43987077786813916,-0.018921172082621673,0.2671657853677349,-0.010465829316114842,3.1329829692840576,-3.1375882231737804,0.012614114721747782,0
1780805310.2736394,FLY,spline,0,50,-7.864979239182872,-0.18094548261017776,-0.7531239441338049,-7.815898418426514,-0.2579296827316284,-0.9653173685073853,-0.049080820756358,0.07698420012145066,0.21219342437358035,0.0912989267979493,15.51042536168128,3.0,-2.9935331467885575,0.049641448569408116,-0.19051253413391855,-1.0370008945465088,0.1486634910106659,-0.2548151910305023,1.9862227790221652,0.1315238194447382,0.06430265689658377,0.028935240277842406,-0.4369690113848763,-0.019472634256083587,0.26671588002587626,-0.01047868984749416,3.132615327835083,-3.1375882231737804,0.012981756170722392,0
1780805310.2843356,FLY,spline,0,50,-7.864979239182872,-0.18094548261017776,-0.7531239441338049,-7.835312366485596,-0.2550390660762787,-0.9700927734375,-0.02966687269727597,0.07409358346610093,0.2169688293036951,0.07981216978935257,15.490788791545743,3.0,-2.993691942470483,0.04726933004645051,-0.18861114501605225,-1.022102952003479,0.1568334400653839,-0.2520846128463745,2.0009332897690792,0.14454548994025532,0.06347346783032226,0.03180000778685617,-0.44020532374919746,-0.019788419664103607,0.2665323575300406,-0.010491384541060224,3.1324048042297363,-3.1375882231737804,0.013192279776069071,0
1780805310.2948053,FLY,spline,0,50,-7.864979239182872,-0.18094548261017776,-0.7531239441338049,-7.842343807220459,-0.2539159953594208,-0.9718310236930847,-0.02263543196241269,0.07297051274924302,0.21870707955927982,0.0764006447028587,15.483677280753447,3.0,-2.9937500624200557,0.046349416452572824,-0.1879156602160096,-1.0147885084152222,0.16118693351745605,-0.25064951181411743,2.0034905888107724,0.1484421948705624,0.06273385159810782,0.03265728287152373,-0.4407679295383699,-0.020097410142619232,0.2663558965712607,-0.010503931311379845,3.1321988105773926,-3.1375882231737804,0.013398273428412821,0
1780805310.3056033,FLY,spline,0,50,-7.864979239182872,-0.18094548261017776,-0.7531239441338049,-7.861796855926514,-0.25062498450279236,-0.9766454696655273,-0.0031823832563580012,0.0696795018926146,0.22352152553172244,0.069752136506298,15.464005226014873,3.0,-2.993910945896117,0.04365760353151279,-0.1859872621910034,-0.9971274137496948,0.17314699292182922,-0.24651393294334412,2.023985445108397,0.1687327699027703,0.06052667075234072,0.037121209378609465,-0.44527679792384733,-0.02090278810282431,0.2659791493520147,-0.010516036645530313,3.131661891937256,-3.1375882231737804,0.01393519206854954,0
1780805310.3168268,FLY,spline,0,50,-7.864979239182872,-0.18094548261017776,-0.7531239441338049,-7.861796855926514,-0.25062498450279236,-0.9766454696655273,-0.0031823832563580012,0.0696795018926146,0.22352152553172244,0.069752136506298,15.464005226014873,3.0,-2.993910945896117,0.04365760353151279,-0.1859872621910034,-0.9971274137496948,0.17314699292182922,-0.24651393294334412,2.0153808658064634,0.16326123150362154,0.06052667075234072,0.03591747093079674,-0.44338379047742194,-0.02116671746988974,0.2658040141053489,-0.01052814197968078,3.131485939025879,-3.1375882231737804,0.014111144979926493,0
1780805310.3275125,FLY,spline,0,50,-7.864979239182872,-0.18094548261017776,-0.7531239441338049,-7.875507831573486,-0.2481347620487213,-0.9800439476966858,0.010528592390614655,0.06718927943854355,0.2269200035628809,0.06800919444603354,15.450142250787533,3.0,-2.9940242818222806,0.04162417041338412,-0.18462401874072645,-0.9869418144226074,0.1815083622932434,-0.24368731677532196,2.0256582644742784,0.17631924382386024,0.05906329803459551,0.038790233641249255,-0.44564481818434126,-0.02141848748942099,0.265762655633006,-0.0105399546392877,3.1313180923461914,-3.1375882231737804,0.014278991659613993,0
1780805310.3379433,FLY,spline,0,50,-7.864979239182872,-0.18094548261017776,-0.7531239441338049,-7.882343769073486,-0.24684569239616394,-0.9817284941673279,0.017364529890614655,0.06590020978598618,0.22860455003352298,0.06814957482008994,15.44323190939368,3.0,-2.9940800754224552,0.04057245189972864,-0.18395210818337737,-0.979113757610321,0.18938876688480377,-0.24101775884628296,2.032059455086346,0.18631830613132433,0.05706565066290559,0.04099002734889135,-0.4470530801189961,-0.021658455789286712,0.2657803178577509,-0.010551367769420282,3.1311581134796143,-3.1375882231737804,0.014438970526191142,0
1780805310.3487601,FLY,spline,0,50,-7.864979239182872,-0.18094548261017776,-0.7531239441338049,-7.894882678985596,-0.24439452588558197,-0.9848144054412842,0.02990343980272403,0.06344904327540421,0.23169046130747928,0.07014268888914407,15.430558216652443,3.0,-2.994181761341996,0.03857416262427517,-0.1827227791622568,-0.9760454297065735,0.19311386346817017,-0.23975594341754913,2.031356674715179,0.1911390630565667,0.05703316425529234,0.042050593872444676,-0.4468984684373394,-0.022069370210368255,0.2655730694690469,-0.01056277440227134,3.1308841705322266,-3.1375882231737804,0.014712913473578837,0
1780805310.3593125,FLY,spline,0,50,-7.864979239182872,-0.18094548261017776,-0.7531239441338049,-7.908398151397705,-0.24163085222244263,-0.9881151914596558,0.043418912214833405,0.06068536961226487,0.23499124732585086,0.07461846971693141,15.416901086254336,3.0,-2.9942892669397887,0.03632322976054348,-0.18141777440191784,-0.9708728790283203,0.20105859637260437,-0.23719832301139832,2.0350781781475016,0.2035843964549087,0.05578054860948048,0.044788567220079914,-0.44771719919245034,-0.022468840539652923,0.26551011712289596,-0.010573930511993236,3.13061785697937,-3.1375882231737804,0.014979227026435282,0
1780805310.3699207,FLY,spline,0,50,-7.864979239182872,-0.18094548261017776,-0.7531239441338049,-7.908398151397705,-0.24163085222244263,-0.9881151914596558,0.043418912214833405,0.06068536961226487,0.23499124732585086,0.07461846971693141,15.416901086254336,3.0,-2.9942892669397887,0.03632322976054348,-0.18141777440191784,-0.9708728790283203,0.20105859637260437,-0.23719832301139832,2.0309763625666872,0.19883744438782458,0.05578054860948048,0.04374423776532141,-0.4468147997646712,-0.022652661264140228,0.26544762935269195,-0.010585086621715133,3.130495309829712,-3.1375882231737804,0.015101774176093485,0
1780805310.3806844,FLY,spline,0,51,-8.023444787799201,-0.1819755532285997,-0.7705649403036111,-7.933906078338623,-0.23609374463558197,-0.9942968487739563,-0.0895387094605784,0.05411819140698226,0.2237319084703452,0.1046229378914043,15.391134617930787,3.0,-2.9944029822329137,0.03210300182004603,-0.18033351676484732,-0.9668298363685608,0.21562764048576355,-0.23299452662467957,2.034370993736952,0.22609079369455887,0.05266100985983224,0.049739974612802954,-0.4475616186221294,-0.02279844715382584,0.26563212264645003,-0.010595618823687099,3.130192518234253,-3.1377938241761165,0.015198964769217227,0
1780805310.3913443,FLY,spline,0,51,-8.023444787799201,-0.1819755532285997,-0.7705649403036111,-7.940624713897705,-0.23457030951976776,-0.9959082007408142,-0.08282007390149637,0.052594756291168054,0.2253432604372031,0.09810898547216092,15.384350165921115,3.0,-2.994453277856536,0.030865861643055523,-0.17971328642946371,-0.9670078754425049,0.219346284866333,-0.23197005689144135,2.0313484164072397,0.22836737849803793,0.05225677046197763,0.050240823269568344,-0.44689665160959274,-0.022938279650468907,0.2656666050333362,-0.010606070177779495,3.130099296569824,-3.1377938241761165,0.015292186433645938,0
1780805310.401928,FLY,spline,0,51,-8.023444787799201,-0.1819755532285997,-0.7705649403036111,-7.940624713897705,-0.23457030951976776,-0.9959082007408142,-0.08282007390149637,0.052594756291168054,0.2253432604372031,0.09810898547216092,15.384350165921115,3.0,-2.994453277856536,0.030865861643055523,-0.17971328642946371,-0.9670078754425049,0.219346284866333,-0.23197005689144135,2.02943842423102,0.22383320228317796,0.05225677046197763,0.049243304502299155,-0.44647645333082436,-0.023267297289629063,0.26578230583352713,-0.01061652153187189,3.129879951477051,-3.1377938241761165,0.015511531526419375,0
1780805310.4127827,FLY,spline,0,51,-8.023444787799201,-0.1819755532285997,-0.7705649403036111,-7.966289043426514,-0.22853514552116394,-1.001987338066101,-0.05715574437268778,0.046559592292564234,0.23142239776248996,0.07371956829258998,15.358443652391678,3.0,-2.994637461403195,0.025968021858569248,-0.17740387989381687,-0.972549319267273,0.23303183913230896,-0.22867587208747864,2.019201510189009,0.2501054769459365,0.05127199219366177,0.05502320492810603,-0.444224332241582,-0.023361711046953282,0.26592787787092076,-0.010626775930310623,3.129817008972168,-3.1377938241761165,0.015574474031302188,0
1780805310.4234097,FLY,spline,0,51,-8.023444787799201,-0.1819755532285997,-0.7705649403036111,-7.966289043426514,-0.22853514552116394,-1.001987338066101,-0.05715574437268778,0.046559592292564234,0.23142239776248996,0.07371956829258998,15.358443652391678,3.0,-2.994637461403195,0.025968021858569248,-0.17740387989381687,-0.972549319267273,0.23303183913230896,-0.22867587208747864,2.019280622005951,0.24444217326152387,0.05127199219366177,0.05377727811753525,-0.4442417368413092,-0.02344360782887467,0.26601177561935074,-0.010637030328749356,3.1297624111175537,-3.1377938241761165,0.015629071885916446,0
1780805310.433685,FLY,spline,0,51,-8.023444787799201,-0.1819755532285997,-0.7705649403036111,-7.973046779632568,-0.2268945276737213,-1.0035693645477295,-0.05039800816663309,0.04491897444512161,0.23300442424411838,0.0675105435644352,15.351624467272288,3.0,-2.9946837997734703,0.024637307139819094,-0.17681047047963572,-0.9752631783485413,0.23649801313877106,-0.22800493240356445,2.0149752614390013,0.2481202856735182,0.051194461923928736,0.054586462848174006,-0.4432945575165803,-0.023514775774736485,0.2661191896710642,-0.010647269221134141,3.1297149658203125,-3.1377938241761165,0.015676517183157657,0
1780805310.444605,FLY,spline,0,51,-8.023444787799201,-0.1819755532285997,-0.7705649403036111,-7.999101161956787,-0.22041015326976776,-1.0095751285552979,-0.02434362584241434,0.038434600041168054,0.23901018825168674,0.045495390969635806,15.325343089552797,3.0,-2.994852342310837,0.019380035450902895,-0.17459628283905815,-0.9905424118041992,0.24918681383132935,-0.22606642544269562,1.9909710963863985,0.2730308887382359,0.05147014260363747,0.0600667955224119,-0.4380136412050077,-0.023644952318925938,0.26649188918513983,-0.010657563249654868,3.1296281814575195,-3.1377938241761165,0.015763301545950625,0
1780805310.4556015,FLY,spline,0,51,-8.023444787799201,-0.1819755532285997,-0.7705649403036111,-8.00601577758789,-0.2186620980501175,-1.011142611503601,-0.017429010211310825,0.036686544821517786,0.24057767119998996,0.04061616633665972,15.318370796368665,3.0,-2.9948941698320173,0.01796317723667429,-0.17402941064588498,-0.995815098285675,0.2523679733276367,-0.22568881511688232,1.9856438919710804,0.2745391702465915,0.051659404470997344,0.06039861745425013,-0.4368416562336377,-0.023667840502519688,0.26664277866653274,-0.010667895130549068,3.129612922668457,-3.1377938241761165,0.015778560335013125,0
1780805310.4660804,FLY,spline,0,51,-8.023444787799201,-0.1819755532285997,-0.7705649403036111,-8.00601577758789,-0.2186620980501175,-1.011142611503601,-0.017429010211310825,0.036686544821517786,0.24057767119998996,0.04061616633665972,15.318370796368665,3.0,-2.9948941698320173,0.01796317723667429,-0.17402941064588498,-0.995815098285675,0.2523679733276367,-0.22568881511688232,1.9887875856865325,0.26968860058098076,0.051659404470997344,0.05933149212781577,-0.43753326885103716,-0.02367570831563004,0.26682549575129155,-0.010678227011443268,3.129607677459717,-3.1377938241761165,0.01578380554375336,0
1780805310.4764156,FLY,spline,0,51,-8.023444787799201,-0.1819755532285997,-0.7705649403036111,-8.013007164001465,-0.2168847620487213,-1.0127148628234863,-0.010437623797736606,0.03490920882012161,0.24214992251987522,0.03643620247761742,15.311322248450915,3.0,-2.9949351383615075,0.01652273238070917,-0.17346618207078365,-1.0073411464691162,0.25824376940727234,-0.2250768095254898,1.9724778537113956,0.2777440181745318,0.051610627454706154,0.061103683998397,-0.433945127816507,-0.023655323527116856,0.26720612676313443,-0.010688549136934209,3.1296212673187256,-3.1377938241761165,0.01577021568474457,0
1780805310.487079,FLY,spline,0,51,-8.023444787799201,-0.1819755532285997,-0.7705649403036111,-8.039843559265137,-0.20995116233825684,-1.018642544746399,0.01639877146593527,0.02797560910965713,0.2480776044427878,0.03242767969880521,15.2842768915515,3.0,-2.99508046784706,0.01090497699576248,-0.17138865947826917,-1.0285230875015259,0.2667059600353241,-0.22397692501544952,1.9421820903038105,0.29615358041585105,0.05258826553718035,0.06515378769148723,-0.4272800598668383,-0.023624567530412754,0.2673550877707013,-0.010699066790041645,3.1296417713165283,-3.1377938241761165,0.015749711686941836,0
1780805310.4975486,FLY,spline,0,51,-8.023444787799201,-0.1819755532285997,-0.7705649403036111,-8.039843559265137,-0.20995116233825684,-1.018642544746399,0.01639877146593527,0.02797560910965713,0.2480776044427878,0.03242767969880521,15.2842768915515,3.0,-2.99508046784706,0.01090497699576248,-0.17138865947826917,-1.0285230875015259,0.2667059600353241,-0.22397692501544952,1.9485439904007484,0.2910356401225893,0.05258826553718035,0.06402784082696965,-0.42867967788816463,-0.023580579302568516,0.2675993069291328,-0.010709584443149081,3.129671096801758,-3.1377938241761165,0.015720386201712344,0
1780805310.5084214,FLY,spline,0,51,-8.023444787799201,-0.1819755532285997,-0.7705649403036111,-8.04703140258789,-0.20807616412639618,-1.0201952457427979,0.023586614788689175,0.026100610897796472,0.24963030543918674,0.03517911719228018,15.277036099825185,3.0,-2.9951158336106865,0.009386094518524962,-0.17085972165566582,-1.044826865196228,0.2719312012195587,-0.22314667701721191,1.9268736962883017,0.2977221057109219,0.052286955361546095,0.06549886325640282,-0.42391221318342637,-0.02338567211415299,0.2684148757372218,-0.01072004183422139,3.129801034927368,-3.1377938241761165,0.015590448076101993,0
1780805310.5192683,FLY,spline,0,52,-8.181935997686827,-0.18294864703614883,-0.7882783707303,-8.075078010559082,-0.2007714807987213,-1.0260839462280273,-0.10685798712774464,0.017822833762572488,0.2378055754977273,0.1083341258160213,15.24879562218397,3.0,-2.995169787697558,0.0037235442523634145,-0.17012959202315184,-1.0732641220092773,0.2793714702129364,-0.2216772735118866,1.887314193900052,0.31423402876185036,0.05154768148873476,0.06913148632760709,-0.4152091226580114,-0.022898171150103952,0.2691099515775145,-0.010730351370519137,3.129936695098877,-3.1379831646473066,0.015265447433402635,0
1780805310.5298464,FLY,spline,0,52,-8.181935997686827,-0.18294864703614883,-0.7882783707303,-8.082616806030273,-0.1988183557987213,-1.027622103691101,-0.09931919165655323,0.015869708762572488,0.23934373296080103,0.10057907082251269,15.241207976663716,3.0,-2.995198460772445,0.002142568097635103,-0.16965137779671738,-1.0943530797958374,0.2839142680168152,-0.22067268192768097,1.8628802390771475,0.3187775412836329,0.05102130413096359,0.07013105908239924,-0.40983365259697246,-0.022898171150103952,0.26914185750530994,-0.010740555631345329,3.129936695098877,-3.1379831646473066,0.015265447433402635,0
1780805310.5407178,FLY,spline,0,52,-8.181935997686827,-0.18294864703614883,-0.7882783707303,-8.096562385559082,-0.19520507752895355,-1.0304150581359863,-0.08537361212774464,0.012256430492804726,0.24213668740568628,0.08624890570994823,15.22717594266339,3.0,-2.995246776290976,-0.0007821451778787507,-0.1688079896433763,-1.1050866842269897,0.28597989678382874,-0.22019682824611664,1.8561382878655646,0.32163505760534167,0.05138883860274035,0.07075971267317517,-0.4083504233304242,-0.02252123137654438,0.2701179304247604,-0.010750833399065877,3.13018798828125,-3.1379831646473066,0.015014154251029588,0
1780805310.5512552,FLY,spline,0,52,-8.181935997686827,-0.18294864703614883,-0.7882783707303,-8.096562385559082,-0.19520507752895355,-1.0304150581359863,-0.08537361212774464,0.012256430492804726,0.24213668740568628,0.08624890570994823,15.22717594266339,3.0,-2.995246776290976,-0.0007821451778787507,-0.1688079896433763,-1.1050866842269897,0.28597989678382874,-0.22019682824611664,1.8653603842758217,0.31743739450676234,0.05138883860274035,0.06983622679148771,-0.4103792845406808,-0.022362802230731393,0.2704919693259901,-0.010761111166786425,3.130293607711792,-3.1379831646473066,0.014908534820487596,0
1780805310.5618496,FLY,spline,0,52,-8.181935997686827,-0.18294864703614883,-0.7882783707303,-8.1201171875,-0.18916015326976776,-1.0349804162979126,-0.06181881018682667,0.006211506233618935,0.24670204556761255,0.06213009015449109,15.203485635305325,3.0,-2.995314754626793,-0.005675519385333245,-0.16750316174550645,-1.1554864645004272,0.29403573274612427,-0.2181067168712616,1.7911112098507194,0.33402059196672584,0.05060355512575515,0.07348453023267969,-0.39404446616715827,-0.02200839301289692,0.27135358201243653,-0.010771231877811576,3.1305298805236816,-3.1379831646473066,0.014672262008597947,0
1780805310.5723505,FLY,spline,0,52,-8.181935997686827,-0.18294864703614883,-0.7882783707303,-8.1201171875,-0.18916015326976776,-1.0349804162979126,-0.06181881018682667,0.006211506233618935,0.24670204556761255,0.06213009015449109,15.203485635305325,3.0,-2.995314754626793,-0.005675519385333245,-0.16750316174550645,-1.1554864645004272,0.29403573274612427,-0.2181067168712616,1.804774981915454,0.3294061370314862,0.05060355512575515,0.07246935014692696,-0.39705049602139986,-0.02165756007374897,0.2721165436107525,-0.010781352588836727,3.1307637691497803,-3.1379831646473066,0.014438373382499314,0
1780805310.5829244,FLY,spline,0,52,-8.181935997686827,-0.18294864703614883,-0.7882783707303,-8.134491920471191,-0.1855175793170929,-1.0376806259155273,-0.04744407721563526,0.0025689322809440696,0.2494022551852273,0.04751357570113238,15.189034031254332,3.0,-2.995348376955265,-0.008624564233633948,-0.16677445117054937,-1.1681177616119385,0.2957008183002472,-0.21764697134494781,1.7940970802829626,0.3333795292878506,0.050872520174398445,0.07334349644332713,-0.3947013576622518,-0.02144548674763813,0.2725360415942323,-0.010791527092871607,3.1309051513671875,-3.1379831646473066,0.014296991165092088,0
1780805310.593445,FLY,spline,0,52,-8.181935997686827,-0.18294864703614883,-0.7882783707303,-8.151015281677246,-0.1813671886920929,-1.0406932830810547,-0.030920716009580573,-0.0015814583440559304,0.25241491235075464,0.030961131908234824,15.172428388865876,3.0,-2.9953793598630134,-0.011985020956582153,-0.1660085834507265,-1.1978507041931152,0.29920217394828796,-0.21665702760219574,1.7554434698139667,0.3407236461130166,0.05064844415146924,0.07495920214486365,-0.3861975633590727,-0.021220538818255807,0.2730066417444245,-0.010801656781701901,3.1310551166534424,-3.1379831646473066,0.014147025878837205,0
1780805310.604339,FLY,spline,0,52,-8.181935997686827,-0.18294864703614883,-0.7882783707303,-8.172968864440918,-0.1759667992591858,-1.0445507764816284,-0.008967133245908698,-0.006981847776963035,0.25627240575132837,0.01136466792434186,15.150374329265603,3.0,-2.9954085876809082,-0.01635866311498529,-0.1651053814645539,-1.2391389608383179,0.30319029092788696,-0.2154921293258667,1.700958607526464,0.3499550883172511,0.05038674786131281,0.07699011942979524,-0.3742108936558221,-0.020984862052813913,0.27349395798889686,-0.010811734131274163,3.1312122344970703,-3.1379831646473066,0.013989908035209275,0
1780805310.6149154,FLY,spline,0,52,-8.181935997686827,-0.18294864703614883,-0.7882783707303,-8.181679725646973,-0.17384764552116394,-1.046044945716858,-0.0002562720398540108,-0.009101001514984886,0.25776657498655786,0.009104608939112548,15.141626007548972,3.0,-2.9954168772804906,-0.01807512569072548,-0.16477566912156708,-1.2673487663269043,0.30544307827949524,-0.2147703468799591,1.6714961785621343,0.3514492585898844,0.04999467775839203,0.07731883688977458,-0.36772915928366956,-0.02032968779744282,0.2748056790898454,-0.010821733066825842,3.1316490173339844,-3.1379831646473066,0.013553125198295213,0
1780805310.625643,FLY,spline,0,52,-8.181935997686827,-0.18294864703614883,-0.7882783707303,-8.19320297241211,-0.17107421159744263,-1.0479882955551147,0.011266974725282708,-0.011874435438706199,0.2597099248248147,0.016369084777352733,15.130055223093086,3.0,-2.995425003603986,-0.020321838105106984,-0.16436566149926,-1.2937300205230713,0.30724307894706726,-0.21413949131965637,1.645303276443418,0.35387751930616873,0.04977382982039638,0.07785305424735713,-0.36196672081755193,-0.019967410766497995,0.2754944264989402,-0.010831687832789922,3.1318905353546143,-3.1379831646473066,0.01331160717766533,0
1780805310.63603,FLY,spline,0,52,-8.181935997686827,-0.18294864703614883,-0.7882783707303,-8.19320297241211,-0.17107421159744263,-1.0479882955551147,0.011266974725282708,-0.011874435438706199,0.2597099248248147,0.016369084777352733,15.130055223093086,3.0,-2.995425003603986,-0.020321838105106984,-0.16436566149926,-1.2937300205230713,0.30724307894706726,-0.21413949131965637,1.6613574739805053,0.350391393760508,0.04977382982039638,0.07708610662731176,-0.36549864427571116,-0.019479248725787546,0.27636031267213157,-0.010841642598754002,3.132215976715088,-3.1379831646473066,0.012986165817191697,0
1780805310.646644,FLY,spline,0,52,-8.181935997686827,-0.18294864703614883,-0.7882783707303,-8.2173433303833,-0.16540038585662842,-1.0519237518310547,0.035407332696474114,-0.017548261179520408,0.26364538110075464,0.03951734655949799,15.10582293274581,3.0,-2.995431455035794,-0.024919546837199814,-0.16361361302647284,-1.3277080059051514,0.3092074990272522,-0.21351169049739838,1.6182150680197962,0.35763390843764276,0.049898077470925534,0.0786794598562814,-0.35600731496435517,-0.018847677909747507,0.27743011019697733,-0.010851622214248187,3.1326370239257812,-3.1379831646473066,0.012565118606498338,0
1780805310.6573527,FLY,spline,0,52,-8.181935997686827,-0.18294864703614883,-0.7882783707303,-8.226679801940918,-0.1632421910762787,-1.0534032583236694,0.0447438042540913,-0.01970645595987014,0.2651248875933694,0.04889123055954657,15.0964534701524,3.0,-2.9954304378702323,-0.026668786676973828,-0.16335626005062007,-1.3469802141189575,0.31015661358833313,-0.21321691572666168,1.601353889954743,0.3587485968621229,0.049860655676041615,0.07892469130966703,-0.35229785579004347,-0.018519017898456003,0.2779845000045055,-0.010861594345383396,3.1328561305999756,-3.1379831646473066,0.012346011932304002,0
1780805310.6680157,FLY,spline,0,53,-8.340451711376481,-0.1838673340110072,-0.8062519470796244,-8.23617172241211,-0.16108398139476776,-1.0548827648162842,-0.10427998896437174,-0.022783352616239427,0.24863081773665974,0.10673985785471796,15.086929230748693,3.0,-2.9953710873127566,-0.02819018034457307,-0.1641869758017733,-1.3667340278625488,0.3110122084617615,-0.21299590170383453,1.5829288600156348,0.3596588251931424,0.048808925902061234,0.07912494154249133,-0.34824434920343966,-0.01792250021558406,0.2786348667160741,-0.010871356130563808,3.1330807209014893,-3.1381562528010405,0.011948333477056039,0
1780805310.6790764,FLY,spline,0,53,-8.340451711376481,-0.1838673340110072,-0.8062519470796244,-8.274687767028809,-0.152587890625,-1.0606591701507568,-0.06576394434767252,-0.03127944338600719,0.2544072230711324,0.0728237595479813,15.048294537745955,3.0,-2.9953409775381106,-0.03507537898620443,-0.16340791311931452,-1.44853675365448,0.3134431540966034,-0.21254794299602509,1.4649561770118207,0.3704672477468012,0.04914002987671057,0.08150279450429626,-0.32229035894260055,-0.016897896371895094,0.2803305331001359,-0.01088118413653915,3.1337637901306152,-3.1381562528010405,0.011265264247930062,0
1780805310.6898484,FLY,spline,0,53,-8.340451711376481,-0.1838673340110072,-0.8062519470796244,-8.284882545471191,-0.15041014552116394,-1.0621337890625,-0.05556916590528971,-0.03345718848984325,0.25588184198287556,0.06486382397804273,15.038071245938314,3.0,-2.9953286932302765,-0.0368410065493274,-0.16324447846048548,-1.488768219947815,0.3140631318092346,-0.212513729929924,1.4243503202671466,0.3704776727400942,0.04926925146943853,0.08150508800282072,-0.31335707045877226,-0.016532043062263746,0.28092557770230686,-0.010891037986833038,3.134007692337036,-3.1381562528010405,0.011021362041509164,0
1780805310.7007186,FLY,spline,0,53,-8.340451711376481,-0.1838673340110072,-0.8062519470796244,-8.301679611206055,-0.14689452946186066,-1.064516544342041,-0.03877210017042643,-0.03697280454914653,0.2582645972624166,0.05357484510341557,15.021229480781686,3.0,-2.9953049240927965,-0.03969217669661815,-0.16301209407443235,-1.507238745689392,0.3142322897911072,-0.21254566311836243,1.418725339474711,0.3720667034246732,0.04953356904393008,0.0818546747534281,-0.3121195746844364,-0.015927294336372633,0.2818848434050745,-0.010900944700641825,3.134410858154297,-3.1381562528010405,0.010618196224248422,0
1780805310.7115083,FLY,spline,0,53,-8.340451711376481,-0.1838673340110072,-0.8062519470796244,-8.32308578491211,-0.1425195336341858,-1.067470669746399,-0.01736592646437174,-0.0413478003768214,0.2612187226667745,0.04484658290179352,14.99977066444492,3.0,-2.995268361495849,-0.043241550200325767,-0.16278086791218163,-1.5542352199554443,0.3143903613090515,-0.21284198760986328,1.3636512863659156,0.37452296810880226,0.05006111969768165,0.0823950529839365,-0.30000328300050144,-0.015161970697456617,0.28303991985802796,-0.01091095692458136,3.134921073913574,-3.1381562528010405,0.010107980464971078,0
1780805310.722096,FLY,spline,0,53,-8.340451711376481,-0.1838673340110072,-0.8062519470796244,-8.334062576293945,-0.14033202826976776,-1.0689501762390137,-0.006389135082535802,-0.04353530574123943,0.26269822915938923,0.04400163511832355,14.988768512444999,3.0,-2.995247134680497,-0.04501693819303452,-0.16269012712515557,-1.5783932209014893,0.31431686878204346,-0.213087797164917,1.3475334549179854,0.3744530889348101,0.05039767003976142,0.08237967956565823,-0.2964573600819568,-0.01477322920423152,0.2836070094285399,-0.010921036458589313,3.1351802349090576,-3.1381562528010405,0.00984881946948768,0
1780805310.7325027,FLY,spline,0,53,-8.340451711376481,-0.1838673340110072,-0.8062519470796244,-8.334062576293945,-0.14033202826976776,-1.0689501762390137,-0.006389135082535802,-0.04353530574123943,0.26269822915938923,0.04400163511832355,14.988768512444999,3.0,-2.995247134680497,-0.04501693819303452,-0.16269012712515557,-1.5783932209014893,0.31431686878204346,-0.213087797164917,1.3676295987321183,0.37264070750346606,0.05039767003976142,0.08198095565076254,-0.30087851172106606,-0.01477322920423152,0.28359692989453195,-0.010931115992597265,3.1351802349090576,-3.1381562528010405,0.00984881946948768,0
1780805310.7429738,FLY,spline,0,53,-8.340451711376481,-0.1838673340110072,-0.8062519470796244,-8.364453315734863,-0.1344628930091858,-1.0729491710662842,0.024001604358382167,-0.0494044410018214,0.26669722398665974,0.054926094003476714,14.958311795042084,3.0,-2.995181196904676,-0.04978273844200967,-0.16251546591597457,-1.645730972290039,0.31358951330184937,-0.21400731801986694,1.2741809094372918,0.3758928738786929,0.05149185210389237,0.08269643225331244,-0.2803198000762042,-0.013302663408333082,0.28577226192379185,-0.010941414363018043,3.1361606121063232,-3.1381562528010405,0.008868442272222055,0
1780805310.75369,FLY,spline,0,53,-8.340451711376481,-0.1838673340110072,-0.8062519470796244,-8.376054763793945,-0.13228514790534973,-1.074438452720642,0.0356030524174642,-0.05158218610565746,0.26818650564101765,0.06267614590001035,14.946686896206055,3.0,-2.995153292384408,-0.051551912414062206,-0.1624781691344864,-1.6714575290679932,0.31313151121139526,-0.21446841955184937,1.2550477687557966,0.3758673499219245,0.051990250417362965,0.08269081698282339,-0.27611050912627527,-0.012895325265938062,0.286353746815496,-0.010951812413101515,3.13643217086792,-3.1381562528010405,0.008596883510625375,0
1780805310.764301,FLY,spline,0,53,-8.340451711376481,-0.1838673340110072,-0.8062519470796244,-8.38785171508789,-0.13011717796325684,-1.0759326219558716,0.04740000371140951,-0.05375015604775035,0.26968067487624714,0.07166477256643705,14.934866804079517,3.0,-2.995123642257737,-0.05331378700077774,-0.16245617164140097,-1.6975806951522827,0.3125683069229126,-0.21493861079216003,1.2333215710440044,0.37592374930564193,0.052482439150759064,0.08270322484724123,-0.27133074562968096,-0.012484053216987867,0.28693461434911866,-0.010962308900931667,3.1367063522338867,-3.1381562528010405,0.008322702144658578,0
1780805310.7753398,FLY,spline,0,54,-8.4989907713989,-0.18473418413135712,-0.8244733810173395,-8.4375,-0.12137695401906967,-1.0820263624191284,-0.06149077139889947,-0.06335723011228744,0.25755298140178895,0.08829073323250326,14.885129230564873,3.0,-2.994936870569323,-0.060215434324619295,-0.16348468666369395,-1.8076956272125244,0.30919772386550903,-0.21773245930671692,1.0757522791515797,0.37899379392391297,0.05424777264302297,0.08337863466326086,-0.23666550141334752,-0.011404428796788046,0.288071430383034,-0.01097315845546027,3.1372692584991455,-3.138313096149249,0.007602952531192031,0
1780805310.7862837,FLY,spline,0,54,-8.4989907713989,-0.18473418413135712,-0.8244733810173395,-8.4375,-0.12137695401906967,-1.0820263624191284,-0.06149077139889947,-0.06335723011228744,0.25755298140178895,0.08829073323250326,14.885129230564873,3.0,-2.994936870569323,-0.060215434324619295,-0.16348468666369395,-1.8076956272125244,0.30919772386550903,-0.21773245930671692,1.1088207304340432,0.3773523180461727,0.05424777264302297,0.083017509970158,-0.2439405606954895,-0.010990295724888632,0.28868968425518104,-0.010984008009988874,3.137545347213745,-3.138313096149249,0.007326863816592422,0
1780805310.7968845,FLY,spline,0,54,-8.4989907713989,-0.18473418413135712,-0.8244733810173395,-8.463164329528809,-0.11710937321186066,-1.0850683450698853,-0.035826441870090875,-0.06762481091949646,0.2605949640525458,0.07652874616095999,14.859422603405992,3.0,-2.9948578877703387,-0.06368662598685457,-0.1636161536346478,-1.8899506330490112,0.3057149350643158,-0.22013436257839203,1.0003703065994498,0.37530524164725787,0.056518208943744236,0.08256715316239673,-0.22008146745187895,-0.010159168558140586,0.28974211529749666,-0.010995311651777624,3.138099431991577,-3.138313096149249,0.00677277903876039,0
1780805310.8077374,FLY,spline,0,54,-8.4989907713989,-0.18473418413135712,-0.8244733810173395,-8.486445426940918,-0.11336913704872131,-1.0877685546875,-0.0125453444579815,-0.0713650470826358,0.26329517367016053,0.07245933764999672,14.836105292985257,3.0,-2.9947825316088093,-0.06673083244110917,-0.16378212470367445,-1.9157366752624512,0.30446407198905945,-0.2209354192018509,0.9901370599584066,0.37693627351440123,0.05715329449817644,0.08292598017316827,-0.21783015319084945,-0.00943211110117037,0.2907420925391957,-0.01100674231067726,3.1385841369628906,-3.138313096149249,0.006288074067446914,0
1780805310.8184936,FLY,spline,0,54,-8.4989907713989,-0.18473418413135712,-0.8244733810173395,-8.513671875,-0.10917968302965164,-1.090859293937683,0.014681103601100531,-0.07555450110170547,0.26638591292034364,0.07696763891190804,14.808838175513447,3.0,-2.9946910248373357,-0.07014354881968964,-0.16402910814147756,-1.9752137660980225,0.3013206720352173,-0.22295764088630676,0.9213642470958647,0.37583743477928516,0.058928532744829204,0.08268423565144274,-0.20270013436109025,-0.00862780602457125,0.29173502105100485,-0.011018528017226225,3.13912034034729,-3.138313096149249,0.0057518706830475,0
1780805310.8290298,FLY,spline,0,54,-8.4989907713989,-0.18473418413135712,-0.8244733810173395,-8.513671875,-0.10917968302965164,-1.090859293937683,0.014681103601100531,-0.07555450110170547,0.26638591292034364,0.07696763891190804,14.808838175513447,3.0,-2.9946910248373357,-0.07014354881968964,-0.16402910814147756,-1.9752137660980225,0.3013206720352173,-0.22295764088630676,0.9505217033887072,0.37528126939307294,0.058928532744829204,0.08256187926647604,-0.2091147747455156,-0.00862780602457125,0.29172323534445593,-0.01103031372377519,3.13912034034729,-3.138313096149249,0.0057518706830475,0
1780805310.8397987,FLY,spline,0,54,-8.4989907713989,-0.18473418413135712,-0.8244733810173395,-8.527617454528809,-0.10709960758686066,-1.0924170017242432,0.028626683129909125,-0.07763457654449646,0.2679436207069037,0.08274427147702434,14.794872486212832,3.0,-2.994642802323459,-0.07183904430213675,-0.16417563219325926,-2.0328369140625,0.29792582988739014,-0.22514189779758453,0.8789348829069615,0.37130604357037633,0.060966265604325276,0.08168732958548279,-0.19336567423953155,-0.0075373986530502535,0.29308261963823967,-0.011042506976896056,3.1398472785949707,-3.138313096149249,0.005024932435366836,0
1780805310.8506384,FLY,spline,0,55,-8.657552020284815,-0.1855517673753806,-0.8429303842091994,-8.553085327148438,-0.10339843481779099,-1.0952246189117432,-0.10446669313637713,-0.08215333255758961,0.25229423470254375,0.132900188205916,14.76936901448765,3.0,-2.9945122098572377,-0.07468364482925163,-0.16528453711989655,-2.0604655742645264,0.29617971181869507,-0.22626212239265442,0.8592793726972556,0.3728081939678087,0.06097758527275787,0.0820178026729179,-0.18904146199339625,-0.006944186433015087,0.2936131812311029,-0.011054702493950607,3.1401021480560303,-3.138453701501546,0.004629457622010058,0
1780805310.861543,FLY,spline,0,55,-8.657552020284815,-0.1855517673753806,-0.8429303842091994,-8.597304344177246,-0.09731445461511612,-1.100000023841858,-0.06024767610756854,-0.08823731276026447,0.2570696396326585,0.10684383856598946,14.72508968384816,3.0,-2.9943502109750977,-0.0796463492441548,-0.16590139567063758,-2.1847124099731445,0.2874588966369629,-0.23162831366062164,0.682591888464211,0.3661584951533692,0.06572691798998406,0.08055486893374122,-0.15017021546212642,-0.006561524613557079,0.2937712761568537,-0.011067847877548604,3.140357255935669,-3.138453701501546,0.004374349742371386,0
1780805310.872142,FLY,spline,0,55,-8.657552020284815,-0.1855517673753806,-0.8429303842091994,-8.625859260559082,-0.09359374642372131,-1.1030175685882568,-0.0316927597257326,-0.09195802095165928,0.2600871843790574,0.09726617416336898,14.696497005652544,3.0,-2.994242843883574,-0.08268500508181982,-0.16635198161316203,-2.2149248123168945,0.2851269841194153,-0.23300088942050934,0.6723218780275272,0.3673279261758396,0.06664890780734731,0.08081214375868472,-0.14791081316605598,-0.00547826979940913,0.29524840807919756,-0.011081177659110073,3.1410794258117676,-3.138453701501546,0.0036521798662727534,0
1780805310.8829305,FLY,spline,0,55,-8.657552020284815,-0.1855517673753806,-0.8429303842091994,-8.657304763793945,-0.08968749642372131,-1.1062841415405273,-0.00024725649086931867,-0.09586427095165928,0.26335375733132793,0.09586458981743688,14.665010537974547,3.0,-2.994122851553394,-0.08587878353884117,-0.1668927330462889,-2.2802786827087402,0.27982091903686523,-0.2360379695892334,0.5996946088494248,0.3640164439783363,0.0691452365429445,0.08008361767523399,-0.13193281394687345,-0.005119926675019482,0.295543006971321,-0.011095006706418662,3.1413183212280273,-3.138453701501546,0.0034132844500129877,0
1780805310.8933275,FLY,spline,0,55,-8.657552020284815,-0.1855517673753806,-0.8429303842091994,-8.657304763793945,-0.08968749642372131,-1.1062841415405273,-0.00024725649086931867,-0.09586427095165928,0.26335375733132793,0.09586458981743688,14.665010537974547,3.0,-2.994122851553394,-0.08587878353884117,-0.1668927330462889,-2.2802786827087402,0.27982091903686523,-0.2360379695892334,0.6339926272076637,0.36443536901765583,0.0691452365429445,0.08017578118388428,-0.13947837798568602,-0.004777319176850536,0.296006007825237,-0.011108835753727252,3.1415467262268066,-3.138453701501546,0.003184879451233691,0
1780805310.9040415,FLY,spline,0,55,-8.657552020284815,-0.1855517673753806,-0.8429303842091994,-8.657304763793945,-0.08968749642372131,-1.1062841415405273,-0.00024725649086931867,-0.09586427095165928,0.26335375733132793,0.09586458981743688,14.665010537974547,3.0,-2.994122851553394,-0.08587878353884117,-0.1668927330462889,-2.2802786827087402,0.27982091903686523,-0.2360379695892334,0.658022732820016,0.3646807648158464,0.0691452365429445,0.0802297682594862,-0.14476500122040353,-0.004449636689636716,0.2964444725846441,-0.011122664801035841,-3.1414201259613037,-3.138453701501546,0.0029664244597578104,0
1780805310.9147875,FLY,spline,0,56,-8.81613430056497,-0.18632265372126,-0.8616106683209579,-8.720038414001465,-0.08243163675069809,-1.1126660108566284,-0.09609588656350532,-0.10389101697056191,0.2510553425356705,0.141519478594304,14.602195454757835,3.0,-2.9938461454064016,-0.09167461319402619,-0.16876321557423954,-2.408057689666748,0.268404483795166,-0.24249553680419922,0.4701002589254822,0.35572395040523047,0.07373232122995968,0.07825926908915071,-0.10342205696360608,-0.003407988260923034,0.29723323514047467,-0.011137411265281833,-3.140850067138672,-3.138578074964723,0.0022719921739486892,0
1780805310.925593,FLY,spline,0,56,-8.81613430056497,-0.18632265372126,-0.8616106683209579,-8.763671875,-0.07778320461511612,-1.117006778717041,-0.05246242556497016,-0.10853944910614388,0.2553961103960831,0.12055338281618327,14.55850512320672,3.0,-2.993674883454929,-0.09548614719821785,-0.16968526118775393,-2.4947474002838135,0.2598890960216522,-0.24719077348709106,0.3659722633479399,0.34940528736207765,0.07750551229933714,0.07686916321965709,-0.08051389793654679,-0.0031140181528908073,0.297329086386048,-0.011152912367741701,-3.1406540870666504,-3.138578074964723,0.002076012101927205,0
1780805310.936564,FLY,spline,0,56,-8.81613430056497,-0.18632265372126,-0.8616106683209579,-8.763671875,-0.07778320461511612,-1.117006778717041,-0.05246242556497016,-0.10853944910614388,0.2553961103960831,0.12055338281618327,14.55850512320672,3.0,-2.993674883454929,-0.09548614719821785,-0.16968526118775393,-2.4947474002838135,0.2598890960216522,-0.24719077348709106,0.4059588263458227,0.351055744192203,0.07750551229933714,0.07723226372228466,-0.089310941796081,-0.0031140181528908073,0.2973135852835881,-0.011168413470201569,-3.1406540870666504,-3.138578074964723,0.002076012101927205,0
1780805310.9470248,FLY,spline,0,56,-8.81613430056497,-0.18632265372126,-0.8616106683209579,-8.78125,-0.07600586116313934,-1.1187353134155273,-0.03488430056497016,-0.11031679255812066,0.25712464509456945,0.11570094704114829,14.540903726631031,3.0,-2.993605989894492,-0.09694564187341816,-0.17007268972286002,-2.5290961265563965,0.2563568949699402,-0.2491171956062317,0.37909504048143905,0.34871076816266716,0.07904450588337167,0.07671636899578678,-0.08340090890591659,-0.002181324671445495,0.2984826381229593,-0.011184222371378243,-3.1400322914123535,-3.138578074964723,0.0014542164476303299,0
1780805310.957447,FLY,spline,0,56,-8.81613430056497,-0.18632265372126,-0.8616106683209579,-8.817109107971191,-0.07251953333616257,-1.1222362518310547,0.0009748074062212453,-0.11380312038509743,0.2606255835100968,0.11380729527962696,14.504996476125422,3.0,-2.993465650074244,-0.09981178952146769,-0.17088302577525785,-2.598222017288208,0.24896827340126038,-0.25301092863082886,0.29409890115207715,0.3427636771898593,0.082127902855571,0.07540800898176904,-0.06470175825345698,-0.001956734369931823,0.2985307208973624,-0.011200647951949357,-3.1398825645446777,-3.138578074964723,0.0013044895799545486,0
1780805310.9678693,FLY,spline,0,56,-8.81613430056497,-0.18632265372126,-0.8616106683209579,-8.817109107971191,-0.07251953333616257,-1.1222362518310547,0.0009748074062212453,-0.11380312038509743,0.2606255835100968,0.11380729527962696,14.504996476125422,3.0,-2.993465650074244,-0.09981178952146769,-0.17088302577525785,-2.598222017288208,0.24896827340126038,-0.25301092863082886,0.3246706676174713,0.3443189188991866,0.082127902855571,0.07575016215782104,-0.0714275468758437,-0.0017407271372658073,0.29881277609119167,-0.011217073532520471,-3.1397385597229004,-3.138578074964723,0.0011604847581772049,0
1780805310.9786806,FLY,spline,0,57,-8.974736454770097,-0.18704941314717746,-0.8805019450183695,-8.892539024353027,-0.06582031399011612,-1.129492163658142,-0.08219743041706984,-0.12122909915706134,0.24899021863977255,0.146468126394795,14.429461056712102,3.0,-2.9931455565542424,-0.10521434371228959,-0.17323284664516855,-2.739438056945801,0.23272313177585602,-0.2612469792366028,0.11967089849976366,0.3284638010758112,0.08801413259143423,0.07226203623667846,-0.026327597669948005,-0.0010116664990826862,0.2991063246714921,-0.011234676359038758,-3.1393606662750244,-3.1386862219423026,0.0006744443327217908,0
1780805310.989056,FLY,spline,0,57,-8.974736454770097,-0.18704941314717746,-0.8805019450183695,-8.892539024353027,-0.06582031399011612,-1.129492163658142,-0.08219743041706984,-0.12122909915706134,0.24899021863977255,0.146468126394795,14.429461056712102,3.0,-2.9931455565542424,-0.10521434371228959,-0.17323284664516855,-2.739438056945801,0.23272313177585602,-0.2612469792366028,0.16014547041537824,0.3311176352725626,0.08801413259143423,0.07284587975996377,-0.03523200349138322,-0.000841793261472823,0.29932927687693583,-0.011252279185557044,-3.139247417449951,-3.1386862219423026,0.0005611955076485486,0
1780805310.9996219,FLY,spline,0,57,-8.974736454770097,-0.18704941314717746,-0.8805019450183695,-8.911796569824219,-0.0642382800579071,-1.131323218345642,-0.06293988494587843,-0.12281113308927036,0.25082127332727255,0.1380000127814157,14.410175624087605,3.0,-2.993071433888779,-0.1065204830076258,-0.17371464629901098,-2.797616481781006,0.22557228803634644,-0.264777809381485,0.09526935106411664,0.3238391064152586,0.091063163082474,0.0712446034113569,-0.02095925723410566,-0.0006404487714215534,0.2993527859175204,-0.011270491818173538,-3.139113187789917,-3.1386862219423026,0.00042696584761436895,0
1780805311.010336,FLY,spline,0,57,-8.974736454770097,-0.18704941314717746,-0.8805019450183695,-8.977226257324219,-0.059208981692790985,-1.137475609779358,0.0024898025541215674,-0.12784043145438648,0.2569736647609884,0.12786467468070373,14.344649078310308,3.0,-2.9928217500668626,-0.11068258986911482,-0.17540620464107232,-2.8913521766662598,0.21351298689842224,-0.2706016004085541,-0.02478717571953711,0.31391072114154034,0.09519539576748176,0.06906035865113888,0.005453178658298164,-0.000409063540403487,0.2993379402559425,-0.011289530897327035,-3.1389589309692383,-3.1386862219423026,0.000272709026935658,0
1780805311.0212848,FLY,spline,0,57,-8.974736454770097,-0.18704941314717746,-0.8805019450183695,-8.977226257324219,-0.059208981692790985,-1.137475609779358,0.0024898025541215674,-0.12784043145438648,0.2569736647609884,0.12786467468070373,14.344649078310308,3.0,-2.9928217500668626,-0.11068258986911482,-0.17540620464107232,-2.8913521766662598,0.21351298689842224,-0.2706016004085541,0.013365087366813647,0.31691485900573735,0.09519539576748176,0.06972126898126221,-0.0029403192206990023,-0.0003182260617657917,0.299455390487232,-0.011308569976480531,-3.1388983726501465,-3.1386862219423026,0.00021215070784386114,0
1780805311.032033,FLY,spline,0,57,-8.974736454770097,-0.18704941314717746,-0.8805019450183695,-8.997538566589355,-0.05776366963982582,-1.139370083808899,0.022802111819258286,-0.12928574350735164,0.2588681387905294,0.13128114783801473,14.324305459699344,3.0,-2.9927455924587036,-0.1118822373771951,-0.17594369490969183,-2.9267475605010986,0.20878775417804718,-0.27285048365592957,-0.01671109400168977,0.3135287015911412,0.09690678874623773,0.06897631435005107,0.0036764406803717494,-0.0003182260617657917,0.29929909769118235,-0.011327951334229779,-3.1388983726501465,-3.1386862219423026,0.00021215070784386114,0
1780805311.0427983,FLY,spline,0,58,-9.133357325430932,-0.18773461563131505,-0.8995919259671887,-9.086444854736328,-0.05201171711087227,-1.1475781202316284,-0.046912470694604025,-0.13572289852044278,0.24798619426443969,0.1436018282942891,14.235256123312174,3.0,-2.992396811216793,-0.11658042318049495,-0.17880248642181962,-3.0767462253570557,0.1876991093158722,-0.28256911039352417,-0.23222288690542953,0.29007454515211467,0.10376662397170455,0.06381639993346523,0.0510890351191945,3.709947012997539e-05,0.2991094906143854,-0.01134870465902412,-3.1387534141540527,-3.1387781471341394,-2.4732980086650258e-05,0
1780805311.0536673,FLY,spline,0,58,-9.133357325430932,-0.18773461563131505,-0.8995919259671887,-9.086444854736328,-0.05201171711087227,-1.1475781202316284,-0.046912470694604025,-0.13572289852044278,0.24798619426443969,0.1436018282942891,14.235256123312174,3.0,-2.992396811216793,-0.11658042318049495,-0.17880248642181962,-3.0767462253570557,0.1876991093158722,-0.28256911039352417,-0.18759770610670515,0.2944099797797398,0.10376662397170455,0.06477019555154276,0.041271495343475136,5.676900290585429e-05,0.29914006558857964,-0.01136945798381846,-3.138740301132202,-3.1387781471341394,-3.7846001937236196e-05,0
1780805311.0644577,FLY,spline,0,58,-9.133357325430932,-0.18773461563131505,-0.8995919259671887,-9.108046531677246,-0.05074218660593033,-1.1495556831359863,-0.025310793753686056,-0.13699242902538472,0.2499637571687976,0.1393110257327707,14.213618216020398,3.0,-2.992318858922544,-0.11764147608685768,-0.17941106331714754,-3.1120729446411133,0.18247300386428833,-0.28487682342529297,-0.21302899456601598,0.29094017381679943,0.10546576010814543,0.06400683823969587,0.04686637880452352,5.676900290585429e-05,0.2989830415456427,-0.01139055113584009,-3.138740301132202,-3.1387781471341394,-3.7846001937236196e-05,0
1780805311.0749657,FLY,spline,0,58,-9.133357325430932,-0.18773461563131505,-0.8995919259671887,-9.129921913146973,-0.04951171949505806,-1.1515477895736694,-0.0034354122839594936,-0.138222896136257,0.2519558636064807,0.1382655816675114,14.191705615974444,3.0,-2.9922406462348357,-0.1186720466609739,-0.1800357196820323,-3.1773922443389893,0.17254191637039185,-0.28914353251457214,-0.28948132617123007,0.2798361820852316,0.10910781283253984,0.06156396005875095,0.06368589175767062,-2.65582904901418e-05,0.2986227032190672,-0.011412372698406597,-3.138795852661133,-3.1387781471341394,1.7705526993427867e-05,0
1780805311.0855196,FLY,spline,0,59,-9.291995755078212,-0.188380831151855,-0.9188683228331691,-9.21304702758789,-0.045283202081918716,-1.1590771675109863,-0.07894872749032089,-0.14309762906993628,0.24020884467781722,0.16343143215972264,14.108432420574086,3.0,-2.9919361391953583,-0.12216731120670106,-0.1827383020860718,-3.2773752212524414,0.1566707044839859,-0.2957594096660614,-0.4184643503126542,0.2640332031824411,0.1130211075799896,0.058087304700137045,0.09206215706878393,2.0126400977815706e-05,0.2982225036837771,-0.011434976919922594,-3.138840436935425,-3.1388538545360767,-1.3417600651877137e-05,0
1780805311.0962436,FLY,spline,0,59,-9.291995755078212,-0.188380831151855,-0.9188683228331691,-9.236054420471191,-0.04423828050494194,-1.1611474752426147,-0.05594133460702011,-0.14414255064691306,0.24227915240944564,0.15461729471379482,14.085382209499386,3.0,-2.991858092450641,-0.12305131585982865,-0.1834217225488198,-3.341832399368286,0.1459926813840866,-0.30003973841667175,-0.48165472623616,0.2532678970782762,0.11661801586785195,0.05571893735722076,0.1059640397719552,-0.0001540383710558757,0.2977341099161472,-0.011458300523096165,-3.1389565467834473,-3.1388538545360767,0.0001026922473705838,0
1780805311.1067183,FLY,spline,0,59,-9.291995755078212,-0.188380831151855,-0.9188683228331691,-9.236054420471191,-0.04423828050494194,-1.1611474752426147,-0.05594133460702011,-0.14414255064691306,0.24227915240944564,0.15461729471379482,14.085382209499386,3.0,-2.991858092450641,-0.12305131585982865,-0.1834217225488198,-3.341832399368286,0.1459926813840866,-0.30003973841667175,-0.44197625648416866,0.25821083370478315,0.11661801586785195,0.05680638341505229,0.09723477642651711,-0.00037934392830685226,0.2974628590498217,-0.011481624126269735,-3.1391067504882812,-3.1388538545360767,0.0002528959522045682,0
1780805311.1174452,FLY,spline,0,59,-9.291995755078212,-0.188380831151855,-0.9188683228331691,-9.299530982971191,-0.04159179702401161,-1.166835904121399,0.00753522789297989,-0.1467890341278434,0.24796758128822982,0.1469823125399254,14.021783943322175,3.0,-2.9916473102838856,-0.12530196411504949,-0.185326168309019,-3.4056739807128906,0.13506166636943817,-0.30412402749061584,-0.5167217904415293,0.24802714359451217,0.11879785918159685,0.054565971590792677,0.11367879389713645,-0.0005552968396838054,0.2970627625083811,-0.011505383698106055,-3.139224052429199,-3.1388538545360767,0.0003701978931225369,0
1780805311.1281693,FLY,spline,0,60,-9.450650586242672,-0.1889906296869795,-0.9383188472820656,-9.347578048706055,-0.03983398526906967,-1.1710985898971558,-0.10307253753661705,-0.14915664441790982,0.23277974261509016,0.18130541240748474,13.973641788922947,3.0,-2.991483518784287,-0.1267749331669899,-0.18696115415370093,-3.502081871032715,0.11785344779491425,-0.30944254994392395,-0.6403644933693013,0.22703493546187253,0.12248139579022302,0.049947685801611956,0.1408801885412463,-0.0008801905562152434,0.2962649182793094,-0.0115298799772641,-3.139500141143799,-3.1389133474396553,0.0005867937041434956,0
1780805311.1389499,FLY,spline,0,60,-9.450650586242672,-0.1889906296869795,-0.9383188472820656,-9.413945198059082,-0.03773437440395355,-1.1769384145736694,-0.036705388183589704,-0.15125625528302594,0.23861956729160383,0.15564620227924586,13.907138647545004,3.0,-2.991274419236838,-0.12859359289276007,-0.18905299967535483,-3.563408374786377,0.10644202679395676,-0.31225889921188354,-0.6998255948730089,0.21731078373549956,0.12320589953652872,0.0478083724218099,0.15396163087206197,-0.0012664286543597747,0.2957359307049076,-0.011554521157171404,-3.1397576332092285,-3.1389133474396553,0.0008442857695731831,0
1780805311.149621,FLY,spline,0,60,-9.450650586242672,-0.1889906296869795,-0.9383188472820656,-9.413945198059082,-0.03773437440395355,-1.1769384145736694,-0.036705388183589704,-0.15125625528302594,0.23861956729160383,0.15564620227924586,13.907138647545004,3.0,-2.991274419236838,-0.12859359289276007,-0.18905299967535483,-3.563408374786377,0.10644202679395676,-0.31225889921188354,-0.6614258896871679,0.22283190618212995,0.12320589953652872,0.04902301936006859,0.14551369573117692,-0.001518556301759677,0.2954171054882488,-0.01157916233707871,-3.139925718307495,-3.1389133474396553,0.0010123708678397847,0
1780805311.1599646,FLY,spline,0,60,-9.450650586242672,-0.1889906296869795,-0.9383188472820656,-9.438905715942383,-0.037041015923023224,-1.179116129875183,-0.011744870300288923,-0.15194961376395627,0.2407972825931175,0.15240284479426916,13.88212580350897,3.0,-2.9911974764932405,-0.1292009280172338,-0.18985462022283486,-3.5960533618927,0.1002173200249672,-0.3135526180267334,-0.686929999273124,0.217754058730276,0.12369799780389854,0.04790589292066072,0.15112459984008728,-0.0017903534819354583,0.2950357120906132,-0.01160390193663949,-3.1401069164276123,-3.1389133474396553,0.0011935689879569722,0
1780805311.1703446,FLY,spline,0,60,-9.450650586242672,-0.1889906296869795,-0.9383188472820656,-9.464101791381836,-0.03638671711087227,-1.1813037395477295,0.013451205139164202,-0.15260391257610723,0.2429848922656639,0.15319559084135567,13.856876449152946,3.0,-2.9911204960853226,-0.12977769719160592,-0.1906723032061529,-3.6602797508239746,0.08764450997114182,-0.315662145614624,-0.7651587219411763,0.20233228333483483,0.12498984240847114,0.044513102333663665,0.16833491882705878,-0.0020839659620990325,0.29456189951151024,-0.011628899905121184,-3.1403026580810547,-3.1389133474396553,0.001389310641399355,0
1780805311.1809494,FLY,spline,0,61,-9.609320661455047,-0.18956658121487086,-0.9579312109796314,-9.567030906677246,-0.03421875089406967,-1.190102458000183,-0.04228975477780139,-0.15534783032080118,0.2321712470205517,0.16100115448203162,13.753725194693448,3.0,-2.990811037136953,-0.1317226901615566,-0.19416094621829957,-3.7542219161987305,0.06843801587820053,-0.3181836009025574,-0.8872220997597157,0.17915326469110793,0.1240226546842578,0.039413718232043746,0.19518886194713744,-0.0029338565617831325,0.2935323749910246,-0.011653704436058036,-3.1409125328063965,-3.1389566284318744,0.0019559043745220883,0
1780805311.1913629,FLY,spline,0,61,-9.609320661455047,-0.18956658121487086,-0.9579312109796314,-9.567030906677246,-0.03421875089406967,-1.190102458000183,-0.04228975477780139,-0.15534783032080118,0.2321712470205517,0.16100115448203162,13.753725194693448,3.0,-2.990811037136953,-0.1317226901615566,-0.19416094621829957,-3.7542219161987305,0.06843801587820053,-0.3181836009025574,-0.8500772067316084,0.18543087081529813,0.1240226546842578,0.04079479157936559,0.18701698548095383,-0.0032521453648837184,0.29312893560879355,-0.011678508966994888,-3.141124725341797,-3.1389566284318744,0.002168096909922479,0
1780805311.201886,FLY,spline,0,61,-9.609320661455047,-0.18956658121487086,-0.9579312109796314,-9.567030906677246,-0.03421875089406967,-1.190102458000183,-0.04228975477780139,-0.15534783032080118,0.2321712470205517,0.16100115448203162,13.753725194693448,3.0,-2.990811037136953,-0.1317226901615566,-0.19416094621829957,-3.7542219161987305,0.06843801587820053,-0.3181836009025574,-0.824090740919486,0.18977661850325458,0.1240226546842578,0.04175085607071601,0.18129996300228693,-0.00358044774830657,0.29271443413080694,-0.01170331349793174,-3.141343593597412,-3.1389566284318744,0.0023869651655377133,0
1780805311.2123811,FLY,spline,0,61,-9.609320661455047,-0.18956658121487086,-0.9579312109796314,-9.64144515991211,-0.03312499821186066,-1.1963378190994263,0.03212449845706189,-0.1564415830030102,0.23840660811979486,0.15970583049345913,13.67914568716118,3.0,-2.990594985482129,-0.13275615150038267,-0.19676746948607232,-3.839545488357544,0.05008154734969139,-0.31990084052085876,-0.9428143798469033,0.16485341158309694,0.12313337103478644,0.036267750548281324,0.20741916356631873,-0.004237147874681213,0.2919838101680499,-0.011727940172138697,3.141403913497925,-3.1389566284318744,0.0028247652497874753,0
1780805311.2230449,FLY,spline,0,62,-9.768004823246075,-0.19011125571371107,-0.9776931255916219,-9.668319702148438,-0.03282226622104645,-1.1985644102096558,-0.09968512109763772,-0.15728898949266462,0.22087128461803385,0.18621747926517063,13.65221054529175,3.0,-2.990524005610016,-0.1330765690722045,-0.1976279297928199,-3.869188070297241,0.04349031671881676,-0.3202971816062927,-0.9622864263453095,0.15967061255778592,0.12266925181347282,0.0351275347627129,0.2117030137959681,-0.004956858278744036,0.2910935438494118,-0.011752474022501392,3.140897035598755,-3.1389836993950015,0.0033045721858293575,0
1780805311.2338028,FLY,spline,0,62,-9.768004823246075,-0.19011125571371107,-0.9776931255916219,-9.772343635559082,-0.03208984434604645,-1.2070361375808716,0.004338812313006812,-0.15802141136766462,0.22934301198924967,0.1580809657830954,13.547948776647956,3.0,-2.9902310672669263,-0.1338851328651908,-0.20147688589356508,-3.978347063064575,0.01815730333328247,-0.3208228349685669,-1.1123322529717004,0.1251951887508593,0.11934594907500182,0.027542941525189046,0.24471309565377408,-0.004956858278744036,0.29133553887867447,-0.011776343212316392,3.140897035598755,-3.1389836993950015,0.0033045721858293575,0
1780805311.2444491,FLY,spline,0,62,-9.768004823246075,-0.19011125571371107,-0.9776931255916219,-9.772343635559082,-0.03208984434604645,-1.2070361375808716,0.004338812313006812,-0.15802141136766462,0.22934301198924967,0.1580809657830954,13.547948776647956,3.0,-2.9902310672669263,-0.1338851328651908,-0.20147688589356508,-3.978347063064575,0.01815730333328247,-0.3208228349685669,-1.075228382473734,0.1319936946232405,0.11934594907500182,0.029038612817112914,0.2365502441442215,-0.006420986773006732,0.2895536123856949,-0.011800212402131392,3.139920949935913,-3.1389836993950015,0.004280657848671154,0
1780805311.2548594,FLY,spline,0,62,-9.768004823246075,-0.19011125571371107,-0.9776931255916219,-9.800155639648438,-0.032011717557907104,-1.2092626094818115,0.03215081640236228,-0.15809953815580396,0.2315694838901896,0.1613354857445098,13.520072212957574,3.0,-2.990153985669544,-0.13400763746338834,-0.20253665121656977,-4.006088733673096,0.0114389443770051,-0.32067152857780457,-1.0936991804590726,0.126570995069115,0.11813487736123479,0.027845618915205303,0.24061381970099596,-0.0068515707268641535,0.28911162569421434,-0.011823839377603639,3.139633893966675,-3.1389836993950015,0.004567713817909436,0
1780805311.2656493,FLY,spline,1,63,-9.926701914146491,-0.19062722316168224,-0.9975923027837906,-9.856367111206055,-0.03199218586087227,-1.2137157917022705,-0.0703348029404367,-0.15863503730080997,0.21612348891847988,0.1735282673344589,13.463729143893314,3.0,-2.990012988636366,-0.13419348342446125,-0.20448578628411543,-4.084090709686279,-0.008131972514092922,-0.3200092315673828,-1.1954524072820598,0.1000188029198838,0.11552344528326738,0.022004136642374435,0.26299952960205314,-0.007283027651262763,0.2887630545949626,-0.011846944066660292,3.1393353939056396,-3.1389945615064376,0.004855351767508509,0
1780805311.2760499,FLY,spline,1,63,-9.926701914146491,-0.19062722316168224,-0.9975923027837906,-9.856367111206055,-0.03199218586087227,-1.2137157917022705,-0.0703348029404367,-0.15863503730080997,0.21612348891847988,0.1735282673344589,13.463729143893314,3.0,-2.990012988636366,-0.13419348342446125,-0.20448578628411543,-4.084090709686279,-0.008131972514092922,-0.3200092315673828,-1.1651826237054757,0.10645670782240949,0.11552344528326738,0.023420475720930086,0.25634017721520463,-0.008099134447527412,0.28776114982914747,-0.011870048755716945,3.13879132270813,-3.1389945615064376,0.005399422965018275,0
1780805311.2864053,FLY,spline,1,63,-9.926701914146491,-0.19062722316168224,-0.9975923027837906,-9.935781478881836,-0.03227538987994194,-1.2198925018310547,0.009079564735344547,-0.1583518332817403,0.22230019904726406,0.15861192136618035,13.38412671335759,3.0,-2.9897967035558453,-0.13413959354973246,-0.20765895321154632,-4.133088111877441,-0.0209881030023098,-0.3190927803516388,-1.222666892590787,0.09017179697147334,0.11143382714009248,0.019837795333724137,0.2689867163699732,-0.008553321840715888,0.28751501423047504,-0.011892335521144963,3.138488531112671,-3.1389945615064376,0.005702214560477259,0
1780805311.2970047,FLY,spline,1,63,-9.926701914146491,-0.19062722316168224,-0.9975923027837906,-9.964648246765137,-0.032470703125,-1.2221044301986694,0.03794633261864533,-0.15815652003668224,0.2245121274148788,0.16264503985464276,13.35519086743394,3.0,-2.9897186928466444,-0.1340464585173723,-0.20883889628684008,-4.158444404602051,-0.027818500995635986,-0.3186764419078827,-1.239644652403442,0.08441036613205008,0.10983754562104261,0.018570280549051018,0.27272182352875723,-0.009021099092913154,0.2870573163577936,-0.011914303030269172,3.138176679611206,-3.1389945615064376,0.006014066061942103,0
1780805311.3078444,FLY,spline,1,64,-10.08541077668703,-0.19111705353696684,-1.0176164542218915,-9.9937105178833,-0.03271484375,-1.2243114709854126,-0.0917002588037299,-0.15840220978696684,0.2066950167635211,0.1830305917874531,13.326058807895723,3.0,-2.989662193760049,-0.1339915426745994,-0.20968126691131356,-4.2056074142456055,-0.040888555347919464,-0.317621648311615,-1.29401518109963,0.06735003159967788,0.10794038140030143,0.014817006951929133,0.2846833398419186,-0.010361997561089797,0.2855785699374845,-0.011935891106549232,3.1372880935668945,-3.138989215238632,0.006907998374059865,0
1780805311.3184755,FLY,spline,1,64,-10.08541077668703,-0.19111705353696684,-1.0176164542218915,-10.076601028442383,-0.03364257887005806,-1.2305272817611694,-0.008809748244647864,-0.15747447466690878,0.21291082753927792,0.1577207083288462,13.242967155237787,3.0,-2.9894400559042698,-0.13343225139887935,-0.21317595183721622,-4.251255035400391,-0.05401315167546272,-0.31667202711105347,-1.3440401983910608,0.05043767801482785,0.10349607527383725,0.011096289163262127,0.2956888436460334,-0.011319367365472122,0.2847598271275092,-0.011956590321604,3.1366498470306396,-3.138989215238632,0.007546244910314748,0
1780805311.329129,FLY,spline,1,64,-10.08541077668703,-0.19111705353696684,-1.0176164542218915,-10.10628890991211,-0.034062501043081284,-1.2327245473861694,0.0208781332250787,-0.15705455249388556,0.21510809316427792,0.15843619821877444,13.213206364253114,3.0,-2.9893609249216166,-0.13316210549594773,-0.214450726768789,-4.274566173553467,-0.060905542224645615,-0.31629687547683716,-1.356853102885453,0.04561584959314524,0.10184614870804815,0.010035486910491952,0.29850768263479965,-0.011319367365472122,0.28487145202303077,-0.01197695955134561,3.1366498470306396,-3.138989215238632,0.007546244910314748,0
1780805311.339733,FLY,spline,1,65,-10.244130253398431,-0.1915833168177468,-1.03775329157168,-10.191367149353027,-0.035517577081918716,-1.2389354705810547,-0.052763104045403963,-0.15606573973582807,0.20118217900937463,0.1647436198090759,13.12791675126468,3.0,-2.9891662753675035,-0.13229277760002575,-0.21767774162839104,-4.337906837463379,-0.08040334284305573,-0.3143559694290161,-1.4369613064529585,0.01814835675055343,0.09667822780062507,0.003992638485121754,0.31613148741965086,-0.011836285446873873,0.2846850633153906,-0.011996295196905735,3.136326789855957,-3.138967660359046,0.007890856964582582,0
1780805311.3504627,FLY,spline,1,65,-10.244130253398431,-0.1915833168177468,-1.03775329157168,-10.252070426940918,-0.03677734360098839,-1.2432861328125,0.007940173542486662,-0.1548059732167584,0.20553284124081994,0.15500946970902302,13.067060730794205,3.0,-2.989005742014906,-0.13142170844544868,-0.22039285095301567,-4.380399227142334,-0.09415630996227264,-0.31307968497276306,-1.478693795980785,0.0005067349904609268,0.0926868340197474,0.0001114816979014039,0.32531263511577274,-0.013738865708104342,0.28271010310963074,-0.012014832563709684,3.1350584030151367,-3.138967660359046,0.009159243805402895,0
1780805311.3612363,FLY,spline,1,65,-10.244130253398431,-0.1915833168177468,-1.03775329157168,-10.252070426940918,-0.03677734360098839,-1.2432861328125,0.007940173542486662,-0.1548059732167584,0.20553284124081994,0.15500946970902302,13.067060730794205,3.0,-2.989005742014906,-0.13142170844544868,-0.22039285095301567,-4.380399227142334,-0.09415630996227264,-0.31307968497276306,-1.4525678415417886,0.008806600679414264,0.0926868340197474,0.001937452149471138,0.3195649251391935,-0.013738865708104342,0.2826915657428268,-0.012033369930513634,3.1350584030151367,-3.138967660359046,0.009159243805402895,0
1780805311.3719761,FLY,spline,1,66,-10.402859186811428,-0.19202858298220443,-1.0579905264989091,-10.360312461853027,-0.03945312276482582,-1.2509227991104126,-0.04254672495840062,-0.1525754602173786,0.19293227261150347,0.1583966377964844,12.958540747743836,3.0,-2.988761772610014,-0.1296601742921755,-0.2247027053410108,-4.45071268081665,-0.11835982650518417,-0.3111955523490906,-1.546873209532321,-0.029000531180579957,0.08649284700807977,-0.00638011685972759,0.3403121060971106,-0.015091198119543847,0.2816427437692775,-0.01205066849991525,3.1341946125030518,-3.1389298959301724,0.010060798746362565,0
1780805311.3825648,FLY,spline,1,66,-10.402859186811428,-0.19202858298220443,-1.0579905264989091,-10.360312461853027,-0.03945312276482582,-1.2509227991104126,-0.04254672495840062,-0.1525754602173786,0.19293227261150347,0.1583966377964844,12.958540747743836,3.0,-2.988761772610014,-0.1296601742921755,-0.2247027053410108,-4.45071268081665,-0.11835982650518417,-0.3111955523490906,-1.5214025925781747,-0.020676973134148527,0.08649284700807977,-0.004548934089512676,0.3347085703671984,-0.01560582462253457,0.28101712149379815,-0.012067967069316867,3.1338515281677246,-3.1389298959301724,0.010403883081689713,0
1780805311.3930588,FLY,spline,1,66,-10.402859186811428,-0.19202858298220443,-1.0579905264989091,-10.391366958618164,-0.04032226651906967,-1.2530810832977295,-0.011492228193263898,-0.15170631646313476,0.19509055679882037,0.1521409798958152,12.927405374281115,3.0,-2.988680270033868,-0.12903623771409906,-0.22614131172095803,-4.469578266143799,-0.1251985877752304,-0.3106204569339752,-1.5337930922939338,-0.027172161980480142,0.08447914521301719,-0.005977875635705631,0.33743448030466544,-0.016112940940283593,0.28056035640823496,-0.01208486289835947,3.1335134506225586,-3.1389298959301724,0.010741960626855729,0
1780805311.4037392,FLY,spline,1,67,-10.561596419456754,-0.19245542200852186,-1.078315870669333,-10.488007545471191,-0.04331054538488388,-1.2597118616104126,-0.07358887398556213,-0.14914487662363798,0.1813959909410796,0.16631150470590764,12.830509634332241,3.0,-2.98847701675424,-0.1270298014600213,-0.22993161999321715,-4.5245842933654785,-0.14616189897060394,-0.308432012796402,-1.6059342569558153,-0.059469386050486656,0.07850039280318483,-0.013083264931107064,0.35330553653027935,-0.01670459696757609,0.2804186122981871,-0.012100562976920108,3.1331729888916016,-3.1388759203096006,0.01113639797838406,0
1780805311.4150865,FLY,spline,1,67,-10.561596419456754,-0.19245542200852186,-1.078315870669333,-10.55117130279541,-0.045488279312849045,-1.2639843225479126,-0.010425116661343381,-0.14696714269567282,0.1856684518785796,0.14733643164381605,12.767176040908048,3.0,-2.9883114193562323,-0.12543609259989694,-0.23293915003367,-4.557709693908691,-0.1596464067697525,-0.30716967582702637,-1.6379040693870266,-0.07748788057725486,0.07423052579335637,-0.01704733372699607,0.36033889526514584,-0.018231310338852946,0.2789165366019089,-0.012115409082078778,3.132155179977417,-3.1388759203096006,0.01215420689256863,0
1780805311.426462,FLY,spline,1,67,-10.561596419456754,-0.19245542200852186,-1.078315870669333,-10.55117130279541,-0.045488279312849045,-1.2639843225479126,-0.010425116661343381,-0.14696714269567282,0.1856684518785796,0.14733643164381605,12.767176040908048,3.0,-2.9883114193562323,-0.12543609259989694,-0.23293915003367,-4.557709693908691,-0.1596464067697525,-0.30716967582702637,-1.6172120832591317,-0.0694714319929881,0.07423052579335637,-0.015283715038457381,0.35578665831700895,-0.01871732661235148,0.27831786914527556,-0.012130255187237449,3.131831169128418,-3.1388759203096006,0.012478217741567654,0
1780805311.4372578,FLY,spline,1,67,-10.561596419456754,-0.19245542200852186,-1.078315870669333,-10.582929611206055,-0.04664062336087227,-1.26611328125,0.02133319174930115,-0.1458147986476496,0.187797410580667,0.14736709461364517,12.73533173655835,3.0,-2.9882273986511434,-0.12458891423211663,-0.23446666373086553,-4.585415840148926,-0.1715298295021057,-0.3064132332801819,-1.6469812510767607,-0.08482409767583428,0.07194656954931636,-0.01866130148868354,0.3623358752368874,-0.019203342885850017,0.27790506243286334,-0.012144644501147312,3.131507158279419,-3.1388759203096006,0.012802228590566678,0
1780805311.4484224,FLY,spline,1,68,-10.720340793865152,-0.19286640387488138,-1.0987170357487064,-10.632031440734863,-0.04850585758686066,-1.2693896293640137,-0.08830935313028832,-0.14436054628802072,0.1706725936153073,0.1692291617153076,12.686095441670311,3.0,-2.9881592483138686,-0.12340122593041966,-0.23595856448784988,-4.596925735473633,-0.17666395008563995,-0.30603450536727905,-1.6502263409394244,-0.08993415412436734,0.07007594087942917,-0.019785513907360816,0.3630497950066734,-0.020528495285015325,0.276584185322244,-0.012158659689323198,3.1306939125061035,-3.1388057311501396,0.01368566352334355,0
1780805311.4590702,FLY,spline,1,68,-10.720340793865152,-0.19286640387488138,-1.0987170357487064,-10.696171760559082,-0.051093749701976776,-1.273622989654541,-0.024169033306069565,-0.1417726541729046,0.17490595390583463,0.14381803656767084,12.621777682133176,3.0,-2.9879896112597586,-0.12148545922400479,-0.23908025054547571,-4.625433921813965,-0.18989033997058868,-0.3047947287559509,-1.6831367948186875,-0.10994112858313462,0.06571447821047521,-0.024187048288289617,0.3702900948601113,-0.0214404463500788,0.27581566549595554,-0.012171802584965292,3.1300859451293945,-3.1388057311501396,0.014293630900052534,0
1780805311.469746,FLY,spline,1,69,-10.87909115256735,-0.193264098559465,-1.1191817334027836,-10.785351753234863,-0.05497070029377937,-1.2794482707977295,-0.09373939933248643,-0.13829339826568562,0.1602665373949459,0.16706926405262848,12.532346513642937,3.0,-2.987824690436036,-0.1188153452157846,-0.24245934290527738,-4.66131591796875,-0.20790328085422516,-0.3028682768344879,-1.726380866875903,-0.1377656031883488,0.06040893392921054,-0.030308432701436735,0.3798037907126987,-0.02233466335848977,0.2752895422254521,-0.012183884371751134,3.1295762062072754,-3.138719325399984,0.014889775572326513,0
1780805311.480582,FLY,spline,1,69,-10.87909115256735,-0.193264098559465,-1.1191817334027836,-10.817811965942383,-0.05645507574081421,-1.2815428972244263,-0.0612791866249669,-0.1368090228186508,0.16236116382164267,0.1499061287540027,12.4997942005424,3.0,-2.987737607294272,-0.11770824180809847,-0.2440671214439707,-4.680351734161377,-0.21826669573783875,-0.30131998658180237,-1.7404892937167569,-0.14839606717594156,0.05725286513783168,-0.03264713477870714,0.3829076446176865,-0.022751657453338403,0.27501010117327984,-0.0121953349447787,3.129298210144043,-3.138719325399984,0.015167771635558935,0
1780805311.4917521,FLY,spline,1,69,-10.87909115256735,-0.193264098559465,-1.1191817334027836,-10.857851028442383,-0.05833984166383743,-1.2841161489486694,-0.021240124124966897,-0.13492425689562756,0.16493441554588584,0.13658586300082928,12.459640634050624,3.0,-2.9876294179999783,-0.11629955528179205,-0.24605868028251107,-4.687215328216553,-0.22218528389930725,-0.30071401596069336,-1.7367162489898271,-0.14953255847396454,0.05465533567818229,-0.0328971628642722,0.382077574777762,-0.023258773771087426,0.27457524584100007,-0.012206266011914336,3.128960132598877,-3.138719325399984,0.015505849180724951,0
1780805311.5027342,FLY,spline,1,70,-11.037846338094088,-0.19365107604045492,-1.1396976752973187,-10.952890396118164,-0.06307616829872131,-1.2901464700698853,-0.08495594197592382,-0.1305749077417336,0.15044879477256656,0.15577971180092348,12.364326421505222,3.0,-2.987453809866161,-0.11299074124198483,-0.24970547913441093,-4.717223167419434,-0.2404714673757553,-0.29777464270591736,-1.7728525560171247,-0.17938367050090565,0.048069163571506424,-0.039464407510199244,0.39002756232376745,-0.024552830561917816,0.2736370360674482,-0.012215879844628637,3.128200054168701,-3.13861669930294,0.01636855370794521,0
1780805311.5134835,FLY,spline,1,70,-11.037846338094088,-0.19365107604045492,-1.1396976752973187,-10.985702514648438,-0.06478515267372131,-1.2922070026397705,-0.052143823445650384,-0.1288659233667336,0.15250932734245182,0.1390158427255398,12.331418572077624,3.0,-2.9873630111466674,-0.11170728037670784,-0.25136372678562047,-4.726583003997803,-0.24668359756469727,-0.29692307114601135,-1.7742830829549905,-0.18338780511091884,0.045559344360390885,-0.04034531712440215,0.39034227825009793,-0.024920114383023773,0.2733472425024304,-0.012224991713500714,3.127955198287964,-3.13861669930294,0.016613409588682515,0
1780805311.5239823,FLY,spline,1,70,-11.037846338094088,-0.19365107604045492,-1.1396976752973187,-10.985702514648438,-0.06478515267372131,-1.2922070026397705,-0.052143823445650384,-0.1288659233667336,0.15250932734245182,0.1390158427255398,12.331418572077624,3.0,-2.9873630111466674,-0.11170728037670784,-0.25136372678562047,-4.726583003997803,-0.24668359756469727,-0.29692307114601135,-1.763121512744364,-0.17639545846469662,0.045559344360390885,-0.03880700086223326,0.38788673280376007,-0.02527702699593881,0.2728657884051248,-0.012234103582372792,3.1277172565460205,-3.13861669930294,0.016851351330625874,0
1780805311.5347414,FLY,spline,1,71,-11.1966051929761,-0.19402990629603342,-1.1602525730980657,-11.098711013793945,-0.07097656279802322,-1.2992382049560547,-0.09789417918215548,-0.1230533434980102,0.13898563185798896,0.1572431100677777,12.218075862737118,3.0,-2.987142268299311,-0.10731384966758456,-0.2558609126247473,-4.754705905914307,-0.2675999701023102,-0.2942865192890167,-1.800073736500321,-0.2127400364617166,0.03842560666426942,-0.04680280802157765,0.39601622203007064,-0.02580005661768503,0.2729671488666394,-0.012241788703705646,3.1274874210357666,-3.138497848398696,0.017200037745123353,0
1780805311.5452974,FLY,spline,1,71,-11.1966051929761,-0.19402990629603342,-1.1602525730980657,-11.098711013793945,-0.07097656279802322,-1.2992382049560547,-0.09789417918215548,-0.1230533434980102,0.13898563185798896,0.1572431100677777,12.218075862737118,3.0,-2.987142268299311,-0.10731384966758456,-0.2558609126247473,-4.754705905914307,-0.2675999701023102,-0.2942865192890167,-1.7894831489194647,-0.20540894176290095,0.03842560666426942,-0.04518996718783821,0.39368629276228223,-0.02658004299921579,0.2718908595448138,-0.0122494738250385,3.126967430114746,-3.138497848398696,0.01772002866614386,0
1780805311.5556135,FLY,spline,1,71,-11.1966051929761,-0.19402990629603342,-1.1602525730980657,-11.164921760559082,-0.07482421398162842,-1.3033154010772705,-0.031683432417018764,-0.119205692314405,0.14306282797920478,0.12334438361709216,12.151665927232782,3.0,-2.98695358208612,-0.104410175961101,-0.25924276965553367,-4.768454074859619,-0.27953678369522095,-0.29320383071899414,-1.8040519389408123,-0.22405078086813188,0.033961061063460474,-0.04929117179098901,0.3968914265669787,-0.026879735153146456,0.2718224344929945,-0.012256266037251192,3.126767635345459,-3.138497848398696,0.01791982343543097,0
1780805311.5663378,FLY,spline,1,71,-11.1966051929761,-0.19402990629603342,-1.1602525730980657,-11.164921760559082,-0.07482421398162842,-1.3033154010772705,-0.031683432417018764,-0.119205692314405,0.14306282797920478,0.12334438361709216,12.151665927232782,3.0,-2.98695358208612,-0.104410175961101,-0.25924276965553367,-4.768454074859619,-0.27953678369522095,-0.29320383071899414,-1.7964489271116277,-0.21729069857007816,0.033961061063460474,-0.04780395368541719,0.39521876396455813,-0.026879735153146456,0.2718156422807818,-0.012263058249463884,3.126767635345459,-3.138497848398696,0.01791982343543097,0
1780805311.5769923,FLY,spline,1,71,-11.1966051929761,-0.19402990629603342,-1.1602525730980657,-11.19808578491211,-0.07680664211511612,-1.3053514957427979,0.0014805919360085795,-0.1172232641809173,0.14509892264473212,0.11723261413834506,12.118401111822683,3.0,-2.9868576622640353,-0.1029114666964563,-0.2609416321651383,-4.780609130859375,-0.2916620075702667,-0.29256296157836914,-1.8102283701060413,-0.2359891641019876,0.031621329413230814,-0.05191761610243727,0.3982502414233291,-0.027993388336129854,0.27039434552170394,-0.01226938251534653,3.1260251998901367,-3.138497848398696,0.018662258890753236,0
1780805311.5877106,FLY,spline,1,72,-11.35536655974413,-0.19440315930438257,-1.1808341384707794,-11.302186965942383,-0.0832812488079071,-1.311708927154541,-0.053179593801747416,-0.11112191049647546,0.13087478868376157,0.12319151021602728,12.013979290994568,3.0,-2.986665643168925,-0.09830923093992595,-0.26488418417556364,-4.790585994720459,-0.3035215735435486,-0.29202941060066223,-1.8201564826476064,-0.25706256942464595,0.02714522642509859,-0.05655376527342211,0.40043442618247344,-0.0284316864148888,0.2703940120888752,-0.01227481156063155,3.125868082046509,-3.1383627675231516,0.018954457609925868,0
1780805311.598332,FLY,spline,1,72,-11.35536655974413,-0.19440315930438257,-1.1808341384707794,-11.335468292236328,-0.08542968332767487,-1.3137353658676147,-0.019898267507802103,-0.1089734759767077,0.1329012273968353,0.11077526581443234,11.980593959231221,1.2,-1.1958352286118898,-0.09041617906087283,-0.04246198976474752,-4.794656753540039,-0.30917543172836304,-0.29197776317596436,-4.685350075493416,-0.31752753898945296,0.24951577341121683,-0.06985605857767965,0.6,-0.028652342809847298,0.25221505295561364,-0.012324714715313793,3.125720977783203,-3.1383627675231516,0.019101561873231532,1
1780805311.6091614,FLY,spline,1,72,-11.35536655974413,-0.19440315930438257,-1.1808341384707794,-11.368788719177246,-0.0876171886920929,-1.315761685371399,0.013422159433115866,-0.10678597061228967,0.13492754690061948,0.1076261951546034,11.94716871982147,1.2,-1.1958961881734025,-0.08878240450850565,-0.044158711054718316,-4.80047607421875,-0.3189148008823395,-0.2915377616882324,-4.367070578247146,-0.3242654667129514,0.24737905063351412,-0.07133840267684931,0.6,-0.028961690916231575,0.2518469760542522,-0.012374190525440495,3.1255147457122803,-3.1383627675231516,0.019307793944154383,1
1780805311.6197762,FLY,spline,1,73,-11.514129280928904,-0.19477340504368462,-1.201430083081213,-11.4526948928833,-0.09328124672174454,-1.3208495378494263,-0.06143438804560297,-0.10149215832194008,0.11941945476821325,0.1186374402765985,11.86299600709863,1.2,-1.1960446876888955,-0.0846044464420985,-0.04815799719048176,-4.804744243621826,-0.328445702791214,-0.29113882780075073,-4.143270080756128,-0.33595210563098726,0.24298083061026898,-0.0739094632388172,0.6,-0.02937427485159727,0.25184336980476085,-0.012422786691562548,3.1253910064697266,-3.138211450808795,0.019582849901064847,1
1780805311.6302414,FLY,spline,1,73,-11.514129280928904,-0.19477340504368462,-1.201430083081213,-11.486054420471191,-0.09559570252895355,-1.322841763496399,-0.028074860457712347,-0.09917770251473107,0.12141168041518591,0.10307480034334537,11.829530681656177,1.2,-1.1960959632812422,-0.08287041959164193,-0.04986923078434526,-4.80593729019165,-0.33344316482543945,-0.28687584400177,-3.9831542112243845,-0.3374695218058983,0.23700661321742475,-0.07424329479729762,0.6,-0.0296839805858502,0.2519340348883094,-0.012470188014206034,3.1251845359802246,-3.138211450808795,0.0197893203905668,1
1780805311.6408541,FLY,spline,1,74,-11.672892199061161,-0.19514321349212177,-1.2220281185951214,-11.589062690734863,-0.10293944925069809,-1.32861328125,-0.0838295083262981,-0.09220376424142368,0.1065851626548786,0.12461508980262752,11.726210202268259,1.2,-1.1962280040477773,-0.07741440374635891,-0.055186705142330324,-4.8040571212768555,-0.34717699885368347,-0.2584247887134552,-3.865700515722449,-0.3636297087090123,0.20323808357112488,-0.0799985359159827,0.6,-0.031419117298382204,0.25348627576413824,-0.012510835630920258,3.1241953372955322,-3.138043891685133,0.02094607819892147,1
1780805311.6514635,FLY,spline,1,74,-11.672892199061161,-0.19514321349212177,-1.2220281185951214,-11.589062690734863,-0.10293944925069809,-1.32861328125,-0.0838295083262981,-0.09220376424142368,0.1065851626548786,0.12461508980262752,11.726210202268259,1.2,-1.1962280040477773,-0.07741440374635891,-0.055186705142330324,-4.8040571212768555,-0.34717699885368347,-0.2584247887134552,-3.7866399787789615,-0.3556459888647835,0.20323808357112488,-0.07824211755025237,0.6,-0.031957704868572634,0.2531189140570675,-0.012551483247634483,3.1238362789154053,-3.138043891685133,0.021305136579048423,1
1780805311.662298,FLY,spline,1,74,-11.672892199061161,-0.19514321349212177,-1.2220281185951214,-11.655741691589355,-0.1078515574336052,-1.3319579362869263,-0.01715050747180591,-0.08729165605851658,0.10992981769180488,0.08896051440936492,11.659344968511206,1.2,-1.1962756303960542,-0.07372209145936258,-0.059073423393096285,-4.799057960510254,-0.35525786876678467,-0.23476745188236237,-3.7228534956659574,-0.3690662434294566,0.17569402848926607,-0.08119457355448045,0.6,-0.03247733816172449,0.25499333836486227,-0.012586622053332336,3.1234898567199707,-3.138043891685133,0.021651558774482993,1
1780805311.6731205,FLY,spline,1,74,-11.672892199061161,-0.19514321349212177,-1.2220281185951214,-11.689062118530273,-0.11034179478883743,-1.3335058689117432,0.01616991946911206,-0.08480141870328434,0.11147775031662177,0.08632929346245868,11.625936857315578,1.2,-1.1962871981692345,-0.0718473899408279,-0.061113763221502235,-4.791937351226807,-0.36272868514060974,-0.21290720999240875,-3.6733238540208846,-0.3782888504088435,0.1517934467709065,-0.08322354708994557,0.6,-0.032961923923748415,0.25661684212116914,-0.012616980742686516,3.123166799545288,-3.138043891685133,0.02197461594916561,1
1780805311.6837738,FLY,spline,1,75,-11.831654156671638,-0.19551515462787614,-1.2426159566782584,-11.749804496765137,-0.1149609312415123,-1.3361425399780273,-0.08184965990650106,-0.08055422338636384,0.09352658329976893,0.11484054045584291,11.56504218295696,1.2,-1.1962984752150088,-0.06842280227748129,-0.06471690912537181,-4.7877583503723145,-0.3662244975566864,-0.2030630260705948,-3.641035649462616,-0.3856014042559895,0.13834611694522297,-0.08483230893631769,0.6,-0.03436130389598446,0.25712849559206546,-0.01264464996607556,3.122417688369751,-3.137860082879179,0.02290753593065631,1
1780805311.694509,FLY,spline,1,75,-11.831654156671638,-0.19551515462787614,-1.2426159566782584,-11.816171646118164,-0.12012694776058197,-1.3387646675109863,-0.015482510553473716,-0.07538820686729417,0.09614871083272791,0.07696161294895244,11.4985191490482,1.2,-1.1962695664772027,-0.06452761117420058,-0.06910363027075246,-4.777004241943359,-0.37384772300720215,-0.18448913097381592,-3.606658405922179,-0.39875138376471925,0.11538550070306346,-0.08772530442823824,0.6,-0.03467351302531796,0.2588165924841804,-0.012667727066216173,3.1222095489501953,-3.137860082879179,0.023115675350211973,1
1780805311.7048676,FLY,spline,1,75,-11.831654156671638,-0.19551515462787614,-1.2426159566782584,-11.849296569824219,-0.12275390326976776,-1.3399951457977295,0.01764241315258097,-0.07276125135810838,0.09737918911947108,0.0748695828827982,11.465319434981584,1.2,-1.1962427452614546,-0.06254328111539013,-0.07135567529398301,-4.764677047729492,-0.38098469376564026,-0.1710357666015625,-3.576736273491517,-0.4085568783416578,0.09968009130757949,-0.08988251323516472,0.6,-0.03535372123149472,0.2598668329355438,-0.012687663084477689,3.121756076812744,-3.137860082879179,0.023569147487663145,1
1780805311.7153494,FLY,spline,1,76,-11.990413996291071,-0.19589179842912993,-1.2631813089963793,-11.908085823059082,-0.12748046219348907,-1.3420751094818115,-0.08232817323198915,-0.06841133623564086,0.07889380048543226,0.1070422301396151,11.406401661760007,1.2,-1.1961873485747845,-0.05902431865621609,-0.07517949798180612,-4.7581071853637695,-0.3843018114566803,-0.16590182483196259,-3.5614520046356577,-0.4138978919362531,0.09072232685015647,-0.09105753622597568,0.6,-0.035835495883552504,0.260556002736341,-0.01270580754984772,3.1216349601745605,-3.1376600164159907,0.023890330589035003,1
1780805311.7260907,FLY,spline,1,76,-11.990413996291071,-0.19589179842912993,-1.2631813089963793,-11.973983764648438,-0.1329003870487213,-1.3442919254302979,-0.016430231642633686,-0.06299141138040862,0.08111061643391859,0.06509892794452511,11.340363536423618,1.2,-1.1960834697224279,-0.054925152534971204,-0.07979699916518315,-4.741543292999268,-0.39171725511550903,-0.1579187661409378,-3.532690873029802,-0.4268659627365952,0.07812176697575465,-0.09391051180205094,0.6,-0.03598605721625514,0.2615699185252617,-0.012721431903242871,3.121534585952759,-3.1376600164159907,0.02399070481083676,1
1780805311.7369046,FLY,spline,1,76,-11.990413996291071,-0.19589179842912993,-1.2631813089963793,-11.973983764648438,-0.1329003870487213,-1.3442919254302979,-0.016430231642633686,-0.06299141138040862,0.08111061643391859,0.06509892794452511,11.340363536423618,1.2,-1.1960834697224279,-0.054925152534971204,-0.07979699916518315,-4.741543292999268,-0.39171725511550903,-0.1579187661409378,-3.5342478696660438,-0.4214354836322673,0.07812176697575465,-0.09271580639909881,0.6,-0.036104432040779066,0.2616070792387814,-0.012737056256638022,3.121455669403076,-3.1376600164159907,0.024069621360519378,1
1780805311.7478168,FLY,spline,1,77,-12.149170560450195,-0.19627571487406534,-1.283711887215237,-12.13070297241211,-0.14624999463558197,-1.3493456840515137,-0.018467588038085125,-0.05002572023848337,0.06563379683627657,0.053325645737519474,11.18331676495919,1.2,-1.1957295278253819,-0.04485800210160201,-0.09065680302074147,-4.690888404846191,-0.4083370566368103,-0.14876392483711243,-3.4539832340254426,-0.4589091395662221,0.058107121816370955,-0.10096001070456886,0.6,-0.036602738380034694,0.2636863924609277,-0.012748677681001295,3.121339797973633,-3.1374436836192636,0.024401825586689796,1
1780805311.7585974,FLY,spline,1,77,-12.149170560450195,-0.19627571487406534,-1.283711887215237,-12.13070297241211,-0.14624999463558197,-1.3493456840515137,-0.018467588038085125,-0.05002572023848337,0.06563379683627657,0.053325645737519474,11.18331676495919,1.2,-1.1957295278253819,-0.04485800210160201,-0.09065680302074147,-4.690888404846191,-0.4083370566368103,-0.14876392483711243,-3.4639125929283576,-0.45149238384014917,0.058107121816370955,-0.09932832444483282,0.6,-0.036602738380034694,0.2636747710365644,-0.012760299105364569,3.121339797973633,-3.1374436836192636,0.024401825586689796,1
1780805311.769375,FLY,spline,1,77,-12.149170560450195,-0.19627571487406534,-1.283711887215237,-12.13070297241211,-0.14624999463558197,-1.3493456840515137,-0.018467588038085125,-0.05002572023848337,0.06563379683627657,0.053325645737519474,11.18331676495919,1.2,-1.1957295278253819,-0.04485800210160201,-0.09065680302074147,-4.690888404846191,-0.4083370566368103,-0.14876392483711243,-3.4708701665509745,-0.4462460385715465,0.058107121816370955,-0.09817412848574023,0.6,-0.03657913494070364,0.2638698973946398,-0.012771920529727842,3.1213555335998535,-3.1374436836192636,0.024386089960469093,1
1780805311.7802415,FLY,spline,1,78,-12.307922691679744,-0.1966694739408645,-1.304195403000586,-12.221405982971191,-0.15430663526058197,-1.3521826267242432,-0.08651670870855277,-0.04236283868028254,0.04798722372365716,0.09633146415793863,11.092425292431706,1.2,-1.1954540360157797,-0.03878683312260643,-0.0968773933892795,-4.654104709625244,-0.41694000363349915,-0.1447877585887909,-3.416925140513034,-0.46441877987093577,0.04791036519951139,-0.10217213157160587,0.6,-0.03671525911977902,0.2654274298131404,-0.012781502602767744,3.121497392654419,-3.1372110751119817,0.024476839413186013,1
1780805311.790684,FLY,spline,1,78,-12.307922691679744,-0.1966694739408645,-1.304195403000586,-12.253632545471191,-0.1572265625,-1.3531787395477295,-0.05429014620855277,-0.03944291144086451,0.048983336547143486,0.06710561256912806,11.06013193002873,1.2,-1.1953372737677788,-0.036569679913071175,-0.09915372132436533,-4.639699459075928,-0.41980892419815063,-0.14356288313865662,-3.403972656637675,-0.46675493728110007,0.04440916181429129,-0.10268608620184201,0.6,-0.03658865885427609,0.2660297478159876,-0.012790384435130602,3.121581792831421,-3.1372110751119817,0.02439243923618406,1
1780805311.801567,FLY,spline,1,78,-12.307922691679744,-0.1966694739408645,-1.304195403000586,-12.285741806030273,-0.16015625,-1.3541698455810547,-0.02218088564947074,-0.03651322394086451,0.04997444258046868,0.04272244387614803,11.027956206501928,1.2,-1.1952129306103028,-0.03434353655582319,-0.10142273906166312,-4.624623775482178,-0.42256179451942444,-0.14238320291042328,-3.3895531600530147,-0.46949431252260465,0.04096046384876016,-0.10328874875497303,0.6,-0.03643595175436154,0.266662119924235,-0.012798576527900354,3.1216835975646973,-3.1372110751119817,0.024290634502907693,1
1780805311.8119526,FLY,spline,1,78,-12.307922691679744,-0.1966694739408645,-1.304195403000586,-12.3765230178833,-0.16860350966453552,-1.3569433689117432,0.0686003262035566,-0.028065964276328986,0.05274796591115716,0.07411951906208343,10.936987628066815,1.2,-1.1948167724212597,-0.027914550806056256,-0.10785943720481522,-4.577999591827393,-0.4297448396682739,-0.13934417068958282,-3.3247175697395446,-0.48509640718076447,0.0314847334847676,-0.10672120957976819,0.6,-0.036085834070950895,0.2681756921039159,-0.012804873474597307,3.1219170093536377,-3.1372110751119817,0.024057222713967263,1
1780805311.8225913,FLY,spline,1,79,-12.466669232510458,-0.19707564560770968,-1.324619568018181,-12.439725875854492,-0.1746191382408142,-1.358862280845642,-0.026943356655966255,-0.022456507366895473,0.034242712827461164,0.03507476572993798,10.873654568689881,1.2,-1.1945268015434496,-0.02338919213187314,-0.112065454471011,-4.541990756988525,-0.43422025442123413,-0.1375032365322113,-3.2824235988776924,-0.49228959734350936,0.0254377820612003,-0.10830371141557206,0.6,-0.035981027052852,0.2696127261812327,-0.012809961031009547,3.1222357749938965,-3.136962180817122,0.023987351368568,1
1780805311.8335228,FLY,spline,1,79,-12.466669232510458,-0.19707564560770968,-1.324619568018181,-12.439725875854492,-0.1746191382408142,-1.358862280845642,-0.026943356655966255,-0.022456507366895473,0.034242712827461164,0.03507476572993798,10.873654568689881,1.2,-1.1945268015434496,-0.02338919213187314,-0.112065454471011,-4.541990756988525,-0.43422025442123413,-0.1375032365322113,-3.2994520941529495,-0.48665623700103483,0.0254377820612003,-0.10706437214022767,0.6,-0.03570350782677778,0.27013944654016964,-0.012815048587421787,3.1224207878112793,-3.136962180817122,0.023802338551185187,1
1780805311.844512,FLY,spline,1,79,-12.466669232510458,-0.19707564560770968,-1.324619568018181,-12.525077819824219,-0.18291015923023224,-1.3614404201507568,0.05840858731376031,-0.014165486377477443,0.03682085213257591,0.060101780974440855,10.78812752260942,1.2,-1.1940564430506588,-0.017075049579474044,-0.11805783960020233,-4.488389015197754,-0.439517080783844,-0.13557305932044983,-3.226138129559932,-0.49891639455815007,0.0175152197202475,-0.10976160680279301,0.6,-0.03516134397790083,0.2717725953642584,-0.012818551631365837,3.1227822303771973,-3.136962180817122,0.02344089598526722,1
1780805311.8555632,FLY,spline,1,80,-12.625409025473072,-0.19749679985278298,-1.3449720939337764,-12.586953163146973,-0.1890527307987213,-1.3633105754852295,-0.03845586232609932,-0.00844406905406167,0.018338481551453123,0.03937201607022007,10.726125237207626,1.2,-1.1937039452315132,-0.012447803303421703,-0.12213084512783566,-4.4459052085876465,-0.44280487298965454,-0.13445329666137695,-3.176646713938505,-0.5043928403176433,0.012322451533541293,-0.11096642486988152,0.6,-0.03483099992537886,0.27348264609832634,-0.012821016121672546,3.123267650604248,-3.136696989958419,0.02322066661691924,1
1780805311.8662686,FLY,spline,1,80,-12.625409025473072,-0.19749679985278298,-1.3449720939337764,-12.586953163146973,-0.1890527307987213,-1.3633105754852295,-0.03845586232609932,-0.00844406905406167,0.018338481551453123,0.03937201607022007,10.726125237207626,1.2,-1.1937039452315132,-0.012447803303421703,-0.12213084512783566,-4.4459052085876465,-0.44280487298965454,-0.13445329666137695,-3.196783511207753,-0.5000384110100676,0.012322451533541293,-0.11000845042221488,0.6,-0.03483099992537886,0.2734801816080196,-0.012823480611979255,3.123267650604248,-3.136696989958419,0.02322066661691924,1
1780805311.8768916,FLY,spline,1,81,-12.78414091309832,-0.19793550665426657,-1.3652406924131253,-12.704062461853027,-0.20094725489616394,-1.3668749332427979,-0.08007845124529211,0.0030117482418973718,0.001634240829672562,0.08013506711369997,10.608775991440247,1.2,-1.192934206781057,-0.003435083722046813,-0.12998530105928155,-4.356453895568848,-0.4476172924041748,-0.13309182226657867,-3.0691903349969034,-0.513030596399619,0.003106521207297125,-0.11286673120791618,0.6,-0.033554158267265155,0.27713209160309366,-0.012824101916220715,3.1244003772735596,-3.1364154910611832,0.022369438844843437,1
1780805311.8874002,FLY,spline,1,81,-12.78414091309832,-0.19793550665426657,-1.3652406924131253,-12.734140396118164,-0.20406249165534973,-1.3677978515625,-0.050000516980155396,0.006126985001083163,0.0025571591493747103,0.05037451382878356,10.57863643811177,1.2,-1.1927152188583205,-0.0010663819480241483,-0.13201995884444612,-4.331549167633057,-0.4485381543636322,-0.13263589143753052,-3.0556501736597537,-0.5122188661144891,0.0006159325930844006,-0.1126881505451876,0.6,-0.03304525381017287,0.2781847460538783,-0.012824225102739333,3.124739646911621,-3.1364154910611832,0.022030169206781913,1
1780805311.897978,FLY,spline,1,81,-12.78414091309832,-0.19793550665426657,-1.3652406924131253,-12.734140396118164,-0.20406249165534973,-1.3677978515625,-0.050000516980155396,0.006126985001083163,0.0025571591493747103,0.05037451382878356,10.57863643811177,1.2,-1.1927152188583205,-0.0010663819480241483,-0.13201995884444612,-4.331549167633057,-0.4485381543636322,-0.13263589143753052,-3.078390663067754,-0.5075458760891725,0.0006159325930844006,-0.11166009273961794,0.6,-0.03250988489080031,0.27907843871361526,-0.01282434828925795,3.125096559524536,-3.1364154910611832,0.021673256593866874,1
1780805311.9086037,FLY,spline,1,81,-12.78414091309832,-0.19793550665426657,-1.3652406924131253,-12.846796989440918,-0.2159472554922104,-1.371279239654541,0.06265607634259851,0.01801174883794382,0.006038547241415726,0.0651936116414078,10.465749829525592,1.2,-1.1918240544537042,0.007978581736731391,-0.1396129129378947,-4.230353832244873,-0.45075124502182007,-0.1314702183008194,-2.9337762132603435,-0.5183849388788432,-0.008142694637075315,-0.1140446865533455,0.6,-0.031478843745475604,0.2814934570661017,-0.012822719750330535,3.125783920288086,-3.1364154910611832,0.02098589583031707,1
1780805311.9194045,FLY,spline,1,81,-12.78414091309832,-0.19793550665426657,-1.3652406924131253,-12.846796989440918,-0.2159472554922104,-1.371279239654541,0.06265607634259851,0.01801174883794382,0.006038547241415726,0.0651936116414078,10.465749829525592,1.2,-1.1918240544537042,0.007978581736731391,-0.1396129129378947,-4.230353832244873,-0.45075124502182007,-0.1314702183008194,-2.9631212092281856,-0.5136809621299158,-0.008142694637075315,-0.11300981166858147,0.6,-0.030871233996635272,0.2825056199442828,-0.01282109121140312,3.1261889934539795,-3.1364154910611832,0.020580822664423515,1
1780805311.9303448,FLY,spline,1,82,-12.94286373791694,-0.19839433599034267,-1.3854130751219829,-12.8759765625,-0.2190820276737213,-1.3721874952316284,-0.06688717541693912,0.02068769168337864,-0.013225579890354444,0.07001339030816119,10.43651096148134,1.2,-1.1916018511659807,0.010317284963682838,-0.14134561163610987,-4.202066421508789,-0.45099353790283203,-0.13113108277320862,-2.938770809443611,-0.5134139029555771,-0.010214528862901251,-0.11295105865022696,0.6,-0.030683173191777158,0.283726851799763,-0.01281904830563054,3.1266121864318848,-3.1361176719531834,0.020455448794518105,1
1780805311.9410057,FLY,spline,1,82,-12.94286373791694,-0.19839433599034267,-1.3854130751219829,-12.904960632324219,-0.22221678495407104,-1.3730956315994263,-0.037903105592720365,0.02382244896372837,-0.012317443522556593,0.04476778404391212,10.40746802187299,1.2,-1.1913509270654574,0.012698551760970237,-0.1432540238996769,-4.146237850189209,-0.45104750990867615,-0.13059605658054352,-2.869784850834981,-0.5102008387393231,-0.012657967319133379,-0.11224418452265109,0.6,-0.02877022172235577,0.28711413486685444,-0.012816516712166713,3.127887487411499,-3.1361176719531834,0.019180147814903847,1
1780805311.951691,FLY,spline,1,82,-12.94286373791694,-0.19839433599034267,-1.3854130751219829,-13.013280868530273,-0.23411132395267487,-1.376528263092041,0.07041713061333432,0.03571698796233219,-0.008884812029941846,0.07895742848470161,10.298929170255631,1.2,-1.1903460384323357,0.02173834664199054,-0.15034544580304782,-4.056094646453857,-0.4501044750213623,-0.12963108718395233,-2.7507931509028225,-0.5180573489815875,-0.020714358619095485,-0.11397261677594925,0.6,-0.028038515103093076,0.28898702265729537,-0.012812373840442894,3.128375291824341,-3.1361176719531834,0.01869234340206205,1
1780805311.9626498,FLY,spline,1,83,-13.101576342459664,-0.19887585783919345,-1.4054769537261025,-13.041210174560547,-0.23723632097244263,-1.3774267435073853,-0.060366167899116974,0.03836046313324917,-0.02805021021871723,0.07152341825319697,10.270943575413305,1.2,-1.1900997012040657,0.02406485939611853,-0.15193282639455546,-3.9952399730682373,-0.44883623719215393,-0.12921074032783508,-2.6866078488916547,-0.5145926275457458,-0.02272208606672038,-0.11321037806006407,0.5910537267561641,-0.027749068907870544,0.2904233280126139,-0.01280782942322955,3.12888240814209,-3.135803519765583,0.018499379271913696,0
1780805311.9730413,FLY,spline,1,83,-13.101576342459664,-0.19887585783919345,-1.4054769537261025,-13.041210174560547,-0.23723632097244263,-1.3774267435073853,-0.060366167899116974,0.03836046313324917,-0.02805021021871723,0.07152341825319697,10.270943575413305,1.2,-1.1900997012040657,0.02406485939611853,-0.15193282639455546,-3.9952399730682373,-0.44883623719215393,-0.12921074032783508,-2.7210427105184403,-0.5087946492289321,-0.02272208606672038,-0.11193482283036507,0.5986293963140569,-0.025557525328768982,0.29410742987872335,-0.012803285006016206,3.130343437194824,-3.135803519765583,0.01703835021917932,0
1780805311.9837863,FLY,spline,1,83,-13.101576342459664,-0.19887585783919345,-1.4054769537261025,-13.08828067779541,-0.24253906309604645,-1.3789501190185547,-0.013295664664253692,0.043663205256852994,-0.026526834707547797,0.045642635683824824,10.223778836824783,1.2,-1.1896254646024584,0.028085486637773112,-0.15492727135564,-3.9663212299346924,-0.4480716586112976,-0.12912501394748688,-2.6993488982207405,-0.510635063282354,-0.025802257408153118,-0.11233971392211788,0.5938567576085629,-0.0246981455603974,0.2958062665387452,-0.012798124554534576,3.1309163570404053,-3.135803519765583,0.016465430373598267,0
1780805311.994272,FLY,spline,1,83,-13.101576342459664,-0.19887585783919345,-1.4054769537261025,-13.142656326293945,-0.24874022603034973,-1.3807470798492432,0.041079983834281464,0.04986436819115628,-0.02472987387685932,0.06460665822442781,10.169293976944978,1.2,-1.189053996115066,0.03278833381258363,-0.15835251652116974,-3.896207094192505,-0.4458535611629486,-0.12924328446388245,-2.609977956562617,-0.5104230218196061,-0.0291092320572873,-0.11229306480031334,0.5741951504437757,-0.023812301329745544,0.2975685448744856,-0.012792302708123118,3.13150691986084,-3.135803519765583,0.015874867553163696,0
1780805312.0051427,FLY,spline,1,83,-13.101576342459664,-0.19887585783919345,-1.4054769537261025,-13.169452667236328,-0.2518261671066284,-1.3816454410552979,0.06787632477666428,0.052950309267434964,-0.023831512670804633,0.08608676272635775,10.142443814060991,1.2,-1.1887627388098159,0.035128948628664385,-0.16002845929905754,-3.8297231197357178,-0.44328027963638306,-0.1299109309911728,-2.5320504129690105,-0.5060902113258028,-0.03011752830788475,-0.11133984649167661,0.5570510908531823,-0.02289891975320746,0.2992006863304653,-0.01278627920246154,3.1321158409118652,-3.135803519765583,0.015265946502138306,0
1780805312.0158994,FLY,spline,1,84,-13.260277569257235,-0.1993826421790011,-1.4254200398912396,-13.264452934265137,-0.26291990280151367,-1.3849315643310547,0.004175365007901277,0.06353726062251258,-0.04048847556018487,0.06367430533867091,10.047251504774424,1.2,-1.1877261472295162,0.0434766624199422,-0.16557892079655595,-3.721062421798706,-0.4382355511188507,-0.13173355162143707,-2.392269880642597,-0.5033499503677292,-0.03384536917511888,-0.11073698908090043,0.5262993737413713,-0.019888484376395787,0.30549522651639716,-0.012779510128626517,3.134453296661377,-3.1354730209339454,0.013258989584263858,0
1780805312.026759,FLY,spline,1,84,-13.260277569257235,-0.1993826421790011,-1.4254200398912396,-13.264452934265137,-0.26291990280151367,-1.3849315643310547,0.004175365007901277,0.06353726062251258,-0.04048847556018487,0.06367430533867091,10.047251504774424,1.2,-1.1877261472295162,0.0434766624199422,-0.16557892079655595,-3.721062421798706,-0.4382355511188507,-0.13173355162143707,-2.433538704257629,-0.5022808178455332,-0.03384536917511888,-0.11050177992601731,0.5353785149366784,-0.019888484376395787,0.30550199559023217,-0.012772741054791493,3.134453296661377,-3.1354730209339454,0.013258989584263858,0
1780805312.0374303,FLY,spline,1,84,-13.260277569257235,-0.1993826421790011,-1.4254200398912396,-13.289999961853027,-0.26594725251197815,-1.3858495950698853,0.029722392595791902,0.06656461033297706,-0.0395704448213543,0.07289902585356996,10.021652167750105,1.2,-1.1874283019633873,0.045766116539041016,-0.16709126330625948,-3.6402504444122314,-0.43388631939888,-0.13363207876682281,-2.334628492978911,-0.49261362331046227,-0.033459184539436665,-0.1083749971283017,0.5136182684553604,-0.016865813630546178,0.31059920280780545,-0.012766049217883605,3.1364684104919434,-3.1354730209339454,0.011243875753697452,0
1780805312.0480616,FLY,spline,1,85,-13.418966260840383,-0.19991725898794777,-1.4452300452831475,-13.388671875,-0.2778027355670929,-1.3895946741104126,-0.030294385840383242,0.07788547657914513,-0.05563537117273487,0.08356971506117858,9.922773058510506,1.2,-1.1862765491467762,0.054672091111603385,-0.17250771402433246,-3.511814594268799,-0.42604100704193115,-0.13855673372745514,-2.1660180401145697,-0.4916561836213829,-0.03395098029687732,-0.10816436039670424,0.4765239688252053,-0.016353273947858682,0.3123948116358821,-0.01275925902182423,3.1371569633483887,-3.135126161199292,0.010902182631905788,0
1780805312.0588973,FLY,spline,1,85,-13.418966260840383,-0.19991725898794777,-1.4452300452831475,-13.388671875,-0.2778027355670929,-1.3895946741104126,-0.030294385840383242,0.07788547657914513,-0.05563537117273487,0.08356971506117858,9.922773058510506,1.2,-1.1862765491467762,0.054672091111603385,-0.17250771402433246,-3.511814594268799,-0.42604100704193115,-0.13855673372745514,-2.21356606884923,-0.48993923200395056,-0.03395098029687732,-0.10778663104086912,0.4869845351468306,-0.015318298895978799,0.3141673096527928,-0.012752468825764855,3.1378469467163086,-3.135126161199292,0.010212199263985866,0
1780805312.0696115,FLY,spline,1,85,-13.418966260840383,-0.19991725898794777,-1.4452300452831475,-13.388671875,-0.2778027355670929,-1.3895946741104126,-0.030294385840383242,0.07788547657914513,-0.05563537117273487,0.08356971506117858,9.922773058510506,1.2,-1.1862765491467762,0.054672091111603385,-0.17250771402433246,-3.511814594268799,-0.42604100704193115,-0.13855673372745514,-2.2469513902615006,-0.4882269388473749,-0.03395098029687732,-0.10740992654642248,0.49432930585753015,-0.014279032309675088,0.31596608483453964,-0.01274567862970548,3.1385397911071777,-3.135126161199292,0.009519354873116725,0
1780805312.0803144,FLY,spline,1,85,-13.418966260840383,-0.19991725898794777,-1.4452300452831475,-13.478241920471191,-0.2888281047344208,-1.3933886289596558,0.059275659630808164,0.08891084574647301,-0.05184141632349171,0.10685851541183107,9.833001955118494,1.2,-1.1851701699435169,0.0629822456212535,-0.17721429121986532,-3.3371379375457764,-0.4137623906135559,-0.147931769490242,-1.9933187002980057,-0.4770494131077929,-0.029282521729623312,-0.10495087088371444,0.43853011406556125,-0.011377239783429971,0.32062102129948594,-0.012739822125359556,3.140474319458008,-3.135126161199292,0.007584826522286647,0
1780805312.0910876,FLY,spline,1,85,-13.418966260840383,-0.19991725898794777,-1.4452300452831475,-13.478241920471191,-0.2888281047344208,-1.3933886289596558,0.059275659630808164,0.08891084574647301,-0.05184141632349171,0.10685851541183107,9.833001955118494,1.2,-1.1851701699435169,0.0629822456212535,-0.17721429121986532,-3.3371379375457764,-0.4137623906135559,-0.147931769490242,-2.0410908038563225,-0.4762346927857785,-0.029282521729623312,-0.10477163241287127,0.4490399768483909,-0.01031508501353251,0.3224932658162482,-0.012733965621013631,3.1411824226379395,-3.135126161199292,0.006876723342355007,0
1780805312.1015089,FLY,spline,1,85,-13.418966260840383,-0.19991725898794777,-1.4452300452831475,-13.501093864440918,-0.2916796803474426,-1.39443838596344,0.08212760360053473,0.09176242135949486,-0.05079165931970753,0.12314741266841153,9.810095769732321,1.2,-1.184883915353319,0.06513117881229992,-0.17834807731935073,-3.288938283920288,-0.41008803248405457,-0.15095573663711548,-1.9979793881611692,-0.47272606163116987,-0.027392340682235256,-0.10399973355885737,0.4395554653954572,-0.009223151771007965,0.3242794869960166,-0.012728487152877183,-3.141274929046631,-3.135126161199292,0.006148767847338643,0
1780805312.1119616,FLY,spline,1,86,-13.577641259739845,-0.20048227824421563,-1.46489468156758,-13.563593864440918,-0.299560546875,-1.3975145816802979,-0.014047395298927512,0.09907826863078437,-0.06738009988728222,0.10006913924661388,9.747439708164247,1.2,-1.184143008147915,0.07100388891839773,-0.1810076904799093,-3.148552894592285,-0.39873942732810974,-0.16019393503665924,-1.8070209688821728,-0.4622134211950866,-0.020813755443250065,-0.10168695266291906,0.397544613154078,-0.007800694250640783,0.3272327715089554,-0.012724324401788533,-3.139963388442993,-3.1347629256092326,0.005200462833760522,0
1780805312.1226492,FLY,spline,1,86,-13.577641259739845,-0.20048227824421563,-1.46489468156758,-13.606249809265137,-0.3050000071525574,-1.399819254875183,0.028608549525291238,0.10451772890834174,-0.06507542669239696,0.10836237706002326,9.70466932858709,1.2,-1.1836175268026625,0.0750881996669594,-0.1827876158724196,-3.0444719791412354,-0.3897646963596344,-0.1678372174501419,-1.6894213864950103,-0.4535201196829071,-0.014950398422277689,-0.09977442633023957,0.37167270502890226,-0.0056363303895567984,0.330619925614518,-0.012721334322104079,-3.1385204792022705,-3.1347629256092326,0.0037575535930378656,0
1780805312.1334305,FLY,spline,1,86,-13.577641259739845,-0.20048227824421563,-1.46489468156758,-13.606249809265137,-0.3050000071525574,-1.399819254875183,0.028608549525291238,0.10451772890834174,-0.06507542669239696,0.10836237706002326,9.70466932858709,1.2,-1.1836175268026625,0.0750881996669594,-0.1827876158724196,-3.0444719791412354,-0.3897646963596344,-0.1678372174501419,-1.7412771038415937,-0.4552042363581204,-0.014950398422277689,-0.10014493199878649,0.38308096284515064,-0.0056363303895567984,0.33062291569420243,-0.012718344242419624,-3.1385204792022705,-3.1347629256092326,0.0037575535930378656,0
1780805312.1446784,FLY,spline,1,87,-13.736301408486357,-0.20108026992598693,-1.4844016604102925,-13.682929039001465,-0.3149511516094208,-1.4045019149780273,-0.05337236948489199,0.11387088168343384,-0.07989974543226519,0.12575844909903436,9.627762079815623,1.2,-1.1827271966223916,0.08250399688612306,-0.18533609704413684,-2.8374383449554443,-0.37060967087745667,-0.18473006784915924,-1.4488336181831514,-0.43482345387550636,-0.0006060291949775976,-0.0956611598526114,0.3187433960002933,-0.0022800899104773453,0.3365782353359605,-0.012718223036580628,-3.1359033584594727,-3.1343832985191544,0.0015200599403182302,0
1780805312.1551125,FLY,spline,1,87,-13.736301408486357,-0.20108026992598693,-1.4844016604102925,-13.702226638793945,-0.31749022006988525,-1.4058202505111694,-0.03407476969241152,0.11640995014389832,-0.0785814098991231,0.12129454407390211,9.60840112861149,1.2,-1.1825055309318957,0.08440410405958447,-0.18589410031890255,-2.780715227127075,-0.3650853931903839,-0.18972431123256683,-1.4212085455904013,-0.43127759658519654,0.0038302109136642837,-0.09488107124874325,0.3126658800298883,-0.0013066268520056656,0.33802904660171157,-0.01271898907876336,-3.135254383087158,-3.1343832985191544,0.0008710845680037771,0
1780805312.1658611,FLY,spline,1,87,-13.736301408486357,-0.20108026992598693,-1.4844016604102925,-13.721132278442383,-0.31999021768569946,-1.4071776866912842,-0.015169130043974022,0.11890994775971253,-0.07722397371900835,0.1198735925152348,9.589430569570762,1.2,-1.1822926714395467,0.08627489545124607,-0.18638852291709423,-2.6689505577087402,-0.3538671135902405,-0.2004043161869049,-1.2965798448386436,-0.4198750974658677,0.014015793269810672,-0.09237252144249089,0.2852475658645016,-0.0013066268520056656,0.33721139685456586,-0.012721792237417323,-3.135254383087158,-3.1343832985191544,0.0008710845680037771,0
1780805312.1766205,FLY,spline,1,87,-13.736301408486357,-0.20108026992598693,-1.4844016604102925,-13.772733688354492,-0.32685545086860657,-1.4112548828125,0.03643227986813535,0.12577518094261964,-0.07314677759779253,0.13094543580262297,9.537635888786888,1.2,-1.1817397680734265,0.09141099806011338,-0.1874437248547355,-2.554103374481201,-0.3419039845466614,-0.21213431656360626,-1.1721831443564743,-0.4114057427386004,0.02469059170887075,-0.09050926340249209,0.25788029175842436,0.001197125856429393,0.34111680790559123,-0.012726730355759096,-3.133585214614868,-3.1343832985191544,-0.000798083904286262,0
1780805312.1874077,FLY,spline,1,87,-13.736301408486357,-0.20108026992598693,-1.4844016604102925,-13.772733688354492,-0.32685545086860657,-1.4112548828125,0.03643227986813535,0.12577518094261964,-0.07314677759779253,0.13094543580262297,9.537635888786888,1.2,-1.1817397680734265,0.09141099806011338,-0.1874437248547355,-2.554103374481201,-0.3419039845466614,-0.21213431656360626,-1.2337061315451068,-0.41336337713766724,0.02469059170887075,-0.09093994297028679,0.2714153489399235,0.002795364801436717,0.34430258301978617,-0.01273166847410087,-3.1325197219848633,-3.1343832985191544,-0.0018635765342911448,0
1780805312.198028,FLY,spline,1,87,-13.736301408486357,-0.20108026992598693,-1.4844016604102925,-13.7900390625,-0.3291894495487213,-1.4127733707427979,0.053737654013643166,0.12810917962273438,-0.07162828966749468,0.13892335067403191,9.520258884389213,1.2,-1.1815661343718844,0.0931575548025692,-0.18767828880477452,-2.493407726287842,-0.33541327714920044,-0.21838149428367615,-1.179766129530579,-0.4083178498928005,0.030703205478901624,-0.08982992697641612,0.25954854849672737,0.0035310053272545883,0.34532406515068786,-0.01273780911519665,-3.1320292949676514,-3.1343832985191544,-0.002354003551503059,0
1780805312.2085156,FLY,spline,1,87,-13.736301408486357,-0.20108026992598693,-1.4844016604102925,-13.806913375854492,-0.3314746022224426,-1.41433584690094,0.07061196736813535,0.1303943322964557,-0.07006581350935259,0.14828597988561534,9.503311079898499,1.2,-1.1814039590716103,0.0948675143479077,-0.18784259424149294,-2.383571147918701,-0.3233681917190552,-0.23015159368515015,-1.0452632027639908,-0.3949949919573734,0.04230899944365721,-0.08689889823062215,0.22995790460807797,0.004638936464339549,0.3467129113863203,-0.012746270915085381,-3.1312906742095947,-3.1343832985191544,-0.0030926243095596995,0
1780805312.2190561,FLY,spline,1,88,-13.89494554961066,-0.20171380401144381,-1.5037386934770391,-13.848163604736328,-0.3370996117591858,-1.4185302257537842,-0.04678194487433274,0.13538580774774198,-0.08520846772325497,0.14324059238125783,9.461864482350865,1.2,-1.1810822605009785,0.09901647008436333,-0.18772435266083892,-2.2713029384613037,-0.31068530678749084,-0.24283389747142792,-0.9147188860231307,-0.3855919231043845,0.055109544810588995,-0.08483022308296459,0.20123815492508876,0.005430692066856091,0.34870456669352123,-0.012757292824047499,-3.130366802215576,-3.1339872635934802,-0.0036204613779040606,0
1780805312.2296972,FLY,spline,1,88,-13.89494554961066,-0.20171380401144381,-1.5037386934770391,-13.863475799560547,-0.3392089903354645,-1.4202685356140137,-0.03146975005011399,0.13749518632402066,-0.08347015786302547,0.14105059883068136,9.446471089768405,1.2,-1.1809691113095522,0.1005903238314527,-0.18759942666279694,-2.207165241241455,-0.30328360199928284,-0.2502721846103668,-0.8661910656460886,-0.3809715850769027,0.06267275794756988,-0.0838137487169186,0.19056203444213948,0.005430692066856091,0.3480869750909732,-0.012769827375637012,-3.130366802215576,-3.1339872635934802,-0.0036204613779040606,0
1780805312.2403862,FLY,spline,1,88,-13.89494554961066,-0.20171380401144381,-1.5037386934770391,-13.920233726501465,-0.34708982706069946,-1.42776358127594,0.02528817689080398,0.14537602304925565,-0.0759751122010992,0.14755907280841224,9.389364412471105,1.2,-1.1806571983190561,0.1064714267846195,-0.18631268162914758,-1.9440804719924927,-0.27174949645996094,-0.28178784251213074,-0.49481304312968,-0.34784210163034,0.09547516088298316,-0.07652526235867481,0.1088588694885296,0.006079786648460095,0.34691452276959434,-0.012788922407813609,-3.129934072494507,-3.1339872635934802,-0.004053191098973397,0
1780805312.2510557,FLY,spline,1,88,-13.89494554961066,-0.20171380401144381,-1.5037386934770391,-13.920233726501465,-0.34708982706069946,-1.42776358127594,0.02528817689080398,0.14537602304925565,-0.0759751122010992,0.14755907280841224,9.389364412471105,1.2,-1.1806571983190561,0.1064714267846195,-0.18631268162914758,-1.9440804719924927,-0.27174949645996094,-0.28178784251213074,-0.5771877548392342,-0.35348826698872815,0.09547516088298316,-0.07776741873752019,0.12698130606463154,0.0081329282423932,0.3519866208756842,-0.012808017439990205,-3.1285653114318848,-3.1339872635934802,-0.005421952161595467,0
1780805312.2625175,FLY,spline,1,88,-13.89494554961066,-0.20171380401144381,-1.5037386934770391,-13.9458589553833,-0.3506835997104645,-1.4318456649780273,0.05091340577263992,0.14896979569902066,-0.0718930284990118,0.1574299047766257,9.363549955970047,1.2,-1.1805895414872989,0.10915443242395824,-0.18518543250756325,-1.7486313581466675,-0.2471415400505066,-0.30532383918762207,-0.32147630869350274,-0.32691032927773334,0.12013840668005882,-0.07192027244110133,0.0707247879125706,0.0081329282423932,0.34998953353058215,-0.012832045121326217,-3.1285653114318848,-3.1339872635934802,-0.005421952161595467,0
1780805312.2729845,FLY,spline,1,88,-13.89494554961066,-0.20171380401144381,-1.5037386934770391,-13.9458589553833,-0.3506835997104645,-1.4318456649780273,0.05091340577263992,0.14896979569902066,-0.0718930284990118,0.1574299047766257,9.363549955970047,1.2,-1.1805895414872989,0.10915443242395824,-0.18518543250756325,-1.7486313581466675,-0.2471415400505066,-0.30532383918762207,-0.39701581420955506,-0.3332685482461733,0.12013840668005882,-0.07331908061415812,0.08734347912610212,0.008996241917319958,0.35260969353942184,-0.012856072802662228,-3.1279897689819336,-3.1339872635934802,-0.005997494611546639,0
1780805312.2837062,FLY,spline,1,89,-14.053572525643485,-0.20238545047876838,-1.5228934924335726,-13.9892578125,-0.3568359315395355,-1.440209984779358,-0.06431471314348514,0.15445048106076714,-0.08268350765421473,0.16730610696155468,9.319764734011473,1.2,-1.1806648240615276,0.1136945662361034,-0.1819453732089568,-1.5497050285339355,-0.22110171616077423,-0.32988211512565613,-0.13095554207709542,-0.30776879674659824,0.14793674191669934,-0.06770913528425161,0.028810219256960992,0.008547067847329393,0.3510877471018441,-0.012885660151045569,-3.1278767585754395,-3.1335748038069924,-0.005698045231552928,0
1780805312.294483,FLY,spline,1,89,-14.053572525643485,-0.20238545047876838,-1.5228934924335726,-13.9892578125,-0.3568359315395355,-1.440209984779358,-0.06431471314348514,0.15445048106076714,-0.08268350765421473,0.16730610696155468,9.319764734011473,1.2,-1.1806648240615276,0.1136945662361034,-0.1819453732089568,-1.5497050285339355,-0.22110171616077423,-0.32988211512565613,-0.20376847813375776,-0.31433591392458277,0.14793674191669934,-0.06915390106340821,0.044829065189426705,0.00864434262760283,0.351680488840696,-0.01291524749942891,-3.127811908721924,-3.1335748038069924,-0.005762895085068553,0
1780805312.305141,FLY,spline,1,89,-14.053572525643485,-0.20238545047876838,-1.5228934924335726,-13.999530792236328,-0.3583105504512787,-1.4425634145736694,-0.05404173340715701,0.1559250999725103,-0.0803300778599032,0.1650246822481036,9.309383343513234,1.2,-1.1807164120396765,0.11479412509088706,-0.1809172827144241,-1.4177136421203613,-0.20328228175640106,-0.3465130627155304,-0.04311346274077503,-0.2950998704618842,0.1655957800011063,-0.06492197150161452,0.009484961802970506,0.008681178298074022,0.351647528569085,-0.01294836665542913,-3.1277873516082764,-3.1335748038069924,-0.005787452198716014,0
1780805312.315764,FLY,spline,1,89,-14.053572525643485,-0.20238545047876838,-1.5228934924335726,-14.016874313354492,-0.36080077290534973,-1.4469481706619263,-0.03669821228899295,0.15841532242658135,-0.07594532177164637,0.16261049524777213,9.291838411387326,1.2,-1.1808478087287138,0.1166515666975133,-0.17885990217936215,-1.3549071550369263,-0.1946517378091812,-0.3544543385505676,-0.001734664299231995,-0.29155653383218383,0.17559443637120548,-0.06414243744308044,0.0003816261458310389,0.008610010352212205,0.35119243979381454,-0.012983485542703371,-3.1278347969055176,-3.1335748038069924,-0.005740006901474803,0
1780805312.3261034,FLY,spline,1,89,-14.053572525643485,-0.20238545047876838,-1.5228934924335726,-14.034218788146973,-0.3633105456829071,-1.4520604610443115,-0.01935373749651248,0.16092509520413872,-0.07083303138926111,0.16208471063473268,9.274259896587381,1.2,-1.181056060658568,0.11852556535561061,-0.17623357211041735,-1.2150319814682007,-0.17510029673576355,-0.37234750390052795,0.1698038741549682,-0.2715465845726913,0.1961139317901106,-0.05974024860599209,-0.037356852314093004,0.008530259337502732,0.34988063760657756,-0.013022708329061394,-3.1278879642486572,-3.1335748038069924,-0.005686839558335155,0
1780805312.3365989,FLY,spline,1,89,-14.053572525643485,-0.20238545047876838,-1.5228934924335726,-14.034218788146973,-0.3633105456829071,-1.4520604610443115,-0.01935373749651248,0.16092509520413872,-0.07083303138926111,0.16208471063473268,9.274259896587381,1.2,-1.181056060658568,0.11852556535561061,-0.17623357211041735,-1.2150319814682007,-0.17510029673576355,-0.37234750390052795,0.10748373327440282,-0.2780146728754441,0.1961139317901106,-0.06116322803259771,-0.02364642132036862,0.008422255721169725,0.3501631261138116,-0.013061931115419416,-3.127959966659546,-3.1335748038069924,-0.005614837147446483,0
1780805312.3473966,FLY,spline,1,89,-14.053572525643485,-0.20238545047876838,-1.5228934924335726,-14.055781364440918,-0.36641600728034973,-1.4598290920257568,0.0022088387974328327,0.16403055680158135,-0.0630644004078158,0.16404542826141133,9.252343968030377,1.2,-1.1814648805293901,0.12084605474318347,-0.1718632221526217,-1.0134479999542236,-0.1460917592048645,-0.39833107590675354,0.3876720335944925,-0.24412401332564973,0.22646785375413184,-0.05370728293164294,-0.08528784739078835,0.007896900382119432,0.3482456254713366,-0.013107224686170243,-3.128310203552246,-3.1335748038069924,-0.005264600254746288,0
1780805312.3579705,FLY,spline,1,89,-14.053572525643485,-0.20238545047876838,-1.5228934924335726,-14.06234359741211,-0.3673632740974426,-1.4626562595367432,0.008771071768624239,0.16497782361867425,-0.06023723289682947,0.1652108167945572,9.2456538573837,1.2,-1.1816371479908607,0.1215547053788982,-0.17017080856678543,-0.9431957602500916,-0.13575764000415802,-0.40734243392944336,0.433624573924938,-0.2376487084294637,0.23717162536265793,-0.05228271585448201,-0.09539740626348635,0.007623315062600389,0.3473772995461433,-0.013154659011242775,-3.128492593765259,-3.1335748038069924,-0.0050822100417335925,0
1780805312.3686225,FLY,spline,1,89,-14.053572525643485,-0.20238545047876838,-1.5228934924335726,-14.082304000854492,-0.3702148497104645,-1.4736034870147705,0.02873147521100705,0.1678293992316961,-0.04929000541880213,0.17027097496130322,9.225202608265752,1.2,-1.1824008113324778,0.12369023733883873,-0.16318408791104538,-0.6847788691520691,-0.09671926498413086,-0.4406644105911255,0.7895997004021367,-0.19037125983765907,0.2774803226800801,-0.041881677164284994,-0.17371193408847008,0.006673813071328416,0.34382490067026433,-0.01321015507577879,-3.1291255950927734,-3.1335748038069924,-0.004449208714218944,0
1780805312.379005,FLY,spline,1,89,-14.053572525643485,-0.20238545047876838,-1.5228934924335726,-14.082304000854492,-0.3702148497104645,-1.4736034870147705,0.02873147521100705,0.1678293992316961,-0.04929000541880213,0.17027097496130322,9.225202608265752,1.2,-1.1824008113324778,0.12369023733883873,-0.16318408791104538,-0.6847788691520691,-0.09671926498413086,-0.4406644105911255,0.7012360334100697,-0.20101000826375284,0.2774803226800801,-0.04422220181802563,-0.15427192735021533,0.00618457814701201,0.3434429859956827,-0.013265651140314806,-3.1294517517089844,-3.1335748038069924,-0.0041230520980080065,0
1780805312.389647,FLY,spline,1,89,-14.053572525643485,-0.20238545047876838,-1.5228934924335726,-14.086562156677246,-0.37081053853034973,-1.4767284393310547,0.03298963103376096,0.16842508805158135,-0.04616505310251795,0.17162554017664916,9.220805708005404,1.2,-1.1826431878309864,0.1241369136358715,-0.1610748799469426,-0.6148558855056763,-0.0858864039182663,-0.4496615529060364,0.751879606383035,-0.19305871720761356,0.2885866729590938,-0.04247291778567498,-0.1654135134042677,0.005536198821145311,0.34191563855240265,-0.013323368474906625,-3.1298840045928955,-3.1335748038069924,-0.0036907992140968737,0
1780805312.400308,FLY,spline,1,89,-14.053572525643485,-0.20238545047876838,-1.5228934924335726,-14.090351104736328,-0.37132811546325684,-1.4799071550369263,0.03677857909284299,0.16894266498448846,-0.04298633739664637,0.17289964699833718,9.216876349883796,1.2,-1.1828984590506284,0.12452500151925885,-0.15888599551967236,-0.5459585785865784,-0.07509704679250717,-0.45772337913513184,0.8068284084390289,-0.1843797342037431,0.2988373836154595,-0.04056354152482348,-0.17750224985658636,0.0047683717871487286,0.3402619750338979,-0.013383135951629717,-3.1303958892822266,-3.1335748038069924,-0.003178914524765819,0
1780805312.411079,FLY,spline,1,89,-14.053572525643485,-0.20238545047876838,-1.5228934924335726,-14.09878921508789,-0.3724316358566284,-1.4895360469818115,0.04521668944440549,0.17004618537786004,-0.033357445451761114,0.17595526183059532,9.208017526031004,1.2,-1.1837141605022061,0.12535300767755084,-0.15201121568078324,-0.3487105369567871,-0.04354824125766754,-0.4775378406047821,1.0727678781724752,-0.1443309151846641,0.32552662492399886,-0.0317528013406261,-0.23600893319794455,0.003152966704446092,0.33632995039858327,-0.013448241276614517,-3.1314728260040283,-3.1335748038069924,-0.0021019778029640612,0
1780805312.4219472,FLY,spline,1,89,-14.053572525643485,-0.20238545047876838,-1.5228934924335726,-14.10074234008789,-0.3726562559604645,-1.4928905963897705,0.04716981444440549,0.1702708054816961,-0.03000289604380213,0.17668372475727706,9.205919582330377,1.2,-1.1840114750532935,0.12552133668495796,-0.14953668773563836,-0.2832621932029724,-0.03286166489124298,-0.48330551385879517,1.1063469108203334,-0.13786261119787138,0.33376882612315684,-0.030329774463531703,-0.24339632038047335,0.0023286344672024395,0.33470308892742373,-0.013514995041839149,-3.1320223808288574,-3.1335748038069924,-0.0015524229781349597,0
1780805312.432625,FLY,spline,1,89,-14.053572525643485,-0.20238545047876838,-1.5228934924335726,-14.102265357971191,-0.3728124797344208,-1.4962841272354126,0.04869283232770627,0.1704270292556524,-0.02660936519816004,0.1772466197731317,9.204251035805816,1.2,-1.1843171024381258,0.125638219016487,-0.1469967305586322,-0.21865041553974152,-0.02220267802476883,-0.4885689914226532,1.148370438541161,-0.12944661169299493,0.34157226086402104,-0.028478254572458884,-0.2526414964790554,0.000652075018960252,0.332118970679787,-0.013583309494011953,-3.1331400871276855,-3.1335748038069924,-0.00043471667930683466,0
1780805312.443066,FLY,spline,1,89,-14.053572525643485,-0.20238545047876838,-1.5228934924335726,-14.10335922241211,-0.3728906214237213,-1.4997069835662842,0.04978669676862424,0.17050517094495293,-0.023186508867288458,0.17762524734422908,9.203011433285441,1.2,-1.1846305078335189,0.1256959857425476,-0.14439902727618548,-0.10102662444114685,-0.0025070570409297943,-0.49569547176361084,1.282248795034061,-0.10619170662111142,0.35129644448742536,-0.023362175456644513,-0.2820947349074934,-0.0009808538293063496,0.32931022631635565,-0.013653568782909438,-3.1342287063598633,-3.1335748038069924,0.0006539025528708997,0
1780805312.453773,FLY,spline,1,89,-14.053572525643485,-0.20238545047876838,-1.5228934924335726,-14.104179382324219,-0.37275388836860657,-1.5092138051986694,0.050606856680733614,0.1703684378898382,-0.013679687234903204,0.17772579602333466,9.201792090608903,1.2,-1.1855198451261313,0.12558951867477935,-0.13700353868112627,0.013082403689622879,0.016966400668025017,-0.5005746483802795,1.4066963740242036,-0.08338035092357403,0.3635711096991533,-0.018343677203186286,-0.30947320228532477,-0.002938151154440627,0.32580438750546686,-0.01372628300484927,-3.135533571243286,-3.1335748038069924,0.0019587674362937513,0
1780805312.4643404,FLY,spline,1,89,-14.053572525643485,-0.20238545047876838,-1.5228934924335726,-14.10367202758789,-0.3725683391094208,-1.5127002000808716,0.05009950194440549,0.1701828886306524,-0.010193292352701055,0.17740399002770632,9.202155205694613,1.2,-1.1858525567257434,0.12544800398159078,-0.13422560114990043,0.07256512343883514,0.02726113796234131,-0.5023400187492371,1.4398681975585192,-0.07701348084565476,0.3681144175993366,-0.016942965786044047,-0.31677100346287423,-0.002938151154440627,0.32536729998993236,-0.013799905888369136,-3.135533571243286,-3.1335748038069924,0.0019587674362937513,0
1780805312.4750998,FLY,spline,1,89,-14.053572525643485,-0.20238545047876838,-1.5228934924335726,-14.097968101501465,-0.37117186188697815,-1.5262597799301147,0.04439557585797971,0.16878641140820977,0.0033662874965421086,0.17452741856746484,9.207309983611706,1.2,-1.1871692985267128,0.1243841059341864,-0.12311641168644301,0.2917814552783966,0.06611848622560501,-0.5008274912834167,1.7385259641639441,-0.02039683644209412,0.37771107959697375,-0.004487304017260706,-0.38247571211606773,-0.005975842270773635,0.3205001934643489,-0.013875448104288531,-3.137558698654175,-3.1335748038069924,0.003983894847182423,0
1780805312.485841,FLY,spline,1,89,-14.053572525643485,-0.20238545047876838,-1.5228934924335726,-14.097968101501465,-0.37117186188697815,-1.5262597799301147,0.04439557585797971,0.16878641140820977,0.0033662874965421086,0.17452741856746484,9.207309983611706,1.2,-1.1871692985267128,0.1243841059341864,-0.12311641168644301,0.2917814552783966,0.06611848622560501,-0.5008274912834167,1.6606033579849981,-0.03233325258803886,0.37771107959697375,-0.007113315569368549,-0.3653327387566996,-0.007072329316061721,0.3189097990724869,-0.013950990320207926,-3.1382896900177,-3.1335748038069924,0.004714886210707814,0
1780805312.4966736,FLY,spline,1,89,-14.053572525643485,-0.20238545047876838,-1.5228934924335726,-14.09554672241211,-0.3706445097923279,-1.529726505279541,0.04197419676862424,0.1682590593135595,0.006833012845968378,0.17341552478211147,9.20959409634512,1.2,-1.1875104050219556,0.1239824525344009,-0.12019729376382067,0.3459600508213043,0.07595188915729523,-0.4994003474712372,1.693368870597223,-0.022951830799014753,0.3792030537074165,-0.0050494027757832455,-0.37254115153138906,-0.009321093354147658,0.31553787794356636,-0.01402683093094941,-3.139788866043091,-3.1335748038069924,0.006214062236098439,0
1780805312.5073988,FLY,spline,1,89,-14.053572525643485,-0.20238545047876838,-1.5228934924335726,-14.083515167236328,-0.36811521649360657,-1.542456030845642,0.02994264159284299,0.1657297660148382,0.019562538412069452,0.16841293634661936,9.22113341325638,1.2,-1.1887698043948378,0.12205413047588562,-0.10922060882834614,0.5370315909385681,0.11142187565565109,-0.4878082871437073,1.9531702301084233,0.030598635385096423,0.3785876783153611,0.006731699784721213,-0.4296974506238531,-0.011334538254660353,0.31259944910911047,-0.014102548466612483,-3.1411311626434326,-3.1335748038069924,0.007556358836440236,0
1780805312.5180726,FLY,spline,1,89,-14.053572525643485,-0.20238545047876838,-1.5228934924335726,-14.083515167236328,-0.36811521649360657,-1.542456030845642,0.02994264159284299,0.1657297660148382,0.019562538412069452,0.16841293634661936,9.22113341325638,1.2,-1.1887698043948378,0.12205413047588562,-0.10922060882834614,0.5370315909385681,0.11142187565565109,-0.4878082871437073,1.8849436288105113,0.01944304045697921,0.3785876783153611,0.004277468900535426,-0.4146875983383125,-0.012490486885673668,0.3108114968447422,-0.014178266002275555,3.1412835121154785,-3.1335748038069924,0.008326991257115779,0
1780805312.5287957,FLY,spline,1,89,-14.053572525643485,-0.20238545047876838,-1.5228934924335726,-14.07503890991211,-0.36637693643569946,-1.549135684967041,0.02146638426862424,0.16399148595693108,0.026242192533468378,0.16539048678787593,9.2293591576862,1.2,-1.1894357245538805,0.12072780016330095,-0.10328337437707599,0.675894021987915,0.13801227509975433,-0.4735366404056549,2.0603913790518447,0.05686222118189766,0.3702532660285789,0.012509688660017485,-0.45328610339140585,-0.013615941788322594,0.30970860768956243,-0.014252316655481271,3.140533208847046,-3.1335748038069924,0.009077294525548396,0
1780805312.5396,FLY,spline,1,89,-14.053572525643485,-0.20238545047876838,-1.5228934924335726,-14.07503890991211,-0.36637693643569946,-1.549135684967041,0.02146638426862424,0.16399148595693108,0.026242192533468378,0.16539048678787593,9.2293591576862,1.2,-1.1894357245538805,0.12072780016330095,-0.10328337437707599,0.675894021987915,0.13801227509975433,-0.4735366404056549,2.0018312173837436,0.04713052570929223,0.3702532660285789,0.01036871565604429,-0.4404028678244236,-0.01477644422209945,0.30786757000719994,-0.014326367308686987,3.1397595405578613,-3.1335748038069924,0.009850962814732966,0
1780805312.5499947,FLY,spline,1,89,-14.053572525643485,-0.20238545047876838,-1.5228934924335726,-14.066328048706055,-0.3645996153354645,-1.555029273033142,0.012755523062569551,0.1622141648566961,0.03213578059956945,0.16271489989781243,9.237853744586689,1.2,-1.1900242262424312,0.11937070946877915,-0.09794373219876279,0.7173807621002197,0.1461031138896942,-0.46846988797187805,2.0280858064594347,0.05724228852613587,0.37052615577311526,0.012593303475749893,-0.44617887742107565,-0.01684710958159652,0.3045570087473262,-0.01440047253984161,3.1383790969848633,-3.1335748038069924,0.011231406387731013,0
1780805312.5603774,FLY,spline,1,89,-14.053572525643485,-0.20238545047876838,-1.5228934924335726,-14.055390357971191,-0.36238279938697815,-1.5614160299301147,0.0018178323277062702,0.15999734890820977,0.03852253749654211,0.16000767535348756,9.248562350076956,1.2,-1.1906643805675974,0.11767733633708158,-0.0920346530399758,0.8075341582298279,0.16391810774803162,-0.4571947753429413,2.136891269117358,0.08494892970868231,0.36516012230296546,0.018688764535910108,-0.47011607920581877,-0.019192075516349938,0.3012178893440657,-0.014473504564302204,3.1368157863616943,-3.1335748038069924,0.012794717010899959,0
1780805312.5709293,FLY,spline,1,89,-14.053572525643485,-0.20238545047876838,-1.5228934924335726,-14.049491882324219,-0.3611816465854645,-1.564550757408142,-0.004080643319266386,0.1587961961066961,0.04165726497456945,0.15884861833788597,9.25435052594568,1.2,-1.1909786286908004,0.11675919591298825,-0.0890909432632355,0.8914580345153809,0.18081605434417725,-0.44600173830986023,2.2297721809513633,0.10705934430168507,0.3569107950466247,0.023553055746370715,-0.4905498798092999,-0.020342564369804528,0.299968996600255,-0.014544886723311529,3.1360487937927246,-3.1335748038069924,0.013561709579869685,0
1780805312.5816836,FLY,spline,1,89,-14.053572525643485,-0.20238545047876838,-1.5228934924335726,-14.0239839553833,-0.35600584745407104,-1.576235294342041,-0.029588570260184355,0.15362039697530266,0.05334180190846838,0.15644395116747545,9.279460444820435,1.2,-1.1921486607060263,0.11280080473154405,-0.07783025908182331,1.0121920108795166,0.20569449663162231,-0.42657092213630676,2.3799366057430773,0.14979173767358034,0.3487406630544835,0.032954182288187674,-0.523586053263477,-0.023462509895927575,0.295464521983928,-0.014614634855922425,3.1339688301086426,-3.1335748038069924,0.015641673263951716,0
1780805312.5922718,FLY,spline,1,89,-14.053572525643485,-0.20238545047876838,-1.5228934924335726,-14.0239839553833,-0.35600584745407104,-1.576235294342041,-0.029588570260184355,0.15362039697530266,0.05334180190846838,0.15644395116747545,9.279460444820435,1.2,-1.1921486607060263,0.11280080473154405,-0.07783025908182331,1.0121920108795166,0.20569449663162231,-0.42657092213630676,2.3269270499330403,0.13942694511301798,0.3487406630544835,0.030673927924863956,-0.5119239509852689,-0.024535035874015954,0.2936145893654531,-0.01468438298853332,3.133253812789917,-3.1335748038069924,0.016356690582677302,0
1780805312.6031294,FLY,spline,1,89,-14.053572525643485,-0.20238545047876838,-1.5228934924335726,-14.0239839553833,-0.35600584745407104,-1.576235294342041,-0.029588570260184355,0.15362039697530266,0.05334180190846838,0.15644395116747545,9.279460444820435,1.2,-1.1921486607060263,0.11280080473154405,-0.07783025908182331,1.0121920108795166,0.20569449663162231,-0.42657092213630676,2.2898019317075433,0.13261061450011175,0.3487406630544835,0.029174335190024586,-0.5037564249756595,-0.025602912689811852,0.291761116923511,-0.014754131121144216,3.1325418949127197,-3.1335748038069924,0.017068608459874568,0
1780805312.6139014,FLY,spline,1,89,-14.053572525643485,-0.20238545047876838,-1.5228934924335726,-13.994843482971191,-0.35007810592651367,-1.587011694908142,-0.05872904267229373,0.1476926554477453,0.06411820247456945,0.15894093533891923,9.308254338773093,1.2,-1.1932274701854004,0.10826370795399788,-0.06698637126311945,1.156795620918274,0.23649710416793823,-0.3971984386444092,2.4960786884460333,0.19032916173853212,0.3302120673812897,0.04187241558247707,-0.5491373114581274,-0.028606629158622887,0.2880976510011305,-0.014820173534620474,3.1305394172668457,-3.1335748038069924,0.01907108610574859,0
1780805312.6246645,FLY,spline,1,89,-14.053572525643485,-0.20238545047876838,-1.5228934924335726,-13.98656177520752,-0.34837889671325684,-1.5897070169448853,-0.0670107504359656,0.14599344623448846,0.06681352451131262,0.16063787541365745,9.31645289561156,1.2,-1.19349833070213,0.10696240883557345,-0.06419328397364002,1.1924384832382202,0.2442757487297058,-0.38839906454086304,2.5089606775588185,0.19633302117287035,0.32420578056722305,0.04319326465803148,-0.5519713490629401,-0.02961120584166732,0.28674774426187727,-0.014885014690733918,3.1298696994781494,-3.1335748038069924,0.01974080389444488,0
1780805312.6350582,FLY,spline,1,89,-14.053572525643485,-0.20238545047876838,-1.5228934924335726,-13.98656177520752,-0.34837889671325684,-1.5897070169448853,-0.0670107504359656,0.14599344623448846,0.06681352451131262,0.16063787541365745,9.31645289561156,1.2,-1.19349833070213,0.10696240883557345,-0.06419328397364002,1.1924384832382202,0.2442757487297058,-0.38839906454086304,2.471402959294503,0.18857429808575762,0.32420578056722305,0.04148634557886668,-0.5437086510447906,-0.030557489182121422,0.2849722847395047,-0.014949855846847363,3.1292388439178467,-3.1335748038069924,0.020371659454747615,0
1780805312.6459522,FLY,spline,1,88,-13.89494554961066,-0.20171380401144381,-1.5037386934770391,-13.961835861206055,-0.3432910144329071,-1.5970067977905273,0.06689031159539383,0.1415772104214633,0.0932681043134882,0.1565835888465077,9.340961551858122,1.2,-1.194221713710826,0.10309510031198038,-0.05662065694815475,1.288434386253357,0.26564788818359375,-0.36193060874938965,2.599184393319304,0.2272669867078629,0.3053099518012349,0.04999873707572984,-0.5718205665302468,-0.03163538611127503,0.2832979909591749,-0.01501091783720761,3.128107786178589,-3.1339872635934802,0.021090257407516688,0
1780805312.6566975,FLY,spline,1,88,-13.89494554961066,-0.20171380401144381,-1.5037386934770391,-13.943281173706055,-0.3394531309604645,-1.6018309593200684,0.048335624095393825,0.13773932694902066,0.09809226584302921,0.14597415779877077,9.359379881571549,1.2,-1.1947131911918374,0.10014760856912872,-0.0512917857955867,1.3521313667297363,0.28019851446151733,-0.34223341941833496,2.6655230928946243,0.2504008531307347,0.2909416336227483,0.05508818768876163,-0.5864150804368173,-0.033396703364387825,0.2810360357851114,-0.015069106163932158,3.1269335746765137,-3.1339872635934802,0.022264468909591884,0
1780805312.6674643,FLY,spline,1,88,-13.89494554961066,-0.20171380401144381,-1.5037386934770391,-13.943281173706055,-0.3394531309604645,-1.6018309593200684,0.048335624095393825,0.13773932694902066,0.09809226584302921,0.14597415779877077,9.359379881571549,1.2,-1.1947131911918374,0.10014760856912872,-0.0512917857955867,1.3521313667297363,0.28019851446151733,-0.34223341941833496,2.6290456549225882,0.2404899829040911,0.2909416336227483,0.05290779623890004,-0.5783900440829695,-0.033396703364387825,0.28097784745838683,-0.015127294490656707,3.1269335746765137,-3.1339872635934802,0.022264468909591884,0
1780805312.6781094,FLY,spline,1,88,-13.89494554961066,-0.20171380401144381,-1.5037386934770391,-13.916757583618164,-0.33393552899360657,-1.6079344749450684,0.0218120340075032,0.13222172498216275,0.10419578146802921,0.13400876607447423,9.385740684535644,1.2,-1.1953405758188358,0.09590935479027803,-0.04429789458661186,1.4332952499389648,0.2992441952228546,-0.31468015909194946,2.7332497344781634,0.27835188059807026,0.2703822645053376,0.06123741373157546,-0.6,-0.036486608149544075,0.2765051548369357,-0.015181370943557775,3.124873638153076,-3.1339872635934802,0.024324405433029384,1
1780805312.6888602,FLY,spline,1,88,-13.89494554961066,-0.20171380401144381,-1.5037386934770391,-13.906600952148438,-0.33180662989616394,-1.610048770904541,0.011655402537776638,0.13009282588472013,0.10631007742750187,0.13061390337552015,9.395843932438938,1.2,-1.1955607933805552,0.09427380131784097,-0.041795211643695956,1.4618943929672241,0.3060993254184723,-0.304672509431839,2.7464658292779776,0.284798461403509,0.26287729778814306,0.06265566150877198,-0.6,-0.037263375880256966,0.2754875294376067,-0.015233946403115404,3.1243557929992676,-3.1339872635934802,0.024842250586837977,1
1780805312.699555,FLY,spline,1,88,-13.89494554961066,-0.20171380401144381,-1.5037386934770391,-13.896249771118164,-0.3296288847923279,-1.612099528312683,0.0013042215075032004,0.12791508078088407,0.10836083483564396,0.12792172952599073,9.406144965507872,1.2,-1.195775298565744,0.09260055386302311,-0.039326489345822786,1.4899362325668335,0.31290167570114136,-0.29509207606315613,2.76351859714191,0.2909764994336049,0.25576558671733335,0.06401482987539307,-0.6,-0.037263375880256966,0.276005313205928,-0.01528509952045887,3.1243557929992676,-3.1339872635934802,0.024842250586837977,1
1780805312.7103536,FLY,spline,1,88,-13.89494554961066,-0.20171380401144381,-1.5037386934770391,-13.8544921875,-0.3208105266094208,-1.6193652153015137,-0.04045336211066086,0.11909672259797696,0.11562652182447453,0.1257795843514985,9.447740263628111,1.2,-1.196546872544121,0.08582496016129491,-0.030160537432130402,1.5902034044265747,0.33798789978027344,-0.25614240765571594,2.8990563273400776,0.3427007127672861,0.22598187022358554,0.07539415680880295,-0.6,-0.04000101721479066,0.272611795527929,-0.015330295894503588,3.122530698776245,-3.1339872635934802,0.026667344809860438,1
1780805312.7209551,FLY,spline,1,88,-13.89494554961066,-0.20171380401144381,-1.5037386934770391,-13.8544921875,-0.3208105266094208,-1.6193652153015137,-0.04045336211066086,0.11909672259797696,0.11562652182447453,0.1257795843514985,9.447740263628111,1.2,-1.196546872544121,0.08582496016129491,-0.030160537432130402,1.5902034044265747,0.33798789978027344,-0.25614240765571594,2.863632313411212,0.33265440857530054,0.22598187022358554,0.07318396988656611,-0.6,-0.040626150729194954,0.2711855923259556,-0.015375492268548306,3.1221139430999756,-3.1339872635934802,0.02708410048612997,1
1780805312.7321014,FLY,spline,1,88,-13.89494554961066,-0.20171380401144381,-1.5037386934770391,-13.843280792236328,-0.3184179663658142,-1.6210790872573853,-0.05166475737433274,0.1167041623543704,0.11734039378034611,0.12762879246229636,9.458917676436544,1.2,-1.1967324976786509,0.08398625739596975,-0.02788615370458709,1.6146529912948608,0.3443071246147156,-0.24687278270721436,2.878090284004186,0.3385942166931164,0.21898662900262728,0.07449072767248562,-0.6,-0.040626150729194954,0.27170141429783173,-0.015419289594348832,3.1221139430999756,-3.1339872635934802,0.02708410048612997,1
1780805312.7427373,FLY,spline,1,88,-13.89494554961066,-0.20171380401144381,-1.5037386934770391,-13.831913948059082,-0.3159863352775574,-1.6227294206619263,-0.06303160155157883,0.11427253126611356,0.11899072718488712,0.1305036175595217,9.470253616477654,1.2,-1.196912215178645,0.08211746426769564,-0.025649000339043417,1.6588681936264038,0.35597744584083557,-0.22885878384113312,2.926855584738239,0.3557093553429526,0.2032097835020897,0.07825605817544957,-0.6,-0.04121158755017884,0.2715858493010506,-0.01545993155104925,3.1217236518859863,-3.1339872635934802,0.027474391700119227,1
1780805312.7533686,FLY,spline,1,88,-13.89494554961066,-0.20171380401144381,-1.5037386934770391,-13.79921817779541,-0.30894529819488525,-1.6270116567611694,-0.0957273718152507,0.10723149418344144,0.12327296328413029,0.14374394964473702,9.502879366249074,1.2,-1.1973858435282123,0.07670565536601096,-0.019580197984246973,1.7005770206451416,0.3672923445701599,-0.2113150805234909,2.970211312250033,0.3799286662316752,0.19173488253924392,0.08358430657096855,-0.6,-0.04306517279340394,0.2677775606157811,-0.015498278527557098,3.120487928390503,-3.1339872635934802,0.028710115195602626,1
1780805312.7639573,FLY,spline,1,87,-13.736301408486357,-0.20108026992598693,-1.4844016604102925,-13.775156021118164,-0.30373045802116394,-1.6297705173492432,0.03885461263180723,0.10265018809517701,0.14536885693895063,0.10975765139042933,9.526905982747472,1.2,-1.1976933112248804,0.07271758770328651,-0.015584758124411211,1.7595412731170654,0.38386860489845276,-0.1879143863916397,3.040622756196431,0.4063504204870074,0.1723296282672285,0.08939709250714163,-0.6,-0.04247112040489398,0.26929551503188887,-0.015532744453210543,3.120487928390503,-3.1343832985191544,0.02831408026992932,1
1780805312.7745464,FLY,spline,1,87,-13.736301408486357,-0.20108026992598693,-1.4844016604102925,-13.775156021118164,-0.30373045802116394,-1.6297705173492432,0.03885461263180723,0.10265018809517701,0.14536885693895063,0.10975765139042933,9.526905982747472,1.2,-1.1976933112248804,0.07271758770328651,-0.015584758124411211,1.7595412731170654,0.38386860489845276,-0.1879143863916397,3.013171595571694,0.398517875797717,0.1723296282672285,0.08767393267549775,-0.6,-0.04347963099449359,0.2662584456808888,-0.015567210378863989,3.1198155879974365,-3.1343832985191544,0.028986420662995727,1
1780805312.7854242,FLY,spline,1,87,-13.736301408486357,-0.20108026992598693,-1.4844016604102925,-13.728866577148438,-0.2935839891433716,-1.634340763092041,-0.007434831337919334,0.09250371921738465,0.14993910268174848,0.0928020192995392,9.573158860948631,1.2,-1.198216174830958,0.06490230253435822,-0.008104905872726186,1.8130459785461426,0.39963477849960327,-0.16619667410850525,3.0795829584119496,0.43239587944484154,0.15809176823577906,0.09512709347786513,-0.6,-0.04405827288597308,0.2653482240889898,-0.015598828732511144,3.11942982673645,-3.1343832985191544,0.029372181923982055,1
1780805312.796151,FLY,spline,1,87,-13.736301408486357,-0.20108026992598693,-1.4844016604102925,-13.716171264648438,-0.290771484375,-1.6354442834854126,-0.020130143837919334,0.08969121444901307,0.15104262307512006,0.09192244905502775,9.585850813014556,1.2,-1.1983430843934026,0.0627356542087668,-0.006171691624201038,1.8455123901367188,0.40961337089538574,-0.15236523747444153,3.1083453225257873,0.44367527671879736,0.1461935458502405,0.09760856087813542,-0.6,-0.04405827288597308,0.26627084317066274,-0.01562806744168119,3.11942982673645,-3.1343832985191544,0.029372181923982055,1
1780805312.8073494,FLY,spline,1,87,-13.736301408486357,-0.20108026992598693,-1.4844016604102925,-13.716171264648438,-0.290771484375,-1.6354442834854126,-0.020130143837919334,0.08969121444901307,0.15104262307512006,0.09192244905502775,9.585850813014556,1.2,-1.1983430843934026,0.0627356542087668,-0.006171691624201038,1.8455123901367188,0.40961337089538574,-0.15236523747444153,3.086293331254121,0.43608462861434355,0.1461935458502405,0.09593861829515558,-0.6,-0.044659802961046324,0.26365755155555154,-0.015657306150851237,3.1190288066864014,-3.1343832985191544,0.029773201974030883,1
1780805312.8177266,FLY,spline,1,87,-13.736301408486357,-0.20108026992598693,-1.4844016604102925,-13.679882049560547,-0.28267577290534973,-1.6382861137390137,-0.05641935892580996,0.0815955029793628,0.15388445332872114,0.09920166413954241,9.622144622629003,1.2,-1.1986688897024118,0.05649864404825805,-0.0008922333189071825,1.8754920959472656,0.4191710948944092,-0.13898588716983795,3.1188411655311277,0.45657753287041264,0.13809365385093078,0.10044705723149078,-0.6,-0.04481358294456683,0.2634284603239334,-0.015684924881621425,3.1189262866973877,-3.1343832985191544,0.029875721963044555,1
1780805312.8280625,FLY,spline,1,87,-13.736301408486357,-0.20108026992598693,-1.4844016604102925,-13.666757583618164,-0.2797265648841858,-1.6392089128494263,-0.06954382486819277,0.07864629495819886,0.15480725243913374,0.10498372868187661,9.635275641883803,1.2,-1.1987737997240182,0.054226416061890784,0.0009342892071680114,1.8903855085372925,0.42405882477760315,-0.13266627490520477,3.1264272907228503,0.46153805489017313,0.13360056411237278,0.10153837207583809,-0.6,-0.04493875269859515,0.26294791437583453,-0.0157116449944439,3.118842840194702,-3.1343832985191544,0.0299591684657301,1
1780805312.838584,FLY,spline,1,87,-13.736301408486357,-0.20108026992598693,-1.4844016604102925,-13.653514862060547,-0.27674803137779236,-1.6400829553604126,-0.08278654642580996,0.07566776145180543,0.15568129495012006,0.11215713259637178,9.648527485676489,1.2,-1.1988726488709422,0.05193175108859206,0.002732218520322272,1.917226791381836,0.43316778540611267,-0.12006217986345291,3.1551005842908815,0.47470398117074597,0.12279439838377518,0.10443487585756411,-0.6,-0.04513044123619281,0.26163854480475984,-0.015736203874120655,3.1187150478363037,-3.1343832985191544,0.03008696082412854,1
1780805312.849209,FLY,spline,1,86,-13.577641259739845,-0.20048227824421563,-1.46489468156758,-13.628241539001465,-0.27103516459465027,-1.6416258811950684,0.05060027926161936,0.07055288635043463,0.1767311996274883,0.08682222085233257,9.67382452986958,1.2,-1.1990428599975524,0.04755825853962234,0.005867873002039121,1.9293313026428223,0.4374268651008606,-0.1140831932425499,3.1598546631206634,0.4822965802551721,0.11995106624458901,0.10610524765613785,-0.6,-0.0445706565535291,0.2611678336614216,-0.01576019408736957,3.118708610534668,-3.1347629256092326,0.029713771035686065,1
1780805312.8598595,FLY,spline,1,86,-13.577641259739845,-0.20048227824421563,-1.46489468156758,-13.579374313354492,-0.25987303256988525,-1.6441210508346558,0.0017330536146467068,0.05939075432566962,0.1792263692670757,0.05941603465566584,9.722761587288115,1.2,-1.1993079375727367,0.038944867775100894,0.01199033565037722,1.9696346521377563,0.4525623619556427,-0.09159766137599945,3.2115183798858378,0.5154432994108131,0.10358799702637667,0.11339752587037889,-0.6,-0.044550629392884566,0.2618168079121654,-0.015780911686774847,3.1187219619750977,-3.1347629256092326,0.029700419595256378,1
1780805312.870592,FLY,spline,1,86,-13.577641259739845,-0.20048227824421563,-1.46489468156758,-13.579374313354492,-0.25987303256988525,-1.6441210508346558,0.0017330536146467068,0.05939075432566962,0.1792263692670757,0.05941603465566584,9.722761587288115,1.2,-1.1993079375727367,0.038944867775100894,0.01199033565037722,1.9696346521377563,0.4525623619556427,-0.09159766137599945,3.1956895397718763,0.5064135068420168,0.10358799702637667,0.11141097150524369,-0.6,-0.04446122242572148,0.26084634725607386,-0.015801629286180122,3.118781566619873,-3.1347629256092326,0.029640814950480987,1
1780805312.881218,FLY,spline,1,86,-13.577641259739845,-0.20048227824421563,-1.46489468156758,-13.565624237060547,-0.25669920444488525,-1.644716739654541,-0.012017022679298606,0.05621692620066962,0.17982205808696095,0.0574869691802091,9.73653679566047,1.2,-1.199367462677497,0.03649578424775657,0.013628910546468429,1.979300856590271,0.4564841091632843,-0.08552469313144684,3.1999823382110053,0.5103343412450034,0.09915360367791527,0.11227355507390076,-0.6,-0.044255944029115035,0.26011453198939527,-0.015821460006915707,3.1189184188842773,-3.1347629256092326,0.02950396268607669,1
1780805312.8923903,FLY,spline,1,86,-13.577641259739845,-0.20048227824421563,-1.46489468156758,-13.537968635559082,-0.25028321146965027,-1.645790934562683,-0.03967262418076345,0.049800933225434635,0.18089625299510304,0.06367142262830552,9.764249585659785,1.2,-1.1994672848705925,0.031545262249534425,0.01682643618764319,1.9967302083969116,0.46399107575416565,-0.07442671805620193,3.2181230341071982,0.5250804347503936,0.09125315424384513,0.11551769564508658,-0.6,-0.044115753904603316,0.2602452307164608,-0.015839710637764477,3.119011878967285,-3.1347629256092326,0.029410502603068878,1
1780805312.9031372,FLY,spline,1,86,-13.577641259739845,-0.20048227824421563,-1.46489468156758,-13.537968635559082,-0.25028321146965027,-1.645790934562683,-0.03967262418076345,0.049800933225434635,0.18089625299510304,0.06367142262830552,9.764249585659785,1.2,-1.1994672848705925,0.031545262249534425,0.01682643618764319,1.9967302083969116,0.46399107575416565,-0.07442671805620193,3.208428947166753,0.5185527510738777,0.09125315424384513,0.11408160523625309,-0.6,-0.04395017220141728,0.2597774468895109,-0.015857961268613247,3.119122266769409,-3.1347629256092326,0.029300114800944854,1
1780805312.9136531,FLY,spline,1,86,-13.577641259739845,-0.20048227824421563,-1.46489468156758,-13.49746036529541,-0.2408105432987213,-1.6470898389816284,-0.08018089444443532,0.04032826505450568,0.18219515741404835,0.08975157266709115,9.804856897282649,1.2,-1.1995662479545781,0.024237475164300696,0.0212922888820152,2.0172510147094727,0.4739725887775421,-0.05964067950844765,3.2341902773402436,0.5412806217089912,0.08093296839046285,0.11908173677597805,-0.6,-0.04332468105914433,0.2594719886810467,-0.01587414786229134,3.119539260864258,-3.1347629256092326,0.02888312070609622,1
1780805312.9245865,FLY,spline,1,85,-13.418966260840383,-0.19991725898794777,-1.4452300452831475,-13.4692964553833,-0.23416991531848907,-1.6478222608566284,0.05033019454291754,0.03425265633054131,0.20259221557348095,0.06087998807839977,9.833099820753331,1.2,-1.1996061750400422,0.019149235553129355,0.024048525599925673,2.0281474590301514,0.4802260100841522,-0.05039215832948685,3.242960152083937,0.5530193721336317,0.07444068392941253,0.12166426186939898,-0.6,-0.04251446779551493,0.2596571066822658,-0.015889035999077223,3.119716167449951,-3.135126161199292,0.028342978530343288,1
1780805312.9350557,FLY,spline,1,85,-13.418966260840383,-0.19991725898794777,-1.4452300452831475,-13.4692964553833,-0.23416991531848907,-1.6478222608566284,0.05033019454291754,0.03425265633054131,0.20259221557348095,0.06087998807839977,9.833099820753331,1.2,-1.1996061750400422,0.019149235553129355,0.024048525599925673,2.0281474590301514,0.4802260100841522,-0.05039215832948685,3.235140714317802,0.5465853774671902,0.07444068392941253,0.12024878304278183,-0.6,-0.04251446779551493,0.2596422185454799,-0.015903924135863105,3.119716167449951,-3.135126161199292,0.028342978530343288,1
1780805312.945435,FLY,spline,1,85,-13.418966260840383,-0.19991725898794777,-1.4452300452831475,-13.429335594177246,-0.22462889552116394,-1.6486523151397705,0.010369333336862852,0.024711636533216175,0.20342226985662304,0.026799030840699435,9.873187036008622,1.2,-1.1996120281269962,0.011780950872205296,0.02814589081165222,2.0389115810394287,0.48816177248954773,-0.038598399609327316,3.2468280414036474,0.5642485501907449,0.06674429042097954,0.12413468104196389,-0.6,-0.041271353324079385,0.2593261562009871,-0.015917272993947303,3.120544910430908,-3.135126161199292,0.027514235549386257,1
1780805312.9562147,FLY,spline,1,85,-13.418966260840383,-0.19991725898794777,-1.4452300452831475,-13.415156364440918,-0.2212207019329071,-1.6488964557647705,-0.0038098963994652735,0.02130344294495934,0.20366641048162304,0.021641441538950132,9.88741473357036,1.2,-1.1996009859014087,0.009149566030833533,0.029559432772226103,2.0414464473724365,0.4907171428203583,-0.03483326733112335,3.245120472414715,0.5658598179500514,0.06439270010334945,0.1244891599490113,-0.6,-0.04088940676035868,0.25934058943367694,-0.015930151533967974,3.1207995414733887,-3.135126161199292,0.027259604506905788,1
1780805312.9668028,FLY,spline,1,85,-13.418966260840383,-0.19991725898794777,-1.4452300452831475,-13.400976181030273,-0.21779295802116394,-1.649111270904541,-0.017990079810109805,0.017875699033216175,0.20388122562139355,0.025361064399986175,9.901645503182328,1.2,-1.1995831885028316,0.006503343858337152,0.030949642648025164,2.0433027744293213,0.493135541677475,-0.03127952665090561,3.2434571353132977,0.5689197011362909,0.06222916929893077,0.125162334249984,-0.6,-0.04088940676035868,0.25950122606417064,-0.01594259736782776,3.1207995414733887,-3.135126161199292,0.027259604506905788,1
1780805312.9773471,FLY,spline,1,85,-13.418966260840383,-0.19991725898794777,-1.4452300452831475,-13.361406326293945,-0.20817382633686066,-1.649599552154541,-0.05755993454643793,0.008256567348912891,0.20436950687139355,0.05814909259289738,9.941365780095195,1.2,-1.1994966985515596,-0.000920049376422425,0.034739367769923785,2.044793128967285,0.4991101622581482,-0.022074822336435318,3.242481436154906,0.5823486058006635,0.0568141901063591,0.12811669327614597,-0.6,-0.03924253042521464,0.2596117152163697,-0.015953960205849032,3.1218974590301514,-3.135126161199292,0.026161686950143093,1
1780805312.988081,FLY,spline,1,85,-13.418966260840383,-0.19991725898794777,-1.4452300452831475,-13.3472261428833,-0.20469726622104645,-1.6497313976287842,-0.07174011795708246,0.004780007233098682,0.2045013523456367,0.07189918632115791,9.955603471928747,1.2,-1.1994525852865667,-0.0036021946511328507,0.036062720960381524,2.0440499782562256,0.5009863972663879,-0.01904718391597271,3.2386690662076867,0.5829981027706216,0.05510990487635423,0.12825958260953674,-0.6,-0.03875114973368632,0.2597337708563085,-0.0159649821868243,3.122225046157837,-3.135126161199292,0.025834099822457546,1
1780805312.9987662,FLY,spline,1,85,-13.418966260840383,-0.19991725898794777,-1.4452300452831475,-13.333046913146973,-0.20121093094348907,-1.649843692779541,-0.08591934769341059,0.001293671955541309,0.20461364749639355,0.08592908643288216,9.969841930245078,1.2,-1.199401472247268,-0.0062912741544798876,0.037370151733698315,2.042616605758667,0.5027179718017578,-0.016199445351958275,3.23469391647081,0.5842073294665843,0.05356959708565659,0.12852561248264854,-0.6,-0.038236523230695596,0.25987606153747067,-0.015975696106241433,3.122568130493164,-3.135126161199292,0.025491015487130397,1
1780805313.0094953,FLY,spline,1,85,-13.418966260840383,-0.19991725898794777,-1.4452300452831475,-13.318866729736328,-0.19770507514476776,-1.6499364376068115,-0.10009953110405512,-0.0022121838431800045,0.20470639232366405,0.10012397257703934,9.984083261036993,1.2,-1.1993433013563375,-0.008994956981863192,0.03866181889895913,2.037851095199585,0.505648136138916,-0.011188225820660591,3.226323553247855,0.5867860862907351,0.04985004471961972,0.12909293898396174,-0.6,-0.037212634642743936,0.2603082830133895,-0.015985666115185357,3.123250722885132,-3.135126161199292,0.024808423095162624,1
1780805313.0204933,FLY,spline,1,84,-13.260277569257235,-0.1993826421790011,-1.4254200398912396,-13.2783203125,-0.18760742247104645,-1.650112271308899,0.01804274324276456,-0.011775219707954643,0.22469223141765937,0.021545217169825177,10.024814037851973,1.2,-1.1991446066847193,-0.016744811825123013,0.04209303429180481,2.0304760932922363,0.5080184936523438,-0.006640519946813583,3.2144083896167284,0.5976527192184375,0.048733554238618394,0.13148359822805625,-0.6,-0.03611191500994071,0.2605130711936989,-0.01599541282603308,3.1236376762390137,-3.1354730209339454,0.02407461000662714,1
1780805313.0313377,FLY,spline,1,84,-13.260277569257235,-0.1993826421790011,-1.4254200398912396,-13.25023365020752,-0.18052734434604645,-1.6501562595367432,-0.01004391904971591,-0.018855297832954643,0.2247362196455036,0.02136358037049666,10.053037215331635,1.2,-1.1989663604876193,-0.022205672791363658,0.04457100531685356,2.014617443084717,0.5104935169219971,-0.0006663322565145791,3.1906037302015187,0.6027648712456232,0.04523733757336814,0.1326082716740371,-0.6,-0.03487738360735282,0.2611348457442025,-0.016004460293547754,3.1244606971740723,-3.1354730209339454,0.023251589071568546,1
1780805313.0419822,FLY,spline,1,84,-13.260277569257235,-0.1993826421790011,-1.4254200398912396,-13.25023365020752,-0.18052734434604645,-1.6501562595367432,-0.01004391904971591,-0.018855297832954643,0.2247362196455036,0.02136358037049666,10.053037215331635,1.2,-1.1989663604876193,-0.022205672791363658,0.04457100531685356,2.014617443084717,0.5104935169219971,-0.0006663322565145791,3.1950829937773713,0.5957519346606106,0.04523733757336814,0.13106542562533433,-0.6,-0.03371044387194022,0.26154712063805463,-0.016013507761062428,3.1252386569976807,-3.1354730209339454,0.022473629247960147,1
1780805313.052723,FLY,spline,1,84,-13.260277569257235,-0.1993826421790011,-1.4254200398912396,-13.211679458618164,-0.17072264850139618,-1.6501367092132568,-0.04859811063907138,-0.02865999367760491,0.22471666932201728,0.05641960293451006,10.091789515210435,1.2,-1.1986739554831871,-0.029762369681614987,0.04790563429519659,2.0010876655578613,0.5114167332649231,0.002774252789095044,3.1758360589000807,0.6043175588645091,0.04513138150610155,0.132949862950192,-0.6,-0.03301736106249198,0.26183280177440177,-0.01602253403736365,3.1257007122039795,-3.1354730209339454,0.02201157404166132,1
1780805313.0633645,FLY,spline,1,84,-13.260277569257235,-0.1993826421790011,-1.4254200398912396,-13.197851181030273,-0.16716796159744263,-1.6501024961471558,-0.062426388226962004,-0.032214680581558464,0.2246824562559162,0.07024841344852722,10.105692323718214,1.2,-1.1985553595945786,-0.032500571254130334,0.049079148884894334,1.992905855178833,0.5116853713989258,0.004617290571331978,3.1672454510489736,0.6036983490306399,0.04446185831356236,0.13281363678674077,-0.6,-0.03230174769731864,0.2621981570920321,-0.01603142640902636,3.1261777877807617,-3.1354730209339454,0.021534498464879093,1
1780805313.0742354,FLY,spline,1,83,-13.101576342459664,-0.19887585783919345,-1.4054769537261025,-13.145936965942383,-0.1536913961172104,-1.6498632431030273,0.044360623482718964,-0.045184461721983066,0.24438628937692486,0.06332061668114826,10.157901457324115,1.2,-1.1980569491773962,-0.042824134410549095,0.05315674971004884,1.9554710388183594,0.5112480521202087,0.011899108998477459,3.111814176751239,0.6110806378628628,0.04125764071157138,0.13443774032982983,-0.6,-0.029692776373996033,0.2635259484392216,-0.016039677937168675,3.127586603164673,-3.135803519765583,0.01979518424933069,1
1780805313.0851705,FLY,spline,1,83,-13.101576342459664,-0.19887585783919345,-1.4054769537261025,-13.145936965942383,-0.1536913961172104,-1.6498632431030273,0.044360623482718964,-0.045184461721983066,0.24438628937692486,0.06332061668114826,10.157901457324115,1.2,-1.1980569491773962,-0.042824134410549095,0.05315674971004884,1.9554710388183594,0.5112480521202087,0.011899108998477459,3.1225627805514424,0.6038330805297968,0.04125764071157138,0.1328432777165553,-0.6,-0.028069503478183044,0.264460879324578,-0.01604792946531099,3.128668785095215,-3.135803519765583,0.018713002318788696,1
1780805313.095937,FLY,spline,1,83,-13.101576342459664,-0.19887585783919345,-1.4054769537261025,-13.132421493530273,-0.150146484375,-1.6497656106948853,0.03084515107060959,-0.048729373464193454,0.24428865696878277,0.057671268260560814,10.17149787955085,1.2,-1.197906579564363,-0.04555271391755607,0.054265798539719204,1.9439449310302734,0.5107556581497192,0.013934840448200703,3.1108981258889927,0.604453481133268,0.0403309580915185,0.13297976584931898,-0.6,-0.028069503478183044,0.2645269477425639,-0.016055995656929292,3.128668785095215,-3.135803519765583,0.018713002318788696,1
1780805313.1065981,FLY,spline,1,83,-13.101576342459664,-0.19887585783919345,-1.4054769537261025,-13.119023323059082,-0.14660155773162842,-1.6496533155441284,0.017446980599418183,-0.052274300107565036,0.24417636181802593,0.05510897915741361,10.184978437774097,1.2,-1.1977500188802452,-0.048280483095139805,0.055352391316652504,1.9215683937072754,0.509466826915741,0.017536863684654236,3.082757657597714,0.5994607251633899,0.03781552763199827,0.13188135953594576,-0.6,-0.025853998831881775,0.2661436518824922,-0.01606355876245569,3.130145788192749,-3.135803519765583,0.017235999221254517,1
1780805313.1173255,FLY,spline,1,83,-13.101576342459664,-0.19887585783919345,-1.4054769537261025,-13.085000038146973,-0.1375390589237213,-1.6493066549301147,-0.016576304312691192,-0.06133679891547214,0.24382970120401226,0.0635372077279448,10.21921850953684,1.2,-1.197320593578648,-0.05524844231676053,0.05806036353697165,1.8969334363937378,0.5076667666435242,0.021142806857824326,3.0519154489272178,0.6036331414343498,0.036917556679147326,0.13279929111555694,-0.6,-0.024957783393039,0.2668284396363733,-0.016070942273791522,3.1307432651519775,-3.135803519765583,0.016638522262026,1
1780805313.1277947,FLY,spline,1,83,-13.101576342459664,-0.19887585783919345,-1.4054769537261025,-13.071913719177246,-0.13402342796325684,-1.649145483970642,-0.029662623282417755,-0.06485242987593662,0.2436685302445396,0.07131415624410001,10.232391404512432,1.2,-1.1971430735485997,-0.05794946972660893,0.059078933749829456,1.8821724653244019,0.5064416527748108,0.023219875991344452,3.0391727025543407,0.6017238393811453,0.035859057758485004,0.13237924466385195,-0.6,-0.024041183165683044,0.26756386086495787,-0.01607811408534322,3.131354331970215,-3.135803519765583,0.016027455443788696,1
1780805313.13903,FLY,spline,1,83,-13.101576342459664,-0.19887585783919345,-1.4054769537261025,-13.032499313354492,-0.12330077588558197,-1.6485644578933716,-0.06907702910517166,-0.07557508195361148,0.2430875041672691,0.1023876406715763,10.272078386489252,1.2,-1.1965649640865388,-0.06618067910463436,0.06206774068572207,1.8324394226074219,0.5016816854476929,0.02955588698387146,2.97006112080664,0.598890143880301,0.03251185370185061,0.13175583165366622,-0.6,-0.021105058364047302,0.2700824709146169,-0.01608461645608359,3.1333117485046387,-3.135803519765583,0.014070038909364868,1
1780805313.1494062,FLY,spline,1,83,-13.101576342459664,-0.19887585783919345,-1.4054769537261025,-13.032499313354492,-0.12330077588558197,-1.6485644578933716,-0.06907702910517166,-0.07557508195361148,0.2430875041672691,0.1023876406715763,10.272078386489252,1.2,-1.1965649640865388,-0.06618067910463436,0.06206774068572207,1.8324394226074219,0.5016816854476929,0.02955588698387146,2.986700604160059,0.5951049114494165,0.03251185370185061,0.1309230805188716,-0.6,-0.020102627448214783,0.2708918841658853,-0.01609111882682396,3.1339800357818604,-3.135803519765583,0.013401751632143188,1
1780805313.1601007,FLY,spline,1,83,-13.101576342459664,-0.19887585783919345,-1.4054769537261025,-13.007421493530273,-0.11637695133686066,-1.648110270500183,-0.09415484892939041,-0.0824989065023328,0.24263331677408062,0.12518468417101583,10.297339167895782,1.2,-1.1961630250541426,-0.0714898870023847,0.0639000277754944,1.7963123321533203,0.49775058031082153,0.03369579836726189,2.940011885997619,0.5936029291570284,0.030204229408232516,0.13059264441454624,-0.6,-0.01908124225534369,0.27192674386647336,-0.016097159672705606,3.1346609592437744,-3.135803519765583,0.012720828170229126,1
1780805313.1708844,FLY,spline,1,83,-13.101576342459664,-0.19887585783919345,-1.4054769537261025,-12.995078086853027,-0.11293944716453552,-1.6478612422943115,-0.1064982556066365,-0.08593641067465793,0.24238428856820904,0.1368464289884831,10.309775442021579,1.2,-1.1959552880880522,-0.07412400484419707,0.06478102191291756,1.7596811056137085,0.4934554100036621,0.03744282200932503,2.896031665804713,0.5874362279951254,0.027338199903592528,0.1292359701589276,-0.6,-0.018039829901828064,0.27304772400516353,-0.016102627312686326,3.135355234146118,-3.135803519765583,0.012026553267885376,1
1780805313.18155,FLY,spline,1,82,-12.94286373791694,-0.19839433599034267,-1.3854130751219829,-12.97378921508789,-0.10695312172174454,-1.6473925113677979,0.03092547717095151,-0.09144121426859814,0.261979436245815,0.09652917074732756,10.33122922382969,1.2,-1.195597370641409,-0.07865290810542834,0.06603519790163491,1.741668939590454,0.4912477135658264,0.03921506181359291,2.8841548416064366,0.5869328987756808,0.026820136088042,0.12912523773064977,-0.6,-0.015693916332951474,0.27475561530392645,-0.016107991339903933,3.1366050243377686,-3.1361176719531834,0.010462610888634316,1
1780805313.19202,FLY,spline,1,82,-12.94286373791694,-0.19839433599034267,-1.3854130751219829,-12.95003890991211,-0.10019531100988388,-1.6468065977096558,0.00717517199517026,-0.0981990249804588,0.2613935225876729,0.09846081251072959,10.35517059890169,1.2,-1.1951542929312318,-0.0838280310950935,0.06766887978064691,1.6984330415725708,0.48574596643447876,0.043147869408130646,2.8302066378901345,0.5811484587785002,0.024521010372516264,0.12785266093127004,-0.6,-0.013469470989933896,0.277003839113823,-0.016112895541978436,3.1380879878997803,-3.1361176719531834,0.008979647326622597,1
1780805313.2026823,FLY,spline,1,82,-12.94286373791694,-0.19839433599034267,-1.3854130751219829,-12.95003890991211,-0.10019531100988388,-1.6468065977096558,0.00717517199517026,-0.0981990249804588,0.2613935225876729,0.09846081251072959,10.35517059890169,1.2,-1.1951542929312318,-0.0838280310950935,0.06766887978064691,1.6984330415725708,0.48574596643447876,0.043147869408130646,2.8490612350037914,0.5785323432554753,0.024521010372516264,0.12727711551620458,-0.6,-0.012318982136479306,0.2780991248668156,-0.01611779974405294,3.13885498046875,-3.1361176719531834,0.00821265475765287,1
1780805313.2133565,FLY,spline,1,82,-12.94286373791694,-0.19839433599034267,-1.3854130751219829,-12.917343139648438,-0.09071289002895355,-1.6458886861801147,-0.025520598268501615,-0.10768144596138912,0.2604756110581319,0.11066433364150263,10.388143187037793,1.2,-1.1944991774915148,-0.09108198730016841,0.06982683267588688,1.631496548652649,0.47674426436424255,0.04838501662015915,2.7551002119211887,0.5689131161239063,0.02144181605572773,0.12516088554725938,-0.6,-0.008934391987553525,0.28172087929809453,-0.016122088107264086,3.141111373901367,-3.1361176719531834,0.005956261325035683,1
1780805313.2241373,FLY,spline,1,82,-12.94286373791694,-0.19839433599034267,-1.3854130751219829,-12.895195007324219,-0.08416015654802322,-1.6451854705810547,-0.047668730592720365,-0.11423417944231945,0.2597723954590718,0.12378107944747208,10.410488648513603,1.2,-1.1940243649413398,-0.09608950289550927,0.07122235154587293,1.580560326576233,0.4695914387702942,0.05161947011947632,2.6944927979630773,0.5633175804199367,0.019602881426396615,0.12392986769238608,-0.592788415551877,-0.007706560154941755,0.28314227289027316,-0.016126008683549367,-3.1412553787231445,-3.1361176719531834,0.00513770676996117,0
1780805313.2345686,FLY,spline,1,82,-12.94286373791694,-0.19839433599034267,-1.3854130751219829,-12.895195007324219,-0.08416015654802322,-1.6451854705810547,-0.047668730592720365,-0.11423417944231945,0.2597723954590718,0.12378107944747208,10.410488648513603,1.2,-1.1940243649413398,-0.09608950289550927,0.07122235154587293,1.580560326576233,0.4695914387702942,0.05161947011947632,2.719043822448997,0.5614926444380979,0.019602881426396615,0.12352838177638154,-0.5981896409387794,-0.006463445683506208,0.28446508804726156,-0.016129929259834648,-3.1404266357421875,-3.1361176719531834,0.004308963789004139,0
1780805313.245042,FLY,spline,1,82,-12.94286373791694,-0.19839433599034267,-1.3854130751219829,-12.864843368530273,-0.07499023526906967,-1.6441161632537842,-0.07802036938666568,-0.123404100721273,0.2587030881318013,0.14599914422371746,10.441124516943468,1.2,-1.1933299714705967,-0.10308968985379038,0.07304857997137194,1.50169038772583,0.45810890197753906,0.055070675909519196,2.609919966194984,0.5484744610488633,0.017977904061852748,0.12066438143074994,-0.5741823925628965,-0.0028528347215921457,0.2886316978348827,-0.016133524840647017,-3.138019561767578,-3.1361176719531834,0.0019018898143947638,0
1780805313.2559488,FLY,spline,1,82,-12.94286373791694,-0.19839433599034267,-1.3854130751219829,-12.854609489440918,-0.07183593511581421,-1.6437255144119263,-0.08825424847602115,-0.12655840087452846,0.2583124392899434,0.1542914165013243,10.451458370097939,1.2,-1.1930833205137779,-0.10549579844754509,0.07363984534022891,1.4724774360656738,0.4537547826766968,0.05609918385744095,2.588900286008532,0.5464533865385678,0.01754066148278796,0.12021974503848491,-0.569558062921877,-0.0028528347215921457,0.2886631691089113,-0.016137032972943575,-3.138019561767578,-3.1361176719531834,0.0019018898143947638,0
1780805313.266436,FLY,spline,1,82,-12.94286373791694,-0.19839433599034267,-1.3854130751219829,-12.844609260559082,-0.06872069835662842,-1.6433300971984863,-0.09825447735785708,-0.12967363763371426,0.25791702207650347,0.162693560468832,10.46155840190277,1.2,-1.1928357893693589,-0.10787116692008825,0.07420640772114602,1.423534631729126,0.44634971022605896,0.05760571360588074,2.5347963370942685,0.5347791974928672,0.016600694115265283,0.11765142344843078,-0.557655194160739,4.07323636739676e-05,0.29213813556509416,-0.016140353111766627,-3.1360905170440674,-3.1361176719531834,-2.71549091159784e-05,0
1780805313.2767236,FLY,spline,1,81,-12.78414091309832,-0.19793550665426657,-1.3652406924131253,-12.823124885559082,-0.06190429627895355,-1.642431616783142,0.03898397246076257,-0.13603121037531302,0.2771909243700168,0.14150703270507145,10.483264878321464,1.2,-1.192303141074222,-0.11299822656490831,0.07513068998571615,1.372247338294983,0.43846574425697327,0.05873234197497368,2.478162979560666,0.5280062664594358,0.01639834801074247,0.11616137862107588,-0.5451958555033466,0.0031085156750267906,0.2953631395929581,-0.016143632781368777,-3.134343147277832,-3.1364154910611832,-0.0020723437833511937,0
1780805313.2871583,FLY,spline,1,81,-12.78414091309832,-0.19793550665426657,-1.3652406924131253,-12.813827514648438,-0.05889648199081421,-1.6420214176177979,0.02968660155011804,-0.13903902466345236,0.27678072520467256,0.14217293937651984,10.49266187146021,1.2,-1.192051973369248,-0.11529028783147155,0.07563228357135698,1.3393124341964722,0.4333459138870239,0.05932283401489258,2.452588201006793,0.5231754049557671,0.016309449556464406,0.11509858909026877,-0.5395694042214945,0.004421725208718197,0.29701723487541476,-0.016146894671280068,-3.133467674255371,-3.1364154910611832,-0.0029478168058121312,0
1780805313.2980127,FLY,spline,1,81,-12.78414091309832,-0.19793550665426657,-1.3652406924131253,-12.795937538146973,-0.052998047322034836,-1.6411913633346558,0.011796625048653198,-0.14493745933223173,0.27595067092153047,0.14541673727676893,10.510750137583672,1.2,-1.191549420464734,-0.11978266971410265,0.07656429080399207,1.2292720079421997,0.4159403145313263,0.05992555990815163,2.3009467168533115,0.5033883771431786,0.016638730895840448,0.1107454429714993,-0.5062082777077286,0.005742802555519955,0.2986711235359593,-0.016150222417459236,-3.13258695602417,-3.1364154910611832,-0.003828535037013303,0
1780805313.3085842,FLY,spline,1,81,-12.78414091309832,-0.19793550665426657,-1.3652406924131253,-12.7685546875,-0.04356445372104645,-1.6398192644119263,-0.015586225598319459,-0.15437105293322012,0.274578571998801,0.15515589712322492,10.538457831701837,1.2,-1.190718733406464,-0.1269619572844795,0.07790737652751577,1.1487318277359009,0.40294286608695984,0.05923037976026535,2.2090495299949695,0.49397949724326173,0.018676996767250417,0.10867548939351758,-0.4859908965988933,0.008749022419411556,0.30248424070913105,-0.016153957816812687,-3.130582809448242,-3.1364154910611832,-0.0058326816129410375,0
1780805313.3193808,FLY,spline,1,81,-12.78414091309832,-0.19793550665426657,-1.3652406924131253,-12.760859489440918,-0.04081054776906967,-1.6394091844558716,-0.02328142365740149,-0.1571249588851969,0.2741684920427463,0.1588404148577755,10.546249651670735,1.2,-1.1904700946612203,-0.12905652915024893,0.07826471747215315,1.1099954843521118,0.3966202437877655,0.05881243944168091,2.188253656766894,0.4872622182338335,0.01945227803047224,0.10719768801144336,-0.48141580448871674,0.011272444660622494,0.30591611926868423,-0.01615784827241878,-3.1289005279541016,-3.1364154910611832,-0.0075149631070816625,0
1780805313.32992,FLY,spline,1,81,-12.78414091309832,-0.19793550665426657,-1.3652406924131253,-12.760859489440918,-0.04081054776906967,-1.6394091844558716,-0.02328142365740149,-0.1571249588851969,0.2741684920427463,0.1588404148577755,10.546249651670735,1.2,-1.1904700946612203,-0.12905652915024893,0.07826471747215315,1.1099954843521118,0.3966202437877655,0.05881243944168091,2.2238631798235926,0.4900147783477314,0.01945227803047224,0.1078032512365009,-0.48924989956119036,0.011272444660622494,0.3059122288130781,-0.016161738728024875,-3.1289005279541016,-3.1364154910611832,-0.0075149631070816625,0
1780805313.3402395,FLY,spline,1,81,-12.78414091309832,-0.19793550665426657,-1.3652406924131253,-12.753437042236328,-0.038105469197034836,-1.639003872871399,-0.030703870861991334,-0.15983003745723173,0.27376318045827364,0.16275247635440127,10.553767764011633,1.2,-1.1902231335456692,-0.1311134125595259,0.0786013067303805,1.0347237586975098,0.38421180844306946,0.057337306439876556,2.1281470695541786,0.4751813899478036,0.021264000290503945,0.1045399057885168,-0.4681923553019193,0.012493743832070248,0.30751464381837507,-0.016165991528082974,-3.1280863285064697,-3.1364154910611832,-0.008329162554713498,0
1780805313.3510003,FLY,spline,1,81,-12.78414091309832,-0.19793550665426657,-1.3652406924131253,-12.734453201293945,-0.030898436903953552,-1.6379345655441284,-0.049687711804374146,-0.16703706975031302,0.27269387313100313,0.17427062682829106,10.57300973310085,1.2,-1.1895516341845256,-0.13659119823628682,0.07943396108277637,0.9560991525650024,0.37109217047691345,0.054967835545539856,2.033199009558156,0.4632628257173783,0.02446612553723651,0.10191782165782323,-0.44730378210279426,0.015755667622048275,0.31215733256783756,-0.016170884753190423,-3.1259117126464844,-3.1364154910611832,-0.01050377841469885,0
1780805313.3616164,FLY,spline,1,81,-12.78414091309832,-0.19793550665426657,-1.3652406924131253,-12.722108840942383,-0.025898436084389687,-1.6372021436691284,-0.062032072155936646,-0.17203707056987688,0.27196145125600313,0.18287900816174646,10.585536100952902,1.2,-1.1890750627280948,-0.14039037584200587,0.07994396518260657,0.8330152034759521,0.3502648174762726,0.05074536055326462,1.8718458550835702,0.4393549799645188,0.029198604629341957,0.09665809559219413,-0.4118060881183854,0.01814426415677728,0.31552850070436445,-0.01617672447411629,-3.124319314956665,-3.1364154910611832,-0.012096176104518186,0
1780805313.3720658,FLY,spline,1,81,-12.78414091309832,-0.19793550665426657,-1.3652406924131253,-12.722108840942383,-0.025898436084389687,-1.6372021436691284,-0.062032072155936646,-0.17203707056987688,0.27196145125600313,0.18287900816174646,10.585536100952902,1.2,-1.1890750627280948,-0.14039037584200587,0.07994396518260657,0.8330152034759521,0.3502648174762726,0.05074536055326462,1.9199263199703591,0.4418395652380591,0.029198604629341957,0.09720470435237301,-0.422383790393479,0.020023956234413998,0.31857111480191347,-0.01618256419504216,-3.1230661869049072,-3.1364154910611832,-0.013349304156275998,0
1780805313.382789,FLY,spline,1,81,-12.78414091309832,-0.19793550665426657,-1.3652406924131253,-12.703007698059082,-0.0174414049834013,-1.6360058784484863,-0.08113321503923743,-0.18049410167086527,0.27076518603536104,0.19789067517337897,10.60495024871044,1.2,-1.1882492482587563,-0.14681515607326312,0.08067858426920835,0.7024754285812378,0.3278346657752991,0.0449531152844429,1.7428857215351747,0.42222997280752955,0.035725468984765446,0.09289059401765651,-0.38343485873773847,0.02112616532560052,0.3199102707928001,-0.016189709288839112,-3.122331380844116,-3.1364154910611832,-0.014084110217067014,0
1780805313.3933172,FLY,spline,1,81,-12.78414091309832,-0.19793550665426657,-1.3652406924131253,-12.703007698059082,-0.0174414049834013,-1.6360058784484863,-0.08113321503923743,-0.18049410167086527,0.27076518603536104,0.19789067517337897,10.60495024871044,1.2,-1.1882492482587563,-0.14681515607326312,0.08067858426920835,0.7024754285812378,0.3278346657752991,0.0449531152844429,1.7901729923697878,0.4257527029966115,0.035725468984765446,0.09366559465925453,-0.3938380583213533,0.022175445492226498,0.32174453107387346,-0.016196854382636065,-3.1216318607330322,-3.1364154910611832,-0.014783630328150998,0
1780805313.4036233,FLY,spline,1,81,-12.78414091309832,-0.19793550665426657,-1.3652406924131253,-12.69847583770752,-0.015224608592689037,-1.6357128620147705,-0.08566507539079993,-0.18271089806157753,0.2704721696016452,0.20179637611260418,10.609565059326444,1.2,-1.1880286796720037,-0.14849942506720507,0.08084415273540128,0.6040838956832886,0.3107173442840576,0.03943067416548729,1.6651042453741338,0.4063984369900147,0.041413478569913995,0.08940765613780324,-0.3663229339823094,0.02319790356870355,0.3231304285464081,-0.016205137078350047,-3.120950222015381,-3.1364154910611832,-0.015465269045802366,0
1780805313.414269,FLY,spline,1,81,-12.78414091309832,-0.19793550665426657,-1.3652406924131253,-12.690390586853027,-0.010927733965218067,-1.6351805925369263,-0.09375032624529211,-0.1870077726890485,0.269939900123801,0.20919137342925387,10.617812042857016,1.2,-1.18759647275714,-0.1517649084126243,0.08112971384953648,0.5533134937286377,0.3018171489238739,0.03637847676873207,1.6243501222192624,0.40174979997878746,0.044751237080804404,0.08838495599533325,-0.3573570268882377,0.025086536343056576,0.3265026775948106,-0.016214087325766208,-3.1196911334991455,-3.1364154910611832,-0.016724357562037717,0
1780805313.4246337,FLY,spline,1,81,-12.78414091309832,-0.19793550665426657,-1.3652406924131253,-12.683789253234863,-0.006923827808350325,-1.6347460746765137,-0.10035165986345618,-0.19101167884591624,0.2695053822633884,0.2157682022284244,10.624564869825674,1.2,-1.1871877877909094,-0.15480899454819855,0.08135927560580833,0.4499668776988983,0.28356316685676575,0.029717812314629555,1.4961248713502535,0.38336860458945476,0.051641463291178774,0.08434109300968005,-0.32914747169705577,0.026857509548622982,0.32958448220358816,-0.016224415618424443,-3.1185104846954346,-3.1364154910611832,-0.017905006365748655,0
1780805313.4351242,FLY,spline,1,81,-12.78414091309832,-0.19793550665426657,-1.3652406924131253,-12.677030563354492,-0.0018261718796566129,-1.63430655002594,-0.10711034974382727,-0.19610933477460996,0.26906585761281465,0.22345357058678886,10.631517250918021,1.2,-1.1866595900386394,-0.15868793849155885,0.08159139382696987,0.30133864283561707,0.25700539350509644,0.01926826871931553,1.302116087157211,0.35699452127425085,0.06232312510765434,0.07853879468033519,-0.28646553917458645,0.02770544522519769,0.33054354237676864,-0.016236880243445974,-3.1179451942443848,-3.1364154910611832,-0.01847029681679846,0
1780805313.445916,FLY,spline,1,81,-12.78414091309832,-0.19793550665426657,-1.3652406924131253,-12.677030563354492,-0.0018261718796566129,-1.63430655002594,-0.10711034974382727,-0.19610933477460996,0.26906585761281465,0.22345357058678886,10.631517250918021,1.2,-1.1866595900386394,-0.15868793849155885,0.08159139382696987,0.30133864283561707,0.25700539350509644,0.01926826871931553,1.3611999219790525,0.36215773883786856,0.06232312510765434,0.07967470254433108,-0.29946398283539155,0.029751434261757748,0.3354021777746611,-0.016249344868467505,-3.1165812015533447,-3.1364154910611832,-0.0198342895078385,0
1780805313.4567552,FLY,spline,1,81,-12.78414091309832,-0.19793550665426657,-1.3652406924131253,-12.675312042236328,-0.00010742187441792339,-1.6342040300369263,-0.10882887086199133,-0.19782808477984865,0.268963337623801,0.22578678938493937,10.633301030274819,1.2,-1.1864794268633394,-0.1599971836392594,0.08165458258754424,0.2457924783229828,0.2469950020313263,0.014957509003579617,1.3128779876596597,0.35480356790084294,0.06669707358396462,0.07805678493818545,-0.28883315728512515,0.030350460941750423,0.33669929549698757,-0.0162626842831843,-3.1161818504333496,-3.1364154910611832,-0.020233640627833616,0
1780805313.467805,FLY,spline,1,81,-12.78414091309832,-0.19793550665426657,-1.3652406924131253,-12.67398452758789,0.0015332030598074198,-1.634130835533142,-0.11015638551042883,-0.199468709714074,0.2688901431200168,0.2278644233392298,10.634690793891167,1.2,-1.1863065759651044,-0.16124781793777573,0.0817058690196469,0.1894325166940689,0.2367912232875824,0.010503186844289303,1.260872441385861,0.3474811736056165,0.07120268217535759,0.07644585819323563,-0.2773919371048894,0.030350460941750423,0.3363246062732411,-0.01627692481961937,-3.1161818504333496,-3.1364154910611832,-0.020233640627833616,0
1780805313.4781432,FLY,spline,1,81,-12.78414091309832,-0.19793550665426657,-1.3652406924131253,-12.672382354736328,0.005439452826976776,-1.634096622467041,-0.11175855836199133,-0.20337495948124334,0.2688559300539157,0.2320589354262145,10.636440329416262,1.2,-1.1858911422267284,-0.164230265915441,0.08179620129033327,0.039868734776973724,0.20947998762130737,-0.002627954352647066,1.0577318399892393,0.31805626268163684,0.08442415564298034,0.0699723777899601,-0.23270100479763264,0.0321246527981347,0.3410320937621868,-0.016293809650747965,-3.1149990558624268,-3.1364154910611832,-0.021416435198756467,0
1780805313.488854,FLY,spline,1,81,-12.78414091309832,-0.19793550665426657,-1.3652406924131253,-12.67308521270752,0.008115233853459358,-1.634252905845642,-0.11105570039079993,-0.20605074050772593,0.2690122134325168,0.23407322839887804,10.635836714491877,1.2,-1.1856029087245834,-0.16627913382672582,0.08183515428983312,-0.0801226943731308,0.18735051155090332,-0.013982228934764862,0.9178446753378432,0.29766614126419016,0.09581738322459799,0.06548655107812183,-0.2019258285743255,0.032563104565102474,0.3417197027689675,-0.016312973127392886,-3.1147067546844482,-3.1364154910611832,-0.021708736376734983,0
1780805313.4995387,FLY,spline,1,81,-12.78414091309832,-0.19793550665426657,-1.3652406924131253,-12.67308521270752,0.008115233853459358,-1.634252905845642,-0.11105570039079993,-0.20605074050772593,0.2690122134325168,0.23407322839887804,10.635836714491877,1.2,-1.1856029087245834,-0.16627913382672582,0.08183515428983312,-0.0801226943731308,0.18735051155090332,-0.013982228934764862,0.9769387849922684,0.30527312333101625,0.09581738322459799,0.06716008713282358,-0.21492653269829903,0.03291357987638177,0.34323970955282745,-0.016332136604037806,-3.1144731044769287,-3.1364154910611832,-0.021942386584254514,0
1780805313.510176,FLY,spline,1,81,-12.78414091309832,-0.19793550665426657,-1.3652406924131253,-12.67406177520752,0.009335936978459358,-1.6343896389007568,-0.11007913789079993,-0.20727144363272593,0.26914894648763155,0.23468887477760003,10.634904748931644,1.2,-1.1854704654543138,-0.1672161497272141,0.08184457713213912,-0.2051112949848175,0.16409659385681152,-0.026294449344277382,0.817230871316619,0.28029859879443253,0.1081390264764165,0.06166569173477516,-0.17979079168965617,0.033251538212258236,0.34501942345277,-0.016353764409333088,-3.1142477989196777,-3.1364154910611832,-0.02216769214150549,0
1780805313.5208967,FLY,spline,1,81,-12.78414091309832,-0.19793550665426657,-1.3652406924131253,-12.679765701293945,0.012568359263241291,-1.6350829601287842,-0.10437521180437415,-0.21050386591750786,0.2698422677156589,0.2349597037907226,10.629314890377481,1.2,-1.1851161373053272,-0.16970881255105322,0.08184534220718956,-0.33275100588798523,0.14013099670410156,-0.03905361890792847,0.663132169007581,0.2587581094643641,0.12089896111511803,0.056926784082160106,-0.14588907718166783,0.03330053323026361,0.34521827584234277,-0.01637794420155611,-3.114215135574341,-3.1364154910611832,-0.022200355486842405,0
1780805313.5315676,FLY,spline,1,81,-12.78414091309832,-0.19793550665426657,-1.3652406924131253,-12.682499885559082,0.013457030989229679,-1.6354002952575684,-0.10164102753923743,-0.21139253764349625,0.27015960284444307,0.23455852883787662,10.626610430110583,1.2,-1.1850176269881252,-0.1703985060535234,0.08183870027169596,-0.39651748538017273,0.12807506322860718,-0.04548666998744011,0.6197146323900267,0.2516476728885978,0.12732537025913607,0.055362488035491514,-0.13633721912580588,0.0333448790859765,0.3459307591728929,-0.016403409275607937,-3.1141855716705322,-3.1364154910611832,-0.022229919390651,0
1780805313.5422919,FLY,spline,1,81,-12.78414091309832,-0.19793550665426657,-1.3652406924131253,-12.68570327758789,0.014257811941206455,-1.6357617378234863,-0.09843763551042883,-0.21219331859547302,0.27052104541036104,0.2339144556059842,10.623432863933411,1.2,-1.1849286327309225,-0.17102297451203582,0.08182467551711818,-0.5113070607185364,0.10623225569725037,-0.057140957564115524,0.4880291563503948,0.23032021022044138,0.13896563308123372,0.050670446248497106,-0.10736641439708686,0.033220782215554134,0.3479344018957837,-0.016431202402224183,-3.1142683029174805,-3.1364154910611832,-0.022147188143702756,0
1780805313.5530536,FLY,spline,1,81,-12.78414091309832,-0.19793550665426657,-1.3652406924131253,-12.700702667236328,0.016435546800494194,-1.6374071836471558,-0.08343824586199133,-0.21437105345476076,0.27216649123403047,0.23003671322601968,10.608494898403363,1.2,-1.18468481755928,-0.17274673694757828,0.0817340071114803,-0.6934612989425659,0.0712163895368576,-0.07552887499332428,0.2526710247509566,0.19363901810817177,0.15726288210480457,0.04260058398379779,-0.05558762544521045,0.032836332256752865,0.3484408879256609,-0.016462654978645144,-3.1145246028900146,-3.1364154910611832,-0.021890888171168577,0
1780805313.5637448,FLY,spline,1,81,-12.78414091309832,-0.19793550665426657,-1.3652406924131253,-12.700702667236328,0.016435546800494194,-1.6374071836471558,-0.08343824586199133,-0.21437105345476076,0.27216649123403047,0.23003671322601968,10.608494898403363,1.2,-1.18468481755928,-0.17274673694757828,0.0817340071114803,-0.6934612989425659,0.0712163895368576,-0.07552887499332428,0.3261636297817301,0.20472098839795075,0.15726288210480457,0.04503861744754917,-0.07175599855198062,0.032836332256752865,0.34840943534923996,-0.016494107555066105,-3.1145246028900146,-3.1364154910611832,-0.021890888171168577,0
1780805313.5745413,FLY,spline,1,81,-12.78414091309832,-0.19793550665426657,-1.3652406924131253,-12.705976486206055,0.016835937276482582,-1.637978434562683,-0.07816442689226477,-0.21477144393074915,0.2727377421495578,0.22855294957513703,10.603228695212357,1.2,-1.1846394646139142,-0.17307396454617288,0.08169909225645304,-0.8270522356033325,0.04526176303625107,-0.08917472511529922,0.16260999620951325,0.17741312784724556,0.17087381737175228,0.03903088812639402,-0.03577419916609292,0.03157640927549066,0.34948951922507343,-0.016528282318540456,-3.1153645515441895,-3.1364154910611832,-0.021050939516993772,0
1780805313.5852644,FLY,spline,1,81,-12.78414091309832,-0.19793550665426657,-1.3652406924131253,-12.724687576293945,0.017500000074505806,-1.6399950981140137,-0.059453336804374146,-0.21543550672877237,0.2747544057008884,0.22348860556336486,10.58451543823797,1.2,-1.184562732759558,-0.1736577466112178,0.08157278467186035,-0.961871325969696,0.01882999762892723,-0.103061243891716,0.005880858505714955,0.15117407850720496,0.18463402856357636,0.033258297271585094,-0.0012937888712572902,0.030985965664345638,0.34886902002519016,-0.01656520912425317,-3.115758180618286,-3.1364154910611832,-0.020657310442897092,0
1780805313.5960152,FLY,spline,1,81,-12.78414091309832,-0.19793550665426657,-1.3652406924131253,-12.73183536529541,0.01753906160593033,-1.6407568454742432,-0.0523055478029093,-0.2154745682601969,0.2755161530611179,0.22173218056448343,10.577358664892168,1.2,-1.1845576908304345,-0.1737171647711293,0.08151946858480358,-1.0293399095535278,0.00551244243979454,-0.11001768708229065,-0.036133940948790966,0.14339144351814292,0.19153715566709423,0.03154611757399144,0.007949467008734012,0.03038336270566644,0.3487750222786748,-0.01660351655538659,-3.1161599159240723,-3.1364154910611832,-0.02025557513711096,0
1780805313.606799,FLY,spline,1,81,-12.78414091309832,-0.19793550665426657,-1.3652406924131253,-12.739453315734863,0.01748046837747097,-1.641567349433899,-0.04468759736345618,-0.21541597503173754,0.27632665702077364,0.2200023264808637,10.569727260132044,1.2,-1.1845635456219739,-0.17370405155065366,0.08146231557220569,-1.1579718589782715,-0.020046662539243698,-0.12332335859537125,-0.18420162730764644,0.11719431858109373,0.20478567416757693,0.02578275008784062,0.04052435800768222,0.029746069843727962,0.34812055583780066,-0.016644473690220107,-3.1165847778320312,-3.1364154910611832,-0.019830713229151975,0
1780805313.6175864,FLY,spline,1,81,-12.78414091309832,-0.19793550665426657,-1.3652406924131253,-12.772656440734863,0.016416015103459358,-1.6450927257537842,-0.011484472363456177,-0.21435152175772593,0.2798520333406589,0.21465895738431193,10.536434168679326,1.2,-1.1846793441579493,-0.1730296369888243,0.08121327631001377,-1.3548280000686646,-0.059580154716968536,-0.14352934062480927,-0.43625005164063896,0.07060734803188126,0.22474261693482303,0.015533616567013877,0.09597501136094057,0.026751651699501888,0.34736032183406496,-0.016689422213607072,-3.1185810565948486,-3.1364154910611832,-0.017834434466334592,0
1780805313.6283154,FLY,spline,1,81,-12.78414091309832,-0.19793550665426657,-1.3652406924131253,-12.772656440734863,0.016416015103459358,-1.6450927257537842,-0.011484472363456177,-0.21435152175772593,0.2798520333406589,0.21465895738431193,10.536434168679326,1.2,-1.1846793441579493,-0.1730296369888243,0.08121327631001377,-1.3548280000686646,-0.059580154716968536,-0.14352934062480927,-0.3556229915936016,0.08462549143053527,0.22474261693482303,0.01861760811471776,0.07823705815059236,0.026751651699501888,0.34731537331067797,-0.016734370736994037,-3.1185810565948486,-3.1364154910611832,-0.017834434466334592,0
1780805313.6390119,FLY,spline,1,81,-12.78414091309832,-0.19793550665426657,-1.3652406924131253,-12.782538414001465,0.015908202156424522,-1.6461377143859863,-0.0016024990968546149,-0.2138437088106911,0.28089702197286104,0.21384971311944065,10.526518110680566,1.2,-1.184735106866274,-0.1726831675607763,0.08113723066346003,-1.4854791164398193,-0.08609965443611145,-0.15675874054431915,-0.5091809025703531,0.055262855776112486,0.23789597120777917,0.012157828270744747,0.11201979856547768,0.023778691227394955,0.3458273747600176,-0.016781949931235593,-3.12056303024292,-3.1364154910611832,-0.015852460818263303,0
1780805313.6496408,FLY,spline,1,81,-12.78414091309832,-0.19793550665426657,-1.3652406924131253,-12.802069664001465,0.014716796576976776,-1.6481982469558716,0.017928750903145385,-0.21265230323124334,0.2829575545427463,0.21340675288870242,10.50691238496036,1.2,-1.1848659734143752,-0.17185498942108693,0.08098449021808805,-1.5481362342834473,-0.09889960289001465,-0.16305409371852875,-0.5465993263140163,0.04641748380178555,0.24403858393661682,0.010211846436392821,0.12025185178908358,0.022580637867409603,0.3449065857805859,-0.016830757648022915,-3.12136173248291,-3.1364154910611832,-0.015053758578273069,0
1780805313.660372,FLY,spline,1,82,-12.94286373791694,-0.19839433599034267,-1.3854130751219829,-12.837108612060547,0.012080078013241291,-1.6518797874450684,-0.10575512585639224,-0.21047441400358397,0.2664667123230855,0.23554962448506137,10.471721173771522,1.2,-1.185123751519036,-0.1700729826002648,0.08097452793870696,-1.8081257343292236,-0.1525692492723465,-0.18905441462993622,-0.908396829303102,-0.024444866495310528,0.2700289425686432,-0.0053778706289683165,0.19984730244668242,0.0209347829618185,0.3423593710397139,-0.016884763436536644,-3.1221611499786377,-3.1361176719531834,-0.013956521974545666,0
1780805313.6709967,FLY,spline,1,82,-12.94286373791694,-0.19839433599034267,-1.3854130751219829,-12.837108612060547,0.012080078013241291,-1.6518797874450684,-0.10575512585639224,-0.21047441400358397,0.2664667123230855,0.23554962448506137,10.471721173771522,1.2,-1.185123751519036,-0.1700729826002648,0.08097452793870696,-1.8081257343292236,-0.1525692492723465,-0.18905441462993622,-0.8226204063820183,-0.010085141694642107,0.2700289425686432,-0.0022187311728212636,0.180976489404044,0.017551623324367327,0.34088026253069603,-0.016938769225050374,-3.1244165897369385,-3.1361176719531834,-0.011701082216244885,0
1780805313.6815767,FLY,spline,1,82,-12.94286373791694,-0.19839433599034267,-1.3854130751219829,-12.886757850646973,0.007578124757856131,-1.6570360660552979,-0.05610588726996646,-0.2059724607481988,0.271622990933315,0.2134772240146908,10.421829185555268,1.2,-1.1856084957743227,-0.16684855125966946,0.08058570400696002,-1.9960349798202515,-0.1919391006231308,-0.2055516391992569,-1.0635656883441138,-0.06256452118857085,0.2861373432062169,-0.013764194661485587,0.23398445143570504,0.016176544169399065,0.33876693847769024,-0.016995996693691617,-3.125333309173584,-3.1361176719531834,-0.010784362779599377,0
1780805313.6923747,FLY,spline,1,82,-12.94286373791694,-0.19839433599034267,-1.3854130751219829,-12.886757850646973,0.007578124757856131,-1.6570360660552979,-0.05610588726996646,-0.2059724607481988,0.271622990933315,0.2134772240146908,10.421829185555268,1.2,-1.1856084957743227,-0.16684855125966946,0.08058570400696002,-1.9960349798202515,-0.1919391006231308,-0.2055516391992569,-0.987668548532502,-0.04831034382978343,0.2861373432062169,-0.010628275642552355,0.21728708067715044,0.01474603269478969,0.33782295094144194,-0.01705322416233286,-3.1262869834899902,-3.1361176719531834,-0.009830688463193127,0
1780805313.7030835,FLY,spline,1,82,-12.94286373791694,-0.19839433599034267,-1.3854130751219829,-12.886757850646973,0.007578124757856131,-1.6570360660552979,-0.05610588726996646,-0.2059724607481988,0.271622990933315,0.2134772240146908,10.421829185555268,1.2,-1.1856084957743227,-0.16684855125966946,0.08058570400696002,-1.9960349798202515,-0.1919391006231308,-0.2055516391992569,-0.9345459652909663,-0.038523061389803444,0.2861373432062169,-0.008475073505756757,0.2056001123640126,0.013300500849696917,0.3368057671441275,-0.017110451630974105,-3.1272506713867188,-3.1361176719531834,-0.008867000566464611,0
1780805313.7133791,FLY,spline,1,82,-12.94286373791694,-0.19839433599034267,-1.3854130751219829,-12.92757797241211,0.0033886719029396772,-1.66116201877594,-0.01528576550482974,-0.20178300789328235,0.2757489436539571,0.20236115462590415,10.380794666657323,1.2,-1.186057724486888,-0.16382273999370764,0.08018219282321495,-2.170238494873047,-0.22890132665634155,-0.2164970487356186,-1.1760263772290607,-0.0943254511840694,0.2966792415588335,-0.02075159926049527,0.2587258029903933,0.009050451258632464,0.33269312076967367,-0.01716978747928587,-3.1300840377807617,-3.1361176719531834,-0.0060336341724216425,0
1780805313.724188,FLY,spline,1,82,-12.94286373791694,-0.19839433599034267,-1.3854130751219829,-12.958984375,-5.859374869032763e-05,-1.6642284393310547,0.016120637083060885,-0.19833574224165235,0.2788153642090718,0.19898980272996636,10.349218151119699,1.2,-1.1864267891435447,-0.16132257626896454,0.07979035272815223,-2.291046380996704,-0.25479555130004883,-0.2220151126384735,-1.3117680534608003,-0.12663235717845,0.3018054653666257,-0.027859118579259,0.28858897176137605,0.007598482111903948,0.3310624811407371,-0.017230148572359195,-3.131052017211914,-3.1361176719531834,-0.005065654741269299,0
1780805313.7349584,FLY,spline,1,82,-12.94286373791694,-0.19839433599034267,-1.3854130751219829,-12.958984375,-5.859374869032763e-05,-1.6642284393310547,0.016120637083060885,-0.19833574224165235,0.2788153642090718,0.19898980272996636,10.349218151119699,1.2,-1.1864267891435447,-0.16132257626896454,0.07979035272815223,-2.291046380996704,-0.25479555130004883,-0.2220151126384735,-1.2497967454428989,-0.11433191825087356,0.3018054653666257,-0.025153022015192185,0.27495528399743774,0.006228052119228167,0.32989560828163944,-0.01729050966543252,-3.1319656372070312,-3.1361176719531834,-0.004152034746152111,0
1780805313.7455177,FLY,spline,1,83,-13.101576342459664,-0.19887585783919345,-1.4054769537261025,-13.00609302520752,-0.0055175782181322575,-1.6686522960662842,-0.09548331725214432,-0.1933582796210612,0.2631753423401817,0.2156489929758313,10.301849030630725,1.2,-1.1869785018613297,-0.15743490942700558,0.07934913618146079,-2.455080986022949,-0.2903089225292206,-0.22613908350467682,-1.4683723338091486,-0.1679868947953071,0.3054882196861376,-0.03695711685496756,0.3230419134380127,0.0031178877950421846,0.3272372951822193,-0.017351607309369747,-3.1337249279022217,-3.135803519765583,-0.0020785918633614564,0
1780805313.755937,FLY,spline,1,83,-13.101576342459664,-0.19887585783919345,-1.4054769537261025,-13.023515701293945,-0.007617187220603228,-1.6702245473861694,-0.07806064116571854,-0.19125867061859023,0.26474759366006695,0.20657527147747734,10.284328932017223,1.2,-1.1871999599785232,-0.15590646876994788,0.07905332391922189,-2.5110599994659424,-0.3025248944759369,-0.22635146975517273,-1.4976234508341162,-0.1787229354086075,0.3054047936743946,-0.039319045789893654,0.32947715918350556,0.00013777476556220414,0.3243606867429469,-0.017412688268104624,-3.135711669921875,-3.135803519765583,-9.184984370813609e-05,0
1780805313.7666245,FLY,spline,1,83,-13.101576342459664,-0.19887585783919345,-1.4054769537261025,-13.041327476501465,-0.009804687462747097,-1.6717967987060547,-0.060248865958199005,-0.18907117037644636,0.2663198449799522,0.19843848748861254,10.2664171034924,1.2,-1.187430128386008,-0.15431203764467213,0.07872410837308953,-2.5661163330078125,-0.31458866596221924,-0.226167693734169,-1.5335951004536967,-0.188092013938155,0.3048918021072585,-0.0413802430663941,0.3373909220998133,0.00013777476556220414,0.3243407477078963,-0.017473666628526077,-3.135711669921875,-3.135803519765583,-9.184984370813609e-05,0
1780805313.7773488,FLY,spline,1,83,-13.101576342459664,-0.19887585783919345,-1.4054769537261025,-13.112030982971191,-0.018789062276482582,-1.6776561737060547,0.010454640511527558,-0.18008679556271087,0.2721792199799522,0.18039000372601277,10.195316753879482,1.2,-1.1883696566047346,-0.1477475102498389,0.07712478509609856,-2.7641611099243164,-0.35840702056884766,-0.220087930560112,-1.8022521465269976,-0.26289951377042486,0.29721271565621055,-0.05783789302949347,0.39649547223593945,-0.005544216811586233,0.3189351450914855,-0.01753310917165732,-3.1394996643066406,-3.135803519765583,0.003696144541057489,0
1780805313.788061,FLY,spline,1,83,-13.101576342459664,-0.19887585783919345,-1.4054769537261025,-13.112030982971191,-0.018789062276482582,-1.6776561737060547,0.010454640511527558,-0.18008679556271087,0.2721792199799522,0.18039000372601277,10.195316753879482,1.2,-1.1883696566047346,-0.1477475102498389,0.07712478509609856,-2.7641611099243164,-0.35840702056884766,-0.220087930560112,-1.7342089058332208,-0.24789647238274834,0.29721271565621055,-0.05453722392420463,0.38152595928330857,-0.006978662192750784,0.31725774910910204,-0.01759255171478856,-3.140455961227417,-3.135803519765583,0.004652441461833856,0
1780805313.7990198,FLY,spline,1,83,-13.101576342459664,-0.19887585783919345,-1.4054769537261025,-13.131562232971191,-0.021357420831918716,-1.6791698932647705,0.029985890511527558,-0.17751843700727474,0.273692939538668,0.18003318890492132,10.175675871966655,1.2,-1.188635832021272,-0.14586613836696993,0.07660240539960955,-2.8145689964294434,-0.3696632981300354,-0.2180282175540924,-1.7670057806284014,-0.2571170184487076,0.29463062295370196,-0.05656574405871567,0.3887412717382483,-0.006978662192750784,0.31740539040071203,-0.0176514778393793,-3.140455961227417,-3.135803519765583,0.004652441461833856,0
1780805313.810008,FLY,spline,1,84,-13.260277569257235,-0.1993826421790011,-1.4254200398912396,-13.208749771118164,-0.03177734464406967,-1.6847070455551147,-0.05152779813907138,-0.16760529753493142,0.2592870056638752,0.17534722621938956,10.098058806079823,1.2,-1.189671501869493,-0.13830567282000275,0.07452018857592224,-2.99509334564209,-0.4103587567806244,-0.20468288660049438,-2.0111428836470964,-0.32891711903738735,0.2792030751764166,-0.07236176618822522,0.4424514344023612,-0.01155146350237235,0.3137218115981613,-0.017707318454414585,3.1400113105773926,-3.1354730209339454,0.007700975668248233,0
1780805313.8208141,FLY,spline,1,84,-13.260277569257235,-0.1993826421790011,-1.4254200398912396,-13.22988224029541,-0.034697264432907104,-1.6861034631729126,-0.030395328961825285,-0.16468537774609399,0.26068342328167304,0.167466861396729,10.07681000697796,1.2,-1.189964180662458,-0.1361611408084807,0.07379290259949453,-3.040818929672241,-0.42075660824775696,-0.20106203854084015,-2.0213470404850127,-0.33658482296018727,0.2748549411403347,-0.0740486610512412,0.4446963489067028,-0.014287674325431432,0.3105197688514098,-0.017762289442642652,3.1381871700286865,-3.1354730209339454,0.009525116216954288,0
1780805313.8318973,FLY,spline,1,84,-13.260277569257235,-0.1993826421790011,-1.4254200398912396,-13.251327514648438,-0.03768554702401161,-1.6874706745147705,-0.008950054608797942,-0.16169709515498948,0.26205063462353095,0.1619446018213086,10.055247353072128,1.2,-1.1902614130899187,-0.1339642736585116,0.07301603859657604,-3.126056671142578,-0.4402479827404022,-0.19293628633022308,-2.1053630656590565,-0.35996689614975125,0.2659523249267991,-0.07919271715294528,0.4631798744449924,-0.015658819573844518,0.30937200347758437,-0.017815479907628013,3.137273073196411,-3.1354730209339454,0.010439213049229679,0
1780805313.8424864,FLY,spline,1,84,-13.260277569257235,-0.1993826421790011,-1.4254200398912396,-13.251327514648438,-0.03768554702401161,-1.6874706745147705,-0.008950054608797942,-0.16169709515498948,0.26205063462353095,0.1619446018213086,10.055247353072128,1.2,-1.1902614130899187,-0.1339642736585116,0.07301603859657604,-3.126056671142578,-0.4402479827404022,-0.19293628633022308,-2.0535025520432297,-0.3498379075078369,0.2659523249267991,-0.07696433965172411,0.45177056144951055,-0.01819189776750907,0.3058638047766682,-0.017868670372613374,3.1355843544006348,-3.1354730209339454,0.012127931845006046,0
1780805313.8531919,FLY,spline,1,85,-13.418966260840383,-0.19991725898794777,-1.4452300452831475,-13.314218521118164,-0.046611327677965164,-1.6912059783935547,-0.10474773972221918,-0.1533059313099826,0.24597593311040722,0.1856739011054997,9.99201520214035,1.2,-1.1911101417202574,-0.1274630050978766,0.07078002982881013,-3.2074530124664307,-0.4589947462081909,-0.18354599177837372,-2.14591624588637,-0.3833530206545684,0.25432602160718387,-0.08433766454400504,0.4721015740950014,-0.0200565105277537,0.30484222857365334,-0.01791953557693481,3.134688138961792,-3.135126161199292,0.013371007018502468,0
1780805313.86391,FLY,spline,1,85,-13.418966260840383,-0.19991725898794777,-1.4452300452831475,-13.336796760559082,-0.04986327886581421,-1.692446231842041,-0.08216950028130121,-0.15005398012213356,0.24721618655889355,0.1710789984976894,9.969316074061247,1.2,-1.1914198884174447,-0.12506740017451254,0.06983405255999149,-3.2484893798828125,-0.46849244832992554,-0.17872221767902374,-2.1710297718743363,-0.3933572660529244,0.24855627023901522,-0.08653859853164338,0.477626549812354,-0.021367574294233194,0.30335151902755825,-0.017969246830982614,3.1338140964508057,-3.135126161199292,0.014245049529488796,0
1780805313.8745358,FLY,spline,1,85,-13.418966260840383,-0.19991725898794777,-1.4452300452831475,-13.359647750854492,-0.05318359285593033,-1.6936522722244263,-0.059318509985891055,-0.14673366613201744,0.2484222269412788,0.15827019429914344,9.946343381513968,1.2,-1.1917323524848054,-0.1226186456809508,0.06883798204771516,-3.3237173557281494,-0.48599672317504883,-0.16850608587265015,-2.2552888296690705,-0.4179007281104291,0.2373440679203653,-0.0919381601842944,0.4961635425271955,-0.022611046393537393,0.3023365661040688,-0.018016715644566687,3.1329851150512695,-3.135126161199292,0.015074030929024929,0
1780805313.885361,FLY,spline,1,85,-13.418966260840383,-0.19991725898794777,-1.4452300452831475,-13.425312042236328,-0.06285156309604645,-1.696840763092041,0.006345781395944883,-0.13706569589190132,0.25161071780889355,0.13721251375824398,9.880334400785879,1.2,-1.1926197084640264,-0.11547389740805819,0.06575720493279773,-3.395925521850586,-0.5029081702232361,-0.15821599960327148,-2.3301528536516556,-0.45150187373527656,0.22397320453606923,-0.09933041222176084,0.5126336278033642,-0.025820041258954873,0.2982480462414496,-0.0180615102854739,3.130845785140991,-3.135126161199292,0.01721336083930325,0
1780805313.8960917,FLY,spline,1,86,-13.577641259739845,-0.20048227824421563,-1.46489468156758,-13.473241806030273,-0.07001952826976776,-1.6989355087280273,-0.10439945370957204,-0.13046274997444787,0.23404082716044727,0.16709211551043446,9.832157616471402,1.2,-1.193234173276652,-0.11023102693692112,0.06357144347280999,-3.5007708072662354,-0.5276601910591125,-0.1433890163898468,-2.456716498328176,-0.49085891504561985,0.2069604598626568,-0.10798896131003637,0.5404776296321988,-0.027402373091004684,0.29780597415263643,-0.018102902377446432,3.1301541328430176,-3.1347629256092326,0.018268248727336456,0
1780805313.9070425,FLY,spline,1,86,-13.577641259739845,-0.20048227824421563,-1.46489468156758,-13.51742172241211,-0.0766894519329071,-1.7007031440734863,-0.060219537327736106,-0.12379282631130853,0.23580846250590626,0.13766283638697993,9.787754019374315,1.2,-1.193801519135637,-0.10528887901416402,0.06125508032306914,-3.5318288803100586,-0.5350453853607178,-0.1385425478219986,-2.458117577700544,-0.5015686437550073,0.19979762814506774,-0.11034510162610162,0.5407858670941197,-0.03017720772387822,0.29341987242577494,-0.018142861903075447,3.1283042430877686,-3.1347629256092326,0.02011813848258548,0
1780805313.9176166,FLY,spline,1,86,-13.577641259739845,-0.20048227824421563,-1.46489468156758,-13.51742172241211,-0.0766894519329071,-1.7007031440734863,-0.060219537327736106,-0.12379282631130853,0.23580846250590626,0.13766283638697993,9.787754019374315,1.2,-1.193801519135637,-0.10528887901416402,0.06125508032306914,-3.5318288803100586,-0.5350453853607178,-0.1385425478219986,-2.420001539872513,-0.49088379642712043,0.19979762814506774,-0.1079944352139665,0.5324003387719528,-0.031137796179078414,0.2916070294979135,-0.018182821428704463,3.1276638507843018,-3.1347629256092326,0.020758530786052276,0
1780805313.9283082,FLY,spline,1,86,-13.577641259739845,-0.20048227824421563,-1.46489468156758,-13.592382431030273,-0.0881640613079071,-1.7033789157867432,0.014741171290427957,-0.11231821693630853,0.2384842342191631,0.11328143707936178,9.712421548717455,1.2,-1.1947302620790052,-0.09676332149929211,0.05706540532630842,-3.6581945419311523,-0.5653404593467712,-0.11758462339639664,-2.5930158229450377,-0.548833464103917,0.17465002872270505,-0.12074336210286174,0.5704634810479083,-0.03207978798510869,0.29180880518310054,-0.018217751434449005,3.1270358562469482,-3.1347629256092326,0.02138652532340579,0
1780805313.939371,FLY,spline,1,87,-13.736301408486357,-0.20108026992598693,-1.4844016604102925,-13.638593673706055,-0.09531249850988388,-1.7048242092132568,-0.09770773478030215,-0.10576777141610305,0.2204225488029643,0.1439917459656174,9.66598700023887,1.2,-1.1952615794863952,-0.09150160749913981,0.05456383810511187,-3.685269355773926,-0.5718931555747986,-0.11213060468435287,-2.593335873610016,-0.5591155206004762,0.16669444278946474,-0.12300541453210477,0.5705338921942036,-0.03501851325004779,0.28757504936369466,-0.018251090323006897,3.1254563331604004,-3.1343832985191544,0.02334567550003186,0
1780805313.9497378,FLY,spline,1,87,-13.736301408486357,-0.20108026992598693,-1.4844016604102925,-13.638593673706055,-0.09531249850988388,-1.7048242092132568,-0.09770773478030215,-0.10576777141610305,0.2204225488029643,0.1439917459656174,9.66598700023887,1.2,-1.1952615794863952,-0.09150160749913981,0.05456383810511187,-3.685269355773926,-0.5718931555747986,-0.11213060468435287,-2.559642665456245,-0.548803554586787,0.16669444278946474,-0.12073678200909313,0.5631213864003739,-0.03576309447258197,0.2858759355281635,-0.018284429211564788,3.124959945678711,-3.1343832985191544,0.023842062981721313,0
1780805313.960396,FLY,spline,1,87,-13.736301408486357,-0.20108026992598693,-1.4844016604102925,-13.716523170471191,-0.10751952975988388,-1.7069287300109863,-0.019778238015165428,-0.09356074016610305,0.2225270696006938,0.09562839954434867,9.58769038192397,1.2,-1.1961325607175832,-0.08240257370858602,0.04976658555092324,-3.793809413909912,-0.5983671545982361,-0.09014658629894257,-2.7072679305317697,-0.6017376646830443,0.1399131718498658,-0.13238228623026976,0.5955989447169894,-0.036471912908250914,0.2863443961215888,-0.01831241184593476,3.1244874000549316,-3.1343832985191544,0.02431460860550061,0
1780805313.9710872,FLY,spline,1,87,-13.736301408486357,-0.20108026992598693,-1.4844016604102925,-13.716523170471191,-0.10751952975988388,-1.7069287300109863,-0.019778238015165428,-0.09356074016610305,0.2225270696006938,0.09562839954434867,9.58769038192397,1.2,-1.1961325607175832,-0.08240257370858602,0.04976658555092324,-3.793809413909912,-0.5983671545982361,-0.09014658629894257,-2.6713693922799493,-0.5904884036373789,0.1399131718498658,-0.12990744880022334,0.5877012663015888,-0.03713209395378314,0.2846971429377377,-0.018340394480304733,3.12404727935791,-3.1343832985191544,0.024754729302522094,0
1780805313.9814458,FLY,spline,1,87,-13.736301408486357,-0.20108026992598693,-1.4844016604102925,-13.762460708618164,-0.1147753894329071,-1.707983374595642,0.026159300131807228,-0.08630488049307983,0.22358171418534956,0.09018226754917377,9.541542938785394,1.2,-1.1966139217810474,-0.07698071156093876,0.046787736078512235,-3.8161962032318115,-0.6038813591003418,-0.0848301574587822,-2.680551475222713,-0.6026133056201002,0.13161789353729442,-0.13257492723642203,0.5897213245489968,-0.03865594630211078,0.28109755668504843,-0.01836671805901219,3.1230313777923584,-3.1343832985191544,0.02577063086807385,0
1780805313.9918675,FLY,spline,1,88,-13.89494554961066,-0.20171380401144381,-1.5037386934770391,-13.816171646118164,-0.1233203113079071,-1.7090429067611694,-0.0787739034924968,-0.07839349270353671,0.2053042132841303,0.11113445716655417,9.487592738089656,1.2,-1.1971314673554154,-0.07064420253153725,0.04342403155112311,-3.8659398555755615,-0.6161888837814331,-0.07333341240882874,-2.737187813369444,-0.6266121088624874,0.11675744395995184,-0.13785466394974724,0.6,-0.03972492850019105,0.28075869058686276,-0.018390069547804182,3.1227147579193115,-3.1339872635934802,0.026483285666794032,1
1780805314.0025055,FLY,spline,1,88,-13.89494554961066,-0.20171380401144381,-1.5037386934770391,-13.816171646118164,-0.1233203113079071,-1.7090429067611694,-0.0787739034924968,-0.07839349270353671,0.2053042132841303,0.11113445716655417,9.487592738089656,1.2,-1.1971314673554154,-0.07064420253153725,0.04342403155112311,-3.8659398555755615,-0.6161888837814331,-0.07333341240882874,-2.7134418884295077,-0.6173762668526347,0.11675744395995184,-0.13582277870757964,0.5969572154544917,-0.03972492850019105,0.2807353390980708,-0.018413421036596173,3.1227147579193115,-3.1339872635934802,0.026483285666794032,0
1780805314.01378,FLY,spline,1,88,-13.89494554961066,-0.20171380401144381,-1.5037386934770391,-13.92105484008789,-0.14015625417232513,-1.7106542587280273,0.026109290477229763,-0.06155754983911868,0.2069155652509882,0.0668657385468817,9.382261871222473,1.2,-1.1980517766091903,-0.058029232636036335,0.036118537113724675,-3.9519758224487305,-0.6377220749855042,-0.051704928278923035,-2.8313338983210254,-0.6707118065331149,0.08782346539264771,-0.14755659743728528,0.6,-0.04110358393384583,0.2775961708370606,-0.018430985729674703,3.121795654296875,-3.1339872635934802,0.027402389289230555,1
1780805314.0244288,FLY,spline,1,88,-13.89494554961066,-0.20171380401144381,-1.5037386934770391,-13.92105484008789,-0.14015625417232513,-1.7106542587280273,0.026109290477229763,-0.06155754983911868,0.2069155652509882,0.0668657385468817,9.382261871222473,1.2,-1.1980517766091903,-0.058029232636036335,0.036118537113724675,-3.9519758224487305,-0.6377220749855042,-0.051704928278923035,-2.804402416675288,-0.660168767776739,0.08782346539264771,-0.14523712891088258,0.6,-0.04133997595502503,0.27626246706595176,-0.018448550422753233,3.121638059616089,-3.1339872635934802,0.027559983970016688,1
1780805314.034986,FLY,spline,1,89,-14.053572525643485,-0.20238545047876838,-1.5228934924335726,-14.026874542236328,-0.1573535054922104,-1.7117040157318115,-0.02669798340715701,-0.04503194498655799,0.18881052329823889,0.05235129785670281,9.276017124457413,1.2,-1.1988086793259796,-0.045164807128168144,0.02859878615914059,-4.025548458099365,-0.6564137935638428,-0.03227385878562927,-2.901098935466541,-0.7052807421050564,0.06087264494476986,-0.1551617632631124,0.6,-0.04195866563475814,0.278406358172793,-0.018460724951742186,3.121638059616089,-3.1335748038069924,0.027972443756505427,1
1780805314.0460763,FLY,spline,1,89,-14.053572525643485,-0.20238545047876838,-1.5228934924335726,-14.026874542236328,-0.1573535054922104,-1.7117040157318115,-0.02669798340715701,-0.04503194498655799,0.18881052329823889,0.05235129785670281,9.276017124457413,1.2,-1.1988086793259796,-0.045164807128168144,0.02859878615914059,-4.025548458099365,-0.6564137935638428,-0.03227385878562927,-2.874778191159966,-0.6947225063001239,0.06087264494476986,-0.15283895138602727,0.6,-0.042358851219780114,0.27493413385792764,-0.01847289948073114,3.121371269226074,-3.1335748038069924,0.028239234146520076,1
1780805314.0566304,FLY,spline,1,89,-14.053572525643485,-0.20238545047876838,-1.5228934924335726,-14.054960250854492,-0.16194336116313934,-1.7118945121765137,0.0013877252110070515,-0.04044208931562904,0.18900101974294103,0.040465891433089436,9.247823416656667,1.2,-1.1989822864407387,-0.04171358699358551,0.0264849667069176,-4.042858123779297,-0.660862386226654,-0.02708861231803894,-2.883616767322013,-0.700085285513406,0.05357357902495654,-0.15401876281294932,0.6,-0.04241285302794662,0.27324899425180244,-0.01848361419653613,3.12133526802063,-3.1335748038069924,0.02827523535196441,1
1780805314.0673692,FLY,spline,1,89,-14.053572525643485,-0.20238545047876838,-1.5228934924335726,-14.11148452758789,-0.17121092975139618,-1.7121777534484863,0.05791200194440549,-0.0311745207273722,0.1892842610149137,0.0657696792738887,9.191087947393509,1.2,-1.19929265035532,-0.03473647889886719,0.02214759213594531,-4.089029312133789,-0.6727821230888367,-0.014369348995387554,-2.9405277302390602,-0.7246781440316921,0.036516941131332865,-0.15942919168697225,0.6,-0.042369580055839684,0.27353786669050134,-0.018490917584762397,3.121364116668701,-3.1335748038069924,0.028246386703893123,1
1780805314.077959,FLY,spline,1,89,-14.053572525643485,-0.20238545047876838,-1.5228934924335726,-14.11148452758789,-0.17121092975139618,-1.7121777534484863,0.05791200194440549,-0.0311745207273722,0.1892842610149137,0.0657696792738887,9.191087947393509,1.2,-1.19929265035532,-0.03473647889886719,0.02214759213594531,-4.089029312133789,-0.6727821230888367,-0.014369348995387554,-2.921332449279231,-0.7158126550913322,0.036516941131332865,-0.15747878412009308,0.6,-0.04217860677397933,0.27173509322098904,-0.018498220972988665,3.1214914321899414,-3.1335748038069924,0.02811907118265289,1
1780805314.089245,FLY,spline,1,90,-14.212181179115566,-0.20309777930614292,-1.5418537689456486,-14.21914005279541,-0.18897460401058197,-1.7123876810073853,0.0069588736798440465,-0.014123175295560952,0.17053391206173663,0.01574452296264226,9.08305297204286,1.2,-1.199727574946792,-0.02140779090898596,0.013980429202510582,-4.136142253875732,-0.6850404739379883,0.00024980545276775956,-2.981869692711202,-0.7515410628487581,0.013730623749742822,-0.1653390338267268,0.6,-0.04243965612353495,0.2716780509878808,-0.018500967097738612,3.121746301651001,-3.133145901446229,0.028293104082356635,1
1780805314.099919,FLY,spline,1,90,-14.212181179115566,-0.20309777930614292,-1.5418537689456486,-14.253867149353027,-0.19472655653953552,-1.712377905845642,0.041685970237461234,-0.0083712227666074,0.17052413689999346,0.04251820181106757,9.048210027617843,1.2,-1.1998261462510542,-0.01707134642826448,0.011215520650867958,-4.153007984161377,-0.6894410848617554,0.005537643097341061,-2.990811934188208,-0.7564942029567411,0.0056778775535268975,-0.16642872465048303,0.6,-0.042125658854858195,0.27126217251311535,-0.018502102673249317,3.121955633163452,-3.133145901446229,0.028083772569905463,1
1780805314.1106646,FLY,spline,1,90,-14.212181179115566,-0.20309777930614292,-1.5418537689456486,-14.253867149353027,-0.19472655653953552,-1.712377905845642,0.041685970237461234,-0.0083712227666074,0.17052413689999346,0.04251820181106757,9.048210027617843,1.2,-1.1998261462510542,-0.01707134642826448,0.011215520650867958,-4.153007984161377,-0.6894410848617554,0.005537643097341061,-2.9756587031157418,-0.7475509419797792,0.0056778775535268975,-0.16446120723555144,0.6,-0.04158957467974833,0.2698757344922139,-0.01850323824876002,3.1223130226135254,-3.133145901446229,0.02772638311983222,1
1780805314.1211054,FLY,spline,1,91,-14.370770352557642,-0.20385336047174957,-1.5606072346790207,-14.331522941589355,-0.20763671398162842,-1.7122167348861694,-0.039247410968286545,0.0037833535098788507,0.1516095002071487,0.039429342265555126,8.970307039754777,1.2,-1.19996600718568,-0.00738209481803333,0.005204447612812883,-4.172526836395264,-0.694526195526123,0.01130942814052105,-2.9955973134922984,-0.7655277884944023,-0.0061049805277081665,-0.1684161134687685,0.6,-0.04188532907140541,0.27004752746493715,-0.01850201725265448,3.12256121635437,-3.1327005381109454,0.027923552714270272,1
1780805314.1318502,FLY,spline,1,91,-14.370770352557642,-0.20385336047174957,-1.5606072346790207,-14.36058521270752,-0.21248047053813934,-1.7121191024780273,-0.010185139850122482,0.008627110066389776,0.1515118677990066,0.013347812624702103,8.941156440114737,1.2,-1.19999078203379,-0.003732137466387625,0.0028625484913558158,-4.188549995422363,-0.6986808776855469,0.015777697786688805,-3.0105069313722925,-0.7697709019581577,-0.012915149295332988,-0.1693495984307947,0.6,-0.040815306488397596,0.2688708006122643,-0.018499434222795413,3.123274564743042,-3.1327005381109454,0.027210204325598397,1
1780805314.142497,FLY,spline,1,91,-14.370770352557642,-0.20385336047174957,-1.5606072346790207,-14.402304649353027,-0.21944335103034973,-1.711953043937683,0.03153429679538533,0.015589990558600164,0.15134580925866237,0.035177545110435034,8.8993141365023,1.2,-1.199998927375577,0.0015174344002283232,-0.0005212392020476253,-4.194550514221191,-0.7002308964729309,0.017537979409098625,-3.0096013032452897,-0.7737503408021573,-0.01805921861114625,-0.1702250749764746,0.6,-0.04030962068212318,0.268640244027258,-0.018495822379073185,3.1236116886138916,-3.1327005381109454,0.026873080454748788,1
1780805314.1535158,FLY,spline,1,92,-14.52933888850045,-0.2046547639537705,-1.5791416012994437,-14.460702896118164,-0.22920897603034973,-1.7116650342941284,-0.06863599238228524,0.024554212076579235,0.13252343299468472,0.0728958762962813,8.840751932151118,1.2,-1.1999566730092739,0.008844158437845721,-0.005075801615586412,-4.2096076011657715,-0.7040913701057434,0.02169463038444519,-3.0255786660134425,-0.7843287123189651,-0.026770432000031603,-0.17255231671017232,0.6,-0.039876573244544744,0.26815952121901293,-0.018490468292673177,3.1243622303009033,-3.132238694715653,0.02658438216302983,1
1780805314.1642303,FLY,spline,1,92,-14.52933888850045,-0.2046547639537705,-1.5791416012994437,-14.489999771118164,-0.23411132395267487,-1.7114989757537842,-0.03933911738228524,0.02945655999890437,0.13235737445434048,0.049145244768810235,8.81137644628716,1.2,-1.1999114474568895,0.012533974114641857,-0.007444310230361252,-4.2160444259643555,-0.7057247161865234,0.02355596423149109,-3.0275277112045718,-0.7858849230032169,-0.031000274461852342,-0.1728946830607077,0.6,-0.03925966517111945,0.26796631949092986,-0.018484268237780807,3.1247735023498535,-3.132238694715653,0.026173110114079634,1
1780805314.1748295,FLY,spline,1,92,-14.52933888850045,-0.2046547639537705,-1.5791416012994437,-14.519335746765137,-0.23902343213558197,-1.7113232612609863,-0.010003141735312582,0.034368668181811474,0.13218165996154263,0.03579480684635989,8.781964108975547,1.2,-1.1998499962662545,0.016231993312200738,-0.009823891946732978,-4.226728916168213,-0.7083932161331177,0.026982072740793228,-3.038081622142049,-0.7885492306710842,-0.036805964687526206,-0.1734808307476385,0.6,-0.03792177931449103,0.2674675801247656,-0.018476907044843303,3.1256654262542725,-3.132238694715653,0.02528118620966069,1
1780805314.18551,FLY,spline,1,93,-14.687885629474723,-0.20550455973038792,-1.5974445804726711,-14.607577323913574,-0.2538085877895355,-1.710732340812683,-0.08030830556114843,0.0483040280591476,0.11328776034001198,0.09371607689634529,8.693507616872415,1.2,-1.1995705148264681,0.02733352924911178,-0.01683621506603961,-4.234528541564941,-0.7102592587471008,0.029814213514328003,-3.044525964317995,-0.8017715716578654,-0.04665042858036761,-0.17638974576473038,0.6,-0.03716765547162293,0.26743599517772193,-0.01846757695912723,3.1266465187072754,-3.131760351491229,0.024778436981081953,1
1780805314.1959312,FLY,spline,1,93,-14.687885629474723,-0.20550455973038792,-1.5974445804726711,-14.636991500854492,-0.25874999165534973,-1.7105175256729126,-0.05089412862023046,0.05324543192496181,0.11307294520024147,0.07365655672707151,8.664026605035632,1.2,-1.199444657423611,0.03104480550083813,-0.019202443317745902,-4.237361907958984,-0.7108896374702454,0.030910534784197807,-3.042877171749046,-0.8031176184695552,-0.050112978101943706,-0.17668587606330213,0.6,-0.03716765547162293,0.2677230217350684,-0.01845755436350684,3.1266465187072754,-3.131760351491229,0.024778436981081953,1
1780805314.2065973,FLY,spline,1,93,-14.687885629474723,-0.20550455973038792,-1.5974445804726711,-14.742538452148438,-0.2764648497104645,-1.7097021341323853,0.05465282267371485,0.07096028998007656,0.11225755365971413,0.08956725841657248,8.558260760486815,1.2,-1.1988596727135419,0.044347248393756165,-0.0277273637600427,-4.24153470993042,-0.7114407420158386,0.03343096002936363,-3.046385873000094,-0.8163760435111843,-0.06115832378940633,-0.17960272957246054,0.6,-0.03506981039410828,0.26775497723250635,-0.018445322698748958,3.128045082092285,-3.131760351491229,0.023379873596072187,1
1780805314.2174275,FLY,spline,1,93,-14.687885629474723,-0.20550455973038792,-1.5974445804726711,-14.742538452148438,-0.2764648497104645,-1.7097021341323853,0.05465282267371485,0.07096028998007656,0.11225755365971413,0.08956725841657248,8.558260760486815,1.2,-1.1988596727135419,0.044347248393756165,-0.0277273637600427,-4.24153470993042,-0.7114407420158386,0.03343096002936363,-3.0430734184787136,-0.8069473848604544,-0.06115832378940633,-0.17752842466929997,0.6,-0.03329633379346131,0.2672568076558078,-0.018433091033991076,3.12922739982605,-3.131760351491229,0.02219755586230754,1
1780805314.2277107,FLY,spline,1,94,-14.8464094180112,-0.206405317779784,-1.6155038838644573,-14.771991729736328,-0.2814062535762787,-1.7094677686691284,-0.07441768827487216,0.0750009357964947,0.0939638848046711,0.1056557272395868,8.528752186278005,1.2,-1.1986653798931697,0.04802457314108177,-0.02991567181561597,-4.241118431091309,-0.7111316323280334,0.03354203701019287,-3.0396587529097374,-0.8082533202158723,-0.06345770882580884,-0.1778157304474919,0.6,-0.034038629050400004,0.26745345000048515,-0.018420399492225913,3.12922739982605,-3.1312654879866026,0.022692419366933336,1
1780805314.2384908,FLY,spline,1,94,-14.8464094180112,-0.206405317779784,-1.6155038838644573,-14.801445007324219,-0.28633788228034973,-1.7092382907867432,-0.04496441068698154,0.07993256450056574,0.09373440692228585,0.09171157558380863,8.499246133352237,1.2,-1.198451566661037,0.051713784512764295,-0.032241694420014844,-4.238076686859131,-0.7098539471626282,0.03311290591955185,-3.033543061219424,-0.8067023018548128,-0.06535460033956669,-0.1774745064080588,0.6,-0.03310271691813682,0.26741478789824447,-0.018407328572158,3.1298513412475586,-3.1312654879866026,0.022068477945424547,1
1780805314.2497427,FLY,spline,1,94,-14.8464094180112,-0.206405317779784,-1.6155038838644573,-14.862655639648438,-0.29658201336860657,-1.7087645530700684,0.016246221637237213,0.09017669558882258,0.09326066920561105,0.09162846798242022,8.43793387320039,1.2,-1.1979568029018743,0.05937362974981037,-0.037071154169406144,-4.235382556915283,-0.7088657021522522,0.032702382653951645,-3.0306367192242987,-0.808292386110623,-0.0697735368233578,-0.17782432494433706,0.6,-0.030036773200180278,0.2673716446344343,-0.01839337386479333,3.1318953037261963,-3.1312654879866026,0.020024515466786852,1
1780805314.2607458,FLY,spline,1,95,-15.004909096640612,-0.20735960808014084,-1.6333072231405565,-14.9214448928833,-0.3064062297344208,-1.7083202600479126,-0.08346420375731078,0.09904662165427994,0.07501303690735606,0.12952415438816023,8.379057358651714,1.2,-1.1974256303723576,0.0666866215151601,-0.04153016058547283,-4.227994918823242,-0.7063077092170715,0.03139057382941246,-3.019924766335633,-0.8104722314177587,-0.0729207344148853,-0.1783038909119069,0.6,-0.029745302083092895,0.2675748376374918,-0.018378789717910352,3.132601022720337,-3.1307540830705203,0.019830201388728597,1
1780805314.2711816,FLY,spline,1,95,-15.004909096640612,-0.20735960808014084,-1.6333072231405565,-14.950780868530273,-0.31129881739616394,-1.7081103324890137,-0.05412822811033813,0.1039392093160231,0.07480310934845713,0.11718884038851507,8.349681555328578,1.2,-1.1971374208809855,0.0703271179262433,-0.04377318826188468,-4.218478679656982,-0.7031419277191162,0.02969476208090782,-3.007868355267827,-0.8018826530979879,-0.07346795034279249,-0.17641418368155734,0.6,-0.026683292271691528,0.2676358886753422,-0.018364096127841793,3.1346423625946045,-3.1307540830705203,0.01778886151446102,1
1780805314.2818315,FLY,spline,1,95,-15.004909096640612,-0.20735960808014084,-1.6333072231405565,-15.05980396270752,-0.3294335901737213,-1.7073827981948853,0.054894866066907966,0.12207398209358047,0.07407557505432871,0.13384880808093724,8.240532694739281,1.2,-1.19593778172229,0.08380235144199814,-0.05205754644583451,-4.199017524719238,-0.6968424916267395,0.026509560644626617,-2.9816144104283677,-0.8085878144478832,-0.07856710709046114,-0.17788931917853432,0.6,-0.025504550816613403,0.2681247599514474,-0.0183483827064237,3.1354281902313232,-3.1307540830705203,0.01700303387774227,1
1780805314.292464,FLY,spline,1,95,-15.004909096640612,-0.20735960808014084,-1.6333072231405565,-15.05980396270752,-0.3294335901737213,-1.7073827981948853,0.054894866066907966,0.12207398209358047,0.07407557505432871,0.13384880808093724,8.240532694739281,1.2,-1.19593778172229,0.08380235144199814,-0.05205754644583451,-4.199017524719238,-0.6968424916267395,0.026509560644626617,-2.987239468764462,-0.8033549631424146,-0.07856710709046114,-0.17673809189133122,0.6,-0.024299702527123657,0.2682401879266704,-0.01833266928500561,3.1362314224243164,-3.1307540830705203,0.016199801684749104,1
1780805314.3031003,FLY,spline,1,96,-15.163383507893704,-0.20837000060964078,-1.6508423099667238,-15.088906288146973,-0.3342578113079071,-1.7072069644927979,-0.07447721974673094,0.12588781069826632,0.05636465452607409,0.1462689206345811,8.211402735303443,1.2,-1.1955942699263111,0.0873503230253612,-0.05407645316342586,-4.183778285980225,-0.6919888257980347,0.024177640676498413,-2.9675552882937444,-0.796720264905,-0.07825409383992427,-0.17527845827910002,0.6,-0.02386248774826516,0.2683650688622071,-0.018317018466237622,3.1370508670806885,-3.130226114933387,0.015908325165510107,1
1780805314.31377,FLY,spline,1,96,-15.163383507893704,-0.20837000060964078,-1.6508423099667238,-15.135194778442383,-0.34190428256988525,-1.706948161125183,-0.028188729451320782,0.13353428196024447,0.05610585115845934,0.13647713701099473,8.165075482382747,1.2,-1.1950106066375252,0.0929966818368719,-0.05745665488997387,-4.176246643066406,-0.6896047592163086,0.023031702265143394,-2.9632896478029163,-0.794216566532676,-0.08048835715511726,-0.17472764463718873,0.6,-0.0205572909861802,0.269070359039175,-0.018300920794806597,3.139254331588745,-3.130226114933387,0.013704860657453466,1
1780805314.3245387,FLY,spline,1,96,-15.163383507893704,-0.20837000060964078,-1.6508423099667238,-15.193007469177246,-0.3514160215854645,-1.7066601514816284,0.0296239612835425,0.1430460209758237,0.055817841514904654,0.14608128969565068,8.107223321426108,1.2,-1.1942353137630264,0.10000940446039185,-0.06164522999229805,-4.155476093292236,-0.6830596923828125,0.01987822912633419,-2.936824819192135,-0.7909134428481265,-0.08152345911863224,-0.17400095742658783,0.6,-0.019238001778721703,0.2694291320403337,-0.018284616102982872,3.140133857727051,-3.130226114933387,0.012825334519147802,1
1780805314.3354716,FLY,spline,1,96,-15.163383507893704,-0.20837000060964078,-1.6508423099667238,-15.193007469177246,-0.3514160215854645,-1.7066601514816284,0.0296239612835425,0.1430460209758237,0.055817841514904654,0.14608128969565068,8.107223321426108,1.2,-1.1942353137630264,0.10000940446039185,-0.06164522999229805,-4.155476093292236,-0.6830596923828125,0.01987822912633419,-2.944514160923873,-0.7872116249423303,-0.08152345911863224,-0.17318655748731268,0.6,-0.017890817597508324,0.26974029014969386,-0.018268311411159147,3.1410319805145264,-3.130226114933387,0.011927211731672216,1
1780805314.3460531,FLY,spline,1,97,-15.3218314943012,-0.2094390653464658,-1.6680968560087117,-15.282499313354492,-0.36604490876197815,-1.706298828125,-0.039332180946708206,0.15660584341551234,0.038201972116288285,0.16146953474234255,8.017689972664463,1.2,-1.1929554319599163,0.11071950768621677,-0.06781244705105213,-4.117449760437012,-0.6711820960044861,0.01507101021707058,-2.892135775666649,-0.7789116738618227,-0.08288345726812271,-0.171360568249601,0.6,-0.015774289225585436,0.2706077647554024,-0.018251734719705523,-3.14019775390625,-3.129681561089193,0.010516192817056957,1
1780805314.357634,FLY,spline,1,97,-15.3218314943012,-0.2094390653464658,-1.6680968560087117,-15.3394136428833,-0.3752734363079071,-1.7061229944229126,0.017582148582100388,0.1658343709614413,0.03802613841420088,0.16676381664180026,7.960761727051612,1.2,-1.1920817549210625,0.117462032707118,-0.0717200143379237,-4.08943510055542,-0.6624979972839355,0.01228781696408987,-2.860219723473748,-0.7700628289245963,-0.08400783130201357,-0.16941382236341118,0.6,-0.012901822184569811,0.2715627735972902,-0.01823493315344512,-3.1382827758789062,-3.129681561089193,0.008601214789713207,1
1780805314.368385,FLY,spline,1,97,-15.3218314943012,-0.2094390653464658,-1.6680968560087117,-15.3394136428833,-0.3752734363079071,-1.7061229944229126,0.017582148582100388,0.1658343709614413,0.03802613841420088,0.16676381664180026,7.960761727051612,1.2,-1.1920817549210625,0.117462032707118,-0.0717200143379237,-4.08943510055542,-0.6624979972839355,0.01228781696408987,-2.8721295192056586,-0.7701537472176145,-0.08400783130201357,-0.1694338243878752,0.6,-0.012901822184569811,0.2715795751635506,-0.018218131587184716,-3.1382827758789062,-3.129681561089193,0.008601214789713207,1
1780805314.3794546,FLY,spline,1,98,-15.480251898393847,-0.21056937226879827,-1.6850585729322758,-15.443984031677246,-0.39208006858825684,-1.7058788537979126,-0.036267866716601205,0.18151069631945857,0.02082028086563681,0.185098598143119,7.8561917884756465,1.2,-1.1903852436253526,0.12964612714781307,-0.07858023590307665,-4.029806613922119,-0.6441332101821899,0.007482471410185099,-2.7905599110864485,-0.7502347461033921,-0.08606270731326175,-0.16505164414274628,0.6,-0.008150266386358407,0.27372564421661033,-0.018200919045722064,-3.134553909301758,-3.129120398377519,0.005433510924238938,1
1780805314.390146,FLY,spline,1,98,-15.480251898393847,-0.21056937226879827,-1.6850585729322758,-15.471835136413574,-0.3965136706829071,-1.7058348655700684,-0.00841676198027308,0.18594429841410884,0.02077629263779257,0.18613469315242587,7.828346409923126,1.2,-1.189910715626374,0.13285158402995753,-0.08039244652491945,-4.0121331214904785,-0.6387169361114502,0.0063256691209971905,-2.780065137252791,-0.7450616309540061,-0.08671811564591664,-0.16391355880988134,0.6,-0.006589935995428231,0.2744120158377991,-0.01818357542259288,-3.1335136890411377,-3.129120398377519,0.004393290663618821,1
1780805314.4008834,FLY,spline,1,98,-15.480251898393847,-0.21056937226879827,-1.6850585729322758,-15.471835136413574,-0.3965136706829071,-1.7058348655700684,-0.00841676198027308,0.18594429841410884,0.02077629263779257,0.18613469315242587,7.828346409923126,1.2,-1.189910715626374,0.13285158402995753,-0.08039244652491945,-4.0121331214904785,-0.6387169361114502,0.0063256691209971905,-2.7953456765183997,-0.7431973577696661,-0.08671811564591664,-0.16350341870932655,0.6,-0.00499670384058204,0.275084141825644,-0.018166231799463698,-3.1324515342712402,-3.129120398377519,0.0033311358937213598,1
1780805314.4117887,FLY,spline,1,99,-15.638643562702377,-0.21176349135482028,-1.7017151724031698,-15.576171875,-0.41294920444488525,-1.7057372331619263,-0.06247168770237721,0.20118571309006497,0.0040220607587564405,0.21066182121101415,7.724052202065901,1.2,-1.1880739469228065,0.1446473823865112,-0.08693348843797014,-3.93873929977417,-0.6163293719291687,0.0023994732182472944,-2.692258090584523,-0.7228275528343745,-0.08933296165621743,-0.1590220616235624,0.592296779928595,-0.002947299317418439,0.27657772070200126,-0.018148365207132453,-3.130507469177246,-3.128542602965634,0.001964866211612293,0
1780805314.4227028,FLY,spline,1,99,-15.638643562702377,-0.21176349135482028,-1.7017151724031698,-15.60335922241211,-0.41718748211860657,-1.705727458000183,-0.035284340290267835,0.20542399076378628,0.0040122855970132765,0.20843224474883815,7.696881411673519,1.2,-1.1875772023258746,0.14767757625517708,-0.08860994293669479,-3.917708158493042,-0.6099444627761841,0.0015317201614379883,-2.680949012408451,-0.7141231165855417,-0.09014166309813278,-0.15710708564881917,0.5898087827298593,0.00040224330037941236,0.278225564317338,-0.018130336874512827,-3.128274440765381,-3.128542602965634,-0.0002681622002529416,0
1780805314.4335556,FLY,spline,1,99,-15.638643562702377,-0.21176349135482028,-1.7017151724031698,-15.6304292678833,-0.42137694358825684,-1.7057225704193115,-0.008214294819076429,0.20961345223343655,0.0040073980161416944,0.20977434065346,7.669830092085557,1.2,-1.1870762106172337,0.1506676194787323,-0.09027368734709607,-3.875077486038208,-0.5970409512519836,-1.0337829735362902e-05,-2.6318393393807846,-0.6982960456571373,-0.0902633495173607,-0.1536251300445702,0.5790046546637726,0.0021045519551645686,0.279092316005912,-0.018112284204609357,-3.1271395683288574,-3.128542602965634,-0.001403034636776379,0
1780805314.4438858,FLY,spline,1,99,-15.638643562702377,-0.21176349135482028,-1.7017151724031698,-15.6304292678833,-0.42137694358825684,-1.7057225704193115,-0.008214294819076429,0.20961345223343655,0.0040073980161416944,0.20977434065346,7.669830092085557,1.2,-1.1870762106172337,0.1506676194787323,-0.09027368734709607,-3.875077486038208,-0.5970409512519836,-1.0337829735362902e-05,-2.6533330051031667,-0.695794235937984,-0.0902633495173607,-0.15307473190635648,0.5837332611226966,0.005298168822229998,0.2807685608997885,-0.018094231534705886,-3.1250104904174805,-3.128542602965634,-0.003532112548153332,0
1780805314.4542713,FLY,spline,1,99,-15.638643562702377,-0.21176349135482028,-1.7017151724031698,-15.706992149353027,-0.43310546875,-1.7057372331619263,0.06834858665065013,0.22134197739517972,0.0040220607587564405,0.2316544846411346,7.593332182880086,1.2,-1.1856221900274535,0.15901257873988278,-0.09494747135652028,-3.829822540283203,-0.583396852016449,-0.0013678454561159015,-2.5979241946688774,-0.6876561100102031,-0.09357962590040438,-0.15128434420224468,0.571543322827153,0.007027657195032733,0.2819966449373519,-0.018075515609525805,-3.1238574981689453,-3.128542602965634,-0.0046851047966884884,0
1780805314.4649465,FLY,spline,1,100,-15.797005329757521,-0.21302399258271398,-1.718054366087148,-15.733437538146973,-0.4371093511581421,-1.705751895904541,-0.0635677916105486,0.2240853585754281,-0.012302470182606884,0.23292726774278774,7.566913296752479,1.2,-1.1851296965335834,0.16179857905764994,-0.09637853603962802,-3.8053853511810303,-0.5760513544082642,-0.0019305992173030972,-2.57798506764495,-0.6803865144687685,-0.09444793682232493,-0.14968503318312906,0.567156714881889,0.00786904292407975,0.2830621370152446,-0.01805662602216134,-3.122702121734619,-3.1279481503506723,-0.005246028616053167,0
1780805314.4760437,FLY,spline,1,100,-15.797005329757521,-0.21302399258271398,-1.718054366087148,-15.759687423706055,-0.44105467200279236,-1.7057714462280273,-0.037317906051466565,0.22803067942007837,-0.012282919859120556,0.23106409688406515,7.540691722660795,1.2,-1.1846215387473162,0.16457822842381808,-0.09790718392854726,-3.7578489780426025,-0.5617989301681519,-0.0029486895073205233,-2.521998829306658,-0.65485037181797,-0.09495849442122674,-0.1440670817999534,0.5548397424474648,0.014388598969611976,0.28707834951083333,-0.018037634323277096,-3.1183557510375977,-3.1279481503506723,-0.009592399313074651,0
1780805314.4867089,FLY,spline,1,100,-15.797005329757521,-0.21302399258271398,-1.718054366087148,-15.83046817779541,-0.4515722692012787,-1.7058348655700684,0.033462848037888904,0.2385482766185647,-0.01221950051707954,0.24088387757692317,7.469997581791408,1.2,-1.1832251559839606,0.171964059394506,-0.1020127076559329,-3.7078773975372314,-0.5468624234199524,-0.0038264894392341375,-2.465000919567562,-0.6451488153467384,-0.09818621821669876,-0.14193273937628245,0.5423002023048636,0.016148843339118812,0.2884972455002981,-0.018017997079633755,-3.1171822547912598,-3.1279481503506723,-0.010765895559412542,0
1780805314.4974034,FLY,spline,1,101,-15.95533604209002,-0.2143534459306616,-1.7340638656499645,-15.881366729736328,-0.4589941203594208,-1.705898404121399,-0.07396931235369131,0.24464067442875917,-0.028165461528565583,0.25557879167692316,7.419169973616786,1.2,-1.182224465119054,0.17709528338090197,-0.1047977799297503,-3.624912738800049,-0.5221365690231323,-0.005339040420949459,-2.3560656999914116,-0.6205602262429949,-0.09945873950880084,-0.13652324977345887,0.5183344539981105,0.015232140855974352,0.288618938951568,-0.017998105331731996,-3.1171822547912598,-3.1273370153619093,-0.010154760570649568,0
1780805314.5080824,FLY,spline,1,101,-15.95533604209002,-0.2143534459306616,-1.7340638656499645,-15.881366729736328,-0.4589941203594208,-1.705898404121399,-0.07396931235369131,0.24464067442875917,-0.028165461528565583,0.25557879167692316,7.419169973616786,1.2,-1.182224465119054,0.17709528338090197,-0.1047977799297503,-3.624912738800049,-0.5221365690231323,-0.005339040420949459,-2.388993376456814,-0.6183879186211233,-0.09945873950880084,-0.13604534209664712,0.5255785428204991,0.020147378282732165,0.2920132815847714,-0.017978213583830237,-3.113905429840088,-3.1273370153619093,-0.013431585521821443,0
1780805314.518741,FLY,spline,1,101,-15.95533604209002,-0.2143534459306616,-1.7340638656499645,-15.951913833618164,-0.46907225251197815,-1.706020474433899,-0.0034222084718553702,0.2547188065813165,-0.028043391216065583,0.25474179464123076,7.3487323908108,1.2,-1.1808092179393723,0.18406870628859087,-0.10866601214110995,-3.567011833190918,-0.5049182772636414,-0.006757087539881468,-2.3205129876820654,-0.605787702859805,-0.10190892460122848,-0.1332732946291571,0.5105128572900544,0.021830017404741442,0.2934582567132292,-0.01795783179890999,-3.112783670425415,-3.1273370153619093,-0.014553344936494295,0
1780805314.5294847,FLY,spline,1,101,-15.95533604209002,-0.2143534459306616,-1.7340638656499645,-15.976484298706055,-0.4725097417831421,-1.7060742378234863,0.021148256616035255,0.25815629585248046,-0.02798962782647818,0.2590210837869595,7.324202816459265,1.2,-1.180313934098109,0.1864363888283048,-0.11000222677067018,-3.535753011703491,-0.4956341087818146,-0.0074966237880289555,-2.297678911894532,-0.5953173747135462,-0.10250560298264122,-0.13096982243698016,0.5054893606167971,0.025147373514360583,0.29604472060484277,-0.017937330678313462,-3.110572099685669,-3.1273370153619093,-0.01676491567624039,0
1780805314.540101,FLY,spline,1,101,-15.95533604209002,-0.2143534459306616,-1.7340638656499645,-16.00082015991211,-0.4758886694908142,-1.7061327695846558,0.04548411782208994,0.2615352235601526,-0.027931096065308747,0.26546087873114704,7.299908920214381,1.2,-1.1798210901025716,0.18875906046709648,-0.11132031459153711,-3.474104881286621,-0.47733455896377563,-0.00944108422845602,-2.223558071615449,-0.572406489981383,-0.1018792303630811,-0.12592942779590427,0.48918277575539876,0.028120333986467516,0.298383124102744,-0.017916954832240845,-3.1085901260375977,-3.1273370153619093,-0.018746889324311677,0
1780805314.5509982,FLY,spline,1,102,-16.113634542230606,-0.21575442137684525,-1.7497313827573733,-16.04425811767578,-0.48182615637779236,-1.7062548398971558,-0.06937642455482518,0.2660717350009471,-0.043476542860217515,0.2749677371082389,7.25654896936488,1.2,-1.178966293333938,0.1927583960363281,-0.11350189399272759,-3.4438977241516113,-0.4683746099472046,-0.010497412644326687,-2.204414621824039,-0.5689124431914693,-0.1030044813484009,-0.12516073750212325,0.4849712168012885,0.028810067525079752,0.2998438735614126,-0.017896353935971165,-3.1075024604797363,-3.126709172163123,-0.0192067116833865,0
1780805314.561825,FLY,spline,1,102,-16.113634542230606,-0.21575442137684525,-1.7497313827573733,-16.091367721557617,-0.4881249964237213,-1.7064306735992432,-0.02226682067298924,0.27237057504687606,-0.04330070915813011,0.2732792371444435,7.209527718238352,1.2,-1.1780277743103338,0.19702852148242445,-0.1158892776571266,-3.374903678894043,-0.44792017340660095,-0.013420019298791885,-2.1198254363968325,-0.5488288934879334,-0.10246925835833472,-0.12074235656734535,0.46636159600730315,0.0304426387454777,0.30120578821497784,-0.0178758600842995,-3.1064140796661377,-3.126709172163123,-0.020295092496985134,0
1780805314.5725956,FLY,spline,1,102,-16.113634542230606,-0.21575442137684525,-1.7497313827573733,-16.11457061767578,-0.49116209149360657,-1.7065331935882568,0.0009360754451748221,0.2754076701167613,-0.04319818916911644,0.2754092609125225,7.186369554818711,1.2,-1.1775681241850258,0.19907847342457,-0.11705158829465806,-3.306809902191162,-0.42775166034698486,-0.016693467274308205,-2.0407378894504458,-0.5270077037393995,-0.10035812102034986,-0.1159416948226679,0.44896233567909805,0.03205375229375651,0.3024635001950323,-0.017855788460095428,-3.105340003967285,-3.126709172163123,-0.021369168195837673,0
1780805314.5833876,FLY,spline,1,103,-16.271899672710028,-0.21722948889944727,-1.7650446290751294,-16.20003890991211,-0.5019726157188416,-1.7070459127426147,-0.0718607627979182,0.2847431268193943,-0.05799871633251463,0.29367093404146133,7.101070829757542,1.2,-1.175926559215489,0.20624707643722942,-0.12107382373046843,-3.1976311206817627,-0.395451158285141,-0.022468404844403267,-1.9022221713506597,-0.4922904605892259,-0.09860541888606517,-0.10830390132962969,0.41848887769714516,0.0369566316398402,0.30782993371807366,-0.017836067376318213,-3.101426839828491,-3.1260645942550513,-0.024637754426560132,0
1780805314.5941892,FLY,spline,1,103,-16.271899672710028,-0.21722948889944727,-1.7650446290751294,-16.22199249267578,-0.504638671875,-1.707216739654541,-0.04990718003424632,0.28740918297555273,-0.05782788942058836,0.2917100702369485,7.079161472713431,1.2,-1.1755141959813378,0.20800808968671902,-0.12206149954523274,-3.122913122177124,-0.3733639121055603,-0.026751426979899406,-1.8247270262219408,-0.47289097987758283,-0.09531007256533333,-0.10403601557306823,0.40143994576882697,0.0369566316398402,0.3075853680269282,-0.017817005361805145,-3.101426839828491,-3.1260645942550513,-0.024637754426560132,0
1780805314.6050868,FLY,spline,1,103,-16.271899672710028,-0.21722948889944727,-1.7650446290751294,-16.22199249267578,-0.504638671875,-1.707216739654541,-0.04990718003424632,0.28740918297555273,-0.05782788942058836,0.2917100702369485,7.079161472713431,1.2,-1.1755141959813378,0.20800808968671902,-0.12206149954523274,-3.122913122177124,-0.3733639121055603,-0.026751426979899406,-1.8692948260536435,-0.4770257948588596,-0.09531007256533333,-0.10494567486894911,0.4112448617318016,0.04081722448194225,0.3116375419410795,-0.017797943347292077,-3.09885311126709,-3.1260645942550513,-0.0272114829879615,0
1780805314.6159043,FLY,spline,1,103,-16.271899672710028,-0.21722948889944727,-1.7650446290751294,-16.26042938232422,-0.5091992020606995,-1.7075634002685547,-0.011470290385808823,0.2919697131612522,-0.05748122880657469,0.2921949365834368,7.040802207033293,1.2,-1.174802823295269,0.21100602133738544,-0.1237529205183936,-3.086707592010498,-0.36266225576400757,-0.02906751073896885,-1.8427700691167932,-0.47179608359337083,-0.09468540977942475,-0.10379513839054158,0.4054094152056945,0.04205819318616588,0.3130233899934273,-0.01777900626533619,-3.0980257987976074,-3.1260645942550513,-0.02803879545744392,0
1780805314.6266854,FLY,spline,1,103,-16.271899672710028,-0.21722948889944727,-1.7650446290751294,-16.30242156982422,-0.5139746069908142,-1.7080273628234863,0.030521897114191177,0.29674511809136694,-0.05701726625164305,0.29831066242175885,6.998893596590354,1.2,-1.1740503083260458,0.21411915442084317,-0.1255343029996954,-3.003422975540161,-0.338042676448822,-0.03492195904254913,-1.73739558129431,-0.4471963872275793,-0.09061234395714626,-0.09838320519006745,0.3822270278847482,0.04325910756910045,0.31414043147020587,-0.017760883796544762,-3.0972251892089844,-3.1260645942550513,-0.028839405046066968,0
1780805314.6373258,FLY,spline,1,104,-16.430130276059,-0.21878121847664964,-1.7799913162689862,-16.359804153442383,-0.5201367139816284,-1.708837866783142,-0.07032612261661697,0.30135549550497875,-0.07115344948584412,0.3094525782625485,6.9416212528469385,1.2,-1.1731040385747395,0.21800171488254338,-0.12767993964560928,-2.880434513092041,-0.30168288946151733,-0.044803064316511154,-1.5747386624340178,-0.40968989116966537,-0.08287687532909813,-0.09013177605732638,0.3464425057354839,0.04344834275361009,0.31498537726641535,-0.017744308421478942,-3.096437692642212,-3.125403254477952,-0.02896556183574006,0
1780805314.6480715,FLY,spline,1,104,-16.430130276059,-0.21878121847664964,-1.7799913162689862,-16.398866653442383,-0.5240527391433716,-1.709536075592041,-0.03126362261661697,0.3052715206667219,-0.0704552406769452,0.3068682378958224,6.902629154569979,1.2,-1.1724941364909727,0.22046974848438802,-0.12903716479184932,-2.7901856899261475,-0.2750106453895569,-0.05233767256140709,-1.4768498805845514,-0.3839698771463923,-0.07669949223044223,-0.0844733729722063,0.3249069737286013,0.04672564454194017,0.31873914279149196,-0.017728968523032854,-3.094252824783325,-3.125403254477952,-0.03115042969462678,0
1780805314.658864,FLY,spline,1,104,-16.430130276059,-0.21878121847664964,-1.7799913162689862,-16.398866653442383,-0.5240527391433716,-1.709536075592041,-0.03126362261661697,0.3052715206667219,-0.0704552406769452,0.3068682378958224,6.902629154569979,1.2,-1.1724941364909727,0.22046974848438802,-0.12903716479184932,-2.7901856899261475,-0.2750106453895569,-0.05233767256140709,-1.5258642512493923,-0.3932390748768319,-0.07669949223044223,-0.08651259647290302,0.3356901352748663,0.047759546710214096,0.32022605519600605,-0.017713628624586766,-3.0935635566711426,-3.125403254477952,-0.0318396978068094,0
1780805314.669364,FLY,spline,1,104,-16.430130276059,-0.21878121847664964,-1.7799913162689862,-16.398866653442383,-0.5240527391433716,-1.709536075592041,-0.03126362261661697,0.3052715206667219,-0.0704552406769452,0.3068682378958224,6.902629154569979,1.2,-1.1724941364909727,0.22046974848438802,-0.12903716479184932,-2.7901856899261475,-0.2750106453895569,-0.05233767256140709,-1.5602434145186597,-0.39944886358487575,-0.07669949223044223,-0.08787874998867266,0.3432535511941051,0.04871262498017259,0.3216814037726385,-0.01769828872614068,-3.092928171157837,-3.125403254477952,-0.03247508332011506,0
1780805314.680023,FLY,spline,1,104,-16.430130276059,-0.21878121847664964,-1.7799913162689862,-16.470624923706055,-0.5305273532867432,-1.7112011909484863,0.040494647647054904,0.3117461348100935,-0.06879012532049988,0.3143651842317977,6.830984423021101,1.2,-1.1714929826963392,0.224455188893135,-0.13124046507149464,-2.608307361602783,-0.22123931348323822,-0.06849810481071472,-1.2915522639237078,-0.3376384084697448,-0.06274236026077992,-0.07428044986334385,0.2841414980632157,0.050281896067819076,0.3231850881892627,-0.017685740254088523,-3.0918819904327393,-3.125403254477952,-0.03352126404521272,0
1780805314.6908264,FLY,spline,1,104,-16.430130276059,-0.21878121847664964,-1.7799913162689862,-16.4883975982666,-0.5319628715515137,-1.711708903312683,0.05826732220760178,0.313181653074864,-0.0682824129563031,0.31855584857281927,6.813235469890743,1.2,-1.171274746769801,0.2253149391041003,-0.1317142581342426,-2.559502363204956,-0.2068008929491043,-0.07319295406341553,-1.2628633925872337,-0.32932143338204706,-0.05852130407082706,-0.07245071534405036,0.2778299463691914,0.051842584086617904,0.3256750074259436,-0.017674035993274356,-3.09084153175354,-3.125403254477952,-0.034561722724411936,0
1780805314.701428,FLY,spline,1,104,-16.430130276059,-0.21878121847664964,-1.7799913162689862,-16.4883975982666,-0.5319628715515137,-1.711708903312683,0.05826732220760178,0.313181653074864,-0.0682824129563031,0.31855584857281927,6.813235469890743,1.2,-1.171274746769801,0.2253149391041003,-0.1317142581342426,-2.559502363204956,-0.2068008929491043,-0.07319295406341553,-1.3066948742440152,-0.33816258220191286,-0.05852130407082706,-0.07439576808442083,0.28747287233368335,0.052649750186166244,0.3271474653940475,-0.01766233173246019,-3.090303421020508,-3.125403254477952,-0.03509983345744416,0
1780805314.7128856,FLY,spline,1,105,-16.588325194808274,-0.22041218008663466,-1.7945591560046983,-16.53593635559082,-0.5354296565055847,-1.713295817375183,-0.05238883921745341,0.31501747641895006,-0.08126333862951518,0.3193440165776023,6.765748930352553,1.2,-1.1708041761874446,0.2272259021806067,-0.1326121050290997,-2.420624256134033,-0.16570459306240082,-0.0868762955069542,-1.1132056697534125,-0.29232076554281666,-0.04573580952214551,-0.06431056841941966,0.24490524734575075,0.05331090357820578,0.32993283810152113,-0.01765318457055576,-3.089184522628784,-3.1247251250142547,-0.03554060238547052,0
1780805314.7233047,FLY,spline,1,105,-16.588325194808274,-0.22041218008663466,-1.7945591560046983,-16.55238151550293,-0.5364745855331421,-1.7139354944229126,-0.035943679305344034,0.31606240544650743,-0.08062366158178569,0.31809965768393694,6.749316988631389,1.2,-1.1706620006021913,0.22779984039830958,-0.13288232787161702,-2.369364023208618,-0.15052849054336548,-0.09210789203643799,-1.0770367088942836,-0.28332319736516387,-0.040774435835179035,-0.06233110342033605,0.2369480759567424,0.05377117064516135,0.3308580112031838,-0.017645029683388727,-3.0888776779174805,-3.1247251250142547,-0.03584744709677423,0
1780805314.7339952,FLY,spline,1,105,-16.588325194808274,-0.22041218008663466,-1.7945591560046983,-16.5684757232666,-0.5374121069908142,-1.7146142721176147,-0.01984947154167216,0.31699992690417955,-0.07994488388708354,0.31762077258538807,6.733232867036874,1.2,-1.1705394300773153,0.22829780932707194,-0.13310729841272192,-2.3174712657928467,-0.13515882194042206,-0.09752308577299118,-1.0350460705328923,-0.2733218040591546,-0.035584212639730745,-0.06013079689301402,0.22771013551723632,0.05377117064516135,0.33044991019007586,-0.017637912840860782,-3.0888776779174805,-3.1247251250142547,-0.03584744709677423,0
1780805314.7447867,FLY,spline,1,105,-16.588325194808274,-0.22041218008663466,-1.7945591560046983,-16.625272750854492,-0.5399609208106995,-1.7174853086471558,0.036947556046218466,0.3195487407240648,-0.07707384735754252,0.3216776641237685,6.676444999350218,1.2,-1.1702568458037734,0.22948740752000055,-0.13354566499573287,-2.1187782287597656,-0.07625599950551987,-0.11900930851697922,-0.7521582032040821,-0.2060104014195277,-0.014536356478753648,-0.045322288312296094,0.16547480470489806,0.05493739512483664,0.3334586980493897,-0.017635005569565033,-3.0881001949310303,-3.1247251250142547,-0.03662493008322443,0
1780805314.7555745,FLY,spline,1,105,-16.588325194808274,-0.22041218008663466,-1.7945591560046983,-16.63960838317871,-0.5403808355331421,-1.7183544635772705,0.051283188370437216,0.31996865544650743,-0.07620469242742778,0.3240523196610133,6.662103571717765,1.2,-1.1702303530318658,0.22962095224889784,-0.1335482651748938,-2.0641696453094482,-0.060050513595342636,-0.12506750226020813,-0.726999931552419,-0.1995138793720557,-0.008480762914685663,-0.04389305346185225,0.1599399849415322,0.05506506827394553,0.33414091973725657,-0.017633309416982094,-3.088015079498291,-3.1247251250142547,-0.036710045515963685,0
1780805314.7663605,FLY,spline,1,105,-16.588325194808274,-0.22041218008663466,-1.7945591560046983,-16.63960838317871,-0.5403808355331421,-1.7183544635772705,0.051283188370437216,0.31996865544650743,-0.07620469242742778,0.3240523196610133,6.662103571717765,1.2,-1.1702303530318658,0.22962095224889784,-0.1335482651748938,-2.0641696453094482,-0.060050513595342636,-0.12506750226020813,-0.7813427185971306,-0.21210404824443352,-0.008480762914685663,-0.046662890613775376,0.17189539809136872,0.05500892069856711,0.33519034738026793,-0.017631613264399156,-3.08805251121521,-3.1247251250142547,-0.03667261379904474,0
1780805314.777052,FLY,spline,1,106,-16.74648327148859,-0.22212494370758445,-1.8087358599480199,-16.69109344482422,-0.5409277081489563,-1.7221044301986694,-0.055389826664370645,0.31880276444137184,-0.08663142974935045,0.32357879336163214,6.6105618977744145,1.2,-1.1703729171341106,0.22927220876313606,-0.13289653542461222,-1.8496088981628418,0.003717162413522601,-0.14995737373828888,-0.47082189844914385,-0.13699063326234653,0.017060838313676663,-0.030137939317716238,0.10358081765881165,0.05349443047754554,0.3348341770240749,-0.017635025432061892,-3.088367223739624,-3.124030177391321,-0.03566295365169703,0
1780805314.7877133,FLY,spline,1,106,-16.74648327148859,-0.22212494370758445,-1.8087358599480199,-16.69109344482422,-0.5409277081489563,-1.7221044301986694,-0.055389826664370645,0.31880276444137184,-0.08663142974935045,0.32357879336163214,6.6105618977744145,1.2,-1.1703729171341106,0.22927220876313606,-0.13289653542461222,-1.8496088981628418,0.003717162413522601,-0.14995737373828888,-0.5365788740472015,-0.15289943011118315,0.017060838313676663,-0.033637874624460294,0.11804735229038434,0.052723027164862435,0.3365088829060105,-0.017638437599724627,-3.088881492614746,-3.124030177391321,-0.03514868477657496,0
1780805314.798478,FLY,spline,1,106,-16.74648327148859,-0.22212494370758445,-1.8087358599480199,-16.703554153442383,-0.5407812595367432,-1.7231932878494263,-0.04292911804620658,0.3186563158291587,-0.08554257209859362,0.32153500088487674,6.598077084024544,1.2,-1.1704576149026693,0.229000907281764,-0.1326180839119732,-1.7927172183990479,0.02065417170524597,-0.15681001543998718,-0.4901718876650067,-0.14117409504925393,0.024191931528013993,-0.031058300910835866,0.10783781528630147,0.052723027164862435,0.3359335570625579,-0.01764327598603023,-3.088881492614746,-3.124030177391321,-0.03514868477657496,0
1780805314.8093944,FLY,spline,1,106,-16.74648327148859,-0.22212494370758445,-1.8087358599480199,-16.71562385559082,-0.5405175685882568,-1.724331021308899,-0.030859415897769082,0.3183926248806724,-0.08440483863912096,0.3198846153348986,6.585979404239343,1.2,-1.170564313632986,0.22864726054684964,-0.1322861213179875,-1.6841931343078613,0.05299209803342819,-0.16997472941875458,-0.356472559763439,-0.10844491721491054,0.037688608100767074,-0.023857881787280318,0.07842396314795658,0.05222771256677894,0.3356103079595236,-0.017650813707650384,-3.0892117023468018,-3.124030177391321,-0.03481847504451929,0
1780805314.8202817,FLY,spline,1,106,-16.74648327148859,-0.22212494370758445,-1.8087358599480199,-16.747108459472656,-0.5391699075698853,-1.7277441024780273,0.000625187984066855,0.3170449638623008,-0.08099175746999254,0.31704558027271573,6.554397090187132,1.2,-1.170974801758434,0.22723211612966898,-0.13108615123661407,-1.5744895935058594,0.0857219472527504,-0.1835280954837799,-0.2272518586466558,-0.0754798278661024,0.052441944247165834,-0.01660556213054253,0.04999540890226428,0.049954987461493294,0.3369711198821886,-0.01766130209649982,-3.090726852416992,-3.124030177391321,-0.03330332497432886,0
1780805314.8310869,FLY,spline,1,106,-16.74648327148859,-0.22212494370758445,-1.8087358599480199,-16.75765609741211,-0.5384570360183716,-1.729067325592041,0.01117282592351998,0.3163320923107871,-0.07966853435597887,0.31652934250214093,6.543806949871232,1.2,-1.1711645198921787,0.22656263374205313,-0.13054899592714753,-1.516109585762024,0.10315494984388351,-0.19075511395931244,-0.1870394012226942,-0.06500438847409068,0.06020611803216491,-0.01430096546429995,0.04114866826899272,0.04925654023401527,0.33692166541401386,-0.01767334332010625,-3.0911924839019775,-3.124030177391321,-0.03283769348934351,0
1780805314.8417401,FLY,spline,1,106,-16.74648327148859,-0.22212494370758445,-1.8087358599480199,-16.767772674560547,-0.5376171469688416,-1.730444312095642,0.02128940307195748,0.3154922032612571,-0.0782915478523778,0.3162096915051824,6.533643843066254,1.2,-1.1713774123735476,0.22580362293026585,-0.12995261310423106,-1.4048833847045898,0.13639819622039795,-0.20447468757629395,-0.05529658656076379,-0.03196737233334646,0.07452207447206288,-0.007032821913336222,0.012165249043368034,0.04778561681024818,0.33661254551594466,-0.017688247735000665,-3.0921730995178223,-3.124030177391321,-0.031857077873498785,0
1780805314.852544,FLY,spline,1,106,-16.74648327148859,-0.22212494370758445,-1.8087358599480199,-16.802459716796875,-0.5333398580551147,-1.73611319065094,0.055976445308285605,0.3112149143475303,-0.07262266929707994,0.31620892672676415,6.498747562352473,1.2,-1.1723780346305162,0.2221523118962867,-0.12719313753117137,-1.2335937023162842,0.18767257034778595,-0.22583936154842377,0.16965246316993496,0.028557114141759335,0.0986462240172524,0.006282565111187054,-0.03732354189738569,0.046843982632086556,0.3350258554436706,-0.017707976979804117,-3.0928008556365967,-3.124030177391321,-0.03122932175472437,0
1780805314.8631272,FLY,spline,1,106,-16.74648327148859,-0.22212494370758445,-1.8087358599480199,-16.802459716796875,-0.5333398580551147,-1.73611319065094,0.055976445308285605,0.3112149143475303,-0.07262266929707994,0.31620892672676415,6.498747562352473,1.2,-1.1723780346305162,0.2221523118962867,-0.12719313753117137,-1.2335937023162842,0.18767257034778595,-0.22583936154842377,0.09990237654146114,0.01062015771584063,0.0986462240172524,0.0023364346974849384,-0.02197852283912145,0.0458515652965763,0.33531579731095423,-0.017727706224607568,-3.0934624671936035,-3.124030177391321,-0.030567710197717535,0
1780805314.8738675,FLY,spline,1,106,-16.74648327148859,-0.22212494370758445,-1.8087358599480199,-16.810625076293945,-0.5319140553474426,-1.737734317779541,0.06414180480535592,0.3097891116398582,-0.07100154216847887,0.3163597079501448,6.490518399519621,1.2,-1.1726936494556015,0.22097768278122754,-0.12632683103419418,-1.120707631111145,0.22151653468608856,-0.23992733657360077,0.234667174184792,0.04540232726036193,0.1136005055394066,0.009988511997279625,-0.05162677832065424,0.044791556293890755,0.33433843772466393,-0.01775042632571545,-3.0941691398620605,-3.124030177391321,-0.029861037529260503,0
1780805314.8846707,FLY,spline,1,107,-16.90460334863067,-0.22392207931768127,-1.8225091397647053,-16.837890625,-0.5253710746765137,-1.7443554401397705,-0.06671272363066905,0.3014489953588324,-0.07815369962493479,0.30874274776433436,6.4629813137811665,1.2,-1.1741124936597531,0.21561171650328517,-0.12235783562397251,-0.9485253691673279,0.27321526408195496,-0.26125991344451904,0.4612655720260165,0.11076902145267471,0.13890207782054653,0.024369184719588436,-0.10147842584572363,0.038744253490254676,0.3323234830629992,-0.01777820674127956,-3.0974888801574707,-3.123318382484307,-0.02582950232683645,0
1780805314.8953774,FLY,spline,1,107,-16.90460334863067,-0.22392207931768127,-1.8225091397647053,-16.837890625,-0.5253710746765137,-1.7443554401397705,-0.06671272363066905,0.3014489953588324,-0.07815369962493479,0.30874274776433436,6.4629813137811665,1.2,-1.1741124936597531,0.21561171650328517,-0.12235783562397251,-0.9485253691673279,0.27321526408195496,-0.26125991344451904,0.3912581416400065,0.09181876945801319,0.13890207782054653,0.020200129280762903,-0.08607679116080143,0.038744253490254676,0.3322957026474351,-0.01780598715684367,-3.0974888801574707,-3.123318382484307,-0.02582950232683645,0
1780805314.906518,FLY,spline,1,107,-16.90460334863067,-0.22392207931768127,-1.8225091397647053,-16.854063034057617,-0.5194628834724426,-1.7496581077575684,-0.05054031457305186,0.29554080415476136,-0.07285103200713694,0.299831102985641,6.4465846808938565,1.2,-1.1753033625910274,0.21094655485501737,-0.11901074269587146,-0.7842656373977661,0.3226166367530823,-0.28146448731422424,0.6100970160927022,0.155020666951215,0.16245374461835277,0.0341045467292673,-0.13422134354039447,0.034526390407368934,0.32978964542465083,-0.017838477905767338,-3.1003007888793945,-3.123318382484307,-0.023017593604912623,0
1780805314.9174838,FLY,spline,1,107,-16.90460334863067,-0.22392207931768127,-1.8225091397647053,-16.854063034057617,-0.5194628834724426,-1.7496581077575684,-0.05054031457305186,0.29554080415476136,-0.07285103200713694,0.299831102985641,6.4465846808938565,1.2,-1.1753033625910274,0.21094655485501737,-0.11901074269587146,-0.7842656373977661,0.3226166367530823,-0.28146448731422424,0.5455118499166329,0.13774097712031708,0.16245374461835277,0.030303014966469758,-0.12001260698165925,0.032885951373860633,0.32938912522574987,-0.017870968654691007,-3.1013944149017334,-3.123318382484307,-0.021923967582573756,0
1780805314.9282753,FLY,spline,1,107,-16.90460334863067,-0.22392207931768127,-1.8225091397647053,-16.863750457763672,-0.5146191120147705,-1.7537059783935547,-0.04085289086699717,0.29069703269708924,-0.06880316137115061,0.29355361266910573,6.436724927836398,1.2,-1.1762437242371941,0.20716066936469718,-0.11634069907382309,-0.6675981283187866,0.3577476441860199,-0.29488784074783325,0.6907479149885934,0.18058483200590464,0.17854714167401015,0.039728663041299024,-0.15196454129749057,0.03125302252559403,0.3276718656237567,-0.01790667808302581,-3.102483034133911,-3.123318382484307,-0.02083534835039602,0
1780805314.938947,FLY,spline,1,107,-16.90460334863067,-0.22392207931768127,-1.8225091397647053,-16.86796760559082,-0.512011706829071,-1.7557958364486694,-0.036635743039848734,0.2880896275113898,-0.06671330331603587,0.2904097297745603,6.432418874284462,1.2,-1.1767379169091274,0.20513277745872244,-0.11492788399878211,-0.5585615634918213,0.3906061053276062,-0.3059861361980438,0.8148219981774211,0.21542747947751487,0.1910582521992617,0.04739404548505327,-0.17926083959903263,0.02956036982326249,0.3261547602041103,-0.017944889733465662,-3.103611469268799,-3.123318382484307,-0.019706913215508326,0
1780805314.949891,FLY,spline,1,107,-16.90460334863067,-0.22392207931768127,-1.8225091397647053,-16.88054656982422,-0.5010156035423279,-1.7640819549560547,-0.024056778806450296,0.2770935242246466,-0.05842718480865061,0.2781358476963681,6.4194916345969455,1.2,-1.1787394051218585,0.1966253934391497,-0.10914151120388113,-0.3962186276912689,0.43956258893013,-0.3198853135108948,1.0228291411092834,0.2856942932223343,0.21074380230701364,0.06285274450891355,-0.22502241104404233,0.023046893451497352,0.3222975169952827,-0.017987038493927066,-3.1079537868499756,-3.123318382484307,-0.015364595634331568,0
1780805314.9606545,FLY,spline,1,107,-16.90460334863067,-0.22392207931768127,-1.8225091397647053,-16.8829288482666,-0.49785155057907104,-1.7663280963897705,-0.021674500364067484,0.2739294712613898,-0.05618104337493479,0.2747856240627892,6.417016682102618,1.2,-1.179291957821209,0.1941867661315036,-0.10752663892081711,-0.29236575961112976,0.4708941578865051,-0.3263186812400818,1.1218264111093974,0.31331396600253336,0.2187920423192647,0.06892907252055734,-0.24680181044406743,0.023046893451497352,0.32160989938583884,-0.01803079690239092,-3.1079537868499756,-3.123318382484307,-0.015364595634331568,0
1780805314.9711576,FLY,spline,1,107,-16.90460334863067,-0.22392207931768127,-1.8225091397647053,-16.8829288482666,-0.49785155057907104,-1.7663280963897705,-0.021674500364067484,0.2739294712613898,-0.05618104337493479,0.2747856240627892,6.417016682102618,1.2,-1.179291957821209,0.1941867661315036,-0.10752663892081711,-0.29236575961112976,0.4708941578865051,-0.3263186812400818,1.0536419575250922,0.29461150755434207,0.2187920423192647,0.06481453166195525,-0.23180123065552027,0.021231574390218055,0.32080290324205285,-0.018074555310854775,-3.109163999557495,-3.123318382484307,-0.014154382926812037,0
1780805314.981911,FLY,spline,1,107,-16.90460334863067,-0.22392207931768127,-1.8225091397647053,-16.88636589050293,-0.49174803495407104,-1.7705029249191284,-0.01823745812773936,0.2678259556363898,-0.05200621484557688,0.2684461722422327,6.413409969549387,1.2,-1.1803295326907537,0.18948923973085502,-0.10447976973677643,-0.2438332438468933,0.4855373799800873,-0.32842326164245605,1.0852917035991345,0.31298098196154095,0.22394349190567964,0.06885581603153901,-0.23876417479180959,0.015631479594991005,0.31759268313505434,-0.01811934400923591,-3.1128973960876465,-3.123318382484307,-0.01042098639666067,0
1780805314.9924428,FLY,spline,1,107,-16.90460334863067,-0.22392207931768127,-1.8225091397647053,-16.888671875,-0.4846777319908142,-1.7751024961471558,-0.015931473630669046,0.26075565267313294,-0.04740664361754954,0.2612418845687579,6.410921755422259,1.2,-1.1814869216425248,0.1840559709383748,-0.10105470572715611,-0.14038170874118805,0.5167456269264221,-0.33156341314315796,1.211595383705072,0.3552371593013061,0.23050870741600185,0.07815217504628734,-0.2665509844151158,0.013609809253499305,0.31592992238051426,-0.01816544575071911,-3.1142451763153076,-3.123318382484307,-0.009073206168999537,0
1780805315.003211,FLY,spline,1,107,-16.90460334863067,-0.22392207931768127,-1.8225091397647053,-16.888671875,-0.4846777319908142,-1.7751024961471558,-0.015931473630669046,0.26075565267313294,-0.04740664361754954,0.2612418845687579,6.410921755422259,1.2,-1.1814869216425248,0.1840559709383748,-0.10105470572715611,-0.14038170874118805,0.5167456269264221,-0.33156341314315796,1.1630606724066923,0.3398951729057169,0.23050870741600185,0.07477693803925772,-0.2558733479294723,0.013609809253499305,0.31588382063903103,-0.01821154749220231,-3.1142451763153076,-3.123318382484307,-0.009073206168999537,0
1780805315.0139935,FLY,spline,1,107,-16.90460334863067,-0.22392207931768127,-1.8225091397647053,-16.889570236206055,-0.47410154342651367,-1.7815673351287842,-0.015033112424614359,0.2501794641088324,-0.04094180463592112,0.25063072184182383,6.409777872905623,1.2,-1.1831337570318254,0.17593568278417865,-0.09613089251131453,-0.0005525493761524558,0.5588890910148621,-0.3335145115852356,1.3556187168592893,0.40984297982632567,0.23738361907392108,0.09016545556179165,-0.2982361177090436,0.006439370487019813,0.3111899305834744,-0.018259024216017095,-3.119025468826294,-3.123318382484307,-0.004292913658013209,0
1780805315.0246208,FLY,spline,1,107,-16.90460334863067,-0.22392207931768127,-1.8225091397647053,-16.888553619384766,-0.4660351574420929,-1.7861913442611694,-0.01604972924590342,0.24211307812441163,-0.036317795503535866,0.24264446502598047,6.410628026757295,1.2,-1.1843246388933262,0.16974451960309886,-0.09253079365760325,0.09596982598304749,0.5879339575767517,-0.33279159665107727,1.4632530547416085,0.4483105197190544,0.24026080299347402,0.09862831433819197,-0.32191567204315386,0.004662317607686317,0.3098250278355588,-0.01830707637661579,-3.1202101707458496,-3.123318382484307,-0.0031082117384575447,0
1780805315.0354702,FLY,spline,1,107,-16.90460334863067,-0.22392207931768127,-1.8225091397647053,-16.885000228881836,-0.4541894495487213,-1.792578101158142,-0.01960311974883311,0.23026737023104005,-0.02993103860656321,0.23110029012748112,6.413967410826796,1.2,-1.185977776404472,0.16064972215342974,-0.08745502070624543,0.225343257188797,0.626774787902832,-0.32919302582740784,1.6216124628633166,0.5051028781456578,0.2417380051211624,0.11112263319204471,-0.35675474182992967,0.0029306834676716687,0.3085757541553177,-0.01835542397764002,-3.1213645935058594,-3.123318382484307,-0.001953788978447779,0
1780805315.046299,FLY,spline,1,107,-16.90460334863067,-0.22392207931768127,-1.8225091397647053,-16.88312530517578,-0.4497460722923279,-1.7948485612869263,-0.021478043454887796,0.22582399297464661,-0.02766057847777903,0.2268430782582164,6.415771216219578,1.2,-1.1865688616898133,0.15723656193880714,-0.0856212593799259,0.2702743411064148,0.6402329802513123,-0.32675638794898987,1.6328993939823828,0.5158539013520478,0.24113512856906397,0.11348785829745052,-0.35923786667612423,-0.002138691570475304,0.30513646429322655,-0.018403651003353835,-3.124744176864624,-3.123318382484307,0.0014257943803168693,0
1780805315.0568316,FLY,spline,1,107,-16.90460334863067,-0.22392207931768127,-1.8225091397647053,-16.88312530517578,-0.4497460722923279,-1.7948485612869263,-0.021478043454887796,0.22582399297464661,-0.02766057847777903,0.2268430782582164,6.415771216219578,1.2,-1.1865688616898133,0.15723656193880714,-0.0856212593799259,0.2702743411064148,0.6402329802513123,-0.32675638794898987,1.5818272926217893,0.5006217971740142,0.24113512856906397,0.11013679537828314,-0.3480020043767937,-0.004043417598917687,0.3036972158644084,-0.01845187802906765,-3.126013994216919,-3.123318382484307,0.002695611732611791,0
1780805315.06753,FLY,spline,1,107,-16.90460334863067,-0.22392207931768127,-1.8225091397647053,-16.880937576293945,-0.44520506262779236,-1.7970995903015137,-0.023665772336723734,0.2212829833101111,-0.025409549463191627,0.2225448886919593,6.41789130257625,1.2,-1.187156878639596,0.15374722823161147,-0.08378744124144034,0.3145059645175934,0.653461217880249,-0.3240273892879486,1.6179975751095692,0.516203249061139,0.24023994804650828,0.11356471479345058,-0.3559594665241052,-0.005959587719156945,0.30227890258613244,-0.018499926018676952,-3.127291440963745,-3.123318382484307,0.003973058479437963,0
1780805315.0783849,FLY,spline,1,107,-16.90460334863067,-0.22392207931768127,-1.8225091397647053,-16.869998931884766,-0.4271777272224426,-1.8054248094558716,-0.03460441674590342,0.20325564790476136,-0.017084330308833717,0.20618031929238176,6.428609269246843,1.2,-1.1893380693666584,0.1398796867930691,-0.0768676133222746,0.47496497631073,0.7012243270874023,-0.3101096749305725,1.8454857958798614,0.6037173069901556,0.2332420616082979,0.13281780753783423,-0.40600687509356953,-0.009242969181254113,0.3002100036618327,-0.01854657443099861,-3.1294803619384766,-3.123318382484307,0.006161979454169408,0
1780805315.0890396,FLY,spline,1,107,-16.90460334863067,-0.22392207931768127,-1.8225091397647053,-16.866405487060547,-0.42222654819488525,-1.8075487613677979,-0.03819786157012217,0.198304468877204,-0.014960378396907448,0.2019498427956808,6.432155043465648,1.2,-1.1898954715233523,0.13606693220159194,-0.07506368502456119,0.5153896808624268,0.7131912708282471,-0.3056245446205139,1.8576627658567075,0.6134809094232793,0.23056085959595274,0.13496580007312145,-0.40868580848847563,-0.012539225246622765,0.29761133251857647,-0.018592686602917803,-3.1316778659820557,-3.123318382484307,0.00835948349774851,0
1780805315.0994852,FLY,spline,1,107,-16.90460334863067,-0.22392207931768127,-1.8225091397647053,-16.866405487060547,-0.42222654819488525,-1.8075487613677979,-0.03819786157012217,0.198304468877204,-0.014960378396907448,0.2019498427956808,6.432155043465648,1.2,-1.1898954715233523,0.13606693220159194,-0.07506368502456119,0.5153896808624268,0.7131912708282471,-0.3056245446205139,1.813640928268609,0.5974932493685121,0.23056085959595274,0.13144851486107267,-0.39900100421909396,-0.012539225246622765,0.2975652203466573,-0.018638798774836995,-3.1316778659820557,-3.123318382484307,0.00835948349774851,0
1780805315.1103864,FLY,spline,1,107,-16.90460334863067,-0.22392207931768127,-1.8225091397647053,-16.850351333618164,-0.40269529819488525,-1.8152880668640137,-0.054252015012504984,0.178773218877204,-0.0072210729006916274,0.18682383392017665,6.448073015120406,1.2,-1.1919253688965499,0.12100577857248612,-0.06834849327446652,0.6617883443832397,0.7562457919120789,-0.28537529706954956,2.018521910271186,0.6849359352342396,0.21702680379508305,0.1506859057515327,-0.444074820259661,-0.01848621907444259,0.2931153437039348,-0.01868220413559601,-3.1356425285339355,-3.123318382484307,0.012324146049628393,0
1780805315.121257,FLY,spline,1,107,-16.90460334863067,-0.22392207931768127,-1.8225091397647053,-16.850351333618164,-0.40269529819488525,-1.8152880668640137,-0.054252015012504984,0.178773218877204,-0.0072210729006916274,0.18682383392017665,6.448073015120406,1.2,-1.1919253688965499,0.12100577857248612,-0.06834849327446652,0.6617883443832397,0.7562457919120789,-0.28537529706954956,1.9695570788360823,0.6686221295930683,0.21702680379508305,0.14709686851047504,-0.43330255734393813,-0.019938545849039757,0.29162394309198814,-0.018725609496355027,-3.136610746383667,-3.123318382484307,0.013292363899359838,0
1780805315.132093,FLY,spline,1,107,-16.90460334863067,-0.22392207931768127,-1.8225091397647053,-16.84550666809082,-0.3973730504512787,-1.8172314167022705,-0.059096680539848734,0.17345097113359742,-0.0052777230624347915,0.18324207223783784,6.452894432027528,1.2,-1.192433068094489,0.11689607041026749,-0.06662347061960179,0.6988924741744995,0.7670754194259644,-0.2799817621707916,1.995391718821932,0.6813502494544811,0.21335829155118985,0.14989705487998584,-0.438986178140825,-0.02137620988102218,0.29040139379161267,-0.018768281154665264,-3.1375691890716553,-3.123318382484307,0.01425080658734812,0
1780805315.142689,FLY,spline,1,107,-16.90460334863067,-0.22392207931768127,-1.8225091397647053,-16.840391159057617,-0.3919726610183716,-1.8191356658935547,-0.06421218957305186,0.16805058170069032,-0.003373473871150612,0.17990053724129326,6.457992217355916,1.2,-1.1929288647239904,0.11272388363114617,-0.06491571279315117,0.7677016854286194,0.7870473861694336,-0.26805469393730164,2.074805873208512,0.7113752463142846,0.20313898114415047,0.1565025541891426,-0.45645729210587266,-0.023888903286173546,0.2884735554454207,-0.018808908950894095,-3.139244318008423,-3.123318382484307,0.015925935524115697,0
1780805315.1533644,FLY,spline,1,107,-16.90460334863067,-0.22392207931768127,-1.8225091397647053,-16.82453155517578,-0.37620115280151367,-1.824316382408142,-0.0800717934548878,0.1522790734838324,0.0018072426434367905,0.17204769201641923,6.473833129418639,1.2,-1.1942668373159386,0.10052545332961388,-0.06017769121743502,0.8338151574134827,0.8060827255249023,-0.2553896903991699,2.1484349324115053,0.7504078081129626,0.1952119991817349,0.16508971778485176,-0.4726556851305312,-0.025152044918253624,0.2876353116809608,-0.018847951350730443,-3.1400864124298096,-3.123318382484307,0.016768029945502416,0
1780805315.1642628,FLY,spline,1,106,-16.74648327148859,-0.22212494370758445,-1.8087358599480199,-16.812265396118164,-0.3648046851158142,-1.827724575996399,0.06578212462957467,0.14267974140822975,0.01898871604837904,0.15711396032530084,6.486115547041067,1.2,-1.1951281789786556,0.09172185845078662,-0.057059061449484645,0.9275875091552734,0.8327828645706177,-0.23648898303508759,2.262901338426868,0.7961617273894398,0.17942992158560295,0.17515558002567674,-0.497838294453911,-0.026435493525782228,0.2860509490854815,-0.018883837335047563,3.141531467437744,-3.124030177391321,0.017623662350521485,0
1780805315.1748872,FLY,spline,1,106,-16.74648327148859,-0.22212494370758445,-1.8087358599480199,-16.812265396118164,-0.3648046851158142,-1.827724575996399,0.06578212462957467,0.14267974140822975,0.01898871604837904,0.15711396032530084,6.486115547041067,1.2,-1.1951281789786556,0.09172185845078662,-0.057059061449484645,0.9275875091552734,0.8327828645706177,-0.23648898303508759,2.219846179898473,0.7824729604922109,0.17942992158560295,0.17214405130828642,-0.48836615957766405,-0.028328775462427735,0.2836225236141873,-0.018919723319364683,3.1402692794799805,-3.124030177391321,0.018885850308285157,0
1780805315.1855004,FLY,spline,1,106,-16.74648327148859,-0.22212494370758445,-1.8087358599480199,-16.79425811767578,-0.3489746153354645,-1.8320555686950684,0.047774846187191855,0.12684967162788002,0.023319708747048473,0.1355480546533621,6.504185038113109,1.2,-1.1962020300587508,0.07943505370323511,-0.05282779123233878,0.9858319759368896,0.8491618633270264,-0.22432845830917358,2.284668903024553,0.8185367155836482,0.1715006670768348,0.1800780774284026,-0.5026271586654016,-0.02941453367165625,0.2828037844378477,-0.01895402345278005,3.139545440673828,-3.124030177391321,0.0196096891144375,0
1780805315.196035,FLY,spline,1,106,-16.74648327148859,-0.22212494370758445,-1.8087358599480199,-16.787187576293945,-0.343017578125,-1.8335692882537842,0.04070430480535592,0.12089263441741555,0.024833428305764293,0.1275612381802176,6.511290631233127,1.2,-1.1965663360355772,0.07480779136887002,-0.051310796299664396,1.016431212425232,0.8576943874359131,-0.21796271204948425,2.3023172332562094,0.828020358431505,0.16665191574981986,0.18216447885493112,-0.5065097913163661,-0.03047633081368506,0.28173673102810126,-0.018987353835930015,3.1388375759124756,-3.124030177391321,0.02031755387579004,0
1780805315.2066827,FLY,spline,1,106,-16.74648327148859,-0.22212494370758445,-1.8087358599480199,-16.77992057800293,-0.3370019495487213,-1.8350390195846558,0.03343730651434029,0.11487700584113686,0.026303159636635876,0.11964438949636767,6.518599333017638,1.2,-1.19691250085288,0.07013288092825103,-0.04981811231678785,1.0731306076049805,0.8733444809913635,-0.20518557727336884,2.364503337290564,0.8533904317213576,0.155367464956581,0.18774589497869867,-0.520190734203924,-0.033210038241663575,0.2786771148786411,-0.019018427328921332,3.1370151042938232,-3.124030177391321,0.022140025494442384,0
1780805315.217614,FLY,spline,1,106,-16.74648327148859,-0.22212494370758445,-1.8087358599480199,-16.765975952148438,-0.3257519602775574,-1.8376367092132568,0.019492680659848105,0.10362701656997292,0.02890084926523695,0.10544440792427191,6.532638672978571,1.2,-1.1975019725378042,0.061385420191895655,-0.04712595840862958,1.0995063781738281,0.8805463314056396,-0.19914540648460388,2.377133287658275,0.8697656889089606,0.1520194480759743,0.19134845155997132,-0.5229693232848205,-0.03484904676369727,0.2762862023560384,-0.019048831218536528,3.135922431945801,-3.124030177391321,0.023232697842464844,0
1780805315.2279425,FLY,spline,1,106,-16.74648327148859,-0.22212494370758445,-1.8087358599480199,-16.75015640258789,-0.3133593797683716,-1.8402684926986694,0.00367313109930123,0.09123443606078713,0.03153263275064955,0.09130834690981164,6.548587407872769,1.2,-1.1980645894159259,0.05174282445160862,-0.044316133692133663,1.154869556427002,0.8954864144325256,-0.18641330301761627,2.4409481012372147,0.8983266776984236,0.1420971693254826,0.19763186909365318,-0.5370085822721873,-0.03484904676369727,0.2770515652222126,-0.019077250652401623,3.135922431945801,-3.124030177391321,0.023232697842464844,0
1780805315.2387488,FLY,spline,1,106,-16.74648327148859,-0.22212494370758445,-1.8087358599480199,-16.741952896118164,-0.30708983540534973,-1.841518521308899,-0.0045303753704253324,0.08496489169776528,0.03278266136087904,0.08508558704157797,6.5568659569258,1.2,-1.1983152139760427,0.04686268853893525,-0.04294806603857308,1.2052189111709595,0.9088271260261536,-0.17336860299110413,2.493442229189433,0.9167826873752585,0.13042053695253103,0.20169219122255685,-0.5485572904216753,-0.03558325677804053,0.27668569456226005,-0.019103334759792128,3.1354329586029053,-3.124030177391321,0.023722171185360352,0
1780805315.24939,FLY,spline,1,106,-16.74648327148859,-0.22212494370758445,-1.8087358599480199,-16.726327896118164,-0.29539060592651367,-1.8437011241912842,-0.020155375370425332,0.07326566221892922,0.034965264243264293,0.07598747539365273,6.572648165962107,1.2,-1.1987221147080385,0.03775337278223754,-0.04049659928257537,1.2283251285552979,0.9148582220077515,-0.16668301820755005,2.501237297475079,0.9321786803688867,0.12618641892497467,0.2050793096811551,-0.5502722054445174,-0.037351368960657716,0.2735071883270737,-0.019128572043577124,3.134254217147827,-3.124030177391321,0.024900912640438477,0
1780805315.2604983,FLY,spline,1,106,-16.74648327148859,-0.22212494370758445,-1.8087358599480199,-16.699726104736328,-0.27607420086860657,-1.8468945026397705,-0.04675716675226127,0.05394925716102211,0.03815864269175062,0.07139156106238932,6.599557489746455,1.2,-1.1992227694021642,0.022707632679346064,-0.036730270425131384,1.3176140785217285,0.9375359416007996,-0.14209502935409546,2.6199034651706374,0.9833166817071749,0.10536475892896408,0.21632966997557848,-0.5763787623375403,-0.037874578532496095,0.27395883712699287,-0.019149644995362917,3.1339054107666016,-3.124030177391321,0.025249719021664063,0
1780805315.2713392,FLY,spline,1,106,-16.74648327148859,-0.22212494370758445,-1.8087358599480199,-16.699726104736328,-0.27607420086860657,-1.8468945026397705,-0.04675716675226127,0.05394925716102211,0.03815864269175062,0.07139156106238932,6.599557489746455,1.2,-1.1992227694021642,0.022707632679346064,-0.036730270425131384,1.3176140785217285,0.9375359416007996,-0.14209502935409546,2.586546491263373,0.9693803310238189,0.10536475892896408,0.21326367282524017,-0.5690402280779421,-0.03834664731911719,0.27276539249689047,-0.01917071794714871,3.1335906982421875,-3.124030177391321,0.025564431546078126,0
1780805315.2818694,FLY,spline,1,106,-16.74648327148859,-0.22212494370758445,-1.8087358599480199,-16.685741424560547,-0.26615235209465027,-1.8483740091323853,-0.06074184692804252,0.044027408387065814,0.03963814918436537,0.07501989507798063,6.613722683270797,1.2,-1.1993987133787656,0.014977755081003396,-0.034905489512325576,1.3345005512237549,0.9416842460632324,-0.13725446164608002,2.5897577318284886,0.9803931830209562,0.10234897213375443,0.21568650026461036,-0.5697467010022675,-0.039575814303675294,0.26904811984646965,-0.019191187741575463,3.1327712535858154,-3.124030177391321,0.026383876202450196,0
1780805315.292533,FLY,spline,1,106,-16.74648327148859,-0.22212494370758445,-1.8087358599480199,-16.666757583618164,-0.25296875834465027,-1.8501561880111694,-0.07972568787042533,0.030843814637065814,0.04142032806314955,0.08548406990649288,6.632969717600876,1.2,-1.1995477098505034,0.0047080885677410365,-0.0326056083281815,1.377474069595337,0.9520245790481567,-0.12546168267726898,2.639220640488279,1.0045653829502705,0.09285607434908749,0.22100438424905952,-0.5806285409074214,-0.039575814303675294,0.2697889804543732,-0.01920975895644528,3.1327712535858154,-3.124030177391321,0.026383876202450196,0
1780805315.303272,FLY,spline,1,105,-16.588325194808274,-0.22041218008663466,-1.7945591560046983,-16.637109756469727,-0.2328808605670929,-1.8525292873382568,0.04878456166145284,0.012468680480458239,0.05797013133355855,0.05035277002731682,6.6630685237746565,1.2,-1.199590426693784,-0.010925970826922614,-0.029384202322242144,1.4366179704666138,0.9655618071556091,-0.10711366683244705,2.7121508652970716,1.0421137986845521,0.0777294645102049,0.22926503571060147,-0.5966731903653557,-0.038758340798656477,0.26992373442637924,-0.01922530484934732,3.1326212882995605,-3.1247251250142547,0.025838893865770984,0
1780805315.3139083,FLY,spline,1,105,-16.588325194808274,-0.22041218008663466,-1.7945591560046983,-16.637109756469727,-0.2328808605670929,-1.8525292873382568,0.04878456166145284,0.012468680480458239,0.05797013133355855,0.05035277002731682,6.6630685237746565,1.2,-1.199590426693784,-0.010925970826922614,-0.029384202322242144,1.4366179704666138,0.9655618071556091,-0.10711366683244705,2.686520388221136,1.0299992371360123,0.0777294645102049,0.2265998321699227,-0.5910344854086499,-0.03903192611817552,0.2669466559148994,-0.01924085074224936,3.132438898086548,-3.1247251250142547,0.02602128407878368,0
1780805315.3245897,FLY,spline,1,105,-16.588325194808274,-0.22041218008663466,-1.7945591560046983,-16.616758346557617,-0.2193945199251175,-1.8538867235183716,0.028433151749343466,-0.0010176601615171643,0.059327567513673296,0.02845135762324063,6.683755960461391,1.2,-1.1994979737928961,-0.021431448300309887,-0.027300254403353184,1.4724485874176025,0.9732581377029419,-0.09511145204305649,2.725641008002895,1.0507743348438463,0.06781119763970331,0.2311703536656462,-0.5996410217606369,-0.03900796505097581,0.2668060458057083,-0.0192544129817773,3.1324548721313477,-3.1247251250142547,0.026005310033983875,0
1780805315.3350198,FLY,spline,1,105,-16.588325194808274,-0.22041218008663466,-1.7945591560046983,-16.616758346557617,-0.2193945199251175,-1.8538867235183716,0.028433151749343466,-0.0010176601615171643,0.059327567513673296,0.02845135762324063,6.683755960461391,1.2,-1.1994979737928961,-0.021431448300309887,-0.027300254403353184,1.4724485874176025,0.9732581377029419,-0.09511145204305649,2.7068233588212163,1.0411287521856094,0.06781119763970331,0.22904832548083406,-0.5955011389406676,-0.03893465133790208,0.26590122347473244,-0.01926797522130524,3.1325037479400635,-3.1247251250142547,0.025956434225268055,0
1780805315.345786,FLY,spline,1,105,-16.588325194808274,-0.22041218008663466,-1.7945591560046983,-16.576444625854492,-0.1932421773672104,-1.8560742139816284,-0.011880568953781534,-0.02717000271942427,0.06151505797693013,0.029653953639254917,6.724795263914317,1.2,-1.1990408546796183,-0.04178047007559081,-0.023567374258339824,1.5337750911712646,0.9851619601249695,-0.07401396334171295,2.7908905040328755,1.0860394891483165,0.05044658908337313,0.23892868761262964,-0.6,-0.03844112487916185,0.26493075645683345,-0.019278064539121915,3.1328327655792236,-3.1247251250142547,0.0256274165861079,1
1780805315.3565414,FLY,spline,1,105,-16.588325194808274,-0.22041218008663466,-1.7945591560046983,-16.576444625854492,-0.1932421773672104,-1.8560742139816284,-0.011880568953781534,-0.02717000271942427,0.06151505797693013,0.029653953639254917,6.724795263914317,1.2,-1.1990408546796183,-0.04178047007559081,-0.023567374258339824,1.5337750911712646,0.9851619601249695,-0.07401396334171295,2.7709389259679806,1.0749622821380422,0.05044658908337313,0.2364917020703693,-0.6,-0.03816074463013841,0.2641654553027191,-0.01928815385693859,3.1330196857452393,-3.1247251250142547,0.025440496420092273,1
1780805315.3672645,FLY,spline,1,105,-16.588325194808274,-0.22041218008663466,-1.7945591560046983,-16.535703659057617,-0.16747069358825684,-1.857666015625,-0.052621535750656534,-0.05294148649837782,0.06310685962030171,0.07464467172823218,6.766344524449319,1.2,-1.1982363850432372,-0.06179071510438439,-0.020284799368092465,1.5835397243499756,0.9929887056350708,-0.05359663441777229,2.835033482693906,1.1121424639930315,0.03331183504967983,0.24467134207846694,-0.6,-0.03782207103852464,0.26481519449774804,-0.019294816223948526,3.1332454681396484,-3.1247251250142547,0.025214714025683094,1
1780805315.3779216,FLY,spline,1,105,-16.588325194808274,-0.22041218008663466,-1.7945591560046983,-16.535703659057617,-0.16747069358825684,-1.857666015625,-0.052621535750656534,-0.05294148649837782,0.06310685962030171,0.07464467172823218,6.766344524449319,1.2,-1.1982363850432372,-0.06179071510438439,-0.020284799368092465,1.5835397243499756,0.9929887056350708,-0.05359663441777229,2.8169170325545805,1.1005299170911957,0.03331183504967983,0.24211658176006307,-0.6,-0.03709858986024095,0.26365331929829805,-0.019301478590958463,3.133727788925171,-3.1247251250142547,0.024732393240160633,1
1780805315.388581,FLY,spline,1,105,-16.588325194808274,-0.22041218008663466,-1.7945591560046983,-16.524608612060547,-0.16056640446186066,-1.8580029010772705,-0.06371658274772685,-0.059845775624774,0.06344374507257222,0.08741464280759097,6.777671490367941,1.2,-1.1979619947110265,-0.06714217701671098,-0.019467595985002598,1.5952003002166748,0.9944638013839722,-0.04828159138560295,2.822351757117969,1.1035033659549682,0.028813995400600353,0.242770740510093,-0.6,-0.03660935493592454,0.26339851150707877,-0.019307241390038584,3.134053945541382,-3.1247251250142547,0.024406236623949695,1
1780805315.399211,FLY,spline,1,105,-16.588325194808274,-0.22041218008663466,-1.7945591560046983,-16.513437271118164,-0.1536523401737213,-1.85830557346344,-0.07488792369010966,-0.06675983991291334,0.06374641745874166,0.1003248590321138,6.789081495444718,1.2,-1.197662511418549,-0.07249687194339666,-0.018673840018493912,1.6062458753585815,0.9956861734390259,-0.043405044823884964,2.8291274947031826,1.1057392822726397,0.024731204805391052,0.24326264209998075,-0.6,-0.03546637626771165,0.26261460186660956,-0.019312187630999664,3.1348159313201904,-3.1247251250142547,0.0236442508451411,1
1780805315.409722,FLY,spline,1,104,-16.430130276059,-0.21878121847664964,-1.7799913162689862,-16.484140396118164,-0.1356543004512787,-1.8589452505111694,0.05401012005916428,-0.08312691802537095,0.07895393424218322,0.0991321217830128,6.819029422928021,1.2,-1.1967686578497327,-0.0863883006831365,-0.016788123588699883,1.6316959857940674,0.997576117515564,-0.0314645953476429,2.859846638763118,1.1222272075784157,0.014676471758943016,0.24688998566725145,-0.6,-0.032637081661704315,0.26220215860934865,-0.019315122925351452,3.136023998260498,-3.125403254477952,0.02175805444113621,1
1780805315.4203167,FLY,spline,1,104,-16.430130276059,-0.21878121847664964,-1.7799913162689862,-16.472734451293945,-0.1287207007408142,-1.8591357469558716,0.04260417523494553,-0.09006051773583543,0.07914443068688537,0.09962937620148324,6.830697516466325,1.2,-1.1963801628284971,-0.09174482165631777,-0.01604349368774788,1.6403440237045288,0.9978384971618652,-0.027299221605062485,2.862368631374205,1.1230153097576947,0.011255727917314606,0.24706336814669283,-0.6,-0.031842074909690155,0.2620730164438828,-0.019317374070934916,3.136554002761841,-3.125403254477952,0.021228049939793436,1
1780805315.4310124,FLY,spline,1,104,-16.430130276059,-0.21878121847664964,-1.7799913162689862,-16.449804306030273,-0.11486327648162842,-1.8594286441802979,0.019674029971273654,-0.10391794199502122,0.07943732791131164,0.10576391692723548,6.854170277096749,1.2,-1.19553073498089,-0.10243319100009411,-0.014618587400677039,1.662182092666626,0.9969985485076904,-0.01535843312740326,2.8865194965597345,1.13319600324729,0.0007398457267262203,0.24930312071440383,-0.6,-0.031842074909690155,0.26291413904998456,-0.019317522040080262,3.136554002761841,-3.125403254477952,0.021228049939793436,1
1780805315.4421823,FLY,spline,1,104,-16.430130276059,-0.21878121847664964,-1.7799913162689862,-16.4150390625,-0.09410156309604645,-1.8596776723861694,-0.015091213558999783,-0.12467965538060319,0.07968635611718322,0.1255896540026658,6.8897943125053995,1.2,-1.1940781481454783,-0.11839865184645657,-0.012614886539595532,1.673371434211731,0.9950706362724304,-0.008421292528510094,2.892314541492107,1.148298797525702,-0.004193594011085438,0.2526257354556544,-0.6,-0.031000934162619842,0.26294594674111776,-0.019316683321278044,3.1371147632598877,-3.125403254477952,0.02066728944174656,1
1780805315.4530838,FLY,spline,1,104,-16.430130276059,-0.21878121847664964,-1.7799913162689862,-16.4150390625,-0.09410156309604645,-1.8596776723861694,-0.015091213558999783,-0.12467965538060319,0.07968635611718322,0.1255896540026658,6.8897943125053995,1.2,-1.1940781481454783,-0.11839865184645657,-0.012614886539595532,1.673371434211731,0.9950706362724304,-0.008421292528510094,2.8862324479487724,1.1343936210588803,-0.004193594011085438,0.24956659663295366,-0.6,-0.0272025685696633,0.26185915518872155,-0.019315844602475825,3.1396470069885254,-3.125403254477952,0.018135045713108866,1
1780805315.4634318,FLY,spline,1,104,-16.430130276059,-0.21878121847664964,-1.7799913162689862,-16.403398513793945,-0.08719726651906967,-1.859716773033142,-0.02673176226505447,-0.13158395195757996,0.07972545676415588,0.13427182700242857,6.901732473302942,1.2,-1.1935477384779678,-0.12369431445111231,-0.011979672224156841,1.6779736280441284,0.993687093257904,-0.005566454026848078,2.8864486989108813,1.136061456012325,-0.006413218197308763,0.2499335203227115,-0.6,-0.0272025685696633,0.2620380077672589,-0.019314561958836362,3.1396470069885254,-3.125403254477952,0.018135045713108866,1
1780805315.4741464,FLY,spline,1,104,-16.430130276059,-0.21878121847664964,-1.7799913162689862,-16.3585147857666,-0.060869138687849045,-1.859706997871399,-0.07161549029239822,-0.1579120797888006,0.07971568160241271,0.1733926278509127,6.947804927937729,1.2,-1.1913116132350823,-0.14381691887536918,-0.009660953183878619,1.6891813278198242,0.9857491850852966,0.0036671780981123447,2.898032264688297,1.1456059446437028,-0.013328131281990964,0.2520333078216146,-0.6,-0.024069653080740494,0.26217878692404656,-0.019311896332579962,-3.1414496898651123,-3.125403254477952,0.01604643538716033,1
1780805315.4846969,FLY,spline,1,104,-16.430130276059,-0.21878121847664964,-1.7799913162689862,-16.346757888793945,-0.05404296889901161,-1.8596678972244263,-0.08337238726505447,-0.16473824957763802,0.07967658095544006,0.184633815516493,6.959883772651293,1.2,-1.190677191860659,-0.14901447950607344,-0.009083483932365726,1.6904325485229492,0.9830010533332825,0.005780458450317383,2.8947119814704965,1.1422970621223845,-0.014863942382683109,0.2513053536669246,-0.6,-0.022881613301077408,0.2622283353863805,-0.019308923544103424,-3.140657663345337,-3.125403254477952,0.015254408867384939,1
1780805315.4952996,FLY,spline,1,104,-16.430130276059,-0.21878121847664964,-1.7799913162689862,-16.346757888793945,-0.05404296889901161,-1.8596678972244263,-0.08337238726505447,-0.16473824957763802,0.07967658095544006,0.184633815516493,6.959883772651293,1.2,-1.190677191860659,-0.14901447950607344,-0.009083483932365726,1.6904325485229492,0.9830010533332825,0.005780458450317383,2.8918852222509988,1.1360225473340448,-0.014863942382683109,0.24992496041348986,-0.6,-0.02164600901488356,0.262191592474893,-0.019305950755626886,-3.139833927154541,-3.125403254477952,0.01443067267658904,1
1780805315.5059333,FLY,spline,1,103,-16.271899672710028,-0.21722948889944727,-1.7650446290751294,-16.313827514648438,-0.03500976413488388,-1.8594872951507568,0.04192784193840993,-0.18221972476456338,0.09444266607562746,0.1869812076730855,6.993741346043671,1.2,-1.188796662297112,-0.16341681731188185,-0.007578887180916061,1.690136432647705,0.9737458825111389,0.010913772508502007,2.886752580855653,1.1390805856374635,-0.018492659689418066,0.25059772884024195,-0.6,-0.019375122090933727,0.26248262543436135,-0.019302252223689004,-3.138981342315674,-3.1260645942550513,0.012916748060622485,1
1780805315.5167212,FLY,spline,1,103,-16.271899672710028,-0.21722948889944727,-1.7650446290751294,-16.313827514648438,-0.03500976413488388,-1.8594872951507568,0.04192784193840993,-0.18221972476456338,0.09444266607562746,0.1869812076730855,6.993741346043671,1.2,-1.188796662297112,-0.16341681731188185,-0.007578887180916061,1.690136432647705,0.9737458825111389,0.010913772508502007,2.8871227294422948,1.1315956146997315,-0.018492659689418066,0.24895103523394094,-0.6,-0.01695684244310658,0.2625741352509431,-0.01929855369175112,-3.137369155883789,-3.1260645942550513,0.01130456162873772,1
1780805315.5273998,FLY,spline,1,103,-16.271899672710028,-0.21722948889944727,-1.7650446290751294,-16.290390014648438,-0.021562499925494194,-1.8593016862869263,0.018490341938409927,-0.19566698897395307,0.09425705721179689,0.19653870692342615,7.0178597480828575,1.2,-1.187360603173175,-0.17358880211349254,-0.00645955207709553,1.686576008796692,0.9657975435256958,0.014126262627542019,2.8802624376245953,1.1277492237344622,-0.02058581470463755,0.24810482922158167,-0.6,-0.014113700887320446,0.26298320022382377,-0.019294436528810195,-3.1354737281799316,-3.1260645942550513,0.009409133924880297,1
1780805315.538226,FLY,spline,1,103,-16.271899672710028,-0.21722948889944727,-1.7650446290751294,-16.278711318969727,-0.014882812276482582,-1.859194278717041,0.006811646259698989,-0.20234667662296468,0.09414964964191164,0.20246129522732467,7.029884537023631,1.2,-1.1866158458623617,-0.17862769830751976,-0.005914367735426023,1.6809372901916504,0.9577141404151917,0.016669124364852905,2.8731156814270786,1.1136486511308594,-0.022583492100278928,0.24500270324878906,-0.6,-0.010195529958365368,0.26367061059293834,-0.019289919830390138,-3.132861614227295,-3.1260645942550513,0.006797019972243579,1
1780805315.548752,FLY,spline,1,103,-16.271899672710028,-0.21722948889944727,-1.7650446290751294,-16.26038932800293,-0.0044531249441206455,-1.8590039014816284,-0.011510344707097886,-0.21277636395532662,0.09395927240649904,0.21308746817522103,7.048757221467965,1.2,-1.1854117334660832,-0.18647584729014827,-0.005077453924650537,1.677704095840454,0.9538582563400269,0.01771845854818821,2.86853421335506,1.1163358637118856,-0.022795912472838745,0.24559389001661483,-0.6,-0.008602297803519177,0.2639622462217801,-0.01928536064789557,-3.1317994594573975,-3.1260645942550513,0.005734865202346118,1
1780805315.5594392,FLY,spline,1,103,-16.271899672710028,-0.21722948889944727,-1.7650446290751294,-16.237226486206055,0.00869140587747097,-1.8587353229522705,-0.034673186503972886,-0.22592089477691824,0.09369069387714113,0.22856614044766702,7.0726319050535045,1.2,-1.183823132644656,-0.19633247620834382,-0.004043439290140288,1.6676148176193237,0.9432876110076904,0.019984181970357895,2.8527332101230995,1.1110451165518163,-0.024027621260498185,0.24442992564139956,-0.6,-0.006970441838858532,0.26437331668647324,-0.01928055512364347,-3.130711555480957,-3.1260645942550513,0.004646961225905688,1
1780805315.5700424,FLY,spline,1,103,-16.271899672710028,-0.21722948889944727,-1.7650446290751294,-16.237226486206055,0.00869140587747097,-1.8587353229522705,-0.034673186503972886,-0.22592089477691824,0.09369069387714113,0.22856614044766702,7.0726319050535045,1.2,-1.183823132644656,-0.19633247620834382,-0.004043439290140288,1.6676148176193237,0.9432876110076904,0.019984181970357895,2.859852078132736,1.100365827997398,-0.024027621260498185,0.24208048215942757,-0.6,-0.0017619495598057977,0.26556207526393494,-0.019275749599391368,-3.127239227294922,-3.1260645942550513,0.0011746330398705318,1
1780805315.5806136,FLY,spline,1,103,-16.271899672710028,-0.21722948889944727,-1.7650446290751294,-16.201913833618164,0.028593748807907104,-1.8582665920257568,-0.06998583909186351,-0.24582323770735437,0.09322196295062746,0.25559163106470967,7.109059535516184,1.2,-1.1812693317194685,-0.21117865341946834,-0.002518388171042309,1.6464887857437134,0.9248112440109253,0.02297297492623329,2.82545483254456,1.091268978473234,-0.0254913630972756,0.24007917526411146,-0.6,-1.1718770621227392e-05,0.26614731657981733,-0.01927065132677191,-3.126072406768799,-3.1260645942550513,7.812513747484928e-06,1
1780805315.5913572,FLY,spline,1,103,-16.271899672710028,-0.21722948889944727,-1.7650446290751294,-16.1905460357666,0.03497070074081421,-1.8581005334854126,-0.08135363694342601,-0.2522001896402615,0.09305590441028322,0.2649968865826665,7.120793958786393,1.2,-1.1804137294017982,-0.21591494459744223,-0.002040622263438844,1.638153076171875,0.9182407855987549,0.024024929851293564,2.817869933797192,1.0854368472618836,-0.026065552114732406,0.2387961063976144,-0.6,0.0017642612251063117,0.266700281747138,-0.019265438216348966,-3.1248884201049805,-3.1260645942550513,-0.0011761741500708744,1
1780805315.6020324,FLY,spline,1,102,-16.113634542230606,-0.21575442137684525,-1.7497313827573733,-16.150938034057617,0.05705077946186066,-1.8574559688568115,0.03730349182701076,-0.2728052008387059,0.10772458609943825,0.27534383615242697,7.161705984397873,1.2,-1.1773280836044329,-0.23216017139727865,-0.0004882346767997549,1.60288405418396,0.8928257822990417,0.02785896696150303,2.763329590199169,1.0689095842916303,-0.028347201638302785,0.23516010854415867,-0.6,0.0045375064517765296,0.2674308107572312,-0.019259768776021306,-3.1236841678619385,-3.126709172163123,-0.003025004301184353,1
1780805315.6127725,FLY,spline,1,102,-16.113634542230606,-0.21575442137684525,-1.7497313827573733,-16.150938034057617,0.05705077946186066,-1.8574559688568115,0.03730349182701076,-0.2728052008387059,0.10772458609943825,0.27534383615242697,7.161705984397873,1.2,-1.1773280836044329,-0.23216017139727865,-0.0004882346767997549,1.60288405418396,0.8928257822990417,0.02785896696150303,2.776302435494868,1.065550785045121,-0.028347201638302785,0.2344211727099266,-0.6,0.007343454709222819,0.2683361667879211,-0.019254099335693647,-3.1218135356903076,-3.126709172163123,-0.004895636472815212,1
1780805315.6234066,FLY,spline,1,102,-16.113634542230606,-0.21575442137684525,-1.7497313827573733,-16.12890625,0.06928710639476776,-1.8570458889007568,0.015271707769393572,-0.285041527771613,0.10731450614338356,0.28545034176292206,7.184483467372059,1.2,-1.1755189397875314,-0.24115358322485478,0.000414123907974388,1.5789388418197632,0.876911461353302,0.030164144933223724,2.7452321435885487,1.0496246335863166,-0.029750021025249335,0.23091741938898966,-0.6,0.011136455884149576,0.26977686839604764,-0.019248149331488596,-3.1192848682403564,-3.126709172163123,-0.007424303922766384,1
1780805315.6340637,FLY,spline,1,102,-16.113634542230606,-0.21575442137684525,-1.7497313827573733,-16.12890625,0.06928710639476776,-1.8570458889007568,0.015271707769393572,-0.285041527771613,0.10731450614338356,0.28545034176292206,7.184483467372059,1.2,-1.1755189397875314,-0.24115358322485478,0.000414123907974388,1.5789388418197632,0.876911461353302,0.030164144933223724,2.7566417368981453,1.0480560903965066,-0.029750021025249335,0.23057233988723144,-0.6,0.013087673535516764,0.2705046490463175,-0.019242199327283546,-3.1179840564727783,-3.126709172163123,-0.00872511569034451,1
1780805315.644529,FLY,spline,1,102,-16.113634542230606,-0.21575442137684525,-1.7497313827573733,-16.08785057067871,0.09205077588558197,-1.856166958808899,-0.02578397155189549,-0.3078051972624272,0.10643557605152565,0.30888323465470036,7.226969692053604,1.2,-1.1719848113365587,-0.2577743317567571,0.0019989706771651214,1.5248643159866333,0.8433752059936523,0.034775108098983765,2.6747518411355817,1.0144454292525147,-0.032776137421818646,0.22317799443555322,-0.588445405049828,0.018773599019220377,0.2730169933400551,-0.019235644099799182,-3.1141934394836426,-3.126709172163123,-0.012515732679480251,0
1780805315.6552985,FLY,spline,1,102,-16.113634542230606,-0.21575442137684525,-1.7497313827573733,-16.08785057067871,0.09205077588558197,-1.856166958808899,-0.02578397155189549,-0.3078051972624272,0.10643557605152565,0.30888323465470036,7.226969692053604,1.2,-1.1719848113365587,-0.2577743317567571,0.0019989706771651214,1.5248643159866333,0.8433752059936523,0.034775108098983765,2.691530377404109,1.0144534432530297,-0.032776137421818646,0.22317975751566652,-0.592136683028904,0.020844264378717448,0.2739054187766055,-0.01922908887231482,-3.1128129959106445,-3.126709172163123,-0.013896176252478298,0
1780805315.66588,FLY,spline,1,102,-16.113634542230606,-0.21575442137684525,-1.7497313827573733,-16.077383041381836,0.0978417918086052,-1.8559179306030273,-0.03625150084877049,-0.31359621318545045,0.10618654784565407,0.3156845834659065,7.2378100257301705,1.2,-1.171051395030488,-0.2619789222708149,0.0023821173291906253,1.508960485458374,0.8339607119560242,0.03600826486945152,2.676545926860083,1.005723161638834,-0.0336261475402609,0.2212590955605435,-0.5888401039092183,0.022954268803766276,0.27490590946937005,-0.01922236364280677,-3.1114063262939453,-3.126709172163123,-0.015302845869177517,0
1780805315.6765726,FLY,spline,1,102,-16.113634542230606,-0.21575442137684525,-1.7497313827573733,-16.03874969482422,0.11917968839406967,-1.8548924922943115,-0.07488484740638768,-0.3349341097709149,0.10516110953693825,0.34320343567498457,7.277847835463115,1.2,-1.1674944878821285,-0.27738577629900524,0.0037083516344654723,1.4417188167572021,0.7957330346107483,0.04070328176021576,2.5753006357673014,0.9687105156473496,-0.03699493012575029,0.2131163134424169,-0.5665661398688063,0.02679090057866862,0.27694233462691836,-0.01921496465678162,-3.1088485717773438,-3.126709172163123,-0.01786060038577908,0
1780805315.6872544,FLY,spline,1,102,-16.113634542230606,-0.21575442137684525,-1.7497313827573733,-16.028867721557617,0.12462890148162842,-1.8545995950698853,-0.08476682067298924,-0.34038332285847367,0.10486821231251198,0.3507794468995905,7.288096201336978,1.2,-1.1665569347989246,-0.2812983061656807,0.004022539105665671,1.4221693277359009,0.7849903702735901,0.041897766292095184,2.5652605796466066,0.9569505876198752,-0.037875227186429515,0.21052912927637255,-0.5643573275222534,0.031140370717218424,0.2791388532773646,-0.019207389611344335,-3.1059489250183105,-3.126709172163123,-0.020760247144812283,0
1780805315.698198,FLY,spline,1,101,-15.95533604209002,-0.2143534459306616,-1.7340638656499645,-16.019140243530273,0.12999999523162842,-1.8543016910552979,0.063804201440254,-0.34435344116229005,0.12023782540533334,0.3502146035814887,7.298187905044656,1.2,-1.1656487790739745,-0.28503564294699474,0.00419596152809226,1.3792784214019775,0.7618730664253235,0.0441017672419548,2.513413044866044,0.9297529627890272,-0.03990580571386254,0.20454565181358597,-0.5529508698705297,0.03424864514369408,0.280416778296772,-0.01919940845020156,-3.1045045852661133,-3.1273370153619093,-0.022832430095796052,0
1780805315.7093046,FLY,spline,1,101,-15.95533604209002,-0.2143534459306616,-1.7340638656499645,-16.019140243530273,0.12999999523162842,-1.8543016910552979,0.063804201440254,-0.34435344116229005,0.12023782540533334,0.3502146035814887,7.298187905044656,1.2,-1.1656487790739745,-0.28503564294699474,0.00419596152809226,1.3792784214019775,0.7618730664253235,0.0441017672419548,2.5368135713006876,0.9286918384663535,-0.03990580571386254,0.20431220446259776,-0.5580989856861512,0.038793737726396715,0.28288476972610227,-0.019191427289058788,-3.1014745235443115,-3.1273370153619093,-0.02586249181759781,0
1780805315.7199287,FLY,spline,1,101,-15.95533604209002,-0.2143534459306616,-1.7340638656499645,-15.980507850646973,0.15135741233825684,-1.853002905845642,0.025171808556953224,-0.36571085826891847,0.11893904019567758,0.36657612006487394,7.33829861419499,1.2,-1.161816499198127,-0.30025557881244014,0.005386054494272067,1.2910577058792114,0.7158576846122742,0.04707827419042587,2.403329379888631,0.8865980318617744,-0.041692219696153804,0.19505156700959037,-0.5287324635754989,0.04089086754817406,0.2842342420083032,-0.01918308884511956,-3.10007643699646,-3.1273370153619093,-0.027260578365449373,0
1780805315.7302384,FLY,spline,1,101,-15.95533604209002,-0.2143534459306616,-1.7340638656499645,-15.980507850646973,0.15135741233825684,-1.853002905845642,0.025171808556953224,-0.36571085826891847,0.11893904019567758,0.36657612006487394,7.33829861419499,1.2,-1.161816499198127,-0.30025557881244014,0.005386054494272067,1.2910577058792114,0.7158576846122742,0.04707827419042587,2.431454417802427,0.8912627273584621,-0.041692219696153804,0.19607780001886166,-0.534919971916534,0.04298012955684105,0.2854732054471682,-0.01917475040118033,-3.0986835956573486,-3.1273370153619093,-0.0286534197045607,0
1780805315.740889,FLY,spline,1,101,-15.95533604209002,-0.2143534459306616,-1.7340638656499645,-15.949921607971191,0.16834960877895355,-1.85183584690094,-0.0054144341188280265,-0.3827030547096152,0.11777198125097543,0.38274135415564625,7.370095286928305,1.2,-1.1586431875515735,-0.3122616390871881,0.006215520486025125,1.2203097343444824,0.680073618888855,0.0483832024037838,2.3334996418305676,0.8557513354319555,-0.04216768191775867,0.1882652937950302,-0.5133699212027248,0.04824441178340355,0.2887740505669702,-0.01916631686479678,-3.0951740741729736,-3.1273370153619093,-0.0321629411889357,0
1780805315.751501,FLY,spline,1,101,-15.95533604209002,-0.2143534459306616,-1.7340638656499645,-15.94163990020752,0.1729785054922104,-1.8514989614486694,-0.013696141882499901,-0.387331951422872,0.11743509579870492,0.3875740250526545,7.3787120286561025,1.2,-1.1577599922423563,-0.31551631159333915,0.006423198698039987,1.1931722164154053,0.6665533185005188,0.0487026683986187,2.3169720341329154,0.8425599777887309,-0.04227946970057871,0.1853631951135208,-0.5097338475092414,0.05239146454829613,0.29152861986791373,-0.01915786097085666,-3.092409372329712,-3.1273370153619093,-0.03492764303219742,0
1780805315.7622356,FLY,spline,1,101,-15.95533604209002,-0.2143534459306616,-1.7340638656499645,-15.933554649353027,0.17750975489616394,-1.851162075996399,-0.02178139273699209,-0.3918632008268256,0.11709821034643442,0.3924680843480246,7.387127433965481,1.2,-1.1568877580688512,-0.3186956194161104,0.00661947093114541,1.1361448764801025,0.6384607553482056,0.048741962760686874,2.246304796258437,0.8141240800824665,-0.04212249182954146,0.17910729761814262,-0.4941870551768561,0.05239146454829613,0.29152448613659665,-0.019149436472490754,-3.092409372329712,-3.1273370153619093,-0.03492764303219742,0
1780805315.772938,FLY,spline,1,101,-15.95533604209002,-0.2143534459306616,-1.7340638656499645,-15.933554649353027,0.17750975489616394,-1.851162075996399,-0.02178139273699209,-0.3918632008268256,0.11709821034643442,0.3924680843480246,7.387127433965481,1.2,-1.1568877580688512,-0.3186956194161104,0.00661947093114541,1.1361448764801025,0.6384607553482056,0.048741962760686874,2.276908812047869,0.8136896385317882,-0.04212249182954146,0.1790117204769934,-0.5009199386505312,0.05844145520228783,0.2958495452074659,-0.019141011974124846,-3.088376045227051,-3.1273370153619093,-0.03896097013485855,0
1780805315.7836885,FLY,spline,1,101,-15.95533604209002,-0.2143534459306616,-1.7340638656499645,-15.903124809265137,0.19469726085662842,-1.849819302558899,-0.052211232824882714,-0.40905070678729005,0.11575543690893442,0.412369365443501,7.418829345468369,1.2,-1.1535111437075771,-0.33069439612075413,0.007297788484682707,1.0444700717926025,0.5940583944320679,0.04748457297682762,2.1424194342506673,0.7732891586937866,-0.04018678449214491,0.17012361491263303,-0.4713322755351468,0.06037443383235375,0.29717699474050563,-0.019132974617226416,-3.087087392807007,-3.1273370153619093,-0.0402496225549025,0
1780805315.7943661,FLY,spline,1,101,-15.95533604209002,-0.2143534459306616,-1.7340638656499645,-15.896093368530273,0.19871093332767487,-1.8494970798492432,-0.059242673559745995,-0.4130643792583365,0.11543321419927866,0.4172911163475464,7.4261623686795115,1.2,-1.1527072477444105,-0.3334824990473263,0.00744471803741901,0.9835274815559387,0.5649799108505249,0.04588383063673973,2.0732334355218116,0.7431277339791071,-0.03843911259932072,0.16348810147540357,-0.45611135581479856,0.062289173441118395,0.29855019907227703,-0.019125286794706552,-3.085810899734497,-3.1273370153619093,-0.04152611562741226,0
1780805315.8059,FLY,spline,1,101,-15.95533604209002,-0.2143534459306616,-1.7340638656499645,-15.896093368530273,0.19871093332767487,-1.8494970798492432,-0.059242673559745995,-0.4130643792583365,0.11543321419927866,0.4172911163475464,7.4261623686795115,1.2,-1.1527072477444105,-0.3334824990473263,0.00744471803741901,0.9835274815559387,0.5649799108505249,0.04588383063673973,2.108734545612236,0.746356762518398,-0.03843911259932072,0.16419848775404755,-0.4639216000346919,0.06742935879725853,0.3028347629129388,-0.01911759897218669,-3.0823841094970703,-3.1273370153619093,-0.04495290586483902,0
1780805315.8166573,FLY,spline,1,101,-15.95533604209002,-0.2143534459306616,-1.7340638656499645,-15.8843355178833,0.2054785043001175,-1.8489452600479126,-0.07100052420671865,-0.4198319502307791,0.11488139439794809,0.42579330768837625,7.4384327197042746,1.2,-1.1513386857909955,-0.3381719231102279,0.007679910220417964,0.9541551470756531,0.5510759353637695,0.04506203904747963,2.0827074187923325,0.7393462863395776,-0.03738212882706166,0.16265618299470705,-0.45819563213431314,0.0691870997716848,0.3043308279331863,-0.019110122546421277,-3.081212282180786,-3.1273370153619093,-0.0461247331811232,0
1780805315.8272312,FLY,spline,1,101,-15.95533604209002,-0.2143534459306616,-1.7340638656499645,-15.871796607971191,0.21279296278953552,-1.8483397960662842,-0.08353943411882803,-0.42714640872019716,0.11427593041631967,0.4352388901918758,7.451531272606425,1.2,-1.1498411365518744,-0.3432239533774338,0.007916976762573464,0.8614295125007629,0.5075734853744507,0.04212461784482002,1.9510869371762023,0.6911737051061316,-0.03420764108224656,0.15205821512334897,-0.42923912617876453,0.07090156777400414,0.30566753902037785,-0.019103281018204826,-3.0800693035125732,-3.1273370153619093,-0.04726771184933609,0
1780805315.8382444,FLY,spline,1,100,-15.797005329757521,-0.21302399258271398,-1.718054366087148,-15.85531234741211,0.2226269543170929,-1.8475244045257568,0.05830701765458812,-0.4356509468998069,0.12947003843860894,0.4395355000935315,7.46877760466352,1.2,-1.1478414599987625,-0.34984934779605015,0.0080880501103713,0.7776823043823242,0.4687437415122986,0.03871431574225426,1.8445641970108297,0.6557518237252745,-0.030626265631882955,0.14426540121956039,-0.40580412334238253,0.07404164271656022,0.30748405112705307,-0.01909715576507845,-3.078587055206299,-3.1279481503506723,-0.04936109514437348,0
1780805315.84891,FLY,spline,1,100,-15.797005329757521,-0.21302399258271398,-1.718054366087148,-15.850194931030273,0.22576171159744263,-1.847265601158142,0.053189601272752185,-0.4387857041801566,0.1292112350709942,0.44199776908535443,7.474140437548813,1.2,-1.1471827213258023,-0.3520011181575149,0.008186373274277934,0.7392828464508057,0.4510568380355835,0.03691963478922844,1.8211404100254824,0.6414873269756043,-0.028733261514950505,0.14112721193463296,-0.4006508902056061,0.07848016219440446,0.31172276516500536,-0.01909140911277546,-3.0756280422210693,-3.1279481503506723,-0.05232010812960297,0
1780805315.8594978,FLY,spline,1,100,-15.797005329757521,-0.21302399258271398,-1.718054366087148,-15.850194931030273,0.22576171159744263,-1.847265601158142,0.053189601272752185,-0.4387857041801566,0.1292112350709942,0.44199776908535443,7.474140437548813,1.2,-1.1471827213258023,-0.3520011181575149,0.008186373274277934,0.7392828464508057,0.4510568380355835,0.03691963478922844,1.8560618618101346,0.6502081140696878,-0.028733261514950505,0.1430457850953313,-0.4083336095982296,0.08003334002796159,0.31340092197632174,-0.01908566246047247,-3.0745925903320312,-3.1279481503506723,-0.05335556001864106,0
1780805315.8702092,FLY,spline,1,100,-15.797005329757521,-0.21302399258271398,-1.718054366087148,-15.838046073913574,0.23338866233825684,-1.8466601371765137,0.041040744156052966,-0.4464126549209708,0.12860577108936577,0.44829521651973087,7.486891424923568,1.2,-1.145565328865518,-0.35722413355846266,0.008425894886761837,0.6345232725143433,0.4031631052494049,0.03134763985872269,1.706573222291651,0.5982823308446672,-0.02292174497196085,0.13162211278582678,-0.37544610890416324,0.08234182792011246,0.31562913092390177,-0.019081078111478078,-3.0730535984039307,-3.1279481503506723,-0.05489455194674164,0
1780805315.8808327,FLY,spline,1,100,-15.797005329757521,-0.21302399258271398,-1.718054366087148,-15.826601028442383,0.2409960925579071,-1.8461180925369263,0.02959569868486156,-0.4540200851406211,0.12806372644977837,0.45498367343426943,7.498944938787082,1.2,-1.143930814413306,-0.3624183898915348,0.008671937738317105,0.5074760317802429,0.3456360101699829,0.022914361208677292,1.5327839701465829,0.5377283927058074,-0.014242423470360187,0.11830024639527763,-0.33721247343224825,0.08492747741046891,0.31827264734450267,-0.019078229626784005,-3.0713298320770264,-3.1279481503506723,-0.05661831827364594,0
1780805315.8916426,FLY,spline,1,100,-15.797005329757521,-0.21302399258271398,-1.718054366087148,-15.826601028442383,0.2409960925579071,-1.8461180925369263,0.02959569868486156,-0.4540200851406211,0.12806372644977837,0.45498367343426943,7.498944938787082,1.2,-1.143930814413306,-0.3624183898915348,0.008671937738317105,0.5074760317802429,0.3456360101699829,0.022914361208677292,1.5824995466026766,0.5522662417339987,-0.014242423470360187,0.12149857318147972,-0.34814990025258885,0.0861169477016066,0.319950560429534,-0.019075381142089932,-3.0705368518829346,-3.1279481503506723,-0.05741129846773774,0
1780805315.9023948,FLY,spline,1,100,-15.797005329757521,-0.21302399258271398,-1.718054366087148,-15.818632125854492,0.24677734076976776,-1.845800757408142,0.021626796096970935,-0.45980133335248174,0.1277463913209942,0.4603096614911966,7.507382292835854,1.2,-1.1426737424592257,-0.366357372773137,0.008887840513386343,0.3874693512916565,0.29177990555763245,0.014168323948979378,1.4186994079589283,0.49483040593577376,-0.005280483435593035,0.10886268930587023,-0.3121138697509642,0.08883742289844498,0.32366724505709854,-0.019074325045402813,-3.068723201751709,-3.1279481503506723,-0.05922494859896332,0
1780805315.9131386,FLY,spline,1,100,-15.797005329757521,-0.21302399258271398,-1.718054366087148,-15.818632125854492,0.24677734076976776,-1.845800757408142,0.021626796096970935,-0.45980133335248174,0.1277463913209942,0.4603096614911966,7.507382292835854,1.2,-1.1426737424592257,-0.366357372773137,0.008887840513386343,0.3874693512916565,0.29177990555763245,0.014168323948979378,1.4655663195647017,0.5090802398763483,-0.005280483435593035,0.11199765277279664,-0.32242459030423437,0.08965388732257829,0.32527771399490474,-0.019073268948715694,-3.06817889213562,-3.1279481503506723,-0.05976925821505219,0
1780805315.9239075,FLY,spline,1,100,-15.797005329757521,-0.21302399258271398,-1.718054366087148,-15.814218521118164,0.2504003942012787,-1.8456835746765137,0.01721319136064281,-0.46342438678399267,0.12762920858936577,0.4637439554570364,7.512092910926912,1.2,-1.141878616225653,-0.3688242165072918,0.009051139396248777,0.294332355260849,0.25023460388183594,0.0065650176256895065,1.3439197142498231,0.46766590928187374,0.00248612177055927,0.10288650004201222,-0.2956623371349611,0.0903194327861403,0.32621826081791455,-0.019073766173069804,-3.067735195159912,-3.1279481503506723,-0.0602129551907602,0
1780805315.9344158,FLY,spline,1,100,-15.797005329757521,-0.21302399258271398,-1.718054366087148,-15.8101167678833,0.2547363340854645,-1.84573233127594,0.013111438125779529,-0.46776032666817846,0.12767796518879204,0.4679440490212982,7.516555284893004,1.2,-1.1409177877338854,-0.37177912885322273,0.009320996811286664,0.14779691398143768,0.18523553013801575,-0.006903929635882378,1.1416094356708368,0.3987725928278209,0.016224926447169042,0.08772997042212059,-0.2511540758475841,0.09087840514484391,0.3266510976851985,-0.019077011158359237,-3.0673625469207764,-3.1279481503506723,-0.06058560342989594,0
1780805315.9454033,FLY,spline,1,100,-15.797005329757521,-0.21302399258271398,-1.718054366087148,-15.8101167678833,0.2547363340854645,-1.84573233127594,0.013111438125779529,-0.46776032666817846,0.12767796518879204,0.4679440490212982,7.516555284893004,1.2,-1.1409177877338854,-0.37177912885322273,0.009320996811286664,0.14779691398143768,0.18523553013801575,-0.006903929635882378,1.197293032232656,0.41646988709593113,0.016224926447169042,0.09162337516110484,-0.2634044670911843,0.09168414073291764,0.3296527630177742,-0.01908025614364867,-3.0668253898620605,-3.1279481503506723,-0.06112276048861176,0
1780805315.9563386,FLY,spline,1,100,-15.797005329757521,-0.21302399258271398,-1.718054366087148,-15.809453010559082,0.2558691203594208,-1.8458154201507568,0.012447680801560779,-0.46889311294213476,0.12776105406360894,0.46905830780607977,7.517314730896199,1.2,-1.1406644913665287,-0.37255303213577734,0.009421060554773094,0.09772199392318726,0.16311107575893402,-0.011738170869648457,1.1534062518401147,0.4008444902736262,0.02115923142442155,0.08818578786019776,-0.25374937540482523,0.09219447570148454,0.332170348414386,-0.019084487989933552,-3.0664851665496826,-3.1279481503506723,-0.06146298380098969,0
1780805315.9668257,FLY,spline,1,100,-15.797005329757521,-0.21302399258271398,-1.718054366087148,-15.8091402053833,0.2568456828594208,-1.8459326028823853,0.012134875625779529,-0.46986967544213476,0.12787823679523735,0.4700263472472051,7.517710869037894,1.2,-1.140444980188936,-0.37322176818869846,0.009526747186658649,0.047017306089401245,0.1407497525215149,-0.01661444641649723,1.1060858527947863,0.38438311375779755,0.02614119360315588,0.08456428502671547,-0.243338887614853,0.0923035522014235,0.33317241825929755,-0.019089716228654182,-3.0664124488830566,-3.1279481503506723,-0.06153570146761567,0
1780805315.9773083,FLY,spline,1,100,-15.797005329757521,-0.21302399258271398,-1.718054366087148,-15.809882164001465,0.2586621046066284,-1.8463866710662842,0.012876834243943591,-0.4716860971893424,0.12833230497913628,0.47186183056257025,7.5171279110739695,1.2,-1.1400316898575462,-0.3744745795671835,0.009825241906884281,-0.08614781498908997,0.08219626545906067,-0.030156506225466728,0.9210783467302228,0.3206621031158521,0.03998174813235101,0.07054566268548745,-0.20263723628064903,0.09236184554401383,0.3356016180934971,-0.019097712578280652,-3.066373586654663,-3.1279481503506723,-0.06157456369600922,0
1780805315.9878948,FLY,spline,1,100,-15.797005329757521,-0.21302399258271398,-1.718054366087148,-15.810858726501465,0.25907227396965027,-1.8466356992721558,0.013853396743943591,-0.47209626655236425,0.12858133318500786,0.4722994828432761,7.516189566310788,1.2,-1.1399356581242521,-0.3747633399251466,0.00995662518011406,-0.13938245177268982,0.05884737893939018,-0.03578418493270874,0.8824546351329206,0.3069566518062712,0.0457408101128228,0.06753046339737966,-0.19414001972924252,0.09233108954730973,0.3365094715201427,-0.019106860740303218,-3.066394090652466,-3.1279481503506723,-0.06155405969820649,0
1780805315.998594,FLY,spline,1,100,-15.797005329757521,-0.21302399258271398,-1.718054366087148,-15.812187194824219,0.25931641459465027,-1.846923828125,0.015181865066697497,-0.47234040717736425,0.1288694620378521,0.47258433033627095,7.51488591909569,1.2,-1.13987610238721,-0.37494068002634673,0.010097408970794091,-0.19321759045124054,0.03526708483695984,-0.041485607624053955,0.8380078172070045,0.29117393626155486,0.05158301659484805,0.06405826597754206,-0.18436171978554097,0.09233108954730973,0.33603177839826176,-0.01911717734362219,-3.066394090652466,-3.1279481503506723,-0.06155405969820649,0
1780805316.0091872,FLY,spline,1,100,-15.797005329757521,-0.21302399258271398,-1.718054366087148,-15.82152271270752,0.25859373807907104,-1.8485107421875,0.02451738294999828,-0.47161773066178503,0.1304563761003521,0.472254577469916,7.505513810217711,1.2,-1.1400102502876948,-0.37451419344338055,0.01075863134612773,-0.417097806930542,-0.06252875179052353,-0.06569123268127441,0.5101376192952568,0.17573104221630853,0.07644986402740214,0.03866082928758788,-0.1122302762449565,0.09131041961017594,0.337768752689383,-0.01913246731642767,-3.0670745372772217,-3.1279481503506723,-0.06087361307345063,0
1780805316.0200603,FLY,spline,1,100,-15.797005329757521,-0.21302399258271398,-1.718054366087148,-15.82152271270752,0.25859373807907104,-1.8485107421875,0.02451738294999828,-0.47161773066178503,0.1304563761003521,0.472254577469916,7.505513810217711,1.2,-1.1400102502876948,-0.37451419344338055,0.01075863134612773,-0.417097806930542,-0.06252875179052353,-0.06569123268127441,0.5801800106789097,0.2006540713525095,0.07644986402740214,0.044143895697552095,-0.12763960234936014,0.09014061885181412,0.3399592441828903,-0.01914775728923315,-3.067854404449463,-3.1279481503506723,-0.06009374590120942,0
1780805316.0306785,FLY,spline,1,100,-15.797005329757521,-0.21302399258271398,-1.718054366087148,-15.824804306030273,0.2579882740974426,-1.8490087985992432,0.027798976272752185,-0.4710122666801566,0.13095443251209526,0.4718318963836506,7.502188944826716,1.2,-1.140136904992195,-0.37412299429113194,0.01094637005842556,-0.4735497236251831,-0.08713912963867188,-0.07168350368738174,0.5363790922193001,0.18486944011937131,0.0826298737458073,0.04067127682626169,-0.11800340028824603,0.08929554419818864,0.34040850669923756,-0.01916428326398231,-3.06841778755188,-3.1279481503506723,-0.059530362798792424,0
1780805316.0412917,FLY,spline,1,100,-15.797005329757521,-0.21302399258271398,-1.718054366087148,-15.828475952148438,0.2572070360183716,-1.849550724029541,0.03147062239091625,-0.47023102860108557,0.13149635794239312,0.47128295145581767,7.4984599242541625,1.2,-1.1403019366557008,-0.3736138138652398,0.011145014505512009,-0.5772952437400818,-0.13232840597629547,-0.08267499506473541,0.4104152860358635,0.14030073226387735,0.09382000957024741,0.030866161098053017,-0.09029136292788997,0.08764008479419694,0.3409074334516569,-0.01918304726589636,-3.069521427154541,-3.1279481503506723,-0.05842672319613129,0
1780805316.0519173,FLY,spline,1,100,-15.797005329757521,-0.21302399258271398,-1.718054366087148,-15.845194816589355,0.2529296875,-1.851870059967041,0.048189486831834216,-0.465953680082714,0.13381569387989312,0.4684389593359414,7.4814185485714,1.2,-1.1412127812150672,-0.3707975830196735,0.011939029195845725,-0.7406291961669922,-0.20340654253959656,-0.10027644038200378,0.1931601174720992,0.059330663575193544,0.1122154695778495,0.01305274598654258,-0.042495225843861825,0.08534590201679215,0.3409715158875193,-0.01920549035981193,-3.0710508823394775,-3.1279481503506723,-0.05689726801119477,0
1780805316.0626712,FLY,spline,1,100,-15.797005329757521,-0.21302399258271398,-1.718054366087148,-15.845194816589355,0.2529296875,-1.851870059967041,0.048189486831834216,-0.465953680082714,0.13381569387989312,0.4684389593359414,7.4814185485714,1.2,-1.1412127812150672,-0.3707975830196735,0.011939029195845725,-0.7406291961669922,-0.20340654253959656,-0.10027644038200378,0.2586277585731228,0.08315355054782111,0.1122154695778495,0.018293781120520644,-0.05689810688608702,0.08534590201679215,0.34094907279360376,-0.0192279334537275,-3.0710508823394775,-3.1279481503506723,-0.05689726801119477,0
1780805316.0730774,FLY,spline,1,100,-15.797005329757521,-0.21302399258271398,-1.718054366087148,-15.850741386413574,0.2513378858566284,-1.8526122570037842,0.053736056656052966,-0.4643618784393424,0.13455789091663628,0.467460712715686,7.475750452683696,1.2,-1.141552384722212,-0.3697428078894215,0.012182321169503081,-0.8575109839439392,-0.2542327344417572,-0.11290046572685242,0.11257526373657803,0.03026363959188545,0.1250827868963555,0.006658000710214799,-0.024766558022047167,0.08408919768634782,0.3406003212339913,-0.01925295001110677,-3.0718886852264404,-3.1279481503506723,-0.05605946512423188,0
1780805316.0837166,FLY,spline,1,100,-15.797005329757521,-0.21302399258271398,-1.718054366087148,-15.862929344177246,0.24766601622104645,-1.8542089462280273,0.06592401441972484,-0.46069000880376043,0.13615458014087944,0.46538291748711724,7.4632813333094115,1.2,-1.1423345694465221,-0.367301853241029,0.012691731683830325,-0.9160272479057312,-0.2796715795993805,-0.11918643862009048,0.07094069191617348,0.011896659252141114,0.13187817030392082,0.002617265035471045,-0.015606952221558166,0.08104971843067155,0.3410649597968391,-0.019279325645167555,-3.0739150047302246,-3.1279481503506723,-0.0540331456204477,0
1780805316.094364,FLY,spline,1,101,-15.95533604209002,-0.2143534459306616,-1.7340638656499645,-15.876874923706055,0.2432519495487213,-1.855996012687683,-0.07846111838396475,-0.45760539547938295,0.1219321470377186,0.4642831518264528,7.448997371029397,1.2,-1.1432184033043111,-0.36451551249450653,0.013421009545064314,-1.0344418287277222,-0.33114227652549744,-0.1318303495645523,-0.0742156683459094,-0.04410005105958558,0.14525135910961662,-0.009702011233108827,0.016327447036100066,0.07670300705928246,0.34073175167665115,-0.019308375916989477,-3.0762016773223877,-3.1273370153619093,-0.05113533803952164,0
1780805316.1051617,FLY,spline,1,101,-15.95533604209002,-0.2143534459306616,-1.7340638656499645,-15.89925765991211,0.23583984375,-1.8587987422943115,-0.05607838217791006,-0.45019328968066163,0.12473487664434701,0.4536725504382956,7.4260474710848845,1.2,-1.1447782508972613,-0.3595523934070213,0.014311976379580354,-1.2015690803527832,-0.40377500653266907,-0.14935269951820374,-0.29103319553710494,-0.1299367189095811,0.16366467589778408,-0.028586078160107845,0.06402730301816309,0.07491451008815209,0.33954521682892325,-0.019341108852169032,-3.0773940086364746,-3.1273370153619093,-0.049943006725434724,0
1780805316.115703,FLY,spline,1,101,-15.95533604209002,-0.2143534459306616,-1.7340638656499645,-15.917186737060547,0.22968749701976776,-1.861000895500183,-0.03814930502947256,-0.4440409429504294,0.1269370298502186,0.44567670849006485,7.407649589804473,1.2,-1.1460613827326864,-0.3554130847983135,0.014994871222834032,-1.320416808128357,-0.4554232954978943,-0.16154029965400696,-0.41437086684996016,-0.18159646651012776,0.17653517087684098,-0.039951222632228105,0.09116159070699123,0.06954043610591332,0.3390761258414516,-0.0193764158863444,-3.080976724624634,-3.1273370153619093,-0.046360290737275545,0
1780805316.1263208,FLY,spline,1,101,-15.95533604209002,-0.2143534459306616,-1.7340638656499645,-15.917186737060547,0.22968749701976776,-1.861000895500183,-0.03814930502947256,-0.4440409429504294,0.1269370298502186,0.44567670849006485,7.407649589804473,1.2,-1.1460613827326864,-0.3554130847983135,0.014994871222834032,-1.320416808128357,-0.4554232954978943,-0.16154029965400696,-0.3438614733728548,-0.15440166634514546,0.17653517087684098,-0.033968366595932005,0.07564952414202805,0.06733887894648949,0.33902345205776746,-0.01941172292051977,-3.082444429397583,-3.1273370153619093,-0.044892585964326326,0
1780805316.1370633,FLY,spline,1,101,-15.95533604209002,-0.2143534459306616,-1.7340638656499645,-15.944804191589355,0.219970703125,-1.8643310070037842,-0.010531850500663964,-0.43432414905566163,0.13026714135381967,0.4344518227926923,7.379296885689612,1.2,-1.1480645124647404,-0.3488435157270113,0.01600239839261652,-1.4849189519882202,-0.5269138813018799,-0.17800530791282654,-0.5604695278290864,-0.24687345544780853,0.19400770630544306,-0.054312160198517874,0.12330329612239901,0.06031971676844994,0.3368048052918191,-0.01945052446178086,-3.0871238708496094,-3.1273370153619093,-0.04021314451229996,0
1780805316.1477883,FLY,spline,1,101,-15.95533604209002,-0.2143534459306616,-1.7340638656499645,-15.944804191589355,0.219970703125,-1.8643310070037842,-0.010531850500663964,-0.43432414905566163,0.13026714135381967,0.4344518227926923,7.379296885689612,1.2,-1.1480645124647404,-0.3488435157270113,0.01600239839261652,-1.4849189519882202,-0.5269138813018799,-0.17800530791282654,-0.4957512934860278,-0.22153133659343294,0.19400770630544306,-0.04873689405055524,0.10906528456692612,0.0576589654256765,0.3363195479623235,-0.01948932600304195,-3.088897705078125,-3.1273370153619093,-0.038439310283784334,0
1780805316.158231,FLY,spline,1,101,-15.95533604209002,-0.2143534459306616,-1.7340638656499645,-15.96664047241211,0.21211913228034973,-1.8669238090515137,0.011304430322089942,-0.42647257821101137,0.13285994340154916,0.42662237413297277,7.356871550274684,1.2,-1.1496613921181174,-0.34350753935510525,0.01677062548723657,-1.6022493839263916,-0.5779036283493042,-0.18957583606243134,-0.639902714176192,-0.2845032945363201,0.2063464615496679,-0.06259072479799042,0.14077859711876226,0.05493098004359642,0.3347498103016696,-0.019530595295351883,-3.0907163619995117,-3.1273370153619093,-0.036620653362397615,0
1780805316.1689649,FLY,spline,1,101,-15.95533604209002,-0.2143534459306616,-1.7340638656499645,-15.996601104736328,0.20118163526058197,-1.870424747467041,0.04126506264630869,-0.4155350811912436,0.1363608818170765,0.4175789854576224,7.326098748165828,1.2,-1.1518521973065858,-0.3360360526985726,0.017784455199764553,-1.7485167980194092,-0.6414619088172913,-0.20273879170417786,-0.8224449298701436,-0.36575741920220584,0.2205232469039424,-0.08046663222448529,0.1809378845714316,0.052187974291032946,0.3329660737122392,-0.01957469994473267,-3.0925450325012207,-3.1273370153619093,-0.03479198286068863,0
1780805316.1796405,FLY,spline,1,101,-15.95533604209002,-0.2143534459306616,-1.7340638656499645,-16.022069931030273,0.19175781309604645,-1.873329997062683,0.066733888940254,-0.4061112590267081,0.1392661314127186,0.4115577318449359,7.299938366588598,1.2,-1.15370777928371,-0.3295642576583764,0.01859462541524471,-1.8607991933822632,-0.6902427673339844,-0.21084533631801605,-0.9386496956119882,-0.42096501925072527,0.22943996173326076,-0.09261230423515956,0.2065029330346374,0.048103148775285876,0.33126062796279254,-0.019620587937079322,-3.0952682495117188,-3.1273370153619093,-0.032068765850190584,0
1780805316.1904054,FLY,spline,1,101,-15.95533604209002,-0.2143534459306616,-1.7340638656499645,-16.022069931030273,0.19175781309604645,-1.873329997062683,0.066733888940254,-0.4061112590267081,0.1392661314127186,0.4115577318449359,7.299938366588598,1.2,-1.15370777928371,-0.3295642576583764,0.01859462541524471,-1.8607991933822632,-0.6902427673339844,-0.21084533631801605,-0.8725691045721234,-0.39603060376464205,0.22943996173326076,-0.08712673282822125,0.19196520300586717,0.04279416306514183,0.32979190622477716,-0.019666475929425973,-3.0988075733184814,-3.1273370153619093,-0.02852944204342789,0
1780805316.2014766,FLY,spline,1,101,-15.95533604209002,-0.2143534459306616,-1.7340638656499645,-16.022069931030273,0.19175781309604645,-1.873329997062683,0.066733888940254,-0.4061112590267081,0.1392661314127186,0.4115577318449359,7.299938366588598,1.2,-1.15370777928371,-0.3295642576583764,0.01859462541524471,-1.8607991933822632,-0.6902427673339844,-0.21084533631801605,-0.8266597025460165,-0.3777884291275372,0.22943996173326076,-0.08311345440805819,0.18186513456012363,0.04000895722407738,0.32888132253112135,-0.019712363921772624,-3.1006643772125244,-3.1273370153619093,-0.02667263814938492,0
1780805316.212254,FLY,spline,1,102,-16.113634542230606,-0.21575442137684525,-1.7497313827573733,-16.060117721557617,0.1775195300579071,-1.877529263496399,-0.05351682067298924,-0.39327395143475236,0.12779788073902565,0.3968985398965948,7.26086080095306,1.2,-1.1564074901454888,-0.3198818149745431,0.019933418773579795,-2.0127222537994385,-0.7562179565429688,-0.21893443167209625,-1.0359549632312317,-0.48069817637784534,0.23886785044567604,-0.10575359880312597,0.22791009191087097,0.030923648228815104,0.32520741341507237,-0.01976013749186176,-3.106093406677246,-3.126709172163123,-0.020615765485876736,0
1780805316.2225628,FLY,spline,1,102,-16.113634542230606,-0.21575442137684525,-1.7497313827573733,-16.08917999267578,0.16654296219348907,-1.8806054592132568,-0.024454549554825178,-0.3822973835703343,0.13087407645588356,0.38307873143604926,7.231017384385703,1.2,-1.158473809395883,-0.3122627006471331,0.02074701733623339,-2.117952585220337,-0.8018792271614075,-0.22251838445663452,-1.1535265631982046,-0.539678156903225,0.2432654017928679,-0.11872919451870949,0.253775843903605,0.02812628304021647,0.3237695818337692,-0.019808790572220333,-3.1079583168029785,-3.126709172163123,-0.018750855360144314,0
1780805316.2334023,FLY,spline,1,102,-16.113634542230606,-0.21575442137684525,-1.7497313827573733,-16.08917999267578,0.16654296219348907,-1.8806054592132568,-0.024454549554825178,-0.3822973835703343,0.13087407645588356,0.38307873143604926,7.231017384385703,1.2,-1.158473809395883,-0.3122627006471331,0.02074701733623339,-2.117952585220337,-0.8018792271614075,-0.22251838445663452,-1.1000888748160562,-0.5148969880414135,0.2432654017928679,-0.11327733736911097,0.24201955245953236,0.02812628304021647,0.32372092875341063,-0.019857443652578907,-3.1079583168029785,-3.126709172163123,-0.018750855360144314,0
1780805316.244252,FLY,spline,1,102,-16.113634542230606,-0.21575442137684525,-1.7497313827573733,-16.15199089050293,0.14256834983825684,-1.8868602514266968,0.03835634827232326,-0.3583227712151021,0.1371288686693235,0.36036983478651224,7.166539472771319,1.2,-1.16283850343079,-0.2954883921935661,0.022208669876920856,-2.3198394775390625,-0.8893357515335083,-0.22320999205112457,-1.379303746345183,-0.6637581656765121,0.24541866192804543,-0.14602679644883268,0.30344682419594027,0.017095966687372233,0.31894371728084375,-0.019906527384964515,-3.115311861038208,-3.126709172163123,-0.011397311124914822,0
1780805316.2549188,FLY,spline,1,102,-16.113634542230606,-0.21575442137684525,-1.7497313827573733,-16.15199089050293,0.14256834983825684,-1.8868602514266968,0.03835634827232326,-0.3583227712151021,0.1371288686693235,0.36036983478651224,7.166539472771319,1.2,-1.16283850343079,-0.2954883921935661,0.022208669876920856,-2.3198394775390625,-0.8893357515335083,-0.22320999205112457,-1.3160256761575082,-0.6359852129847086,0.24541866192804543,-0.13991674685663588,0.2895256487546518,0.014381213536432291,0.3176323786266531,-0.019955611117350124,-3.117121696472168,-3.126709172163123,-0.00958747569095486,0
1780805316.2655227,FLY,spline,1,102,-16.113634542230606,-0.21575442137684525,-1.7497313827573733,-16.168437957763672,0.13625000417232513,-1.888403296470642,0.05480341553306545,-0.3520044255491704,0.1386719137132688,0.3562450420150311,7.149662182719712,1.2,-1.1639542499399125,-0.2910384563918598,0.02251934607974406,-2.3681178092956543,-0.9102075099945068,-0.22249870002269745,-1.347786418584514,-0.655958020003838,0.24501804610244152,-0.14431076440084437,0.2965130120885931,0.011595292439630533,0.3162435178736777,-0.020004614726570613,-3.118978977203369,-3.126709172163123,-0.007730194959753689,0
1780805316.2760623,FLY,spline,1,103,-16.271899672710028,-0.21722948889944727,-1.7650446290751294,-16.213085174560547,0.11901366710662842,-1.892397403717041,-0.0588144981494807,-0.3362431560060757,0.12735277464191164,0.3413482168599998,7.103860739426938,1.2,-1.1668868476990326,-0.27897303336481794,0.023433551208613384,-2.4898390769958496,-0.9627291560173035,-0.2171989381313324,-1.4989707300874946,-0.7401654139812474,0.24063248933994577,-0.16283639107587441,0.32977356061924884,0.006183826425911976,0.31423775292286316,-0.020052741224438602,-3.1219420433044434,-3.1260645942550513,-0.004122550950607984,0
1780805316.2863748,FLY,spline,1,103,-16.271899672710028,-0.21722948889944727,-1.7650446290751294,-16.230703353881836,0.11219726502895355,-1.893886685371399,-0.041196318828191636,-0.3294267539284008,0.12884205629626955,0.3319926548717564,7.085794101302893,1.2,-1.1680288848025533,-0.274130753464249,0.023682362044923282,-2.5347626209259033,-0.9820664525032043,-0.21452422440052032,-1.5183201623046845,-0.7579308849672686,0.2382065864454436,-0.1667447946927991,0.33403043570703056,0.0010282630714197882,0.31151227209415433,-0.02010038254172769,-3.1253790855407715,-3.1260645942550513,-0.0006855087142798588,0
1780805316.2971272,FLY,spline,1,103,-16.271899672710028,-0.21722948889944727,-1.7650446290751294,-16.248594284057617,0.10524413734674454,-1.8953564167022705,-0.023305388652410386,-0.3224736262461918,0.13031178762714113,0.32331467762012983,7.067450250649133,1.2,-1.16917589781016,-0.26917727934149605,0.023902139362746874,-2.5789730548858643,-1.0010658502578735,-0.21163290739059448,-1.5457474093763388,-0.7734592845824337,0.23553504675334136,-0.17016104260813542,0.3400644300627945,0.0010282630714197882,0.3116788882601718,-0.020147489551078358,-3.1253790855407715,-3.1260645942550513,-0.0006855087142798588,0
1780805316.3076499,FLY,spline,1,103,-16.271899672710028,-0.21722948889944727,-1.7650446290751294,-16.266796112060547,0.09816405922174454,-1.8968017101287842,-0.005103560649480698,-0.3153935481211918,0.1317570810536548,0.3154348372132943,7.048792128160437,1.2,-1.1703249756509124,-0.2641198007645083,0.024086971827264405,-2.6640725135803223,-1.0375442504882812,-0.20459863543510437,-1.639833392082817,-0.8263860085074539,0.22868560726236878,-0.18180492187163985,0.36076334625821976,-0.006292379399893688,0.3077098796808273,-0.02019322667253083,-3.1302595138549805,-3.1260645942550513,0.0041949195999291256,0
1780805316.3183007,FLY,spline,1,103,-16.271899672710028,-0.21722948889944727,-1.7650446290751294,-16.322538375854492,0.076416015625,-1.9009325504302979,0.050638703144464614,-0.29364550452444727,0.13588792135516847,0.29797979895216115,6.991679120081745,1.2,-1.173733894443349,-0.24850003837709428,0.024422857356002973,-2.746152877807617,-1.0725826025009155,-0.19654621183872223,-1.72400201349609,-0.8877322811471137,0.2209690691947252,-0.19530110185236502,0.3792804429691398,-0.008646643659232067,0.3067425226523015,-0.020237420486369777,-3.131829023361206,-3.1260645942550513,0.0057644291061547115,0
1780805316.3290815,FLY,spline,1,104,-16.430130276059,-0.21878121847664964,-1.7799913162689862,-16.341875076293945,0.06884765625,-1.9022704362869263,-0.08825519976505447,-0.28762887472664966,0.12227912001794006,0.30086433796993683,6.971876392350811,1.2,-1.1748520610172248,-0.24313980500109938,0.024610362606158315,-2.786851167678833,-1.089889407157898,-0.19280876219272614,-1.743225864671334,-0.9023223069689084,0.21741912479888445,-0.19851090753315984,0.38350969022769343,-0.011922464894094986,0.3054491259232446,-0.020280904311329555,-3.1333515644073486,-3.125403254477952,0.007948309929396657,0
1780805316.3397563,FLY,spline,1,104,-16.430130276059,-0.21878121847664964,-1.7799913162689862,-16.361522674560547,0.061162106692790985,-1.9035791158676147,-0.06860760149845291,-0.27994332516944065,0.12358779959862853,0.2882278062406431,6.951761502828068,1.2,-1.1759874762888423,-0.23758218445226897,0.024660925422365747,-2.857607364654541,-1.1198673248291016,-0.1852162480354309,-1.816387889005011,-0.9403124052481184,0.20987717345779666,-0.20686872915458607,0.3996053355811024,-0.014166937397757096,0.30446086480747286,-0.020322879746021115,-3.13484787940979,-3.125403254477952,0.009444624931838064,0
1780805316.3505044,FLY,spline,1,104,-16.430130276059,-0.21878121847664964,-1.7799913162689862,-16.413436889648438,0.040791016072034836,-1.9068310260772705,-0.016693386410562283,-0.2595722345486845,0.1268397098082843,0.2601084660260977,6.898637490433938,1.2,-1.1788818782987283,-0.22277972049610592,0.02463154795255439,-2.926098585128784,-1.1487302780151367,-0.17725133895874023,-1.878011267888774,-0.9983870621489939,0.20188288691129463,-0.21964515367277865,0.41316247893553026,-0.02193282656554274,0.2993540719731061,-0.020363256323403373,-3.1400251388549805,-3.125403254477952,0.014621884377028493,0
1780805316.3616338,FLY,spline,1,104,-16.430130276059,-0.21878121847664964,-1.7799913162689862,-16.434022903442383,0.03270507603883743,-1.9080321788787842,0.0038926273833830294,-0.2514862945154871,0.12804086260979797,0.251516418702788,6.87758305088284,1.2,-1.1799837960638637,-0.21687681205823098,0.02454973356621603,-2.963473081588745,-1.164405345916748,-0.17286249995231628,-1.8972978604347879,-1.010267880725867,0.19741223351853232,-0.22225893375969072,0.41740552929565333,-0.02193282656554274,0.29967224179782337,-0.02040273877010708,-3.1400251388549805,-3.125403254477952,0.014621884377028493,0
1780805316.3725274,FLY,spline,1,104,-16.430130276059,-0.21878121847664964,-1.7799913162689862,-16.454843521118164,0.02451171912252903,-1.9092040061950684,0.02471324505916428,-0.24329293759917867,0.12921268992608215,0.2445448792491721,6.856294635806098,1.2,-1.181072725900926,-0.21087973914611408,0.024432596068028552,-3.0338754653930664,-1.193765640258789,-0.16390551626682281,-1.9731535763996688,-1.0497099661759932,0.18833811233485137,-0.2309361925587185,0.43409378680792715,-0.023988471554556412,0.2987516490677116,-0.02044040639257405,-3.1413955688476562,-3.125403254477952,0.015992314369704275,0
1780805316.3830683,FLY,spline,1,105,-16.588325194808274,-0.22041218008663466,-1.7945591560046983,-16.538007736206055,-0.008261718787252903,-1.9134130477905273,-0.050317458602219034,-0.21215046129938175,0.11885389178582906,0.21803592564008,6.771329578373544,1.2,-1.1851256447605318,-0.18684161783110495,0.023820494898071604,-3.1346123218536377,-1.2353278398513794,-0.14854441583156586,-2.0862514970521793,-1.1446937044601952,0.17236491072963747,-0.25183261498124293,0.45897532935147944,-0.032337132417003644,0.29374244440576697,-0.02047487937471998,3.136902093887329,-3.1247251250142547,0.02155808827800243,0
1780805316.3936336,FLY,spline,1,105,-16.588325194808274,-0.22041218008663466,-1.7945591560046983,-16.559999465942383,-0.016933593899011612,-1.9144091606140137,-0.02832572886589091,-0.20347858618762305,0.11985000460931539,0.20544070179177715,6.748880490903364,1.2,-1.1861245222300796,-0.1804263196521969,0.02355760898794068,-3.196237087249756,-1.2604224681854248,-0.13906672596931458,-2.139177233629367,-1.1718669470381018,0.16262433495725526,-0.2578107283483824,0.47061899139846075,-0.03403729530457689,0.2929048723492229,-0.02050740424171143,3.1357686519622803,-3.1247251250142547,0.022691530203051258,0
1780805316.4043794,FLY,spline,1,105,-16.588325194808274,-0.22041218008663466,-1.7945591560046983,-16.559999465942383,-0.016933593899011612,-1.9144091606140137,-0.02832572886589091,-0.20347858618762305,0.11985000460931539,0.20544070179177715,6.748880490903364,1.2,-1.1861245222300796,-0.1804263196521969,0.02355760898794068,-3.196237087249756,-1.2604224681854248,-0.13906672596931458,-2.096352723407138,-1.1518398487463264,0.16262433495725526,-0.2534047667241918,0.4611975991495704,-0.03691763015870286,0.29004312485297906,-0.02053992910870288,3.1338484287261963,-3.1247251250142547,0.024611753439135242,0
1780805316.4148712,FLY,spline,1,105,-16.588325194808274,-0.22041218008663466,-1.7945591560046983,-16.59945297241211,-0.032490234822034836,-1.9160888195037842,0.011127777603835654,-0.18792194526459982,0.1215296634990859,0.18825112203233127,6.70862700800988,1.2,-1.1878341848110854,-0.1688816351170193,0.022998754626841342,-3.224022388458252,-1.2716445922851562,-0.13412636518478394,-2.1081854845179717,-1.1738638638657286,0.15712511981162527,-0.2582500500504603,0.4638008065939538,-0.03845972152833177,0.2888391416239033,-0.020571354132665205,3.1328203678131104,-3.1247251250142547,0.02563981435222118,0
1780805316.4255319,FLY,spline,1,105,-16.588325194808274,-0.22041218008663466,-1.7945591560046983,-16.644882202148438,-0.05040039122104645,-1.9178271293640137,0.05655700734016378,-0.1700117888655882,0.12326797335931539,0.17917227305739214,6.662309679970425,1.2,-1.1896704575262866,-0.15553622617207186,0.02219650507053377,-3.284322738647461,-1.2957751750946045,-0.1219530776143074,-2.1755060804424255,-1.2207423159301356,0.14414958268484118,-0.2685633095046298,0.4786113376973336,-0.03989559742097093,0.28825583632815455,-0.020600184049202174,3.1318631172180176,-3.1247251250142547,0.026597064947313953,0
1780805316.4361224,FLY,spline,1,105,-16.588325194808274,-0.22041218008663466,-1.7945591560046983,-16.644882202148438,-0.05040039122104645,-1.9178271293640137,0.05655700734016378,-0.1700117888655882,0.12326797335931539,0.17917227305739214,6.662309679970425,1.2,-1.1896704575262866,-0.15553622617207186,0.02219650507053377,-3.284322738647461,-1.2957751750946045,-0.1219530776143074,-2.146833424247589,-1.2045776790221165,0.14414958268484118,-0.26500708938486567,0.4723033533344696,-0.041214886628429426,0.2866670725544216,-0.020629013965739143,3.130983591079712,-3.1247251250142547,0.027476591085619617,0
1780805316.446511,FLY,spline,1,106,-16.74648327148859,-0.22212494370758445,-1.8087358599480199,-16.716171264648438,-0.07852538675069809,-1.920141577720642,-0.030312006840151895,-0.14359955695688637,0.1114057177726222,0.14676392784635967,6.58969836580043,1.2,-1.1922491627963527,-0.13455811629913866,0.0208817420112273,-3.3705334663391113,-1.3295975923538208,-0.10159837454557419,-2.257462565917461,-1.2861675973768725,0.1224801165568015,-0.2829568714229119,0.49664176450184144,-0.045676230487146974,0.2837354849618051,-0.0206535099890505,3.128704309463501,-3.124030177391321,0.03045082032476465,0
1780805316.4572556,FLY,spline,1,106,-16.74648327148859,-0.22212494370758445,-1.8087358599480199,-16.763710021972656,-0.09727539122104645,-1.9214305877685547,0.017226750484066855,-0.124849552486538,0.1126947278205348,0.1260324231629667,6.541328447790766,1.2,-1.1937745567308788,-0.12046962009531036,0.019732671792868646,-3.4435501098632812,-1.3574153184890747,-0.08424387127161026,-2.3417351141792677,-1.3371623578232463,0.1039765430644789,-0.2941757187211142,0.5151817251194389,-0.04658710866860449,0.28374857235669126,-0.020674305297663398,3.1280970573425293,-3.124030177391321,0.03105807244573633,0
1780805316.468027,FLY,spline,1,107,-16.90460334863067,-0.22392207931768127,-1.8225091397647053,-16.825468063354492,-0.12160155922174454,-1.922827124595642,-0.07913528527617686,-0.10232052009593673,0.10031798483093679,0.12935177698216938,6.47855373544116,1.2,-1.195504484177529,-0.10217288258915067,0.018158479419932542,-3.4873204231262207,-1.3736501932144165,-0.0731797143816948,-2.3744366388978326,-1.374321228803224,0.09133819380162733,-0.3023506703367093,0.5223760605575232,-0.04891543926612485,0.28254260228489586,-0.020692572936423723,3.1272566318511963,-3.123318382484307,0.03261029284408323,0
1780805316.4790838,FLY,spline,1,107,-16.90460334863067,-0.22392207931768127,-1.8225091397647053,-16.825468063354492,-0.12160155922174454,-1.922827124595642,-0.07913528527617686,-0.10232052009593673,0.10031798483093679,0.12935177698216938,6.47855373544116,1.2,-1.195504484177529,-0.10217288258915067,0.018158479419932542,-3.4873204231262207,-1.3736501932144165,-0.0731797143816948,-2.3428467513797346,-1.3554737174918592,0.09133819380162733,-0.298204217848209,0.5154262853035416,-0.05031626762763608,0.27974556049139093,-0.020710840575184047,3.1263227462768555,-3.123318382484307,0.03354417841842405,0
1780805316.4898806,FLY,spline,1,107,-16.90460334863067,-0.22392207931768127,-1.8225091397647053,-16.849843978881836,-0.13120116293430328,-1.9232958555221558,-0.05475936974883311,-0.09272091638337798,0.10078671575745046,0.10768359629146303,6.45379614067664,1.2,-1.196111878073116,-0.09492607775444434,0.01747612355645987,-3.5111355781555176,-1.3823189735412598,-0.06743615120649338,-2.3578200327637338,-1.3677100072624102,0.08491227476295325,-0.30089620159773023,0.5187204072080215,-0.05092208923713315,0.2788747031680102,-0.02072782303013664,3.1259188652038574,-3.123318382484307,0.0339480594914221,0
1780805316.5002003,FLY,spline,1,107,-16.90460334863067,-0.22392207931768127,-1.8225091397647053,-16.874374389648438,-0.14085936546325684,-1.9237254858016968,-0.030228958982231546,-0.08306271385442443,0.10121634603699148,0.08839233221276284,6.4288930743164885,1.2,-1.1966791595473603,-0.08762570883945117,0.016754827823873976,-3.534335136413574,-1.390634536743164,-0.061941783875226974,-2.3735489417400877,-1.3819094752330143,0.07869661169910094,-0.30402008455126317,0.5221807671828192,-0.052126937526622896,0.27584987327527416,-0.020743562352476458,3.1251156330108643,-3.123318382484307,0.034751291684415264,0
1780805316.5109787,FLY,spline,1,107,-16.90460334863067,-0.22392207931768127,-1.8225091397647053,-16.9659366607666,-0.17683593928813934,-1.9250048398971558,0.061333312135932516,-0.04708614002954192,0.10249570013245046,0.07732321618017035,6.33604533317431,1.2,-1.1984013645815568,-0.06036444004621052,0.01379506241268662,-3.613805055618286,-1.4179253578186035,-0.042964354157447815,-2.4789228648889696,-1.4595100795502673,0.05675941657013443,-0.3210922175010588,0.5453630302755733,-0.05239801945106137,0.27636382560676376,-0.020754914235790484,3.1249349117279053,-3.123318382484307,0.03493201296737425,0
1780805316.5215542,FLY,spline,1,107,-16.90460334863067,-0.22392207931768127,-1.8225091397647053,-16.9659366607666,-0.17683593928813934,-1.9250048398971558,0.061333312135932516,-0.04708614002954192,0.10249570013245046,0.07732321618017035,6.33604533317431,1.2,-1.1984013645815568,-0.06036444004621052,0.01379506241268662,-3.613805055618286,-1.4179253578186035,-0.042964354157447815,-2.4528099033642086,-1.4412329834618127,0.05675941657013443,-0.3170712563615988,0.5396181787401259,-0.0525779062689935,0.27516460637025,-0.02076626611910451,3.124814987182617,-3.123318382484307,0.035051937512662334,0
1780805316.5323317,FLY,spline,1,108,-17.062684268765253,-0.2258061568951072,-1.835866707120508,-16.99117088317871,-0.18672850728034973,-1.9252636432647705,-0.07151338558654174,-0.03907764961475746,0.08939693614426258,0.08149372379185497,6.310486597422254,1.2,-1.1987626983544384,-0.052890316694598524,0.013061678067177899,-3.633537530899048,-1.4243755340576172,-0.037298038601875305,-2.465163882954749,-1.4512053254563262,0.0503597166690532,-0.31926517160039175,0.5423360542500447,-0.0537796330888205,0.2745016540930573,-0.02077633806243832,3.1247425079345703,-3.1225897105191356,0.03585308872588033,0
1780805316.5428042,FLY,spline,1,108,-17.062684268765253,-0.2258061568951072,-1.835866707120508,-17.016523361206055,-0.1966601461172104,-1.9254833459854126,-0.046160907559197994,-0.029146010777896803,0.08961663886490467,0.054592301022709226,6.2848211563689595,1.2,-1.1990804137028939,-0.04535747095723551,0.012200873020410943,-3.672083854675293,-1.436491847038269,-0.025776270776987076,-2.5096645763585896,-1.4719581130907606,0.03797714379739802,-0.32383078487996736,0.5521262067988897,-0.053752810998671574,0.2731114233479311,-0.0207839334911978,3.124760389328003,-3.1225897105191356,0.035835207332447716,0
1780805316.5535672,FLY,spline,1,108,-17.062684268765253,-0.2258061568951072,-1.835866707120508,-17.122461318969727,-0.23802733421325684,-1.9259960651397705,0.05977705020447388,0.012221177318149645,0.09012935801926258,0.0610135469071406,6.1777215680632125,1.2,-1.1998903707641122,-0.013951216286633752,0.008274159273612051,-3.724280595779419,-1.4515639543533325,-0.010320915840566158,-2.57263245361794,-1.5356429534409433,0.01859507511417821,-0.33784144975700753,0.5659791397959468,-0.053615839524977726,0.2735969089173952,-0.020787652506220635,3.124851703643799,-3.1225897105191356,0.03574389301665182,0
1780805316.5640352,FLY,spline,1,108,-17.062684268765253,-0.2258061568951072,-1.835866707120508,-17.122461318969727,-0.23802733421325684,-1.9259960651397705,0.05977705020447388,0.012221177318149645,0.09012935801926258,0.0610135469071406,6.1777215680632125,1.2,-1.1998903707641122,-0.013951216286633752,0.008274159273612051,-3.724280595779419,-1.4515639543533325,-0.010320915840566158,-2.5513508640940477,-1.5179825201605317,0.01859507511417821,-0.33395615443531695,0.5612971901006905,-0.05310514692854218,0.27157730420205284,-0.02079137152124347,3.125192165374756,-3.1225897105191356,0.035403431285694786,0
1780805316.574466,FLY,spline,1,109,-17.220724874423077,-0.22777974641804452,-1.8487962736811834,-17.1484375,-0.2481347620487213,-1.9260351657867432,-0.07228737442307676,0.020355015630676793,0.07723889210555979,0.0750985430105484,6.151497291198372,1.2,-1.199960693182248,-0.006301224945326407,0.007391169174590146,-3.7537286281585693,-1.4591606855392456,-0.0020008564461022615,-2.583411742751672,-1.5301708126474811,0.009392025620692407,-0.3366375787824458,0.5683505834053678,-0.05351219426313136,0.27059103572479154,-0.02079324992636761,3.125666379928589,-3.121844131075577,0.03567479617542091,0
1780805316.5851276,FLY,spline,1,109,-17.220724874423077,-0.22777974641804452,-1.8487962736811834,-17.221874237060547,-0.27665039896965027,-1.9260058403015137,0.0011493626374701194,0.04887065255160575,0.0772095666203303,0.0488841663045631,6.07743898591894,1.2,-1.1998936890432275,0.015307121536083552,0.0045636634970033455,-3.780931234359741,-1.4653998613357544,0.005103487987071276,-2.6109184221424613,-1.5634970576166503,-0.0005398244900679302,-0.34396935267566303,0.5744020528713415,-0.05301151524701808,0.2704810767638478,-0.020793141961469596,3.126000165939331,-3.121844131075577,0.03534101016467872,0
1780805316.5955071,FLY,spline,1,109,-17.220724874423077,-0.22777974641804452,-1.8487962736811834,-17.248241424560547,-0.28684568405151367,-1.9259471893310547,0.02751655013747012,0.05906593763346915,0.07715091564987131,0.06516092018985593,6.050878252765824,1.2,-1.1997739259399238,0.023026169082145106,0.003510295158980375,-3.7942187786102295,-1.4681081771850586,0.008692249655723572,-2.616727456972459,-1.566685895742984,-0.005181954496743197,-0.34467089706345644,0.575680040533941,-0.05243287335553859,0.269987795944325,-0.02079210557057025,3.1263859272003174,-3.121844131075577,0.03495524890369239,0
1780805316.6061504,FLY,spline,1,110,-17.37872400813488,-0.22984541786467527,-1.8612855511124846,-17.322147369384766,-0.31535154581069946,-1.9256591796875,-0.05657663875011565,0.08550612794602419,0.06437362857501538,0.10252908840218442,5.9765136784211625,1.2,-1.1991725743654866,0.04455013341012917,0.0006500021468853334,-3.8275680541992188,-1.4735267162322998,0.017910180613398552,-2.6575107322450027,-1.598568154608543,-0.017260178466513218,-0.3516849940138795,0.5846523610939006,-0.05291897268278234,0.2701296903325291,-0.020788653534876946,3.126824378967285,-3.1210816130904466,0.03527931512185489,0
1780805316.6171572,FLY,spline,1,110,-17.37872400813488,-0.22984541786467527,-1.8612855511124846,-17.375507354736328,-0.3358398377895355,-1.9253515005111694,-0.0032166533985531487,0.10599441992486025,0.06406594939868482,0.10604321720079052,5.922901161331589,1.2,-1.1984994289430464,0.059974517944520606,-0.0014751340663491266,-3.848383903503418,-1.4755480289459229,0.02322525531053543,-2.6793710386496956,-1.608717945039763,-0.024700389376884558,-0.35391794790874787,0.589461628502933,-0.049717130374737906,0.2679340223504293,-0.020783713457001567,3.1289589405059814,-3.1210816130904466,0.033144753583158604,0
1780805316.6281266,FLY,spline,1,110,-17.37872400813488,-0.22984541786467527,-1.8612855511124846,-17.375507354736328,-0.3358398377895355,-1.9253515005111694,-0.0032166533985531487,0.10599441992486025,0.06406594939868482,0.10604321720079052,5.922901161331589,1.2,-1.1984994289430464,0.059974517944520606,-0.0014751340663491266,-3.848383903503418,-1.4755480289459229,0.02322525531053543,-2.6646419772054832,-1.5967656600859903,-0.024700389376884558,-0.3512884452189179,0.5862212349852063,-0.049717130374737906,0.2679389624283047,-0.02077877337912619,3.1289589405059814,-3.1210816130904466,0.033144753583158604,0
1780805316.6390822,FLY,spline,1,110,-17.37872400813488,-0.22984541786467527,-1.8612855511124846,-17.40230369567871,-0.3460937440395355,-1.9251757860183716,0.023579687543829664,0.11624832617486025,0.06389023490588697,0.11861566086786911,5.896003334667331,1.2,-1.19808719006243,0.06767970561032857,-0.0025578226696950125,-3.865776300430298,-1.4759553670883179,0.027299007400870323,-2.685996053059153,-1.5961252192970397,-0.029856830070565336,-0.3511475482453487,0.5909191316730137,-0.04658073396665685,0.266623776991375,-0.020772802013112077,3.131049871444702,-3.1210816130904466,0.0310538226444379,0
1780805316.6497495,FLY,spline,1,111,-17.5366805124314,-0.23200574121318182,-1.8733222510801664,-17.478437423706055,-0.3750878870487213,-1.9245946407318115,-0.05824308872534445,0.1430821458355395,0.051272389651645156,0.15448222500071307,5.819674904671254,1.2,-1.196654467709888,0.0893739092433195,-0.005512645148340865,-3.880476236343384,-1.4748510122299194,0.03139505162835121,-2.702396095882231,-1.6197447989184086,-0.036907696776692075,-0.3563438557620499,0.5945271410940908,-0.046495765375587084,0.26665987085288057,-0.02076542047375674,3.1318860054016113,-3.1203021248609164,0.030997176917058056,0
1780805316.6604497,FLY,spline,1,111,-17.5366805124314,-0.23200574121318182,-1.8733222510801664,-17.478437423706055,-0.3750878870487213,-1.9245946407318115,-0.05824308872534445,0.1430821458355395,0.051272389651645156,0.15448222500071307,5.819674904671254,1.2,-1.196654467709888,0.0893739092433195,-0.005512645148340865,-3.880476236343384,-1.4748510122299194,0.03139505162835121,-2.6936489973965685,-1.6085095167663719,-0.036907696776692075,-0.35387209368860184,0.592602779427245,-0.045174330400916674,0.26617277651090887,-0.0207580389344014,3.1327669620513916,-3.1203021248609164,0.030116220267277782,0
1780805316.6708622,FLY,spline,1,111,-17.5366805124314,-0.23200574121318182,-1.8733222510801664,-17.54851531982422,-0.40160155296325684,-1.9239599704742432,0.011834807392819613,0.16959581175007502,0.0506377193940768,0.17000824106257914,5.749541904152019,1.2,-1.1950015993005751,0.10910047016871272,-0.008262268334648088,-3.896043062210083,-1.4709197282791138,0.03699774295091629,-2.7162934309684754,-1.6237546917426116,-0.04526001128556438,-0.35722603218337456,0.5975845548130646,-0.04292485110709343,0.2661465567626112,-0.020748986932144286,3.1342666149139404,-3.1203021248609164,0.028616567404728954,0
1780805316.6824358,FLY,spline,1,111,-17.5366805124314,-0.23200574121318182,-1.8733222510801664,-17.575586318969727,-0.4117968678474426,-1.9236913919448853,0.038905806538327425,0.1797911266342608,0.050369140864718887,0.18395246940124116,5.722481941316583,1.2,-1.1942795508473074,0.11665813616318219,-0.009339898012612305,-3.9008302688598633,-1.4686952829360962,0.03891177475452423,-2.7220481801913854,-1.6166447807405748,-0.04825167276713654,-0.3556618517629265,0.5988505996421047,-0.03823062770316277,0.2653557088427952,-0.02073933659759086,3.1373960971832275,-3.1203021248609164,0.025487085135441845,0
1780805316.6930804,FLY,spline,1,112,-17.694593229843363,-0.23426328644174618,-1.8848940852499836,-17.62984275817871,-0.4321386516094208,-1.9231151342391968,-0.06475047166465231,0.1978753651676746,0.03822104898921319,0.20820010499765726,5.6683024522931476,1.2,-1.1927021747161612,0.13165235001227157,-0.011365789175674166,-3.9082913398742676,-1.4630197286605835,0.042386770248413086,-2.729794708324184,-1.6256310445258662,-0.05375255942408725,-0.35763882979569056,0.6,-0.03942536392261786,0.2658065302872361,-0.020728586085706043,3.1373960971832275,-3.119505634047947,0.026283575948411908,1
1780805316.7037723,FLY,spline,1,112,-17.694593229843363,-0.23426328644174618,-1.8848940852499836,-17.62984275817871,-0.4321386516094208,-1.9231151342391968,-0.06475047166465231,0.1978753651676746,0.03822104898921319,0.20820010499765726,5.6683024522931476,1.2,-1.1927021747161612,0.13165235001227157,-0.011365789175674166,-3.9082913398742676,-1.4630197286605835,0.042386770248413086,-2.725352389966767,-1.6166699795501895,-0.05375255942408725,-0.3556673955010417,0.5995775257926887,-0.03772520103504462,0.26555335339912484,-0.020717835573821227,3.1385295391082764,-3.119505634047947,0.02515013402336308,0
1780805316.7143948,FLY,spline,1,112,-17.694593229843363,-0.23426328644174618,-1.8848940852499836,-17.737186431884766,-0.4720214605331421,-1.9218603372573853,0.04259320204140238,0.2377581740913959,0.03696625200740167,0.24154322637452338,5.561329514731228,1.2,-1.1890748406718925,0.1608194093827239,-0.015431812819788997,-3.914761781692505,-1.4469726085662842,0.04757097736001015,-2.742885408128247,-1.6237818657931347,-0.06300279017979915,-0.3572320104744896,0.6,-0.03234745541459105,0.2657684642218882,-0.020705235015785268,-3.141070604324341,-3.119505634047947,0.021564970276394035,1
1780805316.7251368,FLY,spline,1,112,-17.694593229843363,-0.23426328644174618,-1.8848940852499836,-17.764373779296875,-0.4820312261581421,-1.9215234518051147,0.06978054945351175,0.2477679397163959,0.03662936655513116,0.25740683175343576,5.534282544276405,1.2,-1.1880552066881742,0.16808789748896613,-0.01647071883246837,-3.9146645069122314,-1.4418877363204956,0.04847368597984314,-2.74156243779812,-1.6184867441378763,-0.06494440481231151,-0.3560670837103328,0.6,-0.030396595391092518,0.26583693253471163,-0.020692246134822807,-3.139770030975342,-3.119505634047947,0.020264396927395012,1
1780805316.735528,FLY,spline,1,112,-17.694593229843363,-0.23426328644174618,-1.8848940852499836,-17.764373779296875,-0.4820312261581421,-1.9215234518051147,0.06978054945351175,0.2477679397163959,0.03662936655513116,0.25740683175343576,5.534282544276405,1.2,-1.1880552066881742,0.16808789748896613,-0.01647071883246837,-3.9146645069122314,-1.4418877363204956,0.04847368597984314,-2.7401284919833073,-1.610750761562246,-0.06494440481231151,-0.3543651675436941,0.6,-0.02837528267746947,0.2657919820944332,-0.020679257253860345,-3.1384224891662598,-3.119505634047947,0.01891685511831298,1
1780805316.7462938,FLY,spline,1,113,-17.85246100290152,-0.2366206235285506,-1.8959887652876883,-17.840898513793945,-0.510009765625,-1.9205516576766968,-0.011562489107575402,0.2733891420964494,0.02456289238900844,0.27363353992264067,5.4582549998884415,1.2,-1.1849964538649098,0.1882001765367662,-0.01908134898582477,-3.9105422496795654,-1.4252798557281494,0.04994802922010422,-2.7423859433158624,-1.6025139333306249,-0.06902937820592898,-0.35255306533273745,0.6,-0.023560244318246104,0.2661961345757793,-0.02066545137821916,-3.134398937225342,-3.1186921076798444,0.015706829545497403,1
1780805316.7568412,FLY,spline,1,113,-17.85246100290152,-0.2366206235285506,-1.8959887652876883,-17.868045806884766,-0.5198632478713989,-1.920204997062683,0.01558480398324491,0.2832426243428483,0.024216231774994768,0.28367106013800575,5.431320517555551,1.2,-1.1838397573618271,0.19524868352095123,-0.020034482095264778,-3.907748222351074,-1.418589472770691,0.05009571090340614,-2.7405801701736325,-1.5963864267055123,-0.07013019299867092,-0.3512050138752127,0.6,-0.02130718874573634,0.2664012800888595,-0.020651425339619424,-3.132896900177002,-3.1186921076798444,0.014204792497157559,1
1780805316.7674525,FLY,spline,1,113,-17.85246100290152,-0.2366206235285506,-1.8959887652876883,-17.89515495300293,-0.5296679735183716,-1.9198583364486694,0.04269395010140897,0.29304734998982096,0.023869571160981096,0.29614105205343993,5.404443116813344,1.2,-1.182649306620018,0.20223820911841145,-0.02098390630382494,-3.9042396545410156,-1.411482334136963,0.05013872683048248,-2.7384905231211727,-1.5901416419360317,-0.07112263313430742,-0.349831161225927,0.6,-0.019005495783089854,0.26663986377856363,-0.020637200812992564,-3.1313624382019043,-3.1186921076798444,0.012670330522059903,1
1780805316.778021,FLY,spline,1,114,-18.01028267413659,-0.23908032245177724,-1.9065940028590371,-17.964139938354492,-0.5544335842132568,-1.91897451877594,-0.04614273578209804,0.3153532617614796,0.012380515916902812,0.31871120433561917,5.336134428098415,1.2,-1.1794884954458928,0.21970404235328575,-0.023173754214834866,-3.8919286727905273,-1.3913671970367432,0.04948873445391655,-2.730051933191133,-1.5736897405598356,-0.07266248866875141,-0.3462117429231638,0.6,-0.014168139023166937,0.26733743868416376,-0.020622668315258812,-3.1273069381713867,-3.117861512155942,0.009445426015444625,1
1780805316.7883537,FLY,spline,1,114,-18.01028267413659,-0.23908032245177724,-1.9065940028590371,-17.991132736206055,-0.5640332102775574,-1.9186327457427979,-0.019149937930535543,0.32495288782578013,0.012038742883760722,0.3255166653630155,5.309439711707831,1.2,-1.1781972259347635,0.22643800735800654,-0.024023439041138805,-3.885875701904297,-1.3827608823776245,0.04899829626083374,-2.7265064179421246,-1.5658645787922019,-0.07302173530197255,-0.3444902073342844,0.5998314119472674,-0.011702652496677679,0.26767519161414177,-0.020608063968198417,-3.1256632804870605,-3.117861512155942,0.007801768331118453,0
1780805316.7988384,FLY,spline,1,114,-18.01028267413659,-0.23908032245177724,-1.9065940028590371,-18.018085479736328,-0.5735741853713989,-1.9182958602905273,0.007802805599737894,0.3344938629196217,0.011701857431490215,0.3345848593497888,5.282803618900899,1.2,-1.1768788586377932,0.23310480255625443,-0.02486570161115929,-3.8791024684906006,-1.373735785484314,0.04839836061000824,-2.7222799644793514,-1.557657359345104,-0.07326406222116753,-0.3426846190559229,0.5989015921854574,-0.009181376022678656,0.2680463173699613,-0.020593411155754183,-3.1239824295043945,-3.117861512155942,0.006120917348452437,0
1780805316.8092644,FLY,spline,1,114,-18.01028267413659,-0.23908032245177724,-1.9065940028590371,-18.044960021972656,-0.5830468535423279,-1.9179638624191284,0.03467734783606602,0.34396653109055064,0.011369859560091289,0.34571012852303046,5.256263891302051,1.2,-1.175535822565989,0.23969784170350358,-0.025699699352043057,-3.864011764526367,-1.355177640914917,0.04694533720612526,-2.7071992609688276,-1.5306685611206177,-0.07264503655816831,-0.33674708344653587,0.595583837413142,-0.004389877838474554,0.26874530082126097,-0.02057888214844255,-3.120788097381592,-3.117861512155942,0.0029265852256497027,0
1780805316.819804,FLY,spline,1,115,-18.16805708607932,-0.24164495318960835,-1.9166975096297834,-18.1212100982666,-0.6096386313438416,-1.9170458316802979,-0.046846987812717344,0.36799367815423323,0.0003483220505144935,0.3709635931309247,5.181065542711929,1.2,-1.1716149639825275,0.2579624041232027,-0.027816797644559094,-3.8462557792663574,-1.3351150751113892,0.045443691313266754,-2.694644480180814,-1.520974389502193,-0.07326048895782585,-0.3346143656904825,0.592821785639779,-0.0002794844014233355,0.2697683778884369,-0.020564230050650986,-3.1172001361846924,-3.11701381325041,0.00018632293428222368,0
1780805316.8304791,FLY,spline,1,115,-18.16805708607932,-0.24164495318960835,-1.9166975096297834,-18.147851943969727,-0.6188378930091858,-1.9167333841323853,-0.020205142109592344,0.37719293981957747,3.587450260189584e-05,0.37773371787200066,5.154826967495837,1.2,-1.170196976659597,0.264243585438859,-0.028537052601044954,-3.8359944820404053,-1.3241208791732788,0.04476967826485634,-2.6857322698245176,-1.5156992391731623,-0.0733067308659013,-0.3334538326180957,0.5908610993613939,-0.0002794844014233355,0.2697867385872561,-0.020549568704477807,-3.1172001361846924,-3.11701381325041,0.00018632293428222368,0
1780805316.8412936,FLY,spline,1,116,-18.325783081260447,-0.24431708572022598,-1.9262869972656806,-18.253631591796875,-0.6548241972923279,-1.91552734375,-0.07215148946357175,0.4105071115721019,-0.010759653515680645,0.41679962342003385,5.050828601653689,1.2,-1.1643996119186055,0.28844372407432456,-0.03120515672025371,-3.787795305252075,-1.2762048244476318,0.04259617626667023,-2.630642735623691,-1.466864644245479,-0.07380133298692393,-0.3227102217340054,0.5787414018372121,0.006822508020434048,0.2715949568183301,-0.02053480843788042,-3.111600637435913,-3.1161489761162025,-0.0045483386802893655,0
1780805316.8520682,FLY,spline,1,116,-18.325783081260447,-0.24431708572022598,-1.9262869972656806,-18.253631591796875,-0.6548241972923279,-1.91552734375,-0.07215148946357175,0.4105071115721019,-0.010759653515680645,0.41679962342003385,5.050828601653689,1.2,-1.1643996119186055,0.28844372407432456,-0.03120515672025371,-3.787795305252075,-1.2762048244476318,0.04259617626667023,-2.64785681369131,-1.4621737668074377,-0.07380133298692393,-0.3216782286976363,0.5825284990120881,0.01261500660899606,0.2729891850304499,-0.020520048171283035,-3.107738971710205,-3.1161489761162025,-0.008410004405997373,0
1780805316.8628724,FLY,spline,1,116,-18.325783081260447,-0.24431708572022598,-1.9262869972656806,-18.279844284057617,-0.6635937094688416,-1.9152343273162842,-0.04593879720282956,0.4192766237486156,-0.011052669949396465,0.4217857990858403,5.025100959756198,1.2,-1.1629221432112105,0.2942794083651431,-0.031807524916380184,-3.773988962173462,-1.263275146484375,0.042258843779563904,-2.6358561544591415,-1.455332645634531,-0.07406636869594409,-0.3201731820395968,0.5798883539810111,0.01261500660899606,0.2730252011609107,-0.020505234897543845,-3.107738971710205,-3.1161489761162025,-0.008410004405997373,0
1780805316.8737984,FLY,spline,1,116,-18.325783081260447,-0.24431708572022598,-1.9262869972656806,-18.305936813354492,-0.6722753643989563,-1.9149413108825684,-0.019846267905954562,0.4279582786787303,-0.011345686383112286,0.42841820997648633,4.999508953041082,1.2,-1.1614351154019897,0.3000305450378669,-0.03240593704010063,-3.7458314895629883,-1.2376664876937866,0.04171227291226387,-2.6079396120227614,-1.414481013190797,-0.0741182099523645,-0.31118582290197533,0.5737467146450075,0.020925920648607876,0.27523903040780734,-0.020490411255553374,-3.102198362350464,-3.1161489761162025,-0.013950613765738584,0
1780805316.8846965,FLY,spline,1,116,-18.325783081260447,-0.24431708572022598,-1.9262869972656806,-18.35249900817871,-0.6876074075698853,-1.9144238233566284,0.026715926918264188,0.4432903218496593,-0.011863173909052227,0.4440946410357555,4.953881466335639,1.2,-1.1587516460901115,0.3101205554114911,-0.03346436604397209,-3.7316291332244873,-1.225073218345642,0.041523609310388565,-2.602725095211441,-1.412025826429953,-0.07498797535436066,-0.3106456818145897,0.572599520946517,0.02395359818461862,0.2761875166574635,-0.0204754136604825,-3.10017991065979,-3.1161489761162025,-0.015969065456412412,0
1780805316.8955226,FLY,spline,1,117,-18.4834595022107,-0.2470992900218124,-1.9353501774324835,-18.40394401550293,-0.7043163776397705,-1.91384756565094,-0.07951548670776987,0.4572170876179581,-0.021502611781543557,0.464079926129348,4.903531068895371,1.2,-1.1557840861156292,0.3208930101324255,-0.03450829364095551,-3.6980412006378174,-1.195966124534607,0.0414608009159565,-2.564848171599776,-1.384099729465313,-0.075969094556912,-0.30450194048236884,0.5642665977519508,0.025699029057056455,0.27718865927947245,-0.020460219841571117,-3.0981342792510986,-3.1152669652891363,-0.017132686038037637,0
1780805316.9063406,FLY,spline,1,117,-18.4834595022107,-0.2470992900218124,-1.9353501774324835,-18.42949104309082,-0.7125195264816284,-1.9135595560073853,-0.05396845911987924,0.465420236459816,-0.021790621425098244,0.4685387829049855,4.8785513362435795,1.2,-1.1542865996886214,0.32618583472589685,-0.0350035284428648,-3.663477659225464,-1.1668630838394165,0.041724223643541336,-2.5253980418131694,-1.3493964120475468,-0.07672775208640614,-0.2968672106504603,0.5555875691988973,0.02879251012089923,0.27821230633558636,-0.020444874291153835,-3.09607195854187,-3.1152669652891363,-0.019195006747266152,0
1780805316.9170775,FLY,spline,1,117,-18.4834595022107,-0.2470992900218124,-1.9353501774324835,-18.47538948059082,-0.7270800471305847,-1.9130321741104126,-0.008070021619879242,0.4799807571087723,-0.0223180033220709,0.4800485938357237,4.833709971102023,1.2,-1.1515816969832706,0.33551606418513047,-0.03589659937723586,-3.646181583404541,-1.1525708436965942,0.04196317493915558,-2.524337010353543,-1.3361199158966794,-0.07785977431639143,-0.2939463814972695,0.5553541422777795,0.037591943829090146,0.28120127076347023,-0.020429302336290558,-3.090205669403076,-3.1152669652891363,-0.025061295886060098,0
1780805316.9276967,FLY,spline,1,117,-18.4834595022107,-0.2470992900218124,-1.9353501774324835,-18.525625228881836,-0.7427441477775574,-1.912441372871399,0.04216572667113638,0.49564485775574496,-0.022908804561084573,0.4974351953022802,4.784685438317455,1.2,-1.1486069464855766,0.34545922370377874,-0.03687827603158965,-3.605994462966919,-1.119924545288086,0.04275108128786087,-2.478791635742138,-1.3042291396598953,-0.07962935731945052,-0.28693041072517694,0.5453341598632703,0.04076016911748126,0.2824623216168523,-0.020413376464826667,-3.0880935192108154,-3.1152669652891363,-0.02717344607832084,0
1780805316.9383638,FLY,spline,1,117,-18.4834595022107,-0.2470992900218124,-1.9353501774324835,-18.550506591796875,-0.7504003643989563,-1.91213858127594,0.06704708958617545,0.5033010743771439,-0.023211596156543557,0.5077472635979084,4.760424885724036,1.2,-1.1471290760910093,0.3502832810659923,-0.03736985138089919,-3.565211057662964,-1.0875053405761719,0.0438339039683342,-2.4323546664999904,-1.2666443990612442,-0.08120375534923338,-0.27866176779347374,0.5351180266299979,0.04394055375340655,0.28374390718728076,-0.02039713571375682,-3.0859732627868652,-3.1152669652891363,-0.029293702502271035,0
1780805316.9487085,FLY,spline,1,118,-18.641085191460814,-0.24999413607254975,-1.943874761795947,-18.595077514648438,-0.7639355063438416,-1.911586880683899,-0.046007676812376275,0.5139413702712918,-0.03228788111204817,0.515996548827611,4.716999418434949,1.2,-1.1445436117451564,0.3585728707419131,-0.038018642548831,-3.5449657440185547,-1.0716360807418823,0.04435494914650917,-2.4295669688224177,-1.2519615811178688,-0.08237359169534017,-0.27543154784593116,0.5345047331409319,0.05155423487416999,0.28725376419333754,-0.020380660995417754,-3.079998254776001,-3.1143677446921143,-0.03436948991611333,0
1780805316.9595695,FLY,spline,1,118,-18.641085191460814,-0.24999413607254975,-1.943874761795947,-18.643827438354492,-0.7784374952316284,-1.9109569787979126,0.002742246893678413,0.5284433591590787,-0.032917782998034495,0.528450474271106,4.669547446837134,1.2,-1.141672892045507,0.3675244013993367,-0.038843557310150746,-3.498135566711426,-1.0353965759277344,0.04549475386738777,-2.3755482744831067,-1.2160413527501792,-0.08433831117753851,-0.26752909760503946,0.5226206203862834,0.05471602286092536,0.28870160004235706,-0.020363793333182247,-3.077890396118164,-3.1143677446921143,-0.03647734857395024,0
1780805316.9704125,FLY,spline,1,118,-18.641085191460814,-0.24999413607254975,-1.943874761795947,-18.643827438354492,-0.7784374952316284,-1.9109569787979126,0.002742246893678413,0.5284433591590787,-0.032917782998034495,0.528450474271106,4.669547446837134,1.2,-1.141672892045507,0.3675244013993367,-0.038843557310150746,-3.498135566711426,-1.0353965759277344,0.04549475386738777,-2.3977488473323296,-1.2212204436270986,-0.08433831117753851,-0.2686684975979617,0.5275047464131125,0.05786314810506599,0.29002511934656927,-0.02034692567094674,-3.0757923126220703,-3.1143677446921143,-0.03857543207004399,0
1780805316.9812431,FLY,spline,1,118,-18.641085191460814,-0.24999413607254975,-1.943874761795947,-18.70914077758789,-0.7973730564117432,-1.9100780487060547,0.06805558612707685,0.5473789203391934,-0.033796713089892405,0.5515933694623251,4.606044481009551,1.2,-1.1378513797894165,0.3790735756903429,-0.03996825896457066,-3.429720401763916,-0.9834976196289062,0.04674272984266281,-2.310757159214096,-1.157588025722858,-0.08671098880723346,-0.25466936565902876,0.5083665750271011,0.0663947185396363,0.29397880513861424,-0.020329583473185295,-3.0701045989990234,-3.1143677446921143,-0.044263145693090866,0
1780805316.9922504,FLY,spline,1,119,-18.79865899154154,-0.2530041938506203,-1.9518484620218246,-18.756210327148438,-0.8106152415275574,-1.909423828125,-0.042448664393102575,0.5576110476769371,-0.042424633896824604,0.5592244358038458,4.560323682282375,1.2,-1.1352147485280848,0.38683890625166684,-0.04053560576001063,-3.376042127609253,-0.9434633255004883,0.04702052101492882,-2.249713583756389,-1.1185942639725794,-0.08755612677493946,-0.24609073807396747,0.49493698842640554,0.06813459906879049,0.29551122178017886,-0.020312072247830305,-3.068028211593628,-3.1134512776394883,-0.04542306604586033,0
1780805317.0030923,FLY,spline,1,119,-18.79865899154154,-0.2530041938506203,-1.9518484620218246,-18.756210327148438,-0.8106152415275574,-1.909423828125,-0.042448664393102575,0.5576110476769371,-0.042424633896824604,0.5592244358038458,4.560323682282375,1.2,-1.1352147485280848,0.38683890625166684,-0.04053560576001063,-3.376042127609253,-0.9434633255004883,0.04702052101492882,-2.274561939789116,-1.1316182843939215,-0.08755612677493946,-0.24895602256666274,0.5004036267536055,0.06813459906879049,0.2955287330055339,-0.020294561022475316,-3.068028211593628,-3.1134512776394883,-0.04542306604586033,0
1780805317.0138903,FLY,spline,1,119,-18.79865899154154,-0.2530041938506203,-1.9518484620218246,-18.822303771972656,-0.8285937309265137,-1.9084911346435547,0.023644780431116175,0.5755895370758934,-0.043357327378269916,0.576074987161287,4.496178280782974,1.2,-1.1314962434285307,0.3974865595283198,-0.04148115356957613,-3.2939248085021973,-0.8832331895828247,0.04672488942742348,-2.1694507002706627,-1.0536650873747513,-0.0882060429969996,-0.2318063192224453,0.4772791540595458,0.08003073249164205,0.30152887426380653,-0.020276919813875915,-3.0600974559783936,-3.1134512776394883,-0.0533538216610947,0
1780805317.0245683,FLY,spline,1,119,-18.79865899154154,-0.2530041938506203,-1.9518484620218246,-18.867422103881836,-0.8404101133346558,-1.9078515768051147,0.06876311234029586,0.5874059194840355,-0.04399688521670986,0.59141701012366,4.452419100567308,1.2,-1.1290224458635563,0.4043929166191652,-0.04212701893699663,-3.2329885959625244,-0.8392012715339661,0.045974649488925934,-2.1004223403794873,-1.0119269104093012,-0.08810166842592257,-0.22262392029004627,0.4620929148834872,0.08301764045062643,0.30313935308249607,-0.020259299480190732,-3.0581061840057373,-3.1134512776394883,-0.05534509363375095,0
1780805317.035051,FLY,spline,1,119,-18.79865899154154,-0.2530041938506203,-1.9518484620218246,-18.867422103881836,-0.8404101133346558,-1.9078515768051147,0.06876311234029586,0.5874059194840355,-0.04399688521670986,0.59141701012366,4.452419100567308,1.2,-1.1290224458635563,0.4043929166191652,-0.04212701893699663,-3.2329885959625244,-0.8392012715339661,0.045974649488925934,-2.132446995630804,-1.0232335662225498,-0.08810166842592257,-0.22511138456896096,0.46913833903877683,0.08601527724567037,0.304796506816565,-0.02024167914650555,-3.056107759475708,-3.1134512776394883,-0.05734351816378025,0
1780805317.0456066,FLY,spline,1,120,-18.956179744983594,-0.2561320333342061,-1.9592589897758708,-18.92949104309082,-0.8559862971305847,-1.9069726467132568,-0.02668870189277328,0.5998542637963786,-0.05228634306261393,0.6004476868166091,4.392246367742383,1.2,-1.1258360444730862,0.41312230270865075,-0.042698524212166786,-3.1419615745544434,-0.7743251919746399,0.04411930963397026,-2.009038533797572,-0.9496543051085196,-0.08681783384613705,-0.2089239471238743,0.4419884774354658,0.08979059919180288,0.30769631191369523,-0.02022431557973632,-3.052657127380371,-3.112517526841573,-0.05986039946120192,0
1780805317.0564597,FLY,spline,1,120,-18.956179744983594,-0.2561320333342061,-1.9592589897758708,-18.972421646118164,-0.8662402033805847,-1.9063867330551147,0.01624190113457047,0.6101081700463786,-0.05287225672075602,0.6103243223973677,4.350635548363159,1.2,-1.123672872612924,0.4189234637471388,-0.043155612333966226,-3.073540687561035,-0.7261354923248291,0.04166426137089729,-1.9320414256560836,-0.9008000985221842,-0.08481987370486352,-0.19817602167488052,0.4250491136443384,0.09517218335928335,0.3108900091798411,-0.020207351604995347,-3.049069404602051,-3.112517526841573,-0.06344812223952223,0
1780805317.0671046,FLY,spline,1,121,-19.11364629431772,-0.2593802245014894,-1.966094056723839,-19.02910041809082,-0.8790722489356995,-1.9056590795516968,-0.08454587622690113,0.6196920244342101,-0.06043497717214219,0.62543281840206,4.295697986017561,1.2,-1.1210548547057766,0.4258351509970791,-0.04359400091646272,-2.9754676818847656,-0.6578239798545837,0.036779388785362244,-1.8054741571938082,-0.8348544180428566,-0.08037338970182496,-0.18366797196942847,0.39720431458263783,0.09374557471088685,0.3105503651375385,-0.020191276927054982,-3.049069404602051,-3.1115664544093087,-0.0624970498072579,0
1780805317.0779526,FLY,spline,1,121,-19.11364629431772,-0.2593802245014894,-1.966094056723839,-19.04949188232422,-0.8834570050239563,-1.9054198265075684,-0.06415441199350269,0.624076780522467,-0.06067423021627061,0.6273656163398816,4.275927372501418,1.2,-1.120135567241324,0.4282349350516135,-0.04371671765237545,-2.9378976821899414,-0.6318570375442505,0.03453751653432846,-1.7908378858724445,-0.8138816970218185,-0.07825423418670391,-0.17905397334480005,0.3939843348919378,0.10271666979603089,0.3166788517697559,-0.02017562608021764,-3.043088674545288,-3.1115664544093087,-0.0684777798640206,0
1780805317.0887015,FLY,spline,1,121,-19.11364629431772,-0.2593802245014894,-1.966094056723839,-19.06964874267578,-0.8876659870147705,-1.9051952362060547,-0.04399755164194019,0.6282857625132812,-0.06089882051778428,0.629824407217901,4.2563801031876185,1.2,-1.1192542561188605,0.43052157697687926,-0.043830148495722525,-2.899641275405884,-0.6055286526679993,0.03229499235749245,-1.7653897503252831,-0.7976662646824594,-0.07612514085321498,-0.17548657823014108,0.38838574507156226,0.10484777426533021,0.3182046690149593,-0.020160401052046997,-3.041667938232422,-3.1115664544093087,-0.0698985161768868,0
1780805317.0991807,FLY,spline,1,121,-19.11364629431772,-0.2593802245014894,-1.966094056723839,-19.08953094482422,-0.8916894197463989,-1.9049901962280273,-0.02411534949350269,0.6323091952449096,-0.061103860495811624,0.6327688902533523,4.237094058671379,1.2,-1.1184136142980006,0.43269049583967534,-0.04393087937771297,-2.8244903087615967,-0.5540895462036133,0.026980195194482803,-1.67306261844815,-0.7455319661246951,-0.07091107457219578,-0.1640170325474329,0.36807377605859304,0.10685513949207581,0.3194726449958327,-0.020146218837132558,-3.040329694747925,-3.1115664544093087,-0.07123675966138387,0
1780805317.1099756,FLY,spline,1,121,-19.11364629431772,-0.2593802245014894,-1.966094056723839,-19.08953094482422,-0.8916894197463989,-1.9049901962280273,-0.02411534949350269,0.6323091952449096,-0.061103860495811624,0.6327688902533523,4.237094058671379,1.2,-1.1184136142980006,0.43269049583967534,-0.04393087937771297,-2.8244903087615967,-0.5540895462036133,0.026980195194482803,-1.7120021455248078,-0.7607658655285066,-0.07091107457219578,-0.16736849041627144,0.3766404720154577,0.11025975680164612,0.3225142940360452,-0.02013203662221812,-3.038059949874878,-3.1115664544093087,-0.07350650453443075,0
1780805317.1206212,FLY,spline,1,121,-19.11364629431772,-0.2593802245014894,-1.966094056723839,-19.143827438354492,-0.9019628763198853,-1.9045214653015137,0.030181144036770746,0.6425826518183959,-0.061572591422325296,0.6432910428984148,4.184388328422535,1.2,-1.116281964574373,0.43813901856112414,-0.04414494286182607,-2.74656343460083,-0.5011127591133118,0.02080787532031536,-1.6104612373403893,-0.7090228208385322,-0.06495281818214144,-0.15598502058447708,0.3543014722148856,0.1120872352104596,0.3237533968682389,-0.020119046058581693,-3.036841630935669,-3.1115664544093087,-0.07472482347363973,0
1780805317.1313157,FLY,spline,1,121,-19.11364629431772,-0.2593802245014894,-1.966094056723839,-19.162616729736328,-0.9052441120147705,-1.9043993949890137,0.048970435418606684,0.6458638875132812,-0.061694661734825296,0.6477177353900819,4.1661318367278595,1.2,-1.1156088970643239,0.4398452579625489,-0.04419205628596246,-2.7046008110046387,-0.47272735834121704,0.017365355044603348,-1.573829003930951,-0.6880256266613729,-0.06155741133056581,-0.15136563786550203,0.34624238086480924,0.11383925413898743,0.3251987966235454,-0.02010673457631558,-3.0356736183166504,-3.1115664544093087,-0.07589283609265829,0
1780805317.1421785,FLY,spline,1,122,-19.27105748207466,-0.2627513373306523,-1.972341374531484,-19.181093215942383,-0.9083300828933716,-1.9043066501617432,-0.08996426613227726,0.6455787455627193,-0.06803472436974078,0.6518170647528749,4.148169295902208,1.2,-1.1150910977639683,0.4411659703057945,-0.04409569516057769,-2.6222991943359375,-0.4173242747783661,0.010140475817024708,-1.4679822924275012,-0.6251719797903309,-0.054236170977602395,-0.1375378355538728,0.32295610433405025,0.11859824376426742,0.33123014483773505,-0.020095887342120058,-3.0315325260162354,-3.1105980218590803,-0.07906549584284495,0
1780805317.1529517,FLY,spline,1,122,-19.27105748207466,-0.2627513373306523,-1.972341374531484,-19.23160171508789,-0.9159374833106995,-1.9041894674301147,-0.03945576698676945,0.6531861459800472,-0.0681519071013692,0.6543767254791247,4.098996939607405,1.2,-1.1135967111937948,0.4449429210662674,-0.04391083933815511,-2.537388324737549,-0.3605108857154846,0.002423953963443637,-1.3638833394173773,-0.5729277019083403,-0.046334793301598745,-0.12604409441983486,0.300054334671823,0.12006308751426742,0.33234111703595987,-0.02008662038345974,-3.0305559635162354,-3.1105980218590803,-0.08004205834284495,0
1780805317.1638749,FLY,spline,1,122,-19.27105748207466,-0.2627513373306523,-1.972341374531484,-19.248905181884766,-0.9182323813438416,-1.9041991233825684,-0.022152300189894447,0.6554810440131893,-0.06814225114891559,0.6558552610632348,4.082122591849577,1.2,-1.1131615894043732,0.44603987218458363,-0.04381447587601753,-2.491945505142212,-0.3302362263202667,-0.0017502974951639771,-1.3292589082504431,-0.5554496935578964,-0.04206417838085355,-0.12219893258273722,0.2924369598150975,0.12006308751426742,0.3320078806779765,-0.02007820754778357,-3.0305559635162354,-3.1105980218590803,-0.08004205834284495,0
1780805317.1745617,FLY,spline,1,122,-19.27105748207466,-0.2627513373306523,-1.972341374531484,-19.265897750854492,-0.9203124642372131,-1.9042431116104126,-0.005159731220167885,0.6575611269065609,-0.06809826292107135,0.6575813702081976,4.065534084400183,1.2,-1.112777730901498,0.44700820369460836,-0.04369653807148502,-2.404641628265381,-0.27230629324913025,-0.010447482578456402,-1.2195032039760578,-0.4981787444186455,-0.03324905549302862,-0.10959932377210202,0.2682907048747327,0.1213959665807347,0.3330174096635459,-0.020071557736684963,-3.029667377471924,-3.1105980218590803,-0.08093064438715647,0
1780805317.185382,FLY,spline,1,122,-19.27105748207466,-0.2627513373306523,-1.972341374531484,-19.31085968017578,-0.9249218702316284,-1.9045312404632568,0.03980219810112118,0.6621705329009762,-0.06781013406822711,0.6633656831763636,4.021546422893698,1.2,-1.111987326048903,0.4490122325202408,-0.043268946760925756,-2.314823627471924,-0.2129942625761032,-0.019836148247122765,-1.1119139892958907,-0.44262011406721746,-0.02343279851380299,-0.09737642509478785,0.24462107764509594,0.12416615205131576,0.3366968220068232,-0.020066871176982203,-3.027820587158203,-3.1105980218590803,-0.08277743470087717,0
1780805317.1959538,FLY,spline,1,122,-19.27105748207466,-0.2627513373306523,-1.972341374531484,-19.326601028442383,-0.9261816143989563,-1.9047069549560547,0.05554354636772274,0.663430277068304,-0.06763441957542926,0.6657513184921454,4.006106254215294,1.2,-1.1118004384354183,0.44949403640820906,-0.04306850738379069,-2.2659621238708496,-0.1808369904756546,-0.024986961856484413,-1.0766682863554742,-0.4236757439234803,-0.01808154552730628,-0.09320866366316566,0.2368670229982043,0.12555732446037338,0.33937273508242516,-0.020063254867876742,-3.026893138885498,-3.1105980218590803,-0.08370488297358225,0
1780805317.2064412,FLY,spline,1,123,-19.428412150785146,-0.26624794179987715,-1.9779886548645602,-19.341991424560547,-0.9272167682647705,-1.9049170017242432,-0.08642072622459906,0.6609688264648934,-0.07307165314031705,0.6665945780454304,3.990987145670556,1.2,-1.11178918147694,0.44955666842729536,-0.04270383850880622,-2.171431303024292,-0.11883342266082764,-0.03504849225282669,-0.9578611846267647,-0.3632398497509987,-0.00765534625597953,-0.07991276694521972,0.21072946061788825,0.1247305324528516,0.3411474561115598,-0.020061723798625544,-3.026458501815796,-3.109612190117697,-0.08315368830190106,0
1780805317.2167914,FLY,spline,1,123,-19.428412150785146,-0.26624794179987715,-1.9779886548645602,-19.36882781982422,-0.928515613079071,-1.9053857326507568,-0.05958433096092719,0.662267671279194,-0.07260292221380338,0.6649426749108737,3.9645622893595283,1.2,-1.111695961647925,0.4498386990151242,-0.04215724995864745,-2.1258513927459717,-0.08902732282876968,-0.040032729506492615,-0.9281883434872981,-0.34848591382779115,-0.002124520452154832,-0.07666690104211406,0.20420143556720557,0.12486893443802005,0.34208561429068834,-0.020061298894535114,-3.0263662338256836,-3.109612190117697,-0.08324595629201337,0
1780805317.2274618,FLY,spline,1,123,-19.428412150785146,-0.26624794179987715,-1.9779886548645602,-19.41097640991211,-0.928955078125,-1.906469702720642,-0.017435740873036565,0.6627071363251229,-0.07151895214391812,0.6629364627142157,3.9228574167794954,1.2,-1.1119571536110204,0.44929413435754284,-0.04106177498822943,-1.9228447675704956,0.04311706870794296,-0.06388819217681885,-0.6230733290078795,-0.19602451557928502,0.022826417188589417,-0.043125393427442704,0.1370761323817335,0.12492007522323734,0.3414458412369936,-0.020065864177972834,-3.026332139968872,-3.109612190117697,-0.08328005014882489,0
1780805317.2383857,FLY,spline,1,123,-19.428412150785146,-0.26624794179987715,-1.9779886548645602,-19.434492111206055,-0.9282323718070984,-1.9072948694229126,0.006079960420908748,0.6619844300072213,-0.07069378544164762,0.6620123499533113,3.8994631798835844,1.2,-1.112349020953742,0.448392269386631,-0.040299234950038045,-1.875125527381897,0.07403943687677383,-0.06971621513366699,-0.6094810695141876,-0.18859962575274294,0.029416980183628948,-0.04149191766560345,0.13408583529312126,0.1248145750019849,0.34222117808886104,-0.02007174757400956,-3.026402473449707,-3.109612190117697,-0.08320971666798993,0
1780805317.2494197,FLY,spline,1,123,-19.428412150785146,-0.26624794179987715,-1.9779886548645602,-19.434492111206055,-0.9282323718070984,-1.9072948694229126,0.006079960420908748,0.6619844300072213,-0.07069378544164762,0.6620123499533113,3.8994631798835844,1.2,-1.112349020953742,0.448392269386631,-0.040299234950038045,-1.875125527381897,0.07403943687677383,-0.06971621513366699,-0.6667007431274461,-0.21777197902841844,0.029416980183628948,-0.047909835386252056,0.14667416348803813,0.1237084320042432,0.34555273723084456,-0.020077630970046285,-3.027139902114868,-3.109612190117697,-0.0824722880028288,0
1780805317.2599115,FLY,spline,1,123,-19.428412150785146,-0.26624794179987715,-1.9779886548645602,-19.459413528442383,-0.9264843463897705,-1.9084032773971558,0.031001377657236873,0.6602364045898934,-0.06958537746740445,0.6609638381654749,3.8745398175828307,1.2,-1.1130131429889683,0.44682765705718297,-0.03932923114690845,-1.766859531402588,0.14402732253074646,-0.08292390406131744,-0.5205402072780462,-0.1443702641162679,0.043594672914408994,-0.03176145810557894,0.11451884560117016,0.1227778842900098,0.34537914713493784,-0.020086349904629167,-3.0277602672576904,-3.109612190117697,-0.08185192286000653,0
1780805317.2705684,FLY,spline,1,123,-19.428412150785146,-0.26624794179987715,-1.9779886548645602,-19.471288681030273,-0.9252343773841858,-1.909023404121399,0.0428765302451275,0.6589864355843087,-0.06896525074316129,0.6603798294390688,3.8626077849260647,1.2,-1.113434580460969,0.44582253617625917,-0.038803366749204975,-1.662279486656189,0.2114354521036148,-0.09590362012386322,-0.39005507805429107,-0.08022788089569832,0.057100253374658246,-0.01765013379705363,0.08581211717194404,0.11944479255416995,0.34667909381178114,-0.020097769955304098,-3.029982328414917,-3.109612190117697,-0.07962986170277997,0
1780805317.2812214,FLY,spline,1,123,-19.428412150785146,-0.26624794179987715,-1.9779886548645602,-19.49183464050293,-0.9223729968070984,-1.9102685451507568,0.06342248971778375,0.6561250550072213,-0.06772010971380338,0.6591832067113297,3.841869509707775,1.2,-1.1143387847686446,0.4436465629335195,-0.03777300567356873,-1.6120588779449463,0.24374090135097504,-0.10234534740447998,-0.3570107919776038,-0.06228721370402035,0.06457234173091125,-0.013703187014884478,0.07854237423507285,0.11816663055160648,0.346874624968506,-0.020110684423650278,-3.030834436416626,-3.109612190117697,-0.07877775370107098,0
1780805317.2920945,FLY,spline,1,124,-19.585709142979912,-0.269872607887346,-1.983023609388822,-19.513086318969727,-0.9182323813438416,-1.911840796470642,-0.07262282401018538,0.6483597734564955,-0.07118281291817996,0.6524143395142175,3.82026046449324,1.2,-1.1156890345988897,0.44036249967757274,-0.03631593250237662,-1.499911904335022,0.3157338500022888,-0.11703229695558548,-0.21115408050547999,0.01272964530395511,0.08071636445320886,0.002800521966870124,0.046453897711205595,0.11522406063437618,0.346291111535794,-0.02012682769654092,-3.0317928791046143,-3.1086089195275317,-0.07681604042291745,0
1780805317.3027518,FLY,spline,1,124,-19.585709142979912,-0.269872607887346,-1.983023609388822,-19.513086318969727,-0.9182323813438416,-1.911840796470642,-0.07262282401018538,0.6483597734564955,-0.07118281291817996,0.6524143395142175,3.82026046449324,1.2,-1.1156890345988897,0.44036249967757274,-0.03631593250237662,-1.499911904335022,0.3157338500022888,-0.11703229695558548,-0.26646104129068604,-0.015901813440172278,0.08071636445320886,-0.0034983989568379012,0.05862142908395093,0.1136479946172253,0.34692354748459875,-0.02014297096943156,-3.032843589782715,-3.1086089195275317,-0.07576532974481687,0
1780805317.3130968,FLY,spline,1,124,-19.585709142979912,-0.269872607887346,-1.983023609388822,-19.54097557067871,-0.9105077981948853,-1.9144774675369263,-0.04473357230120101,0.6406351903075392,-0.06854614185189578,0.6421950946178301,3.791598145779304,1.2,-1.11786895939492,0.43497408875505256,-0.034154527269895575,-1.335929274559021,0.4206511974334717,-0.13911671936511993,-0.021961481668638774,0.11075577348041936,0.10496219209522437,0.024366270165692257,0.0048315259671005304,0.11040323696494259,0.3460192264263018,-0.020163963407850604,-3.0350067615509033,-3.1086089195275317,-0.07360215797662839,0
1780805317.3239436,FLY,spline,1,124,-19.585709142979912,-0.269872607887346,-1.983023609388822,-19.549842834472656,-0.9073339700698853,-1.9154980182647705,-0.035866308507255695,0.6374613621825392,-0.06752559112405154,0.6384695610297769,3.7823911186472903,1.2,-1.1187360595314473,0.4328027854640171,-0.03333733640587151,-1.2786216735839844,0.4572250247001648,-0.14690867066383362,0.017929108580056387,0.13200088044612981,0.1135713342579621,0.02904019369814856,-0.003944403887612405,0.1065369220769421,0.34616418875265526,-0.020186677674702197,-3.0375843048095703,-3.1086089195275317,-0.0710246147179614,0
1780805317.3343613,FLY,spline,1,124,-19.585709142979912,-0.269872607887346,-1.983023609388822,-19.558319091796875,-0.9039062261581421,-1.9165722131729126,-0.027390051183036945,0.6340336182707961,-0.06645139621590945,0.634624963266784,3.7735393281611382,1.2,-1.1196592595521593,0.43047397185949354,-0.03248541288982706,-1.2210865020751953,0.49389803409576416,-0.15481819212436676,0.06490399574576071,0.15710827625310042,0.1223327792345397,0.03456382077568209,-0.014278879064067357,0.10455780945182003,0.345818395493166,-0.020211144230549104,-3.0389037132263184,-3.1086089195275317,-0.06970520630121335,0
1780805317.3451307,FLY,spline,1,124,-19.585709142979912,-0.269872607887346,-1.983023609388822,-19.579608917236328,-0.8931933641433716,-1.9198095798492432,-0.00610022574358382,0.6233207562560256,-0.06321402953957889,0.6233506059463697,3.7510405682849237,1.2,-1.1224757750885395,0.4232620435816762,-0.02995624813699861,-1.061984658241272,0.5950596928596497,-0.1769828349351883,0.2914285849211199,0.27917187697428114,0.1470265867981897,0.06141781293434185,-0.06411428868264638,0.09827822170615352,0.34430971897736334,-0.020240549547908743,-3.0430901050567627,-3.1086089195275317,-0.06551881447076902,0
1780805317.3559334,FLY,spline,1,124,-19.585709142979912,-0.269872607887346,-1.983023609388822,-19.593124389648438,-0.8841601610183716,-1.9224364757537842,0.007415246668525555,0.6142875531310256,-0.06058713363503787,0.6143323073181628,3.736482314394603,1.2,-1.1247850974902656,0.4172266576609181,-0.027935651073719273,-0.9457116723060608,0.6687660217285156,-0.19341659545898438,0.4278802073626157,0.353969556313372,0.16548094438526512,0.07787330238894184,-0.09413364561977546,0.09570330105185665,0.3427858916908413,-0.020273645736785795,-3.044806718826294,-3.1086089195275317,-0.06380220070123777,0
1780805317.366675,FLY,spline,1,124,-19.585709142979912,-0.269872607887346,-1.983023609388822,-19.593124389648438,-0.8841601610183716,-1.9224364757537842,0.007415246668525555,0.6142875531310256,-0.06058713363503787,0.6143323073181628,3.736482314394603,1.2,-1.1247850974902656,0.4172266576609181,-0.027935651073719273,-0.9457116723060608,0.6687660217285156,-0.19341659545898438,0.3596797434940815,0.31837418815730717,0.16548094438526512,0.07004232139460757,-0.07912954356869793,0.09287696800589718,0.3425796816944979,-0.020306741925662848,-3.0466909408569336,-3.1086089195275317,-0.06191797867059812,0
1780805317.3772042,FLY,spline,1,124,-19.585709142979912,-0.269872607887346,-1.983023609388822,-19.59929656982422,-0.8792577981948853,-1.9238379001617432,0.013587426844306805,0.6093851903075392,-0.059185709227078886,0.6095366505259591,3.729740965098475,1.2,-1.1260180709576961,0.413958400240959,-0.026865344714971397,-0.8335489630699158,0.7396882176399231,-0.20927268266677856,0.5026960665270083,0.3958808487214348,0.18240733795180716,0.08709378671871566,-0.11059313463594182,0.08689099274039425,0.34040834348742305,-0.02034322339325321,-3.0506815910339355,-3.1086089195275317,-0.057927328493596164,0
1780805317.3879905,FLY,spline,1,124,-19.585709142979912,-0.269872607887346,-1.983023609388822,-19.619335174560547,-0.8579687476158142,-1.929775357246399,0.03362603158063493,0.5880961397284682,-0.053248252142423125,0.5890566862054856,3.707235329620491,1.2,-1.1312300056024926,0.3997728166282644,-0.022368940736845293,-0.664476215839386,0.8462769985198975,-0.23312126100063324,0.7421497347171595,0.5353072272210297,0.21075232026378796,0.11776758998862655,-0.1632729416377751,0.08342557869315304,0.33750490089637647,-0.020385373857305968,-3.0529918670654297,-3.1086089195275317,-0.05561705246210202,0
1780805317.3987875,FLY,spline,1,124,-19.585709142979912,-0.269872607887346,-1.983023609388822,-19.619335174560547,-0.8579687476158142,-1.929775357246399,0.03362603158063493,0.5880961397284682,-0.053248252142423125,0.5890566862054856,3.707235329620491,1.2,-1.1312300056024926,0.3997728166282644,-0.022368940736845293,-0.664476215839386,0.8462769985198975,-0.23312126100063324,0.6685490591403097,0.4988282776661147,0.21075232026378796,0.10974222108654523,-0.14708079301086813,0.07653230152487911,0.336201395293778,-0.020427524321358727,-3.0575873851776123,-3.1086089195275317,-0.051021534349919406,0
1780805317.4094741,FLY,spline,1,124,-19.585709142979912,-0.269872607887346,-1.983023609388822,-19.623554229736328,-0.8518456816673279,-1.9314452409744263,0.03784508675641618,0.5819730737799819,-0.05157836841439578,0.5832022884013067,3.7023138603582795,1.2,-1.1326901750637783,0.3956858231221727,-0.021111529885719914,-0.5586157441139221,0.9127990007400513,-0.24614273011684418,0.7968668131826276,0.5725397638234632,0.22503120023112427,0.1259587480411619,-0.17531069890017809,0.07002562008261837,0.3335690336119136,-0.020472530561404953,-3.061925172805786,-3.1086089195275317,-0.04668374672174558,0
1780805317.420199,FLY,spline,1,124,-19.585709142979912,-0.269872607887346,-1.983023609388822,-19.633281707763672,-0.8337011337280273,-1.9362744092941284,0.04757256478375993,0.5638285258406813,-0.04674920009469363,0.5658319145044586,3.6905379416788118,1.2,-1.1369244092325326,0.3835325960936207,-0.017482431894452727,-0.4557726979255676,0.9772472381591797,-0.25636306405067444,0.919091935537648,0.6548682278615361,0.2388806321562217,0.14407101012953794,-0.20220022581828256,0.06250649414420284,0.3305389319633315,-0.020520306687836196,-3.0669379234313965,-3.1086089195275317,-0.04167099609613523,0
1780805317.4308095,FLY,spline,1,124,-19.585709142979912,-0.269872607887346,-1.983023609388822,-19.63605499267578,-0.8266796469688416,-1.938085913658142,0.050345849695869305,0.5568070390814955,-0.04493769573067996,0.5590785126905712,3.6869869634619836,1.2,-1.1385264131238675,0.37881083333260507,-0.016123249336220877,-0.40215182304382324,1.0107753276824951,-0.2609888017177582,0.9531005334282059,0.6752240315117871,0.2448655523815373,0.14854928693259317,-0.2096821173542053,0.06250649414420284,0.33001116523482993,-0.020569279798312502,-3.0669379234313965,-3.1086089195275317,-0.04167099609613523,0
1780805317.441466,FLY,spline,1,124,-19.585709142979912,-0.269872607887346,-1.983023609388822,-19.64339828491211,-0.7982617020606995,-1.9451024532318115,0.05768914193219743,0.5283890941733534,-0.03792115615701053,0.5315289944473492,3.6766008294739843,1.2,-1.1448129758586387,0.3595627513123303,-0.010857171565140782,-0.20849692821502686,1.13133704662323,-0.2712545096874237,1.231360826988279,0.8531018017923149,0.26039733812228294,0.18768239639430928,-0.27089938193742136,0.051996883968116414,0.3257481261093664,-0.02062135926593696,-3.073944330215454,-3.1086089195275317,-0.03466458931207761,0
1780805317.4522932,FLY,spline,1,124,-19.585709142979912,-0.269872607887346,-1.983023609388822,-19.64339828491211,-0.7982617020606995,-1.9451024532318115,0.05768914193219743,0.5283890941733534,-0.03792115615701053,0.5315289944473492,3.6766008294739843,1.2,-1.1448129758586387,0.3595627513123303,-0.010857171565140782,-0.20849692821502686,1.13133704662323,-0.2712545096874237,1.1557636628686978,0.8121717125434106,0.26039733812228294,0.17867777675955032,-0.25426800583111353,0.048125919917823445,0.3244822020171568,-0.020673438733561415,-3.0765249729156494,-3.1086089195275317,-0.0320839466118823,0
1780805317.4628677,FLY,spline,1,124,-19.585709142979912,-0.269872607887346,-1.983023609388822,-19.64449119567871,-0.7901952862739563,-1.946997046470642,0.05878205269879899,0.5203226783866103,-0.03602656291817996,0.5236325232096458,3.674676854233468,1.2,-1.1465401539647815,0.3540574357093854,-0.00943438208412627,-0.15876717865467072,1.1621499061584473,-0.27282634377479553,1.1881799524382963,0.8369842073910946,0.26339196169066925,0.1841365256260408,-0.26139958953642517,0.04427498302817501,0.32294197479648323,-0.02072611712589955,-3.079092264175415,-3.1086089195275317,-0.029516655352116672,0
1780805317.4736347,FLY,spline,1,124,-19.585709142979912,-0.269872607887346,-1.983023609388822,-19.645273208618164,-0.7819140553474426,-1.9488964080810547,0.05956406563825212,0.5120414474600966,-0.03412720130776736,0.5154942500478438,3.673057788119686,1.2,-1.14828748748496,0.3483844662938635,-0.008006855226455958,-0.06755614280700684,1.2184677124023438,-0.27361759543418884,1.2904871005212466,0.9087304128867477,0.2656107402077329,0.19992069083508449,-0.28390716211467426,0.033036527255775106,0.3186992174118805,-0.020779239273941097,-3.0865845680236816,-3.1086089195275317,-0.02202435150385007,0
1780805317.4840248,FLY,spline,1,124,-19.585709142979912,-0.269872607887346,-1.983023609388822,-19.645702362060547,-0.7578808665275574,-1.954164981842041,0.05999321908063493,0.48800825864021136,-0.028858627546781035,0.4916820586890562,3.6702945341019553,1.2,-1.1532092085627188,0.33180142660899753,-0.004041606905922548,0.020785478875041008,1.2727417945861816,-0.2726169526576996,1.3940292906754355,0.9876210821996634,0.26857534575177705,0.21727663808392594,-0.3066864439485958,0.02904861889243282,0.31689817553559413,-0.020832954343091452,-3.089243173599243,-3.1086089195275317,-0.019365745928288547,0
1780805317.4947393,FLY,spline,1,124,-19.585709142979912,-0.269872607887346,-1.983023609388822,-19.645233154296875,-0.7488476634025574,-1.9560497999191284,0.059524011316963055,0.47897505551521136,-0.026973809469693633,0.4826595194638367,3.669923949266816,1.2,-1.155001466824123,0.3255222604905428,-0.002620984405073176,0.06665962934494019,1.3008097410202026,-0.2717227041721344,1.4187291266327893,1.0093765394154572,0.2691017197670612,0.2220628386714006,-0.31212040785921363,0.025155124286414754,0.31529957098328754,-0.020886774687044866,-3.091838836669922,-3.1086089195275317,-0.016770082857609836,0
1780805317.5051322,FLY,spline,1,124,-19.585709142979912,-0.269872607887346,-1.983023609388822,-19.644453048706055,-0.7396289110183716,-1.957924723625183,0.05874390572614274,0.46975630313102557,-0.025098885763638945,0.4734150724166795,3.6698687433898276,1.2,-1.1567979853059935,0.3190877082517052,-0.0012064968581976601,0.1514306366443634,1.352427363395691,-0.26790234446525574,1.5139227123545516,1.0703265303943086,0.26669584760705806,0.2354718366867479,-0.3330629967180013,0.021308478931190145,0.31391116835499544,-0.020940113856566276,-3.0944032669067383,-3.1086089195275317,-0.01420565262079343,0
1780805317.5158246,FLY,spline,1,124,-19.585709142979912,-0.269872607887346,-1.983023609388822,-19.6387882232666,-0.7027831673622131,-1.9649120569229126,0.05307908028668962,0.4329105594748671,-0.018111552465909453,0.4361524289384656,3.6724181502296824,1.2,-1.1636468772190776,0.29310291726797993,0.004077379953864701,0.2753702998161316,1.4272363185882568,-0.2592465281486511,1.671479937481064,1.2077491546120573,0.2633239081025158,0.2657048140146526,-0.36772558624583407,0.006858167270423543,0.3079347012688158,-0.020992778638186778,-3.104036808013916,-3.1086089195275317,-0.004572111513615695,0
1780805317.5265846,FLY,spline,1,124,-19.585709142979912,-0.269872607887346,-1.983023609388822,-19.6387882232666,-0.7027831673622131,-1.9649120569229126,0.05307908028668962,0.4329105594748671,-0.018111552465909453,0.4361524289384656,3.6724181502296824,1.2,-1.1636468772190776,0.29310291726797993,0.004077379953864701,0.2753702998161316,1.4272363185882568,-0.2592465281486511,1.614211695795413,1.169215271423886,0.2633239081025158,0.2572273597132549,-0.35512657307499085,0.006858167270423543,0.30788203648719525,-0.02104544341980728,-3.104036808013916,-3.1086089195275317,-0.004572111513615695,0
1780805317.5373218,FLY,spline,1,124,-19.585709142979912,-0.269872607887346,-1.983023609388822,-19.636600494384766,-0.6926953196525574,-1.9666894674301147,0.05089135140485368,0.42282271176521136,-0.016334141958707304,0.4258743655496293,3.673815982547532,1.2,-1.1654281937204403,0.28591555127654134,0.005424280573768622,0.3168366253376007,1.4520678520202637,-0.25599241256713867,1.6422650228424722,1.194874868083424,0.2614166931409073,0.2628724709783533,-0.3612983050253439,0.0031738849675670977,0.30630015179574016,-0.02109772675843546,-3.1064929962158203,-3.1086089195275317,-0.0021159233117113985,0
1780805317.5481088,FLY,spline,1,124,-19.585709142979912,-0.269872607887346,-1.983023609388822,-19.62886619567871,-0.6630273461341858,-1.97158682346344,0.04315705269879899,0.3931547382468398,-0.01143678592538211,0.39551634530520735,3.679386213593466,1.2,-1.170428766569524,0.2645996074259683,0.009140576380407217,0.4295555055141449,1.5189372301101685,-0.24251243472099304,1.790299014627132,1.3173713834107263,0.25165301110140026,0.2898217043503598,-0.39386578321796906,-0.007300677677391398,0.30194118737884595,-0.02114805736065574,-3.113476037979126,-3.1086089195275317,0.004867118451594266,0
1780805317.558791,FLY,spline,1,124,-19.585709142979912,-0.269872607887346,-1.983023609388822,-19.62886619567871,-0.6630273461341858,-1.97158682346344,0.04315705269879899,0.3931547382468398,-0.01143678592538211,0.39551634530520735,3.679386213593466,1.2,-1.170428766569524,0.2645996074259683,0.009140576380407217,0.4295555055141449,1.5189372301101685,-0.24251243472099304,1.7406131824153492,1.288853584383572,0.25165301110140026,0.28354778856438584,-0.3829349001313768,-0.010775032421348918,0.3001032712348762,-0.021198387962876018,-3.1157922744750977,-3.1086089195275317,0.007183354947565945,0
1780805317.5694253,FLY,spline,1,124,-19.585709142979912,-0.269872607887346,-1.983023609388822,-19.62562370300293,-0.6523241996765137,-1.973232388496399,0.03991456002301774,0.38245159178916766,-0.009791220892423125,0.3845287923730799,3.6819063399979726,1.2,-1.1721441870154259,0.25684634966372566,0.010390260360816122,0.4676174521446228,1.5412899255752563,-0.23716804385185242,1.772837660318811,1.3125025143150848,0.24755830421266853,0.28875055314931863,-0.39002428527013844,-0.010775032421348918,0.3003813361251322,-0.02124789962371855,-3.1157922744750977,-3.1086089195275317,0.007183354947565945,0
1780805317.5802257,FLY,spline,1,124,-19.585709142979912,-0.269872607887346,-1.983023609388822,-19.609882354736328,-0.6074999570846558,-1.979467749595642,0.02417321175641618,0.33762734919730975,-0.0035558597931799607,0.3384916115542934,3.694960052602119,1.2,-1.178805714028538,0.2240274707838438,0.015125505210156546,0.6137903928756714,1.6258556842803955,-0.2118052840232849,1.9794344480841173,1.489544448220953,0.22693078923344145,0.32769977860860966,-0.43547557857850583,-0.023491206547020305,0.2949349411031906,-0.021293285781565238,-3.124269723892212,-3.1086089195275317,0.015660804364680203,0
1780805317.5908828,FLY,spline,1,124,-19.585709142979912,-0.269872607887346,-1.983023609388822,-19.609882354736328,-0.6074999570846558,-1.979467749595642,0.02417321175641618,0.33762734919730975,-0.0035558597931799607,0.3384916115542934,3.694960052602119,1.2,-1.178805714028538,0.2240274707838438,0.015125505210156546,0.6137903928756714,1.6258556842803955,-0.2118052840232849,1.9278320595979834,1.457502199279562,0.22693078923344145,0.32065048384150363,-0.42412305311155635,-0.02633005656838261,0.2931842007645608,-0.021338671939411927,-3.12616229057312,-3.1086089195275317,0.017553371045588406,0
1780805317.6015573,FLY,spline,1,124,-19.585709142979912,-0.269872607887346,-1.983023609388822,-19.605390548706055,-0.5960742235183716,-1.9808934926986694,0.019681405726142742,0.32620161563102557,-0.002130116690152617,0.32679481601097715,3.698853944048941,1.2,-1.1803662852568053,0.2155754247010989,0.016207063089633777,0.6718466877937317,1.6587876081466675,-0.20051556825637817,1.9861873969478085,1.5023516164827075,0.21672263134601194,0.33051735562619566,-0.4369612273285179,-0.030226769825218547,0.29154241435155365,-0.02138201646568113,-3.1287600994110107,-3.1086089195275317,0.02015117988347903,0
1780805317.612369,FLY,spline,1,124,-19.585709142979912,-0.269872607887346,-1.983023609388822,-19.588476181030273,-0.5564062595367432,-1.9853662252426147,0.002767038050361492,0.28653365164939715,0.0023426158537926955,0.28654701189701876,3.7139665401465614,1.2,-1.1853387069835972,0.18597950665973312,0.01959012070039647,0.7597986459732056,1.7078310251235962,-0.18072295188903809,2.0988294370157727,1.605222265970304,0.20031307258943457,0.35314889851346687,-0.46174247614347,-0.03299337901711308,0.29103056337963173,-0.021422079080199018,-3.1306045055389404,-3.1086089195275317,0.02199558601140872,0
1780805317.6231103,FLY,spline,1,124,-19.585709142979912,-0.269872607887346,-1.983023609388822,-19.58296775817871,-0.5444238185882568,-1.9865673780441284,-0.002741384801201008,0.2745512107009108,0.0035437686553063674,0.27456489667829753,3.719013783374332,1.2,-1.1867023336970783,0.1769677477304303,0.020493595612442586,0.7911287546157837,1.7250182628631592,-0.17294162511825562,2.104850844346724,1.6224296471997715,0.1934352207306982,0.35693452238394974,-0.46306718575627925,-0.038200798412559855,0.2880109334080547,-0.02146076612434516,-3.1340761184692383,-3.1086089195275317,0.02546719894170657,0
1780805317.6334813,FLY,spline,1,124,-19.585709142979912,-0.269872607887346,-1.983023609388822,-19.58296775817871,-0.5444238185882568,-1.9865673780441284,-0.002741384801201008,0.2745512107009108,0.0035437686553063674,0.27456489667829753,3.719013783374332,1.2,-1.1867023336970783,0.1769677477304303,0.020493595612442586,0.7911287546157837,1.7250182628631592,-0.17294162511825562,2.0702189159503566,1.5956428992529663,0.1934352207306982,0.3510414378356526,-0.45544816150907846,-0.038200798412559855,0.2879722463639086,-0.0214994531684913,-3.1340761184692383,-3.1086089195275317,0.02546719894170657,0
1780805317.6442823,FLY,spline,1,124,-19.585709142979912,-0.269872607887346,-1.983023609388822,-19.565820693969727,-0.5090234279632568,-1.98974609375,-0.019888449010185383,0.23915082007591082,0.0067224843611779495,0.23997638456108844,3.7350224585816814,1.2,-1.1903477331189811,0.15016443545273359,0.022867369408489813,0.8784186244010925,1.7719793319702148,-0.14999113976955414,2.1823102930550338,1.7067415835707507,0.17285850917804396,0.3754831483855651,-0.4801082644721074,-0.047063174625633586,0.2829032967002121,-0.021534024870326907,-3.139984369277954,-3.1086089195275317,0.03137544975042239,0
1780805317.6551113,FLY,spline,1,124,-19.585709142979912,-0.269872607887346,-1.983023609388822,-19.55304718017578,-0.4841015636920929,-1.9916698932647705,-0.032661962804130695,0.21422895580474688,0.008646283875948457,0.21670452076366706,3.7471940494979132,1.2,-1.1925646791098694,0.13114772066002536,0.024285005770107344,0.9358765482902527,1.8020572662353516,-0.13474489748477936,2.242321705297279,1.7616108746271364,0.1590299032548867,0.38755439241797,-0.49331077516540134,-0.049034419437645305,0.2823365671560393,-0.021565830850977883,-3.141298532485962,-3.1086089195275317,0.0326896129584302,0
1780805317.6658313,FLY,spline,1,124,-19.585709142979912,-0.269872607887346,-1.983023609388822,-19.546367645263672,-0.47148436307907104,-1.9925488233566284,-0.03934149771624007,0.20161175519172503,0.009525213967806367,0.20541434534629022,3.753631181563603,1.2,-1.1935751713788814,0.12147861147895225,0.024925032016432494,0.9880241751670837,1.828656554222107,-0.11938180774450302,2.293375023871027,1.7922170654668805,0.1443068397609355,0.39428775440271374,-0.5045425052516259,-0.049034419437645305,0.28348555086760324,-0.02159469221893007,-3.141298532485962,-3.1086089195275317,0.0326896129584302,0
1780805317.6764095,FLY,spline,1,124,-19.585709142979912,-0.269872607887346,-1.983023609388822,-19.5264835357666,-0.4354492127895355,-1.9947314262390137,-0.05922560721331038,0.1655766049021895,0.011707816850191621,0.17585017668663597,3.773051860718143,1.2,-1.196040759175844,0.0937296763803488,0.02648112829367636,1.0380064249038696,1.853441596031189,-0.10423317551612854,2.337733536574217,1.8583694143978264,0.1307143038098049,0.40884127116752184,-0.5143013780463278,-0.05404988802715405,0.280013356007007,-0.021620835079692032,3.138543128967285,-3.1086089195275317,0.036033258684769365,0
1780805317.686995,FLY,spline,1,124,-19.585709142979912,-0.269872607887346,-1.983023609388822,-19.519100189208984,-0.4224902391433716,-1.9954051971435547,-0.06660895377092757,0.15261763125602557,0.012381587754732637,0.16651995103487677,3.7803508816480913,1.2,-1.1967735747567954,0.08370668136234022,0.026948140179698397,1.063680648803711,1.8658851385116577,-0.09721381217241287,2.3433442529155517,1.8716711035803781,0.12416195235211128,0.4117676427876832,-0.5155357356414214,-0.05710867918773754,0.27740338306149115,-0.021645667470162454,3.1365039348602295,-3.1086089195275317,0.03807245279182503,0
1780805317.6976428,FLY,spline,1,124,-19.585709142979912,-0.269872607887346,-1.983023609388822,-19.51152229309082,-0.4094531238079071,-1.9960302114486694,-0.07418684988909163,0.1395805159205611,0.013006602059847383,0.1580708990330498,3.7878876242462844,1.2,-1.1974277443628816,0.073603767593152,0.027373023693319475,1.1105486154556274,1.8879852294921875,-0.08356212079524994,2.38976483245362,1.9023852165401622,0.11093514448856942,0.4185247476388357,-0.5257482631397964,-0.05849341429515942,0.276919737820842,-0.02166785449906017,3.1355807781219482,-3.1086089195275317,0.03899560953010628,0
1780805317.7086546,FLY,spline,1,124,-19.585709142979912,-0.269872607887346,-1.983023609388822,-19.51152229309082,-0.4094531238079071,-1.9960302114486694,-0.07418684988909163,0.1395805159205611,0.013006602059847383,0.1580708990330498,3.7878876242462844,1.2,-1.1974277443628816,0.073603767593152,0.027373023693319475,1.1105486154556274,1.8879852294921875,-0.08356212079524994,2.3591935438227174,1.8835862311284284,0.11093514448856942,0.41438897084825427,-0.5190225796409978,-0.06068531550212963,0.2742458931251913,-0.021690041527957882,3.1341195106506348,-3.1086089195275317,0.040456877001419755,0
1780805317.7193816,FLY,spline,1,123,-19.428412150785146,-0.26624794179987715,-1.9779886548645602,-19.489492416381836,-0.37251952290534973,-1.9975194931030273,0.06108026559669,0.10627158110547258,0.01953083823846713,0.12257425421359588,3.8100365660552256,1.2,-1.1988254645284147,0.04489358053587185,0.028320876132275793,1.1549335718154907,1.908081293106079,-0.06955932825803757,2.4098579866311822,1.9497751200605902,0.09788020439031336,0.4289505264133298,-0.5301687570588601,-0.061143786615783124,0.27246797170134845,-0.021709617568835944,3.132810592651367,-3.109612190117697,0.04076252441052208,0
1780805317.7300022,FLY,spline,1,123,-19.428412150785146,-0.26624794179987715,-1.9779886548645602,-19.473007202148438,-0.3458203077316284,-1.9983397722244263,0.04459505136329156,0.07957236593175127,0.020351117359866056,0.0912166652869482,3.8268219668761034,1.2,-1.1994115990817529,0.02405516355927028,0.02886459932667782,1.2181663513183594,1.9350472688674927,-0.048547014594078064,2.489526966300692,2.0073593260939058,0.07741161392075588,0.4416190517406593,-0.5476959325861522,-0.061143786615783124,0.2740899766161289,-0.021725099891620095,3.132810592651367,-3.109612190117697,0.04076252441052208,0
1780805317.7406394,FLY,spline,1,123,-19.428412150785146,-0.26624794179987715,-1.9779886548645602,-19.44902229309082,-0.3081738352775574,-1.9991455078125,0.020610142305674373,0.04192589347768022,0.021156852947939786,0.04671786071474097,3.851530299050134,1.2,-1.1996294080774919,-0.005380373871914878,0.029331465231806835,1.2566897869110107,1.9503122568130493,-0.03500087559223175,2.521069602951694,2.0607375395999745,0.06433234082403859,0.45336225871199437,-0.5546353126493727,-0.06345012874072209,0.2703076890453435,-0.021737966359784904,3.131273031234741,-3.109612190117697,0.04230008582714806,0
1780805317.751744,FLY,spline,1,123,-19.428412150785146,-0.26624794179987715,-1.9779886548645602,-19.44902229309082,-0.3081738352775574,-1.9991455078125,0.020610142305674373,0.04192589347768022,0.021156852947939786,0.04671786071474097,3.851530299050134,1.2,-1.1996294080774919,-0.005380373871914878,0.029331465231806835,1.2566897869110107,1.9503122568130493,-0.03500087559223175,2.4950684668944323,2.0373879412426485,0.06433234082403859,0.4482253470733827,-0.5489150627167751,-0.06380525321429387,0.26911271085301536,-0.021750832827949713,3.1310362815856934,-3.109612190117697,0.04253683547619591,0
1780805317.7624278,FLY,spline,1,123,-19.428412150785146,-0.26624794179987715,-1.9779886548645602,-19.440155029296875,-0.2945800721645355,-1.9993456602096558,0.01174287851172906,0.02833213036465837,0.021357005345095548,0.030669281157882148,3.8607441140874257,1.2,-1.1995323527123087,-0.016015688425078393,0.029421633549892533,1.2764298915863037,1.957754373550415,-0.028850620612502098,2.5083310384012014,2.049879506442145,0.058272254162394635,0.4509734914172719,-0.5518328284482643,-0.06380525321429387,0.26958586333511436,-0.021762487278782192,3.1310362815856934,-3.109612190117697,0.04253683547619591,0
1780805317.773275,FLY,spline,1,123,-19.428412150785146,-0.26624794179987715,-1.9779886548645602,-19.41386604309082,-0.25510740280151367,-1.999672770500183,-0.014546107694325627,-0.01114053899836348,0.02168411563562289,0.018322141202080526,3.888292087889862,1.2,-1.1987215990828402,-0.0468878025537641,0.029462889606386107,1.329298496246338,1.976011872291565,-0.009995908476412296,2.5741905565552887,2.1150624589415368,0.0394587980827984,0.46531374096713807,-0.5663219224421635,-0.06422796935504094,0.2678946676750454,-0.021770379038398752,3.1307544708251953,-3.109612190117697,0.04281864623669396,0
1780805317.7841232,FLY,spline,1,123,-19.428412150785146,-0.26624794179987715,-1.9779886548645602,-19.395076751708984,-0.22755858302116394,-1.9996825456619263,-0.033335399076161565,-0.03868935877871321,0.021693890797366056,0.05106971034062115,3.90817941561108,1.2,-1.1976905370314284,-0.0684015967760227,0.029301861098899713,1.3630256652832031,1.9861422777175903,0.0021452188957482576,2.605595272310262,2.1466518906856082,0.027156642203151456,0.4722634159508338,-0.5732309599082577,-0.06414714545672551,0.2678600149992871,-0.02177581036683938,3.1308083534240723,-3.109612190117697,0.042764763637817005,0
1780805317.7947989,FLY,spline,1,123,-19.428412150785146,-0.26624794179987715,-1.9779886548645602,-19.395076751708984,-0.22755858302116394,-1.9996825456619263,-0.033335399076161565,-0.03868935877871321,0.021693890797366056,0.05106971034062115,3.90817941561108,1.2,-1.1976905370314284,-0.0684015967760227,0.029301861098899713,1.3630256652832031,1.9861422777175903,0.0021452188957482576,2.5857214255072463,2.1269260133594887,0.027156642203151456,0.4679237229390875,-0.5688587136115942,-0.06394866198962346,0.26689081120984104,-0.02178124169528001,3.1309406757354736,-3.109612190117697,0.04263244132641564,0
1780805317.805246,FLY,spline,1,123,-19.428412150785146,-0.26624794179987715,-1.9779886548645602,-19.385507583618164,-0.21374022960662842,-1.9996289014816284,-0.04290456716698188,-0.052507712193248735,0.021640246617068204,0.06780753441583834,3.9183663895604113,1.2,-1.1970298502844972,-0.07917493715537484,0.029169622114742607,1.3927466869354248,1.9938032627105713,0.012660064734518528,2.618226990104492,2.142814723878489,0.01650955738022408,0.4714192392532676,-0.5760099378229883,-0.06364324778979435,0.2668170944014297,-0.021784543606756055,3.1311442852020264,-3.109612190117697,0.0424288318598629,0
1780805317.815816,FLY,spline,1,123,-19.428412150785146,-0.26624794179987715,-1.9779886548645602,-19.3681640625,-0.18901367485523224,-1.9994432926177979,-0.06024808828514594,-0.07723426694464491,0.021454637753237638,0.097953887786506,3.9369258819812734,1.2,-1.1956095903305604,-0.09841318691815601,0.028853979798314677,1.4060293436050415,1.9967594146728516,0.017185062170028687,2.623814419170901,2.1631647356531487,0.01166891762828599,0.4758962418436927,-0.5772391722175982,-0.06221917361682072,0.2648562321631327,-0.021786877390281713,3.132093667984009,-3.109612190117697,0.04147944907788048,0
1780805317.8267758,FLY,spline,1,122,-19.27105748207466,-0.2627513373306523,-1.972341374531484,-19.338281631469727,-0.1473046839237213,-1.9988915920257568,0.06722414939506649,-0.115446653406931,0.026550217494272887,0.1335927245202757,3.9691757074855767,1.2,-1.1925306324861482,-0.13069660639773806,0.028090704126126867,1.456707239151001,2.004582405090332,0.03448652848601341,2.6877762786745425,2.213738842454698,-0.0063958243598865455,0.4870225453400336,-0.5913107813083993,-0.060012295664169546,0.2655493544045928,-0.021785598225409736,3.1325790882110596,-3.1105980218590803,0.040008197109446364,0
1780805317.837452,FLY,spline,1,122,-19.27105748207466,-0.2627513373306523,-1.972341374531484,-19.322656631469727,-0.1258593648672104,-1.9985058307647705,0.05159914939506649,-0.13689197246344192,0.02616445623328656,0.14629382879406136,3.986170061277486,1.2,-1.1906131000676299,-0.14722210813755437,0.027678454127394926,1.4658727645874023,2.005192518234253,0.03781435266137123,2.683006584383648,2.223352802539526,-0.010135898533976305,0.48913761655869575,-0.5902614485644025,-0.059170082033493276,0.2651444763352625,-0.02178357104570294,3.1331405639648438,-3.1105980218590803,0.039446721355662184,0
1780805317.8481884,FLY,spline,1,122,-19.27105748207466,-0.2627513373306523,-1.972341374531484,-19.322656631469727,-0.1258593648672104,-1.9985058307647705,0.05159914939506649,-0.13689197246344192,0.02616445623328656,0.14629382879406136,3.986170061277486,1.2,-1.1906131000676299,-0.14722210813755437,0.027678454127394926,1.4658727645874023,2.005192518234253,0.03781435266137123,2.6734449561483524,2.20408538151485,-0.010135898533976305,0.484898783933267,-0.5881578903526375,-0.05653186124644494,0.26356570006524616,-0.021781543865996143,3.134899377822876,-3.1105980218590803,0.03768790749762996,0
1780805317.8589582,FLY,spline,1,122,-19.27105748207466,-0.2627513373306523,-1.972341374531484,-19.302030563354492,-0.09800781309604645,-1.997900366783142,0.030973081279832115,-0.16474352423460586,0.02555899225165814,0.16762983189517688,4.008725405012254,1.2,-1.1877930232593072,-0.16857018848470945,0.027052272561544684,1.48814058303833,2.0054092407226562,0.04546758532524109,2.6967168520477647,2.2264187972002136,-0.018415312763696404,0.489812135384047,-0.5932777074505082,-0.05530984681925988,0.26369038788691207,-0.021777860803443405,3.135714054107666,-3.1105980218590803,0.03687323121283992,0
1780805317.8694224,FLY,spline,1,122,-19.27105748207466,-0.2627513373306523,-1.972341374531484,-19.302030563354492,-0.09800781309604645,-1.997900366783142,0.030973081279832115,-0.16474352423460586,0.02555899225165814,0.16762983189517688,4.008725405012254,1.2,-1.1877930232593072,-0.16857018848470945,0.027052272561544684,1.48814058303833,2.0054092407226562,0.04546758532524109,2.688589943292286,2.2130208354144103,-0.018415312763696404,0.48686458379117026,-0.5914897875243029,-0.053984835565902944,0.26320112637721477,-0.021774177740890667,3.1365973949432373,-3.1105980218590803,0.03598989037726863,0
1780805317.8805575,FLY,spline,1,122,-19.27105748207466,-0.2627513373306523,-1.972341374531484,-19.270233154296875,-0.055742185562849045,-1.9967968463897705,-0.0008243277777850722,-0.20700915176780327,0.02445547185828656,0.20701079303241807,4.043771094207098,1.2,-1.1828154496235286,-0.20068539487504536,0.025941943175808516,1.5168936252593994,2.001506805419922,0.055925462394952774,2.7262838955876623,2.242223765080755,-0.02998351921914426,0.49328922831776606,-0.5997824570292857,-0.04934819024882531,0.26294632795373735,-0.02176818103704684,3.139688491821289,-3.1105980218590803,0.03289879349921687,0
1780805317.8916566,FLY,spline,1,122,-19.27105748207466,-0.2627513373306523,-1.972341374531484,-19.259647369384766,-0.04185546934604645,-1.9963866472244263,-0.011410112689894447,-0.22089586798460586,0.02404527269294232,0.22119035956449032,4.0555068360526585,1.2,-1.181000469744136,-0.2111534576412636,0.025536401278742737,1.5249842405319214,1.9990921020507812,0.05915644392371178,2.7296504320985338,2.2415191995239527,-0.03362004264496904,0.4931342238952696,-0.6,-0.04762156289897179,0.2629560818778832,-0.021761457028517846,3.1408395767211914,-3.1105980218590803,0.03174770859931453,1
1780805317.9021106,FLY,spline,1,122,-19.27105748207466,-0.2627513373306523,-1.972341374531484,-19.2490234375,-0.027998046949505806,-1.9959521293640137,-0.022034044574660072,-0.2347532903811465,0.023610754832529723,0.23578508533215795,4.067318395236194,1.2,-1.1791026269148543,-0.22155462614160348,0.02511061205435162,1.5323925018310547,1.9961206912994385,0.06229724735021591,2.7308588547294903,2.24464251249827,-0.03718663529586429,0.49382135274961936,-0.6,-0.04762156289897179,0.263248846617014,-0.021754019701458672,3.1408395767211914,-3.1105980218590803,0.03174770859931453,1
1780805317.9128988,FLY,spline,1,122,-19.27105748207466,-0.2627513373306523,-1.972341374531484,-19.20765495300293,0.025146484375,-1.9941015243530273,-0.06340252907173038,-0.2878978217056523,0.021760149821543395,0.29479660180461914,4.113606677125702,1.2,-1.1710425533049285,-0.26098913388078593,0.023324029352392507,1.5545601844787598,1.979417324066162,0.07278992980718613,2.758501923510927,2.2596958321592497,-0.04946590045479362,0.49713308307503495,-0.6,-0.04007158560432389,0.263603865370232,-0.021744126521367712,-3.137312412261963,-3.1105980218590803,0.026714390402882593,1
1780805317.9235823,FLY,spline,1,122,-19.27105748207466,-0.2627513373306523,-1.972341374531484,-19.20765495300293,0.025146484375,-1.9941015243530273,-0.06340252907173038,-0.2878978217056523,0.021760149821543395,0.29479660180461914,4.113606677125702,1.2,-1.1710425533049285,-0.26098913388078593,0.023324029352392507,1.5545601844787598,1.979417324066162,0.07278992980718613,2.754787014857972,2.2463799216809863,-0.04946590045479362,0.494203582769817,-0.6,-0.037879684397353675,0.2635721748156982,-0.021734233341276752,-3.1358511447906494,-3.1105980218590803,0.025253122931569116,1
1780805317.9342556,FLY,spline,1,121,-19.11364629431772,-0.2593802245014894,-1.966094056723839,-19.196834564208984,0.03885742276906967,-1.9935790300369263,0.08318826989126293,-0.29823764727055907,0.027484973313087302,0.30962232234931,4.125788614133804,1.2,-1.1687855579898885,-0.2709651960317423,0.022763610736094512,1.5586659908294678,1.9737240076065063,0.07504893839359283,2.7562873344003047,2.2425293521225855,-0.052285327657498326,0.4933564574669688,-0.6,-0.034146442653615106,0.26381916207261347,-0.021723776275745253,-3.1343307495117188,-3.1115664544093087,0.02276429510241007,1
1780805317.9447522,FLY,spline,1,121,-19.11364629431772,-0.2593802245014894,-1.966094056723839,-19.16667938232422,0.0766308605670929,-1.9920654296875,0.05303308800649731,-0.3360110850685823,0.025971372963661032,0.340170483305755,4.159885851006617,1.2,-1.1621182398517536,-0.29836435394875915,0.021445486625431175,1.5663456916809082,1.9548618793487549,0.07999292761087418,2.760590083030569,2.2430526882844313,-0.058547440985443,0.4934715914225749,-0.6,-0.029896750690419305,0.26448054610741156,-0.021712066787548164,-3.131497621536255,-3.1115664544093087,0.019931167126946203,1
1780805317.955776,FLY,spline,1,121,-19.11364629431772,-0.2593802245014894,-1.966094056723839,-19.144882202148438,0.10362304747104645,-1.9909228086471558,0.03123590783071606,-0.36300327197253585,0.024828751923316794,0.3643446958592588,4.1846687744671645,1.2,-1.157009132473793,-0.3176655064863086,0.020457110280722526,1.5685539245605469,1.9385446310043335,0.08272543549537659,2.760753228608059,2.2332509698406158,-0.06226832521465406,0.4913152133649355,-0.6,-0.02479483151622497,0.26515724634637866,-0.021699613122505235,-3.128096342086792,-3.1115664544093087,0.016529887677483313,1
1780805317.9663825,FLY,spline,1,121,-19.11364629431772,-0.2593802245014894,-1.966094056723839,-19.117265701293945,0.13747070729732513,-1.989443302154541,0.003619406976223871,-0.39685093179881453,0.023349245430702048,0.39686743652817735,4.216223919622376,1.2,-1.1502154413842638,-0.3415206932029222,0.019184746946412975,1.5670922994613647,1.9143424034118652,0.08465950191020966,2.750008245434432,2.2237687790202436,-0.06547475496379668,0.4892291313844536,-0.6,-0.022122278453786004,0.2656893552727073,-0.021686518171512476,-3.126314640045166,-3.1115664544093087,0.014748185635857336,1
1780805317.9772673,FLY,spline,1,121,-19.11364629431772,-0.2593802245014894,-1.966094056723839,-19.10640525817871,0.1506933569908142,-1.9888525009155273,-0.007241036139010504,-0.4100735814923036,0.022758444191688376,0.41013750723664794,4.228680838814179,1.2,-1.1474490138488918,-0.3507304498419459,0.01867919085164617,1.565276026725769,1.9037786722183228,0.08497411757707596,2.7535664582569006,2.2057796234501623,-0.06629492672542979,0.4852715171590357,-0.6,-0.015010490657765496,0.2666714020512895,-0.02167325918616739,-3.1215734481811523,-3.1115664544093087,0.010006993771843664,1
1780805317.9883053,FLY,spline,1,121,-19.11364629431772,-0.2593802245014894,-1.966094056723839,-19.10640525817871,0.1506933569908142,-1.9888525009155273,-0.007241036139010504,-0.4100735814923036,0.022758444191688376,0.41013750723664794,4.228680838814179,1.2,-1.1474490138488918,-0.3507304498419459,0.01867919085164617,1.565276026725769,1.9037786722183228,0.08497411757707596,2.758996816722644,2.198578391790686,-0.06629492672542979,0.4836872461939509,-0.6,-0.012075796367604363,0.2671351684890717,-0.021660000200822305,-3.119616985321045,-3.1115664544093087,0.008050530911736242,1
1780805317.999148,FLY,spline,1,121,-19.11364629431772,-0.2593802245014894,-1.966094056723839,-19.09554672241211,0.16383787989616394,-1.9882616996765137,-0.018099571905612066,-0.42321810439765334,0.022167642952674704,0.42360495558138767,4.241158011992218,1.2,-1.1446385423964436,-0.3598225684201682,0.0181748869613635,1.562725305557251,1.8926482200622559,0.0852971076965332,2.751133389189606,2.1942395015208644,-0.0671222207351697,0.48273269033459015,-0.6,-0.012075796367604363,0.26721477645399794,-0.021646575756675272,-3.119616985321045,-3.1115664544093087,0.008050530911736242,1
1780805318.009813,FLY,spline,1,121,-19.11364629431772,-0.2593802245014894,-1.966094056723839,-19.051836013793945,0.21628905832767487,-1.9858349561691284,-0.06181028052377613,-0.47566928282916426,0.01974089944528945,0.47966840359318996,4.291636145983225,1.2,-1.1328514578585689,-0.39545881802490074,0.016121342191754456,1.544833779335022,1.8417495489120483,0.08682220429182053,2.722792526667922,2.14751570238358,-0.07070086210006607,0.4724534545243876,-0.5990143558669428,0.0005334470253399726,0.2698921329008695,-0.02163243558425526,-3.111210823059082,-3.1115664544093087,-0.0003556313502266484,0
1780805318.0203922,FLY,spline,1,121,-19.11364629431772,-0.2593802245014894,-1.966094056723839,-19.051836013793945,0.21628905832767487,-1.9858349561691284,-0.06181028052377613,-0.47566928282916426,0.01974089944528945,0.47966840359318996,4.291636145983225,1.2,-1.1328514578585689,-0.39545881802490074,0.016121342191754456,1.544833779335022,1.8417495489120483,0.08682220429182053,2.7340170127122954,2.143680812847686,-0.07070086210006607,0.4716097788264909,-0.6,0.0038450810890606757,0.27063128853043816,-0.02161829541183525,-3.1090030670166016,-3.1115664544093087,-0.002563387392707117,1
1780805318.0311477,FLY,spline,1,120,-18.956179744983594,-0.2561320333342061,-1.9592589897758708,-19.0411319732666,0.22898437082767487,-1.9852294921875,0.08495222828300797,-0.48511640416188095,0.025970502411629237,0.49249853469548693,4.30405044881804,1.2,-1.1299163700027917,-0.4037905996046683,0.015561120480765883,1.5385549068450928,1.827816128730774,0.0874311551451683,2.7283549009955244,2.1305705284964858,-0.07187003466440242,0.46872551626922687,-0.6,0.008661286676544089,0.2715177948502208,-0.02160392140490237,-3.106743335723877,-3.112517526841573,-0.005774191117696059,1
1780805318.0418215,FLY,spline,1,120,-18.956179744983594,-0.2561320333342061,-1.9592589897758708,-19.030508041381836,0.24157226085662842,-1.984619140625,0.07432829639824234,-0.4977042941908345,0.025360150849129237,0.503223866784418,4.316397744453569,1.2,-1.1269099450728632,-0.4121241091490758,0.015089544524499598,1.5245270729064941,1.7997643947601318,0.08857887983322144,2.7136835321627375,2.090640300559891,-0.07348933530872184,0.459940866123176,-0.5970103770758023,0.014951603258270163,0.2732029644732186,-0.021589223537840627,-3.1025497913360596,-3.112517526841573,-0.009967735505513442,0
1780805318.0524654,FLY,spline,1,120,-18.956179744983594,-0.2561320333342061,-1.9592589897758708,-18.990625381469727,0.2884472608566284,-1.9822558164596558,0.03444563648613297,-0.5445792941908345,0.022996826683785,0.5456675815313956,4.362932332134416,1.2,-1.115319244526171,-0.4425908107152469,0.01327994954777858,1.4979023933410645,1.7531152963638306,0.0905713438987732,2.663140928856374,2.065615582772794,-0.07729139435099461,0.45443542821001465,-0.5858910043484022,0.01853718026937856,0.2744571506782558,-0.02157376525897043,-3.1001594066619873,-3.112517526841573,-0.012358120179585708,0
1780805318.0630088,FLY,spline,1,120,-18.956179744983594,-0.2561320333342061,-1.9592589897758708,-18.990625381469727,0.2884472608566284,-1.9822558164596558,0.03444563648613297,-0.5445792941908345,0.022996826683785,0.5456675815313956,4.362932332134416,1.2,-1.115319244526171,-0.4425908107152469,0.01327994954777858,1.4979023933410645,1.7531152963638306,0.0905713438987732,2.679815896226219,2.065082098208717,-0.07729139435099461,0.45431806160591776,-0.5895594971697682,0.02219142183126821,0.27546522749124047,-0.021558306980100233,-3.0977232456207275,-3.112517526841573,-0.014794281220845473,0
1780805318.0734575,FLY,spline,1,120,-18.956179744983594,-0.2561320333342061,-1.9592589897758708,-18.98031234741211,0.30049803853034973,-1.9816210269927979,0.02413260242851578,-0.5566300718645558,0.02236203721692709,0.557152958714134,4.3750142530024885,1.2,-1.1122440885594396,-0.45027690030845907,0.012798457453430175,1.476737380027771,1.7196507453918457,0.09210798144340515,2.65243115838161,2.0231908497609887,-0.07930952398997498,0.44510198694741754,-0.5835348548439542,0.02590395673574819,0.27669059806517105,-0.021542445075302237,-3.095248222351074,-3.112517526841573,-0.017269304490498794,0
1780805318.0841486,FLY,spline,1,120,-18.956179744983594,-0.2561320333342061,-1.9592589897758708,-18.961483001708984,0.3224218785762787,-1.980434536933899,0.005303256725390781,-0.5785539119104848,0.021175547158028163,0.5785782172868421,4.397121984046091,1.2,-1.1065559533869571,-0.46410367464169444,0.011903831650312068,1.465574860572815,1.7028762102127075,0.09293094277381897,2.6552115738761652,2.0012711541094315,-0.0810271111235069,0.4402796539040749,-0.5841465462527563,0.0405312941914977,0.2813680787819092,-0.021526239653077536,-3.085496664047241,-3.112517526841573,-0.0270208627943318,0
1780805318.0948224,FLY,spline,1,120,-18.956179744983594,-0.2561320333342061,-1.9592589897758708,-18.931522369384766,0.3571093678474426,-1.9784618616104126,-0.02465737559882797,-0.6132414011816487,0.019202871834541835,0.6137369161901975,4.432425556267561,1.2,-1.0973240663351422,-0.48556263113810844,0.010431907013834701,1.4115453958511353,1.6272181272506714,0.09622428566217422,2.5596011590306436,1.925790786649997,-0.08579237864833952,0.42367397306299936,-0.5631122549867416,0.0405312941914977,0.2817664586596255,-0.02150908117734787,-3.085496664047241,-3.112517526841573,-0.0270208627943318,0
1780805318.1058757,FLY,spline,1,120,-18.956179744983594,-0.2561320333342061,-1.9592589897758708,-18.931522369384766,0.3571093678474426,-1.9784618616104126,-0.02465737559882797,-0.6132414011816487,0.019202871834541835,0.6137369161901975,4.432425556267561,1.2,-1.0973240663351422,-0.48556263113810844,0.010431907013834701,1.4115453958511353,1.6272181272506714,0.09622428566217422,2.592763146678904,1.9198898503817183,-0.08579237864833952,0.42237576708397806,-0.5704078922693588,0.05143822892965688,0.2855230977226864,-0.0214919227016182,-3.0782253742218018,-3.112517526841573,-0.034292152619771255,0
1780805318.1165206,FLY,spline,1,120,-18.956179744983594,-0.2561320333342061,-1.9592589897758708,-18.914491653442383,0.37675780057907104,-1.9772900342941284,-0.04168809154121078,-0.6328898339132771,0.018031044518257655,0.6342613332429495,4.4525662971898345,1.2,-1.0919768349318986,-0.49748876625357696,0.009566578469165012,1.397658348083496,1.6088982820510864,0.09676192700862885,2.579975261395047,1.9136865539580024,-0.08719534853946384,0.4210110418707605,-0.5675945575069103,0.055439727152007956,0.28711001330696834,-0.021474483631910308,-3.0755577087402344,-3.112517526841573,-0.03695981810133864,0
1780805318.1272578,FLY,spline,1,119,-18.79865899154154,-0.2530041938506203,-1.9518484620218246,-18.886093139648438,0.4093652367591858,-1.9752538204193115,0.08743414810689742,-0.662369430609806,0.02340535839748692,0.6681152541751592,4.4862558111586885,1.2,-1.0830241532728868,-0.516714788665107,0.00803184924658071,1.3287075757980347,1.5222886800765991,0.09864131361246109,2.4663161660206248,1.8148937007705797,-0.09060946436588038,0.39927661416952753,-0.5425895565245374,0.060850434640079554,0.28890607202330193,-0.02145636173903713,-3.0728843212127686,-3.1134512776394883,-0.0405669564267197,0
1780805318.1379745,FLY,spline,1,119,-18.79865899154154,-0.2530041938506203,-1.9518484620218246,-18.886093139648438,0.4093652367591858,-1.9752538204193115,0.08743414810689742,-0.662369430609806,0.02340535839748692,0.6681152541751592,4.4862558111586885,1.2,-1.0830241532728868,-0.516714788665107,0.00803184924658071,1.3287075757980347,1.5222886800765991,0.09864131361246109,2.5039104680550603,1.8122570673682847,-0.09060946436588038,0.3986965548210226,-0.5508603029721133,0.07211571250262838,0.29338761966870314,-0.021438239846163953,-3.0653741359710693,-3.1134512776394883,-0.04807714166841892,0
1780805318.1486914,FLY,spline,1,119,-18.79865899154154,-0.2530041938506203,-1.9518484620218246,-18.869882583618164,0.4279101490974426,-1.9740428924560547,0.07122359207662399,-0.6809143429480629,0.022194430434230084,0.684629200736201,4.505546705340507,1.2,-1.077790301476072,-0.5275567007208836,0.007210656600772389,1.31125009059906,1.5012978315353394,0.09882277995347977,2.4881913353613276,1.803251981758697,-0.09161212335270738,0.39671543598691333,-0.5474020937794921,0.07617943797412496,0.2951927370284827,-0.02141991742149341,-3.0626649856567383,-3.1134512776394883,-0.050786291982749976,0
1780805318.1592352,FLY,spline,1,119,-18.79865899154154,-0.2530041938506203,-1.9518484620218246,-18.852108001708984,0.4482519328594208,-1.9726709127426147,0.0534490101674443,-0.701256126710041,0.020822450720790142,0.7032900908844434,4.526759390430448,1.2,-1.0719802119323498,-0.5392762861119516,0.006285893951935009,1.2693442106246948,1.4520293474197388,0.09874335676431656,2.428092571748626,1.7521166590739654,-0.09245746281238156,0.3854656649962724,-0.5341803657846977,0.08022349391284567,0.2970340180834916,-0.021401425928930934,-3.059968948364258,-3.1134512776394883,-0.053482329275230445,0
1780805318.1699076,FLY,spline,1,119,-18.79865899154154,-0.2530041938506203,-1.9518484620218246,-18.852108001708984,0.4482519328594208,-1.9726709127426147,0.0534490101674443,-0.701256126710041,0.020822450720790142,0.7032900908844434,4.526759390430448,1.2,-1.0719802119323498,-0.5392762861119516,0.006285893951935009,1.2693442106246948,1.4520293474197388,0.09874335676431656,2.461915583797447,1.7457530865386846,-0.09245746281238156,0.3840656790385106,-0.5416214284354384,0.09174769435229879,0.30236827629835134,-0.021382934436368458,-3.052286148071289,-3.1134512776394883,-0.061165129568199195,0
1780805318.1806135,FLY,spline,1,119,-18.79865899154154,-0.2530041938506203,-1.9518484620218246,-18.82781219482422,0.4760156273841858,-1.97073233127594,0.029153203282678675,-0.729019821234806,0.018883869254115337,0.7296025006912118,4.555845674399685,1.2,-1.0639427149472471,-0.5549783742165755,0.0049903369232285845,1.2034924030303955,1.3773341178894043,0.09727602452039719,2.3545330553224106,1.6645995312600246,-0.0922856875971686,0.3662118968772054,-0.5179972721709304,0.09578066382709127,0.3043455012219865,-0.021364477298849025,-3.0495975017547607,-3.1134512776394883,-0.06385377588472751,0
1780805318.1912231,FLY,spline,1,119,-18.79865899154154,-0.2530041938506203,-1.9518484620218246,-18.819608688354492,0.4853906035423279,-1.9700634479522705,0.020949696812952112,-0.7383947973929481,0.018214985930445904,0.7386919294357611,4.565692213155275,1.2,-1.0612025163067482,-0.560204024458047,0.004546467335620211,1.1787406206130981,1.3499515056610107,0.0965500995516777,2.3361581378992513,1.6424219625425218,-0.0920036322160575,0.3613328317593548,-0.5139547903378353,0.09982328925433737,0.30637580233812106,-0.021346076572405812,-3.0469024181365967,-3.1134512776394883,-0.06654885950289158,0
1780805318.2019134,FLY,spline,1,119,-18.79865899154154,-0.2530041938506203,-1.9518484620218246,-18.811601638793945,0.4945703148841858,-1.969399333000183,0.012942647252405237,-0.747574508734806,0.0175508709783585,0.7476865374125622,4.575320843416333,1.2,-1.0585071296768762,-0.5652838120419834,0.0041070995245331915,1.153001308441162,1.3218225240707397,0.0954175516963005,2.314083600994577,1.6179557147795687,-0.09131045217176731,0.3559502572515051,-0.5090983922188069,0.10389273677173239,0.30844074591115067,-0.02132781448197146,-3.044189453125,-3.1134512776394883,-0.06926182451448826,0
1780805318.2122352,FLY,spline,1,119,-18.79865899154154,-0.2530041938506203,-1.9518484620218246,-18.790508270263672,0.5188183188438416,-1.9676220417022705,-0.0081507212778682,-0.7718225126944618,0.015773579680445904,0.7718655487579053,4.600757014962306,1.2,-1.0513327556705367,-0.5785246724807463,0.002939419201264156,1.0772961378097534,1.2409031391143799,0.0915297120809555,2.1998847656192018,1.5263354651352832,-0.08859029287969135,0.3357938023297623,-0.4839746484362244,0.11091726336780172,0.31202652899024386,-0.02131009642339552,-3.039506435394287,-3.1134512776394883,-0.07394484224520115,0
1780805318.2229729,FLY,spline,1,119,-18.79865899154154,-0.2530041938506203,-1.9518484620218246,-18.77617073059082,0.5354101657867432,-1.9663866758346558,-0.022488260950719763,-0.7884143596373634,0.014538213812831158,0.7887350153017054,4.618116375088172,1.2,-1.0463807536312983,-0.5874374538450862,0.002134537420178883,1.0179665088653564,1.1790180206298828,0.08797938376665115,2.12750233417699,1.4614406346990005,-0.08584484634647227,0.32151693963378014,-0.4680505135189378,0.11873608146014791,0.3162869264409852,-0.021292927454126226,-3.0342938899993896,-3.1134512776394883,-0.07915738764009861,0
1780805318.2337768,FLY,spline,1,119,-18.79865899154154,-0.2530041938506203,-1.9518484620218246,-18.77617073059082,0.5354101657867432,-1.9663866758346558,-0.022488260950719763,-0.7884143596373634,0.014538213812831158,0.7887350153017054,4.618116375088172,1.2,-1.0463807536312983,-0.5874374538450862,0.002134537420178883,1.0179665088653564,1.1790180206298828,0.08797938376665115,2.1654648206548357,1.4781419332523493,-0.08584484634647227,0.32519122531551686,-0.47640226054406387,0.12250226054492575,0.31856597667896136,-0.02127575848485693,-3.031783103942871,-3.1134512776394883,-0.08166817369661716,0
1780805318.2442074,FLY,spline,1,119,-18.79865899154154,-0.2530041938506203,-1.9518484620218246,-18.757577896118164,0.5571093559265137,-1.964760661125183,-0.04108109542337601,-0.8101135497771339,0.012912199103358502,0.8111544981898907,4.640723338327809,1.2,-1.0398561827899853,-0.5989139701164555,0.0010842106742531483,0.9285948872566223,1.0878719091415405,0.08152942359447479,2.028867753702535,1.3750615193545057,-0.08044521292022165,0.30251353425799127,-0.4463509058145577,0.128888063767582,0.3222126878765567,-0.021259669442272887,-3.0275259017944336,-3.1134512776394883,-0.08592537584505466,0
1780805318.2549503,FLY,spline,1,119,-18.79865899154154,-0.2530041938506203,-1.9518484620218246,-18.751367568969727,0.5644237995147705,-1.9642138481140137,-0.04729142257181351,-0.8174279933653907,0.012365386092189068,0.8187948479236024,4.648302968096758,1.2,-1.0376452575481163,-0.6027369090142639,0.0007334847198823562,0.8948045372962952,1.0539348125457764,0.07876922935247421,2.0048714845042017,1.3522050003029107,-0.07803574463259186,0.29748510006664036,-0.44107172659092436,0.13230054889026266,0.32432620759224445,-0.02124406229334637,-3.0252509117126465,-3.1134512776394883,-0.08820036592684177,0
1780805318.2655544,FLY,spline,1,119,-18.79865899154154,-0.2530041938506203,-1.9518484620218246,-18.745389938354492,0.5715038776397705,-1.963686466217041,-0.05326905318704789,-0.8245080714903907,0.011838004195216412,0.8262270583684898,4.655613945738349,1.2,-1.035499872787276,-0.6064155804968937,0.0003964696086920434,0.8600561618804932,1.019301176071167,0.07576864957809448,1.9785104861738614,1.3216507939814393,-0.07537217996940244,0.2907631746759166,-0.43527230695824953,0.13905685458484274,0.3288479765596117,-0.02122898785735249,-3.0207467079162598,-3.1134512776394883,-0.09270456972322849,0
1780805318.276612,FLY,spline,1,118,-18.641085191460814,-0.24999413607254975,-1.943874761795947,-18.725000381469727,0.5961328148841858,-1.9619042873382568,0.08391519000891279,-0.8461269509567355,0.018029525542309743,0.8502779405874139,4.680706201148046,1.2,-1.0281472226108883,-0.6187994178503848,-0.000754390841129303,0.7191381454467773,0.8812687993049622,0.06220770627260208,1.7554701530899373,1.1593515008699598,-0.06296209711373138,0.25505733019139115,-0.3862034336797862,0.1493661722063233,0.3346463177559211,-0.021216395437929744,-3.0147902965545654,-3.1143677446921143,-0.09957744813754887,0
1780805318.2875931,FLY,spline,1,118,-18.641085191460814,-0.24999413607254975,-1.943874761795947,-18.720273971557617,0.6019921898841858,-1.9614989757537842,0.07918878009680341,-0.8519863259567355,0.017624213957837087,0.8556585548631397,4.686567016701735,1.2,-1.0263542694416197,-0.6217683868632929,-0.000993325917044462,0.679682731628418,0.8432103395462036,0.058035463094711304,1.7355158543672524,1.1407251990081122,-0.05902878901175577,0.2509595437817847,-0.38181348796079556,0.15247288550130622,0.33683896014080655,-0.02120458968012739,-3.01271915435791,-3.1143677446921143,-0.10164859033420415,0
1780805318.2979581,FLY,spline,1,118,-18.641085191460814,-0.24999413607254975,-1.943874761795947,-18.7158203125,0.6075780987739563,-1.9611278772354126,0.07473512103918623,-0.857572234846506,0.017253115439465505,0.8608225579620765,4.692108046862499,1.2,-1.0246420747723977,-0.624585585826983,-0.001210199686127016,0.6017500758171082,0.7686970233917236,0.049129847437143326,1.6377926447940712,1.0711948625034,-0.050340047123270344,0.23566286975074802,-0.36031438185469566,0.15247288550130622,0.3361539287991524,-0.021194521670702737,-3.01271915435791,-3.1143677446921143,-0.10164859033420415,0
1780805318.3087294,FLY,spline,1,118,-18.641085191460814,-0.24999413607254975,-1.943874761795947,-18.7158203125,0.6075780987739563,-1.9611278772354126,0.07473512103918623,-0.857572234846506,0.017253115439465505,0.8608225579620765,4.692108046862499,1.2,-1.0246420747723977,-0.624585585826983,-0.001210199686127016,0.6017500758171082,0.7686970233917236,0.049129847437143326,1.6894126922651813,1.093399148038666,-0.050340047123270344,0.24054781256850652,-0.3716707922983399,0.15980962122670905,0.3429256005321202,-0.021184453661278083,-3.0078279972076416,-3.1143677446921143,-0.1065397474844727,0
1780805318.3193443,FLY,spline,1,118,-18.641085191460814,-0.24999413607254975,-1.943874761795947,-18.701601028442383,0.6262792944908142,-1.9600341320037842,0.06051583698156904,-0.8762734305633639,0.016159370207837087,0.8783605704019657,4.710018219553888,1.2,-1.0188875638015786,-0.6339280456940859,-0.0018344516785446356,0.47626593708992004,0.6502287983894348,0.034061163663864136,1.4931784628195983,0.9653927993281427,-0.035895615342408774,0.2123864158521914,-0.32849926182031164,0.16396096552602546,0.34642720788491327,-0.0211772745382096,-3.0050604343414307,-3.1143677446921143,-0.10930731035068364,0
1780805318.329682,FLY,spline,1,118,-18.641085191460814,-0.24999413607254975,-1.943874761795947,-18.701601028442383,0.6262792944908142,-1.9600341320037842,0.06051583698156904,-0.8762734305633639,0.016159370207837087,0.8783605704019657,4.710018219553888,1.2,-1.0188875638015786,-0.6339280456940859,-0.0018344516785446356,0.47626593708992004,0.6502287983894348,0.034061163663864136,1.5433475834644952,0.9943472355084966,-0.035895615342408774,0.21875639181186926,-0.3395364683621889,0.1659432968019654,0.34879417142703917,-0.02117009541514112,-3.0037388801574707,-3.1143677446921143,-0.1106288645346436,0
1780805318.3403401,FLY,spline,1,118,-18.641085191460814,-0.24999413607254975,-1.943874761795947,-18.698593139648438,0.6304980516433716,-1.9598388671875,0.057507948187623725,-0.8804921877159213,0.015964105391552907,0.882368209271798,4.71387113414811,1.2,-1.0175845315958818,-0.6360172602847292,-0.001940535157429515,0.3896775245666504,0.5693883299827576,0.022893376648426056,1.4228520536034508,0.907566080742105,-0.02483391180585557,0.1996645377632631,-0.3130274517927592,0.16905430163137214,0.3520943838631437,-0.02116512863277995,-3.001664876937866,-3.1143677446921143,-0.11270286775424809,0
1780805318.3510277,FLY,spline,1,118,-18.641085191460814,-0.24999413607254975,-1.943874761795947,-18.691913604736328,0.6407421827316284,-1.9595165252685547,0.05082841327551435,-0.8907363188041781,0.015641763472607595,0.892185360355641,4.72263077660593,1.2,-1.0144108878163849,-0.641066415803835,-0.002097905621784339,0.2995208203792572,0.48588427901268005,0.010511383414268494,1.2999985189422019,0.8296340529594287,-0.012609289036052834,0.1825194916510743,-0.2859996741672844,0.17066291178457038,0.3534578515145465,-0.02116260677497274,-3.0005924701690674,-3.1143677446921143,-0.11377527452304692,0
1780805318.3616557,FLY,spline,1,118,-18.641085191460814,-0.24999413607254975,-1.943874761795947,-18.688749313354492,0.6465527415275574,-1.9595165252685547,0.04766412189367841,-0.8965468776001071,0.015641763472607595,0.8978129940307151,4.726999944550692,1.2,-1.0126031856064384,-0.6439180989697715,-0.0020664749813034252,0.15428856015205383,0.3525944948196411,-0.010332684032619,1.0862601036726898,0.6853398659916587,0.008266209051315573,0.15077477051816493,-0.23897722280799175,0.17228082026235358,0.3541737882385613,-0.021164260016783003,-2.999513864517212,-3.1143677446921143,-0.11485388017490239,0
1780805318.3726292,FLY,spline,1,118,-18.641085191460814,-0.24999413607254975,-1.943874761795947,-18.687070846557617,0.6507909893989563,-1.9596972465515137,0.04598565509680341,-0.900785125471506,0.01582248475556658,0.9019581601966906,4.729578926266426,1.2,-1.0112785761635938,-0.6459968543376656,-0.001924987889599476,0.10690949857234955,0.3094038665294647,-0.017201362177729607,1.0644327793072736,0.6694374382898802,0.01527637428813013,0.14727623642377366,-0.2341752114476002,0.17593363131276862,0.3601930144812474,-0.021167315291640627,-2.9970786571502686,-3.1143677446921143,-0.11728908754184575,0
1780805318.3833141,FLY,spline,1,118,-18.641085191460814,-0.24999413607254975,-1.943874761795947,-18.687070846557617,0.6507909893989563,-1.9596972465515137,0.04598565509680341,-0.900785125471506,0.01582248475556658,0.9019581601966906,4.729578926266426,1.2,-1.0112785761635938,-0.6459968543376656,-0.001924987889599476,0.10690949857234955,0.3094038665294647,-0.017201362177729607,1.1183391844287163,0.7039291119226079,0.01527637428813013,0.15486440462297374,-0.24603462057431758,0.17593363131276862,0.3601899592063898,-0.021170370566498252,-2.9970786571502686,-3.1143677446921143,-0.11728908754184575,0
1780805318.3941321,FLY,spline,1,118,-18.641085191460814,-0.24999413607254975,-1.943874761795947,-18.68667984008789,0.6540917754173279,-1.9600976705551147,0.04559464862707685,-0.9040859114898776,0.016222908759167654,0.9052348906984913,4.730700189814966,1.2,-1.0102391581741752,-0.6476219095587136,-0.0016448559386842486,0.0015793131897225976,0.2137937843799591,-0.03278965875506401,0.9663495578315529,0.6032154347110722,0.03114480281637976,0.13270739563643588,-0.21259690272294163,0.1768012365221192,0.36294350217810245,-0.021176599527061527,-2.996500253677368,-3.1143677446921143,-0.11786749101474614,0
1780805318.4049933,FLY,spline,1,118,-18.641085191460814,-0.24999413607254975,-1.943874761795947,-18.687030792236328,0.6552343368530273,-1.9603807926177979,0.04594560077551435,-0.9052284729255771,0.01650603082185076,0.9063937259413236,4.730616894393486,1.2,-1.0098754488917832,-0.6481893751826248,-0.001453143481442931,-0.10124068707227707,0.12092029303312302,-0.048714347183704376,0.8294530029130781,0.511802878600585,0.047261203702261445,0.11259663329212871,-0.18247966064087717,0.17680409754506843,0.36350403051086877,-0.02118605176780198,-2.9964983463287354,-3.1143677446921143,-0.11786939836337895,0
1780805318.4159944,FLY,spline,1,118,-18.641085191460814,-0.24999413607254975,-1.943874761795947,-18.6885929107666,0.6564648151397705,-1.961035132408142,0.04750771930578779,-0.9064589512123202,0.017160370612194997,0.9077030426447722,4.729378512275984,1.2,-1.0094744062631644,-0.6488146018754648,-0.001017591673435019,-0.15059395134449005,0.07648132741451263,-0.05639540031552315,0.7947543626099766,0.4893728888410364,0.055377808642088126,0.10766203554502801,-0.17484595977419484,0.17667105997792976,0.36808367566790023,-0.021197127329530396,-2.996587038040161,-3.1143677446921143,-0.11778070665195317,0
1780805318.4279628,FLY,spline,1,118,-18.641085191460814,-0.24999413607254975,-1.943874761795947,-18.691875457763672,0.6564745903015137,-1.962001919746399,0.0507902663028581,-0.9064687263740634,0.018127157950451833,0.9078905237116047,4.72619572808939,1.2,-1.0094455018153445,-0.6488602560173731,-0.00038343948162430404,-0.263197660446167,-0.0246158204972744,-0.07398060709238052,0.6409477723214773,0.38685102220999346,0.07359716761075621,0.08510722488619855,-0.141008509910725,0.17629197443715827,0.3683802082965122,-0.021211846763052548,-2.996839761734009,-3.1143677446921143,-0.11752798295810551,0
1780805318.4383695,FLY,spline,1,118,-18.641085191460814,-0.24999413607254975,-1.943874761795947,-18.691875457763672,0.6564745903015137,-1.962001919746399,0.0507902663028581,-0.9064687263740634,0.018127157950451833,0.9078905237116047,4.72619572808939,1.2,-1.0094455018153445,-0.6488602560173731,-0.00038343948162430404,-0.263197660446167,-0.0246158204972744,-0.07398060709238052,0.6970417093339716,0.4240941240892748,0.07359716761075621,0.09330070729964046,-0.15334917605347376,0.17569580878011481,0.37004467333330743,-0.0212265661965747,-2.997237205505371,-3.1143677446921143,-0.11713053918674321,0
1780805318.4487784,FLY,spline,1,118,-18.641085191460814,-0.24999413607254975,-1.943874761795947,-18.694101333618164,0.6559472680091858,-1.9625780582427979,0.05301614215735029,-0.9059414040817355,0.01870329644685076,0.907491343737688,4.723917130152611,1.2,-1.009594563192116,-0.6486284128143138,-7.931254099931496e-06,-0.4218861162662506,-0.1665002852678299,-0.09857992082834244,0.45214259658596273,0.26238374671716763,0.0985719895742425,0.05772442427777688,-0.0994713712489118,0.1726184209703614,0.37174393773964615,-0.021246280594489547,-2.99928879737854,-3.1143677446921143,-0.11507894731357426,0
1780805318.4596708,FLY,spline,1,118,-18.641085191460814,-0.24999413607254975,-1.943874761795947,-18.70964813232422,0.6488574147224426,-1.9660546779632568,0.06856294086340498,-0.8988515507949923,0.022179916167309743,0.901462693197229,4.707235466265212,1.2,-1.0117092116255655,-0.6453211876720841,0.002244070735771205,-0.5922718048095703,-0.31830692291259766,-0.12549805641174316,0.20965430604746843,0.09474626847964203,0.12774212714751437,0.020844179065521246,-0.04612394733044305,0.16978422011129157,0.37199315702005586,-0.02127182901991905,-3.00117826461792,-3.1143677446921143,-0.11318948007419438,0
1780805318.470242,FLY,spline,1,118,-18.641085191460814,-0.24999413607254975,-1.943874761795947,-18.70964813232422,0.6488574147224426,-1.9660546779632568,0.06856294086340498,-0.8988515507949923,0.022179916167309743,0.901462693197229,4.707235466265212,1.2,-1.0117092116255655,-0.6453211876720841,0.002244070735771205,-0.5922718048095703,-0.31830692291259766,-0.12549805641174316,0.2849246903965722,0.14615544497981692,0.12774212714751437,0.03215419789555972,-0.06268343188724589,0.16817990149251716,0.3731805943885837,-0.021297377445348556,-3.0022478103637695,-3.1143677446921143,-0.11211993432834477,0
1780805318.4805,FLY,spline,1,118,-18.641085191460814,-0.24999413607254975,-1.943874761795947,-18.719141006469727,0.6433203220367432,-1.9679980278015137,0.07805581500891279,-0.8933144581092929,0.02412326600556658,0.8967181448614749,4.696780964939192,1.2,-1.0133787975451098,-0.642690558869042,0.0035011750349659997,-0.7130621075630188,-0.4256454408168793,-0.14467550814151764,0.12445944788176494,0.03436170783001834,0.14817668317648364,0.007559575722604035,-0.027381078533988287,0.16637674177877204,0.3726260112684905,-0.021327012781983852,-3.0034499168395996,-3.1143677446921143,-0.1109178278525147,0
1780805318.4909613,FLY,spline,1,118,-18.641085191460814,-0.24999413607254975,-1.943874761795947,-18.724531173706055,0.6399902105331421,-1.9690673351287842,0.08344598224524091,-0.8899843466056918,0.025192573332837087,0.8938877833128905,4.690804404228703,1.2,-1.0143842683061113,-0.6410982543005955,0.004193393113437718,-0.773993968963623,-0.47971853613853455,-0.1542961299419403,0.07808741655467316,0.0013740398931956516,0.15848952305537803,0.00030228877650304335,-0.017179231642028097,0.16163495386831062,0.3733761938855753,-0.021358710686594926,-3.0066111087799072,-3.1143677446921143,-0.10775663591220708,0
1780805318.5015247,FLY,spline,1,118,-18.641085191460814,-0.24999413607254975,-1.943874761795947,-18.73031234741211,0.636279284954071,-1.9702050685882568,0.0892271559512956,-0.8862734210266208,0.026330306792309743,0.8907536484221587,4.684364664884837,1.2,-1.0155055004662765,-0.6393154641100921,0.004931112697445418,-0.8352489471435547,-0.5340404510498047,-0.16399848461151123,0.025284004081255106,-0.03672780519288656,0.16892959730895665,-0.008080117142435044,-0.005562480897876123,0.15895882452718513,0.373130541950951,-0.02139249660605672,-3.008395195007324,-3.1143677446921143,-0.10597254968479008,0
1780805318.5120988,FLY,spline,1,119,-18.79865899154154,-0.2530041938506203,-1.9518484620218246,-18.74867057800293,0.6239941120147705,-1.973730444908142,-0.04998841353861039,-0.8769983058653907,0.021881982886317486,0.8784218064112892,4.663813557957806,1.2,-1.0190390267166443,-0.6336449184682211,0.00731979014697667,-1.0069581270217896,-0.6861485242843628,-0.1911734789609909,-0.22349884073602416,-0.21733874730161995,0.19849326910796758,-0.04781452440635639,0.04916974496192532,0.14904575858417135,0.3717670040902095,-0.02143219525987831,-3.014087438583374,-3.1134512776394883,-0.09936383905611423,0
1780805318.52288,FLY,spline,1,119,-18.79865899154154,-0.2530041938506203,-1.9518484620218246,-18.756093978881836,0.618847668170929,-1.97512686252594,-0.04256501265970414,-0.8718518620215492,0.023278400504115337,0.8728902849803996,4.655468553882198,1.2,-1.0205902423896944,-0.6311318518304082,0.008254861844079179,-1.0688890218734741,-0.7409621477127075,-0.20097754895687103,-0.2617962415829187,-0.24749536249452972,0.2092324108009502,-0.05444897974879654,0.05759517314824211,0.14572232280078512,0.37105492209026975,-0.0214740417420385,-3.016303062438965,-3.1134512776394883,-0.09714821520052341,0
1780805318.5335612,FLY,spline,1,119,-18.79865899154154,-0.2530041938506203,-1.9518484620218246,-18.763944625854492,0.6133202910423279,-1.97659170627594,-0.03471436568704789,-0.8663244848929481,0.024743244254115337,0.8670197231378799,4.646627822036874,1.2,-1.022254759500906,-0.6284185360791213,0.00923851665144014,-1.1308772563934326,-0.7958050966262817,-0.21076823770999908,-0.30833316532113597,-0.2841809952251843,0.22000675436143924,-0.06251981894954055,0.06783329637064991,0.14209239993396383,0.37013344703304685,-0.021518043092910787,-3.0187230110168457,-3.1134512776394883,-0.09472826662264255,0
1780805318.5441868,FLY,spline,1,119,-18.79865899154154,-0.2530041938506203,-1.9518484620218246,-18.7880859375,0.5959179401397705,-1.9810253381729126,-0.010573054041540075,-0.8489221339903907,0.029176876151087994,0.8489879734428305,4.619375113330384,1.2,-1.027482147795014,-0.6197828449590642,0.012233603598018115,-1.3034580945968628,-0.9483941197395325,-0.23758052289485931,-0.5481394609596455,-0.47212291015529073,0.24981412649287743,-0.10386704023416396,0.12059068141112202,0.13075774226489645,0.3667706357468759,-0.021568005918209364,-3.0262794494628906,-3.1134512776394883,-0.08717182817659763,0
1780805318.5547523,FLY,spline,1,119,-18.79865899154154,-0.2530041938506203,-1.9518484620218246,-18.807498931884766,0.5816113352775574,-1.9845213890075684,0.00883994034322555,-0.8346155291281776,0.032672926985743755,0.8346623425117367,4.5974176153123345,1.2,-1.031761546111428,-0.6125802114740201,0.014614940170950007,-1.426474928855896,-1.0570898056030273,-0.2565109133720398,-0.6856783617514555,-0.5831922852668585,0.2711258535429898,-0.12830230275870888,0.1508492395853202,0.12648301635089498,0.36448388003521365,-0.021622231088917962,-3.0291292667388916,-3.1134512776394883,-0.08432201090059666,0
1780805318.5654671,FLY,spline,1,119,-18.79865899154154,-0.2530041938506203,-1.9518484620218246,-18.817811965942383,0.5738964676856995,-1.986367106437683,0.019152974400842737,-0.8269006615363197,0.0345186444158585,0.8271224458794492,4.5857381620172,1.2,-1.0340618681896085,-0.608657449106463,0.0158796222697344,-1.543747067451477,-1.1606589555740356,-0.2739083170890808,-0.8126401764775648,-0.6801813531074024,0.2897879393588152,-0.1496398976836285,0.17878083882506426,0.12193041358295065,0.36219952361982083,-0.021680188676789725,-3.0321643352508545,-3.1134512776394883,-0.08128694238863376,0
1780805318.5767517,FLY,spline,1,119,-18.79865899154154,-0.2530041938506203,-1.9518484620218246,-18.817811965942383,0.5738964676856995,-1.986367106437683,0.019152974400842737,-0.8269006615363197,0.0345186444158585,0.8271224458794492,4.5857381620172,1.2,-1.0340618681896085,-0.608657449106463,0.0158796222697344,-1.543747067451477,-1.1606589555740356,-0.2739083170890808,-0.7350320901153179,-0.6286179449084096,0.2897879393588152,-0.1382959478798501,0.16170705982536993,0.11260884318652731,0.3601552401436219,-0.021738146264661487,-3.0383787155151367,-3.1134512776394883,-0.07507256212435154,0
1780805318.5879104,FLY,spline,1,119,-18.79865899154154,-0.2530041938506203,-1.9518484620218246,-18.861522674560547,0.5407323837280273,-1.9940038919448853,0.0628636830190068,-0.7937365775786476,0.04215542992306065,0.796222077833175,4.536215755918802,1.2,-1.0438807508487553,-0.5914938454478021,0.021166218481589196,-1.715381145477295,-1.3121405839920044,-0.2950049042701721,-0.9659741547535429,-0.834239903497403,0.3161711227517613,-0.18353277876942864,0.21251431404577945,0.10715001139941793,0.3565889657251059,-0.02180138048921184,-3.042017936706543,-3.1134512776394883,-0.07143334093294529,0
1780805318.5985773,FLY,spline,1,119,-18.79865899154154,-0.2530041938506203,-1.9518484620218246,-18.861522674560547,0.5407323837280273,-1.9940038919448853,0.0628636830190068,-0.7937365775786476,0.04215542992306065,0.796222077833175,4.536215755918802,1.2,-1.0438807508487553,-0.5914938454478021,0.021166218481589196,-1.715381145477295,-1.3121405839920044,-0.2950049042701721,-0.8952019142079795,-0.7824231327425613,0.3161711227517613,-0.17213308920336348,0.19694442112575547,0.10153203521075826,0.35499891918711535,-0.021864614713762193,-3.0457632541656494,-3.1134512776394883,-0.06768802347383884,0
1780805318.6091468,FLY,spline,1,120,-18.956179744983594,-0.2561320333342061,-1.9592589897758708,-18.909648895263672,0.5035253763198853,-2.0019969940185547,-0.04653084971992172,-0.7596574096540913,0.042738004242683925,0.7610811389188552,4.4816999010286525,1.2,-1.0545928294515357,-0.5719347708754268,0.026918059608328392,-1.9219956398010254,-1.4942606687545776,-0.3120242655277252,-1.1761680017869054,-1.051364394999247,0.3389423251360536,-0.23130016689983435,0.2587569603931192,0.07918478711904897,0.34694882421436374,-0.021932403178789403,-3.059727668762207,-3.112517526841573,-0.05278985807936598,0
1780805318.619668,FLY,spline,1,120,-18.956179744983594,-0.2561320333342061,-1.9592589897758708,-18.909648895263672,0.5035253763198853,-2.0019969940185547,-0.04653084971992172,-0.7596574096540913,0.042738004242683925,0.7610811389188552,4.4816999010286525,1.2,-1.0545928294515357,-0.5719347708754268,0.026918059608328392,-1.9219956398010254,-1.4942606687545776,-0.3120242655277252,-1.1017187325809994,-0.9944218423128309,0.3389423251360536,-0.21877280530882282,0.24237812116781987,0.07378174527944936,0.3452054215154032,-0.022000191643816613,-3.0633296966552734,-3.112517526841573,-0.049187830186299575,0
1780805318.6300514,FLY,spline,1,120,-18.956179744983594,-0.2561320333342061,-1.9592589897758708,-18.923358917236328,0.4928222596645355,-2.0041844844818115,-0.03282082774726547,-0.7489542929987416,0.04492549470594076,0.749673088576121,4.466179110045502,1.2,-1.0576823219529345,-0.5661224406035371,0.028521712314364924,-1.9747892618179321,-1.540726900100708,-0.31506896018981934,-1.138083366819296,-1.0287732481873955,0.34359067250418424,-0.226330114601227,0.2503783407002451,0.07378174527944936,0.34476483559145193,-0.02206890977831745,-3.0633296966552734,-3.112517526841573,-0.049187830186299575,0
1780805318.6407557,FLY,spline,1,120,-18.956179744983594,-0.2561320333342061,-1.9592589897758708,-18.9638671875,0.4610253870487213,-2.010380744934082,0.007687442516406406,-0.7171574203829274,0.05112175515821127,0.7171986212917157,4.42036758411679,1.2,-1.0667633312780147,-0.5485612588868665,0.033114049723471706,-2.115262031555176,-1.6641570329666138,-0.3160509169101715,-1.3084772325914942,-1.2122653533871175,0.3491649666336432,-0.26669837774516586,0.2878649911701287,0.05816413625540151,0.33886503887918157,-0.02213874277164418,-3.0737414360046387,-3.112517526841573,-0.03877609083693434,0
1780805318.6514957,FLY,spline,1,120,-18.956179744983594,-0.2561320333342061,-1.9592589897758708,-18.9638671875,0.4610253870487213,-2.010380744934082,0.007687442516406406,-0.7171574203829274,0.05112175515821127,0.7171986212917157,4.42036758411679,1.2,-1.0667633312780147,-0.5485612588868665,0.033114049723471706,-2.115262031555176,-1.6641570329666138,-0.3160509169101715,-1.2482518165265484,-1.1656809269510138,0.3491649666336432,-0.256449803929223,0.27461539963584064,0.05275036557974233,0.3367958275942663,-0.022208575764970907,-3.077350616455078,-3.112517526841573,-0.03516691038649489,0
1780805318.6617866,FLY,spline,1,120,-18.956179744983594,-0.2561320333342061,-1.9592589897758708,-18.9942569732666,0.4370410144329071,-2.0147459506988525,0.03807722828300797,-0.6931730477671132,0.055486960922981776,0.6942180849448284,4.38605504914551,1.2,-1.0735094956305773,-0.5350258537581076,0.036396409182658775,-2.2101852893829346,-1.7473112344741821,-0.3137347400188446,-1.355371848162781,-1.2798965627535468,0.3501311492015034,-0.2815772438057803,0.29818180659581184,0.04744924768270864,0.33464868786440916,-0.022278601994811208,-3.0808846950531006,-3.112517526841573,-0.031632831788472426,0
1780805318.6723294,FLY,spline,1,120,-18.956179744983594,-0.2561320333342061,-1.9592589897758708,-19.00992202758789,0.424628883600235,-2.016909122467041,0.05374228260429703,-0.6807609169344411,0.05765013269117025,0.6828789489835962,4.36838666088208,1.2,-1.0769631127204233,-0.5279238121801613,0.038038169944182285,-2.297484874725342,-1.8235585689544678,-0.3087029755115509,-1.4395004779923692,-1.377683839198653,0.3467411454557332,-0.30309044462370366,0.31669010515832124,0.03245784505667104,0.32880616518682165,-0.022347950223902353,-3.090878963470459,-3.112517526841573,-0.021638563371114028,0
1780805318.6828637,FLY,spline,1,120,-18.956179744983594,-0.2561320333342061,-1.9592589897758708,-19.03972625732422,0.4009667932987213,-2.0208544731140137,0.08354651234062516,-0.6570988266329274,0.06159548333814291,0.6623887738229357,4.334815757244186,1.2,-1.0834711438440892,-0.5142026653104835,0.041059705853494874,-2.338162422180176,-1.8589919805526733,-0.305538147687912,-1.4468053043009232,-1.4147311855091853,0.3465978535414069,-0.3112408608120208,0.31829716694620314,0.027336256349700827,0.3265663891395936,-0.022417269794610634,-3.0942933559417725,-3.112517526841573,-0.01822417089980055,0
1780805318.693344,FLY,spline,1,121,-19.11364629431772,-0.2593802245014894,-1.966094056723839,-19.100467681884766,0.3524804711341858,-2.0282177925109863,-0.013178612432955816,-0.6118606956356751,0.06212373578714736,0.6120026034988988,4.266574128856764,1.2,-1.096344884891073,-0.4856065767149449,0.04705471309414113,-2.4871182441711426,-1.988107442855835,-0.2867153584957123,-1.6317152940415622,-1.6228398509323687,0.3337700715898534,-0.3570247672051211,0.3589773646891437,0.02079056238941468,0.32526428197113944,-0.022484023808928603,-3.0977060794830322,-3.1115664544093087,-0.013860374926276453,0
1780805318.7039058,FLY,spline,1,121,-19.11364629431772,-0.2593802245014894,-1.966094056723839,-19.100467681884766,0.3524804711341858,-2.0282177925109863,-0.013178612432955816,-0.6118606956356751,0.06212373578714736,0.6120026034988988,4.266574128856764,1.2,-1.096344884891073,-0.4856065767149449,0.04705471309414113,-2.4871182441711426,-1.988107442855835,-0.2867153584957123,-1.5704058838850896,-1.576412593409002,0.3337700715898534,-0.34681077054998044,0.3454892944547197,0.012775764225047004,0.321513320335553,-0.022550777823246573,-3.1030492782592773,-3.1115664544093087,-0.008517176150031336,0
1780805318.7145555,FLY,spline,1,121,-19.11364629431772,-0.2593802245014894,-1.966094056723839,-19.11800765991211,0.3384374976158142,-2.030161142349243,0.004361365594387934,-0.5978177221173036,0.0640670856254042,0.5978336310273699,4.24691812058171,1.2,-1.1000159548159238,-0.4770718340820815,0.04865556777975542,-2.526279926300049,-2.021841287612915,-0.2801109254360199,-1.582484334352152,-1.6135238594932861,0.32876649321577534,-0.35497524908852296,0.3481465535574734,0.0030393455009869452,0.3171169109144408,-0.022616531121889726,-3.1095402240753174,-3.1115664544093087,-0.002026230333991297,0
1780805318.7252,FLY,spline,1,121,-19.11364629431772,-0.2593802245014894,-1.966094056723839,-19.172225952148438,0.2949609160423279,-2.035712957382202,0.05857965783071606,-0.5543411405438172,0.06961890065836318,0.5574277320074629,4.1863166555759985,1.2,-1.111096583769269,-0.45013651936857163,0.053305679500473664,-2.669938564300537,-2.1444849967956543,-0.2528883218765259,-1.7585142125158066,-1.8224430526901896,0.30619400137699954,-0.40093747159184173,0.38687312675347746,-0.00638987088390075,0.31403166350551476,-0.022677769922165126,-3.115826368331909,-3.1115664544093087,0.0042599139226005,0
1780805318.7358286,FLY,spline,1,122,-19.27105748207466,-0.2627513373306523,-1.972341374531484,-19.20374870300293,0.26963865756988525,-2.038642644882202,-0.06730877907173038,-0.5323899949005375,0.0663012703507182,0.5366279702087111,4.151196508557764,1.2,-1.1172550571768667,-0.4343011937713001,0.055889268214387,-2.6999025344848633,-2.169797420501709,-0.24635683000087738,-1.7421552867124666,-1.845331470932978,0.3022460982152644,-0.40597292360525516,0.38327416307674267,-0.015314081141128089,0.31030542985574966,-0.02273821914180818,-3.120807409286499,-3.1105980218590803,0.010209387427418726,0
1780805318.746473,FLY,spline,1,122,-19.27105748207466,-0.2627513373306523,-1.972341374531484,-19.20374870300293,0.26963865756988525,-2.038642644882202,-0.06730877907173038,-0.5323899949005375,0.0663012703507182,0.5366279702087111,4.151196508557764,1.2,-1.1172550571768667,-0.4343011937713001,0.055889268214387,-2.6999025344848633,-2.169797420501709,-0.24635683000087738,-1.6998280089039215,-1.8072991168811965,0.3022460982152644,-0.3976058057138632,0.3739621619588627,-0.019630291887893225,0.30785830248252066,-0.022798668361451235,-3.123684883117676,-3.1105980218590803,0.013086861258595484,0
1780805318.7573974,FLY,spline,1,122,-19.27105748207466,-0.2627513373306523,-1.972341374531484,-19.241952896118164,0.2388964742422104,-2.0418896675109863,-0.02910458595649601,-0.5016478115728626,0.06954829297950238,0.5024913967219155,4.108746916963736,1.2,-1.1245991481042072,-0.41450398992657705,0.058848945769989044,-2.7681236267089844,-2.227052927017212,-0.2292066067457199,-1.7681783107123266,-1.903664969726658,0.28805555251570897,-0.4188062933398648,0.38899922835671186,-0.023841717669143225,0.3065291207510885,-0.022856279471954375,-3.126492500305176,-3.1105980218590803,0.015894478446095484,0
1780805318.7681108,FLY,spline,1,122,-19.27105748207466,-0.2627513373306523,-1.972341374531484,-19.241952896118164,0.2388964742422104,-2.0418896675109863,-0.02910458595649601,-0.5016478115728626,0.06954829297950238,0.5024913967219155,4.108746916963736,1.2,-1.1245991481042072,-0.41450398992657705,0.058848945769989044,-2.7681236267089844,-2.227052927017212,-0.2292066067457199,-1.7338543158919808,-1.8735393742663444,0.28805555251570897,-0.4121786623385958,0.3814479494962358,-0.027915814348830725,0.3040687298141583,-0.022913890582457516,-3.129208564758301,-3.1105980218590803,0.018610542899220484,0
1780805318.7786078,FLY,spline,1,122,-19.27105748207466,-0.2627513373306523,-1.972341374531484,-19.303007125854492,0.18974609673023224,-2.046401262283325,0.031949643779832115,-0.45249743406088455,0.07405988775184125,0.45362397155501244,4.041194089775881,1.2,-1.1357874391826257,-0.38210746257278,0.0630934231213132,-2.867096424102783,-2.3088624477386475,-0.19938747584819794,-1.8453095373580617,-2.0399377371751735,0.26248089896951116,-0.44878630217853815,0.40596809821877355,-0.035912731119765784,0.3010711345341987,-0.022966386762251417,-3.134539842605591,-3.1105980218590803,0.023941820746510523,0
1780805318.7891736,FLY,spline,1,122,-19.27105748207466,-0.2627513373306523,-1.972341374531484,-19.323123931884766,0.17353515326976776,-2.047719717025757,0.05206644981010555,-0.4362864906004201,0.07537834249427289,0.4393823131126908,4.019014422157047,1.2,-1.1393185685092209,-0.37122756998436685,0.06436839856328322,-2.897796869277954,-2.333855628967285,-0.18992529809474945,-1.8542245165293265,-2.0637380791171953,0.2542936966580327,-0.454022377405783,0.4079293936364518,-0.03942213339485123,0.2993719531328616,-0.023017245501583024,-3.1368794441223145,-3.1105980218590803,0.026281422263234155,0
1780805318.7998571,FLY,spline,1,123,-19.428412150785146,-0.26624794179987715,-1.9779886548645602,-19.364023208618164,0.14061522483825684,-2.050161123275757,-0.06438894216698188,-0.406863166638134,0.07217246841119662,0.4119266588122125,3.9740544011376913,1.2,-1.1461769047242636,-0.3490065413532884,0.066880020703657,-2.9828405380249023,-2.4019970893859863,-0.1623389720916748,-1.944686484986909,-2.1832741145769377,0.2292189927953318,-0.4803203052069263,0.42783102669712,-0.04734390468856686,0.2968969349358417,-0.02306308930014209,-3.141174793243408,-3.109612190117697,0.03156260312571124,0
1780805318.8106358,FLY,spline,1,123,-19.428412150785146,-0.26624794179987715,-1.9779886548645602,-19.422069549560547,0.09389648586511612,-2.053115129470825,-0.006342601224599065,-0.36014442766499327,0.07512647460626498,0.360200273970523,3.9105494504301794,1.2,-1.1553442357381096,-0.3166434993459665,0.07011840891423728,-3.035952091217041,-2.4436123371124268,-0.14483530819416046,-1.974929007997114,-2.2692539485776795,0.21495371710839772,-0.49923586868708947,0.4344843817593651,-0.052619011110717206,0.29413672589885476,-0.023106080043563768,3.138493776321411,-3.109612190117697,0.03507934074047814,0
1780805318.820964,FLY,spline,1,123,-19.428412150785146,-0.26624794179987715,-1.9779886548645602,-19.422069549560547,0.09389648586511612,-2.053115129470825,-0.006342601224599065,-0.36014442766499327,0.07512647460626498,0.360200273970523,3.9105494504301794,1.2,-1.1553442357381096,-0.3166434993459665,0.07011840891423728,-3.035952091217041,-2.4436123371124268,-0.14483530819416046,-1.9364946977430018,-2.2354068640529814,0.21495371710839772,-0.4917895100916559,0.4260288335034604,-0.05810180396502629,0.28984495000135546,-0.023149070786985446,3.134838581085205,-3.109612190117697,0.03873453597668419,0
1780805318.831591,FLY,spline,1,123,-19.428412150785146,-0.26624794179987715,-1.9779886548645602,-19.443359375,0.07677733898162842,-2.0540575981140137,0.01494722421485406,-0.34302528078150557,0.07606894324945346,0.3433507867574499,3.887352152423958,1.2,-1.1585092624473587,-0.30461082209051016,0.07119365062293292,-3.063412666320801,-2.4648072719573975,-0.13595442473888397,-1.9539190178632733,-2.2600969167386245,0.2071480753618169,-0.4972213216824974,0.4298621839299201,-0.05810180396502629,0.2904279717260096,-0.02319050040205781,3.134838581085205,-3.109612190117697,0.03873453597668419,0
1780805318.8422573,FLY,spline,1,123,-19.428412150785146,-0.26624794179987715,-1.9779886548645602,-19.46480369567871,0.05952148139476776,-2.054941415786743,0.036391544893565,-0.3257694231946449,0.07695276092218295,0.3277957620658205,3.864036974206982,1.2,-1.1615898406362317,-0.2923916307200405,0.07222310167508389,-3.113013744354248,-2.5024375915527344,-0.11838485300540924,-1.998218305707531,-2.3233026942266637,0.19060795468049313,-0.511126592729866,0.4396080272556568,-0.0648931571907343,0.285949197502128,-0.023228621992993907,3.1303110122680664,-3.109612190117697,0.043262104793822864,0
1780805318.853023,FLY,spline,1,124,-19.585709142979912,-0.269872607887346,-1.983023609388822,-19.547225952148438,-0.006669921800494194,-2.057666063308716,-0.038483190831474445,-0.2632026860868518,0.07464245391989377,0.26600114650111106,3.7749378979289627,1.2,-1.1723020835824753,-0.24486411992428142,0.0758247162994644,-3.184316396713257,-2.554776668548584,-0.09072938561439514,-2.0683274914216194,-2.4596812119141362,0.16655410191385955,-0.54112986662111,0.45503204811275627,-0.06851629294201,0.2858473962917076,-0.023261932813376678,3.128898859024048,-3.1086089195275317,0.04567752862800667,0
1780805318.8634949,FLY,spline,1,124,-19.585709142979912,-0.269872607887346,-1.983023609388822,-19.547225952148438,-0.006669921800494194,-2.057666063308716,-0.038483190831474445,-0.2632026860868518,0.07464245391989377,0.26600114650111106,3.7749378979289627,1.2,-1.1723020835824753,-0.24486411992428142,0.0758247162994644,-3.184316396713257,-2.554776668548584,-0.09072938561439514,-2.0394521095201013,-2.42499796498157,0.16655410191385955,-0.5334995522959454,0.4486794640944223,-0.07045749701305493,0.28388040486711485,-0.023295243633759448,3.1276047229766846,-3.1086089195275317,0.04697166467536995,0
1780805318.8743072,FLY,spline,1,124,-19.585709142979912,-0.269872607887346,-1.983023609388822,-19.610116958618164,-0.057060547173023224,-2.059096574783325,0.024407815638252117,-0.2128120607143228,0.07607296539450314,0.21420717693323796,3.7075221427562055,1.2,-1.1792733718253046,-0.2078854149630293,0.0780894919270578,-3.2492852210998535,-2.6002566814422607,-0.06489240378141403,-2.1045195148210363,-2.5386286851456865,0.14298189570847183,-0.558498310732051,0.46299429326062796,-0.07512597121044262,0.28051137646478075,-0.023323840012901144,3.1244924068450928,-3.1086089195275317,0.05008398080696175,0
1780805318.8850667,FLY,spline,1,124,-19.585709142979912,-0.269872607887346,-1.983023609388822,-19.655702590942383,-0.09348632395267487,-2.059819221496582,0.06999344796247087,-0.17638628393467115,0.07679561210775998,0.18976618222949407,3.658984124034957,1.2,-1.1836350799146844,-0.18082117667123626,0.07944620609310522,-3.2931928634643555,-2.6295440196990967,-0.0476163849234581,-2.139011602906999,-2.6002172608906244,0.1270625910165633,-0.5720477973959374,0.4705825526395398,-0.0777323631171809,0.2782283258012677,-0.023349252531104456,3.1227548122406006,-3.1086089195275317,0.051821575411453935,0
1780805318.8957543,FLY,spline,1,125,-19.742947301189695,-0.273627905571241,-1.9874339497700229,-19.678945541381836,-0.1120312511920929,-2.0600926876068115,-0.0640017598078586,-0.1615966543791481,0.07265873783678867,0.17380938974933624,3.6343447748222855,1.2,-1.185613636587246,-0.16701255597981055,0.08016926395730455,-3.332817316055298,-2.654736280441284,-0.031034989282488823,-2.1752727002423415,-2.6300846834715634,0.11120425323979337,-0.578618630363744,0.4785599940533151,-0.07926348763073188,0.2794747519727614,-0.023371493381752415,3.1227548122406006,-3.107588169851831,0.052842325087154585,0
1780805318.906401,FLY,spline,1,125,-19.742947301189695,-0.273627905571241,-1.9874339497700229,-19.720781326293945,-0.1453222632408142,-2.060434579849243,-0.02216597489574923,-0.1283056423304268,0.07300063007922031,0.13020625291015173,3.590189302603751,1.2,-1.1887940334929432,-0.1419971064058992,0.08127464367150965,-3.3506758213043213,-2.665635347366333,-0.02314508892595768,-2.173141232361094,-2.6588573488722695,0.10441973259746733,-0.5849486167518994,0.4780910711194407,-0.08035639839733344,0.2782788554652617,-0.02339237732827191,3.122026205062866,-3.107588169851831,0.05357093226488896,0
1780805318.917056,FLY,spline,1,125,-19.742947301189695,-0.273627905571241,-1.9874339497700229,-19.76773452758789,-0.1825878918170929,-2.0605859756469727,0.024787226398196083,-0.09104001375414811,0.0731520258769498,0.0943540709077828,3.5409333088809163,1.2,-1.191751913087027,-0.11382199575072519,0.08229174282230771,-3.389249563217163,-2.6881182193756104,-0.007291488349437714,-2.2051053025769933,-2.7171431653384492,0.08958323117174542,-0.5977714963744588,0.48512316656693855,-0.08317951279247504,0.2733528237965612,-0.02341029397450626,3.1201441287994385,-3.107588169851831,0.055453008528316694,0
1780805318.927867,FLY,spline,1,125,-19.742947301189695,-0.273627905571241,-1.9874339497700229,-19.791406631469727,-0.2013281136751175,-2.0605859756469727,0.04845933028003202,-0.07229979189612351,0.0731520258769498,0.08703773089535362,3.516225123271833,1.2,-1.1929947195024686,-0.09959806063243984,0.0827274172054409,-3.4240009784698486,-2.7068777084350586,0.006543993949890137,-2.2385778014142512,-2.7421614771827083,0.07618342325555076,-0.6,0.4924871163111353,-0.08317951279247504,0.2744095717452057,-0.023425530659157368,3.1201441287994385,-3.107588169851831,0.055453008528316694,1
1780805318.9388165,FLY,spline,1,125,-19.742947301189695,-0.273627905571241,-1.9874339497700229,-19.791406631469727,-0.2013281136751175,-2.0605859756469727,0.04845933028003202,-0.07229979189612351,0.0731520258769498,0.08703773089535362,3.516225123271833,1.2,-1.1929947195024686,-0.09959806063243984,0.0827274172054409,-3.4240009784698486,-2.7068777084350586,0.006543993949890137,-2.2180784681460026,-2.7169320716638508,0.07618342325555076,-0.5977250557660472,0.4879772629921206,-0.08389655666912299,0.27036739558417594,-0.023440767343808476,3.11966609954834,-3.107588169851831,0.05593103777941533,0
1780805318.949705,FLY,spline,1,126,-19.900125467945227,-0.27751640482974443,-1.9912073876739174,-19.834257125854492,-0.2351660132408142,-2.0604639053344727,-0.06586834209073444,-0.042350391588930225,0.0692565176605553,0.07830832751066613,3.471717830309222,1.2,-1.1948089605396246,-0.07387571748242872,0.08351003640687674,-3.439563274383545,-2.7147328853607178,0.013353309594094753,-2.2254978178038596,-2.752685784616977,0.07015672681278198,-0.6,0.4896095199168491,-0.0854335762380618,0.26949847566987045,-0.02345479868917103,3.1196796894073486,-3.106549900280196,0.0569557174920412,1
1780805318.9602356,FLY,spline,1,126,-19.900125467945227,-0.27751640482974443,-1.9912073876739174,-19.882343292236328,-0.27302733063697815,-2.060127019882202,-0.017782175708898507,-0.004489074192766285,0.06891963220828479,0.018340053436407985,3.4221147870831032,1.2,-1.1961924259670618,-0.04502436311626817,0.084240648056683,-3.472607374191284,-2.730170726776123,0.02812069281935692,-2.2631616594996657,-2.8054035734913834,0.05611995523732609,-0.6,0.49789556508992644,-0.0852647758840579,0.26933370354473046,-0.023466022680218496,3.1197922229766846,-3.106549900280196,0.056843183922705265,1
1780805318.97092,FLY,spline,1,126,-19.900125467945227,-0.27751640482974443,-1.9912073876739174,-19.94316291809082,-0.3206835985183716,-2.0594189167022705,0.04303745014559368,0.04316719368862715,0.06821152902835315,0.06095595726412566,3.3599159662397193,1.2,-1.1969634887008802,-0.008683620304317186,0.08487049814528164,-3.510293483734131,-2.74509859085083,0.04700314253568649,-2.307281724772146,-2.866833441497527,0.037867355609595144,-0.6,0.5076019794498722,-0.08494863284816923,0.26957169344309956,-0.023473596151340415,3.1200029850006104,-3.106549900280196,0.056632421898779484,1
1780805318.9815588,FLY,spline,1,126,-19.900125467945227,-0.27751640482974443,-1.9912073876739174,-19.94316291809082,-0.3206835985183716,-2.0594189167022705,0.04303745014559368,0.04316719368862715,0.06821152902835315,0.06095595726412566,3.3599159662397193,1.2,-1.1969634887008802,-0.008683620304317186,0.08487049814528164,-3.510293483734131,-2.74509859085083,0.04700314253568649,-2.292625090708342,-2.841359310861121,0.037867355609595144,-0.6,0.5043775199558352,-0.08420297874202909,0.2678522908277892,-0.023481169622462335,3.120500087738037,-3.106549900280196,0.056135319161352726,1
1780805318.992048,FLY,spline,1,127,-20.05724248577725,-0.28154067564103846,-1.9943316347662596,-19.992225646972656,-0.3588964641094208,-2.0586230754852295,-0.06501683880459552,0.07735578846838231,0.06429144071896986,0.10105002393719592,3.31019495457735,1.2,-1.1967924665304,0.020397156132069043,0.08527454530987447,-3.5381808280944824,-2.7540087699890137,0.06075933948159218,-2.3277901778535477,-2.883774762139191,0.024515205828282288,-0.6,0.5121138391277805,-0.08432009312162592,0.26683697802431783,-0.02348607266362799,3.1214778423309326,-3.105494069434237,0.05621339541441728,1
1780805319.0026798,FLY,spline,1,127,-20.05724248577725,-0.28154067564103846,-1.9943316347662596,-20.07062530517578,-0.4196093678474426,-2.0570068359375,0.013382819398529477,0.13806869220640416,0.06267520117124037,0.13871576558791157,3.2316203013497358,1.2,-1.1950989304756952,0.06635233310148302,0.08564995194300534,-3.5783205032348633,-2.762590169906616,0.07947815209627151,-2.381965399203066,-2.952047952920052,0.0061717998467338275,-0.6,0.5240323878246745,-0.08339848610410883,0.2673427183794179,-0.023487307023597335,3.1220922470092773,-3.105494069434237,0.05559899073607255,1
1780805319.0133288,FLY,spline,1,127,-20.05724248577725,-0.28154067564103846,-1.9943316347662596,-20.07062530517578,-0.4196093678474426,-2.0570068359375,0.013382819398529477,0.13806869220640416,0.06267520117124037,0.13871576558791157,3.2316203013497358,1.2,-1.1950989304756952,0.06635233310148302,0.08564995194300534,-3.5783205032348633,-2.762590169906616,0.07947815209627151,-2.3703647017125977,-2.925088135280977,0.0061717998467338275,-0.6,0.5214802343767715,-0.08098628613004877,0.26543316128332406,-0.02348854138356668,3.1237003803253174,-3.105494069434237,0.05399085742003251,1
1780805319.0240417,FLY,spline,1,127,-20.05724248577725,-0.28154067564103846,-1.9943316347662596,-20.09554672241211,-0.43879881501197815,-2.0564160346984863,0.0383042366348576,0.1572581393709397,0.0620843999322267,0.16185591414152609,3.206877116680744,1.2,-1.1942071204380935,0.08079557549151138,0.08568213627094513,-3.5898356437683105,-2.763826847076416,0.0848449319601059,-2.3808889835619595,-2.9322571686944165,0.0008372043108392374,-0.6,0.5237955763836311,-0.07967379185209467,0.26506445121110156,-0.02348870882442885,3.12457537651062,-3.105494069434237,0.05311586123472978,1
1780805319.0346565,FLY,spline,1,127,-20.05724248577725,-0.28154067564103846,-1.9943316347662596,-20.120546340942383,-0.45799803733825684,-2.055795907974243,0.06330385516513104,0.17645736169721837,0.06146427320798353,0.1874688736188246,3.1821731246630733,1.2,-1.193145633235132,0.09519643913008226,0.08568042873893797,-3.6089019775390625,-2.764272689819336,0.09314627200365067,-2.4100730010309843,-2.9361565307667696,-0.007465843264712696,-0.6,0.5302160602268166,-0.07579925152311517,0.2639496220399514,-0.023487215655775905,3.1271584033966064,-3.105494069434237,0.05053283434874345,1
1780805319.045879,FLY,spline,1,128,-20.214297197216496,-0.28570328798330513,-1.9967944027128042,-20.209453582763672,-0.5258007645606995,-2.053359270095825,-0.004843614452823886,0.24009747657739433,0.05656486738302102,0.24014632801648253,3.0952902174064314,1.2,-1.1880546097005238,0.14549101191987435,0.08578233979011761,-3.6351678371429443,-2.7606096267700195,0.10475960373878479,-2.455590194297329,-2.992971262562244,-0.01897726394866718,-0.6,0.5402298427454123,-0.07381416325400547,0.26371926415034963,-0.02348342020298617,3.1295552253723145,-3.104420639637935,0.04920944216933698,1
1780805319.0565212,FLY,spline,1,128,-20.214297197216496,-0.28570328798330513,-1.9967944027128042,-20.209453582763672,-0.5258007645606995,-2.053359270095825,-0.004843614452823886,0.24009747657739433,0.05656486738302102,0.24014632801648253,3.0952902174064314,1.2,-1.1880546097005238,0.14549101191987435,0.08578233979011761,-3.6351678371429443,-2.7606096267700195,0.10475960373878479,-2.4463952444953634,-2.972481870858443,-0.01897726394866718,-0.6,0.53820695378898,-0.0718493557436295,0.2632272022218994,-0.023479624750196437,3.1308650970458984,-3.104420639637935,0.047899570495753,1
1780805319.0673316,FLY,spline,1,128,-20.214297197216496,-0.28570328798330513,-1.9967944027128042,-20.234766006469727,-0.5449511408805847,-2.052602529525757,0.020468809253230802,0.2592478528972796,0.05580812681295266,0.2600546507642089,3.0708389274392416,1.2,-1.1862546322829497,0.15953208769725494,0.08572899382472172,-3.6435606479644775,-2.7579901218414307,0.10866029560565948,-2.457437947462398,-2.975450954194783,-0.02293130178093776,-0.6,0.5406363484417276,-0.06977833275626377,0.263106731462557,-0.02347503848984025,3.1322457790374756,-3.104420639637935,0.04651888850417585,1
1780805319.0782533,FLY,spline,1,128,-20.214297197216496,-0.28570328798330513,-1.9967944027128042,-20.260116577148438,-0.5640820264816284,-2.051821231842041,0.04581937993194174,0.2783787384983233,0.05502682912923684,0.2821243300838577,3.046481895512813,1.2,-1.184301497407199,0.17347831404494904,0.08564600279749546,-3.6586902141571045,-2.7505767345428467,0.11610040068626404,-2.485403953730757,-2.968131232589294,-0.03045439788876858,-0.6,0.5467888698207665,-0.0652432537538834,0.26297832442709596,-0.023468947610262494,3.1352691650390625,-3.104420639637935,0.043495502502588934,1
1780805319.0891836,FLY,spline,1,129,-20.371288444793702,-0.29000681183472676,-1.9985834031793053,-20.36308479309082,-0.6410351395606995,-2.0484228134155273,-0.008203651702881842,0.3510283277259727,0.04983941023622207,0.35112417570904325,2.9489261047059143,1.2,-1.1749331607325069,0.2285553594192324,0.08540793576633453,-3.6767208576202393,-2.7341814041137695,0.12586534023284912,-2.524775004195584,-3.017749355785623,-0.04045740446651459,-0.6,0.5554505009230285,-0.06449922043815448,0.2635084658583828,-0.02346085612936919,3.1368558406829834,-3.1033299862045003,0.04299948029210299,1
1780805319.0998738,FLY,spline,1,129,-20.371288444793702,-0.29000681183472676,-1.9985834031793053,-20.38863182067871,-0.6599707007408142,-2.0475292205810547,0.017343375885008783,0.36996388890608745,0.048945817401749414,0.3703701820903035,2.9250768252561823,1.2,-1.1722753372049155,0.24185811368452673,0.0852947045605048,-3.6851277351379395,-2.7207295894622803,0.13070367276668549,-2.541518196350753,-2.99605249407883,-0.04540896820618069,-0.6,0.5591340031971657,-0.059423050470503114,0.26352180113933216,-0.023451774335727954,3.140239953994751,-3.1033299862045003,0.03961536698033541,1
1780805319.1106188,FLY,spline,1,130,-20.52821507103961,-0.29445381717348557,-1.9996863478315168,-20.459062576293945,-0.7117871046066284,-2.044995069503784,-0.06915249474566565,0.41733328743314285,0.045308721672267405,0.4230238058659389,2.860083205167406,1.2,-1.164343141395116,0.2776291666181224,0.08501232221907154,-3.691409111022949,-2.704756498336792,0.13429778814315796,-2.569895830910533,-3.005570839462246,-0.04928546592408642,-0.6,0.5653770828003173,-0.053373690866882706,0.2636590127823628,-0.023441917242543138,-3.137805700302124,-3.102223239724202,0.035582460577921804,1
1780805319.1210823,FLY,spline,1,130,-20.52821507103961,-0.29445381717348557,-1.9996863478315168,-20.459062576293945,-0.7117871046066284,-2.044995069503784,-0.06915249474566565,0.41733328743314285,0.045308721672267405,0.4230238058659389,2.860083205167406,1.2,-1.164343141395116,0.2776291666181224,0.08501232221907154,-3.691409111022949,-2.704756498336792,0.13429778814315796,-2.56645837312881,-2.990574725618067,-0.04928546592408642,-0.6,0.5646208420883382,-0.050352450632507706,0.26370763883220494,-0.023432060149358322,-3.135791540145874,-3.102223239724202,0.033568300421671804,1
1780805319.1313984,FLY,spline,1,130,-20.52821507103961,-0.29445381717348557,-1.9996863478315168,-20.484725952148438,-0.7305077910423279,-2.0440526008605957,-0.04348911889117346,0.4360539738688423,0.04436625302907893,0.43821726527915306,2.8366816953696805,1.2,-1.16124430867623,0.29034020526334225,0.08493656912487513,-3.6938750743865967,-2.6952269077301025,0.13580550253391266,-2.568751267059255,-2.9887436185990475,-0.05086893340903753,-0.6,0.5651252787530361,-0.050352450632507706,0.26384449001768284,-0.023421886362676513,-3.135791540145874,-3.102223239724202,0.033568300421671804,1
1780805319.1424105,FLY,spline,1,130,-20.52821507103961,-0.29445381717348557,-1.9996863478315168,-20.581327438354492,-0.8002734184265137,-2.0404345989227295,0.053112367314881226,0.505819601253028,0.04074825109121272,0.5086004252589288,2.7499959541947288,1.2,-1.1487040502202934,0.3366517654401741,0.08452569924885299,-3.6972267627716064,-2.652883291244507,0.13969677686691284,-2.594795639247769,-2.984159958927434,-0.05517107761805985,-0.6,0.5708550406345092,-0.04722177627032509,0.26429534677872873,-0.0234108521471529,-3.133704423904419,-3.102223239724202,0.031481184180216726,1
1780805319.1531043,FLY,spline,1,130,-20.52821507103961,-0.29445381717348557,-1.9996863478315168,-20.581327438354492,-0.8002734184265137,-2.0404345989227295,0.053112367314881226,0.505819601253028,0.04074825109121272,0.5086004252589288,2.7499959541947288,1.2,-1.1487040502202934,0.3366517654401741,0.08452569924885299,-3.6972267627716064,-2.652883291244507,0.13969677686691284,-2.6061100206275905,-2.9638563492776706,-0.05517107761805985,-0.6,0.5733442045380699,-0.038062926554138565,0.2648767091337096,-0.023399817931629287,-3.127598524093628,-3.102223239724202,0.02537528436942571,1
1780805319.163921,FLY,spline,1,131,-20.685075918484944,-0.2990468739777636,-2.0000909483351927,-20.606990814208984,-0.818603515625,-2.0394580364227295,-0.07808510427596005,0.5195566416472364,0.03936708808753675,0.525391651427335,2.7273475503108795,1.2,-1.1451926828070715,0.3484214672751806,0.08447603439409491,-3.696542501449585,-2.6399588584899902,0.14041264355182648,-2.619795770344526,-2.9464834060674665,-0.05593660915773156,-0.6,0.5763550694757957,-0.03263858102129813,0.26564868028435545,-0.02338863060979774,-3.1228606700897217,-3.101101616075523,0.021759054014198753,1
1780805319.1746716,FLY,spline,1,131,-20.685075918484944,-0.2990468739777636,-2.0000909483351927,-20.703983306884766,-0.8870702981948853,-2.0357518196105957,0.0189073883998212,0.5880234242171216,0.03566087127540296,0.5883273211097124,2.643249023009374,1.2,-1.1311796764932738,0.3915733621967588,0.08427835728405199,-3.687756299972534,-2.584399461746216,0.1412860006093979,-2.636938543398006,-2.9128113211343614,-0.0570076433253459,-0.6,0.5801264795475614,-0.025942714436520298,0.26657621229119544,-0.023377229081132673,-3.118396759033203,-3.101101616075523,0.0172951429576802,1
1780805319.1853154,FLY,spline,1,131,-20.685075918484944,-0.2990468739777636,-2.0000909483351927,-20.703983306884766,-0.8870702981948853,-2.0357518196105957,0.0189073883998212,0.5880234242171216,0.03566087127540296,0.5883273211097124,2.643249023009374,1.2,-1.1311796764932738,0.3915733621967588,0.08427835728405199,-3.687756299972534,-2.584399461746216,0.1412860006093979,-2.6408774502015824,-2.9068924487672443,-0.0570076433253459,-0.6,0.5809930390443482,-0.022053153737057407,0.2671409296084059,-0.023365827552467605,-3.1158037185668945,-3.101101616075523,0.014702102491371605,1
1780805319.1961706,FLY,spline,1,131,-20.685075918484944,-0.2990468739777636,-2.0000909483351927,-20.729570388793945,-0.9049023389816284,-2.0347704887390137,0.04449447030900089,0.6058554650038648,0.03467954040382093,0.6074871211500107,2.6214664268510726,1.2,-1.127337766724687,0.40251511318961797,0.08420892690293608,-3.6837949752807617,-2.568019390106201,0.14130346477031708,-2.6456352719155234,-2.8918261330410284,-0.057094537867381,-0.6,0.5820397598214152,-0.018065603001583774,0.2677768215420258,-0.023354408644894128,-3.113145351409912,-3.101101616075523,0.012043735334389183,1
1780805319.2068775,FLY,spline,1,132,-20.841869829660446,-0.3037885522257431,-1.999784916356088,-20.825897216796875,-0.97119140625,-2.031054735183716,-0.0159726128635711,0.6674028540242569,0.031269818827627915,0.6675939588712686,2.541033766976824,1.2,-1.1125042015717306,0.441863003977568,0.08421096841365684,-3.662379026412964,-2.4998321533203125,0.14189794659614563,-2.6539497548402142,-2.827065730641191,-0.05768697818248879,-0.6,0.5838689460648472,-0.008206055119682087,0.2698984571466947,-0.02334287124925763,-3.1054370403289795,-3.099966336915858,0.005470703413121392,1
1780805319.2176297,FLY,spline,1,132,-20.841869829660446,-0.3037885522257431,-1.999784916356088,-20.851287841796875,-0.98841792345047,-2.0300683975219727,0.0094180121364289,0.6846293712247269,0.03028348116588475,0.6846941469708696,2.520251658793189,1.2,-1.10849309099198,0.45183151619176903,0.08421014308794786,-3.655029773712158,-2.4801714420318604,0.142286017537117,-2.66461545722416,-2.802432803010388,-0.058075874449169146,-0.6,0.5862154005893152,0.0005400920360796313,0.2717529738386768,-0.023331256074367795,-3.0996062755584717,-3.099966336915858,-0.00036006135738642087,1
1780805319.228514,FLY,spline,1,132,-20.841869829660446,-0.3037885522257431,-1.999784916356088,-20.851287841796875,-0.98841792345047,-2.0300683975219727,0.0094180121364289,0.6846293712247269,0.03028348116588475,0.6846941469708696,2.520251658793189,1.2,-1.10849309099198,0.45183151619176903,0.08421014308794786,-3.655029773712158,-2.4801714420318604,0.142286017537117,-2.665438952778708,-2.8084621264735867,-0.058075874449169146,-0.6,0.5863965696113157,0.0005400920360796313,0.27176458901356665,-0.02331964089947796,-3.0996062755584717,-3.099966336915858,-0.00036006135738642087,1
1780805319.2391157,FLY,spline,1,132,-20.841869829660446,-0.3037885522257431,-1.999784916356088,-20.87660026550293,-1.0054980516433716,-2.0290770530700684,0.03473043584248359,0.7017094994176285,0.029292136713980454,0.7025684484423903,2.499713796418822,1.2,-1.104463209000089,0.4615967869192193,0.08419873081631785,-3.6389565467834473,-2.4406440258026123,0.1432851254940033,-2.653069204583757,-2.757948872899637,-0.05908639467768545,-0.6,0.5836752250084265,0.005050494715522991,0.2728694735510314,-0.02330782362054242,-3.0965993404388428,-3.099966336915858,-0.003366996477015327,1
1780805319.249725,FLY,spline,1,133,-20.99859564709686,-0.3086814218956061,-1.9987559635599554,-20.922616958618164,-1.036289095878601,-2.0272557735443115,-0.07597868847869549,0.727607673982995,0.028499809984356084,0.7315638648415372,2.46284098676744,1.2,-1.0971622206507878,0.47868690381853274,0.0842253506330395,-3.6303515434265137,-2.420900821685791,0.14392009377479553,-2.6777855910489814,-2.7385803272975138,-0.05969474314175603,-0.6,0.5891128300307759,0.01651252785999291,0.2761894670622234,-0.02329588467191407,-3.0878102779388428,-3.0988186298455047,-0.01100835190666194,1
1780805319.2606957,FLY,spline,1,133,-20.99859564709686,-0.3086814218956061,-1.9987559635599554,-20.972850799560547,-1.0694433450698853,-2.0252392292022705,-0.025744847536312676,0.7607619231742792,0.026483265642315068,0.7611974125852609,2.423266104626311,1.2,-1.089054760681997,0.4968363264511744,0.08434093285220735,-3.609450101852417,-2.375706672668457,0.14580681920051575,-2.6659708882111683,-2.6941132240506445,-0.06146588634830839,-0.5927049092911418,0.5865135954064571,0.02133120576221459,0.27764425980165264,-0.023283591494644408,-3.0845978260040283,-3.0988186298455047,-0.014220803841476393,0
1780805319.271165,FLY,spline,1,133,-20.99859564709686,-0.3086814218956061,-1.9987559635599554,-20.99785041809082,-1.085781216621399,-2.024218797683716,-0.0007452290060392386,0.7770997947257928,0.02546283412376038,0.7771001520583694,2.403843426996022,1.2,-1.0850039541707264,0.5056147826149864,0.08438075038234852,-3.5880532264709473,-2.332550525665283,0.14816738665103912,-2.6622366824949686,-2.6268104376925203,-0.0637866362686906,-0.5778982962923545,0.5856920701488931,0.034361377156562734,0.28161777871728283,-0.02327083416739067,-3.075911045074463,-3.0988186298455047,-0.022907584771041822,0
1780805319.2819047,FLY,spline,1,133,-20.99859564709686,-0.3086814218956061,-1.9987559635599554,-21.037967681884766,-1.1117773056030273,-2.0225536823272705,0.039372034787906074,0.8030958837074212,0.023797718767315068,0.8040604178487734,2.373061782321312,1.2,-1.0784900657609637,0.5193580314446412,0.08441808591089202,-3.577706813812256,-2.312530279159546,0.14935070276260376,-2.670985803027681,-2.6203150595101548,-0.06493261685171174,-0.576469313092234,0.5876168766660899,0.03951479474384301,0.2833144937674969,-0.02325784764402033,-3.0724754333496094,-3.0988186298455047,-0.026343196495895338,0
1780805319.2943368,FLY,spline,1,134,-21.15525221332491,-0.313728052965535,-1.9969918016125512,-21.087383270263672,-1.1433593034744263,-2.020444393157959,-0.0678689430612387,0.8296312505088912,0.023452591545407797,0.8324026701381947,2.3357913973033186,1.2,-1.0706054793016617,0.5354096807574238,0.08450077775081524,-3.550065040588379,-2.2609028816223145,0.15229012072086334,-2.6498211957336366,-2.56616590260118,-0.0677893429700481,-0.5645564985722595,0.5829606630614,0.04299888256534645,0.2852207766447136,-0.023244289775426318,-3.0689938068389893,-3.0976597285492202,-0.028665921710230968,0
1780805319.3052943,FLY,spline,1,134,-21.15525221332491,-0.313728052965535,-1.9969918016125512,-21.087383270263672,-1.1433593034744263,-2.020444393157959,-0.0678689430612387,0.8296312505088912,0.023452591545407797,0.8324026701381947,2.3357913973033186,1.2,-1.0706054793016617,0.5354096807574238,0.08450077775081524,-3.550065040588379,-2.2609028816223145,0.15229012072086334,-2.6576025683985747,-2.579045790705387,-0.0677893429700481,-0.5673900739551851,0.5846725650476864,0.04299888256534645,0.2852343345133076,-0.023230731906832308,-3.0689938068389893,-3.0976597285492202,-0.028665921710230968,0
1780805319.3158927,FLY,spline,1,134,-21.15525221332491,-0.313728052965535,-1.9969918016125512,-21.111913681030273,-1.158876895904541,-2.0193748474121094,-0.04333853229463713,0.8451488429390059,0.022383045799558188,0.8462592954305399,2.3175656439277263,1.2,-1.0666374414938744,0.5432602293599684,0.08457476928231199,-3.504338502883911,-2.1803767681121826,0.15616270899772644,-2.6218247070080314,-2.441078020819721,-0.07158793971541445,-0.5370371645803387,0.5768014355417669,0.06364545467838356,0.2926579698060206,-0.023216414318889225,-3.055229425430298,-3.0976597285492202,-0.042430303118922374,0
1780805319.3265939,FLY,spline,1,135,-21.311838370875336,-0.31893101541371194,-1.9944801421796288,-21.229570388793945,-1.2314355373382568,-2.0140576362609863,-0.0822679820813903,0.9125045219245449,0.01957749408135756,0.9162055028259142,2.2326271692961983,1.2,-1.04800154031757,0.578362863856799,0.08478896864193287,-3.451112985610962,-2.092106819152832,0.16014495491981506,-2.5894109270499652,-2.3606411839193115,-0.07535598627788219,-0.5193410604622486,0.5696704039509923,0.07299544366555555,0.29713356310424194,-0.02320134312163365,-3.0478272438049316,-3.096490872915302,-0.048663629110370366,0
1780805319.3374689,FLY,spline,1,135,-21.311838370875336,-0.31893101541371194,-1.9944801421796288,-21.277069091796875,-1.2598241567611694,-2.0118064880371094,-0.03476927907846061,0.9408931413474575,0.017326345857480607,0.9415353451689015,2.1995138590484227,1.2,-1.0405702706651296,0.5916021001762866,0.08497333037433592,-3.4110195636749268,-2.028434991836548,0.16258738934993744,-2.563231536605761,-2.2877201934780453,-0.07761405897560152,-0.50329844256517,0.5639109380532674,0.08439054044442518,0.30180209939442293,-0.02318582030983853,-3.0402305126190186,-3.096490872915302,-0.05626036029628345,0
1780805319.3479621,FLY,spline,1,135,-21.311838370875336,-0.31893101541371194,-1.9944801421796288,-21.277069091796875,-1.2598241567611694,-2.0118064880371094,-0.03476927907846061,0.9408931413474575,0.017326345857480607,0.9415353451689015,2.1995138590484227,1.2,-1.0405702706651296,0.5916021001762866,0.08497333037433592,-3.4110195636749268,-2.028434991836548,0.16258738934993744,-2.5901252223017144,-2.301508468558664,-0.07761405897560152,-0.5063318630829061,0.5698275489063772,0.09014155420022352,0.30415454990260704,-0.023170297498043408,-3.0363965034484863,-3.096490872915302,-0.06009436946681568,0
1780805319.3586743,FLY,spline,1,135,-21.311838370875336,-0.31893101541371194,-1.9944801421796288,-21.32402229309082,-1.2873046398162842,-2.009531259536743,0.0121839222154847,0.9683736244025722,0.015051117357114396,0.9684502694506967,2.1674334137667866,1.2,-1.0333461358442155,0.6041111952615196,0.08512007574906301,-3.367382049560547,-1.9612493515014648,0.16413439810276031,-2.5442252915873302,-2.227468631556976,-0.0790143223536973,-0.4900430989425347,0.5597295641492127,0.09587075265603406,0.3066717057949461,-0.023154494633572668,-3.0325770378112793,-3.096490872915302,-0.06391383510402271,0
1780805319.3698413,FLY,spline,1,136,-21.46835296227888,-0.3242928792183192,-1.991208696926941,-21.386484146118164,-1.322939395904541,-2.0064353942871094,-0.08186881616071418,0.9986465166862218,0.015226697360168462,1.0019966907874902,2.125764015888102,1.2,-1.0241608952465864,0.6195356750576885,0.08526434177617749,-3.302452564239502,-1.8646551370620728,0.16474410891532898,-2.479896173992047,-2.103084480500622,-0.07947976713915149,-0.4626785857101368,0.5455771582782504,0.10965978875618387,0.3135595163705773,-0.023138598680144836,-3.0222067832946777,-3.0953133091321337,-0.07310652583745592,0
1780805319.3807962,FLY,spline,1,136,-21.46835296227888,-0.3242928792183192,-1.991208696926941,-21.431835174560547,-1.348046898841858,-2.004155158996582,-0.03651778771833136,1.0237540196235386,0.012946462069641118,1.0244051159161565,2.096191232771582,1.2,-1.0175399234269042,0.6303158525526529,0.0855244424313424,-3.250053882598877,-1.7890279293060303,0.16408412158489227,-2.426071810504816,-2.0270662315724906,-0.07855967915354987,-0.4459545709459479,0.5337357983110596,0.11544835343819071,0.3161866774342504,-0.023122886744314126,-3.01834774017334,-3.0953133091321337,-0.0769655689587938,0
1780805319.3913956,FLY,spline,1,136,-21.46835296227888,-0.3242928792183192,-1.991208696926941,-21.431835174560547,-1.348046898841858,-2.004155158996582,-0.03651778771833136,1.0237540196235386,0.012946462069641118,1.0244051159161565,2.096191232771582,1.2,-1.0175399234269042,0.6303158525526529,0.0855244424313424,-3.250053882598877,-1.7890279293060303,0.16408412158489227,-2.459976276615625,-2.047542449132773,-0.07855967915354987,-0.4504593388092101,0.5411947808554375,0.1211689688251536,0.31893741329651276,-0.023107174808483417,-3.0145339965820312,-3.0953133091321337,-0.0807793125501024,0
1780805319.4020417,FLY,spline,1,136,-21.46835296227888,-0.3242928792183192,-1.991208696926941,-21.431835174560547,-1.348046898841858,-2.004155158996582,-0.03651778771833136,1.0237540196235386,0.012946462069641118,1.0244051159161565,2.096191232771582,1.2,-1.0175399234269042,0.6303158525526529,0.0855244424313424,-3.250053882598877,-1.7890279293060303,0.16408412158489227,-2.4861092528585145,-2.058982084799953,-0.07855967915354987,-0.4529760586559897,0.5469440356288732,0.1268377281711619,0.32174748752222054,-0.023091462872652707,-3.0107548236846924,-3.0953133091321337,-0.08455848544744127,0
1780805319.4125075,FLY,spline,1,136,-21.46835296227888,-0.3242928792183192,-1.991208696926941,-21.49398422241211,-1.3813672065734863,-2.0009961128234863,0.025631260133231137,1.057074327355167,0.009787415896545415,1.0573850268702487,2.056579619260082,1.2,-1.0087529112721423,0.6442397687861833,0.08586433668469205,-3.170076847076416,-1.6769442558288574,0.1615929901599884,-2.378437785936927,-1.916805893451307,-0.07572865347529635,-0.42169729655928756,0.523256312906124,0.13686024919014383,0.326686868689402,-0.02307631714195765,-3.004073143005371,-3.0953133091321337,-0.09124016612676256,0
1780805319.4231162,FLY,spline,1,137,-21.624794830066264,-0.3298162143575386,-1.9871651775202444,-21.51578140258789,-1.392724633216858,-1.9998828172683716,-0.10901342747837361,1.0629084188593194,0.01271763974812723,1.068484082358086,2.0429225658664634,1.2,-1.0060103871407144,0.6485148291290899,0.08585812346340106,-3.139638662338257,-1.6351628303527832,0.1602829396724701,-2.364580888189187,-1.871663797195943,-0.07442481620906903,-0.41176603538310746,0.5202077954016212,0.14629721484037694,0.33265305632475384,-0.023061432178715837,-2.9965968132019043,-3.0941282897621556,-0.0975314765602513,0
1780805319.4336543,FLY,spline,1,137,-21.624794830066264,-0.3298162143575386,-1.9871651775202444,-21.537382125854492,-1.4037792682647705,-1.998779296875,-0.08741270421177205,1.073963053907232,0.011614119354755648,1.0775145576814091,2.029493032919051,1.2,-1.003105652965453,0.6529726124693394,0.08605705289933092,-3.1081674098968506,-1.592417597770691,0.15870971977710724,-2.3405654099418425,-1.8325790521414955,-0.07265266687777631,-0.403167391471129,0.5149243901872054,0.15207469305845556,0.33574257678011027,-0.023046901645340283,-2.9927451610565186,-3.0941282897621556,-0.10138312870563704,0
1780805319.444489,FLY,spline,1,137,-21.624794830066264,-0.3298162143575386,-1.9871651775202444,-21.617578506469727,-1.4431250095367432,-1.9947069883346558,-0.007216323596537677,1.1133087951792047,0.007541810814411409,1.113332182571591,1.9805502848575423,1.2,-0.9927973708085068,0.6684415981011723,0.08682862686733328,-2.9782495498657227,-1.4202772378921509,0.1505521684885025,-2.153740125028711,-1.6128921197627741,-0.06372354162116922,-0.3548362663478103,0.4738228275063164,0.16809284529539403,0.3444145218418557,-0.023034156937016048,-2.9820663928985596,-3.0941282897621556,-0.11206189686359602,0
1780805319.455026,FLY,spline,1,137,-21.624794830066264,-0.3298162143575386,-1.9871651775202444,-21.617578506469727,-1.4431250095367432,-1.9947069883346558,-0.007216323596537677,1.1133087951792047,0.007541810814411409,1.113332182571591,1.9805502848575423,1.2,-0.9927973708085068,0.6684415981011723,0.08682862686733328,-2.9782495498657227,-1.4202772378921509,0.1505521684885025,-2.201388725307615,-1.644854868231464,-0.06372354162116922,-0.3618680710109221,0.4843055195676753,0.17369615874143896,0.3478783156597523,-0.023021412228691814,-2.9783308506011963,-3.0941282897621556,-0.1157974391609593,0
1780805319.4657466,FLY,spline,1,137,-21.624794830066264,-0.3298162143575386,-1.9871651775202444,-21.63800811767578,-1.4526562690734863,-1.99368155002594,0.01321328760951701,1.1228400547159478,0.006516372505695589,1.1229177972781288,1.9682746298205958,1.2,-0.9903108593482821,0.6720926886906256,0.08703918465537651,-2.9415037631988525,-1.3726649284362793,0.14776846766471863,-2.1650172685143882,-1.612375272336831,-0.06072928300934212,-0.35472255991410284,0.4763037990731654,0.17369615874143896,0.347650920827408,-0.023009266372089946,-2.9783308506011963,-3.0941282897621556,-0.1157974391609593,0
1780805319.4766295,FLY,spline,1,137,-21.624794830066264,-0.3298162143575386,-1.9871651775202444,-21.65816307067871,-1.4618456363677979,-1.9926806688308716,0.0333682406124467,1.1320294220102594,0.00551549131062723,1.1325211043413064,1.9562281365353844,1.2,-0.9879185327635521,0.6755762024072219,0.08725690438782746,-2.868016242980957,-1.2786624431610107,0.14103475213050842,-2.0714773756086196,-1.4945255829578257,-0.05377784774268096,-0.32879562825072167,0.4557250226338963,0.18811964831205663,0.3566942269685454,-0.02299851080254141,-2.968715190887451,-3.0941282897621556,-0.12541309887470442,0
1780805319.4873962,FLY,spline,1,138,-21.781162816768234,-0.3355035908095526,-1.9823372956252907,-21.73238182067871,-1.4936327934265137,-1.9891210794448853,-0.04878099608952269,1.1581292026169612,0.006783783819594547,1.1591560876489777,1.912262210583326,1.2,-0.9799928472196047,0.6868969174849354,0.08824196364602271,-2.747730016708374,-1.1278140544891357,0.1284666359424591,-1.8996426206100412,-1.325392244588644,-0.04022467229643639,-0.2915862938095017,0.4179213765342091,0.1960620905253423,0.3626651352128285,-0.022990465868082125,-2.962229013442993,-3.0929370737932214,-0.1307080603502282,0
1780805319.4979722,FLY,spline,1,138,-21.781162816768234,-0.3355035908095526,-1.9823372956252907,-21.73238182067871,-1.4936327934265137,-1.9891210794448853,-0.04878099608952269,1.1581292026169612,0.006783783819594547,1.1591560876489777,1.912262210583326,1.2,-0.9799928472196047,0.6868969174849354,0.08824196364602271,-2.747730016708374,-1.1278140544891357,0.1284666359424591,-1.9529831692804296,-1.3627085285301743,-0.04022467229643639,-0.29979587627663834,0.4296562972416945,0.20077884448499805,0.3662691944169102,-0.02298242093362284,-2.9590845108032227,-3.0929370737932214,-0.1338525629899987,0
1780805319.508487,FLY,spline,1,138,-21.781162816768234,-0.3355035908095526,-1.9823372956252907,-21.751171112060547,-1.5010937452316284,-1.9882616996765137,-0.02999170470768675,1.165590154422076,0.0059244040512229645,1.1659759476236857,1.9011778553788037,1.2,-0.9780800122278468,0.6895750214883575,0.08857640441848072,-2.662012815475464,-1.02228844165802,0.1185101643204689,-1.8322839486051552,-1.2458782618739566,-0.029933759901988183,-0.27409321761227046,0.40310246869313415,0.20869386447401173,0.37198575762410674,-0.02297643418164244,-2.953807830810547,-3.0929370737932214,-0.13912924298267448,0
1780805319.5188024,FLY,spline,1,138,-21.781162816768234,-0.3355035908095526,-1.9823372956252907,-21.803203582763672,-1.5203222036361694,-1.9860204458236694,0.02204076599543825,1.184818612826617,0.0036831501983787263,1.1850236034214907,1.8704301105711432,1.2,-0.9731867040503746,0.6963308476264585,0.08961578936429904,-2.571497678756714,-0.9123437404632568,0.10685430467128754,-1.7123919497518683,-1.1411784480872331,-0.0172385153069885,-0.2510592585791913,0.376726228945411,0.21266854060621387,0.37447772547255276,-0.022972986478581044,-2.951158046722412,-3.0929370737932214,-0.14177902707080925,0
1780805319.5296063,FLY,spline,1,139,-21.937455764915523,-0.34135757855254323,-1.976712762907836,-21.837928771972656,-1.53176748752594,-1.9846727848052979,-0.0995269929428666,1.1904099089733968,0.007960021897461811,1.1945632564692004,1.8497105227579909,1.2,-0.9706320301104022,0.699799919638201,0.09029692463271648,-2.4281132221221924,-0.7408725023269653,0.0869561955332756,-1.491240423676021,-0.9567227735964059,0.003340729099440873,-0.2104790101912093,0.3280728932087246,0.2148268231217001,0.3764095847242579,-0.022973654624400933,-2.9485230445861816,-3.091740926667315,-0.1432178820811334,0
1780805319.5405052,FLY,spline,1,139,-21.937455764915523,-0.34135757855254323,-1.976712762907836,-21.837928771972656,-1.53176748752594,-1.9846727848052979,-0.0995269929428666,1.1904099089733968,0.007960021897461811,1.1945632564692004,1.8497105227579909,1.2,-0.9706320301104022,0.699799919638201,0.09029692463271648,-2.4281132221221924,-0.7408725023269653,0.0869561955332756,-1.5625020211143485,-0.9997632811889972,0.003340729099440873,-0.21994792186157938,0.3437504446451567,0.22465765560308437,0.3861781755270595,-0.022974322770220823,-2.941969156265259,-3.091740926667315,-0.14977177040205625,0
1780805319.5517826,FLY,spline,1,139,-21.937455764915523,-0.34135757855254323,-1.976712762907836,-21.867225646972656,-1.5404589176177979,-1.9836572408676147,-0.0702301179428666,1.1991013390652547,0.006944477959778705,1.201156230810279,1.8320211435984897,1.2,-0.9684762230520323,0.7026662765237444,0.09118064059397211,-2.3824124336242676,-0.6868496537208557,0.0804537981748581,-1.5253000238329872,-0.9675049762189305,0.010726842419114022,-0.21285109476816472,0.3355660052432572,0.22744572246709804,0.3888841960061682,-0.022976468138704645,-2.940110445022583,-3.091740926667315,-0.15163048164473203,0
1780805319.5624785,FLY,spline,1,139,-21.937455764915523,-0.34135757855254323,-1.976712762907836,-21.899179458618164,-1.5486913919448853,-1.9827001094818115,-0.038276306297358786,1.2073338133923421,0.005987346573975483,1.2079404010895007,1.8123353822639936,1.2,-0.9664707275629241,0.7052810831002828,0.09226552218940838,-2.2751054763793945,-0.5609601736068726,0.06499884277582169,-1.3635261138163868,-0.8390812429491775,0.027266679413586695,-0.18459787344881906,0.2999757450396051,0.22983861053625088,0.39071493966092,-0.02298192147458736,-2.9385151863098145,-3.091740926667315,-0.15322574035750058,0
1780805319.573296,FLY,spline,1,139,-21.937455764915523,-0.34135757855254323,-1.976712762907836,-21.914608001708984,-1.5521386861801147,-1.9823095798492432,-0.022847763206538474,1.2107811076275716,0.005596816941407123,1.2109966601404776,1.8026360229004712,1.2,-0.9656479067447498,0.7063311854924411,0.09284598322127616,-2.169708728790283,-0.43847784399986267,0.04870716482400894,-1.2136337057676343,-0.721854501636672,0.044138818397267215,-0.15880799036006785,0.26699941526887955,0.2321084746185873,0.39251422135031433,-0.022990749238266814,-2.937001943588257,-3.091740926667315,-0.1547389830790582,0
1780805319.5839703,FLY,spline,1,140,-22.093672517038875,-0.34738074756469284,-1.9702792910336342,-21.968984603881836,-1.5609862804412842,-1.9814013242721558,-0.12468791315703953,1.2136055328765913,0.011122033238521567,1.2199940430658391,1.7670066900234893,1.2,-0.963990460240542,0.7083039934317458,0.09501497489274778,-2.000265121459961,-0.24367459118366241,0.0212645772844553,-0.9501602687333395,-0.5156987928729703,0.07375039760829248,-0.11345373443205346,0.2090352591213347,0.23811756955954766,0.4021912519266377,-0.02300549931778847,-2.931796073913574,-3.090541120286606,-0.15874504637303177,0
1780805319.594298,FLY,spline,1,140,-22.093672517038875,-0.34738074756469284,-1.9702792910336342,-21.968984603881836,-1.5609862804412842,-1.9814013242721558,-0.12468791315703953,1.2136055328765913,0.011122033238521567,1.2199940430658391,1.7670066900234893,1.2,-0.963990460240542,0.7083039934317458,0.09501497489274778,-2.000265121459961,-0.24367459118366241,0.0212645772844553,-1.0286559488880096,-0.5755759437853838,0.07375039760829248,-0.12662670763278444,0.22630430875536212,0.23811756955954766,0.402176501847116,-0.02302024939731013,-2.931796073913574,-3.090541120286606,-0.15874504637303177,0
1780805319.6049116,FLY,spline,1,140,-22.093672517038875,-0.34738074756469284,-1.9702792910336342,-21.982460021972656,-1.562197208404541,-1.9813232421875,-0.11121249506621922,1.2148164608398482,0.011043951153865805,1.2198964105965342,1.7576906726457557,1.2,-0.9637641111608307,0.7085095432795987,0.09577559772775024,-1.8826147317886353,-0.10978677868843079,0.0017919540405273438,-0.8560094855425904,-0.4460546952902832,0.0939836436872229,-0.0981320329638623,0.18832208681936988,0.24050402032706475,0.4083081896299835,-0.023039046126047572,-2.9302051067352295,-3.090541120286606,-0.1603360135513765,0
1780805319.6155684,FLY,spline,1,140,-22.093672517038875,-0.34738074756469284,-1.9702792910336342,-22.00601577758789,-1.563173770904541,-1.9813671112060547,-0.08765673945098484,1.2157930233398482,0.011087820172420493,1.2189488830845314,1.7407856597344973,1.2,-0.9636784663311554,0.7084254844110495,0.09724786150143291,-1.8248668909072876,-0.04440799728035927,-0.008185290731489658,-0.8080307255831812,-0.4114148459563638,0.10543315223292257,-0.09051126611040003,0.17776675962829988,0.2404285608467791,0.40970086448654525,-0.023060132756494156,-2.93025541305542,-3.090541120286606,-0.16028570723118607,0
1780805319.6263306,FLY,spline,1,140,-22.093672517038875,-0.34738074756469284,-1.9702792910336342,-22.029998779296875,-1.5622754096984863,-1.9817235469818115,-0.06367373774200047,1.2148946621337935,0.011444255948177329,1.216562117180714,1.722473428684531,1.2,-0.9641048349322138,0.7076030878618665,0.09899362256570106,-1.6953858137130737,0.1015435978770256,-0.031554292887449265,-0.6130305730589399,-0.26880497948006427,0.1305479154531503,-0.05913709548561414,0.1348667260729668,0.2399461208519671,0.4098128404648203,-0.023086242339584787,-2.930577039718628,-3.090541120286606,-0.15996408056797806,0
1780805319.6370533,FLY,spline,1,140,-22.093672517038875,-0.34738074756469284,-1.9702792910336342,-22.04132843017578,-1.5610547065734863,-1.982031226158142,-0.05234408686309422,1.2136739590087935,0.011751935124507895,1.2148021987984752,1.7133390721700994,1.2,-0.9645217095988069,0.7069032685354448,0.0999281774400965,-1.629058599472046,0.17598864436149597,-0.04405810311436653,-0.5520126017203631,-0.22505677922885856,0.14398628055446303,-0.04951249143034888,0.12144277237847989,0.23924946176383233,0.4107683707701632,-0.02311503959569568,-2.9310414791107178,-3.090541120286606,-0.15949964117588822,0
1780805319.64748,FLY,spline,1,140,-22.093672517038875,-0.34738074756469284,-1.9702792910336342,-22.060428619384766,-1.5576074123382568,-1.9827978610992432,-0.033243897654109844,1.210226664773564,0.01251857006560897,1.2106831694791917,1.697066999315504,1.2,-0.9655999894733406,0.7051763766714177,0.10170023654669984,-1.5082350969314575,0.31106942892074585,-0.067327581346035,-0.37806921782929714,-0.09872883531227074,0.16902781789273486,-0.021720343768699562,0.08317522792244537,0.2376909195122454,0.41230510639834556,-0.023148845159274227,-2.9320805072784424,-3.090541120286606,-0.1584606130081636,0
1780805319.6584604,FLY,spline,1,140,-22.093672517038875,-0.34738074756469284,-1.9702792910336342,-22.079959869384766,-1.5516893863677979,-1.9840136766433716,-0.013712647654109844,1.204308638803105,0.013734385609737387,1.2043867045934513,1.6788779658502824,1.2,-0.967349085977492,0.7024596318258417,0.10385668738031997,-1.3701395988464355,0.4647248685359955,-0.09446688741445541,-0.1776641758405508,0.046950994093378155,0.1983235747947754,0.010329218700543194,0.03908611868492118,0.23483883725974297,0.4133783282689631,-0.023188509874233182,-2.9339818954467773,-3.090541120286606,-0.15655922483982865,0
1780805319.6691606,FLY,spline,1,140,-22.093672517038875,-0.34738074756469284,-1.9702792910336342,-22.104022979736328,-1.53982412815094,-1.9863622188568115,0.010350462697452656,1.192443380586247,0.01608292782317733,1.192488300983288,1.6534322863449917,1.2,-0.9707380070178387,0.6972637088698493,0.10719627803285078,-1.1722685098648071,0.6837122440338135,-0.13446736335754395,0.13138579056549837,0.27276509744650074,0.24166364139039473,0.060008321438230164,-0.028904873924409644,0.23295699941489434,0.411344009434435,-0.02323684260251126,-2.9352364540100098,-3.090541120286606,-0.15530466627659623,0
1780805319.6799357,FLY,spline,1,140,-22.093672517038875,-0.34738074756469284,-1.9702792910336342,-22.111679077148438,-1.534521460533142,-1.987402319908142,0.01800656010956203,1.1871407129684493,0.017123028874507895,1.1872772669407163,1.6443087761129522,1.2,-0.9722277446507726,0.6949835519145721,0.1084945855767804,-1.1004042625427246,0.7629839777946472,-0.1494370549917221,0.17186136437966795,0.30398472254726927,0.2579316405685025,0.06687663896039923,-0.03780950016352695,0.22450124608847832,0.41225422362885866,-0.023288428930624962,-2.940873622894287,-3.090541120286606,-0.14966749739231888,0
1780805319.6907215,FLY,spline,1,140,-22.093672517038875,-0.34738074756469284,-1.9702792910336342,-22.11882781982422,-1.5286718606948853,-1.9885448217391968,0.02515530278534328,1.1812911131301924,0.018265530705562583,1.181558920756215,1.635182248741892,1.2,-0.9738607486233655,0.6924803699549353,0.10984616296354746,-1.0282105207443237,0.8425065279006958,-0.1646207720041275,0.22763073941395,0.3461458157243526,0.27446693496767494,0.07615207945935758,-0.050078762671069005,0.22026836263510918,0.41094062375623636,-0.023343322317618497,-2.943695545196533,-3.090541120286606,-0.1468455750900728,0
1780805319.7014441,FLY,spline,1,140,-22.093672517038875,-0.34738074756469284,-1.9702792910336342,-22.125469207763672,-1.5222655534744263,-1.9897948503494263,0.031796690724796406,1.1748848059097334,0.019515559315792075,1.1753149946710457,1.6260456415293225,1.2,-0.9756393586127715,0.6897464017365396,0.11125530646740427,-0.8898834586143494,0.9946226477622986,-0.19399896264076233,0.42070911361367425,0.48848813273203723,0.3052542691081666,0.10746738920104819,-0.09255600499500834,0.22026836263510918,0.4084165861711754,-0.023404373171440132,-2.943695545196533,-3.090541120286606,-0.1468455750900728,0
1780805319.7124434,FLY,spline,1,141,-22.249811915669014,-0.3535756678241835,-1.9630245916684395,-22.14156150817871,-1.50124990940094,-1.993896484375,-0.10825040749030279,1.1476742415767565,0.030871892706560544,1.1527681100293328,1.6001980123418222,1.2,-0.9817096915573236,0.6804083073902883,0.11528493716313272,-0.7517592310905457,1.146254539489746,-0.22370174527168274,0.6061067973936505,0.6418052265157046,0.33898668243481545,0.14119714983345502,-0.1333434954266031,0.19861101294434924,0.4035086128331302,-0.023472170507927097,-2.9569315910339355,-3.089338932996835,-0.1324073419628995,0
1780805319.7230146,FLY,spline,1,141,-22.249811915669014,-0.3535756678241835,-1.9630245916684395,-22.14156150817871,-1.50124990940094,-1.993896484375,-0.10825040749030279,1.1476742415767565,0.030871892706560544,1.1527681100293328,1.6001980123418222,1.2,-0.9817096915573236,0.6804083073902883,0.11528493716313272,-0.7517592310905457,1.146254539489746,-0.22370174527168274,0.5155573084285845,0.5759432033688225,0.33898668243481545,0.12670750474114095,-0.11342260785428859,0.19289647723115344,0.4025031932046064,-0.02353996784441406,-2.9607412815093994,-3.089338932996835,-0.12859765148743563,0
1780805319.7336307,FLY,spline,1,141,-22.249811915669014,-0.3535756678241835,-1.9630245916684395,-22.14628791809082,-1.4927440881729126,-1.9955565929412842,-0.10352399757819342,1.1391684203487291,0.032532001272844724,1.143862713787974,1.5910381981801873,1.2,-0.9840291023697476,0.6767666735707952,0.1169341491323611,-0.6798012256622314,1.225157380104065,-0.23924319446086884,0.5920355609709123,0.6391045775037222,0.35617734359322994,0.14060300705081888,-0.1302478234136007,0.18698846484101672,0.3999898287996285,-0.023611203313132708,-2.9646799564361572,-3.089338932996835,-0.12465897656067781,0
1780805319.7443638,FLY,spline,1,141,-22.249811915669014,-0.3535756678241835,-1.9630245916684395,-22.156835556030273,-1.4662694931030273,-2.000727415084839,-0.09297635963874029,1.1126938252788439,0.03770282341639941,1.1165716064208953,1.5656157668521338,1.2,-0.9912074247067562,0.6653303629812509,0.12183328486680962,-0.4815980792045593,1.4421827793121338,-0.2818414270877838,0.9145113725751479,0.9019240306785027,0.4036747119545934,0.1984232867492706,-0.20119250196653254,0.1760983386126842,0.39383670629969514,-0.023691938255523626,-2.971940040588379,-3.089338932996835,-0.11739889240845613,0
1780805319.755191,FLY,spline,1,141,-22.249811915669014,-0.3535756678241835,-1.9630245916684395,-22.159687042236328,-1.4557225704193115,-2.0027880668640137,-0.0901248734326856,1.102146902595128,0.039763475195574216,1.1058256136079017,1.5565098733560472,1.2,-0.9940523048116278,0.6607234430914752,0.1237115477553996,-0.41132286190986633,1.5190272331237793,-0.2967458665370941,0.9596951219963218,0.9518876283956551,0.4204574142924937,0.20941527824704412,-0.2111329268391908,0.16373013640321155,0.38949578428566095,-0.023776029738382123,-2.9801855087280273,-3.089338932996835,-0.1091534242688077,0
1780805319.7656353,FLY,spline,1,141,-22.249811915669014,-0.3535756678241835,-1.9630245916684395,-22.16206932067871,-1.4446483850479126,-2.004946231842041,-0.08774259499030279,1.0910727172237291,0.04192164017360156,1.0945951019649247,1.5474256795222119,1.2,-0.997031868719894,0.6558504710387029,0.1256487659916611,-0.34228092432022095,1.5944575071334839,-0.31062373518943787,1.015555501269765,1.005277865607007,0.43627250118109895,0.22116113043354152,-0.2234222102793483,0.15693520689881701,0.38620285485354566,-0.023863284238618342,-2.984715461730957,-3.089338932996835,-0.10462347126587801,0
1780805319.7763624,FLY,spline,1,141,-22.249811915669014,-0.3535756678241835,-1.9630245916684395,-22.167030334472656,-1.3969335556030273,-2.0140233039855957,-0.08278158119635748,1.0433578877788439,0.05099871231715625,1.0466367431806032,1.512610647947459,1.2,-1.0097984674820832,0.6343956649479637,0.1336008808581252,-0.09142749756574631,1.8678845167160034,-0.34894636273384094,1.4266734445642126,1.364489704148316,0.4825472435919661,0.3001877349126295,-0.3138681578041268,0.14307498122132678,0.37787963096061006,-0.023959793687336736,-2.993955612182617,-3.089338932996835,-0.09538332081421785,0
1780805319.7871068,FLY,spline,1,141,-22.249811915669014,-0.3535756678241835,-1.9630245916684395,-22.167030334472656,-1.3969335556030273,-2.0140233039855957,-0.08278158119635748,1.0433578877788439,0.05099871231715625,1.0466367431806032,1.512610647947459,1.2,-1.0097984674820832,0.6343956649479637,0.1336008808581252,-0.09142749756574631,1.8678845167160034,-0.34894636273384094,1.3191024063810706,1.287348033297548,0.4825472435919661,0.2832165673254606,-0.2902025294038355,0.13546108389771838,0.3751034159579845,-0.02405630313605513,-2.9990315437316895,-3.089338932996835,-0.09030738926514559,0
1780805319.7981775,FLY,spline,1,141,-22.249811915669014,-0.3535756678241835,-1.9630245916684395,-22.167226791381836,-1.3835058212280273,-2.016494035720825,-0.08258512428717779,1.0299301534038439,0.05346944405238574,1.0332358993201862,1.5038485625320477,1.2,-1.013371599862138,0.6282156376208794,0.13573176946257953,-0.030692467465996742,1.9339319467544556,-0.355978399515152,1.360198583275109,1.334960363693488,0.4917101689777315,0.29369128001256734,-0.29924368832052395,0.12787543917573352,0.37154912893111536,-0.024154645169850678,-3.0040886402130127,-3.089338932996835,-0.08525029278382235,0
1780805319.8088,FLY,spline,1,141,-22.249811915669014,-0.3535756678241835,-1.9630245916684395,-22.167030334472656,-1.36962890625,-2.0190038681030273,-0.08278158119635748,1.0160532384258165,0.05597927643458789,1.0194199201020935,1.4951689051249244,1.2,-1.017055269824274,0.6217594373523907,0.13789046444882053,0.0771576464176178,2.0510058403015137,-0.3646309971809387,1.4937756797671506,1.461560552718166,0.5025214616297593,0.32154332159799653,-0.32863064954877313,0.11970507288850207,0.3674470162937288,-0.02425514946217663,-3.009535551071167,-3.089338932996835,-0.07980338192566805,0
1780805319.8194788,FLY,spline,1,141,-22.249811915669014,-0.3535756678241835,-1.9630245916684395,-22.162967681884766,-1.3142675161361694,-2.0285351276397705,-0.0868442337842481,0.960691848311986,0.06551053597133105,0.9646091168730849,1.4638792621642165,1.2,-1.0316519982129182,0.5952789525521389,0.14607232192212646,0.2321518212556839,2.218703031539917,-0.37068209052085876,1.7025596576933983,1.7125153552414638,0.5167544124429853,0.37675337815312204,-0.37456312469254766,0.08887218619264026,0.353833034144149,-0.02435850034466523,-3.030090808868408,-3.089338932996835,-0.05924812412842684,0
1780805319.830126,FLY,spline,1,141,-22.249811915669014,-0.3535756678241835,-1.9630245916684395,-22.162967681884766,-1.3142675161361694,-2.0285351276397705,-0.0868442337842481,0.960691848311986,0.06551053597133105,0.9646091168730849,1.4638792621642165,1.2,-1.0316519982129182,0.5952789525521389,0.14607232192212646,0.2321518212556839,2.218703031539917,-0.37068209052085876,1.6137985610557877,1.64940244041231,0.5167544124429853,0.3628685368907082,-0.35503568343227326,0.08069109106934924,0.35037415090646357,-0.024461851227153827,-3.0355448722839355,-3.089338932996835,-0.053794060712899494,0
1780805319.8408,FLY,spline,1,141,-22.249811915669014,-0.3535756678241835,-1.9630245916684395,-22.161014556884766,-1.2984765768051147,-2.0311131477355957,-0.0887973587842481,0.9449009089809313,0.06808855606715625,0.9490641172861024,1.4558374671007108,1.2,-1.0357821252745747,0.5875085611263401,0.1482871523933961,0.3285011351108551,2.322481393814087,-0.36959347128868103,1.7187696748543086,1.7769928596777937,0.5178806236820771,0.39093842912911464,-0.3781293284679479,0.06524442816651721,0.34355538069975483,-0.024565427351890243,-3.0458426475524902,-3.089338932996835,-0.04349628544434481,0
1780805319.8514707,FLY,spline,1,141,-22.249811915669014,-0.3535756678241835,-1.9630245916684395,-22.153711318969727,-1.2518846988677979,-2.0383007526397705,-0.09610059669928717,0.8983090310436144,0.07527616097133105,0.9034348011563847,1.4340897030923432,1.2,-1.0478696832026522,0.5640033546126839,0.15449706473073274,0.41681429743766785,2.4170868396759033,-0.3612668514251709,1.8277111602325737,1.9058214696383706,0.5157639161559037,0.41928072332044153,-0.4020964552511662,0.05690204287446399,0.3399278992873964,-0.024668580135121423,-3.0514042377471924,-3.089338932996835,-0.03793469524964266,0
1780805319.86243,FLY,spline,1,141,-22.249811915669014,-0.3535756678241835,-1.9630245916684395,-22.1505069732666,-1.2347753047943115,-2.040766477584839,-0.09930494240241217,0.881199636970128,0.07774188591639941,0.8867774646335076,1.426822841502511,1.2,-1.0522679987265107,0.555152919714849,0.15664384631444123,0.46073803305625916,2.4639158248901367,-0.35533472895622253,1.8416857690129955,1.9398786612459156,0.5119785752706638,0.4267733054741014,-0.405170869182859,0.048819295415052366,0.3365045513064592,-0.024770975850175556,-3.056792736053467,-3.089338932996835,-0.032546196943368244,0
1780805319.8732316,FLY,spline,1,141,-22.249811915669014,-0.3535756678241835,-1.9630245916684395,-22.147029876708984,-1.2173534631729126,-2.0431835651397705,-0.10278203896002935,0.8637777953487291,0.08015897347133105,0.8698713854762047,1.4197724663477662,1.2,-1.056721298221624,0.5460176183504952,0.15876038024538278,0.5417524576187134,2.549774169921875,-0.3398064076900482,1.9283577881836333,2.040093150108445,0.49856678793543097,0.4488204930238579,-0.4242387134003993,0.04091464663422961,0.3338652733367067,-0.024870689207762642,-3.0620625019073486,-3.089338932996835,-0.027276431089486408,0
1780805319.8843455,FLY,spline,1,140,-22.093672517038875,-0.34738074756469284,-1.9702792910336342,-22.13960838317871,-1.1833202838897705,-2.0476269721984863,0.04593586613983547,0.8359395363250777,0.07734768116485213,0.8372007000650458,1.4070441665312758,1.2,-1.0652169280663462,0.5279344303688268,0.16308934174874615,0.5796194672584534,2.589653253555298,-0.33119624853134155,1.925756907653879,2.104716588615435,0.49428559028008767,0.46303764949539566,-0.4236665196838534,0.0203350721535418,0.3234654997700725,-0.02496954632581866,-3.076984405517578,-3.090541120286606,-0.013556714769027867,0
1780805319.8951137,FLY,spline,1,140,-22.093672517038875,-0.34738074756469284,-1.9702792910336342,-22.130741119384766,-1.146523356437683,-2.0520262718200684,0.037068602345890156,0.7991426088729903,0.08174698078643416,0.8000018691204458,1.394805780080569,1.2,-1.0744059711555978,0.507683275071474,0.16706137003478352,0.6801025867462158,2.694584608078003,-0.3058259189128876,2.05735067538305,2.257356364278714,0.47288728894767107,0.4966184001413171,-0.452617148584271,0.012959354990455862,0.32147787819377166,-0.025064123783608193,-3.0819015502929688,-3.090541120286606,-0.008639569993637242,0
1780805319.9058378,FLY,spline,1,140,-22.093672517038875,-0.34738074756469284,-1.9702792910336342,-22.11410140991211,-1.0839061737060547,-2.058652400970459,0.020428892873233906,0.7365254261413618,0.08837310993682479,0.7368086882066068,1.3773845315226734,1.2,-1.0896367425222082,0.47192552880365657,0.1731417471581599,0.7734816074371338,2.790701150894165,-0.27680328488349915,2.164478571512942,2.427591715639052,0.44994503204165903,0.5340701774405915,-0.4761852857328473,-0.0033545554938581024,0.3151251497858694,-0.025154112790016524,-3.0927774906158447,-3.090541120286606,0.002236370329238735,0
1780805319.9168324,FLY,spline,1,140,-22.093672517038875,-0.34738074756469284,-1.9702792910336342,-22.1085147857666,-1.0642870664596558,-2.060488224029541,0.014842268727726093,0.7169063188949629,0.09020893299590682,0.71705994380701,1.3728103386123611,1.2,-1.0942900715498494,0.4603869421692923,0.17485165937855368,0.8068479895591736,2.8246352672576904,-0.2645387351512909,2.160304242076592,2.4466179555023655,0.4393903945298446,0.5382559502105204,-0.47526693325685027,-0.010329729444053415,0.31230940658332024,-0.025241990868922492,-3.0974276065826416,-3.090541120286606,0.00688648629603561,0
1780805319.9277196,FLY,spline,1,140,-22.093672517038875,-0.34738074756469284,-1.9702792910336342,-22.10269546508789,-1.0444433689117432,-2.0622313022613525,0.009022948049015156,0.6970626213470503,0.09195201122771834,0.6971210165177324,1.3686132919688014,1.2,-1.0989321360794935,0.44855439551362813,0.1764854514036932,0.8731721043586731,2.8912551403045654,-0.23574362695217133,2.220773011647914,2.5265927900410983,0.41222907835586453,0.5558504138090417,-0.4885700625625411,-0.017181164151695016,0.31083474870386907,-0.025324436684593665,-3.1019952297210693,-3.090541120286606,0.011454109434463344,0
1780805319.938344,FLY,spline,1,140,-22.093672517038875,-0.34738074756469284,-1.9702792910336342,-22.10269546508789,-1.0444433689117432,-2.0622313022613525,0.009022948049015156,0.6970626213470503,0.09195201122771834,0.6971210165177324,1.3686132919688014,1.2,-1.0989321360794935,0.44855439551362813,0.1764854514036932,0.8731721043586731,2.8912551403045654,-0.23574362695217133,2.163503757634512,2.4872294048155266,0.41222907835586453,0.5471904690594158,-0.4759708266795926,-0.023957854634788278,0.30714860225576623,-0.02540688250026484,-3.106513023376465,-3.090541120286606,0.015971903089858852,0
1780805319.9491017,FLY,spline,1,140,-22.093672517038875,-0.34738074756469284,-1.9702792910336342,-22.08902359008789,-0.9997949004173279,-2.065732479095459,-0.004648926950984844,0.652414152852635,0.09545318806182479,0.6524307161409685,1.360740611748619,1.2,-1.1091190244953966,0.42133970176971447,0.17979945832784888,0.9065329432487488,2.9243037700653076,-0.22014953196048737,2.169690192376903,2.576256397591877,0.39994899028833625,0.566776407470213,-0.47733184232291864,-0.04430544984963203,0.2967229773736334,-0.025486872298322506,-3.1200780868530273,-3.090541120286606,0.029536966566421352,0
1780805319.9598515,FLY,spline,1,140,-22.093672517038875,-0.34738074756469284,-1.9702792910336342,-22.07581901550293,-0.9585839509963989,-2.0685057640075684,-0.01785350153594578,0.6112032034317061,0.09822647297393416,0.6114639019617376,1.355338395443082,1.2,-1.1181651454896995,0.39549906032085325,0.18244780266509517,0.9650492668151855,2.9814212322235107,-0.19254694879055023,2.2401614722855334,2.6800734878809838,0.3749947514556454,0.5896161673338164,-0.4928355239028174,-0.05005789411690498,0.29530544008462395,-0.025561871248613637,-3.123913049697876,-3.090541120286606,0.033371929411269985,0
1780805319.9706378,FLY,spline,1,140,-22.093672517038875,-0.34738074756469284,-1.9702792910336342,-22.07581901550293,-0.9585839509963989,-2.0685057640075684,-0.01785350153594578,0.6112032034317061,0.09822647297393416,0.6114639019617376,1.355338395443082,1.2,-1.1181651454896995,0.39549906032085325,0.18244780266509517,0.9650492668151855,2.9814212322235107,-0.19254694879055023,2.1813578434045136,2.6616262718081156,0.3749947514556454,0.5855577797977854,-0.479898725548993,-0.06439304960396552,0.28652428768666727,-0.025636870198904767,-3.133469820022583,-3.090541120286606,0.042928699735977016,0
1780805319.981096,FLY,spline,1,140,-22.093672517038875,-0.34738074756469284,-1.9702792910336342,-22.056093215942383,-0.8997656106948853,-2.071733236312866,-0.03757930109649266,0.5523848631301924,0.10145394527923202,0.5536616664410335,1.3507165400113677,1.2,-1.1304014976075312,0.35744622038043944,0.18553882004149158,1.0414674282073975,3.054072856903076,-0.15226325392723083,2.2929330914600836,2.8167586963677644,0.3378020739687224,0.6,-0.5044452801212184,-0.06894851339485908,0.2864778628089635,-0.025704430613698512,-3.1365067958831787,-3.090541120286606,0.04596567559657272,1
1780805319.9915037,FLY,spline,1,140,-22.093672517038875,-0.34738074756469284,-1.9702792910336342,-22.041093826293945,-0.8568652272224426,-2.0735106468200684,-0.05257869074493016,0.5094844796577498,0.10323135578643416,0.5121903491208899,1.3496328749581665,1.2,-1.138771333359142,0.3288510492153567,0.18723471299254532,1.0912736654281616,3.099921464920044,-0.11948269605636597,2.3462624096548854,2.9026316381112993,0.3067174090489113,0.6,-0.5161777301240748,-0.07316172731545234,0.2860380596103774,-0.025765774095508294,-3.139315605163574,-3.090541120286606,0.04877448487696823,1
1780805320.0022128,FLY,spline,1,140,-22.093672517038875,-0.34738074756469284,-1.9702792910336342,-22.041093826293945,-0.8568652272224426,-2.0735106468200684,-0.05257869074493016,0.5094844796577498,0.10323135578643416,0.5121903491208899,1.3496328749581665,1.2,-1.138771333359142,0.3288510492153567,0.18723471299254532,1.0912736654281616,3.099921464920044,-0.11948269605636597,2.3057035455551564,2.867752601836291,0.3067174090489113,0.6,-0.5072547800221344,-0.07713328015636556,0.28313528708588576,-0.025827117577318075,3.1412220001220703,-3.090541120286606,0.05142218677091037,1
1780805320.0125518,FLY,spline,1,140,-22.093672517038875,-0.34738074756469284,-1.9702792910336342,-22.020977020263672,-0.8010546565055847,-2.0750927925109863,-0.0726954967752036,0.4536739089408919,0.10481350147735213,0.4594612615935127,1.3509875118332653,1.2,-1.1488770993737656,0.290635186654871,0.18871300647441042,1.1500284671783447,3.152031898498535,-0.07407236099243164,2.375110409877722,2.997676837516662,0.26278536746684206,0.6,-0.5225242901730988,-0.08601639878582112,0.2798376182261788,-0.025879674650811445,3.1352999210357666,-3.090541120286606,0.05734426585721408,1
1780805320.0230906,FLY,spline,1,140,-22.093672517038875,-0.34738074756469284,-1.9702792910336342,-22.00457000732422,-0.756884753704071,-2.0757713317871094,-0.08910250971465672,0.4095040061393782,0.10549204075347518,0.41908565745161264,1.3542901871479494,1.2,-1.1561865944908432,0.2596220154615095,0.18928541361491594,1.1942716836929321,3.189951181411743,-0.04067864269018173,2.422172447740816,3.0770125956029313,0.22996405630509767,0.6,-0.5328779385029796,-0.0891631664020931,0.2798706388176916,-0.025925667462072463,3.133202075958252,-3.090541120286606,0.05944211093472873,1
1780805320.0333996,FLY,spline,1,140,-22.093672517038875,-0.34738074756469284,-1.9702792910336342,-22.00457000732422,-0.756884753704071,-2.0757713317871094,-0.08910250971465672,0.4095040061393782,0.10549204075347518,0.41908565745161264,1.3542901871479494,1.2,-1.1561865944908432,0.2596220154615095,0.18928541361491594,1.1942716836929321,3.189951181411743,-0.04067864269018173,2.3873166911337855,3.0435621638755905,0.22996405630509767,0.6,-0.5252096720494328,-0.09209321152996175,0.27736090700491234,-0.02597166027333348,3.131248712539673,-3.090541120286606,0.06139547435330783,1
1780805320.0444512,FLY,spline,1,139,-21.937455764915523,-0.34135757855254323,-1.976712762907836,-21.970195770263672,-0.6676855087280273,-2.0758299827575684,0.032740005348149026,0.3263279301754841,0.09911721984973232,0.32796619637214514,1.3669292516436038,1.2,-1.1687865043341823,0.19500282832967267,0.18950462851790847,1.2777574062347412,3.258007049560547,0.01952797919511795,2.5020321273573716,3.2435935507707647,0.16997664932279052,0.6,-0.5504470680186218,-0.09799895201688091,0.2752303364316596,-0.02600565560319804,3.1261117458343506,-3.091740926667315,0.06533263467792061,1
1780805320.0552433,FLY,spline,1,139,-21.937455764915523,-0.34135757855254323,-1.976712762907836,-21.970195770263672,-0.6676855087280273,-2.0758299827575684,0.032740005348149026,0.3263279301754841,0.09911721984973232,0.32796619637214514,1.3669292516436038,1.2,-1.1687865043341823,0.19500282832967267,0.18950462851790847,1.2777574062347412,3.258007049560547,0.01952797919511795,2.4663893669835386,3.204279025260431,0.16997664932279052,0.6,-0.5426056607363785,-0.10019264136319439,0.2730429037172631,-0.026039650933062597,3.1246492862701416,-3.091740926667315,0.0667950942421296,1
1780805320.0657969,FLY,spline,1,139,-21.937455764915523,-0.34135757855254323,-1.976712762907836,-21.952030181884766,-0.6221093535423279,-2.0752782821655273,0.014574416969242776,0.28075177498978465,0.0985655192576913,0.28112981483632793,1.3764195012854232,1.2,-1.1740609824961807,0.16116796252872786,0.18869471967821855,1.3352586030960083,3.3019235134124756,0.05905541777610779,2.538609181141107,3.303726759206433,0.12963930190211076,0.6,-0.5584940198510435,-0.1022239676571397,0.274162240648156,-0.02606557879344302,3.1232950687408447,-3.091740926667315,0.06814931177142647,1
1780805320.0763617,FLY,spline,1,139,-21.937455764915523,-0.34135757855254323,-1.976712762907836,-21.925039291381836,-0.5559863448143005,-2.073847532272339,-0.012416473533686911,0.2146287662617573,0.09713476936450283,0.21498761853199083,1.3936925786415013,1.2,-1.180158792929795,0.11123015409731382,0.18668978624974883,1.3708847761154175,3.32770037651062,0.08342564105987549,2.56958745606289,3.3964071456962626,0.10326414518987334,0.6,-0.5653092403338358,-0.10549483214383404,0.27256992815407316,-0.026086231622480992,3.121114492416382,-3.091740926667315,0.07032988809588936,1
1780805320.0869436,FLY,spline,1,139,-21.937455764915523,-0.34135757855254323,-1.976712762907836,-21.915390014648438,-0.5327929854393005,-2.073193311691284,-0.02206575026708535,0.1914354068867573,0.09648054878344814,0.19270291213354226,1.400724024285333,1.2,-1.181839654481804,0.09351326267385553,0.18576948295783288,1.3888872861862183,3.340315103530884,0.09453250467777252,2.571271224065139,3.4095715590018374,0.09123697828006036,0.6,-0.5656796692943307,-0.10695896063809673,0.27166212563794423,-0.026104479018137002,3.12013840675354,-3.091740926667315,0.07130597375873116,1
1780805320.0976303,FLY,spline,1,139,-21.937455764915523,-0.34135757855254323,-1.976712762907836,-21.915390014648438,-0.5327929854393005,-2.073193311691284,-0.02206575026708535,0.1914354068867573,0.09648054878344814,0.19270291213354226,1.400724024285333,1.2,-1.181839654481804,0.09351326267385553,0.18576948295783288,1.3888872861862183,3.340315103530884,0.09453250467777252,2.547088529377786,3.379283808357792,0.09123697828006036,0.6,-0.5603594764631129,-0.10826716338162701,0.2698613072141715,-0.026122726413793013,3.1192662715911865,-3.091740926667315,0.07217810892108467,1
1780805320.1084852,FLY,spline,1,139,-21.937455764915523,-0.34135757855254323,-1.976712762907836,-21.905467987060547,-0.5091699361801147,-2.072451114654541,-0.031987777854975974,0.16781235762757152,0.09573835174670497,0.1708338529233104,1.4083938374149103,1.2,-1.1832990183579877,0.07537869560901603,0.1847200189511316,1.4215154647827148,3.362344264984131,0.11332248151302338,2.58265217470145,3.424002103754581,0.07139753743810823,0.6,-0.568183478434319,-0.10944268618588726,0.26969275134003884,-0.026137005921280633,3.1184825897216797,-3.091740926667315,0.07296179079059151,1
1780805320.1196136,FLY,spline,1,139,-21.937455764915523,-0.34135757855254323,-1.976712762907836,-21.878358840942383,-0.4455663859844208,-2.0701513290405273,-0.059096923973140036,0.10420880743187755,0.0934385661326913,0.11979950738405075,1.4314775482149733,1.2,-1.1859209052346416,0.026193224965257327,0.18139879132278783,1.4523122310638428,3.3820407390594482,0.1297968327999115,2.6106156981134983,3.5170104654215373,0.05160195852287633,0.6,-0.5743354535849696,-0.11225900565152447,0.2655102853515045,-0.02614732631298521,3.116605043411255,-3.091740926667315,0.07483933710101631,1
1780805320.1307647,FLY,spline,1,138,-21.781162816768234,-0.3355035908095526,-1.9823372956252907,-21.857851028442383,-0.39839842915534973,-2.068183660507202,0.07668821167414919,0.06289483834579712,0.08584636488191144,0.09918085752968192,1.450859873545804,1.2,-1.1865493164779752,-0.01057563216021224,0.1788543417702272,1.4974966049194336,3.408574342727661,0.15285061299800873,2.6642470815635475,3.5912059134675007,0.02600372877221846,0.6,-0.5861343579439805,-0.11046478496266499,0.2675529429858027,-0.026152527058739654,3.116605043411255,-3.0929370737932214,0.07364318997510999,1
1780805320.1413736,FLY,spline,1,138,-21.781162816768234,-0.3355035908095526,-1.9823372956252907,-21.857851028442383,-0.39839842915534973,-2.068183660507202,0.07668821167414919,0.06289483834579712,0.08584636488191144,0.09918085752968192,1.450859873545804,1.2,-1.1865493164779752,-0.01057563216021224,0.1788543417702272,1.4974966049194336,3.408574342727661,0.15285061299800873,2.6430874898690635,3.560292945640499,0.02600372877221846,0.6,-0.581479247771194,-0.1109786962099184,0.2637399496413918,-0.0261577278044941,3.116262435913086,-3.0929370737932214,0.07398579747327894,1
1780805320.1521652,FLY,spline,1,138,-21.781162816768234,-0.3355035908095526,-1.9823372956252907,-21.816797256469727,-0.305908203125,-2.0637547969818115,0.03563443970149294,-0.02959538768455261,0.08141750135652082,0.04632170403858546,1.4940600851330574,1.2,-1.1846797759989893,-0.08270653187523809,0.172317897863672,1.5376566648483276,3.428980827331543,0.1734030544757843,2.686954989951746,3.6873439725214014,-0.001085156612112309,0.6,-0.5911300977893841,-0.110847446782123,0.264718144686359,-0.026157510773171674,3.116349935531616,-3.0929370737932214,0.07389829785474866,1
1780805320.1639004,FLY,spline,1,138,-21.781162816768234,-0.3355035908095526,-1.9823372956252907,-21.816797256469727,-0.305908203125,-2.0637547969818115,0.03563443970149294,-0.02959538768455261,0.08141750135652082,0.04632170403858546,1.4940600851330574,1.2,-1.1846797759989893,-0.08270653187523809,0.172317897863672,1.5376566648483276,3.428980827331543,0.1734030544757843,2.6713966089764067,3.654429470504765,-0.001085156612112309,0.6,-0.5877072539748095,-0.11056921230031147,0.2635923816568544,-0.02615729374184925,3.1165354251861572,-3.0929370737932214,0.07371280820020765,1
1780805320.1749027,FLY,spline,1,138,-21.781162816768234,-0.3355035908095526,-1.9823372956252907,-21.806015014648438,-0.28206053376197815,-2.062504768371582,0.024852197880203875,-0.05344305704757446,0.08016747274629132,0.05893888433001687,1.5062856069094979,1.2,-1.1835116659042815,-0.10125881527882977,0.17043118551720546,1.562530755996704,3.4396133422851562,0.18618862330913544,2.701258869813333,3.6760787367663768,-0.01575743779192998,0.6,-0.5942769513589333,-0.10874030338002338,0.26169980921958985,-0.026154142254290864,3.1177546977996826,-3.0929370737932214,0.07249353558668226,1
1780805320.1855547,FLY,spline,1,138,-21.781162816768234,-0.3355035908095526,-1.9823372956252907,-21.761093139648438,-0.1841699182987213,-2.0569725036621094,-0.020069677119796125,-0.1513336725108313,0.07463520803681867,0.15265867933173144,1.5606903347883527,1.2,-1.1758054143388703,-0.17680541100898492,0.16193046115336499,1.6005151271820068,3.451256036758423,0.20628660917282104,2.7365333295040286,3.7938203849003065,-0.04435614801945606,0.6,-0.6,-0.10783622012807026,0.2631374135674539,-0.026145271024686972,3.1183574199676514,-3.0929370737932214,0.0718908134187135,1
1780805320.196336,FLY,spline,1,138,-21.781162816768234,-0.3355035908095526,-1.9823372956252907,-21.747461318969727,-0.15478515625,-2.0552000999450684,-0.03370149779850706,-0.1807184345595526,0.07286280431977765,0.1838340108454311,1.5782272026781805,1.2,-1.1725964877059396,-0.19920504011108855,0.1591691836192985,1.6059554815292358,3.4522008895874023,0.2095344066619873,2.7283103982512484,3.798670715532909,-0.05036522304268881,0.6,-0.6,-0.10678944335652485,0.262833534890722,-0.026135197980078434,3.1190552711486816,-3.0929370737932214,0.07119296223768323,1
1780805320.2069397,FLY,spline,1,138,-21.781162816768234,-0.3355035908095526,-1.9823372956252907,-21.747461318969727,-0.15478515625,-2.0552000999450684,-0.03370149779850706,-0.1807184345595526,0.07286280431977765,0.1838340108454311,1.5782272026781805,1.2,-1.1725964877059396,-0.19920504011108855,0.1591691836192985,1.6059554815292358,3.4522008895874023,0.2095344066619873,2.722227031695967,3.7702991309874423,-0.05036522304268881,0.6,-0.5988899469731127,-0.10530135379506245,0.26195799871158326,-0.026125124935469896,3.1200473308563232,-3.0929370737932214,0.07020090253004163,1
1780805320.217499,FLY,spline,1,138,-21.781162816768234,-0.3355035908095526,-1.9823372956252907,-21.725000381469727,-0.10681640356779099,-2.052192449569702,-0.05616243529850706,-0.22868718724176162,0.06985515394441144,0.23548258692992044,1.608042688728517,1.2,-1.166503607376437,-0.23539454046208427,0.15446276023172406,1.6224578619003296,3.453831672668457,0.21849554777145386,2.7379692395235455,3.8079612485203813,-0.0640327875397298,0.6,-0.6,-0.10243174777699604,0.26182221832886654,-0.02611231837796195,3.121960401535034,-3.0929370737932214,0.0682878318513307,1
1780805320.2280452,FLY,spline,1,137,-21.624794830066264,-0.3298162143575386,-1.9871651775202444,-21.70230484008789,-0.058857422322034836,-2.049082040786743,0.07751001002162639,-0.27095879203550377,0.06191686326649881,0.2818270189937296,1.6392498989692275,1.2,-1.1593488138154306,-0.27098820539768065,0.14991904628864872,1.6425206661224365,3.4511234760284424,0.22891952097415924,2.7552070429621653,3.8385444722426056,-0.07900047468551052,0.6,-0.6,-0.09899947799992592,0.2625091776763166,-0.026096518283024846,3.1230573654174805,-3.0941282897621556,0.06599965199995061,1
1780805320.2387004,FLY,spline,1,137,-21.624794830066264,-0.3298162143575386,-1.9871651775202444,-21.70230484008789,-0.058857422322034836,-2.049082040786743,0.07751001002162639,-0.27095879203550377,0.06191686326649881,0.2818270189937296,1.6392498989692275,1.2,-1.1593488138154306,-0.27098820539768065,0.14991904628864872,1.6425206661224365,3.4511234760284424,0.22891952097415924,2.75290882253641,3.8157282033419806,-0.07900047468551052,0.6,-0.6,-0.09721419967961342,0.262062308414752,-0.026080718188087743,3.1242475509643555,-3.0941282897621556,0.06480946645307561,1
1780805320.2493987,FLY,spline,1,137,-21.624794830066264,-0.3298162143575386,-1.9871651775202444,-21.67937469482422,-0.010771484114229679,-2.0458691120147705,0.05457986475795451,-0.3190447302433089,0.058703934494526155,0.32367962792400506,1.6718120255182995,1.2,-1.1512199221805335,-0.3060827958302474,0.14493451235432303,1.6479029655456543,3.448817253112793,0.23184838891029358,2.758637760557861,3.843111928239824,-0.08691387655597055,0.6,-0.6,-0.09104154266667397,0.2617028165381873,-0.02606333541277655,3.1283626556396484,-3.0941282897621556,0.060694361777782646,1
1780805320.2603004,FLY,spline,1,137,-21.624794830066264,-0.3298162143575386,-1.9871651775202444,-21.6563663482666,0.03706054762005806,-2.0426025390625,0.03157151820033732,-0.36687676197759667,0.05543736154225565,0.3682326971367974,1.7054284005408835,1.2,-1.1422145307026392,-0.34027978725713437,0.1398414539254682,1.6566627025604248,3.442122220993042,0.23639662563800812,2.7607953675478556,3.8674030868990203,-0.09655517171253991,0.6,-0.6,-0.08872983612370522,0.2622839944749946,-0.02604402437843404,3.129903793334961,-3.0941282897621556,0.059153224082470146,1
1780805320.2709436,FLY,spline,1,137,-21.624794830066264,-0.3298162143575386,-1.9871651775202444,-21.6563663482666,0.03706054762005806,-2.0426025390625,0.03157151820033732,-0.36687676197759667,0.05543736154225565,0.3682326971367974,1.7054284005408835,1.2,-1.1422145307026392,-0.34027978725713437,0.1398414539254682,1.6566627025604248,3.442122220993042,0.23639662563800812,2.777426072047433,3.838301477881834,-0.09655517171253991,0.6,-0.6,-0.08150217689824135,0.26205107311242715,-0.02602471334409153,3.1347222328186035,-3.0941282897621556,0.05433478459882757,1
1780805320.282181,FLY,spline,1,137,-21.624794830066264,-0.3298162143575386,-1.9871651775202444,-21.600467681884766,0.15220703184604645,-2.034492254257202,-0.024327148181498615,-0.48202324620358505,0.047327076736957796,0.4826367371214986,1.790711533841045,1.2,-1.1171454731724106,-0.41929515917411275,0.12719104238721438,1.666461706161499,3.4142444133758545,0.24421432614326477,2.758235565531076,3.9038583866278174,-0.1170232837560504,0.6,-0.6,-0.07874379314732582,0.2637434665510645,-0.02600130868734032,3.136561155319214,-3.0941282897621556,0.052495862098217216,1
1780805320.2930963,FLY,spline,1,137,-21.624794830066264,-0.3298162143575386,-1.9871651775202444,-21.588905334472656,0.17585937678813934,-2.032788038253784,-0.03588949559360799,-0.505675591145678,0.04562286073353983,0.5069475903626472,1.8089304968378845,1.2,-1.111465036372124,-0.4348953383333972,0.12454524325799535,1.6659363508224487,3.400071382522583,0.2459850013256073,2.7575029140624285,3.883944648955136,-0.12143975806761195,0.6,-0.6,-0.07589028038334877,0.2642154986096165,-0.0259770207357268,3.1384634971618652,-3.0941282897621556,0.05059352025556585,1
1780805320.3039272,FLY,spline,1,137,-21.624794830066264,-0.3298162143575386,-1.9871651775202444,-21.57160186767578,0.21114256978034973,-2.030229330062866,-0.05319296239048299,-0.5409587841378883,0.04306415254262186,0.5435677486604755,1.8365278533420994,1.2,-1.1026928772723679,-0.45774233464137565,0.1205834710474417,1.6650108098983765,3.393293619155884,0.2463580220937729,2.7519241871306956,3.892115519493856,-0.12577455104633117,0.6,-0.6,-0.07294306911778481,0.26474498023616766,-0.025951865825517534,3.140428304672241,-3.0941282897621556,0.04862871274518987,1
1780805320.31465,FLY,spline,1,137,-21.624794830066264,-0.3298162143575386,-1.9871651775202444,-21.57160186767578,0.21114256978034973,-2.030229330062866,-0.05319296239048299,-0.5409587841378883,0.04306415254262186,0.5435677486604755,1.8365278533420994,1.2,-1.1026928772723679,-0.45774233464137565,0.1205834710474417,1.6650108098983765,3.393293619155884,0.2463580220937729,2.7754345015636814,3.866392244535332,-0.12577455104633117,0.6,-0.6,-0.0651509777560586,0.26544081988947976,-0.02592671091530827,-3.1375622749328613,-3.0941282897621556,0.043433985170705736,1
1780805320.3256438,FLY,spline,1,136,-21.46835296227888,-0.3242928792183192,-1.991208696926941,-21.54851531982422,0.2580663859844208,-2.026811361312866,0.08016235754534051,-0.58235926520274,0.0356026643859253,0.5878505909963025,1.8739510774717005,1.2,-1.0905576296106523,-0.48714369893014153,0.11565065106022873,1.6607253551483154,3.373331308364868,0.2462276816368103,2.7600704704014687,3.8675733169698336,-0.13057703057658157,0.6,-0.6,-0.060072543473430384,0.26623217424205103,-0.025900595509192954,-3.135361671447754,-3.0953133091321337,0.040048362315620256,1
1780805320.3359256,FLY,spline,1,136,-21.46835296227888,-0.3242928792183192,-1.991208696926941,-21.54851531982422,0.2580663859844208,-2.026811361312866,0.08016235754534051,-0.58235926520274,0.0356026643859253,0.5878505909963025,1.8739510774717005,1.2,-1.0905576296106523,-0.48714369893014153,0.11565065106022873,1.6607253551483154,3.373331308364868,0.2462276816368103,2.7734232366015936,3.8539689975705724,-0.13057703057658157,0.6,-0.6,-0.056654693932719935,0.2667046892425482,-0.02587448010307764,-3.1330831050872803,-3.0953133091321337,0.03776979595514662,1
1780805320.346736,FLY,spline,1,136,-21.46835296227888,-0.3242928792183192,-1.991208696926941,-21.513124465942383,0.329833984375,-2.021547794342041,0.044771503663504575,-0.6541268635933192,0.030339097415100102,0.6556572589506837,1.9326082739574328,1.2,-1.0709393916425185,-0.5305442623343898,0.10775715814928645,1.6484246253967285,3.3370280265808105,0.24560564756393433,2.744686695968628,3.8471235276866245,-0.1378484894146479,0.6,-0.6,-0.04923928007621359,0.2684563756085532,-0.02584691040519471,-3.1281394958496094,-3.0953133091321337,0.032826186717475725,1
1780805320.3578274,FLY,spline,1,136,-21.46835296227888,-0.3242928792183192,-1.991208696926941,-21.501718521118164,0.35291990637779236,-2.019843816757202,0.033365558839285825,-0.6772127855961115,0.028635119830261235,0.6780342303243272,1.9518217098268953,1.2,-1.0644080449330189,-0.5440244370590629,0.105227970447205,1.6429331302642822,3.3238322734832764,0.24551597237586975,2.7428862919794073,3.8361242721335533,-0.14028800192866475,0.6,-0.6,-0.04553175196189474,0.2693312649874076,-0.025818852804808976,-3.1256678104400635,-3.0953133091321337,0.030354501307929826,1
1780805320.3685389,FLY,spline,1,136,-21.46835296227888,-0.3242928792183192,-1.991208696926941,-21.4903507232666,0.3759081959724426,-2.018139600753784,0.021997760987723325,-0.7002010751907618,0.026930903826843267,0.7005465346333332,1.9711122954446314,1.2,-1.0578106986454625,-0.5572128223351437,0.10271512282279618,1.6367130279541016,3.3099565505981445,0.24556952714920044,2.7661270975691745,3.8058461155171956,-0.14285440432640426,0.6,-0.6,-0.031370761246867884,0.272465421869552,-0.025790281923943694,-3.116227149963379,-3.0953133091321337,0.020913840831245256,1
1780805320.3789387,FLY,spline,1,136,-21.46835296227888,-0.3242928792183192,-1.991208696926941,-21.46125030517578,0.43477538228034973,-2.013725519180298,-0.007102657103096988,-0.7590682614986689,0.02251682225335694,0.7591014908116936,2.0211496215575626,1.2,-1.0405412826087665,-0.5899142877006643,0.09630665788781624,1.6171679496765137,3.2709059715270996,0.24647800624370575,2.725304052895753,3.7870754860940865,-0.15017134835588952,0.6,-0.5995668916370657,-0.027162554116435755,0.27405335406029613,-0.025760247654272515,-3.113421678543091,-3.0953133091321337,0.01810836941095717,1
1780805320.3898773,FLY,spline,1,136,-21.46835296227888,-0.3242928792183192,-1.991208696926941,-21.438983917236328,0.4798535108566284,-2.0102930068969727,-0.029369045042550113,-0.8041463900749476,0.019084309970031743,0.8046825196792093,2.0600473346240857,1.2,-1.027009634102855,-0.6139146900916168,0.09143284283906955,1.598722219467163,3.237581491470337,0.24747073650360107,2.696570283290268,3.7650980895956336,-0.15603789366453152,0.6,-0.593245462323859,-0.022864224763103236,0.2756004581522885,-0.025729040075539607,-3.110556125640869,-3.0953133091321337,0.01524281650873549,1
1780805320.4003804,FLY,spline,1,136,-21.46835296227888,-0.3242928792183192,-1.991208696926941,-21.427968978881836,0.5022167563438416,-2.0085692405700684,-0.0403839833970423,-0.8265096355621607,0.017360543643127446,0.8274956457843802,2.079498269444046,1.2,-1.0202150321516088,-0.6254881519545376,0.08902729882675854,1.576856255531311,3.2008004188537598,0.2484373301267624,2.674588747392666,3.719327112401119,-0.15941003130000386,0.6,-0.5884095244263865,-0.01848077997703146,0.27702428764686843,-0.025697158069279608,-3.1076338291168213,-3.0953133091321337,0.012320519984687639,1
1780805320.4109957,FLY,spline,1,135,-21.311838370875336,-0.31893101541371194,-1.9944801421796288,-21.3946475982666,0.5699706673622131,-2.0032665729522705,0.08280922739126595,-0.8889016827759251,0.00878643077264174,0.8927505641460047,2.1390819207032736,1.2,-0.9995336316470361,-0.6589303580447075,0.08211761354034094,1.5518075227737427,3.1610641479492188,0.24943415820598602,2.650486812648281,3.6924822088196256,-0.16731654466564508,0.6,-0.5831070987826218,-0.0029085680608238462,0.281608665141162,-0.025663694760346478,-3.0984299182891846,-3.096490872915302,0.0019390453738825641,1
1780805320.421806,FLY,spline,1,135,-21.311838370875336,-0.31893101541371194,-1.9944801421796288,-21.383983612060547,0.5917773246765137,-2.001533269882202,0.07214524118521126,-0.9107083400902256,0.007053127702573381,0.9135615012332592,2.158418679430165,1.2,-0.9927609609485554,-0.6693642301793419,0.07985738395989372,1.5383063554763794,3.1404240131378174,0.2499513179063797,2.6477434723597497,3.673553671172704,-0.17009393394648598,0.6,-0.5825035639191449,0.001731653534940314,0.28330114611808016,-0.02562967597355718,-3.095336437225342,-3.096490872915302,-0.0011544356899602093,1
1780805320.432543,FLY,spline,1,135,-21.311838370875336,-0.31893101541371194,-1.9944801421796288,-21.383983612060547,0.5917773246765137,-2.001533269882202,0.07214524118521126,-0.9107083400902256,0.007053127702573381,0.9135615012332592,2.158418679430165,1.2,-0.9927609609485554,-0.6693642301793419,0.07985738395989372,1.5383063554763794,3.1404240131378174,0.2499513179063797,2.6762600794171987,3.6697442464576966,-0.17009393394648598,0.6,-0.5887772174717837,0.006419797265103888,0.284850781289349,-0.025595657186767883,-3.0922110080718994,-3.096490872915302,-0.004279864843402592,1
1780805320.4433718,FLY,spline,1,135,-21.311838370875336,-0.31893101541371194,-1.9944801421796288,-21.3466796875,0.6683788895606995,-1.9953320026397705,0.03484131662466439,-0.9873099049744114,0.0008518604601417401,0.9879244737350732,2.226979277824523,1.2,-0.9688180562570862,-0.7044191235607533,0.07200883440343667,1.4832570552825928,3.0602128505706787,0.25038108229637146,2.5763336771327374,3.5941678219039894,-0.1783722478929348,0.6,-0.5667934089692023,0.013893504464200568,0.28809225736355815,-0.025559982737189298,-3.087228536605835,-3.096490872915302,-0.009262336309467045,1
1780805320.4539797,FLY,spline,1,135,-21.311838370875336,-0.31893101541371194,-1.9944801421796288,-21.3466796875,0.6683788895606995,-1.9953320026397705,0.03484131662466439,-0.9873099049744114,0.0008518604601417401,0.9879244737350732,2.226979277824523,1.2,-0.9688180562570862,-0.7044191235607533,0.07200883440343667,1.4832570552825928,3.0602128505706787,0.25038108229637146,2.6227121184912567,3.5866906805865137,-0.1783722478929348,0.6,-0.5769966660680765,0.023646016442349982,0.29168252645805226,-0.025524308287610712,-3.0807268619537354,-3.096490872915302,-0.015764010961566655,1
1780805320.464577,FLY,spline,1,135,-21.311838370875336,-0.31893101541371194,-1.9944801421796288,-21.326444625854492,0.7103710770606995,-1.9918553829193115,0.014606254979156574,-1.0293020924744114,-0.0026247592603172443,1.029405721888468,2.2648599548100514,1.2,-0.9556391478783361,-0.7226064853333376,0.06777673934742595,1.428173542022705,2.9840962886810303,0.24941597878932953,2.5357865461541023,3.498997317294244,-0.18163923944190358,0.6,-0.5578730401539025,0.02860631498055799,0.2938883776650536,-0.025487980439722332,-3.0774199962615967,-3.096490872915302,-0.019070876653705326,1
1780805320.4752796,FLY,spline,1,135,-21.311838370875336,-0.31893101541371194,-1.9944801421796288,-21.326444625854492,0.7103710770606995,-1.9918553829193115,0.014606254979156574,-1.0293020924744114,-0.0026247592603172443,1.029405721888468,2.2648599548100514,1.2,-0.9556391478783361,-0.7226064853333376,0.06777673934742595,1.428173542022705,2.9840962886810303,0.24941597878932953,2.584444007521351,3.495240881399042,-0.18163923944190358,0.6,-0.5685776816546972,0.03905512841897352,0.2981642110571936,-0.02545165259183395,-3.0704541206359863,-3.096490872915302,-0.026036752279315678,1
1780805320.48595,FLY,spline,1,135,-21.311838370875336,-0.31893101541371194,-1.9944801421796288,-21.296483993530273,0.7732909917831421,-1.9865624904632568,-0.015354377345062176,-1.092222007196854,-0.007917651716371932,1.0923299272238125,2.3219109541944025,1.2,-0.9358948132686363,-0.7485399198960123,0.061553934227925246,1.3867157697677612,2.928683042526245,0.24792331457138062,2.524162445542842,3.4477169681998667,-0.18636938034345538,0.6,-0.5553157380194252,0.04934265168862684,0.303063544590802,-0.02541437871576526,-3.063595771789551,-3.096490872915302,-0.032895101125751225,1
1780805320.4966073,FLY,spline,1,135,-21.311838370875336,-0.31893101541371194,-1.9944801421796288,-21.286991119384766,0.7934277057647705,-1.9848437309265137,-0.024847251490569988,-1.1123587211784824,-0.009636411253115096,1.1126361986239997,2.3402333254889482,1.2,-0.9295885633023001,-0.7565143426992526,0.05959154527181856,1.364998698234558,2.9001426696777344,0.24715296924114227,2.500269953021501,3.429611219288553,-0.1875614239693237,0.6,-0.5500593896647302,0.04934265168862684,0.3031964203656653,-0.025376866430971395,-3.063595771789551,-3.096490872915302,-0.032895101125751225,1
1780805320.50747,FLY,spline,1,134,-21.15525221332491,-0.313728052965535,-1.9969918016125512,-21.25484275817871,0.8627538681030273,-1.978857398033142,0.09959054485380037,-1.1764819210685624,-0.018134403579409097,1.1806896235782933,2.403375251653769,1.2,-0.908258346485936,-0.7824545096681356,0.05321387355409367,1.2807579040527344,2.791865825653076,0.24271613359451294,2.372821976174857,3.301545801714292,-0.18950226004041926,0.6,-0.5220208347584685,0.06447372082218239,0.30963177292105043,-0.02533896597896331,-3.0546772480010986,-3.0976597285492202,-0.04298248054812159,1
1780805320.5181825,FLY,spline,1,134,-21.15525221332491,-0.313728052965535,-1.9969918016125512,-21.25484275817871,0.8627538681030273,-1.978857398033142,0.09959054485380037,-1.1764819210685624,-0.018134403579409097,1.1806896235782933,2.403375251653769,1.2,-0.908258346485936,-0.7824545096681356,0.05321387355409367,1.2807579040527344,2.791865825653076,0.24271613359451294,2.4201697771952224,3.313675638839655,-0.18950226004041926,0.6,-0.532437350982949,0.06984743717655251,0.31232931717724344,-0.025301065526955227,-3.0510947704315186,-3.0976597285492202,-0.04656495811770167,1
1780805320.528836,FLY,spline,1,134,-21.15525221332491,-0.313728052965535,-1.9969918016125512,-21.246131896972656,0.8819140195846558,-1.9771826267242432,0.09087968364774568,-1.1956420725501908,-0.019809174888308023,1.199090940067529,2.4208154515160083,1.2,-0.9023174779817876,-0.7894147914257087,0.05145343532642724,1.254787564277649,2.7590737342834473,0.2412291318178177,2.4023903364675836,3.282887181840993,-0.18977569649139045,0.6,-0.5285258740228684,0.07529124859317848,0.31515993505716616,-0.02526311038765695,-3.0474655628204346,-3.0976597285492202,-0.050194165728785656,1
1780805320.539587,FLY,spline,1,134,-21.15525221332491,-0.313728052965535,-1.9969918016125512,-21.22230339050293,0.935302734375,-1.9724706411361694,0.06705117717801912,-1.249030787340535,-0.024521160476381754,1.2508292321837842,2.469339604710818,1.2,-0.8858618261927368,-0.8081299498051143,0.04663484879843585,1.1750606298446655,2.6596925258636475,0.23578250408172607,2.293307705828754,3.159556295677305,-0.18914765528329022,0.6,-0.5045276952823259,0.0907364809845359,0.32363023012139214,-0.025225280856600293,-3.0371687412261963,-3.0976597285492202,-0.06049098732302394,1
1780805320.550433,FLY,spline,1,134,-21.15525221332491,-0.313728052965535,-1.9969918016125512,-21.206600189208984,0.9714648127555847,-1.9692431688308716,0.051347975884073804,-1.2851928657211198,-0.027748632781679605,1.2862182228252932,2.5020870925785395,1.2,-0.8748099672519216,-0.8202559404500663,0.043447823340980525,1.1144102811813354,2.5850207805633545,0.23131945729255676,2.2268106462166632,3.0780751347121305,-0.18787163395157624,0.6,-0.4898983421676659,0.10175785664066384,0.33010343886320115,-0.025187706529809978,-3.0298211574554443,-3.0976597285492202,-0.06783857109377589,1
1780805320.5612829,FLY,spline,1,134,-21.15525221332491,-0.313728052965535,-1.9969918016125512,-21.199100494384766,0.9891406297683716,-1.9676562547683716,0.043848281059855054,-1.3028686827339067,-0.029335546844179605,1.3036063348268483,2.5180180770761296,1.2,-0.8694382372337469,-0.8260267958014825,0.04191520313454892,1.0539445877075195,2.5111923217773438,0.22613008320331573,2.148927731657419,3.006835169173895,-0.18421488006876682,0.6,-0.47276410096463223,0.10175785664066384,0.32984774152859014,-0.025150863553796223,-3.0298211574554443,-3.0976597285492202,-0.06783857109377589,1
1780805320.5718157,FLY,spline,1,134,-21.15525221332491,-0.313728052965535,-1.9969918016125512,-21.199100494384766,0.9891406297683716,-1.9676562547683716,0.043848281059855054,-1.3028686827339067,-0.029335546844179605,1.3036063348268483,2.5180180770761296,1.2,-0.8694382372337469,-0.8260267958014825,0.04191520313454892,1.0539445877075195,2.5111923217773438,0.22613008320331573,2.2191787932261686,3.013591443325047,-0.18421488006876682,0.6,-0.4882193345097571,0.11656007412418434,0.33956093395128023,-0.02511402057778247,-3.0199530124664307,-3.0976597285492202,-0.07770671608278956,1
1780805320.5821595,FLY,spline,1,134,-21.15525221332491,-0.313728052965535,-1.9969918016125512,-21.18667984008789,1.0189647674560547,-1.9649658203125,0.031427626762980054,-1.3326928204215898,-0.03202598130005119,1.3330633328267658,2.5448087031184277,1.2,-0.8604239080172484,-0.8355363597982305,0.03936610175579168,1.024580955505371,2.4755005836486816,0.2233186513185501,2.1919988031790316,2.991561564094508,-0.18395254956275842,0.6,-0.48223973669938697,0.12175569179996559,0.3433397847946356,-0.025077230067869917,-3.016489267349243,-3.0976597285492202,-0.08117046119997706,1
1780805320.5928936,FLY,spline,1,134,-21.15525221332491,-0.313728052965535,-1.9969918016125512,-21.16679573059082,1.0687304735183716,-1.9604589939117432,0.011543517265909742,-1.3824585264839067,-0.03653280770080802,1.3825067197807477,2.589105945467222,1.2,-0.8455274644640165,-0.850789005771832,0.035233144833075845,0.8807024955749512,2.3012852668762207,0.2084517478942871,1.9451309626828195,2.7818084308974713,-0.17321860306121126,0.6,-0.4279288117902203,0.12687084320530007,0.3463995234726208,-0.025042586347257676,-3.0130791664123535,-3.0976597285492202,-0.08458056213686671,1
1780805320.603549,FLY,spline,1,134,-21.15525221332491,-0.313728052965535,-1.9969918016125512,-21.155780792236328,1.0978612899780273,-1.9578222036361694,0.0005285789114175543,-1.4115893429435624,-0.039169597976381754,1.4115894419084833,2.614689205989618,1.2,-0.8368959842554502,-0.8593736330824506,0.032894836977413924,0.8442670106887817,2.2572576999664307,0.20433340966701508,1.9450660406323181,2.7525158602658713,-0.17143857268960117,0.6,-0.42791452893911,0.14178607109531471,0.3582312499545043,-0.025008298632719757,-3.0031356811523438,-3.0976597285492202,-0.09452404739687648,1
1780805320.6146257,FLY,spline,1,134,-21.15525221332491,-0.313728052965535,-1.9969918016125512,-21.144804000854492,1.128505825996399,-1.9550585746765137,-0.010448212470418383,-1.442233878961934,-0.041933226936037515,1.4422717243187615,2.6412360811212676,1.2,-0.8278890973605264,-0.8681410635036797,0.030507971585678282,0.7603819966316223,2.1559436321258545,0.19409888982772827,1.831529609160119,2.650813462709392,-0.16359091824205,0.5831789617960662,-0.4029365140152262,0.14690658691867897,0.3621144103043753,-0.024975580449071347,-2.9997220039367676,-3.0976597285492202,-0.09793772461245265,0
1780805320.6249692,FLY,spline,1,134,-21.15525221332491,-0.313728052965535,-1.9969918016125512,-21.144804000854492,1.128505825996399,-1.9550585746765137,-0.010448212470418383,-1.442233878961934,-0.041933226936037515,1.4422717243187615,2.6412360811212676,1.2,-0.8278890973605264,-0.8681410635036797,0.030507971585678282,0.7603819966316223,2.1559436321258545,0.19409888982772827,1.8910155596520328,2.679998845045719,-0.16359091824205,0.5895997459100581,-0.4160234231234472,0.1519230330322654,0.36685538931349365,-0.024942862265422937,-2.99637770652771,-3.0976597285492202,-0.10128202202151027,0
1780805320.6358554,FLY,spline,1,134,-21.15525221332491,-0.313728052965535,-1.9969918016125512,-21.144804000854492,1.128505825996399,-1.9550585746765137,-0.010448212470418383,-1.442233878961934,-0.041933226936037515,1.4422717243187615,2.6412360811212676,1.2,-0.8278890973605264,-0.8681410635036797,0.030507971585678282,0.7603819966316223,2.1559436321258545,0.19409888982772827,1.9350242295194797,2.698604286508221,-0.16359091824205,0.5936929430318086,-0.42570533049428555,0.15667948368534157,0.371633633121619,-0.024910144081774527,-2.993206739425659,-3.0976597285492202,-0.10445298912356105,0
1780805320.6467578,FLY,spline,1,134,-21.15525221332491,-0.313728052965535,-1.9969918016125512,-21.130859375,1.170996069908142,-1.9512890577316284,-0.02439283832491057,-1.4847241228736772,-0.04570274388092277,1.4849244868357971,2.6772376442501296,1.2,-0.8155264687581575,-0.8798683518381659,0.027354381521784724,0.6260607242584229,1.9932507276535034,0.17509004473686218,1.7071890392308828,2.501384957824129,-0.14773566321507747,0.5503046907213084,-0.3755815886307942,0.1657317602966697,0.38021224327135994,-0.02488059694913151,-2.9871718883514404,-3.0976597285492202,-0.1104878401977798,0
1780805320.657116,FLY,spline,1,134,-21.15525221332491,-0.313728052965535,-1.9969918016125512,-21.126834869384766,1.1844335794448853,-1.9501219987869263,-0.028417343940144946,-1.4981616324104203,-0.04686980282562492,1.4984311202932445,2.6883679155318494,1.2,-0.8116471107900314,-0.883477149833123,0.02640252391224014,0.5785108208656311,1.9354180097579956,0.16814689338207245,1.675403458466507,2.45280101136784,-0.14174436946983232,0.5396162225009248,-0.36858876086263154,0.17495927456363747,0.3903687528930489,-0.024852248075237546,-2.981020212173462,-3.0976597285492202,-0.11663951637575831,0
1780805320.667948,FLY,spline,1,133,-20.99859564709686,-0.3086814218956061,-1.9987559635599554,-21.114686965942383,1.2318456172943115,-1.946132779121399,0.11609131884552326,-1.5405270391899175,-0.052623184438556514,1.5448950620629696,2.7262156915516926,1.2,-0.7984975222852964,-0.8954620511472392,0.023439749559710957,0.3844485282897949,1.698029637336731,0.13919208943843842,1.3418519031867084,2.1777054730621965,-0.11575233987872746,0.4790952040736832,-0.29520741870107586,0.18159283677417748,0.3939820043295763,-0.0248290976072618,-2.9777567386627197,-3.0988186298455047,-0.12106189118278499,0
1780805320.67855,FLY,spline,1,133,-20.99859564709686,-0.3086814218956061,-1.9987559635599554,-21.114686965942383,1.2318456172943115,-1.946132779121399,0.11609131884552326,-1.5405270391899175,-0.052623184438556514,1.5448950620629696,2.7262156915516926,1.2,-0.7984975222852964,-0.8954620511472392,0.023439749559710957,0.3844485282897949,1.698029637336731,0.13919208943843842,1.4349320091861109,2.222237906434033,-0.11575233987872746,0.48889233941548726,-0.3156850420209444,0.1941151765950393,0.41013046546038345,-0.024805947139286057,-2.9694085121154785,-3.0988186298455047,-0.1294101177300262,0
1780805320.689109,FLY,spline,1,133,-20.99859564709686,-0.3086814218956061,-1.9987559635599554,-21.112382888793945,1.2431738376617432,-1.9452245235443115,0.11378724169708576,-1.5518552595573492,-0.053531440015643916,1.5560212990151638,2.734834281364558,1.2,-0.7952809171834828,-0.8983376021677976,0.022755555260428804,0.32994911074638367,1.6309996843338013,0.13055521249771118,1.3838953796546207,2.1727785862636617,-0.10779965723728238,0.4780112889780056,-0.30445698352401657,0.19761098901111596,0.41502287863471476,-0.024784387207838602,-2.9670779705047607,-3.0988186298455047,-0.13174065934074397,0
1780805320.6998327,FLY,spline,1,133,-20.99859564709686,-0.3086814218956061,-1.9987559635599554,-21.1104679107666,1.2540234327316284,-1.9443798065185547,0.11187226366974201,-1.5627048546272344,-0.05437615704140075,1.5667041412002836,2.742877096726422,1.2,-0.79220830095816,-0.9010640059329005,0.022128377824394262,0.2740899920463562,1.562121868133545,0.12171980738639832,1.3260389519771945,2.119026144625428,-0.09959142956200405,0.46618575181759414,-0.29172856943498277,0.20069231072742455,0.41981825391724764,-0.0247644689219262,-2.9650237560272217,-3.0988186298455047,-0.13379487381828303,0
1780805320.7105372,FLY,spline,1,133,-20.99859564709686,-0.3086814218956061,-1.9987559635599554,-21.107421875,1.279394507408142,-1.942543864250183,0.10882622790314045,-1.588075929303748,-0.056212099309772334,1.591800334562595,2.760631952415505,1.2,-0.7850494784013083,-0.9073392982890406,0.020801784591354185,0.12384950369596481,1.3758049011230469,0.09503383189439774,1.083225420064153,1.9102772534451862,-0.07423204730304356,0.42026099575794096,-0.23830959241411365,0.20759774724323266,0.43180510868450966,-0.02474962251246559,-2.9604201316833496,-3.0988186298455047,-0.1383984981621551,0
1780805320.7211633,FLY,spline,1,133,-20.99859564709686,-0.3086814218956061,-1.9987559635599554,-21.106990814208984,1.2884081602096558,-1.9419677257537842,0.10839516711212482,-1.5970895821052618,-0.05678823780617126,1.6007637694308379,2.7664551263353925,1.2,-0.7825122956826924,-0.9095374700197475,0.02039847385172548,0.06179367005825043,1.2984118461608887,0.08318895101547241,1.02977705929368,1.8602897194483583,-0.06279047716374693,0.4092637382786388,-0.2265509530446096,0.21020306626636498,0.43664720936114904,-0.024737064417032842,-2.9586832523345947,-3.0988186298455047,-0.14013537751091,0
1780805320.731783,FLY,spline,1,133,-20.99859564709686,-0.3086814218956061,-1.9987559635599554,-21.106990814208984,1.296875,-1.9414745569229126,0.10839516711212482,-1.605556421895606,-0.05728140663704284,1.6092112776585574,2.7716215252573804,1.2,-0.7801305594534944,-0.9115886477250711,0.02006109532288487,-0.0017958784010261297,1.2188252210617065,0.0708194151520729,0.9640343569208207,1.8046786544052318,-0.050758319829188034,0.397029303969151,-0.21208755852258057,0.21020306626636498,0.4356947884383502,-0.024726912753067005,-2.9586832523345947,-3.0988186298455047,-0.14013537751091,0
1780805320.7425714,FLY,spline,1,133,-20.99859564709686,-0.3086814218956061,-1.9987559635599554,-21.107460021972656,1.3047655820846558,-1.9410741329193115,0.1088643748757967,-1.6134470039802618,-0.057681830640643916,1.6171155452749753,2.776081760453859,1.2,-0.7779103553351137,-0.9134897962579319,0.01979573678949042,-0.13829557597637177,1.047023892402649,0.04247260093688965,0.7585066473885835,1.619757631948817,-0.02267686414739923,0.35634667902873973,-0.16687146242548836,0.2153117803700637,0.4504150753805164,-0.024722377380237526,-2.955277442932129,-3.0988186298455047,-0.1435411869133758,0
1780805320.752994,FLY,spline,1,133,-20.99859564709686,-0.3086814218956061,-1.9987559635599554,-21.11199188232422,1.325439453125,-1.9404833316802979,0.1133962352273592,-1.634120875020606,-0.05827263187965759,1.6380505915086536,2.7852558623547243,1.2,-0.7720712991700844,-0.9184373591641417,0.01946089128008173,-0.28122076392173767,0.865604817867279,0.011701487936079502,0.5432129657994895,1.4425261539287721,0.0077594033440022275,0.31735575386432985,-0.1195068524758877,0.2163016943104934,0.45328432963064413,-0.024723929260906326,-2.954617500305176,-3.0988186298455047,-0.14420112954032893,0
1780805320.7638767,FLY,spline,1,133,-20.99859564709686,-0.3086814218956061,-1.9987559635599554,-21.114452362060547,1.3308203220367432,-1.9405077695846558,0.11585671496368732,-1.6395017439323492,-0.05824819397529968,1.6435902003721583,2.786664345670802,1.2,-0.7705381857796091,-0.919722889748005,0.019511799738807904,-0.41136717796325684,0.6989261507987976,-0.016164641827344894,0.3696698665691647,1.2870118192113307,0.035676441566152794,0.28314260022649274,-0.08132737064521622,0.21799041310626976,0.4648171724019059,-0.024731064549219556,-2.953491687774658,-3.0988186298455047,-0.1453269420708465,0
1780805320.7745275,FLY,spline,1,133,-20.99859564709686,-0.3086814218956061,-1.9987559635599554,-21.127538681030273,1.3448437452316284,-1.9415332078933716,0.1289430339334139,-1.6535251671272344,-0.05722275566658386,1.6585450805821051,2.7852037008992654,1.2,-0.7664464094319716,-0.9231169013150887,0.020373707941036222,-0.623539924621582,0.4242058992385864,-0.06417237967252731,0.03412803468543937,0.9960351945140512,0.08454608761356354,0.21912774279309127,-0.007508167630796662,0.21769393960315697,0.46562321709716536,-0.02474797376674227,-2.9536893367767334,-3.0988186298455047,-0.14512929306877131,0
1780805320.7853203,FLY,spline,1,133,-20.99859564709686,-0.3086814218956061,-1.9987559635599554,-21.127538681030273,1.3448437452316284,-1.9415332078933716,0.1289430339334139,-1.6535251671272344,-0.05722275566658386,1.6585450805821051,2.7852037008992654,1.2,-0.7664464094319716,-0.9231169013150887,0.020373707941036222,-0.623539924621582,0.4242058992385864,-0.06417237967252731,0.1407046923335525,1.086403062057214,0.08454608761356354,0.2390086736525871,-0.030955032313381554,0.21658100167591088,0.46978612374530493,-0.024764882984264984,-2.9544312953948975,-3.0988186298455047,-0.14438733445060725,0
1780805320.7959502,FLY,spline,1,134,-21.15525221332491,-0.313728052965535,-1.9969918016125512,-21.132421493530273,1.3470799922943115,-1.9421093463897705,-0.022830719794637133,-1.6608080452598466,-0.05488245522278068,1.6609649619923275,2.7828139936279697,1.2,-0.7652690680016989,-0.9240864872273831,0.020674082411721938,-0.701943576335907,0.32172420620918274,-0.08292625844478607,0.05934749084994112,1.0138204043501926,0.10360034085650802,0.22304048895704237,-0.013056447986987046,0.21313998344883034,0.47204490750161654,-0.024785603052436284,-2.95556640625,-3.0976597285492202,-0.14209332229922023,0
1780805320.806439,FLY,spline,1,134,-21.15525221332491,-0.313728052965535,-1.9969918016125512,-21.13785171508789,1.3485937118530273,-1.9428173303604126,-0.017400498237019946,-1.6623217648185624,-0.05417447125213859,1.6624128329414438,2.7795551990704053,1.2,-0.7647560480152092,-0.924498487746831,0.021230477573088786,-0.8578372001647949,0.11629363149404526,-0.12099931389093399,-0.18178533731670674,0.7963521169759323,0.1422297914640228,0.17519746573470513,0.03999277420967548,0.20463094356998512,0.4773513567945367,-0.02481404901072909,-2.9612390995025635,-3.0976597285492202,-0.13642062904665675,0
1780805320.8169963,FLY,spline,1,134,-21.15525221332491,-0.313728052965535,-1.9969918016125512,-21.149686813354492,1.349453091621399,-1.944545865058899,-0.005565399970418383,-1.663181144586934,-0.05244593655365226,1.6631904561373405,2.7709423657202934,1.2,-0.7643078143416119,-0.9248375679230689,0.022561868151621204,-0.9349867701530457,0.013786964118480682,-0.14024300873279572,-0.2517999573310985,0.7305257966530093,0.16280487688441692,0.16071567526366204,0.05539599061284167,0.20130178574070046,0.47834613051327984,-0.024846609986105973,-2.96345853805542,-3.0976597285492202,-0.1342011904938003,0
1780805320.8275146,FLY,spline,1,134,-21.15525221332491,-0.313728052965535,-1.9969918016125512,-21.172616958618164,1.3451464176177979,-1.948339819908142,0.017364745293253492,-1.658874470583333,-0.0486519817044091,1.6589653533248465,2.75054372018328,1.2,-0.7650762035463242,-0.9241274078677524,0.025434952226652985,-1.256579041481018,-0.41979801654815674,-0.22241683304309845,-0.8055322321120275,0.2028664481776549,0.24785178526975143,0.04463061859908408,0.17721709106464606,0.1979747736786277,0.47419648968893713,-0.024896180343159924,-2.9656765460968018,-3.0976597285492202,-0.13198318245241847,0
1780805320.8379946,FLY,spline,1,134,-21.15525221332491,-0.313728052965535,-1.9969918016125512,-21.172616958618164,1.3451464176177979,-1.948339819908142,0.017364745293253492,-1.658874470583333,-0.0486519817044091,1.6589653533248465,2.75054372018328,1.2,-0.7650762035463242,-0.9241274078677524,0.025434952226652985,-1.256579041481018,-0.41979801654815674,-0.22241683304309845,-0.6833452176728498,0.31509755632789377,0.24785178526975143,0.06932146239213663,0.15033594788802696,0.19428906086429665,0.47652046174353707,-0.024945750700213876,-2.9681336879730225,-3.0976597285492202,-0.12952604057619777,0
1780805320.8487413,FLY,spline,1,134,-21.15525221332491,-0.313728052965535,-1.9969918016125512,-21.18878936767578,1.3392674922943115,-1.951235294342041,0.03353715435087068,-1.6529955452598466,-0.04575650727051017,1.6533357231278987,2.734384691373937,1.2,-0.7663978087628943,-0.9229690765777974,0.027613083937908248,-1.331546425819397,-0.5224001407623291,-0.24190925061702728,-0.7434541185855502,0.24808534256591813,0.2695223345549355,0.05457877536450199,0.16355990608882104,0.186673375401345,0.4780772333763709,-0.02499965516712486,-2.9732108116149902,-3.0976597285492202,-0.12444891693422999,0
1780805320.8593705,FLY,spline,1,134,-21.15525221332491,-0.313728052965535,-1.9969918016125512,-21.209022521972656,1.3296191692352295,-1.9550487995147705,0.05377030864774568,-1.6433472222007646,-0.04194300209778068,1.644226668925864,2.7127325610208626,1.2,-0.7686844441788769,-0.9209752018041564,0.030477909035960565,-1.4983811378479004,-0.7528600692749023,-0.2855152487754822,-0.9892559575720626,-0.010447966525425845,0.31599315781144277,-0.002298552635593686,0.2176363106658538,0.17386386040195534,0.4745412827718325,-0.02506285379868715,-2.98175048828125,-3.0976597285492202,-0.11590924026797023,0
1780805320.8701015,FLY,spline,1,134,-21.15525221332491,-0.313728052965535,-1.9969918016125512,-21.209022521972656,1.3296191692352295,-1.9550487995147705,0.05377030864774568,-1.6433472222007646,-0.04194300209778068,1.644226668925864,2.7127325610208626,1.2,-0.7686844441788769,-0.9209752018041564,0.030477909035960565,-1.4983811378479004,-0.7528600692749023,-0.2855152487754822,-0.9009328774405849,0.07297453030500776,0.31599315781144277,0.01605439666710171,0.1982052330369287,0.16662726047977516,0.47380549097138186,-0.02512605243024944,-2.98657488822937,-3.0976597285492202,-0.11108484031985011,0
1780805320.8808823,FLY,spline,1,134,-21.15525221332491,-0.313728052965535,-1.9969918016125512,-21.241249084472656,1.3107030391693115,-1.9614306688308716,0.08599687114774568,-1.6244310921348466,-0.035561132781679605,1.626705823110501,2.6760212172837603,1.2,-0.7733197173407996,-0.9169140354884965,0.03528833087786418,-1.7307745218276978,-1.0795824527740479,-0.34844619035720825,-1.276143669780327,-0.3498048628931041,0.38373452123507246,-0.0769570698364829,0.28075160735167193,0.1456584656570823,0.4654223389691494,-0.025202799334496453,-3.000554084777832,-3.0976597285492202,-0.0971056437713882,0
1780805320.891671,FLY,spline,1,134,-21.15525221332491,-0.313728052965535,-1.9969918016125512,-21.253828048706055,1.302392601966858,-1.9640086889266968,0.09857583538114412,-1.616120654932393,-0.03298311268585441,1.6191241974043242,2.661110136142515,1.2,-0.7753927097001613,-0.9150842889821988,0.03724096939909679,-1.8127634525299072,-1.1964290142059326,-0.3712252974510193,-1.335649611792137,-0.4296709639251115,0.40846626685011606,-0.09452761206352453,0.29384291459427014,0.13797590378269264,0.46195975624624375,-0.025284492587866476,-3.005675792694092,-3.0976597285492202,-0.09198393585512843,0
1780805320.9022846,FLY,spline,1,135,-21.311838370875336,-0.31893101541371194,-1.9944801421796288,-21.306678771972656,1.2635546922683716,-1.9752197265625,-0.005159598902679363,-1.5824857076820835,-0.019260415617128768,1.582494118939752,2.5960073683703144,1.2,-0.7847452574465955,-0.9066898899989045,0.04569818693176847,-2.1166656017303467,-1.637297511100769,-0.4570104479789734,-1.8140373281747155,-0.9997364541103769,0.5027086349107419,-0.21994201990428291,0.39908821219843743,0.1286448434229408,0.4528783722875855,-0.025385034314848624,-3.010727643966675,-3.096490872915302,-0.0857632289486272,0
1780805320.9131176,FLY,spline,1,135,-21.311838370875336,-0.31893101541371194,-1.9944801421796288,-21.306678771972656,1.2635546922683716,-1.9752197265625,-0.005159598902679363,-1.5824857076820835,-0.019260415617128768,1.582494118939752,2.5960073683703144,1.2,-0.7847452574465955,-0.9066898899989045,0.04569818693176847,-2.1166656017303467,-1.637297511100769,-0.4570104479789734,-1.685598434679081,-0.8823704856476106,0.5027086349107419,-0.1941215068424743,0.37083165562939785,0.11321248563485486,0.4483607992040179,-0.02548557604183077,-3.0210158824920654,-3.096490872915302,-0.07547499042323658,0
1780805320.9237628,FLY,spline,1,135,-21.311838370875336,-0.31893101541371194,-1.9944801421796288,-21.32191276550293,1.2513866424560547,-1.97854483127594,0.010074394627594074,-1.5703176578697666,-0.015935310903688826,1.5703499737462034,2.576634729422609,1.2,-0.7878733830853547,-0.9038363263668275,0.048326259583742114,-2.1940114498138428,-1.7514879703521729,-0.4789528250694275,-1.7305430176852565,-0.9817766193307715,0.5272790846531696,-0.21599085625276973,0.38071946389075645,0.09338309320168836,0.4385219173070096,-0.025591031858761406,-3.0342354774475098,-3.096490872915302,-0.06225539546779224,0
1780805320.9342039,FLY,spline,1,135,-21.311838370875336,-0.31893101541371194,-1.9944801421796288,-21.337656021118164,1.2384471893310547,-1.9820116758346558,0.02581765024282845,-1.5573782047447666,-0.012468466344973006,1.557592187858585,2.5563883816940076,1.2,-0.791220890531602,-0.9007550667493895,0.0510863202010218,-2.2688984870910645,-1.8628747463226318,-0.49933287501335144,-1.7833789873084693,-1.0782011399201497,0.5504191952143732,-0.23720425078243293,0.3923433772078633,0.08205630334573133,0.4313075825235621,-0.02570111569780428,-3.0417866706848145,-3.096490872915302,-0.05470420223048755,0
1780805320.9450743,FLY,spline,1,135,-21.311838370875336,-0.31893101541371194,-1.9944801421796288,-21.384334564208984,1.1983691453933716,-1.9923583269119263,0.07249619333364876,-1.5173001608070835,-0.002121815267702498,1.5190310977834098,2.4953045023739855,1.2,-0.8017115289213641,-0.8909106028993135,0.05947202734185557,-2.4623842239379883,-2.1546971797943115,-0.5460190773010254,-2.037916654086116,-1.4764884114404988,0.6054911046428809,-0.32482745051690975,0.44834166389894553,0.061819215142301154,0.41704545947262484,-0.025822213918732857,-3.0552780628204346,-3.096490872915302,-0.041212810094867436,0
1780805320.955692,FLY,spline,1,135,-21.311838370875336,-0.31893101541371194,-1.9944801421796288,-21.419843673706055,1.166445255279541,-2.000200033187866,0.10800530283071907,-1.485376270693253,0.005719891008237443,1.489297757662366,2.4479607399022942,1.2,-0.8101899611833249,-0.8827432302368913,0.06600466853716278,-2.586571216583252,-2.3452060222625732,-0.5703052878379822,-2.1555332461802745,-1.684381475116762,0.636309956375145,-0.37056392452568765,0.4742173141596604,0.051184077584317755,0.4093388225748047,-0.025949475910007885,-3.062368154525757,-3.096490872915302,-0.03412271838954517,0
1780805320.9662309,FLY,spline,1,135,-21.311838370875336,-0.31893101541371194,-1.9944801421796288,-21.419843673706055,1.166445255279541,-2.000200033187866,0.10800530283071907,-1.485376270693253,0.005719891008237443,1.489297757662366,2.4479607399022942,1.2,-0.8101899611833249,-0.8827432302368913,0.06600466853716278,-2.586571216583252,-2.3452060222625732,-0.5703052878379822,-2.064050303970541,-1.5883725149390489,0.636309956375145,-0.3494419532865907,0.454091066873519,0.04095055612283094,0.4042866670301663,-0.026076737901282912,-3.069190502166748,-3.096490872915302,-0.02730037074855396,0
1780805320.9772012,FLY,spline,1,136,-21.46835296227888,-0.3242928792183192,-1.991208696926941,-21.491483688354492,1.099277377128601,-2.0155858993530273,0.02313072607561395,-1.4235702563469204,0.02437720242608643,1.4237581624856173,2.350789002381051,1.2,-0.8278278366041019,-0.8651058013296649,0.07932859162452766,-2.7858693599700928,-2.6571407318115234,-0.5866460800170898,-2.280465668665495,-2.0785737349671356,0.6659746716416175,-0.45728622169276983,0.5017024471064089,-0.0016003869487721811,0.3799314354639013,-0.026209932835611235,-3.0963802337646484,-3.0953133091321337,0.0010669246325147874,0
1780805320.9876733,FLY,spline,1,136,-21.46835296227888,-0.3242928792183192,-1.991208696926941,-21.491483688354492,1.099277377128601,-2.0155858993530273,0.02313072607561395,-1.4235702563469204,0.02437720242608643,1.4237581624856173,2.350789002381051,1.2,-0.8278278366041019,-0.8651058013296649,0.07932859162452766,-2.7858693599700928,-2.6571407318115234,-0.5866460800170898,-2.1934936752200946,-1.9810614658721242,0.6659746716416175,-0.4358335224918673,0.4825686085484208,-0.01219904646415304,0.3739189409765439,-0.026343127769939557,-3.1034460067749023,-3.0953133091321337,0.008132697642768694,0
1780805320.9980843,FLY,spline,1,136,-21.46835296227888,-0.3242928792183192,-1.991208696926941,-21.511171340942383,1.0803124904632568,-2.019663095474243,0.042818378663504575,-1.4046053696815761,0.02845439854730225,1.405257861778289,2.323787108041997,1.2,-0.8330161033503569,-0.8597556814648658,0.08309235673557071,-2.8324344158172607,-2.731153726577759,-0.5870069861412048,-2.2139311779758826,-2.0259238154410752,0.6700993428767755,-0.44570323939703654,0.48706485915469416,-0.01219904646415304,0.3734549474091559,-0.026477147638514914,-3.1034460067749023,-3.0953133091321337,0.008132697642768694,0
1780805321.0087972,FLY,spline,1,136,-21.46835296227888,-0.3242928792183192,-1.991208696926941,-21.531131744384766,1.060878872871399,-2.0237109661102295,0.06277878210588739,-1.3851717520897182,0.03250226918328858,1.38659365290268,2.2962906262736285,1.2,-0.8383651554054754,-0.8541610658590254,0.0869065001741918,-2.9099977016448975,-2.855748176574707,-0.5754460692405701,-2.2519583922537256,-2.2037754094043263,0.6623525694147618,-0.4848305900689518,0.4954308462958196,-0.04106962904471945,0.3570421415846917,-0.026609618152397867,-3.1226930618286133,-3.0953133091321337,0.02737975269647963,0
1780805321.0191877,FLY,spline,1,136,-21.46835296227888,-0.3242928792183192,-1.991208696926941,-21.589101791381836,1.0035351514816284,-2.034838914871216,0.1207488291029577,-1.3278280306999477,0.04363021794427491,1.3333070009724828,2.215914070297641,1.2,-0.8543324449285906,-0.8369797990032539,0.09788201879206238,-2.9776318073272705,-2.965698719024658,-0.5548115968704224,-2.2809716782111926,-2.347376542696716,0.6526936156624847,-0.5164228393932776,0.5018137692064624,-0.05044198259849142,0.35200950345151033,-0.026740156875530365,-3.128941297531128,-3.0953133091321337,0.03362798839899428,0
1780805321.0306542,FLY,spline,1,137,-21.624794830066264,-0.3298162143575386,-1.9871651775202444,-21.60999870300293,0.98255854845047,-2.0386083126068115,-0.014796127063334552,-1.3123747628080085,0.05144313508656717,1.3124581682596406,2.1867657563076244,1.2,-0.8597724788966045,-0.8309470428063749,0.10157901645186379,-3.0108985900878906,-3.0201802253723145,-0.5431235432624817,-2.273189527197229,-2.3835958128690473,0.6447025597143454,-0.5243910788311904,0.5001016959833904,-0.061214567805802256,0.34703976734270575,-0.026869097387473232,-3.1349380016326904,-3.0941282897621556,0.04080971187053484,0
1780805321.0412586,FLY,spline,1,137,-21.624794830066264,-0.3298162143575386,-1.9871651775202444,-21.60999870300293,0.98255854845047,-2.0386083126068115,-0.014796127063334552,-1.3123747628080085,0.05144313508656717,1.3124581682596406,2.1867657563076244,1.2,-0.8597724788966045,-0.8309470428063749,0.10157901645186379,-3.0108985900878906,-3.0201802253723145,-0.5431235432624817,-2.2409267564580695,-2.3209780145232255,0.6447025597143454,-0.5106151631951096,0.4930038864207753,-0.061214567805802256,0.3469108268307629,-0.0269980378994161,-3.1349380016326904,-3.0941282897621556,0.04080971187053484,0
1780805321.051893,FLY,spline,1,137,-21.624794830066264,-0.3298162143575386,-1.9871651775202444,-21.683359146118164,0.9080175757408142,-2.050776243209839,0.05856431605189982,-1.2378337900983527,0.06361106568959451,1.2392184113480074,2.0839479855564114,1.2,-0.8809741099911528,-0.8065924497010528,0.11529630354244157,-3.109450578689575,-3.183767318725586,-0.4885852038860321,-2.2812915941235876,-2.6327863712336264,0.6038815074284737,-0.5792130016713978,0.5018841507071893,-0.09738121189427407,0.32663897359599964,-0.027118814200901793,3.124136209487915,-3.0941282897621556,0.06492080792951604,0
1780805321.062631,FLY,spline,1,137,-21.624794830066264,-0.3298162143575386,-1.9871651775202444,-21.727069854736328,0.8629003763198853,-2.057197332382202,0.10227502467006389,-1.1927165906774237,0.0700321548619578,1.1970935829534963,2.0222995431945194,1.2,-0.8939835252722651,-0.7909517637086366,0.12324270375146114,-3.1604881286621094,-3.2695531845092773,-0.4534260034561157,-2.2976145076642434,-2.7421703465930922,0.5766687072075769,-0.6,0.5054751916861335,-0.10466323055577309,0.32374926983326147,-0.027234147942343308,3.119281530380249,-3.0941282897621556,0.06977548703718206,1
1780805321.0732927,FLY,spline,1,138,-21.781162816768234,-0.3355035908095526,-1.9823372956252907,-21.74917984008789,0.8399023413658142,-2.060229539871216,-0.031982976680343,-1.1754059321753667,0.07789224424592511,1.175840982527135,1.9910237189195903,1.2,-0.9002575448193415,-0.7832183008413962,0.12690723471483956,-3.185375690460205,-3.3115649223327637,-0.43685290217399597,-2.274391639441947,-2.7790786690832543,0.5637601368888355,-0.6,0.5003661606772284,-0.1200649474687685,0.31521929519031616,-0.027346899969721075,3.1102049350738525,-3.0929370737932214,0.08004329831251233,1
1780805321.0840654,FLY,spline,1,138,-21.781162816768234,-0.3355035908095526,-1.9823372956252907,-21.816444396972656,0.7693651914596558,-2.068491220474243,0.035281580204422625,-1.1048687822692083,0.08615392484895246,1.1054319589801826,1.895590267296114,1.2,-0.9208486745287509,-0.7568014910413278,0.13888564280106647,-3.249511957168579,-3.4211740493774414,-0.37533631920814514,-2.2920567267856002,-2.963610366090721,0.5142219620092117,-0.6,0.5042524798928321,-0.132362339360248,0.30982978246704584,-0.027449744362122917,3.102006673812866,-3.0929370737932214,0.08824155957349866,1
1780805321.0946891,FLY,spline,1,138,-21.781162816768234,-0.3355035908095526,-1.9823372956252907,-21.839139938354492,0.7453808188438416,-2.070937395095825,0.05797712158625856,-1.080884409653394,0.08860009947053449,1.082438198540311,1.8632998127242033,1.2,-0.9278936618747755,-0.7474088718192581,0.14280521901696525,-3.285477638244629,-3.4833528995513916,-0.3288281261920929,-2.312562998826946,-3.0171162539281235,0.47163334520905814,-0.6,0.5087638597419281,-0.132362339360248,0.3131425451420163,-0.027544071031164727,3.102006673812866,-3.0929370737932214,0.08824155957349866,1
1780805321.1051981,FLY,spline,1,138,-21.781162816768234,-0.3355035908095526,-1.9823372956252907,-21.839139938354492,0.7453808188438416,-2.070937395095825,0.05797712158625856,-1.080884409653394,0.08860009947053449,1.082438198540311,1.8632998127242033,1.2,-0.9278936618747755,-0.7474088718192581,0.14280521901696525,-3.285477638244629,-3.4833528995513916,-0.3288281261920929,-2.2625836290327097,-2.983450604004623,0.47163334520905814,-0.6,0.49776839838719616,-0.14773103938771381,0.30027950011642246,-0.027638397700206537,3.0917608737945557,-3.0929370737932214,0.09848735959180921,1
1780805321.1164722,FLY,spline,1,139,-21.937455764915523,-0.34135757855254323,-1.976712762907836,-21.929922103881836,0.6486718654632568,-2.078974485397339,-0.007533661033686911,-0.9900294440158001,0.10226172248950283,0.9900581074193598,1.7337913254071855,1.2,-0.9561012631759774,-0.7078493952599975,0.15754240122378455,-3.334414482116699,-3.568434000015259,-0.2571137845516205,-2.263036072569938,-3.1510676443387236,0.41465618577540503,-0.6,0.49786793596538637,-0.15404174242978375,0.30072571651984964,-0.02772132893736162,3.088749885559082,-3.091740926667315,0.10269449495318916,1
1780805321.1268284,FLY,spline,1,139,-21.937455764915523,-0.34135757855254323,-1.976712762907836,-21.929922103881836,0.6486718654632568,-2.078974485397339,-0.007533661033686911,-0.9900294440158001,0.10226172248950283,0.9900581074193598,1.7337913254071855,1.2,-0.9561012631759774,-0.7078493952599975,0.15754240122378455,-3.334414482116699,-3.568434000015259,-0.2571137845516205,-2.2427808981088866,-3.1065755470993515,0.41465618577540503,-0.6,0.49341179758395504,-0.15815732394223492,0.296783458700336,-0.0278042601745167,3.0860061645507812,-3.091740926667315,0.10543821596148995,1
1780805321.1375227,FLY,spline,1,139,-21.937455764915523,-0.34135757855254323,-1.976712762907836,-21.929922103881836,0.6486718654632568,-2.078974485397339,-0.007533661033686911,-0.9900294440158001,0.10226172248950283,0.9900581074193598,1.7337913254071855,1.2,-0.9561012631759774,-0.7078493952599975,0.15754240122378455,-3.334414482116699,-3.568434000015259,-0.2571137845516205,-2.2269694342667092,-3.076674411715183,0.41465618577540503,-0.6,0.48993327553867605,-0.1619102707958726,0.2930013264480315,-0.027887191411671782,3.0835041999816895,-3.091740926667315,0.10794018053058174,1
1780805321.1481655,FLY,spline,1,139,-21.937455764915523,-0.34135757855254323,-1.976712762907836,-21.996522903442383,0.5769921541213989,-2.0831639766693115,0.059067138526859964,-0.9183497326739422,0.10645121376147548,0.920247335424587,1.638487621157515,1.2,-0.9772426337088227,-0.6758448567738423,0.16801953587064825,-3.3769917488098145,-3.6428751945495605,-0.18947042524814606,-2.232556202120976,-3.2329550485279905,0.3574899611187943,-0.6,0.49116236446661476,-0.16801676665311138,0.2910305727454084,-0.02795868940389554,3.0794332027435303,-3.091740926667315,0.11201117776874092,1
1780805321.158539,FLY,spline,1,139,-21.937455764915523,-0.34135757855254323,-1.976712762907836,-22.020076751708984,0.551513671875,-2.0843260288238525,0.08262098679346153,-0.8928712504275432,0.1076132659160165,0.8966857293939555,1.6047441228316752,1.2,-0.9847324719763303,-0.6639764394389016,0.17157286063193247,-3.39151668548584,-3.6682722568511963,-0.1673734188079834,-2.221615543698875,-3.264550143122433,0.33894627943991584,-0.6,0.4887554196137525,-0.17351243411069195,0.285961599706042,-0.028026478659783523,3.0757694244384766,-3.091740926667315,0.11567495607379463,1
1780805321.1692514,FLY,spline,1,140,-22.093672517038875,-0.34738074756469284,-1.9702792910336342,-22.075077056884766,0.4917968511581421,-2.086479425430298,-0.018595460154109844,-0.8391775987228349,0.11620013439666366,0.8393836032092636,1.5259187631175288,1.2,-1.0019492020328802,-0.6355708856464962,0.17929708827586435,-3.42362380027771,-3.7245330810546875,-0.11776866763830185,-2.21950119823995,-3.3764618431378093,0.2970657559141662,-0.6,0.488290263612789,-0.18050740372966878,0.28231241026106846,-0.02808589181096636,3.072305917739868,-3.090541120286606,0.12033826915311252,1
1780805321.1797879,FLY,spline,1,140,-22.093672517038875,-0.34738074756469284,-1.9702792910336342,-22.146953582763672,0.4132421910762787,-2.0881054401397705,0.053281065724796406,-0.7606229386409715,0.11782614910613631,0.7624868043130958,1.4228534105687782,1.2,-1.0245112880940297,-0.5954000936966684,0.18940789052705845,-3.4626529216766357,-3.793018341064453,-0.05805910751223564,-2.224066713811328,-3.5163512652865156,0.2474669980392941,-0.6,0.48929467703849217,-0.18240032803844564,0.2834154868943685,-0.028135385210574217,3.0710439682006836,-3.090541120286606,0.12160021869229709,1
1780805321.1904228,FLY,spline,1,140,-22.093672517038875,-0.34738074756469284,-1.9702792910336342,-22.146953582763672,0.4132421910762787,-2.0881054401397705,0.053281065724796406,-0.7606229386409715,0.11782614910613631,0.7624868043130958,1.4228534105687782,1.2,-1.0245112880940297,-0.5954000936966684,0.18940789052705845,-3.4626529216766357,-3.793018341064453,-0.05805910751223564,-2.214966471959137,-3.472384589983863,0.2474669980392941,-0.6,0.4872926238310102,-0.18407831799816243,0.28065335612423875,-0.028184878610182075,3.069925308227539,-3.090541120286606,0.12271887866544162,1
1780805321.200861,FLY,spline,1,140,-22.093672517038875,-0.34738074756469284,-1.9702792910336342,-22.146953582763672,0.4132421910762787,-2.0881054401397705,0.053281065724796406,-0.7606229386409715,0.11782614910613631,0.7624868043130958,1.4228534105687782,1.2,-1.0245112880940297,-0.5954000936966684,0.18940789052705845,-3.4626529216766357,-3.793018341064453,-0.05805910751223564,-2.2079658779599542,-3.4420415500283106,0.2474669980392941,-0.6,0.48575249315118996,-0.185553890584222,0.27798967905277616,-0.028234372009789933,3.068941593170166,-3.090541120286606,0.12370259372281467,1
1780805321.2118847,FLY,spline,1,141,-22.249811915669014,-0.3535756678241835,-1.9630245916684395,-22.225351333618164,0.3269921839237213,-2.088491201400757,-0.024460582050849666,-0.6805678517479048,0.12546660973231738,0.6810072840337499,1.310537014769322,1.2,-1.0484381380528358,-0.5487061843003734,0.19924606391802918,-3.5008797645568848,-3.8603270053863525,0.0023602007422596216,-2.2088840067329034,-3.60663657416468,0.19688586317576956,-0.6,0.48595448148123876,-0.1899174294305599,0.2764915685546242,-0.028273749182425086,3.067234754562378,-3.089338932996835,0.12661161962037326,1
1780805321.2223046,FLY,spline,1,141,-22.249811915669014,-0.3535756678241835,-1.9630245916684395,-22.249725341796875,0.300048828125,-2.0883593559265137,-8.65738721387288e-05,-0.6536244959491835,0.12533476425807422,0.6536245016826246,1.275663596296717,1.2,-1.0557320070830885,-0.5333754560378376,0.20233771797848724,-3.5122642517089844,-3.8803298473358154,0.018849724903702736,-2.204754961729046,-3.6291485718956347,0.1834879930747845,-0.6,0.48504609158039014,-0.19144092415101888,0.2729773616567272,-0.028310446781040045,3.0662190914154053,-3.089338932996835,0.12762728276734592,1
1780805321.2330287,FLY,spline,1,141,-22.249811915669014,-0.3535756678241835,-1.9630245916684395,-22.274179458618164,0.27296873927116394,-2.0881199836730957,0.024367542949150334,-0.6265444070953474,0.12509539200465625,0.6270180788556572,1.2407166497087359,1.2,-1.062943676033366,-0.5176657580833388,0.2053604258095427,-3.5233514308929443,-3.8998119831085205,0.03460230678319931,-2.2045289906217853,-3.6537481685123416,0.17075811902634339,-0.6,0.4849963779367928,-0.19144092415101888,0.2739615999567972,-0.028344598404845312,3.0662190914154053,-3.089338932996835,0.12762728276734592,1
1780805321.2436805,FLY,spline,1,142,-22.405872803336678,-0.3599449093091973,-1.9549363764780052,-22.367694854736328,0.16902343928813934,-2.0862791538238525,-0.03817794860034951,-0.5289683485973367,0.13134277734584732,0.5303442934331662,1.1076304474815504,1.2,-1.0892883872449213,-0.45487190047866427,0.21573679233799295,-3.56192946434021,-3.9678220748901367,0.09006372094154358,-2.2041758806241867,-3.8365000050115845,0.12567307139644937,-0.6,0.48491869373732105,-0.1941742512712441,0.2698215732054688,-0.028369733019124602,3.0656001567840576,-3.0881356495480325,0.12944950084749607,1
1780805321.253978,FLY,spline,1,142,-22.405872803336678,-0.3599449093091973,-1.9549363764780052,-22.367694854736328,0.16902343928813934,-2.0862791538238525,-0.03817794860034951,-0.5289683485973367,0.13134277734584732,0.5303442934331662,1.1076304474815504,1.2,-1.0892883872449213,-0.45487190047866427,0.21573679233799295,-3.56192946434021,-3.9678220748901367,0.09006372094154358,-2.202956734146791,-3.7924819841537944,0.12567307139644937,-0.6,0.484650481512294,-0.19401904077624899,0.26794852978469275,-0.028394867633403893,3.0657036304473877,-3.0881356495480325,0.129346027184166,1
1780805321.2649195,FLY,spline,1,142,-22.405872803336678,-0.3599449093091973,-1.9549363764780052,-22.417383193969727,0.11357421427965164,-2.084765672683716,0.011510390633048928,-0.47351912358884896,0.1298292962057106,0.47365900128349403,1.03743067710264,1.2,-1.1023107258806488,-0.41951642737913336,0.22117194841915483,-3.5868046283721924,-4.0118408203125,0.12450209259986877,-2.2119247699932303,-3.8894350278188705,0.09666985581928605,-0.6,0.48662344939851065,-0.19370361299609762,0.2684754153196299,-0.02841420160456775,3.0659139156341553,-3.0881356495480325,0.1291357419973984,1
1780805321.2755005,FLY,spline,1,142,-22.405872803336678,-0.3599449093091973,-1.9549363764780052,-22.417383193969727,0.11357421427965164,-2.084765672683716,0.011510390633048928,-0.47351912358884896,0.1298292962057106,0.47365900128349403,1.03743067710264,1.2,-1.1023107258806488,-0.41951642737913336,0.22117194841915483,-3.5868046283721924,-4.0118408203125,0.12450209259986877,-2.2120351030972643,-3.852449095085051,0.09666985581928605,-0.6,0.48664772268139816,-0.19294293851947408,0.26592266436704964,-0.028433535575731608,3.0664210319519043,-3.0881356495480325,0.1286286256796494,1
1780805321.286213,FLY,spline,1,142,-22.405872803336678,-0.3599449093091973,-1.9549363764780052,-22.479921340942383,0.04355468600988388,-2.082412004470825,0.07404853760570518,-0.4034995953190812,0.12747562799281997,0.4102378692224864,0.9498036889833724,1.2,-1.1175481809210681,-0.37326262779835556,0.22751060197071662,-3.600921154022217,-4.037017345428467,0.14519064128398895,-2.2043348084389973,-3.938953938264452,0.08231996068672767,-0.6,0.4849536578565794,-0.19142981500720602,0.26392910986673424,-0.028449999567868953,3.067429780960083,-3.0881356495480325,0.12761987667147068,1
1780805321.2968128,FLY,spline,1,143,-22.561854022572607,-0.3664910419979167,-1.9460023571280862,-22.53011703491211,-0.012802734039723873,-2.0801708698272705,-0.03173698766049782,-0.35368830795819284,0.13416851269918428,0.3551093572015416,0.8802642512292856,1.2,-1.1287580074185084,-0.3349648258220749,0.2317410756654615,-3.622591257095337,-4.075995445251465,0.17709040641784668,-2.214637572275106,-4.031716657386069,0.05465066924761483,-0.6,0.48722026590052336,-0.19228601867271955,0.2646687049058391,-0.028460929701718478,3.0680620670318604,-3.0869325610325795,0.12819067911514637,1
1780805321.3077395,FLY,spline,1,143,-22.561854022572607,-0.3664910419979167,-1.9460023571280862,-22.581756591796875,-0.07093749940395355,-2.077578067779541,0.019902569224267808,-0.29555354259396316,0.1315757106514548,0.29622290391117356,0.8097106422301119,1.2,-1.1390982023694323,-0.2942919520510369,0.2363208249746905,-3.6289994716644287,-4.0876898765563965,0.18741574883460999,-2.207809043113344,-4.076126201030797,0.04890507614008052,-0.6,0.4857179894849357,-0.18996358329369123,0.26232202958205636,-0.028470710716946495,3.069610357284546,-3.0869325610325795,0.12664238886246082,1
1780805321.3184347,FLY,spline,1,143,-22.561854022572607,-0.3664910419979167,-1.9460023571280862,-22.632265090942383,-0.12793944776058197,-2.074784994125366,0.07041106836977562,-0.23855159423733474,0.12878263699728,0.24872591674802852,0.7419904065116052,1.2,-1.1480190867169344,-0.2535145977134904,0.24037996022918134,-3.6404049396514893,-4.108705520629883,0.20523925125598907,-2.2130681565049906,-4.136947320869003,0.03514070897319227,-0.6,0.48687499443109794,-0.18722451144768293,0.2609440243952259,-0.028477738858741133,3.0714364051818848,-3.0869325610325795,0.12481634096512195,1
1780805321.329137,FLY,spline,1,143,-22.561854022572607,-0.3664910419979167,-1.9460023571280862,-22.632265090942383,-0.12793944776058197,-2.074784994125366,0.07041106836977562,-0.23855159423733474,0.12878263699728,0.24872591674802852,0.7419904065116052,1.2,-1.1480190867169344,-0.2535145977134904,0.24037996022918134,-3.6404049396514893,-4.108705520629883,0.20523925125598907,-2.213950953512382,-4.101989251141431,0.03514070897319227,-0.6,0.48706920977272405,-0.18722451144768293,0.26093699625343125,-0.02848476700053577,3.0714364051818848,-3.0869325610325795,0.12481634096512195,1
1780805321.3394632,FLY,spline,1,144,-22.717754415907542,-0.3732166358685237,-1.9362102452844367,-22.657577514648438,-0.15654297173023224,-2.073300838470459,-0.06017690125910491,-0.21667366413829148,0.13709059318602224,0.224874934521972,0.7086669605487897,1.2,-1.15212490392983,-0.232784327599005,0.2417015981928116,-3.6495723724365234,-4.126005172729492,0.22087310254573822,-2.2226389247392895,-4.136500087542801,0.02082849564707337,-0.6,0.4889805634426437,-0.18748374154236513,0.2609338670435821,-0.028488932699665185,3.072465181350708,-3.085730964800635,0.12498916102824342,1
1780805321.3500412,FLY,spline,1,144,-22.717754415907542,-0.3732166358685237,-1.9362102452844367,-22.703046798706055,-0.20796874165534973,-2.070502996444702,-0.014707617201487722,-0.16524789421317398,0.1342927511602654,0.1659011167703034,0.6501137943298474,1.2,-1.1584184931150951,-0.1950521623149353,0.2449923443400226,-3.6533141136169434,-4.1332502365112305,0.2279941290616989,-2.2271466963351036,-4.176778864703403,0.01699821527832368,-0.6,0.48997227319372283,-0.18261356522705752,0.258357806021653,-0.02849233234272085,3.075711965560913,-3.085730964800635,0.12174237681803834,1
1780805321.3612342,FLY,spline,1,144,-22.717754415907542,-0.3732166358685237,-1.9362102452844367,-22.779296875,-0.2943750023841858,-2.0654540061950684,0.06154245909245759,-0.07884163348433793,0.1292437609106316,0.10001738569681518,0.5570067505219293,1.2,-1.1664321517402383,-0.13069030972685514,0.24971199076162984,-3.6656572818756104,-4.1586527824401855,0.25509682297706604,-2.231098349096399,-4.292791402125624,-0.005384832215436203,-0.6,0.4908416368012078,-0.1806669967379828,0.2592295398516996,-0.028491255376277762,3.077009677886963,-3.085730964800635,0.12044466449198854,1
1780805321.3719404,FLY,spline,1,144,-22.717754415907542,-0.3732166358685237,-1.9362102452844367,-22.779296875,-0.2943750023841858,-2.0654540061950684,0.06154245909245759,-0.07884163348433793,0.1292437609106316,0.10001738569681518,0.5570067505219293,1.2,-1.1664321517402383,-0.13069030972685514,0.24971199076162984,-3.6656572818756104,-4.1586527824401855,0.25509682297706604,-2.24941126719051,-4.250035176402114,-0.005384832215436203,-0.6,0.4948704787819122,-0.17452366521027285,0.2569181952333954,-0.028490178409834675,3.0811052322387695,-3.085730964800635,0.1163491101401819,1
1780805321.3827002,FLY,spline,1,145,-22.87357282587221,-0.3801242608992005,-1.9255477526128106,-22.826406478881836,-0.34782224893569946,-2.062138557434082,-0.04716634699037314,-0.03230201196350102,0.1365908048212714,0.057167160724549235,0.5040277129532204,1.2,-1.169836360216967,-0.09041796977878061,0.2516097793318105,-3.6675007343292236,-4.163000106811523,0.2610117495059967,-2.249855254627215,-4.294119398874737,-0.009401970174186203,-0.6,0.4949681560179873,-0.1739729660404672,0.2565367479596711,-0.028488298015799836,3.0826711654663086,-3.0845321643529666,0.11598197736031146,1
1780805321.3931308,FLY,spline,1,145,-22.87357282587221,-0.3801242608992005,-1.9255477526128106,-22.877344131469727,-0.40572264790534973,-2.0583887100219727,0.0037713055975174825,0.025598387006149248,0.13284095740916202,0.02587470122004228,0.45239077579319287,1.2,-1.1718828885143608,-0.046716080230744146,0.25398445514462614,-3.6701672077178955,-4.170402526855469,0.2729445695877075,-2.2541576500063747,-4.3477070403370845,-0.018960114443081377,-0.6,0.49591468300140246,-0.17154789146313565,0.2566545964006969,-0.02848450599291122,3.0842878818511963,-3.0845321643529666,0.11436526097542377,1
1780805321.4038744,FLY,spline,1,145,-22.87357282587221,-0.3801242608992005,-1.9255477526128106,-22.94722557067871,-0.4851367175579071,-2.052993059158325,0.07365274480650186,0.10501245665870662,0.12744530654551456,0.12826668652081266,0.3952434328908962,1.2,-1.1721936097793295,0.013175601644072213,0.25649277711822865,-3.6705801486968994,-4.175729751586914,0.2887645363807678,-2.2703150357635695,-4.414941629850077,-0.03227175926253917,-0.6,0.4994693078679853,-0.16448402580151456,0.2562211887151079,-0.02847805164105871,3.0889971256256104,-3.0845321643529666,0.1096560172010097,1
1780805321.415296,FLY,spline,1,146,-23.029308094997344,-0.38721648706812917,-1.914002590778963,-22.9981632232666,-0.5431445240974426,-2.048877000808716,-0.031144871730742096,0.15592803702931346,0.13487441002975276,0.15900803679984019,0.36745712568784833,1.2,-1.170711371843201,0.056758714694730254,0.25731951372411027,-3.6686437129974365,-4.176359176635742,0.2991519570350647,-2.275324703645161,-4.451251529834407,-0.041832443310954426,-0.6,0.5005714348019354,-0.16353628141236642,0.256546163117371,-0.02846968515239652,3.0908236503601074,-3.0833374692112345,0.10902418760824428,1
1780805321.4261255,FLY,spline,1,146,-23.029308094997344,-0.38721648706812917,-1.914002590778963,-22.9981632232666,-0.5431445240974426,-2.048877000808716,-0.031144871730742096,0.15592803702931346,0.13487441002975276,0.15900803679984019,0.36745712568784833,1.2,-1.170711371843201,0.056758714694730254,0.25731951372411027,-3.6686437129974365,-4.176359176635742,0.2991519570350647,-2.2849809646938763,-4.417928773335552,-0.041832443310954426,-0.6,0.5026958122326528,-0.1607246111090217,0.25615966478623664,-0.02846131866373433,3.092698097229004,-3.0833374692112345,0.1071497407393478,1
1780805321.4370904,FLY,spline,1,146,-23.029308094997344,-0.38721648706812917,-1.914002590778963,-23.023632049560547,-0.5721386671066284,-2.046767473220825,-0.005676045436796784,0.18492218003849925,0.13276488244186213,0.18500927047581078,0.3590145992008155,1.2,-1.1693394365250405,0.07833123069189492,0.2578943591581516,-3.6651999950408936,-4.174493789672852,0.30751484632492065,-2.303680037577793,-4.417197227467188,-0.049620487166769034,-0.6,0.5068096082671144,-0.15305027467561105,0.25601722537532356,-0.028451394566300976,3.0978143215179443,-3.0833374692112345,0.10203351645040737,1
1780805321.4480245,FLY,spline,1,146,-23.029308094997344,-0.38721648706812917,-1.914002590778963,-23.06425666809082,-0.6183984279632568,-2.043339729309082,0.034948573093476654,0.23118194089512767,0.12933713853011897,0.23380866655731217,0.3539461901093729,1.2,-1.1663962232465344,0.11248611749311163,0.2585860084527897,-3.6631407737731934,-4.172918796539307,0.3108474612236023,-2.4071881672511304,-4.3965835479185955,-0.05226145277081262,-0.6,0.5295813967952487,-0.11803564531159738,0.25613855519224016,-0.028440942275746815,3.12115740776062,-3.0833374692112345,0.07869043020773159,1
1780805321.4587424,FLY,spline,1,146,-23.029308094997344,-0.38721648706812917,-1.914002590778963,-23.079803466796875,-0.6546874642372131,-2.0404345989227295,0.05049537179953134,0.26747097716908397,0.12643200814376643,0.2721957130466193,0.36681940588873363,1.2,-1.1637589615651305,0.1397426793115929,0.25717127163753334,1.2581380605697632,-0.8075549006462097,-0.05599723756313324,5.391022675015306,0.9134195679971786,0.3131685092006666,0.2009523049593793,-0.6,-0.05968176825193483,0.22681789138782696,-0.02850357597758695,-3.1231253147125244,-3.0833374692112345,0.03978784550128989,1
1780805321.469571,FLY,spline,1,146,-23.029308094997344,-0.38721648706812917,-1.914002590778963,-23.079803466796875,-0.6546874642372131,-2.0404345989227295,0.05049537179953134,0.26747097716908397,0.12643200814376643,0.2721957130466193,0.36681940588873363,1.2,-1.1637589615651305,0.1397426793115929,0.25717127163753334,1.2581380605697632,-0.8075549006462097,-0.05599723756313324,4.49491316583977,0.3418358473090033,0.3131685092006666,0.07520388640798073,-0.6,-0.05968176825193483,0.22675525768598684,-0.028566209679427083,-3.1231253147125244,-3.0833374692112345,0.03978784550128989,1
1780805321.4806557,FLY,spline,1,146,-23.029308094997344,-0.38721648706812917,-1.914002590778963,-23.05320167541504,-0.6720409989356995,-2.043588876724243,0.023893580417695404,0.2848245118675703,0.1295862859452801,0.28582495647822037,0.39618414170066063,1.2,-1.1620902681126175,0.1541904887627349,0.256459552235929,1.2392830848693848,-0.8136125802993774,-0.2048042118549347,3.822873861178215,-0.308054234756251,0.46126376409086367,-0.06777193164637522,-0.6,0.025543813870867904,0.21502702156727357,-0.028658462432245256,-3.0663082599639893,-3.0833374692112345,-0.01702920924724527,1
1780805321.4913664,FLY,spline,1,146,-23.029308094997344,-0.38721648706812917,-1.914002590778963,-23.044647216796875,-0.677685558795929,-2.0454297065734863,0.015339121799531341,0.2904690717277998,0.13142711579452326,0.29087380474699087,0.4060645846927069,1.2,-1.161375254860947,0.1588643193637097,0.25684556727686736,1.2311277389526367,-0.8132550716400146,-0.2650994062423706,3.355103893399165,-0.581378015228598,0.521944973519238,-0.12790316335029156,-0.6,0.0327915002569763,0.2101983357660866,-0.028762851426949104,-3.061476469039917,-3.0833374692112345,-0.021861000171317535,1
1780805321.5023053,FLY,spline,1,146,-23.029308094997344,-0.38721648706812917,-1.914002590778963,-23.03609275817871,-0.6833593845367432,-2.047617197036743,0.006784663181367279,0.296142897468614,0.1336146062577801,0.29622060592671573,0.4161204978307518,1.2,-1.1605825250630846,0.16354923230382318,0.2574875747119161,1.2229983806610107,-0.8126289248466492,-0.31320130825042725,3.0246135622208126,-0.7656662512645912,0.5706888829623433,-0.16844657527821005,-0.6,0.03538394467683714,0.2063451517671649,-0.02887698920354157,-3.0597481727600098,-3.0833374692112345,-0.02358929645122476,1
1780805321.512782,FLY,spline,1,146,-23.029308094997344,-0.38721648706812917,-1.914002590778963,-23.01285171508789,-0.6989452838897705,-2.0545458793640137,-0.016456379909453034,0.31172879682164134,0.1405432885850506,0.3121628664777289,0.4440188474538714,1.2,-1.1581586230221523,0.176348799114684,0.2599417337986359,1.202710509300232,-0.8118271231651306,-0.3658785820007324,2.7738478294817828,-0.8848920791172199,0.6258203157993683,-0.19467625740578837,-0.6,0.025873904393634017,0.20235244750054093,-0.029002153266701445,-3.0660881996154785,-3.0833374692112345,-0.01724926959575601,1
1780805321.5233061,FLY,spline,1,146,-23.029308094997344,-0.38721648706812917,-1.914002590778963,-23.00452995300293,-0.7045800685882568,-2.0569090843200684,-0.02477814199441397,0.31736358152012767,0.1429064935411053,0.31832938789244397,0.4540299598952047,1.2,-1.1572731704156638,0.1809527892607184,0.26071995914168933,1.1981990337371826,-0.8117319345474243,-0.34011852741241455,2.6209318543409275,-0.962804913010699,0.6008384865541039,-0.2118170808623538,-0.576605007955004,0.018888001607379135,0.20446365378706283,-0.029122320964012266,-3.0707454681396484,-3.0833374692112345,-0.01259200107158609,0
1780805321.5337553,FLY,spline,1,146,-23.029308094997344,-0.38721648706812917,-1.914002590778963,-22.99625015258789,-0.7102148532867432,-2.0589795112609863,-0.033057942409453034,0.322998366218614,0.14497692048202326,0.3246856512632497,0.4639220166243575,1.2,-1.1564199404667814,0.18554533619839336,0.26127734212103215,1.1949843168258667,-0.811575174331665,-0.29826658964157104,2.5165076892450693,-1.0152028853853596,0.5595439317626032,-0.22334463478477912,-0.5536316916339152,0.011453991101702865,0.2079198554606475,-0.029234229750364788,-3.0757014751434326,-3.0833374692112345,-0.00763599406780191,0
1780805321.544339,FLY,spline,1,146,-23.029308094997344,-0.38721648706812917,-1.914002590778963,-22.972694396972656,-0.7262597680091858,-2.062753915786743,-0.05661369802468741,0.3390432809410566,0.1487513250077801,0.34373748290709694,0.4914094677030529,1.2,-1.1542597722641779,0.1985732259408741,0.2612528508401066,1.1901437044143677,-0.8108518719673157,-0.13294145464897156,2.4423673946370004,-1.053655899170657,0.39419430548907813,-0.23180429781754455,-0.53732082682014,-0.0013612459435852209,0.22165528043531768,-0.029313068611462604,-3.084244966506958,-3.0833374692112345,0.0009074972957234806,0
1780805321.5557454,FLY,spline,1,146,-23.029308094997344,-0.38721648706812917,-1.914002590778963,-22.964452743530273,-0.731884777545929,-2.063237190246582,-0.06485535146707022,0.3446682904777998,0.14923459946761897,0.35071704702624046,0.5007806476603773,1.2,-1.1536129173072993,0.20312393062856005,0.2606106402811399,1.1889936923980713,-0.81055748462677,-0.06944770365953445,2.3952101801346313,-1.0779780598677746,0.33005834394067435,-0.23715517317091042,-0.5269462396296188,-0.006912345720806901,0.22709516030679977,-0.029379080280250738,-3.0879456996917725,-3.0833374692112345,0.004608230480537934,0
1780805321.566178,FLY,spline,1,146,-23.029308094997344,-0.38721648706812917,-1.914002590778963,-22.95621109008789,-0.7375097274780273,-2.063286066055298,-0.07309700490945303,0.3502932404098982,0.1492834752763348,0.3578386876842683,0.5100291846337953,1.2,-1.1530225915170045,0.2076665472961555,0.2596411149750834,1.1876431703567505,-0.810207188129425,-0.007144141010940075,2.363910309185206,-1.0911446074806888,0.2667852559860235,-0.24005181364575154,-0.5200602680207453,-0.014104957415142838,0.23293922137505982,-0.02943243733144794,-3.092740774154663,-3.0833374692112345,0.009403304943428559,0
1780805321.5769057,FLY,spline,1,145,-22.87357282587221,-0.3801242608992005,-1.9255477526128106,-22.92656135559082,-0.7578125,-2.060502767562866,0.05298852971861123,0.3776882391007995,0.13495501495005557,0.38138719201987215,0.5426323256994069,1.2,-1.1511176530934577,0.2238288220588398,0.2546150175310994,1.174851417541504,-0.8068220615386963,0.17251349985599518,2.318335465114339,-1.1189833746763735,0.08210151767510421,-0.24617634242880218,-0.5100338023251546,-0.01449837860787917,0.24890322046385485,-0.02944885763498296,-3.0941977500915527,-3.0845321643529666,0.009665585738586113,0
1780805321.587736,FLY,spline,1,145,-22.87357282587221,-0.3801242608992005,-1.9255477526128106,-22.92656135559082,-0.7578125,-2.060502767562866,0.05298852971861123,0.3776882391007995,0.13495501495005557,0.38138719201987215,0.5426323256994069,1.2,-1.1511176530934577,0.2238288220588398,0.2546150175310994,1.174851417541504,-0.8068220615386963,0.17251349985599518,2.304573673239603,-1.126464075596199,0.08210151767510421,-0.24782209663116378,-0.5070062081127127,-0.01367297348702956,0.2493757084468309,-0.02946527793851798,-3.0936474800109863,-3.0845321643529666,0.009115315658019707,0
1780805321.598446,FLY,spline,1,145,-22.87357282587221,-0.3801242608992005,-1.9255477526128106,-22.91843605041504,-0.7633984088897705,-2.0590429306030273,0.04486322454282998,0.38327414799057,0.1334951779902167,0.3858908931735469,0.5514446386860106,1.2,-1.15069454680428,0.2282934141933294,0.25255529491746026,1.1688061952590942,-0.8050442337989807,0.2098928838968277,2.284828223099581,-1.1346055603304093,0.04266241102063256,-0.24961322327269003,-0.5026622090819078,-0.01367297348702956,0.25252230449698454,-0.029473810420722106,-3.0936474800109863,-3.0845321643529666,0.009115315658019707,0
1780805321.6092522,FLY,spline,1,145,-22.87357282587221,-0.3801242608992005,-1.9255477526128106,-22.887069702148438,-0.7852538824081421,-2.051713705062866,0.01349687627622842,0.4051296215089416,0.12616595245005557,0.4053543830936013,0.5855382352171603,1.2,-1.149108476588103,0.24564776146222342,0.24332465210489365,1.1292942762374878,-0.7919925451278687,0.29164639115333557,2.2092191206248986,-1.149329892980993,-0.04832173904844192,-0.25285257645581843,-0.4860282065374777,-0.00798454460824538,0.26194281516191925,-0.02946414607291242,-3.089855194091797,-3.0845321643529666,0.005323029738830254,0
1780805321.6201367,FLY,spline,1,145,-22.87357282587221,-0.3801242608992005,-1.9255477526128106,-22.887069702148438,-0.7852538824081421,-2.051713705062866,0.01349687627622842,0.4051296215089416,0.12616595245005557,0.4053543830936013,0.5855382352171603,1.2,-1.149108476588103,0.24564776146222342,0.24332465210489365,1.1292942762374878,-0.7919925451278687,0.29164639115333557,2.2121500377084806,-1.1523131436763279,-0.04832173904844192,-0.25350889160879214,-0.48667300829586574,-0.006927754256377705,0.26255820780248074,-0.029454481725102732,-3.0891506671905518,-3.0845321643529666,0.004618502837585137,0
1780805321.6312582,FLY,spline,1,145,-22.87357282587221,-0.3801242608992005,-1.9255477526128106,-22.879335403442383,-0.790722668170929,-2.049619197845459,0.0057625775701737325,0.41059840727172847,0.12407144523264835,0.4106388429682858,0.5940124148288446,1.2,-1.1487039246889525,0.2499595013524004,0.24083093880948223,1.1161049604415894,-0.7872520089149475,0.30171632766723633,2.192584965842808,-1.1524378656886314,-0.0608853888577541,-0.2535363304514989,-0.48236869248541775,-0.006277229163299092,0.26420640033056386,-0.02944230464733118,-3.088716983795166,-3.0845321643529666,0.0041848194421993945,0
1780805321.6415713,FLY,spline,1,145,-22.87357282587221,-0.3801242608992005,-1.9255477526128106,-22.871679306030273,-0.7961523532867432,-2.0474607944488525,-0.0018935198419356425,0.4160280923875427,0.1219130418360419,0.41603240147013737,0.6024260595725003,1.2,-1.1482950929392834,0.25422861839033084,0.23829852941826107,1.0887887477874756,-0.7769625782966614,0.31803181767463684,2.1530323393742647,-1.1414485712949243,-0.07973328825637577,-0.2511186856848833,-0.47366711466233824,-0.006230022284636982,0.2669650022429952,-0.029426357989679904,-3.0886855125427246,-3.0845321643529666,0.004153348189757988,0
1780805321.6520298,FLY,spline,1,145,-22.87357282587221,-0.3801242608992005,-1.9255477526128106,-22.850507736206055,-0.8113769292831421,-2.0410399436950684,-0.023065089666154392,0.4312526683839416,0.11549219108225772,0.43186903379332214,0.6259052341552601,1.2,-1.1470994238984813,0.26612698649838074,0.2309531094163122,1.0591336488723755,-0.7651686072349548,0.3317098915576935,2.1121134133219823,-1.1401241887999045,-0.10075678214138128,-0.250827321535979,-0.4646649509308361,-0.0068419235679011425,0.2693767615369747,-0.02940620663325163,-3.0890934467315674,-3.0845321643529666,0.004561282378600762,0
1780805321.6625915,FLY,spline,1,145,-22.87357282587221,-0.3801242608992005,-1.9255477526128106,-22.843280792236328,-0.8166406154632568,-2.038691282272339,-0.030292033635880955,0.43651635456405635,0.11314352965952823,0.4375661494033677,0.6339888113688193,1.2,-1.146669046503272,0.270215805031963,0.22832765163730132,1.0428152084350586,-0.7584378719329834,0.338015615940094,2.097411906438993,-1.1347701306176037,-0.10968796430279268,-0.2496494287358728,-0.4614306194165784,-0.007831479880462178,0.27085230000985777,-0.02938426904039107,-3.0897531509399414,-3.0845321643529666,0.005220986586974785,0
1780805321.6732447,FLY,spline,1,145,-22.87357282587221,-0.3801242608992005,-1.9255477526128106,-22.836172103881836,-0.8218554258346558,-2.036303758621216,-0.03740072199037314,0.4417311649354553,0.11075600600840518,0.4433116692358048,0.6419777743925742,1.2,-1.1462330930435867,0.27425356682791363,0.22568712301303223,1.0094610452651978,-0.7442060112953186,0.3486683964729309,2.0581623826562505,-1.1116574281165226,-0.12298127345989868,-0.24456463418563495,-0.45279572418437514,-0.012067939612517842,0.27419912965253596,-0.02935967278569909,-3.0925774574279785,-3.0845321643529666,0.008045293075011895,0
1780805321.6835275,FLY,spline,1,145,-22.87357282587221,-0.3801242608992005,-1.9255477526128106,-22.823163986206055,-0.8314550518989563,-2.031752824783325,-0.05040883966615439,0.4513307909997558,0.10620507217051456,0.45413713129511146,0.656672744948168,1.2,-1.1454053737361982,0.28165406725786163,0.2207204481087871,0.9925194382667542,-0.7367588877677917,0.3531871438026428,2.0445638462558353,-1.111194298783402,-0.13246669569385572,-0.24446274573234844,-0.4498040461762838,-0.013796355101714619,0.275818104879876,-0.029333179446560317,-3.0937297344207764,-3.0845321643529666,0.009197570067809746,0
1780805321.694165,FLY,spline,1,145,-22.87357282587221,-0.3801242608992005,-1.9255477526128106,-22.81640625,-0.8365136384963989,-2.0292675495147705,-0.05716657587220908,0.45638937759719844,0.10371979690195987,0.4599557385015554,0.6643680926592267,1.2,-1.1449561633457341,0.2855343307350578,0.21804937511558917,0.9737903475761414,-0.7283795475959778,0.35757139325141907,2.02819327375492,-1.1026887224746231,-0.1395220181358299,-0.24259151894441708,-0.4462025202260824,-0.01553442654336501,0.277264464453392,-0.029305275042933152,-3.09488844871521,-3.0845321643529666,0.01035628436224334,0
1780805321.705014,FLY,spline,1,145,-22.87357282587221,-0.3801242608992005,-1.9255477526128106,-22.800155639648438,-0.8488378524780273,-2.0229833126068115,-0.07341718622377158,0.46871359157882686,0.09743555999400089,0.4744286186179532,0.6830283855089636,1.2,-1.1438205885366914,0.29493298828266507,0.21139771442055386,0.9243041276931763,-0.7055416703224182,0.36638832092285156,1.9623875436705802,-1.0768199794550155,-0.1549906065022977,-0.23690039548010342,-0.43172525960752767,-0.018072869155059346,0.2798459569701552,-0.029274276921632692,-3.096580743789673,-3.0845321643529666,0.01204857943670623,0
1780805321.7153842,FLY,spline,1,145,-22.87357282587221,-0.3801242608992005,-1.9255477526128106,-22.793867111206055,-0.8536718487739563,-2.0204198360443115,-0.07970571466615439,0.4735475878747558,0.09487208343150089,0.48020862021879823,0.6903092189935263,1.2,-1.1433602533510108,0.2985978060153993,0.20872633111302166,0.903351902961731,-0.6956278681755066,0.36918288469314575,1.9484092676705205,-1.0659707519131876,-0.1604565535801241,-0.23451356542090127,-0.4286500388875145,-0.021176721427093037,0.28216239195469883,-0.02924218561091667,-3.0986499786376953,-3.0845321643529666,0.014117814284728691,0
1780805321.7258463,FLY,spline,1,145,-22.87357282587221,-0.3801242608992005,-1.9255477526128106,-22.781757354736328,-0.8631151914596558,-2.0152392387390137,-0.09181547113588095,0.4829909305604553,0.08969148612620303,0.491640437457659,0.7044414377217114,1.2,-1.1424374599237512,0.30571973695520754,0.2034013092362137,0.8596176505088806,-0.6745177507400513,0.37383341789245605,1.8950978496266362,-1.043302298805263,-0.17043210865624236,-0.22952650573715785,-0.41692152691785994,-0.022602941367278584,0.2839574094749092,-0.02920809918918542,-3.0996007919311523,-3.0845321643529666,0.015068627578185723,0
1780805321.7364197,FLY,spline,1,144,-22.717754415907542,-0.3732166358685237,-1.9362102452844367,-22.764999389648438,-0.876513659954071,-2.0074901580810547,0.04724497374089509,0.5032970240855473,0.07127991279661794,0.5055096260182845,0.7242661568934774,1.2,-1.1409744620936892,0.315694068207108,0.1962511965539637,0.7903273701667786,-0.6400970816612244,0.3784610629081726,1.8053634364945748,-1.0009802624836535,-0.1822098663542089,-0.22021565774640375,-0.39717995602880646,-0.02456698587399897,0.28789494409203586,-0.029171657215914578,-3.102108955383301,-3.085730964800635,0.01637799058266598,0
1780805321.747157,FLY,spline,1,144,-22.717754415907542,-0.3732166358685237,-1.9362102452844367,-22.764999389648438,-0.876513659954071,-2.0074901580810547,0.04724497374089509,0.5032970240855473,0.07127991279661794,0.5055096260182845,0.7242661568934774,1.2,-1.1409744620936892,0.315694068207108,0.1962511965539637,0.7903273701667786,-0.6400970816612244,0.3784610629081726,1.8321606014667873,-1.008644674266577,-0.1822098663542089,-0.2219018283386469,-0.4030753323226932,-0.025734640865148872,0.2889638009372091,-0.029135215242643737,-3.1028873920440674,-3.085730964800635,0.01715642724343258,0
1780805321.7579415,FLY,spline,1,144,-22.717754415907542,-0.3732166358685237,-1.9362102452844367,-22.75452995300293,-0.8851367235183716,-2.0022168159484863,0.03677553709538728,0.5119200876498479,0.06600657066404958,0.513239336243903,0.7368407013684722,1.2,-1.1400621966148663,0.3220874138886996,0.19109653493502954,0.7403542399406433,-0.6146627068519592,0.3799734115600586,1.7709289017037106,-0.9800787279526284,-0.18887687662502906,-0.21561732014957824,-0.38960435837481633,-0.02685437372189936,0.29056817876808716,-0.02909743986731873,-3.1036338806152344,-3.085730964800635,0.017902915814599574,0
1780805321.7687557,FLY,spline,1,144,-22.717754415907542,-0.3732166358685237,-1.9362102452844367,-22.740976333618164,-0.8966699242591858,-1.9947752952575684,0.023221917710621653,0.5234532883906621,0.05856504997313161,0.5239681312724626,0.7533850529587174,1.2,-1.138807350220599,0.33056508123655376,0.18396887277636914,0.6654605865478516,-0.5757493376731873,0.3796611428260803,1.6747331274890709,-0.9315372983988659,-0.19569227004971118,-0.2049382056477505,-0.36844128804759557,-0.0299578683660644,0.2940988322173748,-0.029058301413308788,-3.1057028770446777,-3.085730964800635,0.019971912244042933,0
1780805321.7795262,FLY,spline,1,144,-22.717754415907542,-0.3732166358685237,-1.9362102452844367,-22.740976333618164,-0.8966699242591858,-1.9947752952575684,0.023221917710621653,0.5234532883906621,0.05856504997313161,0.5239681312724626,0.7533850529587174,1.2,-1.138807350220599,0.33056508123655376,0.18396887277636914,0.6654605865478516,-0.5757493376731873,0.3796611428260803,1.7034888707025169,-0.9432176048000408,-0.19569227004971118,-0.20750787305600898,-0.3747675515545537,-0.0299578683660644,0.29413797067138475,-0.029019162959298846,-3.1057028770446777,-3.085730964800635,0.019971912244042933,0
1780805321.7901986,FLY,spline,1,144,-22.717754415907542,-0.3732166358685237,-1.9362102452844367,-22.736562728881836,-0.9005663990974426,-1.9921435117721558,0.01880831297429353,0.5273497632289189,0.05593326648771901,0.5276850627168973,0.758865869044003,1.2,-1.1383758016450192,0.33340808653825016,0.18149265015411067,0.6377241015434265,-0.5611327290534973,0.37898126244544983,1.6806811936625308,-0.9283719725331869,-0.19748861229133916,-0.20424183395730114,-0.36974986260575676,-0.03226063421231684,0.2964634160538221,-0.02897966523684058,-3.1072380542755127,-3.085730964800635,0.021507089474877894,0
1780805321.8007848,FLY,spline,1,144,-22.717754415907542,-0.3732166358685237,-1.9362102452844367,-22.7216796875,-0.9142968654632568,-1.9822900295257568,0.003925271592457591,0.5410802295947331,0.04607978424132009,0.541094467367172,0.777733702546046,1.2,-1.1368335093227449,0.3433394172267748,0.17241698483418236,0.5273630023002625,-0.5020267367362976,0.37363165616989136,1.524208793795909,-0.8503807531808711,-0.201214671335709,-0.18708376569979165,-0.33532593463509996,-0.033444024829687446,0.2978832254079338,-0.028939422302573438,-3.1080269813537598,-3.085730964800635,0.022296016553124964,0
1780805321.8113804,FLY,spline,1,144,-22.717754415907542,-0.3732166358685237,-1.9362102452844367,-22.7216796875,-0.9142968654632568,-1.9822900295257568,0.003925271592457591,0.5410802295947331,0.04607978424132009,0.541094467367172,0.777733702546046,1.2,-1.1368335093227449,0.3433394172267748,0.17241698483418236,0.5273630023002625,-0.5020267367362976,0.37363165616989136,1.5586722450196022,-0.8632183064017602,-0.201214671335709,-0.18990802740838725,-0.3429078939043125,-0.03562948873502192,0.2998826421797816,-0.028899179368306296,-3.1094839572906494,-3.085730964800635,0.023752992490014613,0
1780805321.8223262,FLY,spline,1,144,-22.717754415907542,-0.3732166358685237,-1.9362102452844367,-22.71500015258789,-0.9209179282188416,-1.977138638496399,-0.002754263319651784,0.5477012923503178,0.04092839321196218,0.5477082175836349,0.7864886420005366,1.2,-1.1360840159023635,0.34807446314106816,0.16780130190262482,0.4654199481010437,-0.4682921767234802,0.36951467394828796,1.4845678561843907,-0.8216322126321599,-0.20171337204566314,-0.18075908677907518,-0.3266049283605659,-0.03818903139096674,0.30222876308135144,-0.028858836693897164,-3.1111903190612793,-3.085730964800635,0.025459354260644496,0
1780805321.8329887,FLY,spline,1,144,-22.717754415907542,-0.3732166358685237,-1.9362102452844367,-22.71500015258789,-0.9209179282188416,-1.977138638496399,-0.002754263319651784,0.5477012923503178,0.04092839321196218,0.5477082175836349,0.7864886420005366,1.2,-1.1360840159023635,0.34807446314106816,0.16780130190262482,0.4654199481010437,-0.4682921767234802,0.36951467394828796,1.5119819761234752,-0.8345439518234063,-0.20171337204566314,-0.18359966940114938,-0.3326360347471645,-0.03818903139096674,0.30226910575576055,-0.028818494019488033,-3.1111903190612793,-3.085730964800635,0.025459354260644496,0
1780805321.8435476,FLY,spline,1,144,-22.717754415907542,-0.3732166358685237,-1.9362102452844367,-22.711992263793945,-0.9240527153015137,-1.9745898246765137,-0.0057621521135970966,0.55083607943299,0.038379579392076923,0.5508662167914161,0.7905245637442316,1.2,-1.135729274313785,0.350302234063239,0.16555168460932843,0.404110312461853,-0.43456029891967773,0.36476394534111023,1.436497316100503,-0.7858089931051964,-0.1992122607317818,-0.1728779784831432,-0.3160294095421107,-0.042777754573644966,0.30639201138498257,-0.028778651567341676,-3.1142494678497314,-3.085730964800635,0.028518503049096644,0
1780805321.854165,FLY,spline,1,144,-22.717754415907542,-0.3732166358685237,-1.9362102452844367,-22.70472526550293,-0.9321874976158142,-1.9675195217132568,-0.013029150404612722,0.5589708617472905,0.03130927642882009,0.5591226905096721,0.8006084321512766,1.2,-1.1348205015313853,0.3560376327875774,0.15943535788235022,0.34065571427345276,-0.39933648705482483,0.35923582315444946,1.359815503068698,-0.7470352427065502,-0.19980046527209924,-0.16434775339544105,-0.2991594106751136,-0.043938614635290474,0.307619796006679,-0.028738691474287256,-3.115023374557495,-3.085730964800635,0.029292409756860316,0
1780805321.8649244,FLY,spline,1,144,-22.717754415907542,-0.3732166358685237,-1.9362102452844367,-22.702577590942383,-0.9348241686820984,-1.9650439023971558,-0.015176824965159597,0.5616075328135747,0.028833657112719013,0.5618125638760435,0.8037241677610051,1.2,-1.1345333020638921,0.35788068042871163,0.15733914034302857,0.30659088492393494,-0.3803107738494873,0.3561524450778961,1.3346765034583652,-0.7312656332584118,-0.19881330473486755,-0.16087843931685059,-0.29362883076084034,-0.0450715797231811,0.3087267462783285,-0.028698928813340283,-3.115778684616089,-3.085730964800635,0.030047719815454066,0
1780805321.8755019,FLY,spline,1,144,-22.717754415907542,-0.3732166358685237,-1.9362102452844367,-22.700702667236328,-0.9373339414596558,-1.9625927209854126,-0.017051748671214284,0.564117305591132,0.02638247570097585,0.5643749609968048,0.8065654060525298,1.2,-1.1342639528139946,0.35962485661516536,0.15529084921943576,0.23996727168560028,-0.3428809940814972,0.3495190441608429,1.2561012813700687,-0.682990765674243,-0.19422819494140714,-0.15025796844833347,-0.27634228190141513,-0.046979882030310005,0.310455623719404,-0.028660083174352,-3.117050886154175,-3.085730964800635,0.03131992135354,0
1780805321.88666,FLY,spline,1,144,-22.717754415907542,-0.3732166358685237,-1.9362102452844367,-22.696718215942383,-0.9436425566673279,-1.9558446407318115,-0.021036199965159597,0.5704259207988042,0.019634395447374775,0.5708136761046794,0.8131642607111739,1.2,-1.1336202732287126,0.36396449799299485,0.1497829106592813,0.17127428948879242,-0.30401933193206787,0.34223249554634094,1.1771173363387601,-0.6401809820211303,-0.19244958488705965,-0.14083981604464865,-0.2589658139945272,-0.04796979597073969,0.31148507731590874,-0.028621593257374588,-3.117710828781128,-3.085730964800635,0.03197986398049313,0
1780805321.8974204,FLY,spline,1,144,-22.717754415907542,-0.3732166358685237,-1.9362102452844367,-22.69577980041504,-0.945605456829071,-1.9534960985183716,-0.021974615492503347,0.5723888209605473,0.017285853233934834,0.5728104800775287,0.8149903943627054,1.2,-1.1334365257841623,0.36529808446334966,0.1479153525018123,0.1344301998615265,-0.28307512402534485,0.3382015824317932,1.1524720530628623,-0.6242978644902785,-0.1902862299299809,-0.13734553018786128,-0.2535438516738297,-0.04892287424069819,0.31248361536387365,-0.02858353601138859,-3.1183462142944336,-3.085730964800635,0.03261524949379879,0
1780805321.9078069,FLY,spline,1,144,-22.717754415907542,-0.3732166358685237,-1.9362102452844367,-22.69577980041504,-0.945605456829071,-1.9534960985183716,-0.021974615492503347,0.5723888209605473,0.017285853233934834,0.5728104800775287,0.8149903943627054,1.2,-1.1334365257841623,0.36529808446334966,0.1479153525018123,0.1344301998615265,-0.28307512402534485,0.3382015824317932,1.1836576848549902,-0.6381042382534398,-0.1902862299299809,-0.14038293241575675,-0.26040469066809785,-0.05171845128995356,0.3163355148562534,-0.028545478765402595,-3.1202099323272705,-3.085730964800635,0.034478967526635707,0
1780805321.9185078,FLY,spline,1,144,-22.717754415907542,-0.3732166358685237,-1.9362102452844367,-22.69480323791504,-0.9526171684265137,-1.9432909488677979,-0.022951177992503347,0.57940053255799,0.007080703583361103,0.5798549247007616,0.819717249736179,1.2,-1.1329171488160403,0.3699479725524187,0.14013290663826522,-0.03794744238257408,-0.18424437940120697,0.31848326325416565,0.9315432338467018,-0.4922895716138449,-0.17835035661590043,-0.10830370575504587,-0.2049395114462744,-0.052384712009252876,0.31646602775910354,-0.028509808694079413,-3.1206541061401367,-3.085730964800635,0.03492314133950192,0
1780805321.929578,FLY,spline,1,144,-22.717754415907542,-0.3732166358685237,-1.9362102452844367,-22.696170806884766,-0.9546972513198853,-1.9389697313308716,-0.021583609022776784,0.5814806154513615,0.0027594860464348336,0.5818810516971165,0.8198580637215812,1.2,-1.1328697238019196,0.3712547141683337,0.1370260051988333,-0.11795546859502792,-0.13797079026699066,0.3084539771080017,0.8506597135065574,-0.4427126284210861,-0.17142797190916842,-0.09739677825263894,-0.18714513697144264,-0.05304775407773432,0.31700654702005093,-0.02847552309969758,-3.121096134185791,-3.085730964800635,0.035365169385156214,0
1780805321.940374,FLY,spline,1,144,-22.717754415907542,-0.3732166358685237,-1.9362102452844367,-22.696170806884766,-0.9546972513198853,-1.9389697313308716,-0.021583609022776784,0.5814806154513615,0.0027594860464348336,0.5818810516971165,0.8198580637215812,1.2,-1.1328697238019196,0.3712547141683337,0.1370260051988333,-0.11795546859502792,-0.13797079026699066,0.3084539771080017,0.8971228198433938,-0.4681439196620729,-0.17142797190916842,-0.10299166232565604,-0.19736702036554665,-0.05426976850491938,0.31914210890346534,-0.028441237505315745,-3.121910810470581,-3.085730964800635,0.03617984566994625,0
1780805321.951286,FLY,spline,1,144,-22.717754415907542,-0.3732166358685237,-1.9362102452844367,-22.698671340942383,-0.9561132788658142,-1.934790015220642,-0.019083074965159597,0.5828966429972905,-0.0014202300637946585,0.5832089335458062,0.8187561069734444,1.2,-1.132944264882182,0.3720789666692129,0.1341437111196164,-0.1999170482158661,-0.09033199399709702,0.2980073392391205,0.799977527841466,-0.40876310359973234,-0.16386362811950408,-0.08992788279194111,-0.17599505612512253,-0.054645993022741646,0.3195131859010239,-0.028408464779691844,-3.122161626815796,-3.085730964800635,0.0364306620151611,0
1780805321.9619474,FLY,spline,1,144,-22.717754415907542,-0.3732166358685237,-1.9362102452844367,-22.70035171508789,-0.9565722346305847,-1.9327586889266968,-0.017402700819651784,0.583355598762061,-0.003451556357739971,0.5836151202657973,0.8177353968638991,1.2,-1.1330275692906164,0.37231049809918915,0.1327908891171776,-0.2414809912443161,-0.06609039008617401,0.2926807701587677,0.7715963468632044,-0.3904485505591682,-0.1598898810415901,-0.085898681123017,-0.16975119630990498,-0.05488488843900141,0.3201036817810033,-0.028376486803483526,-3.1223208904266357,-3.085730964800635,0.03658992562600094,0
1780805321.9723787,FLY,spline,1,144,-22.717754415907542,-0.3732166358685237,-1.9362102452844367,-22.70230484008789,-0.9568651914596558,-1.9307665824890137,-0.015449575819651784,0.583648555591132,-0.0054436627954230765,0.5838530001949308,0.8164117906871502,1.2,-1.1331418618531148,0.37242236583039373,0.131495636221695,-0.3235883116722107,-0.018057966604828835,0.2818005383014679,0.6753807355831176,-0.33063349089972666,-0.1503049020797729,-0.07273936799793987,-0.14858376182828587,-0.055204250125707954,0.32174239222021217,-0.02834642582306757,-3.1225337982177734,-3.085730964800635,0.036802833417138636,0
1780805321.982954,FLY,spline,1,144,-22.717754415907542,-0.3732166358685237,-1.9362102452844367,-22.706796646118164,-0.9569433331489563,-1.927099585533142,-0.010957769789378347,0.5837266972804326,-0.009110659751294659,0.5838295383386137,0.8130270952438292,1.2,-1.1334488245601846,0.3722905872932582,0.1292032535038373,-0.3640343248844147,0.005666758865118027,0.2763158977031708,0.6498761890096056,-0.3137998930760232,-0.14711264419933348,-0.0690359764767251,-0.14297276158211325,-0.05522141626340327,0.3223006111641947,-0.028317003294227705,-3.1225452423095703,-3.085730964800635,0.03681427750893551,0
1780805321.9937918,FLY,spline,1,144,-22.717754415907542,-0.3732166358685237,-1.9362102452844367,-22.71273422241211,-0.9563378691673279,-1.9233837127685547,-0.005020193495433034,0.5831212332988042,-0.012826532515882061,0.5831428427638035,0.8081500714953906,1.2,-1.1339043857665627,0.37165380928129865,0.12702082500934347,-0.45072153210639954,0.05663956701755524,0.2642183303833008,0.5472190354008036,-0.2488552410391302,-0.1371975053739573,-0.054748153028608644,-0.1203881877881768,-0.05516669919949946,0.32228454110006954,-0.028289563793152915,-3.1225087642669678,-3.085730964800635,0.03677779946633297,0
1780805322.0045533,FLY,spline,1,144,-22.717754415907542,-0.3732166358685237,-1.9362102452844367,-22.721952438354492,-0.9545702934265137,-1.9189306497573853,0.0041980224469497784,0.58135365755799,-0.017279595527051494,0.5813688145648318,0.8001111682626805,1.2,-1.1346711664386249,0.37012414021507756,0.12461727361349227,-0.5621356964111328,0.12238126248121262,0.24840758740901947,0.41120608523895635,-0.1616338229561052,-0.1237903137955272,-0.035559441050343144,-0.0904653387525704,-0.05505762269956049,0.32196115811071035,-0.02826480573039381,-3.122436046600342,-3.085730964800635,0.036705081799706996,0
1780805322.0154161,FLY,spline,1,144,-22.717754415907542,-0.3732166358685237,-1.9362102452844367,-22.721952438354492,-0.9545702934265137,-1.9189306497573853,0.0041980224469497784,0.58135365755799,-0.017279595527051494,0.5813688145648318,0.8001111682626805,1.2,-1.1346711664386249,0.37012414021507756,0.12461727361349227,-0.5621356964111328,0.12238126248121262,0.24840758740901947,0.4580880085249614,-0.1908911601293155,-0.1237903137955272,-0.04199605522844941,-0.10077936187549151,-0.054572679309667915,0.323708684353353,-0.028240047667634702,-3.12211275100708,-3.085730964800635,0.03638178620644528,0
1780805322.0262063,FLY,spline,1,144,-22.717754415907542,-0.3732166358685237,-1.9362102452844367,-22.730703353881836,-0.9523144364356995,-1.915615200996399,0.012948937974293528,0.5790978005671757,-0.020595044288037823,0.5792425550806869,0.7921539369504326,1.2,-1.1354414914407926,0.36829251861816736,0.12301723555906946,-0.651487410068512,0.17525522410869598,0.23580162227153778,0.35091854387107485,-0.12107774102202744,-0.11278438671246832,-0.026637103024846037,-0.07720207965163647,-0.05426261594754633,0.3234679968059611,-0.028217490790292208,-3.121906042098999,-3.085730964800635,0.03617507729836422,0
1780805322.037224,FLY,spline,1,144,-22.717754415907542,-0.3732166358685237,-1.9362102452844367,-22.746522903442383,-0.9474120736122131,-1.910864233970642,0.028768487534840403,0.5741954377436894,-0.02534601131379466,0.5749156691208801,0.7773132864550674,1.2,-1.1368968828933168,0.36443336639267376,0.1210528774014197,-0.7899579405784607,0.2574063837528229,0.21656623482704163,0.17318468189525016,-0.003779355404185781,-0.09551335742562192,-0.0008314581889208719,-0.03810063001695504,-0.052770592479528755,0.3236805246675172,-0.028198388118807084,-3.1209113597869873,-3.085730964800635,0.0351803949863525,0
1780805322.048098,FLY,spline,1,144,-22.717754415907542,-0.3732166358685237,-1.9362102452844367,-22.75847625732422,-0.9432714581489563,-1.90798819065094,0.04072184141667634,0.5700548222804326,-0.028222054633496807,0.5715074529466265,0.7658708800885973,1.2,-1.1380221684085061,0.3612220883268114,0.12010057083802225,-0.8811495900154114,0.31160980463027954,0.2040281593799591,0.0824721527235454,0.057891923688761754,-0.08392758854193685,0.012736223211527587,-0.018143873599179988,-0.052172638683142036,0.32321477740666577,-0.028181602601098695,-3.1205127239227295,-3.085730964800635,0.03478175912209469,0
1780805322.059061,FLY,spline,1,144,-22.717754415907542,-0.3732166358685237,-1.9362102452844367,-22.75847625732422,-0.9432714581489563,-1.90798819065094,0.04072184141667634,0.5700548222804326,-0.028222054633496807,0.5715074529466265,0.7658708800885973,1.2,-1.1380221684085061,0.3612220883268114,0.12010057083802225,-0.8811495900154114,0.31160980463027954,0.2040281593799591,0.13447319353636683,0.023953717427391403,-0.08392758854193685,0.005269817834026109,-0.029584102578000704,-0.05143735578519282,0.3235915404006379,-0.028164817083390307,-3.1200225353240967,-3.085730964800635,0.03429157052346188,0
1780805322.0696938,FLY,spline,1,144,-22.717754415907542,-0.3732166358685237,-1.9362102452844367,-22.75847625732422,-0.9432714581489563,-1.90798819065094,0.04072184141667634,0.5700548222804326,-0.028222054633496807,0.5715074529466265,0.7658708800885973,1.2,-1.1380221684085061,0.3612220883268114,0.12010057083802225,-0.8811495900154114,0.31160980463027954,0.2040281593799591,0.17085416567660655,0.00012714662357694775,-0.08392758854193685,2.7972257186928505e-05,-0.03758791644885344,-0.05057583024960932,0.32388814616917344,-0.02814803156568192,-3.119448184967041,-3.085730964800635,0.033717220166406214,0
1780805322.0809073,FLY,spline,1,145,-22.87357282587221,-0.3801242608992005,-1.9255477526128106,-22.7774600982666,-0.9361523389816284,-1.904213786125183,-0.09611272760560752,0.5560280780824279,-0.02133396648762753,0.5642737633665315,0.7474240055332655,1.2,-1.1399411176790721,0.3556011439791781,0.11866791742205243,-1.0106407403945923,0.38864538073539734,0.18651938438415527,-0.004674959986379153,0.12024624415982463,-0.06785146696210284,0.026454173715161417,0.0010284911970034137,-0.050491477820525654,0.32292638097874243,-0.0281344612722895,-3.1181931495666504,-3.0845321643529666,0.03366098521368377,0
1780805322.0912895,FLY,spline,1,145,-22.87357282587221,-0.3801242608992005,-1.9255477526128106,-22.78480339050293,-0.9332616925239563,-1.9029589891433716,-0.08876943536927939,0.5531374316247558,-0.022588763469439055,0.5602151648431272,0.7402236426177635,1.2,-1.1406497193799243,0.3533803900328115,0.11849269014904633,-1.0565139055252075,0.41593414545059204,0.18036842346191406,-0.035190440558950924,0.14212043029313365,-0.061875733312867734,0.0312664946644894,0.0077418969229692035,-0.04828097996438552,0.32267717945619134,-0.028122086125626927,-3.1167194843292236,-3.0845321643529666,0.03218731997625701,0
1780805322.1018116,FLY,spline,1,145,-22.87357282587221,-0.3801242608992005,-1.9255477526128106,-22.79245948791504,-0.9301854968070984,-1.9017480611801147,-0.08111333795717002,0.5500612359078979,-0.02379969143269589,0.5560096553505867,0.7326901342887551,1.2,-1.1413899885684706,0.35101918646964436,0.11838253556101705,-1.1024130582809448,0.44323065876960754,0.17420649528503418,-0.06987012117268993,0.1668998277862008,-0.05582395972401713,0.03671796211296418,0.015371426657991783,-0.04724528965676833,0.32233850235921907,-0.028110921333682124,-3.1160290241241455,-3.0845321643529666,0.03149685977117889,0
1780805322.1123712,FLY,spline,1,145,-22.87357282587221,-0.3801242608992005,-1.9255477526128106,-22.81558609008789,-0.9205566048622131,-1.8985742330551147,-0.057986735784318455,0.5404323439630127,-0.02697351955769589,0.5435343410754065,0.709800573966026,1.2,-1.1436324851082493,0.3436327692424664,0.11841139686653357,-1.2311129570007324,0.5197268724441528,0.15714937448501587,-0.23476530317850322,0.28400810523639175,-0.0387379776184823,0.062481783152006184,0.05164836669927071,-0.044165756079803,0.3212097581340535,-0.02810317373815843,-3.113976001739502,-3.0845321643529666,0.029443837386535332,0
1780805322.1229692,FLY,spline,1,145,-22.87357282587221,-0.3801242608992005,-1.9255477526128106,-22.824453353881836,-0.9167577624320984,-1.897524356842041,-0.04911947199037314,0.5366335015328979,-0.02802339577076962,0.5388768296151466,0.700989688584416,1.2,-1.1444905599880613,0.34071672976227013,0.11854732455149572,-1.276962161064148,0.5469602942466736,0.15121206641197205,-0.25949164634953625,0.30275776253687064,-0.032664741860476326,0.06660670775811155,0.057088162196897975,-0.042947675559173115,0.3207235459042121,-0.028096640789786333,-3.113163948059082,-3.0845321643529666,0.02863178370611541,0
1780805322.1338546,FLY,spline,1,145,-22.87357282587221,-0.3801242608992005,-1.9255477526128106,-22.8604679107666,-0.9008495807647705,-1.8939306735992432,-0.013104915105607517,0.52072531986557,-0.03161707901356747,0.5208901972095706,0.6651001996936098,1.2,-1.1479547068482716,0.328473971908386,0.1196028461351468,-1.4480946063995361,0.6484414339065552,0.1298999935388565,-0.4814404400766037,0.4656198979539907,-0.010297147403709711,0.10243637754987796,0.10591689681685282,-0.03920867619241286,0.3186164779048386,-0.02809458136030559,-3.110671281814575,-3.0845321643529666,0.026139117461608574,0
1780805322.1445088,FLY,spline,1,145,-22.87357282587221,-0.3801242608992005,-1.9255477526128106,-22.8604679107666,-0.9008495807647705,-1.8939306735992432,-0.013104915105607517,0.52072531986557,-0.03161707901356747,0.5208901972095706,0.6651001996936098,1.2,-1.1479547068482716,0.328473971908386,0.1196028461351468,-1.4480946063995361,0.6484414339065552,0.1298999935388565,-0.4240395584918747,0.42466205875758084,-0.010297147403709711,0.09342565292666778,0.09328870286821243,-0.03920867619241286,0.31861853733431933,-0.02809252193082485,-3.110671281814575,-3.0845321643529666,0.026139117461608574,0
1780805322.1551352,FLY,spline,1,145,-22.87357282587221,-0.3801242608992005,-1.9255477526128106,-22.870819091796875,-0.8961620926856995,-1.89306640625,-0.00275373407533408,0.516037831786499,-0.03248134636281064,0.5160451791134849,0.6547755955131833,1.2,-1.148939597407984,0.32485356636669654,0.12003317011067292,-1.4931999444961548,0.6751251220703125,0.12479133158922195,-0.4519606324619132,0.4476070633289165,-0.004758161478549031,0.09847355393236162,0.0994313391416209,-0.03599395928109694,0.31754701564960897,-0.02809157029852914,-3.1085281372070312,-3.0845321643529666,0.02399597285406463,0
1780805322.1657183,FLY,spline,1,145,-22.87357282587221,-0.3801242608992005,-1.9255477526128106,-22.88148307800293,-0.8912890553474426,-1.8922313451766968,0.007910252130720608,0.5111647944482421,-0.03331640743611386,0.5112259961818112,0.6441433000218516,1.2,-1.1499484447170372,0.32108237858690175,0.12051838305356026,-1.5377944707870483,0.7014696598052979,0.12031529098749161,-0.48367102331309325,0.47279614016377913,0.0002030920660686525,0.10401515083603141,0.10640762512888051,-0.03423121151650954,0.3167013331769687,-0.02809161091694235,-3.1073529720306396,-3.0845321643529666,0.022820807677673027,0
1780805322.176168,FLY,spline,1,145,-22.87357282587221,-0.3801242608992005,-1.9255477526128106,-22.910390853881836,-0.8779296875,-1.890200138092041,0.03681802800962686,0.4978054266007995,-0.03534761452076962,0.4991651129032573,0.6154097874970351,1.2,-1.152640683451644,0.3106978267698075,0.12200948853529861,-1.6508252620697021,0.7679996490478516,0.11067108064889908,-0.6220804897371894,0.5792013010041566,0.011338407886399532,0.12742428622091445,0.13685770774218167,-0.03139593777383376,0.3150145282713299,-0.028093878598519632,-3.1054627895355225,-3.0845321643529666,0.02093062518255584,0
1780805322.18678,FLY,spline,1,146,-23.029308094997344,-0.38721648706812917,-1.914002590778963,-22.93421745300293,-0.8667382597923279,-1.8887255191802979,-0.09509064199441397,0.4795217727241987,-0.025277071598665213,0.488859244273306,0.5918281989699091,1.2,-1.1549021043994527,0.3018475327102535,0.12283808957504966,-1.7366983890533447,0.8182802200317383,0.10460077226161957,-0.7093693182145909,0.6481568238513395,0.01823731731343009,0.1425945012472947,0.15606125000721,-0.03142058355955202,0.31393223043510854,-0.02809752606198232,-3.1042845249176025,-3.0833374692112345,0.020947055706368012,0
1780805322.1971288,FLY,spline,1,146,-23.029308094997344,-0.38721648706812917,-1.914002590778963,-22.93421745300293,-0.8667382597923279,-1.8887255191802979,-0.09509064199441397,0.4795217727241987,-0.025277071598665213,0.488859244273306,0.5918281989699091,1.2,-1.1549021043994527,0.3018475327102535,0.12283808957504966,-1.7366983890533447,0.8182802200317383,0.10460077226161957,-0.664486543486053,0.61580964812357,0.01823731731343009,0.1354781225871854,0.14618703956693166,-0.029688591791668717,0.3133962917870107,-0.028101173525445007,-3.1031298637390137,-3.0833374692112345,0.019792394527779145,0
1780805322.207813,FLY,spline,1,146,-23.029308094997344,-0.38721648706812917,-1.914002590778963,-22.98597526550293,-0.8420312404632568,-1.885927677154541,-0.04333282949441397,0.45481475339512767,-0.02807491362442205,0.4568743744377252,0.54115962252362,1.2,-1.159450677086221,0.2823341635463459,0.12633901811748097,-1.9046555757522583,0.9158012866973877,0.0972105860710144,-0.8847157384503741,0.7930525566866764,0.029128432046466562,0.17447156247106882,0.1946374624590823,-0.024122114016094987,0.31054578536549854,-0.028106999211854302,-3.099418878555298,-3.0833374692112345,0.016081409344063324,0
1780805322.2185118,FLY,spline,1,146,-23.029308094997344,-0.38721648706812917,-1.914002590778963,-22.98597526550293,-0.8420312404632568,-1.885927677154541,-0.04333282949441397,0.45481475339512767,-0.02807491362442205,0.4568743744377252,0.54115962252362,1.2,-1.159450677086221,0.2823341635463459,0.12633901811748097,-1.9046555757522583,0.9158012866973877,0.0972105860710144,-0.8327667802692573,0.7565133325319947,0.029128432046466562,0.16643293315703883,0.18320869165923662,-0.020380253626385514,0.30907822659100675,-0.028112824898263597,-3.096924304962158,-3.0833374692112345,0.013586835750923676,0
1780805322.2290602,FLY,spline,1,146,-23.029308094997344,-0.38721648706812917,-1.914002590778963,-22.99949073791504,-0.8355078101158142,-1.8852636814117432,-0.029817357082304596,0.44829132304768504,-0.0287389093672199,0.4492818548564115,0.5280961647453762,1.2,-1.1605975018029513,0.27714061587578787,0.12730482253527317,-1.9451904296875,0.9391295909881592,0.09586707502603531,-0.8587094896357602,0.7777962575340128,0.03143774750923786,0.17111517665748283,0.18891608771986726,-0.020380253626385514,0.3088871938044832,-0.028119112447765444,-3.096924304962158,-3.0833374692112345,0.013586835750923676,0
1780805322.2393224,FLY,spline,1,146,-23.029308094997344,-0.38721648706812917,-1.914002590778963,-23.013280868530273,-0.8288280963897705,-1.8846044540405273,-0.01602722646707022,0.44161160932164134,-0.02939813673843572,0.44190234834845216,0.5148573474627817,1.2,-1.1617488160743739,0.27180442922237197,0.12830448396252978,-2.015866756439209,0.979578971862793,0.09478175640106201,-0.9324743650290277,0.8346060885392402,0.03352272756146776,0.18361333947863284,0.20514436030638608,-0.015419239832440201,0.3066007709713277,-0.02812581699327774,-3.0936169624328613,-3.0833374692112345,0.010279493221626801,0
1780805322.249892,FLY,spline,1,146,-23.029308094997344,-0.38721648706812917,-1.914002590778963,-23.0498046875,-0.81103515625,-1.8829199075698853,0.02049659250265634,0.42381866918187083,-0.03108268320907781,0.42431400477866865,0.4803091321054301,1.2,-1.1647027083810193,0.25750062630287107,0.13100010894479042,-2.0848028659820557,1.0187221765518188,0.09494778513908386,-0.998690668366271,0.9003554874585845,0.036052323805706554,0.1980782072408886,0.2197119470405796,-0.013505215479412858,0.30552212055729766,-0.02813302745803888,-3.0923409461975098,-3.0833374692112345,0.009003476986275238,0
1780805322.260528,FLY,spline,1,146,-23.029308094997344,-0.38721648706812917,-1.914002590778963,-23.064531326293945,-0.8038085699081421,-1.8822606801986694,0.035223231296601654,0.4165920828400129,-0.03174191058029363,0.41807850878507746,0.4666121696987386,1.2,-1.165855197595552,0.25165556664105776,0.13210274038794254,-2.12296986579895,1.0402508974075317,0.09519799798727036,-1.0193830865764384,0.9198622036921645,0.03690474240067218,0.2023696848122762,0.22426427904681645,-0.011631960703411881,0.3045723089706733,-0.028140408406519015,-3.091092109680176,-3.0833374692112345,0.007754640468941254,0
1780805322.2712908,FLY,spline,1,146,-23.029308094997344,-0.38721648706812917,-1.914002590778963,-23.07699203491211,-0.7703613042831421,-1.8839305639266968,0.047683939914765716,0.3831448172150129,-0.030072026852266287,0.38610064631455965,0.431433215237352,1.2,-1.1706156770672251,0.2266879015703856,0.13517223045454912,-0.6355578303337097,1.625475525856018,-0.1134321540594101,1.3401562650917458,1.831039536556515,0.24860438451395922,0.4028286980424333,-0.29483437832018405,-0.0997272442038093,0.2842422455114935,-0.028190129283421808,3.1333630084991455,-3.0833374692112345,0.0664848294692062,0
1780805322.2819872,FLY,spline,1,146,-23.029308094997344,-0.38721648706812917,-1.914002590778963,-23.07699203491211,-0.7703613042831421,-1.8839305639266968,0.047683939914765716,0.3831448172150129,-0.030072026852266287,0.38610064631455965,0.431433215237352,1.2,-1.1706156770672251,0.2266879015703856,0.13517223045454912,-0.6355578303337097,1.625475525856018,-0.1134321540594101,0.8237578825426563,1.8492980537441466,0.24860438451395922,0.4068455718237122,-0.18122673415938437,-0.3285160968954597,0.2787132243401923,-0.0282398501603246,2.980837106704712,-3.0833374692112345,0.2190107312636398,0
1780805322.2928622,FLY,spline,1,146,-23.029308094997344,-0.38721648706812917,-1.914002590778963,-23.08660125732422,-0.7482812404632568,-1.885927677154541,0.05729316232687509,0.36106475339512767,-0.02807491362442205,0.3655820873534397,0.4075292417790167,1.2,-1.1734039014657534,0.20994491656097689,0.1380087534729338,-0.6722217202186584,1.5329598188400269,-0.11852262914180756,0.5599630141950152,1.6332938305162192,0.25653138261474134,0.35932464271356823,-0.12319186312290334,-0.3968970487768684,0.2823639990836006,-0.02829115643684755,2.9352498054504395,-3.0833374692112345,0.26459803251791225,0
1780805322.3033283,FLY,spline,1,146,-23.029308094997344,-0.38721648706812917,-1.914002590778963,-23.08660125732422,-0.7482812404632568,-1.885927677154541,0.05729316232687509,0.36106475339512767,-0.02807491362442205,0.3655820873534397,0.4075292417790167,1.2,-1.1734039014657534,0.20994491656097689,0.1380087534729338,-0.6722217202186584,1.5329598188400269,-0.11852262914180756,0.38228961778784826,1.582769411277941,0.25653138261474134,0.348209270481147,-0.08410371591332662,-0.46892365915131906,0.29240158473706435,-0.028342462713370497,2.8872320652008057,-3.0833374692112345,0.31261577276754604,0
1780805322.3139608,FLY,spline,1,147,-23.184959065813686,-0.394495884353492,-1.9015624714486479,-23.09894561767578,-0.7217968702316284,-1.8871581554412842,-0.0860134481379049,0.32730098587813644,-0.014404316007363693,0.33841431503021874,0.378482493692596,1.2,-1.1766278542324313,0.18960201391109674,0.13999274611650628,-0.723149299621582,1.3626363277435303,-0.12521089613437653,0.14979195748698898,1.3045531359376314,0.2652036422508828,0.28700168990627895,-0.032954230647137574,-0.6446913831516481,0.32216019913104743,-0.028395503441820673,2.77124285697937,-3.0821481947657836,0.42979425543443206,0
1780805322.3248475,FLY,spline,1,147,-23.184959065813686,-0.394495884353492,-1.9015624714486479,-23.103788375854492,-0.7128027081489563,-1.888159155845642,-0.08117068995919396,0.3183068237954643,-0.013403315603005783,0.32849340173465946,0.3682753877104925,1.2,-1.1775636435288006,0.18262509386483777,0.14139285883676944,-0.7381357550621033,1.3110811710357666,-0.15195606648921967,0.06998053259036469,1.2187349136958299,0.2933489253259891,0.2681216810130826,-0.015395717169880231,-0.6929682843967653,0.3288128058763605,-0.02845417322688587,2.739058256149292,-3.0821481947657836,0.4619788562645102,0
1780805322.3352287,FLY,spline,1,147,-23.184959065813686,-0.394495884353492,-1.9015624714486479,-23.108827590942383,-0.7040917873382568,-1.8894823789596558,-0.07613147487130334,0.30959590298476486,-0.012080092488992111,0.3188191095449453,0.3582058165013636,1.2,-1.1783963304188751,0.17583190029968795,0.1430567415130455,-0.7440134286880493,1.2612950801849365,-0.1935458779335022,0.024297448789079024,1.1509480259458562,0.3366026194465477,0.25320856570808836,-0.005345438733597385,-0.735837852267859,0.3333263152631808,-0.02852149375077518,2.7104785442352295,-3.0821481947657836,0.4905585681785727,0
1780805322.3459742,FLY,spline,1,147,-23.184959065813686,-0.394495884353492,-1.9015624714486479,-23.1212100982666,-0.6830175518989563,-1.8939940929412842,-0.06374896754708459,0.2885216675454643,-0.007568378507363693,0.2954804282969258,0.3337689184982313,1.2,-1.1801208240958019,0.15930572742845833,0.14810984350790216,-0.5473062992095947,0.9590831398963928,-0.23386888206005096,0.4286008071637918,0.8990498980897024,0.3819787255679531,0.19779097757973452,-0.0942921775760342,-0.8207387082859254,0.35780335255320533,-0.028597889495888772,2.6538779735565186,-3.0821481947657836,0.5471591388572836,0
1780805322.3565273,FLY,spline,1,147,-23.184959065813686,-0.394495884353492,-1.9015624714486479,-23.12449073791504,-0.6771679520606995,-1.8956639766693115,-0.06046832789864709,0.2826720677072075,-0.00589849477933635,0.2890673218140134,0.32708451684947876,1.2,-1.1805171262682468,0.1547058841406719,0.1498179028007443,-0.47863927483558655,0.8442279696464539,-0.2411578893661499,0.5091920144594378,0.8427166024782093,0.3909757921668942,0.18539765254520604,-0.11202224318107633,-0.8681683891102052,0.37430159485394476,-0.02867608465432215,2.622258186340332,-3.0821481947657836,0.5787789260734701,0
1780805322.3669019,FLY,spline,1,147,-23.184959065813686,-0.394495884353492,-1.9015624714486479,-23.127344131469727,-0.6721386313438416,-1.8973582983016968,-0.05761493434395959,0.2776427469903496,-0.004204173146951096,0.2835577112614045,0.3213319675092784,1.2,-1.1808163129558842,0.1507437700070347,0.15148977147430606,-0.4149457514286041,0.7258223295211792,-0.24448412656784058,0.5688383429588305,0.801748206555294,0.39597389804214667,0.1763846054421647,-0.12514443545094273,-0.959043418674109,0.4105634576009518,-0.02875527943393058,2.5616748332977295,-3.0821481947657836,0.6393622791160727,0
1780805322.3776057,FLY,spline,1,147,-23.184959065813686,-0.394495884353492,-1.9015624714486479,-23.133203506469727,-0.6626660227775574,-1.9019677639007568,-0.05175555934395959,0.2681701384240654,0.0004052924521089629,0.2731187673254779,0.3103099336144394,1.2,-1.1811899795992056,0.14324996812495996,0.15578728679396814,-0.2627020478248596,0.3774220049381256,-0.23466937243938446,0.9602026475895883,0.5788391003149155,0.3904566592333526,0.12734460206928142,-0.21124458246970942,-1.0659838073536134,0.4613785326983458,-0.02883337076577725,2.4903812408447266,-3.0821481947657836,0.7106558715690756,0
1780805322.3880403,FLY,spline,1,147,-23.184959065813686,-0.394495884353492,-1.9015624714486479,-23.134687423706055,-0.6609570384025574,-1.9035253524780273,-0.050271642107631465,0.2664611540490654,0.0019628810293794707,0.2711619158682826,0.308129638660434,1.2,-1.1811721122144836,0.1418808509873306,0.15716954364598232,-0.21970929205417633,0.24750174582004547,-0.2241632044315338,1.0171188316493511,0.527848234750075,0.38133274807751616,0.1161266116450165,-0.22376614296285724,-1.0977751367374635,0.47889573157065457,-0.028909637315392755,2.469187021255493,-3.0821481947657836,0.731850091158309,0
1780805322.398314,FLY,spline,1,147,-23.184959065813686,-0.394495884353492,-1.9015624714486479,-23.135976791381836,-0.6601366996765137,-1.904995083808899,-0.048982274431850215,0.2656408153230217,0.0034326123602510528,0.2701190588869967,0.3068110294308414,1.2,-1.1810820164013955,0.14120199860011518,0.158452725203912,-0.19143158197402954,0.11957056820392609,-0.2102678120136261,1.080001466090119,0.4427497316293635,0.36872053721753806,0.09740494095845997,-0.23760032253982616,-1.0977751367374635,0.4798309643320093,-0.02898338142283626,2.469187021255493,-3.0821481947657836,0.731850091158309,0
1780805322.4093215,FLY,spline,1,147,-23.184959065813686,-0.394495884353492,-1.9015624714486479,-23.139413833618164,-0.65966796875,-1.909975528717041,-0.04554523219552209,0.265172084396508,0.008413057268393143,0.26905501764310735,0.30486424176966054,1.2,-1.180565840864873,0.14071804370952976,0.1626736842810727,-0.11691366136074066,0.012049911543726921,-0.1651594489812851,1.1659739029187046,0.49492944645562026,0.3278331332623578,0.10888447822023646,-0.256514258642115,-1.1809554450794435,0.5047244012895227,-0.029048948049488734,2.41373348236084,-3.0821481947657836,0.7873036300529623,0
1780805322.4198968,FLY,spline,1,147,-23.184959065813686,-0.394495884353492,-1.9015624714486479,-23.140193939208984,-0.6595898270606995,-1.9110448360443115,-0.04476512660470178,0.2650939427072075,0.00948236459566365,0.2688470104352793,0.3044577501264569,1.2,-1.1804506341278402,0.14062929247345643,0.16358393101278404,-0.11317001283168793,0.011771343648433685,-0.15559740364551544,1.077566800000144,0.5476871026954068,0.31918133465829945,0.12049116259298949,-0.23706469600003166,-1.2005663268848634,0.5053527089109157,-0.029112784316420393,2.4006595611572266,-3.0821481947657836,0.8003775512565756,0
1780805322.4303017,FLY,spline,1,147,-23.184959065813686,-0.394495884353492,-1.9015624714486479,-23.140193939208984,-0.6595898270606995,-1.9110448360443115,-0.04476512660470178,0.2650939427072075,0.00948236459566365,0.2688470104352793,0.3044577501264569,1.2,-1.1804506341278402,0.14062929247345643,0.16358393101278404,-0.11317001283168793,0.011771343648433685,-0.15559740364551544,1.0091548633935021,0.5840920106322279,0.31918133465829945,0.12850024233909016,-0.22201406994657047,-1.2199912421985841,0.505288872643984,-0.02917662058335205,2.387709617614746,-3.0821481947657836,0.8133274947990561,0
1780805322.441271,FLY,spline,1,147,-23.184959065813686,-0.394495884353492,-1.9015624714486479,-23.141016006469727,-0.6595410108566284,-1.9120800495147705,-0.04394305934395959,0.26504512650313644,0.010517578066122635,0.2686631935110769,0.30405761586558266,1.2,-1.18033539510692,0.14056091337753016,0.1644718355472005,-0.11639414727687836,0.006081128027290106,-0.14703264832496643,0.9540033775841172,0.6128913386188166,0.3115044838721669,0.13483609449613965,-0.2098807430685058,-1.2562947624012208,0.5058407198101001,-0.029238921480126485,2.3635072708129883,-3.0821481947657836,0.8375298416008139,0
1780805322.4520085,FLY,spline,1,147,-23.184959065813686,-0.394495884353492,-1.9015624714486479,-23.143436431884766,-0.6595410108566284,-1.91494619846344,-0.04152263392892053,0.26504512650313644,0.013383727014792068,0.26827793090647384,0.30301925968910093,1.2,-1.1799993692670014,0.14046858460784217,0.16694329955930565,-0.12368171662092209,0.00671274634078145,-0.1480872631072998,0.9049935853025939,0.6296778668388663,0.31503056266660545,0.13852913070455058,-0.19909858876657066,-1.2778779619022584,0.5054956273940118,-0.029301927592659805,2.34911847114563,-3.0821481947657836,0.8519186412681723,0
1780805322.4626772,FLY,spline,1,147,-23.184959065813686,-0.394495884353492,-1.9015624714486479,-23.14437484741211,-0.6595507860183716,-1.9159520864486694,-0.04058421840157678,0.2650549016648796,0.01438961500002156,0.2681439532785438,0.3026282502966959,1.2,-1.1798784863872436,0.14043954973329964,0.16781981477541583,-0.13429267704486847,-0.0014853250468149781,-0.14569582045078278,0.8726587572425212,0.6297351350745823,0.31351563522619863,0.13854172971640813,-0.19198492659335467,-1.2998981826587892,0.5055541184621991,-0.029364630719705045,2.3344383239746094,-3.0821481947657836,0.8665987884391928,0
1780805322.4733815,FLY,spline,1,147,-23.184959065813686,-0.394495884353492,-1.9015624714486479,-23.145389556884766,-0.6596093773841858,-1.9169237613677979,-0.03956950892892053,0.2651134930306938,0.015361289919149979,0.2680502009396965,0.3022435865375322,1.2,-1.179755638612096,0.14044434321004515,0.16867726468989333,-0.14699041843414307,-0.008072765544056892,-0.14596639573574066,0.8230861484139207,0.6539408226306055,0.31464366042563396,0.1438669809787332,-0.18107895265106255,-1.3681357257648683,0.5054009477141591,-0.02942755945179017,2.2889466285705566,-3.0821481947657836,0.9120904838432455,0
1780805322.4841802,FLY,spline,1,147,-23.184959065813686,-0.394495884353492,-1.9015624714486479,-23.14726448059082,-0.6596581935882568,-1.9187792539596558,-0.03769458522286584,0.26516230923476486,0.01721678251100789,0.26782817625081373,0.30150290869144136,1.2,-1.1795256227136046,0.14040763473939274,0.17030854784470628,-0.15204136073589325,0.004664234817028046,-0.14990530908107758,0.7801811723665032,0.6833130173657823,0.32021385692578386,0.15032886382047211,-0.17163985792063072,-1.3957485311313844,0.5048912892227619,-0.029491602223175328,2.270538091659546,-3.0821481947657836,0.9304990207542563,0
1780805322.4949038,FLY,spline,1,147,-23.184959065813686,-0.394495884353492,-1.9015624714486479,-23.149492263793945,-0.6596874594688416,-1.9208544492721558,-0.03546680201974084,0.2651915751153496,0.01929197782350789,0.2675527341621976,0.30061325267096345,1.2,-1.1792666829581124,0.14034090094940024,0.1721468035883366,-0.15856875479221344,0.004965932108461857,-0.1539028286933899,0.7548858865837063,0.6948959876160639,0.32604963228172645,0.15287711727553405,-0.16607489504841538,-1.425132309703467,0.5043592172678303,-0.029556812149631673,2.250948905944824,-3.0821481947657836,0.950088206468978,0
1780805322.5056634,FLY,spline,1,147,-23.184959065813686,-0.394495884353492,-1.9015624714486479,-23.150663375854492,-0.6597949266433716,-1.9218652248382568,-0.034295689959193965,0.2652990422898796,0.020302753389608963,0.26750659092759654,0.3002286154122636,1.2,-1.1791303173452998,0.14037605713720486,0.1730498694012354,-0.16188587248325348,-0.004649386275559664,-0.1591983139514923,0.7468264236123773,0.7004889841646978,0.3322481833527277,0.15410757651623352,-0.164301813194723,-1.4560470931812501,0.5037968835454796,-0.02962326178630222,2.2303390502929688,-3.0821481947657836,0.9706980621208334,0
1780805322.516454,FLY,spline,1,147,-23.184959065813686,-0.394495884353492,-1.9015624714486479,-23.152851104736328,-0.6599316000938416,-1.9238085746765137,-0.03210796107735803,0.2654357157403496,0.0222461032278658,0.26737060488231834,0.29948048240309166,1.2,-1.178873147611717,0.14039252856762927,0.17477997529016465,-0.18070583045482635,-0.011421460658311844,-0.14347654581069946,0.6888894049508063,0.7201537465793091,0.3182565211008641,0.158433824247448,-0.1515556690891774,-1.5,0.5048525652214085,-0.02968691309052239,2.1655962467193604,-3.0821481947657836,1.0354408656944418,0
1780805322.5269241,FLY,spline,1,147,-23.184959065813686,-0.394495884353492,-1.9015624714486479,-23.154062271118164,-0.6599901914596558,-1.9248974323272705,-0.03089679469552209,0.2654943071061638,0.023334960878622635,0.26728606216606066,0.29906441863249816,1.2,-1.1787297271245845,0.14038845910749412,0.17574786184254387,-0.17137403786182404,-0.003994550555944443,-0.15766985714435577,0.6673877959815784,0.7622742308450138,0.33341771898689965,0.16770033078590305,-0.14682531511594724,-1.5,0.5035729858467283,-0.02975359663431977,2.1407358646392822,-3.0821481947657836,1.06030124777452,0
1780805322.5376222,FLY,spline,1,147,-23.184959065813686,-0.394495884353492,-1.9015624714486479,-23.157264709472656,-0.659960925579071,-1.9275829792022705,-0.027694356341029902,0.26546504122557907,0.026020507753622635,0.26690572396642664,0.29782040647136043,1.2,-1.1783858980275919,0.14023473471540338,0.1781597443560308,-0.18353420495986938,-0.0013308876659721136,-0.1416240781545639,0.5990048921792468,0.793294322305336,0.3197838225105947,0.17452475090717393,-0.1317810762794343,-1.5,0.5045997408003307,-0.02981755339882189,2.0719478130340576,-3.0821481947657836,1.1290892993797446,0
1780805322.5481503,FLY,spline,1,147,-23.184959065813686,-0.394495884353492,-1.9015624714486479,-23.158554077148438,-0.6599804759025574,-1.928554654121399,-0.026404988665248652,0.2654845915490654,0.026992182672751053,0.26679447478609075,0.2973485587844056,1.2,-1.1782562000205792,0.1401962473300454,0.17904563481871671,-0.18405824899673462,-0.0013530610594898462,-0.14028844237327576,0.5769893858085167,0.8121582098126667,0.31933407719199247,0.17867480615878667,-0.12693766487787367,-1.5,0.5045718536103804,-0.02988142021426029,2.0440568923950195,-3.0821481947657836,1.1569802200187826,0
1780805322.5590088,FLY,spline,1,147,-23.184959065813686,-0.394495884353492,-1.9015624714486479,-23.1611328125,-0.6599999666213989,-1.9304393529891968,-0.023826253313686152,0.26550408226790695,0.028876881540548904,0.2665710187696544,0.296404167449303,1.2,-1.1780035600281775,0.14010369439152218,0.18077214215355933,-0.18787355720996857,-0.0009407643228769302,-0.13361424207687378,0.5503927302820228,0.825409520432297,0.3143863842304331,0.18159009449510533,-0.12108640066204503,-1.5,0.504904791770459,-0.029944297491106376,2.015238046646118,-3.0821481947657836,1.185799065767684,0
1780805322.5697858,FLY,spline,1,147,-23.184959065813686,-0.394495884353492,-1.9015624714486479,-23.1611328125,-0.6599999666213989,-1.9304393529891968,-0.023826253313686152,0.26550408226790695,0.028876881540548904,0.2665710187696544,0.296404167449303,1.2,-1.1780035600281775,0.14010369439152218,0.18077214215355933,-0.18787355720996857,-0.0009407643228769302,-0.13361424207687378,0.5264894914718395,0.84370177037395,0.3143863842304331,0.185614389482269,-0.1158276881238047,-1.5,0.5048419144936129,-0.030007174767952463,1.9856841564178467,-3.0821481947657836,1.2153529559959555,0
1780805322.5807202,FLY,spline,1,147,-23.184959065813686,-0.394495884353492,-1.9015624714486479,-23.16472625732422,-0.6600390672683716,-1.9334765672683716,-0.020232808489467402,0.2655431829148796,0.03191409581972371,0.2663128771425382,0.2952088122839562,1.2,-1.1775967655974746,0.13998522212959624,0.18349385613609515,-0.16351424157619476,-0.006324845366179943,-0.1624872237443924,0.47734342393844553,0.9187130895135398,0.34598107988048754,0.20211687969297876,-0.10501555326645802,-1.5,0.5022451426256325,-0.03007637098392856,1.9046337604522705,-3.0821481947657836,1.2964033519615317,0
1780805322.5910497,FLY,spline,1,147,-23.184959065813686,-0.394495884353492,-1.9015624714486479,-23.167186737060547,-0.6601171493530273,-1.9355517625808716,-0.017772328753139277,0.26562126499953537,0.03398929113222371,0.2662151612685932,0.2944755928569494,1.2,-1.1773106339570714,0.1399431058231174,0.18535263230981713,-0.1788124293088913,-0.0032202654983848333,-0.14974668622016907,0.43472525400409084,0.907997162187044,0.3350993185299862,0.19975937568114968,-0.09563955588089999,-1.5,0.5030486636699667,-0.03014339084763456,1.8739594221115112,-3.0821481947657836,1.327077690302291,0
1780805322.6020079,FLY,spline,1,147,-23.184959065813686,-0.394495884353492,-1.9015624714486479,-23.167186737060547,-0.6601171493530273,-1.9355517625808716,-0.017772328753139277,0.26562126499953537,0.03398929113222371,0.2662151612685932,0.2944755928569494,1.2,-1.1773106339570714,0.1399431058231174,0.18535263230981713,-0.1788124293088913,-0.0032202654983848333,-0.14974668622016907,0.4062021057792524,0.9217692542538702,0.3350993185299862,0.20278923593585146,-0.08936446327143553,-1.5,0.5029816438062606,-0.030210410711340556,1.842795968055725,-3.0821481947657836,1.358241144358077,0
1780805322.6128778,FLY,spline,1,147,-23.184959065813686,-0.394495884353492,-1.9015624714486479,-23.170936584472656,-0.6601366996765137,-1.938295841217041,-0.014022481341029902,0.2656408153230217,0.03673336976839314,0.26601066284726116,0.2932679175795996,1.2,-1.1769295753143172,0.1398001161245882,0.18786352035989415,-0.19773858785629272,0.0038445007521659136,-0.11060381680727005,0.3290968620765571,0.9183441359009599,0.2984673371671642,0.20203570989821118,-0.07240130965684256,-1.5,0.5058525088478529,-0.030270104178773988,1.7792167663574219,-3.0821481947657836,1.4218203460563803,0
1780805322.6234813,FLY,spline,1,147,-23.184959065813686,-0.394495884353492,-1.9015624714486479,-23.17234230041504,-0.6601660251617432,-1.93896484375,-0.01261676539864709,0.2656701408082512,0.03740237230135213,0.26596955932249183,0.2927945000478426,1.2,-1.1768279944016153,0.13976182288889089,0.1885271981848932,-0.20258931815624237,-0.00482161296531558,-0.09772544354200363,0.31136729603167385,0.9224520686635089,0.2862526417268968,0.20293945510597197,-0.06850080512696825,-1.5,0.5067724339547289,-0.030327354707119367,1.74480402469635,-3.0821481947657836,1.456233087717452,0
1780805322.6342564,FLY,spline,1,147,-23.184959065813686,-0.394495884353492,-1.9015624714486479,-23.173749923706055,-0.66015625,-1.939663052558899,-0.011209142107631465,0.265660365646508,0.03810058111025105,0.26589673699055694,0.2922977490493793,1.2,-1.1767258652350092,0.13969345698837946,0.18921410138135622,-0.20276348292827606,-0.001713123288936913,-0.0937899649143219,0.22017392627857307,0.9506308452322739,0.2830040662956781,0.20913878595110028,-0.04843826378128608,-1.5,0.5069757191759673,-0.0303839555203785,1.6532162427902222,-3.0821481947657836,1.54782086962358,0
1780805322.6451592,FLY,spline,1,147,-23.184959065813686,-0.394495884353492,-1.9015624714486479,-23.178945541381836,-0.6601952910423279,-1.94192373752594,-0.006013524431850215,0.2656994066888359,0.04036126607729207,0.26576744945702413,0.2905431391192457,1.2,-1.1763786288443514,0.13949726654903863,0.19150413630945495,-0.21501801908016205,-0.00043248882866464555,-0.08996862173080444,0.1475207948219637,0.9465897357888061,0.2814727580402594,0.20824974187353734,-0.03245457486083202,-1.5,0.5070419292847927,-0.030440250071986554,1.5799245834350586,-3.0821481947657836,1.6211125289787436,0
1780805322.6559584,FLY,spline,1,147,-23.184959065813686,-0.394495884353492,-1.9015624714486479,-23.18046760559082,-0.6601855158805847,-1.9425292015075684,-0.00449146022286584,0.26568963152709274,0.040966730058920486,0.2657275926883317,0.2900191299662249,1.2,-1.1762851184606844,0.13942317413106417,0.19213146177332,-0.21728722751140594,0.002029291121289134,-0.08953579515218735,0.1068711755399055,0.9517556009424295,0.2816672569255073,0.2093862322073345,-0.02351165861877921,-1.5,0.5069700359225877,-0.030496583523371656,1.54104745388031,-3.0821481947657836,1.6599896585334921,0
1780805322.666469,FLY,spline,1,147,-23.184959065813686,-0.394495884353492,-1.9015624714486479,-23.18046760559082,-0.6601855158805847,-1.9425292015075684,-0.00449146022286584,0.26568963152709274,0.040966730058920486,0.2657275926883317,0.2900191299662249,1.2,-1.1762851184606844,0.13942317413106417,0.19213146177332,-0.21728722751140594,0.002029291121289134,-0.08953579515218735,0.10745228061758652,0.9550270041137725,0.2816672569255073,0.21010594090502996,-0.023639501735869036,-1.5,0.5069137024712027,-0.030552916974756757,1.54104745388031,-3.0821481947657836,1.6599896585334921,0
1780805322.6771095,FLY,spline,1,147,-23.184959065813686,-0.394495884353492,-1.9015624714486479,-23.18230438232422,-0.6605468392372131,-1.9428808689117432,-0.002654683489467402,0.26605095488372116,0.04131839746309529,0.2660641989050182,0.2896666037307476,1.2,-1.1761867413598501,0.13961915140693257,0.19259086689068364,-0.059851035475730896,0.02152278833091259,-0.02803427167236805,0.007045829732056169,1.2100052817438196,0.2206251385630517,0.2662011619836403,-0.0015500825410523571,-1.5,0.5117529469124865,-0.030597042002469366,1.4893946647644043,-3.0821481947657836,1.7116424476493979,0
1780805322.6875823,FLY,spline,1,147,-23.184959065813686,-0.394495884353492,-1.9015624714486479,-23.18242073059082,-0.6601464748382568,-1.9432616233825684,-0.0025383352228658396,0.26565059048476486,0.041699151933920486,0.2656627173139052,0.28932718204155355,1.2,-1.1761726210494188,0.13930750526055702,0.19290252583058698,-0.0038059232756495476,0.0014377968618646264,-0.0004116725758649409,0.03681235683454723,1.2756143267363877,0.19331419840645192,0.28063515188200533,-0.00809871850360039,-1.5,0.5138991592853333,-0.030635704842150658,1.4890474081039429,-3.0821481947657836,1.7119897043098593,0
1780805322.6982965,FLY,spline,1,147,-23.184959065813686,-0.394495884353492,-1.9015624714486479,-23.18242073059082,-0.6601660251617432,-1.9431688785552979,-0.0025383352228658396,0.2656701408082512,0.04160640710664998,0.2656822667450345,0.28932833715049244,1.2,-1.1761826358846597,0.13932219354108916,0.1928308414914823,-0.0007210922194644809,-0.001864443183876574,0.005625109653919935,0.043156546872191934,1.2522115006442958,0.18720573183756237,0.27548653014174507,-0.009494440311882225,-1.5,0.5143503954644769,-0.03067314598851817,1.4890474081039429,-3.0821481947657836,1.7119897043098593,0
1780805322.70922,FLY,spline,1,147,-23.184959065813686,-0.394495884353492,-1.9015624714486479,-23.18242073059082,-0.6601660251617432,-1.9431688785552979,-0.0025383352228658396,0.2656701408082512,0.04160640710664998,0.2656822667450345,0.28932833715049244,1.2,-1.1761826358846597,0.13932219354108916,0.1928308414914823,-0.0007210922194644809,-0.001864443183876574,0.005625109653919935,0.0434595844247022,1.2314735189330588,0.18720573183756237,0.2709241741652729,-0.009561108573434484,-1.5,0.5143129543181093,-0.03071058713488568,1.4889103174209595,-3.0821481947657836,1.7121267949928427,0
1780805322.7198443,FLY,spline,1,147,-23.184959065813686,-0.394495884353492,-1.9015624714486479,-23.18242073059082,-0.660205066204071,-1.9429980516433716,-0.0025383352228658396,0.26570918185057907,0.04143558019472371,0.2657213060057619,0.28933327311195456,1.2,-1.1762008022707853,0.13935157695003642,0.19269875645447007,-0.0006737709045410156,-0.0019394595874473453,0.006109275855123997,0.0438887057675026,1.2170730948584643,0.18658948059934607,0.26775608086886216,-0.009655515268850572,-1.5,0.5143249365210468,-0.030747905031005548,1.4888601303100586,-3.0821481947657836,1.7121769821037436,0
1780805322.73034,FLY,spline,1,147,-23.184959065813686,-0.394495884353492,-1.9015624714486479,-23.18242073059082,-0.6602246165275574,-1.942934513092041,-0.0025383352228658396,0.2657287321740654,0.04137204164339314,0.26574085543728465,0.28933966083935847,1.2,-1.176207110167898,0.1393663719536143,0.19264954803728143,-0.0006391715724021196,-0.001829813583754003,0.0053959796205163,0.043868169967780146,1.2069510111752364,0.18725356841676513,0.265529222458552,-0.009650997392911632,-1.5,0.51423435878197,-0.0307853557446889,1.4887944459915161,-3.0821481947657836,1.712242666422286,0
1780805322.7411366,FLY,spline,1,147,-23.184959065813686,-0.394495884353492,-1.9015624714486479,-23.18242073059082,-0.6602441072463989,-1.942846655845642,-0.0025383352228658396,0.26574822289290695,0.04128418439699422,0.2657603452670127,0.2893417319733789,1.2,-1.176216496399124,0.13938103060379092,0.19258162401016982,-0.0004097366181667894,-0.0016861450858414173,0.005259427707642317,0.04352957223163678,1.2001943960852697,0.1873221963025275,0.26404276713875935,-0.009576505890960091,-1.5,0.5141914041118484,-0.030822820183949405,1.4885691404342651,-3.0821481947657836,1.712467971979537,0
1780805322.7516718,FLY,spline,1,147,-23.184959065813686,-0.394495884353492,-1.9015624714486479,-23.18242073059082,-0.6602734327316284,-1.9427196979522705,-0.0025383352228658396,0.26577754837813644,0.041157226503622635,0.2657896694147391,0.2893458185439661,1.2,-1.176229950086675,0.13940310434116363,0.19248345128645353,-0.00047845838707871735,-0.0020017391070723534,0.006428990047425032,0.044163417285433465,1.1951206082341932,0.1860544612390285,0.2629265338115225,-0.009715951802795362,-1.5,0.5142556120246806,-0.03086003107619721,1.4885207414627075,-3.0821481947657836,1.7125163709510947,0
1780805322.7624714,FLY,spline,1,147,-23.184959065813686,-0.394495884353492,-1.9015624714486479,-23.18242073059082,-0.6603124737739563,-1.942592740058899,-0.0025383352228658396,0.2658165894204643,0.04103026861025105,0.26582870867690594,0.2893587072779475,1.2,-1.1762425349464756,0.13943264625129134,0.1923851245342308,-0.00039598465082235634,-0.0020330369006842375,0.006468715611845255,0.04411756156467052,1.1917689469747736,0.18591640892238553,0.2621891683344502,-0.009705863544227514,-1.5,0.5142294729282275,-0.03089721435798169,1.4883769750595093,-3.0821481947657836,1.712660137354293,0
1780805322.7733417,FLY,spline,1,147,-23.184959065813686,-0.394495884353492,-1.9015624714486479,-23.18242073059082,-0.660351574420929,-1.9424657821655273,-0.0025383352228658396,0.265855690067437,0.04090331071687947,0.2658678075415238,0.2893717100534114,1.2,-1.1762551057326374,0.1394622328206048,0.19228679584046704,-0.00032188414479605854,-0.0020172076765447855,0.006481780670583248,0.04395193445366592,1.1894359423447698,0.1858050151698838,0.26167590731584933,-0.009669425579806504,-1.5,0.5142012234253938,-0.030934375361015665,1.4882124662399292,-3.0821481947657836,1.712824646173873,0
1780805322.7836156,FLY,spline,1,147,-23.184959065813686,-0.394495884353492,-1.9015624714486479,-23.18242073059082,-0.660351574420929,-1.9424657821655273,-0.0025383352228658396,0.265855690067437,0.04090331071687947,0.2658678075415238,0.2893717100534114,1.2,-1.1762551057326374,0.1394622328206048,0.19228679584046704,-0.00032188414479605854,-0.0020172076765447855,0.006481780670583248,0.04387933157824411,1.1876871632622794,0.1858050151698838,0.26129117591770146,-0.009653452947213705,-1.5,0.5141640624223598,-0.030971536364049642,1.48814058303833,-3.0821481947657836,1.712896529375472,0
1780805322.7941089,FLY,spline,1,147,-23.184959065813686,-0.394495884353492,-1.9015624714486479,-23.18242073059082,-0.6604101657867432,-1.9422754049301147,-0.0025383352228658396,0.2659142814332512,0.04071293348146687,0.2659263962375039,0.28939128416723103,1.2,-1.1762739431798863,0.13950656489036928,0.19213934773629962,7.572174217784777e-05,-0.0018167663365602493,0.00547743309289217,0.04349498939736042,1.1871075014674526,0.18666191464340745,0.26116365032283956,-0.009568897667419293,-1.5,0.5140581780815492,-0.031008868746978325,1.488065242767334,-3.0821481947657836,1.7129718696464682,0
1780805322.8046064,FLY,spline,1,147,-23.184959065813686,-0.394495884353492,-1.9015624714486479,-23.18242073059082,-0.6604101657867432,-1.9422754049301147,-0.0025383352228658396,0.2659142814332512,0.04071293348146687,0.2659263962375039,0.28939128416723103,1.2,-1.1762739431798863,0.13950656489036928,0.19213934773629962,7.572174217784777e-05,-0.0018167663365602493,0.00547743309289217,0.04344182143144425,1.1861801094019748,0.18666191464340745,0.2609596240684345,-0.009557200714917734,-1.5,0.5140208456986205,-0.031046201129907008,1.4879862070083618,-3.0821481947657836,1.7130509054054404,0
1780805322.8151948,FLY,spline,1,147,-23.184959065813686,-0.394495884353492,-1.9015624714486479,-23.18242073059082,-0.6604589819908142,-1.9420702457427979,-0.0025383352228658396,0.26596309763732223,0.04050777429414998,0.2659752102180642,0.2893996331786469,1.2,-1.1762954908420455,0.1395433240975385,0.19198067330979027,8.157730189850554e-05,-0.002023371635004878,0.006778898183256388,0.04353316403123603,1.1856162839702673,0.18520177512653388,0.2608355824734588,-0.009577296086871925,-1.5,0.514100616504945,-0.031083241484932314,1.4877150058746338,-3.0821481947657836,1.7133221065391684,0
1780805322.826145,FLY,spline,1,147,-23.184959065813686,-0.394495884353492,-1.9015624714486479,-23.18242073059082,-0.6604589819908142,-1.9420702457427979,-0.0025383352228658396,0.26596309763732223,0.04050777429414998,0.2659752102180642,0.2893996331786469,1.2,-1.1762954908420455,0.1395433240975385,0.19198067330979027,8.157730189850554e-05,-0.002023371635004878,0.006778898183256388,0.04350996404186566,1.185151633832564,0.18520177512653388,0.2607333594431641,-0.009572192089210447,-1.5,0.5140635761499197,-0.03112028183995762,1.4877150058746338,-3.0821481947657836,1.7133221065391684,0
1780805322.8367953,FLY,spline,1,147,-23.184959065813686,-0.394495884353492,-1.9015624714486479,-23.18242073059082,-0.6604784727096558,-1.9420019388198853,-0.0025383352228658396,0.2659825883561638,0.04043946737123738,0.2659947000493583,0.28940536204123773,1.2,-1.176302373144537,0.1395580512173496,0.19192779182532652,0.00020635603868868202,-0.0019686745945364237,0.00635400740429759,0.04333269538773439,1.1850339239741834,0.18557378442102893,0.2607074632743204,-0.009533192985301565,-1.5,0.5139967006494759,-0.031157396596841826,1.4876476526260376,-3.0821481947657836,1.7133894597877646,0
1780805322.8474007,FLY,spline,1,147,-23.184959065813686,-0.394495884353492,-1.9015624714486479,-23.18242073059082,-0.6604980230331421,-1.94189453125,-0.0025383352228658396,0.2660021386796501,0.04033205980135213,0.26601424948271374,0.28940441254543425,1.2,-1.1763141738539271,0.13957267670542914,0.19184481308504167,0.0003540801990311593,-0.0018837085226550698,0.006277432199567556,0.04291713505914263,1.1850384090828345,0.18556738088547411,0.2607084499982236,-0.009441769713011378,-1.5,0.5139600994561433,-0.031194510073018922,1.487411379814148,-3.0821481947657836,1.7136257325996542,0
1780805322.8581243,FLY,spline,1,147,-23.184959065813686,-0.394495884353492,-1.9015624714486479,-23.18242073059082,-0.6605371236801147,-1.9417675733566284,-0.0025383352228658396,0.26604123932662277,0.040205101907980545,0.26605334834981686,0.289417744616445,1.2,-1.1763266968562305,0.13960225707463186,0.1917464786716526,0.0002880859246943146,-0.0020454239565879107,0.006881303619593382,0.04316537307806134,1.1847784172558682,0.1848651750520592,0.260651251796291,-0.009496382077173496,-1.5,0.5139793028878059,-0.031231483108029333,1.4873460531234741,-3.0821481947657836,1.713691059290328,0
1780805322.8685863,FLY,spline,1,147,-23.184959065813686,-0.394495884353492,-1.9015624714486479,-23.18242073059082,-0.6605371236801147,-1.9417675733566284,-0.0025383352228658396,0.26604123932662277,0.040205101907980545,0.26605334834981686,0.289417744616445,1.2,-1.1763266968562305,0.13960225707463186,0.1917464786716526,0.0002880859246943146,-0.0020454239565879107,0.006881303619593382,0.04305018285983353,1.1846462613008435,0.1848651750520592,0.26062217748618555,-0.009471040229163378,-1.5,0.5139423298527955,-0.03126845614303975,1.487270474433899,-3.0821481947657836,1.7137666379799033,0
1780805322.8794925,FLY,spline,1,147,-23.184959065813686,-0.394495884353492,-1.9015624714486479,-23.182538986206055,-0.6608495712280273,-1.9414256811141968,-0.0024200796076314646,0.26635368687453537,0.039863209665548904,0.2663646810239025,0.2895934073622896,1.2,-1.1763405842610246,0.13983579889345743,0.19149093756170235,-0.026423586532473564,-0.03533472865819931,0.030104732140898705,0.1176642475891104,1.1447846723174222,0.16138620542080365,0.25185262790983287,-0.025886134469604288,-1.5,0.5157883701822119,-0.03130073338412391,1.5026493072509766,-3.0821481947657836,1.6983878051628256,0
1780805322.8899682,FLY,spline,1,147,-23.184959065813686,-0.394495884353492,-1.9015624714486479,-23.182968139648438,-0.6612597703933716,-1.9411132335662842,-0.001990926165248652,0.2667638860398796,0.03955076211763631,0.26677131532849135,0.2897393428202888,1.2,-1.1763382987613558,0.14013049905092706,0.19128944064682968,-0.0618022158741951,-0.059263408184051514,0.04439997673034668,0.2193033661200613,1.0840524636201663,0.146889463916483,0.23849154199643657,-0.04824674054641349,-1.5,0.5169187316097742,-0.031330111276907206,1.5627214908599854,-3.0821481947657836,1.6383156215538168,0
1780805322.900819,FLY,spline,1,147,-23.184959065813686,-0.394495884353492,-1.9015624714486479,-23.183515548706055,-0.6617578268051147,-1.940737247467041,-0.0014435171076314646,0.26726194245162277,0.03917477601839314,0.2672658407366241,0.28990869279538606,1.2,-1.1763346491234405,0.140487092475791,0.19105017696754614,-0.07952642440795898,-0.07151037454605103,0.05189577862620354,0.23985259806711495,1.0635159254296553,0.1391543983413426,0.23397350359452418,-0.05276757157476529,-1.5,0.5175097059761171,-0.031357942156575475,1.5710163116455078,-3.0821481947657836,1.6300208007682944,0
1780805322.9116554,FLY,spline,1,147,-23.184959065813686,-0.394495884353492,-1.9015624714486479,-23.18242073059082,-0.6607323884963989,-1.9414209127426147,-0.0025383352228658396,0.26623650414290695,0.03985844129396687,0.26624860428543046,0.28953417895884853,1.2,-1.1763529917355682,0.13975105216308625,0.1914765840882066,-0.0157887265086174,0.017172101885080338,-0.01587042212486267,-0.009292753792775985,1.1788223812846,0.20734700621306926,0.259340923882612,0.0020444058344107167,-1.5,0.5120128279451364,-0.031399411557818085,1.4879720211029053,-3.0821481947657836,1.713065091310897,0
1780805322.9219196,FLY,spline,1,147,-23.184959065813686,-0.394495884353492,-1.9015624714486479,-23.18226432800293,-0.6607226133346558,-1.941469669342041,-0.0026947378107564646,0.2662267289811638,0.03990719789339314,0.26624036665366646,0.28959615924420445,1.2,-1.1763495832290545,0.139750797151882,0.19149770946996647,0.005550823174417019,0.00171933532692492,-0.00019188880105502903,0.022272304675194074,1.211276447188697,0.1916895982710215,0.26648081838151333,-0.004899907028542696,-1.5,0.513227082660846,-0.03143774947747229,1.4872442483901978,-3.0821481947657836,1.7137928640236044,0
1780805322.9323993,FLY,spline,1,147,-23.184959065813686,-0.394495884353492,-1.9015624714486479,-23.182226181030273,-0.6607323884963989,-1.9414403438568115,-0.0027328847834127146,0.26623650414290695,0.03987787240816365,0.2662505301355765,0.28961519393314966,1.2,-1.1763528553813236,0.13975992578281718,0.19147094500573233,0.00046232223394326866,-0.0009584001963958144,0.003568353597074747,0.0322279886459093,1.1969333455841487,0.1879025914086576,0.2633253360285127,-0.007090157502100045,-1.5,0.5134924626915535,-0.031475329995754024,1.4872442483901978,-3.0821481947657836,1.7137928640236044,0
1780805322.943249,FLY,spline,1,147,-23.184959065813686,-0.394495884353492,-1.9015624714486479,-23.182226181030273,-0.6607421636581421,-1.9413915872573853,-0.0027328847834127146,0.2662462793046501,0.03982911580873738,0.26626030478238616,0.28961567147138406,1.2,-1.1763581174940771,0.13976725518436767,0.19143326195836238,-0.0003086090146098286,-0.0014032348990440369,0.00476338854059577,0.035729788383543196,1.1920367469526634,0.1866698734177666,0.26224808432958596,-0.007860553444379503,-1.5,0.5135537461561411,-0.03151266397043758,1.487027883529663,-3.0821481947657836,1.714009228884139,0
1780805322.9542196,FLY,spline,1,147,-23.184959065813686,-0.394495884353492,-1.9015624714486479,-23.182226181030273,-0.6607812643051147,-1.9411767721176147,-0.0027328847834127146,0.26628537995162277,0.03961430066896687,0.2662994033700029,0.2896143033253104,1.2,-1.176381639361181,0.13979649603479724,0.1912672953494485,-0.00029077529325149953,-0.001814701477997005,0.006306395400315523,0.038285896981428466,1.1896752673128623,0.18496089994913298,0.2617285588088297,-0.008422897335914262,-1.5,0.5136534718536421,-0.03154965615042741,1.4869400262832642,-3.0821481947657836,1.714097086130538,0
1780805322.9648662,FLY,spline,1,147,-23.184959065813686,-0.394495884353492,-1.9015624714486479,-23.182226181030273,-0.6607909798622131,-1.9411132335662842,-0.0027328847834127146,0.26629509550872116,0.03955076211763631,0.26630911841549537,0.28961226392179135,1.2,-1.1763887564547093,0.1398037225421048,0.19121823357178283,-0.0001441574131604284,-0.0018628783291205764,0.006250100210309029,0.039572900235953515,1.1881735778731997,0.1849681333614738,0.26139818713210394,-0.008706038051909773,-1.5,0.5136158995539825,-0.031586649777099705,1.486875295639038,-3.0821481947657836,1.714161816774764,0
1780805322.9754932,FLY,spline,1,147,-23.184959065813686,-0.394495884353492,-1.9015624714486479,-23.182226181030273,-0.6607909798622131,-1.9411132335662842,-0.0027328847834127146,0.26629509550872116,0.03955076211763631,0.26630911841549537,0.28961226392179135,1.2,-1.1763887564547093,0.1398037225421048,0.19121823357178283,-0.0001441574131604284,-0.0018628783291205764,0.006250100210309029,0.040275450489006645,1.186922182112321,0.1849681333614738,0.2611228800647106,-0.008860599107581461,-1.5,0.5135789059273101,-0.031623643403772,1.4867091178894043,-3.0821481947657836,1.7143279945243979,0
1780805322.9862144,FLY,spline,1,147,-23.184959065813686,-0.394495884353492,-1.9015624714486479,-23.182226181030273,-0.6608203053474426,-1.9409373998641968,-0.0027328847834127146,0.26632442099395065,0.039374928415548904,0.2663384423567174,0.28960889191620837,1.2,-1.1764082246310255,0.13982559448906448,0.19108242238955037,-6.052017124602571e-05,-0.0019161708187311888,0.006839337293058634,0.040933092312120736,1.1862188056263867,0.18424308509649173,0.2609681372378051,-0.009005280308666562,-1.5,0.5136000611714895,-0.0316604920207913,1.4866430759429932,-3.0821481947657836,1.714394036470809,0
1780805322.9967194,FLY,spline,1,147,-23.184959065813686,-0.394495884353492,-1.9015624714486479,-23.182226181030273,-0.6608593463897705,-1.9408007860183716,-0.0027328847834127146,0.26636346203627853,0.03923831456972371,0.26637748134403444,0.2896209953717414,1.2,-1.1764218952237262,0.1398550828115199,0.19097664844163187,0.00024953842512331903,-0.00190588494297117,0.006454138550907373,0.041150346319136694,1.1861084409650453,0.1845225098907245,0.26094385701231,-0.009053076190210072,-1.5,0.5135408026859726,-0.03169739652276944,1.4864753484725952,-3.0821481947657836,1.714561763941207,0
1780805323.0074542,FLY,spline,1,147,-23.184959065813686,-0.394495884353492,-1.9015624714486479,-23.182226181030273,-0.6608593463897705,-1.9408007860183716,-0.0027328847834127146,0.26636346203627853,0.03923831456972371,0.26637748134403444,0.2896209953717414,1.2,-1.1764218952237262,0.1398550828115199,0.19097664844163187,0.00024953842512331903,-0.00190588494297117,0.006454138550907373,0.04121425816800077,1.1856132339092689,0.1845225098907245,0.2608349114600392,-0.00906713679696017,-1.5,0.5135038981839944,-0.031734301024747585,1.4862746000289917,-3.0821481947657836,1.7147625123848105,0
1780805323.0178978,FLY,spline,1,147,-23.184959065813686,-0.394495884353492,-1.9015624714486479,-23.182226181030273,-0.660888671875,-1.9406249523162842,-0.0027328847834127146,0.266392787521508,0.03906248086763631,0.2664068052860488,0.28961782008455267,1.2,-1.1764413350943348,0.13987695133247255,0.19084083307141583,0.0003230476286262274,-0.0019027700182050467,0.007019114214926958,0.04126708331095004,1.1854176815634307,0.18382171885648887,0.26079188994395475,-0.00907875832840901,-1.5,0.513523197122962,-0.03177106536851888,1.486126184463501,-3.0821481947657836,1.7149109279503012,0
1780805323.0285056,FLY,spline,1,147,-23.184959065813686,-0.394495884353492,-1.9015624714486479,-23.182226181030273,-0.6609277129173279,-1.9404882192611694,-0.0027328847834127146,0.2664318285638359,0.03892574781252156,0.26644584427442036,0.2896300597844094,1.2,-1.176454998033582,0.13990643634422992,0.19073496446971325,0.0005870627937838435,-0.0019301427528262138,0.0068055628798902035,0.04146623586258574,1.1856044464032205,0.18392940158982304,0.2608329782087085,-0.009122571889768864,-1.5,0.5134777966239773,-0.031807851248836845,1.486126184463501,-3.0821481947657836,1.7149109279503012,0
1780805323.039563,FLY,spline,1,147,-23.184959065813686,-0.394495884353492,-1.9015624714486479,-23.182226181030273,-0.6609472632408142,-1.940371036529541,-0.0027328847834127146,0.26645137888732223,0.03880856508089314,0.26646539356958676,0.2896280685690776,1.2,-1.1764679358468162,0.13992101343413907,0.19064444897215072,0.0007275771931745112,-0.0018557087751105428,0.006738428957760334,0.04133721763782795,1.1856095964916475,0.18390602001439038,0.26083411122816247,-0.00909418788032215,-1.5,0.5134428859460091,-0.03184463245283972,1.4860341548919678,-3.0821481947657836,1.7150029575218344,0
1780805323.0499947,FLY,spline,1,147,-23.184959065813686,-0.394495884353492,-1.9015624714486479,-23.182226181030273,-0.6609472632408142,-1.940371036529541,-0.0027328847834127146,0.26645137888732223,0.03880856508089314,0.26646539356958676,0.2896280685690776,1.2,-1.1764679358468162,0.13992101343413907,0.19064444897215072,0.0007275771931745112,-0.0018557087751105428,0.006738428957760334,0.04108689078762953,1.185429862121805,0.18390602001439038,0.2607945696667971,-0.009039115973278496,-1.5,0.5134061047420062,-0.0318814136568426,1.4857550859451294,-3.0821481947657836,1.7152820264686728,0
1780805323.060497,FLY,spline,1,147,-23.184959065813686,-0.394495884353492,-1.9015624714486479,-23.182226181030273,-0.6609667539596558,-1.9402343034744263,-0.0027328847834127146,0.2664708696061638,0.038671832025778397,0.2664848832633937,0.2896228129239636,1.2,-1.1764833185800807,0.13993546847435573,0.1905388825559299,0.0006996917654760182,-0.0019696056842803955,0.0072174593806266785,0.04124573581792218,1.1852971349520458,0.18332142317530323,0.2607653696894501,-0.00907406187994288,-1.5,0.5134162082044982,-0.031918077941477656,1.4856674671173096,-3.0821481947657836,1.7153696452964926,0
1780805323.0713022,FLY,spline,1,147,-23.184959065813686,-0.394495884353492,-1.9015624714486479,-23.182186126708984,-0.6610058546066284,-1.9400585889816284,-0.002772939104701777,0.26650997025313644,0.038496117532980545,0.2665243955730996,0.28964483350685283,1.2,-1.176502294072974,0.1399666563180902,0.1903987582946981,0.001283187884837389,-0.0017449234146624804,0.006636824458837509,0.04043718773210095,1.1861527451308234,0.1837619338358606,0.26095360392878114,-0.00889618130106221,-1.5,0.5133442149648864,-0.03195483032824483,1.4853012561798096,-3.0821481947657836,1.7157358562339926,0
1780805323.082117,FLY,spline,1,147,-23.184959065813686,-0.394495884353492,-1.9015624714486479,-23.182186126708984,-0.6610058546066284,-1.9400585889816284,-0.002772939104701777,0.26650997025313644,0.038496117532980545,0.2665243955730996,0.28964483350685283,1.2,-1.176502294072974,0.1399666563180902,0.1903987582946981,0.001283187884837389,-0.0017449234146624804,0.006636824458837509,0.040431339818290626,1.185984370243085,0.1837619338358606,0.2609165614534787,-0.008894894760023938,-1.5,0.5133074625781192,-0.031991582715012006,1.485249638557434,-3.0821481947657836,1.715787473856368,0
1780805323.0928624,FLY,spline,1,147,-23.184959065813686,-0.394495884353492,-1.9015624714486479,-23.182186126708984,-0.6610351204872131,-1.939916968345642,-0.002772939104701777,0.26653923613372116,0.03835449689699422,0.2665536598698768,0.289647733069471,1.2,-1.1765173960677937,0.13998860349262213,0.19028927358640968,-0.0014714812859892845,-0.002068879548460245,0.006725954823195934,0.041273364863749384,1.1815493491375628,0.18356331876321375,0.2599408568102638,-0.009080140270024864,-1.5,0.5132866391201784,-0.03202829537876465,1.4851458072662354,-3.0821481947657836,1.7158913051475668,0
1780805323.1034138,FLY,spline,1,147,-23.184959065813686,-0.394495884353492,-1.9015624714486479,-23.182186126708984,-0.6610351204872131,-1.939916968345642,-0.002772939104701777,0.26653923613372116,0.03835449689699422,0.2665536598698768,0.289647733069471,1.2,-1.1765173960677937,0.13998860349262213,0.19028927358640968,-0.0014714812859892845,-0.002068879548460245,0.006725954823195934,0.04107173460941048,1.1819561491323896,0.18356331876321375,0.26003035280912573,-0.009035781614070305,-1.5,0.5132499264564256,-0.032065008042517294,1.4850404262542725,-3.0821481947657836,1.7159966861595297,0
1780805323.1141691,FLY,spline,1,147,-23.184959065813686,-0.394495884353492,-1.9015624714486479,-23.182186126708984,-0.661083996295929,-1.9396532773971558,-0.002772939104701777,0.266588111942437,0.03809080594850789,0.2666025330343125,0.28964826024768486,1.2,-1.176545987207668,0.14002514807486036,0.1900855015306193,-0.0009804725414142013,-0.0019210573518648744,0.006607751827687025,0.04042306505109254,1.183062800205873,0.18347774970293226,0.26027381604529204,-0.008893074311240359,-1.5,0.5132200764313076,-0.032101703592457884,1.4847478866577148,-3.0821481947657836,1.7162892257560873,0
1780805323.1249223,FLY,spline,1,147,-23.184959065813686,-0.394495884353492,-1.9015624714486479,-23.182186126708984,-0.6610937118530273,-1.9395849704742432,-0.002772939104701777,0.26659782749953537,0.03802249902559529,0.2666122480658951,0.2896457813309218,1.2,-1.1765536497351121,0.1400323500390222,0.19003276095856714,-0.0014663886977359653,-0.0019062565406784415,0.005798735655844212,0.04035663824565039,1.182408880337019,0.18423402530272293,0.26012995367414415,-0.008878460414043086,-1.5,0.5131227275782637,-0.03213855039751843,1.4846546649932861,-3.0821481947657836,1.716382447420516,0
1780805323.135258,FLY,spline,1,147,-23.184959065813686,-0.394495884353492,-1.9015624714486479,-23.182186126708984,-0.6610937118530273,-1.9395849704742432,-0.002772939104701777,0.26659782749953537,0.03802249902559529,0.2666122480658951,0.2896457813309218,1.2,-1.1765536497351121,0.1400323500390222,0.19003276095856714,-0.0014663886977359653,-0.0019062565406784415,0.005798735655844212,0.040116019377507015,1.1825765216909385,0.18423402530272293,0.26016683477200647,-0.008825524263051544,-1.5,0.5130858807732032,-0.032175397202578976,1.4844621419906616,-3.0821481947657836,1.7165749704231406,0
1780805323.1459706,FLY,spline,1,147,-23.184959065813686,-0.394495884353492,-1.9015624714486479,-23.182186126708984,-0.6611230373382568,-1.9394237995147705,-0.002772939104701777,0.26662715298476486,0.037861328066122635,0.2666415719651375,0.28964577062969526,1.2,-1.1765711505196303,0.1400542625108507,0.18990821814090833,-0.000575428013689816,-0.0017773727886378765,0.0064910841174423695,0.03963647125075473,1.1841276715916913,0.18341713402346596,0.2605080877501721,-0.00872002367516604,-1.5,0.5131145486487392,-0.03221208062938367,1.4843146800994873,-3.0821481947657836,1.7167224323143149,0
1780805323.1566174,FLY,spline,1,147,-23.184959065813686,-0.394495884353492,-1.9015624714486479,-23.182186126708984,-0.6611328125,-1.9393553733825684,-0.002772939104701777,0.266636928146508,0.037792901933920486,0.26665134659829576,0.289643381369397,1.2,-1.1765788146358223,0.14006150887174343,0.1898553836021879,-0.0005821799859404564,-0.0019247853197157383,0.006757988594472408,0.039802959121090525,1.1840711939857778,0.1830973950077155,0.26049566267687113,-0.008756651006639915,-1.5,0.5131035082909976,-0.03224870010838521,1.4842244386672974,-3.0821481947657836,1.7168126737465048,0
1780805323.1669815,FLY,spline,1,147,-23.184959065813686,-0.394495884353492,-1.9015624714486479,-23.182186126708984,-0.6611425876617432,-1.9392870664596558,-0.002772939104701777,0.2666467033082512,0.03772459501100789,0.2666611212314928,0.2896410280640748,1.2,-1.1765864615190187,0.14006875541688604,0.18980264046139997,-0.0005423736292868853,-0.0019621853716671467,0.006820640526711941,0.03985870208653958,1.184092411127669,0.18298199993468803,0.2605003304480872,-0.008768914459038707,-1.5,0.5130761434968528,-0.03228529650837215,1.4842244386672974,-3.0821481947657836,1.7168126737465048,0
1780805323.1776047,FLY,spline,1,147,-23.184959065813686,-0.394495884353492,-1.9015624714486479,-23.182186126708984,-0.661181628704071,-1.9390136003494263,-0.002772939104701777,0.26668574435057907,0.037451128900778397,0.2667001601632455,0.28963168654110005,1.2,-1.1766170604152462,0.14009769203588843,0.1895914814172899,-0.00021856307284906507,-0.0019565927796065807,0.006905097980052233,0.03935864096853642,1.1846248168543556,0.18268638343723767,0.26061745970795824,-0.008658901013078013,-1.5,0.5130632555399615,-0.032321833785059595,1.4838236570358276,-3.0821481947657836,1.7172134553779745,0
1780805323.1883326,FLY,spline,1,147,-23.184959065813686,-0.394495884353492,-1.9015624714486479,-23.182186126708984,-0.661181628704071,-1.9390136003494263,-0.002772939104701777,0.26668574435057907,0.037451128900778397,0.2667001601632455,0.28963168654110005,1.2,-1.1766170604152462,0.14009769203588843,0.1895914814172899,-0.00021856307284906507,-0.0019565927796065807,0.006905097980052233,0.03923083905781641,1.1845287301699596,0.18268638343723767,0.26059632063739113,-0.00863078459271961,-1.5,0.5130267182632741,-0.03235837106174704,1.4837225675582886,-3.0821481947657836,1.7173145448555136,0
1780805323.1990933,FLY,spline,1,147,-23.184959065813686,-0.394495884353492,-1.9015624714486479,-23.182186126708984,-0.6611914038658142,-1.9389452934265137,-0.002772939104701777,0.26669551951232223,0.0373828219778658,0.266709934796636,0.2896294153929454,1.2,-1.1766246954735418,0.14010493717429223,0.18953873636062413,-0.0007312202360481024,-0.001844458281993866,0.0055456445552408695,0.038649670636453554,1.1836548450490993,0.18399309180538326,0.26040406591080184,-0.008502927540019781,-1.5,0.5128853829754613,-0.03239516968010812,1.4833182096481323,-3.0821481947657836,1.7177189027656699,0
1780805323.2099698,FLY,spline,1,147,-23.184959065813686,-0.394495884353492,-1.9015624714486479,-23.182186126708984,-0.6612206697463989,-1.9387987852096558,-0.002772939104701777,0.26672478539290695,0.03723631376100789,0.26673919909561594,0.2896320877385066,1.2,-1.1766403245368176,0.1401268552726494,0.18942547638923896,0.0005103492876514792,-0.0016520791687071323,0.006733860820531845,0.038275751268572744,1.1856758710135424,0.1826916155687071,0.26084869162297936,-0.008420665279086003,-1.5,0.5129529627512817,-0.03243170800322186,1.4833743572235107,-3.0821481947657836,1.7176627551902914,0
1780805323.220677,FLY,spline,1,147,-23.184959065813686,-0.394495884353492,-1.9015624714486479,-23.182186126708984,-0.6612304449081421,-1.9387304782867432,-0.002772939104701777,0.2667345605546501,0.03716800683809529,0.2667489737291611,0.289629868573617,1.2,-1.176647952115924,0.1401340995147648,0.18937273017672807,0.00026004790561273694,-0.0018907914636656642,0.007064928766340017,0.03871306819166977,1.1851323363171127,0.18230780141038805,0.2607291139897648,-0.008516875002167348,-1.5,0.5129472063236651,-0.032468169563503936,1.48333740234375,-3.0821481947657836,1.7176997100700522,0
1780805323.2314765,FLY,spline,1,147,-23.184959065813686,-0.394495884353492,-1.9015624714486479,-23.182186126708984,-0.6612499952316284,-1.9385937452316284,-0.002772939104701777,0.26675411087813644,0.037031273782980545,0.2667685229963676,0.28962546031707853,1.2,-1.176663215003672,0.14014858668361493,0.1892671448186613,0.0005897903465665877,-0.001832087873481214,0.00655394047498703,0.03836871142225452,1.1855879554285842,0.18271320434367427,0.26082935019428855,-0.008441116512895995,-1.5,0.5128782314481334,-0.03250471220437267,1.4831548929214478,-3.0821481947657836,1.7178822194923544,0
1780805323.2425392,FLY,spline,1,147,-23.184959065813686,-0.394495884353492,-1.9015624714486479,-23.182186126708984,-0.6612499952316284,-1.9385937452316284,-0.002772939104701777,0.26675411087813644,0.037031273782980545,0.2667685229963676,0.28962546031707853,1.2,-1.176663215003672,0.14014858668361493,0.1892671448186613,0.0005897903465665877,-0.001832087873481214,0.00655394047498703,0.03804377297267689,1.1854708975607138,0.18271320434367427,0.260803597463357,-0.008369630053988915,-1.5,0.5128416888072647,-0.0325412548452414,1.4828749895095825,-3.0821481947657836,1.7181621229042197,0
1780805323.2533898,FLY,spline,1,147,-23.184959065813686,-0.394495884353492,-1.9015624714486479,-23.182186126708984,-0.6612792611122131,-1.938417911529541,-0.002772939104701777,0.26678337675872116,0.03685544008089314,0.26679778729604214,0.28962361076398374,1.2,-1.1766824611608353,0.1401703854491917,0.18913129999950837,0.0006006240728311241,-0.001825161511078477,0.007038617040961981,0.03795970176590227,1.1854349790181393,0.1820926829585464,0.26079569538399067,-0.0083511343884985,-1.5,0.5128549119814831,-0.032577673381833115,1.482783555984497,-3.0821481947657836,1.718253556429305,0
1780805323.2638988,FLY,spline,1,147,-23.184959065813686,-0.394495884353492,-1.9015624714486479,-23.182186126708984,-0.6612890362739563,-1.9383496046066284,-0.002772939104701777,0.2667931519204643,0.036787133157980545,0.2668075619298193,0.28962148334036036,1.2,-1.1766900755368885,0.14017762811568069,0.18907855168911433,0.0006287193391472101,-0.0019093701848760247,0.007174858823418617,0.03810163781675363,1.1854365285032473,0.18190369286569572,0.2607960362707144,-0.008382360319685799,-1.5,0.5128336504503381,-0.03261405412040625,1.482783555984497,-3.0821481947657836,1.718253556429305,0
1780805323.2744505,FLY,spline,1,147,-23.184959065813686,-0.394495884353492,-1.9015624714486479,-23.182186126708984,-0.6612988114356995,-1.9382811784744263,-0.002772939104701777,0.2668029270822075,0.036718707025778397,0.26681733656363504,0.2896193532743228,1.2,-1.1766977023512415,0.14018487002736552,0.18902571120543285,0.0007296371040865779,-0.0019516902975738049,0.007343239616602659,0.03803504835667895,1.1855645951530853,0.1816824715888302,0.26082421093367875,-0.00836771063846937,-1.5,0.5128150116581697,-0.032650390614724016,1.4826862812042236,-3.0821481947657836,1.7183508312095785,0
1780805323.284978,FLY,spline,1,147,-23.184959065813686,-0.394495884353492,-1.9015624714486479,-23.182186126708984,-0.6613378524780273,-1.9380663633346558,-0.002772939104701777,0.26684196812453537,0.03650389188600789,0.2668563754978583,0.28962031353247275,1.2,-1.1767208860065956,0.14021402356749194,0.1888596940346646,0.0009380721603520215,-0.0019465842051431537,0.007317852694541216,0.03752464172140736,1.1858938367411969,0.18154184134012338,0.2608966440830633,-0.008255421178709619,-1.5,0.5127899537097982,-0.03268669898299204,1.4822659492492676,-3.0821481947657836,1.7187711631645346,0
1780805323.2958088,FLY,spline,1,147,-23.184959065813686,-0.394495884353492,-1.9015624714486479,-23.182186126708984,-0.6613476276397705,-1.9379980564117432,-0.002772939104701777,0.26685174328627853,0.03643558496309529,0.2668661501318672,0.28961827097540294,1.2,-1.1767284881699887,0.1402212647720955,0.18880694382063037,0.0010364913614466786,-0.001929491525515914,0.007325248327106237,0.037480974916780235,1.185978075131783,0.18148169549352414,0.26091517652899227,-0.008245814481691652,-1.5,0.5127584690384274,-0.03272299532209075,1.4822659492492676,-3.0821481947657836,1.7187711631645346,0
1780805323.3067875,FLY,spline,1,147,-23.184959065813686,-0.394495884353492,-1.9015624714486479,-23.182186126708984,-0.6613574028015137,-1.937929630279541,-0.002772939104701777,0.2668615184480217,0.03636715883089314,0.2668759247659148,0.2896162259218136,1.2,-1.176736102750689,0.14022850521926153,0.18875410143117652,0.001348209334537387,-0.0018713183235377073,0.007132315542548895,0.037225534940693375,1.1864064928087115,0.18162178588862762,0.2610094284179165,-0.008189617686952543,-1.5,0.5127109374496414,-0.03275931967926847,1.4821618795394897,-3.0821481947657836,1.7188752328743124,0
1780805323.3175976,FLY,spline,1,147,-23.184959065813686,-0.394495884353492,-1.9015624714486479,-23.182147979736328,-0.661376953125,-1.9377977848052979,-0.002811086077358027,0.266881068771508,0.03623531335664998,0.26689587309202945,0.28962823023928863,1.2,-1.1767511464143083,0.14024472944918256,0.18864823156959845,-0.0012288665166124701,-0.0020520950201898813,0.006823038682341576,0.03757228985340483,1.1822516243287846,0.18182519288725688,0.26009535735233263,-0.008265903767749062,-1.5,0.5126582998511736,-0.03279568471784592,1.4818739891052246,-3.0821481947657836,1.7191631233085776,0
1780805323.3281884,FLY,spline,1,147,-23.184959065813686,-0.394495884353492,-1.9015624714486479,-23.182147979736328,-0.6613867282867432,-1.9377294778823853,-0.002811086077358027,0.2668908439332512,0.03616700643373738,0.2669056477115787,0.28962625240066303,1.2,-1.1767587390894603,0.1402519695203892,0.1885954798563191,-0.0011264038039371371,-0.001973014557734132,0.006763925310224295,0.036970413383122,1.1828083291799416,0.18183155454609481,0.2602178324195872,-0.00813349094428684,-1.5,0.5126214246075573,-0.03283205102875514,1.4815335273742676,-3.0821481947657836,1.7195035850395346,0
1780805323.3386724,FLY,spline,1,147,-23.184959065813686,-0.394495884353492,-1.9015624714486479,-23.182147979736328,-0.6614159941673279,-1.9375683069229126,-0.002811086077358027,0.2669201098138359,0.036005835474264725,0.26693491196912505,0.28962725008949575,1.2,-1.1767760918495886,0.14027381770942313,0.1884709147758124,-0.0013702011201530695,-0.0017412876477465034,0.005644040182232857,0.03652971142634215,1.1826673753573094,0.18282687459357955,0.2601868225786081,-0.008036536513795272,-1.5,0.5125052336288398,-0.032868616403673855,1.4814449548721313,-3.0821481947657836,1.7195921575416708,0
1780805323.3496747,FLY,spline,1,147,-23.184959065813686,-0.394495884353492,-1.9015624714486479,-23.182147979736328,-0.661425769329071,-1.9375,-0.002811086077358027,0.26692988497557907,0.03593752855135213,0.2669446865888328,0.28962532768325794,1.2,-1.1767836765471564,0.14028105682391784,0.1884181618329891,-0.0007082939264364541,-0.0017874400364235044,0.006659035570919514,0.036428486344610975,1.1839616190518085,0.18175912626206958,0.2604715561913979,-0.008014266995814414,-1.5,0.5125543016701082,-0.03290496822892627,1.481359601020813,-3.0821481947657836,1.7196775113929892,0
1780805323.3604398,FLY,spline,1,147,-23.184959065813686,-0.394495884353492,-1.9015624714486479,-23.182147979736328,-0.6614550352096558,-1.937353491783142,-0.002811086077358027,0.2669591508561638,0.03579102033449422,0.2669739508468538,0.2896287548484957,1.2,-1.1767991965032916,0.1403029616957293,0.18830488588619754,-0.0006564712384715676,-0.0019848563242703676,0.007026314735412598,0.03665806783309698,1.1841346912143924,0.18127857115078494,0.2605096320671663,-0.008064774923281337,-1.5,0.5125564903647808,-0.03294122394315643,1.4812593460083008,-3.0821481947657836,1.7197777664055014,0
1780805323.3712206,FLY,spline,1,147,-23.184959065813686,-0.394495884353492,-1.9015624714486479,-23.182147979736328,-0.6614745855331421,-1.9372801780700684,-0.002811086077358027,0.2669787011796501,0.035717706621420486,0.2669935000866261,0.2896349289201234,1.2,-1.176806521124454,0.14031769281180898,0.1882481259479893,-0.00044755934504792094,-0.0019491524435579777,0.006860279943794012,0.036433288084466206,1.184486138363469,0.18138784600419527,0.2605869504399632,-0.008015323378582566,-1.5,0.5125114708073072,-0.03297750151235727,1.4811512231826782,-3.0821481947657836,1.719885889231124,0
1780805323.3820183,FLY,spline,1,147,-23.184959065813686,-0.394495884353492,-1.9015624714486479,-23.182147979736328,-0.6615136861801147,-1.9370166063308716,-0.002811086077358027,0.26701780182662277,0.03545413488222371,0.26703259856664674,0.2896291198369602,1.2,-1.1768356125618722,0.1403466817368901,0.18804454241367147,-0.00022060393530409783,-0.001968330005183816,0.007131156977266073,0.036082247643760904,1.1848782743145372,0.1809133854364054,0.2606732203491982,-0.007938094481627399,-1.5,0.5125132449756431,-0.033013684189444545,1.4808341264724731,-3.0821481947657836,1.720202985941329,0
1780805323.3927784,FLY,spline,1,147,-23.184959065813686,-0.394495884353492,-1.9015624714486479,-23.182147979736328,-0.6615136861801147,-1.9370166063308716,-0.002811086077358027,0.26701780182662277,0.03545413488222371,0.26703259856664674,0.2896291198369602,1.2,-1.1768356125618722,0.1403466817368901,0.18804454241367147,-0.00022060393530409783,-0.001968330005183816,0.007131156977266073,0.035942405636101196,1.1848113694074704,0.1809133854364054,0.2606585012696435,-0.007907329239942263,-1.5,0.5124770622985558,-0.03304986686653182,1.4807289838790894,-3.0821481947657836,1.7203081285347128,0
1780805323.4036078,FLY,spline,1,147,-23.184959065813686,-0.394495884353492,-1.9015624714486479,-23.182147979736328,-0.6615136861801147,-1.9370166063308716,-0.002811086077358027,0.26701780182662277,0.03545413488222371,0.26703259856664674,0.2896291198369602,1.2,-1.1768356125618722,0.1403466817368901,0.18804454241367147,-0.00022060393530409783,-0.001968330005183816,0.007131156977266073,0.035804188120281355,1.1847657459518848,0.1809133854364054,0.26064846410941467,-0.007876921386461897,-1.5,0.5124408796214684,-0.0330860495436191,1.480621337890625,-3.0821481947657836,1.7204157745231772,0
1780805323.4140983,FLY,spline,1,147,-23.184959065813686,-0.394495884353492,-1.9015624714486479,-23.182147979736328,-0.6615429520606995,-1.936830997467041,-0.002811086077358027,0.2670470677072075,0.03526852601839314,0.26706186282573585,0.28962673977292264,1.2,-1.1768559233244482,0.1403684237586577,0.18790114780828368,0.00017925261636264622,-0.0018330771708860993,0.006724038161337376,0.035189868854343706,1.1853951916106562,0.1811771096469463,0.2607869421543444,-0.007741771147955615,-1.5,0.5123835462626959,-0.03312228496554849,1.4803130626678467,-3.0821481947657836,1.7207240497459555,0
1780805323.4250154,FLY,spline,1,147,-23.184959065813686,-0.394495884353492,-1.9015624714486479,-23.182147979736328,-0.6615527272224426,-1.9367626905441284,-0.002811086077358027,0.26705684286895065,0.035200219095480545,0.26707163744595885,0.2896249955398735,1.2,-1.176863482378494,0.1403756597933186,0.18784839094747297,0.0001508903515059501,-0.001890757237561047,0.007122483104467392,0.035318275337108504,1.185273703852624,0.18072590784300557,0.2607602148475773,-0.007770020574163871,-1.5,0.5123834972254425,-0.03315843014711709,1.4803130626678467,-3.0821481947657836,1.7207240497459555,0
1780805323.4358523,FLY,spline,1,147,-23.184959065813686,-0.394495884353492,-1.9015624714486479,-23.182147979736328,-0.6615917682647705,-1.9365087747573853,-0.002811086077358027,0.26709588391127853,0.03494630330873738,0.26711067632590335,0.2896210990592203,1.2,-1.1768913194009125,0.1404046339118068,0.1876522344521134,0.0006798743852414191,-0.0017855468904599547,0.006719999015331268,0.03487267563047715,1.1860915058819625,0.18093223543678214,0.26094013129403176,-0.007671988638704973,-1.5,0.5123308045708531,-0.033194616594204446,1.4801048040390015,-3.0821481947657836,1.7209323083748007,0
1780805323.446557,FLY,spline,1,147,-23.184959065813686,-0.394495884353492,-1.9015624714486479,-23.182147979736328,-0.6616015434265137,-1.9364452362060547,-0.002811086077358027,0.2671056590730217,0.034882764757406814,0.26712045094632425,0.2896201648454713,1.2,-1.1768982795488605,0.14041188803554147,0.1876031484096877,0.0005249977111816406,-0.0017339951591566205,0.006907238624989986,0.03442687289105123,1.1857171283718,0.1806959097846977,0.260857768241796,-0.00757391203603127,-1.5,0.5123135714410628,-0.033230755776161386,1.479749083518982,-3.0821481947657836,1.7212880288948202,0
1780805323.4573274,FLY,spline,1,147,-23.184959065813686,-0.394495884353492,-1.9015624714486479,-23.182147979736328,-0.6616015434265137,-1.9364452362060547,-0.002811086077358027,0.2671056590730217,0.034882764757406814,0.26712045094632425,0.2896201648454713,1.2,-1.1768982795488605,0.14041188803554147,0.1876031484096877,0.0005249977111816406,-0.0017339951591566205,0.006907238624989986,0.034315463814035996,1.1856470661098704,0.1806959097846977,0.2608423545441715,-0.007549402039087919,-1.5,0.5122774322591059,-0.033266894958118326,1.4796355962753296,-3.0821481947657836,1.7214015161384726,0
1780805323.4678538,FLY,spline,1,147,-23.184959065813686,-0.394495884353492,-1.9015624714486479,-23.182147979736328,-0.6616113185882568,-1.936376929283142,-0.002811086077358027,0.26711543423476486,0.03481445783449422,0.26713022556678473,0.28961851353272816,1.2,-1.1769058252274078,0.14041912246776644,0.18755038947220617,0.000637378660030663,-0.0017794915474951267,0.00696953758597374,0.03427085984509959,1.1857977471303693,0.18058085188623244,0.26087550436868123,-0.007539589165921909,-1.5,0.512250520720606,-0.033303011128495576,1.4795281887054443,-3.0821481947657836,1.7215089237083578,0
1780805323.47867,FLY,spline,1,147,-23.184959065813686,-0.394495884353492,-1.9015624714486479,-23.182147979736328,-0.6616405844688416,-1.9362255334854126,-0.002811086077358027,0.2671447001153496,0.034663062036764725,0.26715948982705884,0.28962178055712096,1.2,-1.1769218625486149,0.14044099707817495,0.18743333693552786,0.0008960151462815702,-0.0015731793828308582,0.005897560156881809,0.033624061102129024,1.1861589191121,0.18153577677864605,0.260954962204662,-0.007397293442468385,-1.5,0.5121378195738571,-0.0333393182838513,1.4792611598968506,-3.0821481947657836,1.7217759525169516,0
1780805323.488981,FLY,spline,1,147,-23.184959065813686,-0.394495884353492,-1.9015624714486479,-23.182147979736328,-0.6616503596305847,-1.9361621141433716,-0.002811086077358027,0.26715447527709274,0.03459964269472371,0.2671692644476776,0.2896209283267357,1.2,-1.176928798835921,0.1404482505812237,0.18738434133969104,0.0011147879995405674,-0.0016106116818264127,0.006861825007945299,0.03360580311584027,1.1864406010188526,0.18052251633174574,0.26101693222414757,-0.00739327668548486,-1.5,0.5121827759063426,-0.03337542278711765,1.4791796207427979,-3.0821481947657836,1.7218574916710043,0
1780805323.499438,FLY,spline,1,147,-23.184959065813686,-0.394495884353492,-1.9015624714486479,-23.182147979736328,-0.6616601347923279,-1.9360936880111694,-0.002811086077358027,0.2671642504388359,0.03453121656252156,0.26717903906833584,0.28961932727395506,1.2,-1.1769363493375817,0.14045548334000021,0.18733148909794234,0.0010721206199377775,-0.0017555629601702094,0.007081799209117889,0.033760665607725504,1.1863080075402028,0.18024968988882445,0.26098776165884463,-0.0074273464336996105,-1.5,0.5121685520837987,-0.03341147272509542,1.4790812730789185,-3.0821481947657836,1.7219558393348837,0
1780805323.5100243,FLY,spline,1,147,-23.184959065813686,-0.394495884353492,-1.9015624714486479,-23.182147979736328,-0.661669909954071,-1.9360253810882568,-0.002811086077358027,0.26717402560057907,0.03446290963960896,0.26718881368903374,0.28961776084735963,1.2,-1.176943882797053,0.14046271630315,0.18727872830446332,0.0011867904104292393,-0.0017981886630877852,0.007159476168453693,0.03356188118271873,1.1864493086271028,0.18011925213600963,0.26101884789796265,-0.007383613860198121,-1.5,0.5121429632535967,-0.03344749657552262,1.47887122631073,-3.0821481947657836,1.7221658861030722,0
1780805323.5204263,FLY,spline,1,147,-23.184959065813686,-0.394495884353492,-1.9015624714486479,-23.18210792541504,-0.6616991758346558,-1.93582022190094,-0.0028511403986470896,0.2672032914811638,0.03425775045229207,0.26721850231587735,0.28962909072774023,1.2,-1.1769669620403747,0.14048617634505103,0.1871160188797272,0.0013616752112284303,-0.001795100630261004,0.007201294880360365,0.03342524266315981,1.1867010646661875,0.17991472399936684,0.26107423422656123,-0.007353553385895159,-1.5,0.5121233425597282,-0.0334834795203225,1.478765606880188,-3.0821481947657836,1.7222715055336142,0
1780805323.530774,FLY,spline,1,147,-23.184959065813686,-0.394495884353492,-1.9015624714486479,-23.18210792541504,-0.6617089509963989,-1.9357470273971558,-0.0028511403986470896,0.26721306664290695,0.03418455594850789,0.267228276921211,0.28962685116785625,1.2,-1.176975086567016,0.14049338803963868,0.18705949192090782,-0.001194915734231472,-0.002038319129496813,0.007048420608043671,0.03409188871696074,1.1825954357328234,0.18001107131286415,0.26017099586122117,-0.007500215517731363,-1.5,0.5120796325603858,-0.03351948173458507,1.4786840677261353,-3.0821481947657836,1.722353044687667,0
1780805323.5412617,FLY,spline,1,147,-23.184959065813686,-0.394495884353492,-1.9015624714486479,-23.18210792541504,-0.6617187261581421,-1.9356787204742432,-0.0028511403986470896,0.2672228418046501,0.03411624902559529,0.2672380515265853,0.2896253681880092,1.2,-1.17698260782761,0.14050061954089899,0.18700672923705747,-0.0009366226149722934,-0.0018393445061519742,0.00629580020904541,0.03326833147760161,1.1833947566269545,0.18071092902801206,0.26034684645793,-0.007319032925072354,-1.5,0.5119875017573684,-0.03355562392039067,1.4783592224121094,-3.0821481947657836,1.7226778900016928,0
1780805323.5522437,FLY,spline,1,147,-23.184959065813686,-0.394495884353492,-1.9015624714486479,-23.18210792541504,-0.6617480516433716,-1.9354931116104126,-0.0028511403986470896,0.2672521672898796,0.033930640161764725,0.26726737534295236,0.28962392010111276,1.2,-1.1770027863250465,0.14052239209644835,0.18686331449101704,-0.0006759262178093195,-0.0017635119147598743,0.0066101932898163795,0.03298522041049258,1.1840685684753118,0.18025312120120066,0.2604950850645686,-0.007256748490308368,-1.5,0.5119880757592731,-0.03359167454463091,1.4782510995864868,-3.0821481947657836,1.7227860128273154,0
1780805323.56278,FLY,spline,1,147,-23.184959065813686,-0.394495884353492,-1.9015624714486479,-23.18210792541504,-0.6617578268051147,-1.9354248046875,-0.0028511403986470896,0.26726194245162277,0.03386233323885213,0.26727714994848945,0.28962249831152714,1.2,-1.1770102987762578,0.1405296225396338,0.18681055046086847,-0.0006299972301349044,-0.001834832364693284,0.006745414808392525,0.03297545353407445,1.1842808050493978,0.18006513565247595,0.2605417771108675,-0.007254599777496379,-1.5,0.5119671015760406,-0.033627687571761405,1.4781479835510254,-3.0821481947657836,1.7228891288627768,0
1780805323.5731916,FLY,spline,1,147,-23.184959065813686,-0.394495884353492,-1.9015624714486479,-23.18210792541504,-0.6617675423622131,-1.9353563785552979,-0.0028511403986470896,0.26727165800872116,0.03379390710664998,0.26728686495281356,0.28962102119961436,1.2,-1.1770178288162685,0.14053680639740926,0.18675769514602172,-0.001055278698913753,-0.001818929216824472,0.00571737764403224,0.03249103542118828,1.1836958135676834,0.18104031750198948,0.26041307898489036,-0.007148027792661421,-1.5,0.5118528789645791,-0.0336638956352618,1.4777122735977173,-3.0821481947657836,1.723324838816085,0
1780805323.583873,FLY,spline,1,147,-23.184959065813686,-0.394495884353492,-1.9015624714486479,-23.18230438232422,-0.6619433164596558,-1.9350829124450684,-0.002654683489467402,0.2674474321061638,0.033520440996420486,0.2674606069771964,0.2896606281230529,1.2,-1.1770334179238893,0.14066188504885296,0.1865651821345838,-0.02740694023668766,-0.023424701765179634,0.02405930496752262,0.08724885860860912,1.1439718920997801,0.1625058771670612,0.2516738162619516,-0.019194748893894005,-1.5,0.5133031330159399,-0.033696396810695216,1.4919006824493408,-3.0821481947657836,1.7091364299644614,0
1780805323.5946703,FLY,spline,1,147,-23.184959065813686,-0.394495884353492,-1.9015624714486479,-23.182342529296875,-0.6620214581489563,-1.9349365234375,-0.002616536516811152,0.2675255737954643,0.03337405198885213,0.2675383690201019,0.28969434008468686,1.2,-1.1770439347136084,0.1407196055412722,0.18645527176836613,-0.0015620803460478783,-0.002353329909965396,0.0070707607083022594,0.04618744132419669,1.187065184000996,0.17938451106006387,0.2611543404802191,-0.010161237091323272,-1.5,0.5119169654022877,-0.033732273712907226,1.4919006824493408,-3.0821481947657836,1.7091364299644614,0
1780805323.6055465,FLY,spline,1,147,-23.184959065813686,-0.394495884353492,-1.9015624714486479,-23.182342529296875,-0.6620214581489563,-1.9349365234375,-0.002616536516811152,0.2675255737954643,0.03337405198885213,0.2675383690201019,0.28969434008468686,1.2,-1.1770439347136084,0.1407196055412722,0.18645527176836613,-0.0015620803460478783,-0.002353329909965396,0.0070707607083022594,0.04768269467147926,1.18586179335324,0.17938451106006387,0.2608895945377128,-0.010490192827725437,-1.5,0.5118810885000756,-0.03376815061511924,1.4922012090682983,-3.0821481947657836,1.7088359033455038,0
1780805323.616695,FLY,spline,1,147,-23.184959065813686,-0.394495884353492,-1.9015624714486479,-23.182342529296875,-0.6620507836341858,-1.9347509145736694,-0.002616536516811152,0.2675548992806938,0.03318844312502156,0.2675676931029717,0.28969339851991893,1.2,-1.1770640431692803,0.1407413691677198,0.1863118495501075,-0.0015540694585070014,-0.002264400478452444,0.006913442630320787,0.04822277055279338,1.1850715471437887,0.1793984069197867,0.26071574037163353,-0.010609009521614544,-1.5,0.5118440971499139,-0.033804030296503196,1.4920778274536133,-3.0821481947657836,1.708959284960189,0
1780805323.6281416,FLY,spline,1,147,-23.184959065813686,-0.394495884353492,-1.9015624714486479,-23.182342529296875,-0.6620507836341858,-1.9347509145736694,-0.002616536516811152,0.2675548992806938,0.03318844312502156,0.2675676931029717,0.28969339851991893,1.2,-1.1770640431692803,0.1407413691677198,0.1863118495501075,-0.0015540694585070014,-0.002264400478452444,0.006913442630320787,0.04868246090510148,1.1844892422446085,0.1793984069197867,0.26058763329381385,-0.010710141399122325,-1.5,0.51180821746853,-0.033839909977887155,1.4919843673706055,-3.0821481947657836,1.7090527450431967,0
1780805323.6388583,FLY,spline,1,147,-23.184959065813686,-0.394495884353492,-1.9015624714486479,-23.182342529296875,-0.6620800495147705,-1.9345752000808716,-0.002616536516811152,0.26758416516127853,0.03301272863222371,0.26759695758435337,0.28969398030449195,1.2,-1.1770829289316525,0.14076312620768372,0.1861760476482453,-0.0002566909824963659,-0.0023932885378599167,0.007452535443007946,0.04853533098052995,1.1862225079645738,0.17872351220523736,0.26096895175220625,-0.010677772815716588,-1.5,0.5118264643432529,-0.0338756546803282,1.491460919380188,-3.0821481947657836,1.7095761930336142,0
1780805323.6494825,FLY,spline,1,147,-23.184959065813686,-0.394495884353492,-1.9015624714486479,-23.182342529296875,-0.6620800495147705,-1.9345752000808716,-0.002616536516811152,0.26758416516127853,0.03301272863222371,0.26759695758435337,0.28969398030449195,1.2,-1.1770829289316525,0.14076312620768372,0.1861760476482453,-0.0002566909824963659,-0.0023932885378599167,0.007452535443007946,0.04899445387832756,1.1856890462767815,0.17872351220523736,0.26085159018089193,-0.010778779853232062,-1.5,0.5117907196408118,-0.03391139938276925,1.4916192293167114,-3.0821481947657836,1.7094178830970908,0
1780805323.660049,FLY,spline,1,147,-23.184959065813686,-0.394495884353492,-1.9015624714486479,-23.182342529296875,-0.662109375,-1.9344335794448853,-0.002616536516811152,0.267613490646508,0.03287110799623738,0.26762628166783703,0.2896997224261831,1.2,-1.1770976251550203,0.14078506989027836,0.186066506793675,-0.001216354314237833,-0.0024661070201545954,0.007539639249444008,0.04938356832341381,1.1838287805091592,0.178526867544231,0.26044233171201503,-0.010864385031151039,-1.5,0.5117707458401836,-0.033947104756278094,1.4915587902069092,-3.0821481947657836,1.709478322206893,0
1780805323.670461,FLY,spline,1,147,-23.184959065813686,-0.394495884353492,-1.9015624714486479,-23.182342529296875,-0.6621191501617432,-1.9343700408935547,-0.002616536516811152,0.2676232658082512,0.032807569444906814,0.2676360563623999,0.28969926107576066,1.2,-1.177104518031007,0.1407923157442774,0.18601741170749034,-0.0011226653587073088,-0.0023416364565491676,0.007203411776572466,0.04894821035068847,1.183898983729704,0.17881399993091787,0.2604577764205349,-0.010768606277151463,-1.5,0.5117120124492623,-0.03398286755626428,1.4912731647491455,-3.0821481947657836,1.7097639476646567,0
1780805323.6812797,FLY,spline,1,147,-23.184959065813686,-0.394495884353492,-1.9015624714486479,-23.182342529296875,-0.6621386408805847,-1.9342626333236694,-0.002616536516811152,0.26764275652709274,0.03270016187502156,0.2676555461498313,0.2897011988724816,1.2,-1.1771158996953448,0.14080684344729655,0.18593437423679263,-0.001013317028991878,-0.0022987043485045433,0.00718127703294158,0.04889640970515376,1.184012525731094,0.17875309720385105,0.26048275566084067,-0.010757210135133826,-1.5,0.5116811340479869,-0.03401861817570505,1.4912010431289673,-3.0821481947657836,1.709836069284835,0
1780805323.691915,FLY,spline,1,147,-23.184959065813686,-0.394495884353492,-1.9015624714486479,-23.182342529296875,-0.662158191204071,-1.9341356754302979,-0.002616536516811152,0.26766230685057907,0.03257320398164998,0.26767509553919533,0.2897003847573159,1.2,-1.1771296577457162,0.14082133406282918,0.1858362739838973,-0.0008855247288011014,-0.00233543966896832,0.0075506302528083324,0.04894043844275549,1.1841721254147881,0.17828564373108896,0.2605178675912534,-0.010766896457406208,-1.5,0.5116828731970616,-0.034054275304451265,1.4911229610443115,-3.0821481947657836,1.7099141513694907,0
1780805323.702289,FLY,spline,1,147,-23.184959065813686,-0.394495884353492,-1.9015624714486479,-23.182342529296875,-0.662158191204071,-1.9341356754302979,-0.002616536516811152,0.26766230685057907,0.03257320398164998,0.26767509553919533,0.2897003847573159,1.2,-1.1771296577457162,0.14082133406282918,0.1858362739838973,-0.0008855247288011014,-0.00233543966896832,0.0075506302528083324,0.04887851178449601,1.1840968122913094,0.17828564373108896,0.26050129870408806,-0.010753272592589121,-1.5,0.5116472160683154,-0.03408993243319748,1.491033673286438,-3.0821481947657836,1.7100034391273642,0
1780805323.7130692,FLY,spline,1,147,-23.184959065813686,-0.394495884353492,-1.9015624714486479,-23.18226432800293,-0.6620116829872131,-1.934047818183899,-0.0026947378107564646,0.26751579863372116,0.03248534673525105,0.26752937059415804,0.2895862148619252,1.2,-1.1771543844700956,0.14071190706633463,0.18576252133459323,-0.014648818410933018,0.010632256977260113,0.005225314758718014,0.016065598187219976,1.1607335624934056,0.18053720657587521,0.2553613837485492,-0.003534431601188395,-1.5,0.5114309835994173,-0.034126039874512654,1.4791966676712036,-3.0821481947657836,1.7218404447425986,0
1780805323.7235072,FLY,spline,1,147,-23.184959065813686,-0.394495884353492,-1.9015624714486479,-23.18226432800293,-0.6619726419448853,-1.934023380279541,-0.0026947378107564646,0.2674767575913933,0.03246090883089314,0.26749033153269985,0.2895473272937632,1.2,-1.1771608606565842,0.1406818008853934,0.18574428399789877,-0.004737758543342352,0.0023329395335167646,0.003759202780202031,0.025572043154785715,1.1804868655663625,0.18198508121769674,0.25970711042459976,-0.005625849494052857,-1.5,0.5112787566118282,-0.034162436890756195,1.4755055904388428,-3.0821481947657836,1.7255315219749594,0
1780805323.7340813,FLY,spline,1,147,-23.184959065813686,-0.394495884353492,-1.9015624714486479,-23.18226432800293,-0.6619726419448853,-1.9339697360992432,-0.0026947378107564646,0.2674767575913933,0.03240726465059529,0.26749033153269985,0.2895395387458935,1.2,-1.1771674080470247,0.14068157480876944,0.18570295619933977,-0.000942554441280663,-0.0008226239588111639,0.005242690909653902,0.02997434720422175,1.1869623019877131,0.18046026528968587,0.2611317064372969,-0.006594356384928785,-1.5,0.511364649833011,-0.03419852894381413,1.475317120552063,-3.0821481947657836,1.7257199918617392,0
1780805323.744693,FLY,spline,1,147,-23.184959065813686,-0.394495884353492,-1.9015624714486479,-23.18226432800293,-0.6620019674301147,-1.9337987899780273,-0.0026947378107564646,0.26750608307662277,0.03223631852937947,0.2675196555299549,0.28954132999876164,1.2,-1.1771856391264484,0.14070339014475103,0.1855708140743829,9.084701014216989e-05,-0.0017283697379752994,0.006254310254007578,0.03068966451693514,1.1880032430964345,0.1793165038203753,0.2613607134812156,-0.00675172619372573,-1.5,0.5114202874497917,-0.03423439224457821,1.4751261472702026,-3.0821481947657836,1.7259109651435995,0
1780805323.7552457,FLY,spline,1,147,-23.184959065813686,-0.394495884353492,-1.9015624714486479,-23.18226432800293,-0.6620116829872131,-1.9337352514266968,-0.0026947378107564646,0.26751579863372116,0.032172779978048904,0.26752937059415804,0.2895409501140863,1.2,-1.1771925175579323,0.14071058798214303,0.18552171580528426,5.6228636822197586e-05,-0.001780403545126319,0.006639618892222643,0.03013448924286531,1.187222929106804,0.17888209691306162,0.2611890444034969,-0.006629587633430368,-1.5,0.5114192635829943,-0.03427016866396082,1.4749211072921753,-3.0821481947657836,1.7261160051216269,0
1780805323.7655115,FLY,spline,1,147,-23.184959065813686,-0.394495884353492,-1.9015624714486479,-23.18226432800293,-0.6620214581489563,-1.9336718320846558,-0.0026947378107564646,0.2675255737954643,0.03210936063600789,0.26753914526001826,0.2895406556322035,1.2,-1.177199374070367,0.14071783188231746,0.18547270817744546,9.492874232819304e-05,-0.001834987779147923,0.006731133442372084,0.029927772053480545,1.1867828728546752,0.17874157473507338,0.26109223202802856,-0.00658410985176572,-1.5,0.5113947570422863,-0.034305916978907836,1.4749211072921753,-3.0821481947657836,1.7261160051216269,0
1780805323.7762985,FLY,spline,1,147,-23.184959065813686,-0.394495884353492,-1.9015624714486479,-23.18226432800293,-0.662060558795929,-1.933447241783142,-0.0026947378107564646,0.267564674442437,0.03188477033449422,0.2675782439238213,0.2895437864166995,1.2,-1.1772232376364584,0.1407469285381182,0.18529908492979838,0.0003380203270353377,-0.001722750486806035,0.006617984734475613,0.02906288388051488,1.1868322856403697,0.17868110019532277,0.26110310284088134,-0.006393834453713274,-1.5,0.5113638587854273,-0.0343416531989469,1.4745229482650757,-3.0821481947657836,1.7265141641487265,0
1780805323.7869515,FLY,spline,1,147,-23.184959065813686,-0.394495884353492,-1.9015624714486479,-23.18226432800293,-0.662060558795929,-1.933447241783142,-0.0026947378107564646,0.267564674442437,0.03188477033449422,0.2675782439238213,0.2895437864166995,1.2,-1.1772232376364584,0.1407469285381182,0.18529908492979838,0.0003380203270353377,-0.001722750486806035,0.006617984734475613,0.02880993727886244,1.1865264552155392,0.17868110019532277,0.2610358201474186,-0.006338186201349737,-1.5,0.5113281225653883,-0.034377389418985965,1.4744224548339844,-3.0821481947657836,1.7266146575798178,0
1780805323.797726,FLY,spline,1,147,-23.184959065813686,-0.394495884353492,-1.9015624714486479,-23.18226432800293,-0.6620702743530273,-1.9333837032318115,-0.0026947378107564646,0.26757438999953537,0.03182123178316365,0.2675879589882403,0.2895434856463825,1.2,-1.1772301046740703,0.14075412499439804,0.18524998500982065,0.0004271316574886441,-0.0018052789382636547,0.006750245112925768,0.028720720492058593,1.1864800027327451,0.17849973989689488,0.26102560060120394,-0.0063185585082528905,-1.5,0.5113069314412831,-0.03441308936696534,1.4743181467056274,-3.0821481947657836,1.7267189657081747,0
1780805323.8085005,FLY,spline,1,147,-23.184959065813686,-0.394495884353492,-1.9015624714486479,-23.18226432800293,-0.662109375,-1.9331493377685547,-0.0026947378107564646,0.267613490646508,0.031586866319906814,0.2676270576527668,0.28954545568719153,1.2,-1.177255124083425,0.1407831759331664,0.18506882555819723,0.0005521964631043375,-0.001758099882863462,0.006742482073605061,0.028356139708990355,1.1865517667455316,0.17832634348459217,0.26104138868401694,-0.006238350735977878,-1.5,0.5112851378855705,-0.03444875463566226,1.4741220474243164,-3.0821481947657836,1.7269150649894858,0
1780805323.8195267,FLY,spline,1,147,-23.184959065813686,-0.394495884353492,-1.9015624714486479,-23.18226432800293,-0.6621191501617432,-1.9330859184265137,-0.0026947378107564646,0.2676232658082512,0.0315234469778658,0.26763683231898894,0.28954529284118863,1.2,-1.1772619616364715,0.1407904175334602,0.18501981519448427,0.0006293678306974471,-0.0018210072303190827,0.006848144344985485,0.028283185019785925,1.1865536774681438,0.17817167084949878,0.2610418090429916,-0.006222300704352903,-1.5,0.511261877362208,-0.03448438896983216,1.4740195274353027,-3.0821481947657836,1.7270175849784994,0
1780805323.8302505,FLY,spline,1,147,-23.184959065813686,-0.394495884353492,-1.9015624714486479,-23.18226432800293,-0.6621288657188416,-1.9330174922943115,-0.0026947378107564646,0.2676329813653496,0.03145502084566365,0.2676465473836236,0.2895443801937503,1.2,-1.1772694111433755,0.14079759169789616,0.18496694774527242,0.0011895560892298818,-0.001719389809295535,0.006045165006071329,0.027748367919172387,1.1873307231194745,0.1789217827392011,0.2612127590862844,-0.006104640942217925,-1.5,0.5111660840544839,-0.034520173326379994,1.4738085269927979,-3.0821481947657836,1.7272285854210043,0
1780805323.841647,FLY,spline,1,147,-23.184959065813686,-0.394495884353492,-1.9015624714486479,-23.18226432800293,-0.6621288657188416,-1.9330174922943115,-0.0026947378107564646,0.2676329813653496,0.03145502084566365,0.2676465473836236,0.2895443801937503,1.2,-1.1772694111433755,0.14079759169789616,0.18496694774527242,0.0011895560892298818,-0.001719389809295535,0.006045165006071329,0.02753091193684984,1.1871528594412504,0.1789217827392011,0.2611736290770751,-0.006056800626106964,-1.5,0.5111302996979361,-0.03455595768292783,1.4736299514770508,-3.0821481947657836,1.7274071609367514,0
1780805323.8525264,FLY,spline,1,147,-23.184959065813686,-0.394495884353492,-1.9015624714486479,-23.18226432800293,-0.662158191204071,-1.9328662157058716,-0.0026947378107564646,0.26766230685057907,0.03130374425722371,0.267675871382615,0.2895495277370921,1.2,-1.1772851693634927,0.14081948108156245,0.1848499492688372,0.0007023811340332031,-0.0017026665154844522,0.0067556570284068584,0.027492836048504207,1.186277678991281,0.17809429224043033,0.26098108937808184,-0.0060484239306709256,-1.5,0.5111608800793898,-0.034591576541375915,1.4735324382781982,-3.0821481947657836,1.727504674135604,0
1780805323.8632545,FLY,spline,1,147,-23.184959065813686,-0.394495884353492,-1.9015624714486479,-23.18226432800293,-0.6621679663658142,-1.932802677154541,-0.0026947378107564646,0.26767208201232223,0.031240205705893143,0.26768564604901784,0.28954941173696525,1.2,-1.1772920122245436,0.14082672105617824,0.1848008457471194,0.0008088492904789746,-0.0018188303802162409,0.006936993449926376,0.027545785579176835,1.1864747407226446,0.17786385229719304,0.2610244429589818,-0.006060072827418904,-1.5,0.5111437425043893,-0.03462714931183535,1.4734362363815308,-3.0821481947657836,1.7276008760322714,0
1780805323.873955,FLY,spline,1,147,-23.184959065813686,-0.394495884353492,-1.9015624714486479,-23.182382583618164,-0.6624315977096558,-1.932582974433899,-0.0025764821955220896,0.2679357133561638,0.031020502985251053,0.26794810085570714,0.28971013773839,1.2,-1.177293730030387,0.14102302718693077,0.18464013386631972,-0.0696314200758934,-0.05946185439825058,0.04985370114445686,0.22498821734648128,1.0676697052112258,0.13478643272186286,0.23488733514646967,-0.04949740781622588,-1.5,0.5145629787838712,-0.034654106598379725,1.5611653327941895,-3.0821481947657836,1.6398717796196127,0
1780805323.8845263,FLY,spline,1,147,-23.184959065813686,-0.394495884353492,-1.9015624714486479,-23.183515548706055,-0.6633495688438416,-1.9318065643310547,-0.0014435171076314646,0.2688536844903496,0.030244092882406814,0.2688575596959782,0.28998567210498166,1.2,-1.1772926496814897,0.141673841311018,0.18414814605126364,-0.0931297317147255,-0.0734846442937851,0.059653863310813904,0.16946980699870257,1.0562250044208452,0.12449428274044974,0.23236950097258594,-0.03728335753971457,-1.5,0.5153614519258363,-0.034679005454927816,1.4956334829330444,-3.0821481947657836,1.7054036294807577,0
1780805323.8950887,FLY,spline,1,147,-23.184959065813686,-0.394495884353492,-1.9015624714486479,-23.18226432800293,-0.6623437404632568,-1.9325194358825684,-0.0026947378107564646,0.26784785610976486,0.030956964433920486,0.2678614112455656,0.28966883536315935,1.2,-1.1773106430256222,0.1409605810134704,0.1845799675450733,-0.007611026521772146,0.01356941182166338,-0.014156375080347061,-0.01252839537197803,1.1944252548764733,0.19873634262542036,0.26277355607282415,0.0027562469818351665,-1.5,0.5093823398665135,-0.0347187527234529,1.4782277345657349,-3.0821481947657836,1.7228093778480673,0
1780805323.9055429,FLY,spline,1,147,-23.184959065813686,-0.394495884353492,-1.9015624714486479,-23.18210792541504,-0.6623339653015137,-1.9325683116912842,-0.0028511403986470896,0.2678380809480217,0.031005840242636307,0.2678532557343513,0.28972933564985537,1.2,-1.177307341838559,0.14096034061795076,0.18460120591669324,0.0014068412128835917,-0.0013651486951857805,0.001867914106696844,0.014601556760249781,1.2056743240043715,0.1827332918099964,0.26524835128096175,-0.003212342487254952,-1.5,0.5106260372733855,-0.0347552993818149,1.47432541847229,-3.0821481947657836,1.7267116939415121,0
1780805323.916127,FLY,spline,1,147,-23.184959065813686,-0.394495884353492,-1.9015624714486479,-23.182069778442383,-0.6623827815055847,-1.932436466217041,-0.0028892873713033396,0.26788689715209274,0.030873994768393143,0.26790247786702137,0.289770360523555,1.2,-1.1773193842873007,0.1409990079337611,0.18449484313407252,0.0007158851367421448,-0.0014378201449289918,0.005895781330764294,0.017235222524172075,1.199016462320594,0.17859906180330823,0.26378362171053066,-0.0037917489553178567,-1.5,0.5109210558615598,-0.034791019194175564,1.4729022979736328,-3.0821481947657836,1.7281348144401694,0
1780805323.9270902,FLY,spline,1,147,-23.184959065813686,-0.394495884353492,-1.9015624714486479,-23.182069778442383,-0.6623827815055847,-1.932436466217041,-0.0028892873713033396,0.26788689715209274,0.030873994768393143,0.26790247786702137,0.289770360523555,1.2,-1.1773193842873007,0.1409990079337611,0.18449484313407252,0.0007158851367421448,-0.0014378201449289918,0.005895781330764294,0.01997205384543066,1.1952077811052568,0.17859906180330823,0.2629457118431565,-0.0043938518459947454,-1.5,0.5108853360491992,-0.034826739006536225,1.4728374481201172,-3.0821481947657836,1.728199664293685,0
1780805323.9375324,FLY,spline,1,147,-23.184959065813686,-0.394495884353492,-1.9015624714486479,-23.182069778442383,-0.6624121069908142,-1.9322607517242432,-0.0028892873713033396,0.26791622263732223,0.03069828027559529,0.2679318016469213,0.28977243313822476,1.2,-1.1773380541173495,0.14102078525069087,0.18435900969155639,0.0011443519033491611,-0.0017383239464834332,0.006884169299155474,0.022122873859964004,1.1933082413587646,0.1774748403924009,0.2625278130989282,-0.004867032249192081,-1.5,0.5109397787939932,-0.03486223397461471,1.4726173877716064,-3.0821481947657836,1.7284197246421957,0
1780805323.948233,FLY,spline,1,147,-23.184959065813686,-0.394495884353492,-1.9015624714486479,-23.182069778442383,-0.6624218821525574,-1.932192325592041,-0.0028892873713033396,0.2679259977990654,0.030629854143393143,0.26794157624030424,0.2897717798808464,1.2,-1.177345467716122,0.14102800137601665,0.18430613792327183,0.0009595489245839417,-0.0018890511710196733,0.007596964482218027,0.023607378170882654,1.1911007506623723,0.1767091734410538,0.26204216514572193,-0.005193623197594184,-1.5,0.5109656903154128,-0.034897575809302916,1.4725128412246704,-3.0821481947657836,1.7285242711891318,0
1780805323.9590638,FLY,spline,1,147,-23.184959065813686,-0.394495884353492,-1.9015624714486479,-23.182069778442383,-0.6624218821525574,-1.932192325592041,-0.0028892873713033396,0.2679259977990654,0.030629854143393143,0.26794157624030424,0.2897717798808464,1.2,-1.177345467716122,0.14102800137601665,0.18430613792327183,0.0009595489245839417,-0.0018890511710196733,0.007596964482218027,0.02437513588845676,1.1897659450485545,0.1767091734410538,0.261748507910682,-0.005362529895460487,-1.5,0.5109303484807246,-0.034932917643991125,1.4724020957946777,-3.0821481947657836,1.7286350166191244,0
1780805323.9699867,FLY,spline,1,147,-23.184959065813686,-0.394495884353492,-1.9015624714486479,-23.182031631469727,-0.6624902486801147,-1.93191397190094,-0.0029274343439595896,0.26799436432662277,0.03035150045229207,0.26801035275277857,0.2898104668830227,1.2,-1.1773734603853963,0.14108105314161423,0.18408658621575455,-0.0013538551284000278,-0.002159267198294401,0.007464895024895668,0.025734160197411163,1.1852447449123575,0.17662169119085888,0.26075384388071865,-0.005661515243430456,-1.5,0.5109020227225021,-0.034968241982229295,1.4722800254821777,-3.0821481947657836,1.7287570869316244,0
1780805323.9806747,FLY,spline,1,147,-23.184959065813686,-0.394495884353492,-1.9015624714486479,-23.182031631469727,-0.6624902486801147,-1.93191397190094,-0.0029274343439595896,0.26799436432662277,0.03035150045229207,0.26801035275277857,0.2898104668830227,1.2,-1.1773734603853963,0.14108105314161423,0.18408658621575455,-0.0013538551284000278,-0.002159267198294401,0.007464895024895668,0.025824838281772372,1.1849986384966142,0.17662169119085888,0.2606997004692551,-0.005681464421989922,-1.5,0.5108666983842639,-0.035003566320467465,1.4720674753189087,-3.0821481947657836,1.7289696370948935,0
1780805323.9912217,FLY,spline,1,147,-23.184959065813686,-0.394495884353492,-1.9015624714486479,-23.182031631469727,-0.6625097393989563,-1.9318358898162842,-0.0029274343439595896,0.2680138550454643,0.030273418367636307,0.2680298423089663,0.28981737276734876,1.2,-1.1773811576852453,0.14109569135405947,0.18402612697405582,-0.0012521171011030674,-0.002127779880538583,0.007655000314116478,0.025680978169323618,1.1850015487629062,0.17637112665993934,0.2607003407278394,-0.005649815197251196,-1.5,0.5108514693214055,-0.035038840545799456,1.4717808961868286,-3.0821481947657836,1.7292562162269736,0
1780805324.0017033,FLY,spline,1,147,-23.184959065813686,-0.394495884353492,-1.9015624714486479,-23.182031631469727,-0.6625292897224426,-1.9317578077316284,-0.0029274343439595896,0.26803340536895065,0.030195336282980545,0.2680493914664132,0.28982435484539487,1.2,-1.1773888464044455,0.1411103749471372,0.18396566648341667,-0.0011842537205666304,-0.0021726523991674185,0.007754859980195761,0.025249767486711414,1.1850035833852293,0.1762108065032209,0.26070078834475047,-0.005554948847076511,-1.5,0.5108290527726422,-0.0350740827071001,1.4712011814117432,-3.0821481947657836,1.729835931002059,0
1780805324.01236,FLY,spline,1,147,-23.184959065813686,-0.394495884353492,-1.9015624714486479,-23.182031631469727,-0.6625683307647705,-1.931581974029541,-0.0029274343439595896,0.26807244641127853,0.030019502580893143,0.268088430180726,0.2898356418297339,1.2,-1.1774065963746865,0.14113960945616874,0.18382958808618508,-0.0010717582190409303,-0.001867148675955832,0.006244001444429159,0.02494687523564057,1.1850517395021185,0.17758558664175592,0.26071138269046606,-0.005488312551840926,-1.5,0.5106835532442312,-0.035109599824428454,1.4712399244308472,-3.0821481947657836,1.729797187982955,0
1780805324.0229566,FLY,spline,1,147,-23.184959065813686,-0.394495884353492,-1.9015624714486479,-23.182031631469727,-0.66259765625,-1.93142569065094,-0.0029274343439595896,0.268101771896508,0.02986321920229207,0.2681177539177244,0.2898408960856886,1.2,-1.1774228418461192,0.14116146188091785,0.18370871829788196,-0.0005732727004215121,-0.0020763578359037638,0.007858767174184322,0.025266376840818047,1.185811647884085,0.17584995112369764,0.2608785625344987,-0.0055586029049799705,-1.5,0.510787234095451,-0.03514476981465319,1.471158504486084,-3.0821481947657836,1.7298786079277182,0
1780805324.0335867,FLY,spline,1,147,-23.184959065813686,-0.394495884353492,-1.9015624714486479,-23.182031631469727,-0.66259765625,-1.93142569065094,-0.0029274343439595896,0.268101771896508,0.02986321920229207,0.2681177539177244,0.2898408960856886,1.2,-1.1774228418461192,0.14116146188091785,0.18370871829788196,-0.0005732727004215121,-0.0020763578359037638,0.007858767174184322,0.02532524097740095,1.1856464534876108,0.17584995112369764,0.2608422197672744,-0.0055715530150282095,-1.5,0.5107520641052263,-0.03517993980487793,1.471158504486084,-3.0821481947657836,1.7298786079277182,0
1780805324.0440757,FLY,spline,1,147,-23.184959065813686,-0.394495884353492,-1.9015624714486479,-23.182031631469727,-0.6626171469688416,-1.9313476085662842,-0.0029274343439595896,0.2681212626153496,0.029785137117636307,0.2681372434748434,0.28984794000562597,1.2,-1.1774305190899002,0.14117609752084448,0.18364825674226704,-0.0005261421320028603,-0.002156132599338889,0.008162388578057289,0.08652843326754264,1.1827465240404853,0.17548586816420975,0.2602042352889068,-0.019036255318859382,-1.5,0.5107460935683524,-0.03521503697851077,1.5226763486862183,-3.0821481947657836,1.678360763727584,0
1780805324.0547614,FLY,spline,1,147,-23.184959065813686,-0.394495884353492,-1.9015624714486479,-23.182889938354492,-0.6633105278015137,-1.9306200742721558,-0.0020691274591939646,0.2688146434480217,0.02905760282350789,0.2688226066024385,0.2900371796025824,1.2,-1.177446345565859,0.14166690963473788,0.18316820146561175,-0.07729028165340424,-0.060149695724248886,0.05117125064134598,0.18590997708127155,1.0644994611553829,0.13199695082426577,0.23418988145418423,-0.04090019495787974,-1.5,0.5141988075653832,-0.035241436368675626,1.5226763486862183,-3.0821481947657836,1.678360763727584,0
1780805324.0655243,FLY,spline,1,147,-23.184959065813686,-0.394495884353492,-1.9015624714486479,-23.183515548706055,-0.6637988090515137,-1.93020498752594,-0.0014435171076314646,0.2693029246980217,0.02864251607729207,0.2693067934392825,0.290178424519815,1.2,-1.177445334276712,0.14201194790332294,0.182907330204959,0.01288635190576315,0.020969122648239136,-0.0343090258538723,-0.018957067254423324,1.2160925049336464,0.2172163560588313,0.2675403510854022,0.004170554795973131,-1.5,0.5073378118754062,-0.03528487963988739,1.4752581119537354,-3.0821481947657836,1.7257790004600668,0
1780805324.0764782,FLY,spline,1,147,-23.184959065813686,-0.394495884353492,-1.9015624714486479,-23.182069778442383,-0.6628222465515137,-1.93093740940094,-0.0028892873713033396,0.2683263621980217,0.02937493795229207,0.26834191739632834,0.28996317889440826,1.2,-1.177461143769374,0.141330171328034,0.18333313280939184,-0.0001220703125,-0.0022185174748301506,0.003443708410486579,0.02472272787391855,1.192982717501352,0.17988942439890526,0.26245619785029745,-0.005439000132262081,-1.5,0.5102879885233205,-0.03532085752476717,1.473650336265564,-3.0821481947657836,1.7273867761482382,0
1780805324.0867615,FLY,spline,1,147,-23.184959065813686,-0.394495884353492,-1.9015624714486479,-23.182069778442383,-0.6628222465515137,-1.93093740940094,-0.0028892873713033396,0.2683263621980217,0.02937493795229207,0.26834191739632834,0.28996317889440826,1.2,-1.177461143769374,0.141330171328034,0.18333313280939184,-0.0001220703125,-0.0022185174748301506,0.003443708410486579,0.02549477188010639,1.1908102149637978,0.17988942439890526,0.2619782472920355,-0.005608849813623406,-1.5,0.5102520106384407,-0.03535683540964695,1.4733022451400757,-3.0821481947657836,1.7277348672737265,0
1780805324.0976856,FLY,spline,1,147,-23.184959065813686,-0.394495884353492,-1.9015624714486479,-23.182069778442383,-0.6628320217132568,-1.9308984279632568,-0.0028892873713033396,0.26833613735976486,0.029335956514608963,0.26835169199144726,0.28996680491666427,1.2,-1.1774649624229583,0.14133751086862406,0.18330294675144515,-0.0018170165130868554,-0.00203511631116271,0.005127449054270983,0.026050058791736885,1.186568825627171,0.17817549769717417,0.2610451416379776,-0.005731012934182115,-1.5,0.5103534896750398,-0.03539247050918638,1.4730840921401978,-3.0821481947657836,1.7279530202736044,0
1780805324.1083636,FLY,spline,1,147,-23.184959065813686,-0.394495884353492,-1.9015624714486479,-23.182069778442383,-0.662841796875,-1.9308544397354126,-0.0028892873713033396,0.268345912521508,0.029291968286764725,0.2683614665866074,0.2899697648123588,1.2,-1.177469383470573,0.14134482830727108,0.183268902163507,-0.0015995216090232134,-0.002297454746440053,0.0064880275167524815,0.026966168927481188,1.1862031727281137,0.17678087464675452,0.260964698000185,-0.005932557164045862,-1.5,0.510429703344144,-0.03542782668411573,1.4730314016342163,-3.0821481947657836,1.7280057107795859,0
1780805324.1193337,FLY,spline,1,147,-23.184959065813686,-0.394495884353492,-1.9015624714486479,-23.182069778442383,-0.6628710627555847,-1.9306883811950684,-0.0028892873713033396,0.26837517840209274,0.029125909746420486,0.2683907307711447,0.2899740765678447,1.2,-1.1774867508363356,0.1413665839671708,0.18314049399939317,-0.0015653609298169613,-0.002593712415546179,0.007675084751099348,0.02780932885226471,1.1857571002183604,0.17546540924829382,0.2608665620480393,-0.0061180523474982365,-1.5,0.5104998474941712,-0.03546291976596539,1.4730149507522583,-3.0821481947657836,1.7280221616615439,0
1780805324.1299195,FLY,spline,1,147,-23.184959065813686,-0.394495884353492,-1.9015624714486479,-23.182069778442383,-0.662890613079071,-1.9306200742721558,-0.0028892873713033396,0.26839472872557907,0.02905760282350789,0.2684102799618359,0.2899826913334044,1.2,-1.1774932150273711,0.141381304207136,0.18308756207125043,-0.001619052840396762,-0.0027399854734539986,0.008090352639555931,0.028227242327391766,1.1852885238907256,0.1749972094316945,0.2607634752559596,-0.006209993312026188,-1.5,0.5105023040376128,-0.03549791920785173,1.4729771614074707,-3.0821481947657836,1.7280599510063315,0
1780805324.1403968,FLY,spline,1,147,-23.184959065813686,-0.394495884353492,-1.9015624714486479,-23.182069778442383,-0.6629101634025574,-1.9305517673492432,-0.0028892873713033396,0.2684142790490654,0.02898929590059529,0.2684298291526922,0.2899913232506387,1.2,-1.1774996766983938,0.14139602410647775,0.18303462989843886,-0.0017690467648208141,-0.0028803658206015825,0.00818135216832161,0.028546802210297165,1.1847975644557396,0.17485327773011725,0.2606554641802627,-0.006280296486265376,-1.5,0.5104788479181929,-0.035532889863397754,1.4729269742965698,-3.0821481947657836,1.7281101381172324,0
1780805324.1509845,FLY,spline,1,147,-23.184959065813686,-0.394495884353492,-1.9015624714486479,-23.182069778442383,-0.6629492044448853,-1.9304345846176147,-0.0028892873713033396,0.2684533200913933,0.028872113168966873,0.26846886793370667,0.2900111618096138,1.2,-1.1775102610307846,0.14142550293596393,0.18294374076891273,-0.0016910552512854338,-0.002852736273780465,0.008200202137231827,0.028266532024059557,1.1847678081894304,0.1747435386316809,0.2606489178016747,-0.0062186370452931026,-1.5,0.5104526783383415,-0.03556783857112409,1.4726604223251343,-3.0821481947657836,1.728376690088668,0
1780805324.1617234,FLY,spline,1,147,-23.184959065813686,-0.394495884353492,-1.9015624714486479,-23.182069778442383,-0.6630077958106995,-1.930214762687683,-0.0028892873713033396,0.2685119114572075,0.028652291239035232,0.26852745590705845,0.29003522940044135,1.2,-1.1775314136823973,0.14146954696983752,0.18277345833376266,-0.0017125129234045744,-0.002985939383506775,0.008527569472789764,0.028582579008917974,1.1846541522676208,0.1742458888609729,0.2606239134988766,-0.006288167381961954,-1.5,0.5104576411422259,-0.035602687748896286,1.4726604223251343,-3.0821481947657836,1.728376690088668,0
1780805324.1726387,FLY,spline,1,147,-23.184959065813686,-0.394495884353492,-1.9015624714486479,-23.182069778442383,-0.6630077958106995,-1.930214762687683,-0.0028892873713033396,0.2685119114572075,0.028652291239035232,0.26852745590705845,0.29003522940044135,1.2,-1.1775314136823973,0.14146954696983752,0.18277345833376266,-0.0017125129234045744,-0.002985939383506775,0.008527569472789764,0.028250100787956672,1.1845601913749157,0.1742458888609729,0.2606032421024815,-0.006215022173350468,-1.5,0.5104227919644537,-0.03563753692666848,1.4723865985870361,-3.0821481947657836,1.728650513826766,0
1780805324.1835237,FLY,spline,1,147,-23.184959065813686,-0.394495884353492,-1.9015624714486479,-23.182069778442383,-0.6630468368530273,-1.9300975799560547,-0.0028892873713033396,0.26855095249953537,0.028535108507406814,0.2685664946897168,0.29005521424802516,1.2,-1.1775419763892252,0.14149902279813142,0.18268256728142246,-0.0016102027148008347,-0.002914892276749015,0.008428807370364666,0.028113191616917887,1.1846632826840213,0.1742537599110578,0.2606259221904847,-0.006184902155721935,-1.5,0.5103873115284647,-0.03567238767865069,1.4723466634750366,-3.0821481947657836,1.7286904489387656,0
1780805324.193985,FLY,spline,1,147,-23.184959065813686,-0.394495884353492,-1.9015624714486479,-23.182069778442383,-0.6630859375,-1.9299510717391968,-0.0028892873713033396,0.268590053146508,0.028388600290548904,0.26860559307422843,0.29007146193340577,1.2,-1.1775560461231063,0.14152841300876307,0.18256907336714498,-0.0015025519533082843,-0.0029838746413588524,0.008979415521025658,0.02818031861557775,1.1848050318979106,0.17358965784611932,0.26065710701754036,-0.0061996700954271055,-1.5,0.5104057217620905,-0.03570710561021991,1.4722826480865479,-3.0821481947657836,1.7287544643272543,0
1780805324.2045484,FLY,spline,1,147,-23.184959065813686,-0.394495884353492,-1.9015624714486479,-23.182069778442383,-0.6631054282188416,-1.9298778772354126,-0.0028892873713033396,0.2686095438653496,0.028315405786764725,0.2686250826655343,0.2900795688691622,1.2,-1.1775630749022543,0.14154306201368552,0.18251237279301813,-0.0015676117036491632,-0.0029826646205037832,0.008681511506438255,0.028108276463711612,1.1846448277279291,0.17383086128657987,0.26062186210014443,-0.006183820822016555,-1.5,0.5103516593145965,-0.03574187178247723,1.4722058773040771,-3.0821481947657836,1.728831235109725,0
1780805324.2151606,FLY,spline,1,147,-23.184959065813686,-0.394495884353492,-1.9015624714486479,-23.182069778442383,-0.6631640195846558,-1.9296777248382568,-0.0028892873713033396,0.2686681352311638,0.028115253389608963,0.2686836706428303,0.2901066409533925,1.2,-1.1775818038328774,0.14158718501518794,0.18235724367620157,-0.001372280064970255,-0.0029228662606328726,0.0088992640376091,0.0277491656284386,1.184949692114207,0.17345797963859247,0.2606889322651256,-0.006104816438256492,-1.5,0.5103467982505077,-0.03577656337840495,1.4719620943069458,-3.0821481947657836,1.7290750181068564,0
1780805324.2258394,FLY,spline,1,147,-23.184959065813686,-0.394495884353492,-1.9015624714486479,-23.182186126708984,-0.6630957126617432,-1.9295752048492432,-0.002772939104701777,0.2685998283082512,0.02801273340059529,0.26861414139709844,0.2899848677214904,1.2,-1.1775989672268088,0.14152899910824157,0.1822915653500537,0.0007018661126494408,-0.0004943902604281902,0.003444957546889782,0.019459381770440168,1.1878928339320094,0.17884660780316392,0.26133642346504204,-0.004281063989496837,-1.5,0.5098799386757814,-0.03581233269996558,1.4685956239700317,-3.0821481947657836,1.7324414884437704,0
1780805324.23631,FLY,spline,1,147,-23.184959065813686,-0.394495884353492,-1.9015624714486479,-23.182186126708984,-0.6630957126617432,-1.9295752048492432,-0.002772939104701777,0.2685998283082512,0.02801273340059529,0.26861414139709844,0.2899848677214904,1.2,-1.1775989672268088,0.14152899910824157,0.1822915653500537,0.0007018661126494408,-0.0004943902604281902,0.003444957546889782,0.018122493728300645,1.1875467943134,0.17884660780316392,0.26126029474894796,-0.003986948620226142,-1.5,0.5098441693542207,-0.03584810202152621,1.467063307762146,-3.0821481947657836,1.7339738046516562,0
1780805324.246964,FLY,spline,1,147,-23.184959065813686,-0.394495884353492,-1.9015624714486479,-23.182186126708984,-0.6631054282188416,-1.9295165538787842,-0.002772939104701777,0.2686095438653496,0.027954082430136307,0.2686238564365227,0.2899860834824057,1.2,-1.177605120640504,0.14153620143885762,0.18224621676052014,0.00036706923856399953,-0.0012661179061979055,0.006150865461677313,0.019675366998811297,1.1868920375883174,0.17609535129884282,0.2611162482694298,-0.004328580739738485,-1.5,0.5100290508043067,-0.03588332109178598,1.4669963121414185,-3.0821481947657836,1.7340408002723837,0
1780805324.25769,FLY,spline,1,147,-23.184959065813686,-0.394495884353492,-1.9015624714486479,-23.182186126708984,-0.6631249785423279,-1.9293895959854126,-0.002772939104701777,0.2686290941888359,0.027827124536764725,0.2686434057184223,0.2899874132102204,1.2,-1.1776185678247533,0.14155065380743997,0.18214807471138264,0.0005697631859220564,-0.0017351510468870401,0.006995286792516708,0.02037894025871216,1.1871790823920685,0.17515278791886593,0.26117939812625507,-0.0044833668569166756,-1.5,0.5100694253171211,-0.035918351649369754,1.4668941497802734,-3.0821481947657836,1.7341429626335287,0
1780805324.268119,FLY,spline,1,147,-23.184959065813686,-0.394495884353492,-1.9015624714486479,-23.182186126708984,-0.6631737947463989,-1.9291601181030273,-0.002772939104701777,0.26867791039290695,0.02759764665437947,0.2686922193223639,0.29000219738114524,1.2,-1.177641638670356,0.14158712957251687,0.18197048004886224,0.0004699706914834678,-0.0019606936257332563,0.00785437598824501,0.020648242133087233,1.1869578173206152,0.17411610406061723,0.26113071981053537,-0.004542613269279191,-1.5,0.5101175368049687,-0.035953174870181875,1.4667747020721436,-3.0821481947657836,1.7342624103416586,0
1780805324.2787914,FLY,spline,1,147,-23.184959065813686,-0.394495884353492,-1.9015624714486479,-23.182186126708984,-0.6631933450698853,-1.9290918111801147,-0.002772939104701777,0.2686974607163933,0.027529339731466873,0.2687117686047935,0.29001119167438705,1.2,-1.1776480484341698,0.1416018427857167,0.1819175421417078,0.0007904624799266458,-0.0018839944386854768,0.007256059441715479,0.019906100107604324,1.1873839478208164,0.17466148269999232,0.2612244685205796,-0.004379342023672951,-1.5,0.5100389742172788,-0.03598810716672187,1.4663301706314087,-3.0821481947657836,1.7347069417823935,0
1780805324.289498,FLY,spline,1,147,-23.184959065813686,-0.394495884353492,-1.9015624714486479,-23.182186126708984,-0.6632031202316284,-1.9290282726287842,-0.002772939104701777,0.26870723587813644,0.027465801180136307,0.2687215432460651,0.2900119376833167,1.2,-1.1776547663194987,0.14160906710962368,0.18186842353006055,0.0013636398361995816,-0.001681631663814187,0.006112589500844479,0.019473136818425843,1.1881518605453076,0.17575583402921607,0.2613934093199677,-0.004284090100053686,-1.5,0.509916274944135,-0.036023258333527715,1.4663301706314087,-3.0821481947657836,1.7347069417823935,0
1780805324.2998543,FLY,spline,1,147,-23.184959065813686,-0.394495884353492,-1.9015624714486479,-23.182186126708984,-0.6632031202316284,-1.9290282726287842,-0.002772939104701777,0.26870723587813644,0.027465801180136307,0.2687215432460651,0.2900119376833167,1.2,-1.1776547663194987,0.14160906710962368,0.18186842353006055,0.0013636398361995816,-0.001681631663814187,0.006112589500844479,0.019332728915593914,1.1879688480479376,0.17575583402921607,0.26135314657054626,-0.004253200361430661,-1.5,0.5098811237773292,-0.03605840950033356,1.4661885499954224,-3.0821481947657836,1.7348485624183798,0
1780805324.3104587,FLY,spline,1,147,-23.184959065813686,-0.394495884353492,-1.9015624714486479,-23.182147979736328,-0.6632323861122131,-1.9288817644119263,-0.002811086077358027,0.26873650175872116,0.027319292963278397,0.26875120387162815,0.29003505044976946,1.2,-1.1776700593696732,0.14163261237950087,0.181751023036429,-0.001370334648527205,-0.0017098744865506887,0.006437692325562239,0.019364843126873296,1.1835300469053407,0.17531333071086677,0.260376610319175,-0.004260265487912125,-1.5,0.509881461376655,-0.03609347216647573,1.4657458066940308,-3.0821481947657836,1.7352913057197714,0
1780805324.320918,FLY,spline,1,147,-23.184959065813686,-0.394495884353492,-1.9015624714486479,-23.182147979736328,-0.6632421612739563,-1.9288134574890137,-0.002811086077358027,0.2687462769204643,0.0272509860403658,0.2687609784986377,0.29003523776200196,1.2,-1.1776773399057492,0.14163981432741632,0.18169822803157248,-0.001491336734034121,-0.0018766166176646948,0.006671600043773651,0.019466621268800416,1.183775379865064,0.17502662798779883,0.2604305835703141,-0.004282656679136091,-1.5,0.5098693922689029,-0.03612847749207329,1.4656214714050293,-3.0821481947657836,1.7354156410087729,0
1780805324.3314831,FLY,spline,1,147,-23.184959065813686,-0.394495884353492,-1.9015624714486479,-23.182147979736328,-0.6632519364356995,-1.9287450313568115,-0.002811086077358027,0.2687560520822075,0.02718255990816365,0.26877075312568616,0.2900354263706068,1.2,-1.1776846323097032,0.14164701544844807,0.18164534080483902,-0.0014323997311294079,-0.0019102117512375116,0.006724991835653782,0.01945426507759483,1.1841809499725526,0.17492034896918524,0.2605198089939616,-0.004279938317070863,-1.5,0.5098429105205982,-0.03616346156186713,1.4656214714050293,-3.0821481947657836,1.7354156410087729,0
1780805324.3420322,FLY,spline,1,147,-23.184959065813686,-0.394495884353492,-1.9015624714486479,-23.182147979736328,-0.6632617115974426,-1.928676724433899,-0.002811086077358027,0.26876582724395065,0.027114252985251053,0.26878052775277345,0.2900356465438068,1.2,-1.177691908102609,0.14165421681852985,0.18159254513103057,-0.0012227249098941684,-0.001877102069556713,0.006686801556497812,0.018855365292692564,1.1847220652172101,0.17490574357453276,0.2606388543477862,-0.004148180364392364,-1.5,0.5098090978034554,-0.036198442710582035,1.4652256965637207,-3.0821481947657836,1.7358114158500815,0
1780805324.3530831,FLY,spline,1,147,-23.184959065813686,-0.394495884353492,-1.9015624714486479,-23.182147979736328,-0.6632909774780273,-1.9284814596176147,-0.002811086077358027,0.26879509312453537,0.026918988168966873,0.26880979203288324,0.29003756721610907,1.2,-1.177712574692955,0.14167581715229602,0.1814416000930316,-0.0010035514133051038,-0.0018356788204982877,0.006729297339916229,0.01859550408415543,1.1851993903729408,0.17471230275311536,0.26074386588204695,-0.004091010898514195,-1.5,0.5097896306086183,-0.03623338517113266,1.4650907516479492,-3.0821481947657836,1.735946360765853,0
1780805324.3633516,FLY,spline,1,147,-23.184959065813686,-0.394495884353492,-1.9015624714486479,-23.182147979736328,-0.6633007526397705,-1.9284130334854126,-0.002811086077358027,0.26880486828627853,0.026850562036764725,0.26881956666012585,0.29003783579386794,1.2,-1.1777198555527049,0.14168301686530516,0.18138871124979492,-0.0009032440138980746,-0.001828560489229858,0.006745967548340559,0.022935882635905597,1.1853191062724058,0.17464274370145436,0.2607702033799293,-0.005045894179899231,-1.5,0.5097602667840108,-0.03626831371987295,1.4687772989273071,-3.0821481947657836,1.732259813486495,0
1780805324.3741422,FLY,spline,1,147,-23.184959065813686,-0.394495884353492,-1.9015624714486479,-23.182031631469727,-0.6634570360183716,-1.92822265625,-0.0029274343439595896,0.2689611516648796,0.026660184801352127,0.2689770826236625,0.2902023784718379,1.2,-1.1777297210329871,0.1418074631864602,0.1812273367353361,-0.0026164245791733265,-0.0031529245898127556,0.007968535646796227,0.026868942754190744,1.1828123156940922,0.17325880108853986,0.26021870945270026,-0.005911167405921964,-1.5,0.5098363304328263,-0.036302965480090654,1.4699232578277588,-3.0821481947657836,1.7311138545860434,0
1780805324.3848972,FLY,spline,1,147,-23.184959065813686,-0.394495884353492,-1.9015624714486479,-23.182031631469727,-0.6634765267372131,-1.9281005859375,-0.0029274343439595896,0.26898064238372116,0.026538114488852127,0.26899657218819256,0.29020485147868846,1.2,-1.1777425046958785,0.14182188106852076,0.18113295305621596,-0.0025766182225197554,-0.002537725493311882,0.007375712040811777,0.02552593175476381,1.1830786151724413,0.17375724101540418,0.2602772953379371,-0.005615704986048038,-1.5,0.509761703790474,-0.03633771692829373,1.4698525667190552,-3.0821481947657836,1.731184545694747,0
1780805324.3954594,FLY,spline,1,147,-23.184959065813686,-0.394495884353492,-1.9015624714486479,-23.182031631469727,-0.6634765267372131,-1.9281005859375,-0.0029274343439595896,0.26898064238372116,0.026538114488852127,0.26899657218819256,0.29020485147868846,1.2,-1.1777425046958785,0.14182188106852076,0.18113295305621596,-0.0025766182225197554,-0.002537725493311882,0.007375712040811777,0.025286097513738143,1.1832774301189724,0.17375724101540418,0.2603210346261739,-0.005562941453022391,-1.5,0.509726952342271,-0.03637246837649681,1.469732403755188,-3.0821481947657836,1.7313047086586142,0
1780805324.4063487,FLY,spline,1,147,-23.184959065813686,-0.394495884353492,-1.9015624714486479,-23.182031631469727,-0.6635058522224426,-1.927944302558899,-0.0029274343439595896,0.26900996786895065,0.026381831110251053,0.2690258959369749,0.2902120656062225,1.2,-1.1777584655334632,0.14184369718488793,0.18101205051925168,-0.0025070379488170147,-0.0024654928129166365,0.006971788126975298,0.024979752456885412,1.1835455343973988,0.17404026239227638,0.26038001756742774,-0.005495545540514791,-1.5,0.5096695025796427,-0.03640727642897527,1.4696108102798462,-3.0821481947657836,1.731426302133956,0
1780805324.4170668,FLY,spline,1,147,-23.184959065813686,-0.394495884353492,-1.9015624714486479,-23.182031631469727,-0.663525402545929,-1.9278271198272705,-0.0029274343439595896,0.269029518192437,0.026264648378622635,0.2690454451030401,0.2902153170725624,1.2,-1.1777706449630472,0.1418581810325415,0.1809214313934837,-0.0022172164171934128,-0.002482973039150238,0.007441406138241291,0.024426204980714766,1.1841237489303806,0.17348002525524242,0.26050722476468374,-0.0053737650957572485,-1.5,0.5096796255455543,-0.03644197243402632,1.4691730737686157,-3.0821481947657836,1.7318640386451865,0
1780805324.4276843,FLY,spline,1,147,-23.184959065813686,-0.394495884353492,-1.9015624714486479,-23.182031631469727,-0.663525402545929,-1.9278271198272705,-0.0029274343439595896,0.269029518192437,0.026264648378622635,0.2690454451030401,0.2902153170725624,1.2,-1.1777706449630472,0.1418581810325415,0.1809214313934837,-0.0022172164171934128,-0.002482973039150238,0.007441406138241291,0.024399870041551322,1.1841261330353896,0.17348002525524242,0.2605077492677857,-0.005367971409141291,-1.5,0.5096449295405033,-0.03647666843907737,1.4691730737686157,-3.0821481947657836,1.7318640386451865,0
1780805324.438275,FLY,spline,1,147,-23.184959065813686,-0.394495884353492,-1.9015624714486479,-23.182031631469727,-0.6635546684265137,-1.927675724029541,-0.0029274343439595896,0.2690587840730217,0.026113252580893143,0.2690747092513362,0.29022323046380877,1.2,-1.177786008084367,0.14187997098207375,0.1808042947355446,-0.00203222269192338,-0.002348235109820962,0.006868791300803423,0.024036406425262807,1.18443108641908,0.17393550343474118,0.2605748390121976,-0.005288009413557818,-1.5,0.5095737041854564,-0.036511455539764315,1.469061017036438,-3.0821481947657836,1.7319760953773642,0
1780805324.4487388,FLY,spline,1,147,-23.184959065813686,-0.394495884353492,-1.9015624714486479,-23.182031631469727,-0.6635546684265137,-1.927675724029541,-0.0029274343439595896,0.2690587840730217,0.026113252580893143,0.2690747092513362,0.29022323046380877,1.2,-1.177786008084367,0.14187997098207375,0.1808042947355446,-0.00203222269192338,-0.002348235109820962,0.006868791300803423,0.023654877251689493,1.1844063445118138,0.17393550343474118,0.260569395792599,-0.005204072995371688,-1.5,0.5095389170847695,-0.03654624264045126,1.4687296152114868,-3.0821481947657836,1.7323074972023154,0
1780805324.4591022,FLY,spline,1,147,-23.184959065813686,-0.394495884353492,-1.9015624714486479,-23.182031631469727,-0.66357421875,-1.9275585412979126,-0.0029274343439595896,0.269078334396508,0.025996069849264725,0.2690942584178213,0.29022659353550495,1.2,-1.1777981713574648,0.14189445282266092,0.1807136735423459,-0.0018908500205725431,-0.0024628015235066414,0.007570171263068914,0.02372530894359029,1.18465127342194,0.173143502279277,0.2606232801528268,-0.005219567967589864,-1.5,0.5095676484767507,-0.036580871340907116,1.468630313873291,-3.0821481947657836,1.7324067985405112,0
1780805324.469814,FLY,spline,1,147,-23.184959065813686,-0.394495884353492,-1.9015624714486479,-23.182031631469727,-0.66357421875,-1.9275585412979126,-0.0029274343439595896,0.269078334396508,0.025996069849264725,0.2690942584178213,0.29022659353550495,1.2,-1.1777981713574648,0.14189445282266092,0.1807136735423459,-0.0018908500205725431,-0.0024628015235066414,0.007570171263068914,0.023580066518523304,1.18460801936702,0.173143502279277,0.2606137642607444,-0.005187614634075127,-1.5,0.509533019776295,-0.03661550004136297,1.4685202836990356,-3.0821481947657836,1.7325168287147665,0
1780805324.4803011,FLY,spline,1,147,-23.184959065813686,-0.394495884353492,-1.9015624714486479,-23.182031631469727,-0.6636034846305847,-1.9273924827575684,-0.0029274343439595896,0.26910760027709274,0.025830011308920486,0.26912352256674577,0.2902328611053069,1.2,-1.1778152547624556,0.14191617279550656,0.18058523070264393,-0.001784152933396399,-0.002434329129755497,0.007329673506319523,0.023130499449755065,1.184779869114169,0.1732555571963244,0.2606515712051172,-0.005088709878946114,-1.5,0.5094894042714919,-0.036650151152802235,1.4681757688522339,-3.0821481947657836,1.7328613435615683,0
1780805324.4909678,FLY,spline,1,147,-23.184959065813686,-0.394495884353492,-1.9015624714486479,-23.182031631469727,-0.6636132597923279,-1.927333950996399,-0.0029274343439595896,0.2691173754388359,0.025771479547751053,0.26913329715017714,0.29023460260029643,1.2,-1.1778213216959368,0.1419234130441688,0.18053996507236525,-0.0016007995000109076,-0.0024137399159371853,0.007598471362143755,0.02294896191200009,1.1850370838877344,0.1729414937102215,0.2607081584553016,-0.00504877162064002,-1.5,0.5094799410516381,-0.03668473945154428,1.4680699110031128,-3.0821481947657836,1.7329672014106894,0
1780805324.5016108,FLY,spline,1,147,-23.184959065813686,-0.394495884353492,-1.9015624714486479,-23.182031631469727,-0.663623034954071,-1.92727530002594,-0.0029274343439595896,0.26912715060057907,0.02571282857729207,0.26914307173365054,0.2902363417121701,1.2,-1.1778274010243088,0.1419306525271933,0.1804946073142548,-0.0015742301475256681,-0.0024495888501405716,0.007697162684053183,0.022875700508290714,1.1850339935065,0.1727974446302016,0.26070747857143,-0.005032654111823957,-1.5,0.5094569054891136,-0.036719298940470324,1.467952013015747,-3.0821481947657836,1.733085099398055,0
1780805324.512373,FLY,spline,1,147,-23.184959065813686,-0.394495884353492,-1.9015624714486479,-23.18210792541504,-0.6635644435882568,-1.9271289110183716,-0.0028511403986470896,0.26906855923476486,0.02556643956972371,0.2690836646291353,0.2901348490403557,1.2,-1.1778492390245312,0.14188152842183294,0.18039069272558655,-0.020963553339242935,0.006572891492396593,0.007850289344787598,0.006568148353276432,1.1527074191338769,0.17254040338079896,0.2535956322094529,-0.001444992637720815,-1.5,0.5094429607083897,-0.03675380702114649,1.4635742902755737,-3.0821481947657836,1.7374628221382284,0
1780805324.523261,FLY,spline,1,147,-23.184959065813686,-0.394495884353492,-1.9015624714486479,-23.18210792541504,-0.6635448932647705,-1.9270849227905273,-0.0028511403986470896,0.26904900891127853,0.02552245134187947,0.26906411540321395,0.29011175325361,1.2,-1.177856222013137,0.14186630686491003,0.1803570659593108,-0.001804838189855218,-0.0009208247647620738,0.003761672880500555,0.014812831226997503,1.1881026662938263,0.17659539307881025,0.2613825865846418,-0.0032588228699394505,-1.5,0.509083242453933,-0.036789126099762245,1.4622126817703247,-3.0821481947657836,1.7388244306434775,0
1780805324.5339806,FLY,spline,1,147,-23.184959065813686,-0.394495884353492,-1.9015624714486479,-23.18210792541504,-0.6635546684265137,-1.92703115940094,-0.0028511403986470896,0.2690587840730217,0.02546868795229207,0.26907389001615467,0.2901141319832854,1.2,-1.17786171522109,0.14187356821446964,0.1803154748171271,-0.0013223456917330623,-0.0013699728297069669,0.004967923276126385,0.014867341863236294,1.187913152518891,0.1753475515410007,0.261340893554156,-0.0032708152099119848,-1.5,0.5091480002666495,-0.03682419561007044,1.4617984294891357,-3.0821481947657836,1.7392386829246664,0
1780805324.544481,FLY,spline,1,147,-23.184959065813686,-0.394495884353492,-1.9015624714486479,-23.18210792541504,-0.66357421875,-1.9269481897354126,-0.0028511403986470896,0.269078334396508,0.025385718286764725,0.2690934392421558,0.29012188094985236,1.2,-1.1778697864120953,0.1418882038251213,0.18025122433094853,-0.001365833217278123,-0.0015421805437654257,0.005295953713357449,0.014626147305767861,1.1870623757462306,0.17495527061759109,0.26115372266417075,-0.0032177524072689295,-1.5,0.5091443916863988,-0.03685918666419396,1.461456060409546,-3.0821481947657836,1.7395810520042563,0
1780805324.5548882,FLY,spline,1,147,-23.184959065813686,-0.394495884353492,-1.9015624714486479,-23.18210792541504,-0.6635937094688416,-1.9268163442611694,-0.0028511403986470896,0.2690978251153496,0.02525387281252156,0.2691129288670168,0.29012372410211795,1.2,-1.1778836503070758,0.14190256706718785,0.18014929308498634,-0.0013651847839355469,-0.0019049766706302762,0.006781840231269598,0.015092852623684067,1.1865715100871426,0.17336745285371674,0.2610457322191714,-0.0033204275772104946,-1.5,0.509236743616938,-0.0368938601547647,1.461456060409546,-3.0821481947657836,1.7395810520042563,0
1780805324.5656116,FLY,spline,1,147,-23.184959065813686,-0.394495884353492,-1.9015624714486479,-23.18210792541504,-0.6636034846305847,-1.9267480373382568,-0.0028511403986470896,0.26910760027709274,0.025185565889608963,0.26912270348015666,0.29012440981434345,1.2,-1.1778908586225985,0.14190976013319148,0.1800964884506574,-0.0012864875607192516,-0.0018488274654373527,0.005630378611385822,0.014385014361745108,1.1862893492360778,0.17446610983927158,0.2609836568319371,-0.003164703159583924,-1.5,0.5091139578361258,-0.03692875337673256,1.4610713720321655,-3.0821481947657836,1.7399657403816366,0
1780805324.5765224,FLY,spline,1,147,-23.184959065813686,-0.394495884353492,-1.9015624714486479,-23.18210792541504,-0.6636425852775574,-1.9265379905700684,-0.0028511403986470896,0.2691467009240654,0.024975519121420486,0.2691618019331144,0.29013484025174846,1.2,-1.1779121928147942,0.14193882302116848,0.17993397827427896,-0.0009009170462377369,-0.001835280330851674,0.006847662851214409,0.01398895704123651,1.186636609380219,0.17308631542306455,0.2610600540636482,-0.003077570549072032,-1.5,0.5091897241263378,-0.03696337063981717,1.4608615636825562,-3.0821481947657836,1.740175548731246,0
1780805324.586932,FLY,spline,1,147,-23.184959065813686,-0.394495884353492,-1.9015624714486479,-23.18210792541504,-0.6636425852775574,-1.9265379905700684,-0.0028511403986470896,0.2691467009240654,0.024975519121420486,0.2691618019331144,0.29013484025174846,1.2,-1.1779121928147942,0.14193882302116848,0.17993397827427896,-0.0009009170462377369,-0.001835280330851674,0.006847662851214409,0.013767090389657094,1.186351431711118,0.17308631542306455,0.26099731497644596,-0.0030287598857245608,-1.5,0.5091551068632532,-0.03699798790290178,1.4607293605804443,-3.0821481947657836,1.7403077518333578,0
1780805324.5975873,FLY,spline,1,147,-23.184959065813686,-0.394495884353492,-1.9015624714486479,-23.18210792541504,-0.6636620759963989,-1.9264013767242432,-0.0028511403986470896,0.26916619164290695,0.02483890527559529,0.26918129155853104,0.2901363082062696,1.2,-1.177926593040908,0.14195316068056915,0.1798283670054199,-0.0006592941354028881,-0.0018729682778939605,0.007106504403054714,0.013588891347728116,1.18656878607507,0.1727218626023652,0.2610451329365154,-0.0029895560965001854,-1.5,0.5091497187163886,-0.03703253227542225,1.4605857133865356,-3.0821481947657836,1.7404513990272665,0
1780805324.608416,FLY,spline,1,147,-23.184959065813686,-0.394495884353492,-1.9015624714486479,-23.18210792541504,-0.6636816263198853,-1.9262548685073853,-0.0028511403986470896,0.2691857419663933,0.02469239705873738,0.26920084078540774,0.29013672620549735,1.2,-1.1779421478560632,0.14196749685671278,0.1797151249630469,-0.0005911445477977395,-0.0018893146188929677,0.007149896584451199,0.013244030192859746,1.186523699361633,0.1725652283785957,0.26103521385955925,-0.002913686642429144,-1.5,0.5091277364086144,-0.03706704532109797,1.4602967500686646,-3.0821481947657836,1.7407403623451376,0
1780805324.6190276,FLY,spline,1,147,-23.184959065813686,-0.394495884353492,-1.9015624714486479,-23.18210792541504,-0.6637011766433716,-1.9261181354522705,-0.0028511403986470896,0.2692052922898796,0.024555664003622635,0.26922039001244374,0.2901383702415295,1.2,-1.177956537139857,0.14198187734546774,0.17960941822447143,-0.0003050041268579662,-0.0018053220119327307,0.0069486284628510475,0.01285814632840901,1.186844614578099,0.1726607897616204,0.2611058152071818,-0.002828792192249982,-1.5,0.5090855593400201,-0.03710157747905029,1.4601340293884277,-3.0821481947657836,1.7409030830253744,0
1780805324.6298525,FLY,spline,1,147,-23.184959065813686,-0.394495884353492,-1.9015624714486479,-23.18210792541504,-0.6637011766433716,-1.9261181354522705,-0.0028511403986470896,0.2692052922898796,0.024555664003622635,0.26922039001244374,0.2901383702415295,1.2,-1.177956537139857,0.14198187734546774,0.17960941822447143,-0.0003050041268579662,-0.0018053220119327307,0.0069486284628510475,0.012674201782080535,1.1866914113423426,0.1726607897616204,0.26107211049531537,-0.002788324392057718,-1.5,0.5090510271820677,-0.03713610963700261,1.4599806070327759,-3.0821481947657836,1.7410565053810263,0
1780805324.6406326,FLY,spline,1,147,-23.184959065813686,-0.394495884353492,-1.9015624714486479,-23.18210792541504,-0.6637304425239563,-1.925942301750183,-0.0028511403986470896,0.2692345581704643,0.024379830301535232,0.2692496542519933,0.2901443317932824,1.2,-1.1779746544122298,0.14200353706587968,0.17947342149512643,0.00020496368233580142,-0.0016212492482736707,0.006304902955889702,0.01178812262965434,1.1873992255006838,0.17316851853923673,0.26122782961015045,-0.002593386978523955,-1.5,0.5089757751761507,-0.03717074334071046,1.4595316648483276,-3.0821481947657836,1.7415054475654745,0
1780805324.6514728,FLY,spline,1,147,-23.184959065813686,-0.394495884353492,-1.9015624714486479,-23.181991577148438,-0.663867175579071,-1.9257910251617432,-0.002967488665248652,0.26937129122557907,0.02422855371309529,0.26938763617789535,0.2902974588209061,1.2,-1.1779813850695835,0.1421131066659683,0.17934246943569457,0.001428050920367241,-0.004218448884785175,0.009625577367842197,0.022817023590214675,1.1895559959098065,0.16971689206785237,0.26170231910015745,-0.005019745189847228,-1.5,0.5092179619154479,-0.03720468671912403,1.465335726737976,-3.0821481947657836,1.735701385675826,0
1780805324.661831,FLY,spline,1,147,-23.184959065813686,-0.394495884353492,-1.9015624714486479,-23.181991577148438,-0.663867175579071,-1.9257910251617432,-0.002967488665248652,0.26937129122557907,0.02422855371309529,0.26938763617789535,0.2902974588209061,1.2,-1.1779813850695835,0.1421131066659683,0.17934246943569457,0.001428050920367241,-0.004218448884785175,0.009625577367842197,0.022382247290329865,1.1891673401218315,0.16971689206785237,0.26161681482680293,-0.00492409440387257,-1.5,0.5091840185370343,-0.037238630097537605,1.465335726737976,-3.0821481947657836,1.735701385675826,0
1780805324.6726224,FLY,spline,1,147,-23.184959065813686,-0.394495884353492,-1.9015624714486479,-23.181991577148438,-0.6638867259025574,-1.9257177114486694,-0.002967488665248652,0.2693908415490654,0.02415524000002156,0.2694071853152622,0.29030670110130113,1.2,-1.177988262560644,0.1421277803252693,0.17928565845925154,-0.001084728166460991,-0.0016322977608069777,0.00580939743667841,0.01855967895107502,1.1844726548970004,0.17347626102257313,0.26058398407734007,-0.004083129369236505,-1.5,0.508848573768452,-0.03727332534974212,1.465463399887085,-3.0821481947657836,1.7355737125267172,0
1780805324.6830583,FLY,spline,1,147,-23.184959065813686,-0.394495884353492,-1.9015624714486479,-23.181991577148438,-0.6639257669448853,-1.925512671470642,-0.002967488665248652,0.2694298825913933,0.023950200021994217,0.2694462239894825,0.2903184330149611,1.2,-1.1780088969371463,0.14215680604105158,0.17912699749935665,-0.0022417258005589247,-0.00256162928417325,0.007674603257328272,0.01989260194879376,1.1831425243964504,0.17145239424202838,0.2602913553672191,-0.0043763724287346276,-1.5,0.5089761926320472,-0.037307615828590525,1.4649707078933716,-3.0821481947657836,1.7360664045204306,0
1780805324.693835,FLY,spline,1,147,-23.184959065813686,-0.394495884353492,-1.9015624714486479,-23.181991577148438,-0.6639355421066284,-1.925454020500183,-0.002967488665248652,0.26943965775313644,0.023891549051535232,0.2694559985584023,0.29032055008458024,1.2,-1.1780149213422175,0.14216403869830627,0.1790816327714143,-0.002287635812535882,-0.002547917887568474,0.007683677598834038,0.019835652345611604,1.183477987336302,0.17139795517258027,0.26036515721398645,-0.004363843516034553,-1.5,0.5089462681665685,-0.03734189541962504,1.4649707078933716,-3.0821481947657836,1.7360664045204306,0
1780805324.7043428,FLY,spline,1,147,-23.184959065813686,-0.394495884353492,-1.9015624714486479,-23.181991577148438,-0.6639355421066284,-1.925454020500183,-0.002967488665248652,0.26943965775313644,0.023891549051535232,0.2694559985584023,0.29032055008458024,1.2,-1.1780149213422175,0.14216403869830627,0.1790816327714143,-0.002287635812535882,-0.002547917887568474,0.007683677598834038,0.019676761738946183,1.1837672951729497,0.17139795517258027,0.26042880493804893,-0.00432888758256816,-1.5,0.508911988575534,-0.03737617501065956,1.4648677110671997,-3.0821481947657836,1.7361694013466025,0
1780805324.7148566,FLY,spline,1,147,-23.184959065813686,-0.394495884353492,-1.9015624714486479,-23.181991577148438,-0.6639745831489563,-1.9252196550369263,-0.002967488665248652,0.2694786987954643,0.023657183588278397,0.26949503723348034,0.29032911308423376,1.2,-1.1780389786835772,0.14219292247785334,0.17890035634218696,-0.0020368576515465975,-0.002505068201571703,0.007741641718894243,0.019136971319039117,1.1844105709606563,0.1711587146232927,0.26057032561134436,-0.0042101336901886055,-1.5,0.5088968960765524,-0.03741040675358422,1.464491844177246,-3.0821481947657836,1.736545268236556,0
1780805324.725517,FLY,spline,1,147,-23.184959065813686,-0.394495884353492,-1.9015624714486479,-23.181991577148438,-0.6639745831489563,-1.9252196550369263,-0.002967488665248652,0.2694786987954643,0.023657183588278397,0.26949503723348034,0.29032911308423376,1.2,-1.1780389786835772,0.14219292247785334,0.17890035634218696,-0.0020368576515465975,-0.002505068201571703,0.007741641718894243,0.0189795458692308,1.1845047670032092,0.1711587146232927,0.26059104874070604,-0.004175500091230776,-1.5,0.5088626643336277,-0.037444638496508885,1.4643677473068237,-3.0821481947657836,1.7366693651069784,0
1780805324.7362971,FLY,spline,1,147,-23.184959065813686,-0.394495884353492,-1.9015624714486479,-23.181991577148438,-0.6639745831489563,-1.9252196550369263,-0.002967488665248652,0.2694786987954643,0.023657183588278397,0.26949503723348034,0.29032911308423376,1.2,-1.1780389786835772,0.14219292247785334,0.17890035634218696,-0.0020368576515465975,-0.002505068201571703,0.007741641718894243,0.018821844765442713,1.1845714473586093,0.1711587146232927,0.2606057184188941,-0.004140805848397397,-1.5,0.5088284325907031,-0.03747887023943355,1.4642407894134521,-3.0821481947657836,1.73679632300035,0
1780805324.7469475,FLY,spline,1,147,-23.184959065813686,-0.394495884353492,-1.9015624714486479,-23.181991577148438,-0.6640039086341858,-1.9250634908676147,-0.002967488665248652,0.2695080242806938,0.023501019418966873,0.26952436094101295,0.2903379387775678,1.2,-1.178054693342072,0.142214710121695,0.1787795170586378,-0.0019486426608636975,-0.002450406551361084,0.007354688365012407,0.018314551832627812,1.1847829534427206,0.17142482869362538,0.26065224975739854,-0.004029201403178119,-1.5,0.5087728584993377,-0.037513155205172274,1.4638760089874268,-3.0821481947657836,1.7371611034263754,0
1780805324.757621,FLY,spline,1,147,-23.184959065813686,-0.394495884353492,-1.9015624714486479,-23.181991577148438,-0.664013683795929,-1.9250048398971558,-0.002967488665248652,0.269517799442437,0.02344236844850789,0.26953413551027644,0.2903401490738224,1.2,-1.1780607042349747,0.1422219410944466,0.17873415065040973,-0.0016932105645537376,-0.002415721770375967,0.007713422644883394,0.018097707676634933,1.1852097482267636,0.17102072800552634,0.260746144609888,-0.003981495688859685,-1.5,0.5087709824087846,-0.03754735935077338,1.463763952255249,-3.0821481947657836,1.7372731601585532,0
1780805324.7682204,FLY,spline,1,147,-23.184959065813686,-0.394495884353492,-1.9015624714486479,-23.181991577148438,-0.6640233993530273,-1.9249461889266968,-0.002967488665248652,0.26952751499953537,0.023383717478048904,0.26954385047855045,0.2903423173085614,1.2,-1.1780667187626601,0.1422291260645066,0.1786887848822823,-0.0016887473175302148,-0.0024660394992679358,0.007844824343919754,0.018055230149261553,1.185201671439822,0.17084396053836254,0.26074436771676085,-0.003972150632837542,-1.5,0.50875095501405,-0.03758152814288105,1.4636415243148804,-3.0821481947657836,1.7373955880989218,0
