time_s,state,target_mode,waypoint_idx,path_idx,target_x,target_y,target_z,pos_x,pos_y,pos_z,error_x,error_y,error_z,horiz_dist,gate_dist,speed_cap,desired_vx,desired_vy,desired_vz,actual_vx,actual_vy,actual_vz,vel_error_fwd,vel_error_right,vel_error_z,cmd_roll_rate,cmd_pitch_rate,cmd_yaw_rate,cmd_thrust,z_integral,yaw,target_yaw,yaw_err,saturated
1780808646.3410888,TAKEOFF,,nan,nan,nan,nan,-0.5,-0.00046874998952262104,5.859374869032763e-05,0.020546874031424522,nan,nan,-0.5205468740314245,nan,nan,nan,nan,nan,nan,0.0,0.0,-0.0,nan,nan,nan,-0.0005271488334983587,0.4,0.0,0.3580820311047137,0.0,-3.14050030708313,nan,nan,0
1780808646.353621,TAKEOFF,,nan,nan,nan,nan,-0.5,-0.00046874998952262104,5.859374869032763e-05,0.020546874031424522,nan,nan,-0.5205468740314245,nan,nan,nan,nan,nan,nan,0.0,0.0,-0.0,nan,nan,nan,-0.0005271488334983587,0.4,0.0,0.3580820311047137,0.0,-3.14050030708313,nan,nan,0
1780808646.3641508,TAKEOFF,,nan,nan,nan,nan,-0.5,-0.00046874998952262104,5.859374869032763e-05,0.02059081941843033,nan,nan,-0.5205908194184303,nan,nan,nan,nan,nan,nan,0.0022232956252992153,-0.00043309046304784715,0.005986814387142658,nan,nan,nan,-0.0006577337044291198,0.4,0.0,0.35808862291276455,0.0,-3.140505075454712,nan,nan,0
1780808646.374521,TAKEOFF,,nan,nan,nan,nan,-0.5,-0.00046874998952262104,5.859374869032763e-05,0.02059081941843033,nan,nan,-0.5205908194184303,nan,nan,nan,nan,nan,nan,0.0022232956252992153,-0.00043309046304784715,0.005986814387142658,nan,nan,nan,-0.0007266939501278102,0.4,0.0,0.35808862291276455,0.0,-3.1405422687530518,nan,nan,0
1780808646.3851151,TAKEOFF,,nan,nan,nan,nan,-0.5,-0.0005859374650754035,5.859374869032763e-05,0.020541992038488388,nan,nan,-0.5205419920384884,nan,nan,nan,nan,nan,nan,-0.013037383556365967,-8.551478458684869e-06,-0.009154784493148327,nan,nan,nan,-0.0006632612203247845,0.4,0.0,0.3580812988057733,0.0,-3.140517234802246,nan,nan,0
1780808646.3957324,TAKEOFF,,nan,nan,nan,nan,-0.5,-0.0005859374650754035,5.859374869032763e-05,0.020541992038488388,nan,nan,-0.5205419920384884,nan,nan,nan,nan,nan,nan,-0.013037383556365967,-8.551478458684869e-06,-0.009154784493148327,nan,nan,nan,-0.0006632612203247845,0.4,0.0,0.3580812988057733,0.0,-3.140517234802246,nan,nan,0
1780808646.406185,TAKEOFF,,nan,nan,nan,nan,-0.5,-0.0015234374441206455,5.859374869032763e-05,0.019326170906424522,nan,nan,-0.5193261709064245,nan,nan,nan,nan,nan,nan,-0.06218711659312248,-0.0004076716140843928,-0.07726121693849564,nan,nan,nan,-0.0006444540340453386,0.4,0.0,0.3578989256359637,0.0,-3.140451431274414,nan,nan,0
1780808646.4167902,TAKEOFF,,nan,nan,nan,nan,-0.5,-0.0015234374441206455,5.859374869032763e-05,0.019326170906424522,nan,nan,-0.5193261709064245,nan,nan,nan,nan,nan,nan,-0.06218711659312248,-0.0004076716140843928,-0.07726121693849564,nan,nan,nan,-8.210086525650695e-05,0.4,0.0,0.3578989256359637,0.0,-3.1404459476470947,nan,nan,0
1780808646.4274852,TAKEOFF,,nan,nan,nan,nan,-0.5,-0.0028515623416751623,5.859374869032763e-05,0.01787109300494194,nan,nan,-0.5178710930049419,nan,nan,nan,nan,nan,nan,-0.10650496184825897,0.0006188241532072425,-0.11185842007398605,nan,nan,nan,-8.210086525650695e-05,0.4,0.0,0.35768066395074133,0.0,-3.1404459476470947,nan,nan,0
1780808646.43815,TAKEOFF,,nan,nan,nan,nan,-0.5,-0.0054687499068677425,5.859374869032763e-05,0.015327148139476776,nan,nan,-0.5153271481394768,nan,nan,nan,nan,nan,nan,-0.166971355676651,0.0006875392864458263,-0.16001750528812408,nan,nan,nan,4.900216663372703e-05,0.4,0.0,0.35729907222092155,0.0,-3.1404480934143066,nan,nan,0
1780808646.4488995,TAKEOFF,,nan,nan,nan,nan,-0.5,-0.0054687499068677425,5.859374869032763e-05,0.015327148139476776,nan,nan,-0.5153271481394768,nan,nan,nan,nan,nan,nan,-0.166971355676651,0.0006875392864458263,-0.16001750528812408,nan,nan,nan,-3.1147285426413873e-06,0.4,0.0,0.35729907222092155,0.0,-3.1404483318328857,nan,nan,0
1780808646.459486,TAKEOFF,,nan,nan,nan,nan,-0.5,-0.008281249552965164,7.812499825377017e-05,0.012592772953212261,nan,nan,-0.5125927729532123,nan,nan,nan,nan,nan,nan,-0.21309129893779755,0.0007424940122291446,-0.21000143885612488,nan,nan,nan,-6.6691281972453e-05,0.4,0.0,0.3568889159429819,0.0,-3.140448808670044,nan,nan,0
1780808646.4702203,TAKEOFF,,nan,nan,nan,nan,-0.5,-0.009921874850988388,8.789062121650204e-05,0.010937499813735485,nan,nan,-0.5109374998137355,nan,nan,nan,nan,nan,nan,-0.2586359679698944,0.0007848824607208371,-0.26877328753471375,nan,nan,nan,-0.00012307477300055325,0.4,0.0,0.35664062497206034,0.0,-3.1404495239257812,nan,nan,0
1780808646.4809678,TAKEOFF,,nan,nan,nan,nan,-0.5,-0.013789062388241291,0.00010742187441792339,0.0068554687313735485,nan,nan,-0.5068554687313735,nan,nan,nan,nan,nan,nan,-0.28119105100631714,0.000802108901552856,-0.3009684383869171,nan,nan,nan,-0.0001853353896876797,0.4,0.0,0.35602832030970605,0.0,-3.140451192855835,nan,nan,0
1780808646.491258,TAKEOFF,,nan,nan,nan,nan,-0.5,-0.01816406287252903,0.00012695312034338713,0.0019970701541751623,nan,nan,-0.5019970701541752,nan,nan,nan,nan,nan,nan,-0.3234929144382477,0.0008314326987601817,-0.36664000153541565,nan,nan,nan,-0.00017788243712857366,0.3930399417877197,0.0,0.3552995605231263,0.0,-3.140451669692993,nan,nan,0
1780808646.5018163,TAKEOFF,,nan,nan,nan,nan,-0.5,-0.020546874031424522,0.0001367187505820766,-0.0007861328194849193,nan,nan,-0.4992138671805151,nan,nan,nan,nan,nan,nan,-0.35894086956977844,0.0008559492998756468,-0.42731428146362305,nan,nan,nan,-0.0001651441998546943,0.3789856433868408,0.0,0.3548820800770773,0.0,-3.1404521465301514,nan,nan,0
1780808646.5123737,TAKEOFF,,nan,nan,nan,nan,-0.5,-0.024453124031424522,0.0001367187505820766,-0.005488281138241291,nan,nan,-0.4945117188617587,nan,nan,nan,nan,nan,nan,-0.3736683428287506,0.0008665237110108137,-0.45420393347740173,nan,nan,nan,-0.00013121473602950573,0.34250712394714355,0.0,0.35417675782926383,0.0,-3.1404528617858887,nan,nan,0
1780808646.5228946,TAKEOFF,,nan,nan,nan,nan,-0.5,-0.030039062723517418,0.00015624999650754035,-0.012534179724752903,nan,nan,-0.4874658202752471,nan,nan,nan,nan,nan,nan,-0.4102192521095276,0.0008937323582358658,-0.5252192616462708,nan,nan,nan,-0.00012207686086185277,0.3283348083496094,0.0,0.3531198730412871,0.0,-3.1404531002044678,nan,nan,0
1780808646.5332065,TAKEOFF,,nan,nan,nan,nan,-0.5,-0.030039062723517418,0.00015624999650754035,-0.012534179724752903,nan,nan,-0.4874658202752471,nan,nan,nan,nan,nan,nan,-0.4102192521095276,0.0008937323582358658,-0.5252192616462708,nan,nan,nan,-0.00010828483937075362,0.2907426059246063,0.0,0.3531198730412871,0.0,-3.140453815460205,nan,nan,0
1780808646.5437617,TAKEOFF,,nan,nan,nan,nan,-0.5,-0.03871093690395355,0.00018554687267169356,-0.024169921875,nan,nan,-0.475830078125,nan,nan,nan,nan,nan,nan,-0.45690158009529114,0.000929539033677429,-0.6270074248313904,nan,nan,nan,-0.00010571759048616514,0.2786827087402344,0.0,0.35137451171875,0.0,-3.1404547691345215,nan,nan,0
1780808646.554083,TAKEOFF,,nan,nan,nan,nan,-0.5,-0.0419921875,0.00019531248835846782,-0.028774414211511612,nan,nan,-0.4712255857884884,nan,nan,nan,nan,nan,nan,-0.47212204337120056,0.0009411561768501997,-0.6631736755371094,nan,nan,nan,-0.00010343602480133995,0.26755809783935547,0.0,0.3506838378682733,0.0,-3.1404550075531006,nan,nan,0
1780808646.5647671,TAKEOFF,,nan,nan,nan,nan,-0.5,-0.04886718466877937,0.00021484374883584678,-0.03874023258686066,nan,nan,-0.46125976741313934,nan,nan,nan,nan,nan,nan,-0.5143321752548218,0.0009727558353915811,-0.7721846103668213,nan,nan,nan,-0.00010107655543833971,0.25707384943962097,0.0,0.34918896511197095,0.0,-3.1404550075531006,nan,nan,0
1780808646.5754104,TAKEOFF,,nan,nan,nan,nan,-0.5,-0.04886718466877937,0.00021484374883584678,-0.03874023258686066,nan,nan,-0.46125976741313934,nan,nan,nan,nan,nan,nan,-0.5143321752548218,0.0009727558353915811,-0.7721846103668213,nan,nan,nan,-9.552790288580582e-05,0.23751018941402435,0.0,0.34918896511197095,0.0,-3.140455484390259,nan,nan,0
1780808646.5861878,TAKEOFF,,nan,nan,nan,nan,-0.5,-0.05999999865889549,0.000244140625,-0.055791012942790985,nan,nan,-0.444208987057209,nan,nan,nan,nan,nan,nan,-0.5397235155105591,0.000991379376500845,-0.8442124128341675,nan,nan,nan,-9.24768828554079e-05,0.2283925861120224,0.0,0.34663134805858137,0.0,-3.140455961227417,nan,nan,0
1780808646.5965302,TAKEOFF,,nan,nan,nan,nan,-0.5,-0.06382812559604645,0.00025390624068677425,-0.06189941242337227,nan,nan,-0.43810058757662773,nan,nan,nan,nan,nan,nan,-0.551517903804779,0.0009999668691307306,-0.879535973072052,nan,nan,nan,-8.93002434168011e-05,0.2193763107061386,0.0,0.3457150881364942,0.0,-3.140455961227417,nan,nan,0
1780808646.6075625,TAKEOFF,,nan,nan,nan,nan,-0.5,-0.06773437559604645,0.0002636718563735485,-0.06825195252895355,nan,nan,-0.43174804747104645,nan,nan,nan,nan,nan,nan,-0.5722543597221375,0.0010149887530133128,-0.945055365562439,nan,nan,nan,-8.612195233581588e-05,0.21061013638973236,0.0,0.34476220712065697,0.0,-3.140456199645996,nan,nan,0
1780808646.617871,TAKEOFF,,nan,nan,nan,nan,-0.5,-0.0788281261920929,0.0002929687325377017,-0.0869140625,nan,nan,-0.4130859375,nan,nan,nan,nan,nan,nan,-0.5911964774131775,0.0010286259930580854,-1.0084092617034912,nan,nan,nan,-7.510140130762011e-05,0.17977190017700195,0.0,0.341962890625,0.0,-3.1404573917388916,nan,nan,0
1780808646.6282234,TAKEOFF,,nan,nan,nan,nan,-0.5,-0.0830078125,0.00030273437732830644,-0.09414062649011612,nan,nan,-0.4058593735098839,nan,nan,nan,nan,nan,nan,-0.6005777716636658,0.0010353418765589595,-1.0408743619918823,nan,nan,nan,-7.510140130762011e-05,0.17977190017700195,0.0,0.34087890602648263,0.0,-3.1404573917388916,nan,nan,0
1780808646.6389248,TAKEOFF,,nan,nan,nan,nan,-0.5,-0.08722656220197678,0.0003124999930150807,-0.10158690810203552,nan,nan,-0.3984130918979645,nan,nan,nan,nan,nan,nan,-0.6161891222000122,0.0010464376537129283,-1.0968477725982666,nan,nan,nan,-7.242534775286913e-05,0.17201018333435059,0.0,0.3397619637846947,0.0,-3.1404573917388916,nan,nan,0
1780808646.649619,TAKEOFF,,nan,nan,nan,nan,-0.5,-0.09843749552965164,0.0003417968691792339,-0.12186523526906967,nan,nan,-0.37813476473093033,nan,nan,nan,nan,nan,nan,-0.6302933096885681,0.0010563621763139963,-1.1492046117782593,nan,nan,nan,-6.612296419916674e-05,0.15379641950130463,0.0,0.3367202147096396,0.0,-3.1404576301574707,nan,nan,0
1780808646.6603148,TAKEOFF,,nan,nan,nan,nan,-0.5,-0.10285156220197678,0.00035156248486600816,-0.1300390660762787,nan,nan,-0.3699609339237213,nan,nan,nan,nan,nan,nan,-0.6375916004180908,0.0010614567436277866,-1.1771653890609741,nan,nan,nan,-6.388335168594494e-05,0.1473228931427002,0.0,0.3354941400885582,0.0,-3.1404576301574707,nan,nan,0
1780808646.6706216,TAKEOFF,,nan,nan,nan,nan,-0.5,-0.10734374821186066,0.0003613281296566129,-0.13840331137180328,nan,nan,-0.3615966886281967,nan,nan,nan,nan,nan,nan,-0.6511613130569458,0.0010708393529057503,-1.230701208114624,nan,nan,nan,-5.745863018091768e-05,0.1291186660528183,0.0,0.3342395032942295,0.0,-3.1404576301574707,nan,nan,0
1780808646.6810584,TAKEOFF,,nan,nan,nan,nan,-0.5,-0.11660155653953552,0.0003808593610301614,-0.1559765636920929,nan,nan,-0.3440234363079071,nan,nan,nan,nan,nan,nan,-0.6574511528015137,0.0010751449735835195,-1.2561688423156738,nan,nan,nan,-5.546621105168015e-05,0.12358449399471283,0.0,0.3316035154461861,0.0,-3.1404576301574707,nan,nan,0
1780808646.691754,TAKEOFF,,nan,nan,nan,nan,-0.5,-0.13054686784744263,0.0004101562371943146,-0.1831347644329071,nan,nan,-0.3168652355670929,nan,nan,nan,nan,nan,nan,-0.6778325438499451,0.0010888738324865699,-1.3429926633834839,nan,nan,nan,-5.356662586564198e-05,0.11838816851377487,0.0,0.32752978533506394,0.0,-3.14045786857605,nan,nan,0
1780808646.7043154,TAKEOFF,,nan,nan,nan,nan,-0.5,-0.13761718571186066,0.00042968749767169356,-0.19715331494808197,nan,nan,-0.30284668505191803,nan,nan,nan,nan,nan,nan,-0.6814215779304504,0.001091250334866345,-1.3591182231903076,nan,nan,nan,-4.915465251542628e-05,0.10640072822570801,0.0,0.32542700275778774,0.0,-3.14045786857605,nan,nan,0
1780808646.7147412,TAKEOFF,,nan,nan,nan,nan,-0.5,-0.1473437398672104,0.00044921872904524207,-0.21678709983825684,nan,nan,-0.28321290016174316,nan,nan,nan,nan,nan,nan,-0.6904420852661133,0.0010971638839691877,-1.3987815380096436,nan,nan,nan,-4.5808021241100505e-05,0.09736394882202148,0.0,0.3224819350242615,0.0,-3.140458106994629,nan,nan,0
1780808646.7251723,TAKEOFF,,nan,nan,nan,nan,-0.5,-0.1473437398672104,0.00044921872904524207,-0.21678709983825684,nan,nan,-0.28321290016174316,nan,nan,nan,nan,nan,nan,-0.6904420852661133,0.0010971638839691877,-1.3987815380096436,nan,nan,nan,-4.5808021241100505e-05,0.09736394882202148,0.0,0.3224819350242615,0.0,-3.140458106994629,nan,nan,0
1780808646.735521,TAKEOFF,,nan,nan,nan,nan,-0.5,-0.1473437398672104,0.00044921872904524207,-0.21678709983825684,nan,nan,-0.28321290016174316,nan,nan,nan,nan,nan,nan,-0.6904420852661133,0.0010971638839691877,-1.3987815380096436,nan,nan,nan,-4.114969488000497e-05,0.0849909707903862,0.0,0.3224819350242615,0.0,-3.140458106994629,nan,nan,0
1780808646.7461562,TAKEOFF,,nan,nan,nan,nan,-0.5,-0.1623828113079071,0.0004785156052093953,-0.2476171851158142,nan,nan,-0.2523828148841858,nan,nan,nan,nan,nan,nan,-0.702219545841217,0.0011047129519283772,-1.4499279260635376,nan,nan,nan,-3.975429353886284e-05,0.0813136026263237,0.0,0.3178574222326279,0.0,-3.140458345413208,nan,nan,0
1780808646.7566195,TAKEOFF,,nan,nan,nan,nan,-0.5,-0.1672656238079071,0.00048828125,-0.25779294967651367,nan,nan,-0.24220705032348633,nan,nan,nan,nan,nan,nan,-0.705609142780304,0.0011068423045799136,-1.4649592638015747,nan,nan,nan,-3.8412043068092316e-05,0.0778205394744873,0.0,0.316331057548523,0.0,-3.140458345413208,nan,nan,0
1780808646.7670105,TAKEOFF,,nan,nan,nan,nan,-0.5,-0.17218749225139618,0.0004980468656867743,-0.2680712938308716,nan,nan,-0.23192870616912842,nan,nan,nan,nan,nan,nan,-0.7088380455970764,0.001108850003220141,-1.4798678159713745,nan,nan,nan,-3.7115361919859424e-05,0.07447147369384766,0.0,0.3147893059253693,0.0,-3.140458345413208,nan,nan,0
1780808646.7780118,TAKEOFF,,nan,nan,nan,nan,-0.5,-0.18964843451976776,0.0005371093866415322,-0.3049413859844208,nan,nan,-0.19505861401557922,nan,nan,nan,nan,nan,nan,-0.7188814878463745,0.0011149413185194135,-1.528232216835022,nan,nan,nan,-3.5218294215155765e-05,0.0696256086230278,0.0,0.3092587921023369,0.0,-3.140458345413208,nan,nan,0
1780808646.7885025,TAKEOFF,,nan,nan,nan,nan,-0.5,-0.18964843451976776,0.0005371093866415322,-0.3049413859844208,nan,nan,-0.19505861401557922,nan,nan,nan,nan,nan,nan,-0.7188814878463745,0.0011149413185194135,-1.528232216835022,nan,nan,nan,-3.284417834947817e-05,0.06363558769226074,0.0,0.3092587921023369,0.0,-3.140458345413208,nan,nan,0
1780808646.799113,TAKEOFF,,nan,nan,nan,nan,-0.5,-0.19464842975139618,0.0005468750023283064,-0.31563475728034973,nan,nan,-0.18436524271965027,nan,nan,nan,nan,nan,nan,-0.7213847041130066,0.0011164173483848572,-1.5400441884994507,nan,nan,nan,-3.16945297527127e-05,0.06075715646147728,0.0,0.3076547864079476,0.0,-3.140458345413208,nan,nan,0
1780808646.8096614,TAKEOFF,,nan,nan,nan,nan,-0.5,-0.20890624821186066,0.0005761718493886292,-0.3462499976158142,nan,nan,-0.1537500023841858,nan,nan,nan,nan,nan,nan,-0.7276747822761536,0.0011200251756235957,-1.568813443183899,nan,nan,nan,-2.8662489057751372e-05,0.05328750237822533,0.0,0.3030625003576279,0.0,-3.140458822250366,nan,nan,0
1780808646.8200288,TAKEOFF,,nan,nan,nan,nan,-0.5,-0.21398437023162842,0.0005859374650754035,-0.3572070300579071,nan,nan,-0.1427929699420929,nan,nan,nan,nan,nan,nan,-0.7296478748321533,0.0011211219243705273,-1.5772974491119385,nan,nan,nan,-2.765672979876399e-05,0.05084061622619629,0.0,0.301418945491314,0.0,-3.140458822250366,nan,nan,0
1780808646.8307126,TAKEOFF,,nan,nan,nan,nan,-0.5,-0.21906249225139618,0.0005957031389698386,-0.36821287870407104,nan,nan,-0.13178712129592896,nan,nan,nan,nan,nan,nan,-0.7315039038658142,0.0011221353197470307,-1.5851272344589233,nan,nan,nan,-2.765672979876399e-05,0.05084061622619629,0.0,0.2997680681943894,0.0,-3.140458822250366,nan,nan,0
1780808646.8418536,TAKEOFF,,nan,nan,nan,nan,-0.5,-0.22414061427116394,0.0006054687546566129,-0.37926268577575684,nan,nan,-0.12073731422424316,nan,nan,nan,nan,nan,nan,-0.7346835732460022,0.0011238196166232228,-1.5960614681243896,nan,nan,nan,-2.6698358851717785e-05,0.04852699860930443,0.0,0.2981105971336365,0.0,-3.140458822250366,nan,nan,0
1780808646.852385,TAKEOFF,,nan,nan,nan,nan,-0.5,-0.2385546863079071,0.0006347656017169356,-0.41054198145866394,nan,nan,-0.08945801854133606,nan,nan,nan,nan,nan,nan,-0.7374957799911499,0.0011252473341301084,-1.6041491031646729,nan,nan,nan,-2.336155012017116e-05,0.04061746224761009,0.0,0.2934187027812004,0.0,-3.140458822250366,nan,nan,0
1780808646.862763,FLY,spline,0,2,-0.29916976842413795,-0.05032657696034482,-0.4702202184379852,-0.24367186427116394,0.0006445312174037099,-0.42170897126197815,-0.05549790415297401,-0.05097110817774853,-0.04851124717600708,0.07535297760699594,23.082600309024308,3.0,-0.7576730812972552,-0.0021763602144919793,-1.5897624461659978,-0.738847553730011,0.0011259098537266254,-1.607724666595459,0.041424371302463854,0.007218030549399582,0.017962220429461162,0.0010105242769159416,-0.00579941198234494,-0.1636595321729093,0.27861718210382114,-3.5924440858922326e-06,-3.140458822250366,-3.0313524674684267,0.10910635478193953,0
1780808646.873587,FLY,spline,0,2,-0.29916976842413795,-0.05032657696034482,-0.4702202184379852,-0.24882811307907104,0.0006542968330904841,-0.4328955113887787,-0.050341655345066905,-0.050980873793435307,-0.03732470704920654,0.07164727319042702,23.07693446786495,3.0,-0.7778115228377226,-0.005475892650211879,-1.5753209691630452,-0.7413069605827332,0.0011270629474893212,-1.612243413925171,0.07354792245294459,0.013254302688513851,0.036922444762125695,0.0018556023763919394,-0.010296709143412243,-0.1636595321729093,0.27707803809888476,-1.0976933038317372e-05,-3.140458822250366,-3.0313524674684267,0.10910635478193953,0
1780808646.8843124,FLY,spline,0,2,-0.29916976842413795,-0.05032657696034482,-0.4702202184379852,-0.2645312547683716,0.0006835937383584678,-0.46693846583366394,-0.03463851365576637,-0.05101017069870329,-0.0032817526043212863,0.06165925837205278,23.059712451956248,3.0,-0.7978306274088793,-0.008768959448899705,-1.5607130547592547,-0.7433640956878662,0.0011279536411166191,-1.609437108039856,0.10196841769215788,0.0184110851683283,0.048724053280601254,0.0025775519235659624,-0.014275578476902105,-0.1631109310223966,0.2761209892421091,-2.0721743694437623e-05,-3.1400930881500244,-3.0313524674684267,0.10874062068159773,0
1780808646.8946512,FLY,spline,0,2,-0.29916976842413795,-0.05032657696034482,-0.4702202184379852,-0.2696875035762787,0.0006933593540452421,-0.47807127237319946,-0.029482264847859263,-0.051019936314390064,0.007851053935214236,0.05892569763764987,23.0540699610246,3.0,-0.8178103516474262,-0.012059878493823232,-1.5460508424026087,-0.7442257404327393,0.0011281796032562852,-1.6033446788787842,0.12981223420599458,0.02290027519466528,0.057293836476175475,0.0032060385272531396,-0.018173712788839242,-0.1618456436231046,0.2754220090052893,-3.2180510989672715e-05,-3.139249563217163,-3.0313524674684267,0.1078970957487364,0
1780808646.9056013,FLY,spline,0,2,-0.29916976842413795,-0.05032657696034482,-0.4702202184379852,-0.2748437523841858,0.0007031249697320163,-0.48915037512779236,-0.02432601603995216,-0.05102970193007684,0.01893015668980713,0.05653127926598245,23.04843495614687,3.0,-0.8377505255153543,-0.015348645014735443,-1.5313344066626706,-0.7457385063171387,0.001128232921473682,-1.5867589712142944,0.1536470793513699,0.026287949698591974,0.05542456455162381,0.0036803129578028768,-0.021510591109191787,-0.1541559291913419,0.275559948434695,-4.3265423899997474e-05,-3.1341230869293213,-3.0313524674684267,0.10277061946089461,0
1780808646.916392,FLY,spline,0,2,-0.29916976842413795,-0.05032657696034482,-0.4702202184379852,-0.28437498211860657,0.0007226562593132257,-0.5093749761581421,-0.014794786305531382,-0.05104923321965805,0.03915475772015686,0.05314988160044553,23.038043087802144,3.0,-0.8576178305411102,-0.018633513039155045,-1.516518879906064,-0.7464370727539062,0.001127588446252048,-1.57761549949646,0.1774952998120558,0.029580758054880477,0.06109661959039592,0.004141306127683268,-0.024849341973687815,-0.15020306835912756,0.2750948338987871,-5.5484747818076654e-05,-3.1314878463745117,-3.0313524674684267,0.10013537890608504,0
1780808646.926938,FLY,spline,0,2,-0.29916976842413795,-0.05032657696034482,-0.4702202184379852,-0.2947656214237213,0.0007421874906867743,-0.5310693383216858,-0.004404147000416636,-0.0510687644510316,0.060849119883700564,0.05125831847960122,23.026748330249017,3.0,-0.8774062567133264,-0.02191422629330756,-1.5015972476169752,-0.7479615807533264,0.0011215244885534048,-1.5568623542785645,0.19800621696965537,0.032517826769874456,0.055265106661589236,0.004552495747782424,-0.027720870375751754,-0.14582677613042883,0.27555137828569826,-6.65377691503945e-05,-3.128570318222046,-3.0313524674684267,0.09721785075361922,0
1780808646.9377294,FLY,spline,0,2,-0.29916976842413795,-0.05032657696034482,-0.4702202184379852,-0.30921873450279236,0.000771484337747097,-0.5607616901397705,0.010048966078654409,-0.05109806129809192,0.09054147170178528,0.05207680469915091,23.011089822335624,3.0,-0.8970857631513528,-0.02518930933982652,-1.4865310318547449,-0.75020432472229,0.0010908347321674228,-1.530139684677124,0.21608432410664485,0.03513879920967813,0.043608652822379135,0.004919431889354938,-0.03025180537493028,-0.14120479355596594,0.27647636754884014,-7.525949971487033e-05,-3.1254889965057373,-3.0313524674684267,0.09413652903731062,0
1780808646.9483922,FLY,spline,0,2,-0.29916976842413795,-0.05032657696034482,-0.4702202184379852,-0.31968748569488525,0.0007910156273283064,-0.5818457007408142,0.020517717270747304,-0.05111759258767313,0.11162548230282898,0.055081621199467766,22.99978762719979,3.0,-0.9166872489437851,-0.028460447100539264,-1.4713625971141555,-0.7519583106040955,0.0010466253152117133,-1.514639139175415,0.23513867149460077,0.036215216290776356,0.043276542061259526,0.005070130280708691,-0.03291941400924411,-0.12830086479925207,0.2764980485434222,-8.391480812712224e-05,-3.1168863773345947,-3.0313524674684267,0.08553390986616805,0
1780808646.9591575,FLY,spline,0,2,-0.29916976842413795,-0.05032657696034482,-0.4702202184379852,-0.3249218761920929,0.0008007812430150807,-0.5923193097114563,0.025752107767954946,-0.0511273582033599,0.12209909127347107,0.05724664017518442,22.994146144426352,3.0,-0.936249633921921,-0.031729613686396624,-1.4561433447080379,-0.7536256909370422,0.000989314867183566,-1.504282832145691,0.2538621232951138,0.038341315161963846,0.04813948743765306,0.005367784122674939,-0.03554069726131594,-0.12399073372625402,0.2761009688734545,-9.354270561465285e-05,-3.1140129566192627,-3.0313524674684267,0.08266048915083601,0
1780808646.9698088,FLY,spline,0,2,-0.29916976842413795,-0.05032657696034482,-0.4702202184379852,-0.3328906297683716,0.0008203124743886292,-0.6081884503364563,0.03372086134423363,-0.05114688943473345,0.13796823189847107,0.0612625561713342,22.98556942568108,3.0,-0.9557522395503523,-0.034995805153582124,-1.4408469279053495,-0.754382848739624,0.0009589712717570364,-1.5006182193756104,0.2744186938584586,0.039363337973730164,0.059771291470260834,0.005510867316322224,-0.03841861714018421,-0.1143898559644132,0.27516314361543814,-0.00010549696390870502,-3.107612371444702,-3.0313524674684267,0.07625990397627547,0
1780808646.9804575,FLY,spline,0,2,-0.29916976842413795,-0.05032657696034482,-0.4702202184379852,-0.3328906297683716,0.0008203124743886292,-0.6081884503364563,0.03372086134423363,-0.05114688943473345,0.13796823189847107,0.0612625561713342,22.98556942568108,3.0,-0.9752548451787836,-0.038261996620767624,-1.4255505111026612,-0.754382848739624,0.0009589712717570364,-1.5006182193756104,0.29604994599615103,0.04137137196669061,0.07506770827294917,0.005791992075336686,-0.04144699243946115,-0.11117406616949133,0.27392664621869306,-0.00012051050556329485,-3.105468511581421,-3.0313524674684267,0.07411604411299422,0
1780808646.9912379,FLY,spline,0,2,-0.29916976842413795,-0.05032657696034482,-0.4702202184379852,-0.3433593809604645,0.0008398437057621777,-0.6289452910423279,0.04418961253632653,-0.051166420666107,0.15872507260434265,0.06760713320273008,22.974321274607473,3.0,-0.9946778242845029,-0.0415241636517923,-1.4101522596135962,-0.7564747333526611,0.0008651447133161128,-1.4930055141448975,0.31231869520809474,0.04330457987217613,0.08285325453130121,0.006062641182104659,-0.04372461732913327,-0.10824580918096594,0.2732896798121198,-0.00013708115646955508,-3.1035163402557373,-3.0313524674684267,0.07216387278731062,0
1780808647.001804,FLY,spline,0,2,-0.29916976842413795,-0.05032657696034482,-0.4702202184379852,-0.3433593809604645,0.0008398437057621777,-0.6289452910423279,0.04418961253632653,-0.051166420666107,0.15872507260434265,0.06760713320273008,22.974321274607473,3.0,-1.0141008033902221,-0.04478633068281697,-1.3947540081245313,-0.7564747333526611,0.0008651447133161128,-1.4930055141448975,0.33371081334547675,0.04420257844743964,0.09825150602036614,0.00618836098264155,-0.04671951386836675,-0.10085900555395177,0.27204712633674655,-0.0001567314576736283,-3.0985918045043945,-3.0313524674684267,0.06723933703596785,0
1780808647.0123844,FLY,spline,0,2,-0.29916976842413795,-0.05032657696034482,-0.4702202184379852,-0.35917967557907104,0.0008593749953433871,-0.6598925590515137,0.060009907154933095,-0.05118595195568821,0.18967234061352845,0.07887452462204582,22.957372423392385,3.0,-1.033402909226684,-0.04804238059448854,-1.3792032252101336,-0.7598724961280823,0.0006858386914245784,-1.483773112297058,0.34671779845988,0.04605957162392366,0.1045698870869245,0.006448340027349313,-0.0485404917843832,-0.09869106541418127,0.2715243064724093,-0.00017764543509101322,-3.097146511077881,-3.0313524674684267,0.06579404360945418,0
1780808647.0229669,FLY,spline,0,2,-0.29916976842413795,-0.05032657696034482,-0.4702202184379852,-0.36445310711860657,0.0008593749953433871,-0.6701757907867432,0.06528333869446862,-0.05118595195568821,0.19995557234875794,0.08295731425683166,22.951732772007336,3.0,-1.052664521859523,-0.05129631396542344,-1.363601872820037,-0.761077344417572,0.0006162717472761869,-1.4808330535888672,0.36539394176146095,0.047925612710173426,0.11723118076883021,0.00670958577942428,-0.05115515184660454,-0.09660645256780676,0.27049185547095783,-0.00020109167124477927,-3.095756769180298,-3.0313524674684267,0.06440430171187117,0
1780808647.033772,FLY,spline,0,2,-0.29916976842413795,-0.05032657696034482,-0.4702202184379852,-0.36976560950279236,0.0008593749953433871,-0.6804394125938416,0.07059584107865441,-0.05118595195568821,0.21021919415585633,0.0871996241689874,22.94605920793537,3.0,-1.0718853408847568,-0.05454814271140207,-1.3479498529565808,-0.762315571308136,0.0005421771202236414,-1.4776862859725952,0.3837820997938095,0.049746383718624596,0.12973643301601445,0.006964493720607444,-0.05372949397113334,-0.09456690083288244,0.269469698794836,-0.00022703895784798215,-3.0943970680236816,-3.0313524674684267,0.06304460055525496,0
1780808647.0450277,FLY,spline,0,2,-0.29916976842413795,-0.05032657696034482,-0.4702202184379852,-0.3849218785762787,0.0008593749953433871,-0.7095507383346558,0.08575211015214074,-0.05118595195568821,0.23933051989667053,0.09986704197659457,22.92990295626803,3.0,-1.0909894819046486,-0.05779394523879202,-1.3321543927909103,-0.7660546898841858,0.00030609581153839827,-1.4678705930709839,0.3964002373567445,0.05098544821220284,0.13571620028007358,0.007137962749708398,-0.05549603322994424,-0.09084470997594885,0.2689729299291585,-0.0002541821979039969,-3.0919156074523926,-3.0313524674684267,0.0605631399839659,0
1780808647.0560865,FLY,spline,0,2,-0.29916976842413795,-0.05032657696034482,-0.4702202184379852,-0.39558592438697815,0.0008593749953433871,-0.7298583984375,0.0964161559628402,-0.05118595195568821,0.2596381799995148,0.10916078420504659,22.91856248632099,3.0,-1.1100115898573368,-0.061035517948523944,-1.316259374218924,-0.7688814997673035,0.00011883880506502464,-1.4602859020233154,0.4117679704561832,0.05208340148685374,0.1440265278043915,0.007291676208159524,-0.05764751586386565,-0.08677740822576574,0.26829011330981994,-0.0002829875034648752,-3.0892040729522705,-3.0313524674684267,0.057851605483843827,0
1780808647.066854,FLY,spline,0,2,-0.29916976842413795,-0.05032657696034482,-0.4702202184379852,-0.39558592438697815,0.0008593749953433871,-0.7298583984375,0.0964161559628402,-0.05118595195568821,0.2596381799995148,0.10916078420504659,22.91856248632099,3.0,-1.129033697810025,-0.06427709065825586,-1.3003643556469375,-0.7688814997673035,0.00011883880506502464,-1.4602859020233154,0.43374973244212417,0.05282810859642451,0.1599215463763779,0.007395935203499433,-0.06072496254189739,-0.08151026497625402,0.26700252660061186,-0.0003149718127401508,-3.0856926441192627,-3.0313524674684267,0.054340176650836014,0
1780808647.0776198,FLY,spline,0,2,-0.29916976842413795,-0.05032657696034482,-0.4702202184379852,-0.4092968702316284,0.0008593749953433871,-0.7556347250938416,0.11012710180749047,-0.05118595195568821,0.2854145066558563,0.12144126246925874,22.90401807440305,3.0,-1.147949771591593,-0.06751326422028707,-1.2843422043130281,-0.7727634310722351,-0.00014698843006044626,-1.4495431184768677,0.44604432837499347,0.05429802442208695,0.16520091416383953,0.007601723419092174,-0.06244620597249909,-0.07945783863805822,0.26655409967048416,-0.00034801199557291866,-3.084324359893799,-3.0313524674684267,0.05297189242537215,0
1780808647.0880325,FLY,spline,0,3,-0.44944530663662036,-0.07428809304228316,-0.457337219797811,-0.41468748450279236,0.0008593749953433871,-0.7656689286231995,-0.034757822133828,-0.07514746803762655,0.30833170882538846,0.0827964259612269,22.898310611645666,3.0,-1.1669055528111385,-0.0706753218682166,-1.2683522152640045,-0.7743697762489319,-0.00025891451514326036,-1.4452086687088013,0.46432494661071455,0.055630876666765194,0.17685645344479672,0.007788322733347128,-0.06500549252550004,-0.07040547024100907,0.26559368737468864,-0.000383383286261878,-3.082974433898926,-3.036037453738253,0.046936980160672714,0
1780808647.0984828,FLY,spline,0,3,-0.44944530663662036,-0.07428809304228316,-0.457337219797811,-0.4200781285762787,0.0008593749953433871,-0.7756738066673279,-0.02936717806034167,-0.07514746803762655,0.3183365868695169,0.08068192548330709,22.892608281199166,3.0,-1.185819813933379,-0.07383527957131483,-1.2523127204616633,-0.7760235667228699,-0.0003750970063265413,-1.4406068325042725,0.48219959378568894,0.056952060632733864,0.18829411204260915,0.007973288488582742,-0.06750794312999646,-0.06841634403556474,0.2646488299541557,-0.0004210421086703999,-3.081648349761963,-3.036037453738253,0.045610896023709824,0
1780808647.1091502,FLY,spline,0,3,-0.44944530663662036,-0.07428809304228316,-0.457337219797811,-0.4254687428474426,0.0008593749953433871,-0.78564453125,-0.02397656378917773,-0.07514746803762655,0.328307311452189,0.07887976650322066,22.886911257025293,3.0,-1.2046923101007079,-0.07699312637093572,-1.2362236902856618,-0.7795330882072449,-0.0006236631888896227,-1.4307067394256592,0.49584877796852556,0.05759138533674908,0.19448304913999737,0.008062793947144872,-0.06941882891559359,-0.0645661224016536,0.2641325819784103,-0.00045993871849839935,-3.0790815353393555,-3.036037453738253,0.0430440816011024,0
1780808647.1195197,FLY,spline,0,3,-0.44944530663662036,-0.07428809304228316,-0.457337219797811,-0.44203123450279236,0.0008398437057621777,-0.8158886432647705,-0.007414072133827998,-0.07512793674804534,0.3585514234669595,0.07549288274813665,22.86944479984583,3.0,-1.2234371105105428,-0.08014445162361644,-1.2199847984901213,-0.7832658290863037,-0.0008892324403859675,-1.420093297958374,0.509251557625374,0.058892471639034924,0.2001084994682527,0.00824494602946489,-0.07129521806755236,-0.06282018314689286,0.2636519224780117,-0.0004999604183920499,-3.0779175758361816,-3.036037453738253,0.041880122097928574,0
1780808647.1303918,FLY,spline,0,3,-0.44944530663662036,-0.07428809304228316,-0.457337219797811,-0.44749999046325684,0.0008300780900754035,-0.8257128596305847,-0.0019453161733635205,-0.07511817113235857,0.3683756398327737,0.07514335558973034,22.863690718369988,3.0,-1.2421400973546532,-0.08329366244448697,-1.2036973568765732,-0.7851953506469727,-0.001026436686515808,-1.414662480354309,0.5270883913735847,0.06023107706679246,0.21096512347773588,0.008432350789350946,-0.07379237479230186,-0.061157571185528115,0.2627511190605924,-0.0005421534430875971,-3.0768091678619385,-3.036037453738253,0.04077171412368541,0
1780808647.1408527,FLY,spline,0,3,-0.44944530663662036,-0.07428809304228316,-0.457337219797811,-0.4529687464237213,0.0008203124743886292,-0.8355078101158142,0.003523439787100957,-0.07510840551667179,0.3781705903180032,0.07519100482896966,22.857941559661914,3.0,-1.2608010044185085,-0.08644074524645423,-1.1873613103110263,-0.7888600826263428,-0.001286155660636723,-1.4043464660644531,0.5408530110648933,0.06067492089418881,0.2169851557534268,0.008494488925186434,-0.07571942154908506,-0.05715285431235917,0.2622550249802838,-0.0005855504742382824,-3.074139356613159,-3.036037453738253,0.03810190287490611,0
1780808647.1516013,FLY,spline,0,3,-0.44944530663662036,-0.07428809304228316,-0.457337219797811,-0.4674609303474426,0.0007910156273283064,-0.8611132502555847,0.01801562371082227,-0.07507910866961147,0.4037760304577737,0.07721033127964981,22.842735590894595,3.0,-1.279350993290827,-0.08958229487658939,-1.1708983646827902,-0.7927275896072388,-0.001558170304633677,-1.3935898542404175,0.554345902129794,0.06152863446464459,0.2226914895576273,0.008614008825050245,-0.07760842629817116,-0.0544180740007747,0.26177888378609837,-0.0006300887721498079,-3.0723161697387695,-3.036037453738253,0.036278716000516464,0
1780808647.1619024,FLY,spline,0,3,-0.44944530663662036,-0.07428809304228316,-0.457337219797811,-0.472968727350235,0.0007812499534338713,-0.8707470297813416,0.02352342071361463,-0.07506934299571703,0.41340980998353055,0.07866865690907862,22.836966483321923,3.0,-1.297858904129386,-0.0927217805935465,-1.154387735808487,-0.794943630695343,-0.001712776138447225,-1.3875045776367188,0.5717176146802502,0.06337851407033501,0.23311684182823167,0.008872991969846903,-0.08004046605523503,-0.0544180740007747,0.26089823223608444,-0.0006767121405154542,-3.0723161697387695,-3.036037453738253,0.036278716000516464,0
1780808647.1724124,FLY,spline,0,3,-0.44944530663662036,-0.07428809304228316,-0.457337219797811,-0.478515625,0.000771484337747097,-0.8803417682647705,0.029070318363379644,-0.07505957738003026,0.4230045484669595,0.08049238203840782,22.831163276956506,3.0,-1.3163245047308243,-0.09585923275602663,-1.1378294149891433,-0.7996148467063904,-0.002035045763477683,-1.3749096393585205,0.5833648541466987,0.0647304900930063,0.23708022436937726,0.009062268613020882,-0.08167107958053782,-0.05311738144248612,0.26054717948083145,-0.0007241281853893296,-3.071449041366577,-3.036037453738253,0.03541158762832408,0
1780808647.183407,FLY,spline,0,3,-0.44944530663662036,-0.07428809304228316,-0.457337219797811,-0.5009765625,0.0007031249697320163,-0.9185644388198853,0.051531255863379644,-0.07499121801201518,0.46122721902207425,0.09098985168568353,22.807719734207726,3.0,-1.3346203806406267,-0.098988460632769,-1.1210822105182912,-0.8071471452713013,-0.002542864065617323,-1.3555282354354858,0.5892011337040748,0.06468511534780849,0.23444602491719468,0.00905591614869319,-0.08248815871857047,-0.04819463383048661,0.26077230233327675,-0.0007710173903727685,-3.068167209625244,-3.036037453738253,0.032129755886991074,0
1780808647.1941755,FLY,spline,0,3,-0.44944530663662036,-0.07428809304228316,-0.457337219797811,-0.5009765625,0.0007031249697320163,-0.9185644388198853,0.051531255863379644,-0.07499121801201518,0.46122721902207425,0.09098985168568353,22.807719734207726,3.0,-1.3529162565504291,-0.10211768850951138,-1.104335006047439,-0.8071471452713013,-0.002542864065617323,-1.3555282354354858,0.6130264531908759,0.06643971493197882,0.2511932293880468,0.009301560090477036,-0.08582370344672263,-0.04819463383048661,0.25938228732973095,-0.0008212560362503779,-3.068167209625244,-3.036037453738253,0.032129755886991074,0
1780808647.2049649,FLY,spline,0,3,-0.44944530663662036,-0.07428809304228316,-0.457337219797811,-0.5066015720367432,0.0006835937383584678,-0.9279345273971558,0.05715626540012281,-0.07497168678064163,0.47059730759934476,0.09427402873126782,22.80186332693926,3.0,-1.3711697591118295,-0.10524491451459549,-1.0875412541809242,-0.8117968440055847,-0.0028486044611781836,-1.3442329168319702,0.6250329095470514,0.06708036249496696,0.25669166265104604,0.009391250749295376,-0.0875046073365872,-0.045306788791118935,0.25893421346410095,-0.0008725943687805872,-3.066241979598999,-3.036037453738253,0.030204525860745957,0
1780808647.2154908,FLY,spline,0,3,-0.44944530663662036,-0.07428809304228316,-0.457337219797811,-0.5205468535423279,0.0006347656017169356,-0.9508593678474426,0.07110154690570752,-0.0749228586440001,0.4935221480496316,0.10329019662956088,22.787367723062967,3.0,-1.389318718449631,-0.10836730467072296,-1.0706336832534447,-0.8166869282722473,-0.0031641980167478323,-1.3329437971115112,0.6367750423288944,0.06843279335634647,0.2623101138580666,0.009580591069888508,-0.08914850592604522,-0.04416667114585526,0.258451158080261,-0.0009250563915522005,-3.0654819011688232,-3.036037453738253,0.029444447430570175,0
1780808647.2263546,FLY,spline,0,3,-0.44944530663662036,-0.07428809304228316,-0.457337219797811,-0.5319530963897705,0.0005859374650754035,-0.9692333936691284,0.08250778975315015,-0.07487403050735857,0.5118961738713175,0.11141658680091977,22.77553649044177,3.0,-1.4073832631056478,-0.11148585804638644,-1.0536352465249124,-0.8253927230834961,-0.003712010569870472,-1.313136100769043,0.6404467836799328,0.06990391366554821,0.2595008542441306,0.00978654791317675,-0.0896625497151906,-0.04304264675468095,0.2586437315499913,-0.0009769565624010268,-3.064732551574707,-3.036037453738253,0.028695097836453964,0
1780808647.2371237,FLY,spline,0,3,-0.44944530663662036,-0.07428809304228316,-0.457337219797811,-0.5319530963897705,0.0005859374650754035,-0.9692333936691284,0.08250778975315015,-0.07487403050735857,0.5118961738713175,0.11141658680091977,22.77553649044177,3.0,-1.4254478077616646,-0.11460441142204993,-1.03663680979638,-0.8253927230834961,-0.003712010569870472,-1.313136100769043,0.6651723858700284,0.07020216152628642,0.2764992909726629,0.009828302613680099,-0.09312413402180397,-0.039998160708843544,0.25728894965989385,-0.0010322564205955593,-3.0627028942108154,-3.036037453738253,0.026665440472562363,0
1780808647.2476454,FLY,spline,0,3,-0.44944530663662036,-0.07428809304228316,-0.457337219797811,-0.5539453029632568,0.0004785156052093953,-1.0037548542022705,0.10449999632663648,-0.07476660864749256,0.5464176344044596,0.1284923927744921,22.752784698768526,3.0,-1.4433509174908883,-0.1177158716732207,-1.0194671424399995,-0.8348119258880615,-0.004284400027245283,-1.2930707931518555,0.6667953503849702,0.07175806425087074,0.273603650711856,0.010046128995121905,-0.09335134905389583,-0.03896640430778153,0.2574890464720534,-0.0010869771507379304,-3.0620150566101074,-3.036037453738253,0.025977602871854355,0
1780808647.2579887,FLY,spline,0,3,-0.44944530663662036,-0.07428809304228316,-0.457337219797811,-0.5539453029632568,0.0004785156052093953,-1.0037548542022705,0.10449999632663648,-0.07476660864749256,0.5464176344044596,0.1284923927744921,22.752784698768526,3.0,-1.4612540272201118,-0.12082733192439146,-1.0022974750836189,-0.8348119258880615,-0.004284400027245283,-1.2930707931518555,0.6913014097582707,0.07286685252327424,0.2907733180682366,0.010201359353258395,-0.09678219736615791,-0.03795610557883866,0.2560812779021362,-0.0011451318143515777,-3.0613415241241455,-3.036037453738253,0.02530407038589244,0
1780808647.2687995,FLY,spline,0,3,-0.44944530663662036,-0.07428809304228316,-0.457337219797811,-0.559765636920929,0.00044921872904524207,-1.0126855373382568,0.1103203302843086,-0.0747373117713284,0.5553483175404459,0.13325254611017262,22.746776170111186,3.0,-1.4791145772943703,-0.12393700333368707,-0.985083216610739,-0.8412942886352539,-0.004667137283831835,-1.2797921895980835,0.6995228070124426,0.0743063247166852,0.29470897298734444,0.01040288546033593,-0.09793319298174198,-0.03697298656791337,0.2557324169467488,-0.0012040736089490465,-3.0606861114501953,-3.036037453738253,0.024648657711942246,0
1780808647.2793245,FLY,spline,0,3,-0.44944530663662036,-0.07428809304228316,-0.457337219797811,-0.5700781345367432,0.00039062497671693563,-1.0283300876617432,0.12063282790012281,-0.0746787180190001,0.5709928678639322,0.1418773769568002,22.736142131010084,3.0,-1.4968998946213574,-0.12704352521898984,-0.9677906745953351,-0.8444451689720154,-0.0048499805852770805,-1.2735620737075806,0.7159723270742052,0.07522633582548574,0.3057713991122455,0.010531687015568005,-0.10023612579038874,-0.03530357967704423,0.25483251636888504,-0.0012652278887714957,-3.059573173522949,-3.036037453738253,0.023535719784696152,0
1780808647.2900772,FLY,spline,0,3,-0.44944530663662036,-0.07428809304228316,-0.457337219797811,-0.5818749666213989,0.0003124999930150807,-1.045864224433899,0.13242965998477857,-0.07460059303529824,0.588527004636088,0.15199626089118853,22.723997232951735,3.0,-1.5146002041818072,-0.1301465562634552,-0.9504105065926565,-0.8517876267433167,-0.005269158165901899,-1.258543610572815,0.7225483832389299,0.07631211387311596,0.3081331039801585,0.010683695942236235,-0.10115677365345019,-0.03351257931083329,0.2546385875162835,-0.0013268545095675274,-3.0583791732788086,-3.036037453738253,0.022341719540555527,0
1780808647.3009088,FLY,spline,0,4,-0.6001727136410004,-0.09746217242373442,-0.4457630121604065,-0.5985937118530273,0.00019531248835846782,-1.0700585842132568,-0.0015790017879731,-0.09765748491209289,0.6242955720528504,0.09767024933930533,22.70681981897239,3.0,-1.5322890739756536,-0.13316243392789204,-0.9330033710635264,-0.8626326322555542,-0.005869539454579353,-1.2362663745880127,0.7226220067752805,0.07713002989164647,0.3032630035244863,0.010798204184830507,-0.10116708094853928,-0.02425432878152023,0.25505467702474016,-0.0013875071102724247,-3.056802988052368,-3.0406334355313547,0.016169552521013486,0
1780808647.3120713,FLY,spline,0,4,-0.6001727136410004,-0.09746217242373442,-0.4457630121604065,-0.6106640696525574,0.00011718749738065526,-1.087060570716858,0.01049135601155693,-0.09757935992111508,0.6412975585564514,0.0981417344129181,22.694442340567694,3.0,-1.549895094465146,-0.13617537675517513,-0.9155119383593966,-0.870805025100708,-0.00630806852132082,-1.219910740852356,0.730446161188139,0.07852029518882431,0.30439880249295936,0.010992841326435404,-0.10226246256633947,-0.023446089798365932,0.25493625108880147,-0.0014483868707710166,-3.0562641620635986,-3.0406334355313547,0.015630726532243955,0
1780808647.322642,FLY,spline,0,4,-0.6001727136410004,-0.09746217242373442,-0.4457630121604065,-0.6106640696525574,0.00011718749738065526,-1.087060570716858,0.01049135601155693,-0.09757935992111508,0.6412975585564514,0.0981417344129181,22.694442340567694,3.0,-1.5675011149546383,-0.13918831958245823,-0.8980205056552668,-0.870805025100708,-0.00630806852132082,-1.219910740852356,0.7568165792215436,0.07933468191909371,0.32189023519708915,0.01110685546867312,-0.1059543210910161,-0.022675759369288784,0.2535069442303407,-0.0015127649178104344,-3.055750608444214,-3.0406334355313547,0.01511717291285919,0
1780808647.333345,FLY,spline,0,4,-0.6001727136410004,-0.09746217242373442,-0.4457630121604065,-0.6295312643051147,-2.9296874345163815e-05,-1.1128368377685547,0.029358550664114302,-0.09743287554938926,0.6670738256081482,0.10175996135474964,22.67513288427541,3.0,-1.584979121037146,-0.14219691351512898,-0.8804004129787762,-0.8841697573661804,-0.007001962512731552,-1.1944918632507324,0.7508811216376152,0.08162958891041808,0.3140914502719562,0.011428142447458533,-0.10512335702926615,-0.022675759369288784,0.25406802873429696,-0.0015755832078648256,-3.055750608444214,-3.0406334355313547,0.01511717291285919,0
1780808647.3438635,FLY,spline,0,4,-0.6001727136410004,-0.09746217242373442,-0.4457630121604065,-0.6295312643051147,-2.9296874345163815e-05,-1.1128368377685547,0.029358550664114302,-0.09743287554938926,0.6670738256081482,0.10175996135474964,22.67513288427541,3.0,-1.6024571271196537,-0.14520550744779973,-0.8627803203022857,-0.8841697573661804,-0.007001962512731552,-1.1944918632507324,0.7775841111808429,0.08146096371090254,0.33171154294844674,0.011404534919526357,-0.10886177556531802,-0.020049697929774624,0.25274488000691125,-0.001641925516454515,-3.053999900817871,-3.0406334355313547,0.013366465286516416,0
1780808647.3541517,FLY,spline,0,4,-0.6001727136410004,-0.09746217242373442,-0.4457630121604065,-0.6357030868530273,-7.812499825377017e-05,-1.1210741996765137,0.0355303732120269,-0.09738404742548065,0.6753111875161072,0.10366320520586937,22.66882575617304,3.0,-1.6198933726459304,-0.14821278000251453,-0.8451186767284543,-0.8886950016021729,-0.007230944000184536,-1.1860463619232178,0.7914551041474921,0.0828002979026759,0.34092768519476346,0.011592041706374628,-0.1108037145806489,-0.019523627334987026,0.2519798841291834,-0.0017101110534934677,-3.0536491870880127,-3.0406334355313547,0.013015751556658017,0
1780808647.3652806,FLY,spline,0,4,-0.6001727136410004,-0.09746217242373442,-0.4457630121604065,-0.6481640338897705,-0.00017578124243300408,-1.1373729705810547,0.047991320248770064,-0.09728639118130142,0.6916099584206482,0.10847953137943217,22.6561057453278,3.0,-1.6372462054639452,-0.15121761755367782,-0.8273746595823528,-0.902349054813385,-0.00790487788617611,-1.1616131067276,0.7848013586301924,0.08521840084864803,0.3342384471452473,0.011930576118810725,-0.10987219020822694,-0.019523627334987026,0.2524481754837156,-0.0017769587429225173,-3.0536491870880127,-3.0406334355313547,0.013015751556658017,0
1780808647.3760443,FLY,spline,0,4,-0.6001727136410004,-0.09746217242373442,-0.4457630121604065,-0.6481640338897705,-0.00017578124243300408,-1.1373729705810547,0.047991320248770064,-0.09728639118130142,0.6916099584206482,0.10847953137943217,22.6561057453278,3.0,-1.65459903828196,-0.15422245510484112,-0.8096306424362513,-0.902349054813385,-0.00790487788617611,-1.1616131067276,0.8114380610844468,0.08564577617111016,0.35198246429134883,0.011990408663955423,-0.11360132855182256,-0.01822400766030441,0.2510780172020718,-0.001847355235780787,-3.0527827739715576,-3.0406334355313547,0.01214933844020294,0
1780808647.386917,FLY,spline,0,4,-0.6001727136410004,-0.09746217242373442,-0.4457630121604065,-0.6656640768051147,-0.00033203125349245965,-1.159609317779541,0.0654913631641143,-0.09713014117024196,0.7138463056191345,0.1171468436315936,22.638270449123564,3.0,-1.671835752408433,-0.15722409736078516,-0.7917732677722764,-0.911688506603241,-0.008352524600923061,-1.1448829174041748,0.8145389999941637,0.08725161144773175,0.3531096496318984,0.012215225602682445,-0.11403545999918292,-0.017372138077174526,0.2510101073844576,-0.0019179771657071667,-3.0522148609161377,-3.0406334355313547,0.011581425384783017,0
1780808647.3974934,FLY,spline,0,4,-0.6001727136410004,-0.09746217242373442,-0.4457630121604065,-0.6784765720367432,-0.00044921872904524207,-1.1753954887390137,0.07830385839574272,-0.09701295369468918,0.7296324765786072,0.12467159830622383,22.625232884073476,3.0,-1.6889894109429748,-0.1602237338603379,-0.7738357601485598,-0.9270151853561401,-0.009065218269824982,-1.118455410003662,0.8057753040514909,0.0896301132052387,0.3446196498551023,0.012548215848733418,-0.11280854256720874,-0.01695013719216476,0.25166936229704706,-0.0019869010956781873,-3.051933526992798,-3.0406334355313547,0.011300091461443174,0
1780808647.4081476,FLY,spline,0,4,-0.6001727136410004,-0.09746217242373442,-0.4457630121604065,-0.6784765720367432,-0.00044921872904524207,-1.1753954887390137,0.07830385839574272,-0.09701295369468918,0.7296324765786072,0.12467159830622383,22.625232884073476,3.0,-1.7061430694775166,-0.16322337035989062,-0.7558982525248432,-0.9270151853561401,-0.009065218269824982,-1.118455410003662,0.8340017139171962,0.09019696501245579,0.3625571574788189,0.012627575101743812,-0.11676023994840748,-0.01616728978768478,0.25025711814201684,-0.0020594125271739512,-3.0514116287231445,-3.0406334355313547,0.010778193191789853,0
1780808647.4186692,FLY,spline,0,4,-0.6001727136410004,-0.09746217242373442,-0.4457630121604065,-0.6971484422683716,-0.0006347656017169356,-1.197607398033142,0.09697572862737114,-0.09682740682201749,0.7518443858727356,0.137039551424711,22.60626235218088,3.0,-1.7231774211543458,-0.16622050324105356,-0.7378469905899324,-0.9376028180122375,-0.009543218649923801,-1.1008684635162354,0.8354046192844582,0.09215763488700798,0.36302147292630293,0.012902068884181118,-0.11695664669982415,-0.015751010948573452,0.25019979239229506,-0.002132016821759212,-3.0511341094970703,-3.0406334355313547,0.010500673965715634,0
1780808647.4294536,FLY,spline,0,4,-0.6001727136410004,-0.09746217242373442,-0.4457630121604065,-0.7037109136581421,-0.0007031249697320163,-1.2051904201507568,0.10353820001714165,-0.0967590474540024,0.7594274079903504,0.14171263926338934,22.59960276032175,3.0,-1.7401706837884512,-0.16921689791098785,-0.7197569202741402,-0.9432435631752014,-0.009793644770979881,-1.0920684337615967,0.8491832162119123,0.09355663658511267,0.3723115134874565,0.013097929121915774,-0.11888565026966773,-0.015335089737330776,0.24943560893132408,-0.002206479124456703,-3.050856828689575,-3.0406334355313547,0.010223393158220517,0
1780808647.4401376,FLY,spline,0,4,-0.6001727136410004,-0.09746217242373442,-0.4457630121604065,-0.7268750071525574,-0.0009570312104187906,-1.2311620712280273,0.12670229351155693,-0.09650514121331563,0.7853990590676209,0.15926931111074322,22.576124706273145,3.0,-1.7570220791659896,-0.1722111767921864,-0.7015342759047989,-0.9636847376823425,-0.010681353509426117,-1.0601226091384888,0.8295040649140204,0.09599090589684411,0.3585883332336899,0.013438726825558177,-0.11613056908796286,-0.013894207054530483,0.2506601877725131,-0.002278196791103441,-3.049896240234375,-3.0406334355313547,0.009262804703020322,0
1780808647.4506543,FLY,spline,0,4,-0.6001727136410004,-0.09746217242373442,-0.4457630121604065,-0.7268750071525574,-0.0009570312104187906,-1.2311620712280273,0.12670229351155693,-0.09650514121331563,0.7853990590676209,0.15926931111074322,22.576124706273145,3.0,-1.773873474543528,-0.17520545567338494,-0.6833116315354576,-0.9636847376823425,-0.010681353509426117,-1.0601226091384888,0.8596380204829248,0.09658914955306452,0.37681097760303117,0.013522480937429035,-0.12034932286760948,-0.013490087562953335,0.24918763798923185,-0.002353558986624047,-3.0496268272399902,-3.0406334355313547,0.008993391708635556,0
1780808647.4613154,FLY,spline,0,4,-0.6001727136410004,-0.09746217242373442,-0.4457630121604065,-0.733593761920929,-0.0010351561941206455,-1.2384569644927979,0.1334210482799285,-0.09642701622961378,0.7926939523323914,0.1646187886696449,22.569322952801773,3.0,-1.7906841374968732,-0.17819925928389757,-0.6650513261981772,-0.9697593450546265,-0.01093996874988079,-1.0506478548049927,0.8723810174006629,0.09826252620963764,0.3855965286068155,0.013756753669349272,-0.12213334243609282,-0.013490087562953335,0.24840767460320776,-0.0024306782923454104,-3.0496268272399902,-3.0406334355313547,0.008993391708635556,0
1780808647.4720159,FLY,spline,0,5,-0.751345564030995,-0.11985912377845027,-0.4354757427074327,-0.7545703053474426,-0.0012792968191206455,-1.2604345083236694,0.003224741316447677,-0.11857982695932963,0.8249587656162367,0.1186236667712753,22.548110321406366,3.0,-1.807503006226551,-0.18109808979458453,-0.6467832546983123,-0.9891563057899475,-0.011751080863177776,-1.0220485925674438,0.8553650657163112,0.10055238206252422,0.3752653378691315,0.014077333488753391,-0.11975110920028358,-0.005545729144973421,0.2493538919850728,-0.0025057313599192365,-3.0488383769989014,-3.0451412242355858,0.0036971527633156143,0
1780808647.4826915,FLY,spline,0,5,-0.751345564030995,-0.11985912377845027,-0.4354757427074327,-0.7684375047683716,-0.0014550781343132257,-1.2744287252426147,0.017091940737376632,-0.11840404564413705,0.838952982535182,0.11963131890549768,22.53410347745448,3.0,-1.8242432530614974,-0.1839966275069576,-0.628443063449718,-1.002339482307434,-0.01229164469987154,-1.0029255151748657,0.8562070409250706,0.1024663020348868,0.3744824517251477,0.014345282284884154,-0.1198689857295099,-0.005182021602553988,0.24940852489354198,-0.002580627850264266,-3.048595905303955,-3.0451412242355858,0.003454681068369325,0
1780808647.4933708,FLY,spline,0,5,-0.751345564030995,-0.11985912377845027,-0.4354757427074327,-0.7684375047683716,-0.0014550781343132257,-1.2744287252426147,0.017091940737376632,-0.11840404564413705,0.838952982535182,0.11963131890549768,22.53410347745448,3.0,-1.8409834998964438,-0.1868951652193307,-0.6101028722011237,-1.002339482307434,-0.01229164469987154,-1.0029255151748657,0.8869188695739811,0.10284744793605241,0.39282264297374203,0.014398642711047339,-0.12416864174035737,-0.004844063266677523,0.24793098449852463,-0.0026591923788590144,-3.048370599746704,-3.0451412242355858,0.0032293755111183486,0
1780808647.504778,FLY,spline,0,5,-0.751345564030995,-0.11985912377845027,-0.4354757427074327,-0.7882031202316284,-0.0016992187593132257,-1.293642520904541,0.03685755620063347,-0.11815990501913705,0.8581667781971083,0.12377496759528699,22.514160115167314,3.0,-1.8576133172359868,-0.18979398627161476,-0.5916625356597188,-1.0217516422271729,-0.01307422574609518,-0.9769564867019653,0.870612107743021,0.10549306590632318,0.3852939510422465,0.014769029226885246,-0.12188569508402296,-0.004087680324477816,0.24865416055363312,-0.0027362511690674635,-3.0478663444519043,-3.0451412242355858,0.002725120216318544,0
1780808647.5153925,FLY,spline,0,5,-0.751345564030995,-0.11985912377845027,-0.4354757427074327,-0.7882031202316284,-0.0016992187593132257,-1.293642520904541,0.03685755620063347,-0.11815990501913705,0.8581667781971083,0.12377496759528699,22.514160115167314,3.0,-1.8742431345755297,-0.19269280732389882,-0.573222199118314,-1.0217516422271729,-0.01307422574609518,-0.9769564867019653,0.9010837940413249,0.10596799512634444,0.4037342875836514,0.014835519317688223,-0.12615173116578549,-0.003892057880324984,0.24717153908254036,-0.002816998026584194,-3.0477359294891357,-3.0451412242355858,0.0025947052535499893,0
1780808647.5263827,FLY,spline,0,5,-0.751345564030995,-0.11985912377845027,-0.4354757427074327,-0.802539050579071,-0.0018847655737772584,-1.3070166110992432,0.051193486548076095,-0.11797435820467302,0.8715408683918104,0.12860296364684815,22.499709796378568,3.0,-1.8907942895798726,-0.19559224626923066,-0.5547113233469058,-1.0361058712005615,-0.013646095991134644,-0.9581828117370605,0.8957341098557132,0.1084064451334731,0.4034714883901548,0.015176902318686234,-0.12540277537979985,-0.003730767711562777,0.24718671461199962,-0.0028976923242622246,-3.047628402709961,-3.0451412242355858,0.0024871784743751846,0
1780808647.5370147,FLY,spline,0,5,-0.751345564030995,-0.11985912377845027,-0.4354757427074327,-0.8098046779632568,-0.0019824218470603228,-1.3136035203933716,0.058459113932261886,-0.11787670193138995,0.8781277776859389,0.13157653612999137,22.492390628326042,3.0,-1.9073062754872847,-0.19849213628412127,-0.5361655702132376,-1.0434684753417969,-0.013937470503151417,-0.9488556981086731,0.9079988487615731,0.10991317098522901,0.41269012789543547,0.015387843937932064,-0.12711983882662026,-0.0035959420050808433,0.24644298665620262,-0.0029802303498413117,-3.0475385189056396,-3.0451412242355858,0.0023972946700538955,0
1780808647.5480087,FLY,spline,0,5,-0.751345564030995,-0.11985912377845027,-0.4354757427074327,-0.8229687213897705,-0.002158203162252903,-1.3252685070037842,0.07162315735877556,-0.11770092061619737,0.8897927642963515,0.1377801995351303,22.479136423755545,3.0,-1.9237480923858574,-0.20139311514931,-0.517557749849274,-1.0569032430648804,-0.014466564171016216,-0.9313971996307373,0.9059028170451139,0.11212206301465494,0.41383944978146325,0.015697088822051692,-0.12682639438631596,-0.003307336315078402,0.24649228309572524,-0.0030629982397976045,-3.0473461151123047,-3.0451412242355858,0.0022048908767189346,0
1780808647.5585504,FLY,spline,0,5,-0.751345564030995,-0.11985912377845027,-0.4354757427074327,-0.8378124833106995,-0.0023632810916751623,-1.3379980325698853,0.08646691927970451,-0.11749584268677511,0.9025222898624525,0.14588283373446767,22.464200916341067,3.0,-1.9401125532059038,-0.20429564979121545,-0.49888210488794266,-1.072217583656311,-0.015065529383718967,-0.9112484455108643,0.9010926211765942,0.114614406117218,0.4123663406229216,0.016046016856410522,-0.1261529669647232,-0.0032154259528347495,0.24661163704757927,-0.0031454715079221886,-3.0472848415374756,-3.0451412242355858,0.002143617301889833,0
1780808647.5691226,FLY,spline,0,5,-0.751345564030995,-0.11985912377845027,-0.4354757427074327,-0.8453124761581421,-0.0024707030970603228,-1.3442529439926147,0.09396691212714714,-0.11738842068138995,0.908777201285182,0.15036562733810535,22.45665836147285,3.0,-1.956438567378814,-0.20719910333160038,-0.48017298361609345,-1.08607017993927,-0.01560347992926836,-0.8929575681686401,0.9012370000133213,0.11683964918167218,0.4127845845525467,0.016357550885434106,-0.126173180001865,-0.0031199393119045737,0.24658148156728338,-0.003228028424832698,-3.0472211837768555,-3.0451412242355858,0.002079959541269716,0
1780808647.5820143,FLY,spline,0,5,-0.751345564030995,-0.11985912377845027,-0.4354757427074327,-0.8568750023841858,-0.0026367187965661287,-1.3536913394927979,0.10552943835319084,-0.11722240498188415,0.9182155967853651,0.1577262013391458,22.445034831216752,3.0,-1.9727058465039746,-0.21010418384901328,-0.4614130226072997,-1.0921916961669922,-0.01584007404744625,-0.8850021958351135,0.9190176377786937,0.11805199992342771,0.4235891732278138,0.016527279989279883,-0.12866246928901715,-0.0029647288169094566,0.2457668391666511,-0.003312746259478261,-3.0471177101135254,-3.0451412242355858,0.0019764858779396377,0
1780808647.5931213,FLY,spline,0,5,-0.751345564030995,-0.11985912377845027,-0.4354757427074327,-0.8722265362739563,-0.0028613279573619366,-1.3657665252685547,0.12088097224296135,-0.11699779582108834,0.930290782561122,0.16822810014202938,22.429610831607263,3.0,-1.988897134619813,-0.21301185477954726,-0.44258783631580073,-1.1085354089736938,-0.016469426453113556,-0.8643213510513306,0.9119439053865025,0.1206182353836101,0.42173351473552984,0.016886552953705416,-0.12767214675411037,-0.002734058841628695,0.24601159331289424,-0.003397092962425367,-3.046963930130005,-3.0451412242355858,0.0018227058944191299,0
1780808647.6044912,FLY,spline,0,5,-0.751345564030995,-0.11985912377845027,-0.4354757427074327,-0.8966405987739563,-0.0032324218191206455,-1.3840283155441284,0.14529503474296135,-0.11662670195932963,0.9485525728366957,0.1863127336788032,22.4050989997195,3.0,-2.0049724380895295,-0.21592445920596806,-0.4236642702192186,-1.134983777999878,-0.017485029995441437,-0.8319615721702576,0.88456938475331,0.12424014482270068,0.40829730195103897,0.017393620275178098,-0.12383971386546341,-0.0023142037238308433,0.2472982887702856,-0.0034787524228155745,-3.0466840267181396,-3.0451412242355858,0.0015428024825538955,0
1780808647.61546,FLY,spline,0,6,-0.9029574324003202,-0.14148925578018243,-0.42645355862055045,-0.9125781059265137,-0.0034863280598074198,-1.3953661918640137,0.009620673526193446,-0.138002927720375,0.9689126332434632,0.13833786690018263,22.38910789543697,3.0,-2.0211343024768977,-0.2187331815941696,-0.4047988198384209,-1.152618408203125,-0.01816229335963726,-0.8115273118019104,0.8818931054952392,0.12638940637822543,0.4067284919634895,0.017694516892951564,-0.1234650347693335,0.004459451582663032,0.24743999911439124,-0.0035600981212082724,-3.046588659286499,-3.0495616270082744,-0.0029729677217753547,0
1780808647.6261253,FLY,spline,0,6,-0.9029574324003202,-0.14148925578018243,-0.42645355862055045,-0.9125781059265137,-0.0034863280598074198,-1.3953661918640137,0.009620673526193446,-0.138002927720375,0.9689126332434632,0.13833786690018263,22.38910789543697,3.0,-2.037296166864266,-0.22154190398237114,-0.38593336945762324,-1.152618408203125,-0.01816229335963726,-0.8115273118019104,0.9184068696625255,0.1263468320518436,0.42559394234428716,0.017688556487258107,-0.12857696175275357,0.00460250273012397,0.2459439220992442,-0.00364521690967713,-3.0464932918548584,-3.0495616270082744,-0.0030683351534159797,0
1780808647.6367245,FLY,spline,0,6,-0.9029574324003202,-0.14148925578018243,-0.42645355862055045,-0.9125781059265137,-0.0034863280598074198,-1.3953661918640137,0.009620673526193446,-0.138002927720375,0.9689126332434632,0.13833786690018263,22.38910789543697,3.0,-2.053458031251634,-0.22435062637057268,-0.36706791907682557,-1.152618408203125,-0.01816229335963726,-0.8115273118019104,0.9488766050094802,0.12666540450800137,0.44445939272508483,0.017733156631120194,-0.13284272470132724,0.004743050482504341,0.24444478506434436,-0.0037341087882221467,-3.0463995933532715,-3.0495616270082744,-0.003162033655002894,0
1780808647.6477513,FLY,spline,0,6,-0.9029574324003202,-0.14148925578018243,-0.42645355862055045,-0.9433984160423279,-0.003984374925494194,-1.4160692691802979,0.040440983642007655,-0.13750488085468823,0.9896157105597474,0.1433285226910371,22.358204029731265,3.0,-2.0694831695787386,-0.22716759226435299,-0.34808741210913785,-1.187700629234314,-0.019516795873641968,-0.7754553556442261,0.8977157252347063,0.13157715731205644,0.4273679435350882,0.018420802023687902,-0.1256802015328589,0.005019854452841255,0.24600675673694855,-0.0038195823769291643,-3.046215057373047,-3.0495616270082744,-0.003346569635227503,0
1780808647.6585422,FLY,spline,0,6,-0.9029574324003202,-0.14148925578018243,-0.42645355862055045,-0.9517187476158142,-0.004121093545109034,-1.4213818311691284,0.04876131521549398,-0.1373681622350734,0.994928272548578,0.1457658322700701,22.34986522237102,3.0,-2.085472857407323,-0.2299870701017589,-0.3290774034855526,-1.197173833847046,-0.019886471331119537,-0.7653396725654602,0.9124538182492795,0.13289995238852664,0.4362622690799076,0.018605993334393733,-0.12774353455489915,0.005058478262655708,0.24531340442217198,-0.003906834830745146,-3.046189308166504,-3.0495616270082744,-0.003372318841770472,0
1780808647.6691816,FLY,spline,0,6,-0.9029574324003202,-0.14148925578018243,-0.42645355862055045,-0.9517187476158142,-0.004121093545109034,-1.4213818311691284,0.04876131521549398,-0.1373681622350734,0.994928272548578,0.1457658322700701,22.34986522237102,3.0,-2.1014625452359077,-0.2328065479391648,-0.3100673948619673,-1.197173833847046,-0.019886471331119537,-0.7653396725654602,0.9456084019051346,0.13320837770382105,0.4552722777034929,0.018649172878534948,-0.13238517626671886,0.005063842680685493,0.2438102825005097,-0.003997889286285844,-3.0461857318878174,-3.0495616270082744,-0.0033758951204569954,0
1780808647.6798606,FLY,spline,0,6,-0.9029574324003202,-0.14148925578018243,-0.42645355862055045,-0.9836718440055847,-0.0046582031063735485,-1.4407861232757568,0.08071441160526449,-0.13683105267380888,1.0143325646552064,0.15886331614506452,22.317854857688673,3.0,-2.117319011772856,-0.23563687502952507,-0.2909477265195456,-1.2338824272155762,-0.02133191004395485,-0.7263525128364563,0.8926765837064179,0.1384640450051136,0.4354047863169107,0.019384966300715907,-0.12497472171889852,0.004941176321737739,0.24562133051512958,-0.004084970243549226,-3.046267509460449,-3.0495616270082744,-0.0032941175478251594,0
1780808647.6902661,FLY,spline,0,6,-0.9029574324003202,-0.14148925578018243,-0.42645355862055045,-0.9836718440055847,-0.0046582031063735485,-1.4407861232757568,0.08071441160526449,-0.13683105267380888,1.0143325646552064,0.15886331614506452,22.317854857688673,3.0,-2.1331754783098047,-0.23846720211988534,-0.27182805817712385,-1.2338824272155762,-0.02133191004395485,-0.7263525128364563,0.9301319403181885,0.13862527224816473,0.45452445465933244,0.019407538114743064,-0.1302184716445464,0.004862855818502876,0.24411562943151216,-0.004175875134481093,-3.0463197231292725,-3.0495616270082744,-0.0032419038790019172,0
1780808647.70059,FLY,spline,0,6,-0.9029574324003202,-0.14148925578018243,-0.42645355862055045,-0.9923046827316284,-0.004804687574505806,-1.4457567930221558,0.08934725033130819,-0.13668456820567662,1.0193032344016053,0.16329605729269067,22.309209953601208,3.0,-2.1489967964668595,-0.24130083963761645,-0.2526797843595872,-1.2438384294509888,-0.02172776497900486,-0.715625524520874,0.939201193865483,0.14038103367675667,0.4629457401612868,0.019653344714745936,-0.13148816714116762,0.004780601408712837,0.24346647402482383,-0.00426846428251335,-3.046374559402466,-3.0495616270082744,-0.003187067605808558,0
1780808647.7112412,FLY,spline,0,6,-0.9029574324003202,-0.14148925578018243,-0.42645355862055045,-1.0171483755111694,-0.005253906361758709,-1.4594237804412842,0.11419094311084921,-0.13623534941842372,1.0329702218207337,0.17776288116394043,22.284338110622393,3.0,-2.1647202373253593,-0.2441444687271792,-0.23345253335560218,-1.27254056930542,-0.022879203781485558,-0.6842783689498901,0.9059366887329594,0.1445344161646051,0.45082583559428796,0.020234818263044716,-0.12683113642261432,0.004630397703878852,0.2445650508487543,-0.0043586294496322075,-3.0464746952056885,-3.0495616270082744,-0.0030869318025859016,0
1780808647.721625,FLY,spline,0,6,-0.9029574324003202,-0.14148925578018243,-0.42645355862055045,-1.0260546207427979,-0.005419921595603228,-1.4640966653823853,0.12309718834247763,-0.1360693341845792,1.0376431067618348,0.18348782380108525,22.275423996746813,3.0,-2.1804097678557453,-0.24699192577605877,-0.2141981670951698,-1.2828948497772217,-0.023298243060708046,-0.6731338500976562,0.9190828456954971,0.14611950578782623,0.45893568300248644,0.020456730810295674,-0.1286715983973696,0.004495571997396919,0.24406989961163555,-0.004450416586232705,-3.0465645790100098,-3.0495616270082744,-0.0029970479982646125,0
1780808647.732344,FLY,spline,0,6,-0.9029574324003202,-0.14148925578018243,-0.42645355862055045,-1.0350390672683716,-0.005585937295109034,-1.468691349029541,0.13208163486805136,-0.1359033184850734,1.0422377904089906,0.18951324556524415,22.2664327510509,3.0,-2.19606540083651,-0.24984347687687108,-0.19491683383496594,-1.2933430671691895,-0.023723453283309937,-0.661832332611084,0.9296763313369106,0.14776757280079222,0.46691549877611804,0.020687460192110912,-0.1301546863871675,0.004495571997396919,0.24333813124998976,-0.004543799685987929,-3.0465645790100098,-3.0495616270082744,-0.0029970479982646125,0
1780808647.7440512,FLY,spline,0,7,-1.055001893342693,-0.1623628771026826,-0.41867460708142035,-1.0696874856948853,-0.0062402342446148396,-1.4853856563568115,0.014685592352192245,-0.15612264285806776,1.066711049275391,0.15681181790835327,22.231766994732084,3.0,-2.211789795508316,-0.2525854213376724,-0.17567559809556607,-1.3341706991195679,-0.025409771129488945,-0.6200178861618042,0.8720339305946684,0.15289920901130544,0.4443422880662381,0.021405889261582763,-0.12208475028325358,0.01086505102197255,0.2455306451237884,-0.0046326681436011765,-3.04665207862854,-3.0538954459765217,-0.0072433673479817,0
1780808647.7545474,FLY,spline,0,7,-1.055001893342693,-0.1623628771026826,-0.41867460708142035,-1.0696874856948853,-0.0062402342446148396,-1.4853856563568115,0.014685592352192245,-0.15612264285806776,1.066711049275391,0.15681181790835327,22.231766994732084,3.0,-2.227514190180122,-0.25532736579847376,-0.1564343623561662,-1.3341706991195679,-0.025409771129488945,-0.6200178861618042,0.9139931895465989,0.15264827422132027,0.463583523805638,0.02137075839098484,-0.12795904653652387,0.010854679813781631,0.24402771279157542,-0.004725384848362304,-3.046658992767334,-3.0538954459765217,-0.007236453209187754,0
1780808647.765572,FLY,spline,0,7,-1.055001893342693,-0.1623628771026826,-0.41867460708142035,-1.0790233612060547,-0.006416015326976776,-1.4896142482757568,0.02402146786336168,-0.15594686177570583,1.0709396411943364,0.1577861040015933,22.222428622460935,3.0,-2.243206456524287,-0.2580741925938502,-0.13716761069585803,-1.345235824584961,-0.02587500587105751,-0.6088786721229553,0.9237376318728711,0.15415692206919124,0.4717110614270973,0.021581969089686775,-0.12932326846220196,0.010837156048217667,0.24341208040318613,-0.004819727060647723,-3.04667067527771,-3.0538954459765217,-0.007224770698811778,0
1780808647.7764509,FLY,spline,0,7,-1.055001893342693,-0.1623628771026826,-0.41867460708142035,-1.0884374380111694,-0.006601562257856131,-1.4937695264816284,0.033435544668476425,-0.15576131484482647,1.075094919400208,0.15930951901712226,22.213012686408117,3.0,-2.258866611187275,-0.26082603302506463,-0.11787546384351319,-1.3663946390151978,-0.026774704456329346,-0.5889550447463989,0.9097329122001497,0.15697150473012159,0.4710795809028857,0.021976010662217025,-0.12736260770802096,0.010762411823669327,0.24359502869264535,-0.004913942976828301,-3.046720504760742,-3.0538954459765217,-0.007174941215779551,0
1780808647.7871616,FLY,spline,0,7,-1.055001893342693,-0.1623628771026826,-0.41867460708142035,-1.1145702600479126,-0.007119140587747097,-1.5047509670257568,0.05956836670521959,-0.1552437365149355,1.0860763599443364,0.16627990870531,22.186878411215837,3.0,-2.274440610932699,-0.26359268825523197,-0.09851581119252502,-1.387955904006958,-0.027707649394869804,-0.5689480304718018,0.8972515090545536,0.15979267337199965,0.47043221927927675,0.022370974272079954,-0.12561521126763753,0.010574657192626846,0.24382130033451618,-0.005008029420684156,-3.0468456745147705,-3.0538954459765217,-0.007049771461751231,0
1780808647.7979715,FLY,spline,0,7,-1.055001893342693,-0.1623628771026826,-0.41867460708142035,-1.1341015100479126,-0.0075097656808793545,-1.512426733970642,0.07909961670521959,-0.15485311142180325,1.0937521268892216,0.17388569659384312,22.167349068674326,3.0,-2.2899535552683856,-0.2663712275375195,-0.07910889805584437,-1.420685052871704,-0.029156167060136795,-0.5386584997177124,0.8620530047787386,0.16385779183655413,0.45954960166186803,0.02294009085711758,-0.12068742066902341,0.010194498768249405,0.24495237671663225,-0.00509993934101653,-3.0470991134643555,-3.0538954459765217,-0.00679633251216627,0
1780808647.8091264,FLY,spline,0,7,-1.055001893342693,-0.1623628771026826,-0.41867460708142035,-1.1341015100479126,-0.0075097656808793545,-1.512426733970642,0.07909961670521959,-0.15485311142180325,1.0937521268892216,0.17388569659384312,22.167349068674326,3.0,-2.3054664996040724,-0.26914976681980707,-0.05970198491916373,-1.420685052871704,-0.029156167060136795,-0.5386584997177124,0.9043218293371853,0.16380746410277536,0.47895651479854867,0.022933044974388552,-0.12660505610720596,0.010194498768249405,0.24330403236273812,-0.0051957306439762395,-3.0470991134643555,-3.0538954459765217,-0.00679633251216627,0
1780808647.819651,FLY,spline,0,7,-1.055001893342693,-0.1623628771026826,-0.41867460708142035,-1.1594531536102295,-0.008027344010770321,-1.521791934967041,0.10445126026753648,-0.15433553309191228,1.1031173278856206,0.18635858592037394,22.142002884352983,3.0,-2.320902176928446,-0.2719449709386977,-0.04023594527388533,-1.4421213865280151,-0.03012586012482643,-0.5193217396736145,0.8912646103435048,0.16675834205095347,0.47908579439972915,0.02334616788713349,-0.12477704544809068,0.009829360714355362,0.24347757920047092,-0.005291547802856185,-3.047342538833618,-3.0538954459765217,-0.006552907142903575,0
1780808647.8304126,FLY,spline,0,7,-1.055001893342693,-0.1623628771026826,-0.41867460708142035,-1.1797655820846558,-0.008457031100988388,-1.528784155845642,0.12476368874196275,-0.1539058460016942,1.1101095487642216,0.19812366709204274,22.121696586146857,3.0,-2.3362793035612035,-0.27475421899806385,-0.02072563769401655,-1.4800935983657837,-0.03188537806272507,-0.4863826632499695,0.8439054878994818,0.17112112980749633,0.46565702555595295,0.02395695817304949,-0.11814676830592746,0.009829360714355362,0.24445874930286182,-0.005384679207967376,-3.047342538833618,-3.0538954459765217,-0.006552907142903575,0
1780808647.8409073,FLY,spline,0,7,-1.055001893342693,-0.1623628771026826,-0.41867460708142035,-1.1797655820846558,-0.008457031100988388,-1.528784155845642,0.12476368874196275,-0.1539058460016942,1.1101095487642216,0.19812366709204274,22.121696586146857,3.0,-2.351656430193961,-0.27756346705743,-0.0012153301141477647,-1.4800935983657837,-0.03188537806272507,-0.4863826632499695,0.8875463911797717,0.17122885767169038,0.4851673331358217,0.023972040074036655,-0.12425649476516805,0.009642678966918838,0.24294197952456087,-0.0054817126745945405,-3.047466993331909,-3.0538954459765217,-0.006428452644612559,0
1780808647.851625,FLY,spline,0,8,-1.2074725214518296,-0.18249029641970252,-0.4121170352717035,-1.2122265100479126,-0.009169921278953552,-1.5391161441802979,0.004753988596083003,-0.17332037514074897,1.1269991089085942,0.1733855612399765,22.08924781277096,3.0,-2.367176874010057,-0.2802464327547383,0.018199033610128194,-1.5062557458877563,-0.03313242644071579,-0.46399351954460144,0.8654302331502628,0.1744037616465206,0.48219255315472964,0.024416526630512886,-0.1211602326410368,0.015329153606900237,0.24367542247595408,-0.005578151185225487,-3.047924041748047,-3.0581434774859804,-0.010219435737933491,0
1780808647.8625026,FLY,spline,0,8,-1.2074725214518296,-0.18249029641970252,-0.4121170352717035,-1.2227734327316284,-0.009404296986758709,-1.54226553440094,0.015300911279798823,-0.1730859994329438,1.1301484991292363,0.17376098838834136,22.07870536996075,3.0,-2.3826701165546043,-0.28293727460115914,0.03763402282065738,-1.5191608667373657,-0.033758290112018585,-0.45340391993522644,0.8759730117065223,0.17572530798359778,0.4910379427558838,0.02460154311770369,-0.12263622163891313,0.015329153606900237,0.24286958371931058,-0.005676358773776664,-3.047924041748047,-3.0581434774859804,-0.010219435737933491,0
1780808647.8734238,FLY,spline,0,8,-1.2074725214518296,-0.18249029641970252,-0.4121170352717035,-1.2333984375,-0.009638671763241291,-1.5453368425369263,0.025925916048170405,-0.17285162465646123,1.1332198072652226,0.17478511741368294,22.06808512474314,3.0,-2.3981362749994575,-0.2856364170436848,0.05708942240621348,-1.5418504476547241,-0.03487881273031235,-0.43441179394721985,0.8625523257240704,0.17834538937444971,0.49150121635343336,0.024968354512422963,-0.12075732560136987,0.014986188480862639,0.24309762030766252,-0.00577465901704735,-3.0481526851654053,-3.0581434774859804,-0.009990792320575093,0
1780808647.8842762,FLY,spline,0,8,-1.2074725214518296,-0.18249029641970252,-0.4121170352717035,-1.260351538658142,-0.01025390625,-1.5526952743530273,0.052879017206312495,-0.17223639016970252,1.1405782390813237,0.18017093150504465,22.04114448668805,3.0,-2.413536405692452,-0.28835732013292775,0.07659410545971701,-1.5648990869522095,-0.036041975021362305,-0.4151288568973541,0.8501184107160307,0.18084285683744955,0.49172296235707114,0.02531799995724294,-0.1190165775002443,0.014830262730130217,0.24313122378300966,-0.005873003609518764,-3.0482566356658936,-3.0581434774859804,-0.009886841820086811,0
1780808647.8946056,FLY,spline,0,8,-1.2074725214518296,-0.18249029641970252,-0.4121170352717035,-1.271328091621399,-0.010507812723517418,-1.5554980039596558,0.06385557016956933,-0.1719824836961851,1.1433809686879521,0.18345437727126973,22.030173107640987,3.0,-2.42891093899635,-0.29108752542089905,0.09611767339113943,-1.5781551599502563,-0.03672223910689354,-0.40388163924217224,0.8606601524461732,0.18238309644932194,0.49999931263331165,0.025533633502905072,-0.12049242134246427,0.014655740330227873,0.2425200923783109,-0.005973003472045426,-3.048372983932495,-3.0581434774859804,-0.009770493553485249,0
1780808647.9052603,FLY,spline,0,8,-1.2074725214518296,-0.18249029641970252,-0.4121170352717035,-1.2823827266693115,-0.010771484114229679,-1.5582226514816284,0.07491020521748193,-0.17171881230547284,1.1461056162099248,0.18734697581046636,22.019123616199334,3.0,-2.444260052765139,-0.2938273225730804,0.11565988969527655,-1.6055337190628052,-0.038153402507305145,-0.38082271814346313,0.837519405105517,0.18559210479035712,0.49648260783873965,0.02598289467065,-0.1172527167147724,0.01398697621584799,0.24317419127277637,-0.006072299993613174,-3.048818826675415,-3.0581434774859804,-0.009324650810565327,0
1780808647.9159522,FLY,spline,0,8,-1.2074725214518296,-0.18249029641970252,-0.4121170352717035,-1.305703043937683,-0.011328124441206455,-1.5636425018310547,0.09823052248585351,-0.17116217197849606,1.151525466559351,0.19734671181512004,21.99581420546906,3.0,-2.459557580310424,-0.29658839238051665,0.13523952566021993,-1.6196725368499756,-0.03890644386410713,-0.3690428137779236,0.8468215203820564,0.1872799492126055,0.5042823394381435,0.02621919288976477,-0.1185550128534879,0.013737709591397307,0.24260446301562064,-0.006173156461500803,-3.048985004425049,-3.0581434774859804,-0.009158473060931538,0
1780808647.9267857,FLY,spline,0,8,-1.2074725214518296,-0.18249029641970252,-0.4121170352717035,-1.3284765481948853,-0.011884765699505806,-1.5685302019119263,0.12100402674305566,-0.1706055307201967,1.1564131666402226,0.20916075540204504,21.97305103234269,3.0,-2.474807772139032,-0.2993711563929004,0.1548529872017743,-1.6471121311187744,-0.04039653390645981,-0.3461613059043884,0.8243384199338429,0.19022100378658208,0.5010142931061627,0.026630940530121494,-0.11540737879073802,0.013481648037442229,0.24292110922402893,-0.006273359320122036,-3.0491557121276855,-3.0581434774859804,-0.00898776535829482,0
1780808647.937832,FLY,spline,0,8,-1.2074725214518296,-0.18249029641970252,-0.4121170352717035,-1.3399999141693115,-0.012167968787252903,-1.5708544254302979,0.13252739271748193,-0.17032232763244962,1.1587373901585942,0.2158082600611691,21.96153275907238,3.0,-2.4900349832481843,-0.3021654190170192,0.17448266214112995,-1.6734881401062012,-0.041864536702632904,-0.32457733154296875,0.8072704992622745,0.19290307935788042,0.4990599936840987,0.02700643111010326,-0.11301786989671843,0.013224155972012541,0.24313351752159995,-0.0063731713188588555,-3.0493273735046387,-3.0581434774859804,-0.008816103981341694,0
1780808647.948805,FLY,spline,0,9,-1.360362891321447,-0.20188182240499386,-0.40675899037306046,-1.360781192779541,-0.0126953125,-1.5748144388198853,0.0004183014580940725,-0.18918650990499386,1.1680554484468249,0.1891869723478395,21.940760141137158,3.0,-2.5055096261029255,-0.3047961892045566,0.19394068045591661,-1.686030387878418,-0.04257543012499809,-0.3142983317375183,0.8229297851058005,0.194211500738819,0.5082390121934349,0.02718961010343466,-0.11521016991481209,0.018777054539146576,0.24273673924383043,-0.006474819121297543,-3.049788475036621,-3.062306511396052,-0.01251803635943105,0
1780808647.9592984,FLY,spline,0,9,-1.360362891321447,-0.20188182240499386,-0.40675899037306046,-1.3844921588897705,-0.013300781138241291,-1.5789403915405273,0.024129267568323565,-0.18858104126675257,1.172181401167467,0.1901184648545122,21.917058338863757,3.0,-2.5209436438100505,-0.3074513318256499,0.21342763288767974,-1.7144956588745117,-0.044217299669981,-0.2913810610771179,0.7996972932689577,0.19671584324401853,0.5048086939647977,0.027540218054162596,-0.11195762105765408,0.01854709981960312,0.24306829989235446,-0.006575780860090502,-3.0499417781829834,-3.062306511396052,-0.012364733213068746,0
1780808647.9700365,FLY,spline,0,9,-1.360362891321447,-0.20188182240499386,-0.40675899037306046,-1.396484375,-0.013613280840218067,-1.5808837413787842,0.03612148367855306,-0.1882685415647758,1.1741247510057238,0.19170238737706863,21.905070374034192,3.0,-2.536358199421841,-0.3101192770796719,0.23292823655558084,-1.7419136762619019,-0.04583948105573654,-0.2697736620903015,0.7818194596603801,0.199019203479061,0.5027018986458823,0.027862688487068542,-0.10945472435245322,0.018328589191856537,0.24329426692856715,-0.006676321239819679,-3.0500874519348145,-3.062306511396052,-0.012219059461237691,0
1780808647.9808133,FLY,spline,0,9,-1.360362891321447,-0.20188182240499386,-0.40675899037306046,-1.442968726158142,-0.014853515662252903,-1.587548851966858,0.08260583483669515,-0.18702830674274096,1.1807898615937975,0.20445858131202066,21.858599899496863,3.0,-2.551705557199904,-0.31283927239279247,0.2524745977189467,-1.784504771232605,-0.048440080136060715,-0.23678207397460938,0.7320726541199905,0.20266162262688053,0.4892566716935561,0.028372627167763276,-0.10249017157679867,0.017435592403831635,0.24487822838952894,-0.00677417257415839,-3.050682783126831,-3.062306511396052,-0.01162372826922109,0
1780808647.9913378,FLY,spline,0,9,-1.360362891321447,-0.20188182240499386,-0.40675899037306046,-1.442968726158142,-0.014853515662252903,-1.587548851966858,0.08260583483669515,-0.18702830674274096,1.1807898615937975,0.20445858131202066,21.858599899496863,3.0,-2.567052914977967,-0.315559267705913,0.27202095888231254,-1.784504771232605,-0.048440080136060715,-0.23678207397460938,0.7830296913117882,0.20285432552742783,0.508803032856922,0.028399605573839897,-0.10962415678365037,0.017435592403831635,0.2432127588898883,-0.006875933180729775,-3.050682783126831,-3.062306511396052,-0.01162372826922109,0
1780808648.001725,FLY,spline,0,9,-1.360362891321447,-0.20188182240499386,-0.40675899037306046,-1.442968726158142,-0.014853515662252903,-1.587548851966858,0.08260583483669515,-0.18702830674274096,1.1807898615937975,0.20445858131202066,21.858599899496863,3.0,-2.58240027275603,-0.3182792630190336,0.29156732004567837,-1.784504771232605,-0.048440080136060715,-0.23678207397460938,0.8233213463324032,0.20353579081618023,0.5283493940202877,0.028495010714265235,-0.11526498848653645,0.01715878843349472,0.24170326742082596,-0.006981603059533832,-3.0508673191070557,-3.062306511396052,-0.01143919228899648,0
1780808648.0127308,FLY,spline,0,9,-1.360362891321447,-0.20188182240499386,-0.40675899037306046,-1.4782030582427979,-0.01583007723093033,-1.5917431116104126,0.11784016692135091,-0.18605174517406353,1.1849841212373522,0.2202306900101948,21.823372947134562,3.0,-2.5977028281374293,-0.321043669115178,0.31114255587401035,-1.826573133468628,-0.05110786482691765,-0.20532216131687164,0.7633032369598178,0.20738417445347368,0.516464717190882,0.02903378442348632,-0.10686245317437451,0.016312640896263275,0.24300044917659758,-0.007084896002972008,-3.05143141746521,-3.062306511396052,-0.010875093930842183,0
1780808648.0233548,FLY,spline,0,9,-1.360362891321447,-0.20188182240499386,-0.40675899037306046,-1.4909765720367432,-0.016191406175494194,-1.5930907726287842,0.13061368071529622,-0.18569041622949967,1.1863317822557238,0.22702613124810583,21.810601393922653,3.0,-2.6129909430033624,-0.3238249340406963,0.33072668488860063,-1.8417888879776,-0.05209732800722122,-0.1940726488828659,0.7724727940905803,0.2090641417293469,0.5247993337714665,0.029268979842108567,-0.10814619117268126,0.015999358883323822,0.24239332319827508,-0.007189855869726302,-3.051640272140503,-3.062306511396052,-0.010666239255549215,0
1780808648.0344677,FLY,spline,0,10,-1.5136665775452613,-0.2205477637323083,-0.4025786195671522,-1.5038671493530273,-0.01656249910593033,-1.5943603515625,-0.009799428192234005,-0.20398526462637798,1.1917817319953479,0.2042205106682191,21.797712349522378,3.0,-2.6286303810160248,-0.32638723683259196,0.3500616941477332,-1.8569996356964111,-0.053100764751434326,-0.1824677586555481,0.7797264448862492,0.2100811379531248,0.5325294528032813,0.029411359313437475,-0.1091617022840749,0.022117587418480467,0.24166840778516924,-0.007296361760286958,-3.051640272140503,-3.06638533041949,-0.014745058278986978,0
1780808648.0450654,FLY,spline,0,10,-1.5136665775452613,-0.2205477637323083,-0.4025786195671522,-1.5402343273162842,-0.017617186531424522,-1.5974657535552979,0.02656774977102283,-0.20293057720088378,1.1948871339881457,0.20466231819995478,21.76134748841484,3.0,-2.6442401069376724,-0.3289991900494751,0.36941406240187336,-1.8997081518173218,-0.05599074810743332,-0.15017476677894592,0.7241340711463835,0.2132115381990569,0.5195888291808193,0.029849615347867967,-0.1013787699604937,0.020980688424034666,0.24322638004946173,-0.007400279526123122,-3.052398204803467,-3.06638533041949,-0.01398712561602311,0
1780808648.0558436,FLY,spline,0,10,-1.5136665775452613,-0.2205477637323083,-0.4025786195671522,-1.5669140815734863,-0.0184179674834013,-1.599306583404541,0.05324750402822498,-0.202129796248907,1.1967279638373889,0.209025719032038,21.73466711432578,3.0,-2.6598339440488274,-0.33164926986268944,0.38877405519976344,-1.9307790994644165,-0.05816034600138664,-0.126376211643219,0.7027996980827047,0.21514976380245365,0.5151502668429824,0.030120966932343514,-0.09839195773157867,0.02069279798976953,0.24364646171473717,-0.007503309579491718,-3.0525901317596436,-3.06638533041949,-0.013795198659846353,0
1780808648.0666518,FLY,spline,0,10,-1.5136665775452613,-0.2205477637323083,-0.4025786195671522,-1.60183584690094,-0.01949218660593033,-1.6012060642242432,0.08816926935567859,-0.20105557712637798,1.198627444657091,0.21953852771742624,21.699741785454215,3.0,-2.67541430937674,-0.3343519048832778,0.4081376287386084,-1.9714435338974,-0.06108657270669937,-0.0965467318892479,0.6620498459576738,0.21743278856485637,0.5046843606278564,0.030440590399079894,-0.09268697843407434,0.020394893975182127,0.24454929669388797,-0.00760424645161729,-3.052788734436035,-3.06638533041949,-0.013596595983454751,0
1780808648.0773435,FLY,spline,0,10,-1.5136665775452613,-0.2205477637323083,-0.4025786195671522,-1.6156249046325684,-0.01992187462747097,-1.6017968654632568,0.10195832708730701,-0.20062588910483733,1.1992182458961047,0.22504721247229162,21.68595047408342,3.0,-2.69099178160589,-0.33707650779336107,0.4275004513100319,-1.987487554550171,-0.06226729229092598,-0.08509654551744461,0.6802223228635886,0.2189800183395697,0.5125969968274765,0.030657202567539763,-0.09523112520090242,0.01956519731990869,0.24423114688122494,-0.007706765850982785,-3.053341865539551,-3.06638533041949,-0.013043464879939126,0
1780808648.0882044,FLY,spline,0,10,-1.5136665775452613,-0.2205477637323083,-0.4025786195671522,-1.6156249046325684,-0.01992187462747097,-1.6017968654632568,0.10195832708730701,-0.20062588910483733,1.1992182458961047,0.22504721247229162,21.68595047408342,3.0,-2.70656925383504,-0.3398011107034443,0.4468632738814553,-1.987487554550171,-0.06226729229092598,-0.08509654551744461,0.7282652535286082,0.21992890424686234,0.5319598193988999,0.030790046594560732,-0.10195713549400515,0.01921114572994287,0.24273273007798735,-0.007813157814862566,-3.0535778999328613,-3.06638533041949,-0.01280743048662858,0
1780808648.0986495,FLY,spline,0,10,-1.5136665775452613,-0.2205477637323083,-0.4025786195671522,-1.6295312643051147,-0.02036132849752903,-1.6023095846176147,0.1158646867598534,-0.20018643523477928,1.1997309650504626,0.23129901532424954,21.672041333285822,3.0,-2.722145058790713,-0.3425501347601442,0.46622398581874025,-2.00364089012146,-0.06347225606441498,-0.0737251564860344,0.7309727428737239,0.221599420765819,0.5399491423047746,0.031023918907214666,-0.10233618400232136,0.01884529242031152,0.24213987605101964,-0.007921147643323521,-3.0538218021392822,-3.06638533041949,-0.01256352828020768,0
1780808648.1095083,FLY,spline,0,11,-1.6673771547169893,-0.23849842907539762,-0.3995540700356395,-1.6870312690734863,-0.022236326709389687,-1.6035741567611694,0.019654114356497,-0.21626210236600793,1.20402008672553,0.21715335855312934,21.614524568297746,3.0,-2.7382231132690444,-0.34507897498631984,0.48520031663642693,-2.069807767868042,-0.06858707219362259,-0.027413032948970795,0.6233582758653892,0.22393367308517137,0.5126133495853977,0.031350714231923996,-0.08727015862115449,0.024079117082524748,0.24454824602464328,-0.0080236703132406,-3.054327964782715,-3.070380709504398,-0.016052744721683165,0
1780808648.1200676,FLY,spline,0,11,-1.6673771547169893,-0.23849842907539762,-0.3995540700356395,-1.6870312690734863,-0.022236326709389687,-1.6035741567611694,0.019654114356497,-0.21626210236600793,1.20402008672553,0.21715335855312934,21.614524568297746,3.0,-2.754301167747376,-0.3476078152124955,0.5041766474541136,-2.069807767868042,-0.06858707219362259,-0.027413032948970795,0.6789563048320768,0.2246929153155002,0.5315896804030844,0.03145700814417003,-0.09505388267649076,0.02336243083374545,0.24325525788147173,-0.008129988249321218,-3.0548057556152344,-3.070380709504398,-0.015574953889163634,0
1780808648.1306698,FLY,spline,0,11,-1.6673771547169893,-0.23849842907539762,-0.3995540700356395,-1.7015234231948853,-0.022724607959389687,-1.6036815643310547,0.034146268477895925,-0.21577382111600793,1.2041274942954152,0.21845894243534078,21.600026844875924,3.0,-2.7703891267817093,-0.3501647319800385,0.5231408176377381,-2.0862314701080322,-0.06990212947130203,-0.015604352578520775,0.686546773475566,0.22582790424346216,0.5387451702162589,0.031615906594084704,-0.09611654828657926,0.02300194194214389,0.24274015522844541,-0.00823773728336447,-3.0550460815429688,-3.070380709504398,-0.015334627961429259,0
1780808648.1414795,FLY,spline,0,11,-1.6673771547169893,-0.23849842907539762,-0.3995540700356395,-1.7161327600479126,-0.023222655057907104,-1.6037108898162842,0.04875560533092327,-0.2152757740174905,1.2041568197806447,0.22072781412865575,21.585411387426504,3.0,-2.786489590858854,-0.3527518307653707,0.5420902761095656,-2.117805242538452,-0.0724768415093422,0.006228551734238863,0.6583168310048536,0.22736502520934074,0.5358617243753268,0.03183110352930771,-0.09216435634067952,0.022334250711369963,0.24315874716879746,-0.008344909628239534,-3.0554912090301514,-3.070380709504398,-0.014889500474246642,0
1780808648.1523762,FLY,spline,0,11,-1.6673771547169893,-0.23849842907539762,-0.3995540700356395,-1.7575390338897705,-0.024648437276482582,-1.6033740043640137,0.09016187917278118,-0.21384999179891503,1.2038199343283742,0.2320796920205713,21.54398536054889,3.0,-2.8026385747239013,-0.35543175550509726,0.5609854692421017,-2.149635076522827,-0.0751376524567604,0.028159435838460922,0.6334886196235827,0.2288489436415066,0.5328260334036408,0.032038852109810924,-0.08868840674730159,0.021943721078801603,0.2434593167931485,-0.008451474834920262,-3.0557515621185303,-3.070380709504398,-0.014629147385867736,0
1780808648.1631076,FLY,spline,0,12,-1.8214881974303478,-0.2557441271080134,-0.3976634889601833,-1.7877343893051147,-0.025712890550494194,-1.6027392148971558,-0.0337538081252331,-0.23003123655751923,1.2050757259369724,0.23249449317163712,21.513773178308238,3.0,-2.819483397727034,-0.3577413747537338,0.579313524155798,-2.1985270977020264,-0.07935377210378647,0.06181704252958298,0.5751657772197332,0.22919741242521538,0.517496481626215,0.032087637739530155,-0.08052320881076265,0.027410090727133518,0.24474715277136175,-0.008554974131245506,-3.0560200214385986,-3.0742934152566876,-0.018273393818089012,0
1780808648.173773,FLY,spline,0,12,-1.8214881974303478,-0.2557441271080134,-0.3976634889601833,-1.8149218559265137,-0.026699218899011612,-1.6019140481948853,-0.006566341503834172,-0.2290449082090018,1.204250559234702,0.2291390119931895,21.486568797618133,3.0,-2.8363908243398614,-0.3601154325667396,0.5975755824963126,-2.2136995792388916,-0.08069450408220291,0.07212938368320465,0.5991791182510251,0.2301283885442427,0.525446198813108,0.032217974396193984,-0.08388507655514352,0.026252806944174534,0.24445868413843458,-0.008660063371008128,-3.0567915439605713,-3.0742934152566876,-0.017501871296116356,0
1780808648.1844456,FLY,spline,0,12,-1.8214881974303478,-0.2557441271080134,-0.3976634889601833,-1.8460546731948853,-0.027851561084389687,-1.600673794746399,0.02456647576453741,-0.22789256602362373,1.2030103057862156,0.22921285605375913,21.455414758441027,3.0,-2.8533865294947507,-0.36257042520296673,0.6157447601729205,-2.248148202896118,-0.0837927833199501,0.09512395411729813,0.574145025476465,0.23097820863154458,0.5206208060556223,0.032336949208416246,-0.0803803035667051,0.0253548033659885,0.2450498072338675,-0.008764187532219253,-3.0573902130126953,-3.0742934152566876,-0.016903202243992332,0
1780808648.195033,FLY,spline,0,12,-1.8214881974303478,-0.2557441271080134,-0.3976634889601833,-1.8460546731948853,-0.027851561084389687,-1.600673794746399,0.02456647576453741,-0.22789256602362373,1.2030103057862156,0.22921285605375913,21.455414758441027,3.0,-2.87038223464964,-0.36502541783919384,0.6339139378495283,-2.248148202896118,-0.0837927833199501,0.09512395411729813,0.6275758472210978,0.23198822010847425,0.5387899837322302,0.0324783508151864,-0.0878606186109537,0.0253548033659885,0.2434885150229924,-0.008871945528965699,-3.0573902130126953,-3.0742934152566876,-0.016903202243992332,0
1780808648.2063785,FLY,spline,0,12,-1.8214881974303478,-0.2557441271080134,-0.3976634889601833,-1.8617968559265137,-0.028447264805436134,-1.5999315977096558,0.04030865849616583,-0.22729686230257728,1.2022681087494724,0.2308433485339296,21.439661066849578,3.0,-2.8874372559466734,-0.3675302587934224,0.652020622260313,-2.2810275554656982,-0.0868271067738533,0.11671615391969681,0.5975451631272627,0.23272135343241562,0.5353044683406162,0.03258098948053819,-0.08365632283781678,0.024875224394125706,0.24381070689863024,-0.008979006422633821,-3.0577099323272705,-3.0742934152566876,-0.016583482929417137,0
1780808648.2175274,FLY,spline,0,12,-1.8214881974303478,-0.2557441271080134,-0.3976634889601833,-1.9224218130111694,-0.030791014432907104,-1.5964208841323853,0.10093361558082159,-0.22495311267510631,1.198757395172202,0.24655931873777587,21.378987970447742,3.0,-2.9047817649572165,-0.3702549291957551,0.6698179304382886,-2.3317177295684814,-0.09165427088737488,0.14968152344226837,0.5328333082188629,0.2337929265835142,0.5201364069960203,0.03273100972169199,-0.07459666315064081,0.022966564459128147,0.24548966365536984,-0.009083033704033025,-3.0589823722839355,-3.0742934152566876,-0.015311042972752098,0
1780808648.2280905,FLY,spline,0,12,-1.8214881974303478,-0.2557441271080134,-0.3976634889601833,-1.9224218130111694,-0.030791014432907104,-1.5964208841323853,0.10093361558082159,-0.22495311267510631,1.198757395172202,0.24655931873777587,21.378987970447742,3.0,-2.9221262739677596,-0.3729795995980878,0.6876152386162643,-2.3317177295684814,-0.09165427088737488,0.14968152344226837,0.5896557561684841,0.23578847000689712,0.5379337151739959,0.0330103858009656,-0.08255180586358778,0.022459805769247776,0.24411505379509274,-0.009190620447067824,-3.0593202114105225,-3.0742934152566876,-0.014973203846165184,0
1780808648.2386365,FLY,spline,0,13,-1.975993280279053,-0.2722951665039075,-0.3968850235224441,-1.93874990940094,-0.03143554553389549,-1.595302700996399,-0.037243370878113025,-0.240859620970012,1.1984176774739548,0.24372202544739885,21.36264593944793,3.0,-2.940923915757082,-0.37477527747113243,0.7039988952330452,-2.3650755882263184,-0.09492908418178558,0.1712460070848465,0.5638891358417315,0.23432881502192746,0.5327528881481987,0.03280603410306985,-0.07894447901784242,0.027324795917462286,0.2446965555652528,-0.009297171024697463,-3.0599076747894287,-3.0781242054010702,-0.018216530611641524,0
1780808648.2499287,FLY,spline,0,13,-1.975993280279053,-0.2722951665039075,-0.3968850235224441,-2.0014452934265137,-0.03399413824081421,-1.5903759002685547,0.025452013147460706,-0.2383010282630933,1.1934908767461105,0.23965638953407042,21.299893203600103,3.0,-2.9603671528275415,-0.3768794615555744,0.7195723643892958,-2.4165732860565186,-0.10013440996408463,0.2040565013885498,0.5028360565854816,0.232721678309098,0.515515863000746,0.032581034963273726,-0.07039704792196742,0.026850223735760625,0.24612532163282255,-0.009400274197297612,-3.0602240562438965,-3.0781242054010702,-0.01790014915717375,0
1780808648.260774,FLY,spline,0,13,-1.975993280279053,-0.2722951665039075,-0.3968850235224441,-2.018359422683716,-0.03470703214406967,-1.5888818502426147,0.042366142404662854,-0.23758813435983783,1.1919968267201706,0.24133588960376476,21.282962652094643,3.0,-2.9800518509894185,-0.3790911997706251,0.7348242781165593,-2.451760768890381,-0.1037970706820488,0.2262045294046402,0.4870085372320451,0.23213277771026294,0.5086197487119191,0.03249858887943682,-0.06818119521248632,0.026394963458966192,0.24672913019964027,-0.009501998147039996,-3.0605275630950928,-3.0781242054010702,-0.01759664230597746,0
1780808648.2714753,FLY,spline,0,13,-1.975993280279053,-0.2722951665039075,-0.3968850235224441,-2.018359422683716,-0.03470703214406967,-1.5888818502426147,0.042366142404662854,-0.23758813435983783,1.1919968267201706,0.24133588960376476,21.282962652094643,3.0,-2.9997365491512955,-0.3813029379856758,0.7500761918438227,-2.451760768890381,-0.1037970706820488,0.2262045294046402,0.5490488231956572,0.2334835939195539,0.5238716624391825,0.03268770314873755,-0.07686683524739202,0.0259461404838075,0.24555798314461233,-0.009606772479527832,-3.0608267784118652,-3.0781242054010702,-0.017297426989205,0
1780808648.2822156,FLY,spline,0,14,-2.1308859778568214,-0.2881618559368315,-0.39719682090408304,-2.085703134536743,-0.037617187947034836,-1.5822802782058716,-0.04518284332007827,-0.2505446679897967,1.1850834573017885,0.2545861739934127,21.2155505604076,3.0,-3.024263537024481,-0.38034102422661026,0.7548197756987504,-2.5055060386657715,-0.10955756902694702,0.2591295540332794,0.48944306666568144,0.22403987884371918,0.49569022166547094,0.03136558303812069,-0.06852202933319541,0.03022553638629155,0.2481400558768828,-0.009705910523860927,-3.061723470687866,-3.0818738282787272,-0.020150357590861034,0
1780808648.292889,FLY,spline,0,14,-2.1308859778568214,-0.2881618559368315,-0.39719682090408304,-2.085703134536743,-0.037617187947034836,-1.5822802782058716,-0.04518284332007827,-0.2505446679897967,1.1850834573017885,0.2545861739934127,21.2155505604076,3.0,-3.0368483150025365,-0.3798474670415834,0.7572537048034252,-2.5055060386657715,-0.10955756902694702,0.2591295540332794,0.5316627200395896,0.22226707172772175,0.4981241507701458,0.03111739004188105,-0.07443278080554255,0.02974309639147954,0.24798828373800794,-0.009805535354014955,-3.062045097351074,-3.0818738282787272,-0.019828730927653027,0
1780808648.30413,FLY,spline,0,14,-2.1308859778568214,-0.2881618559368315,-0.39719682090408304,-2.134413957595825,-0.03978515416383743,-1.5769238471984863,0.0035279797390037615,-0.2483767017729941,1.1797270262944033,0.24840175648467075,21.16678812457598,3.0,-3.036386162818489,-0.38041539496775834,0.7505199515615008,-2.556253671646118,-0.11518567055463791,0.2893877625465393,0.4242434315207142,0.22174518967440204,0.46113218901496145,0.031044326554416288,-0.059394080412899994,0.029251358072082567,0.25099984899078487,-0.009897761791817948,-3.062372922897339,-3.0818738282787272,-0.019500905381388378,0
1780808648.3148515,FLY,spline,0,14,-2.1308859778568214,-0.2881618559368315,-0.39719682090408304,-2.134413957595825,-0.03978515416383743,-1.5769238471984863,0.0035279797390037615,-0.2483767017729941,1.1797270262944033,0.24840175648467075,21.16678812457598,3.0,-3.036386162818489,-0.38041539496775834,0.7505199515615008,-2.556253671646118,-0.11518567055463791,0.2893877625465393,0.4466372776417967,0.22357810034673248,0.46113218901496145,0.03130093404854255,-0.06252921886985155,0.027787587205688524,0.25130401602322777,-0.00998998822962094,-3.0633487701416016,-3.0818738282787272,-0.018525058137125683,0
1780808648.3255944,FLY,spline,0,14,-2.1308859778568214,-0.2881618559368315,-0.39719682090408304,-2.1703124046325684,-0.04142577946186066,-1.5726805925369263,0.039426426775746926,-0.24673607647497087,1.1754837716328432,0.24986623333809235,21.130850639920656,3.0,-3.036032676482713,-0.3807988520091503,0.7453216151823813,-2.5934932231903076,-0.11942284554243088,0.310566246509552,0.3792648313284667,0.222729216502136,0.43475536867282927,0.031182090310299043,-0.05309707638598535,0.027212163965026903,0.2534666531036871,-0.010076939303355506,-3.063732385635376,-3.0818738282787272,-0.01814144264335127,0
1780808648.3366058,FLY,spline,0,14,-2.1308859778568214,-0.2881618559368315,-0.39719682090408304,-2.1884374618530273,-0.042265623807907104,-1.5704541206359863,0.05755148399620591,-0.24589623212892442,1.1732572997319033,0.2525413437149795,21.112705687210646,3.0,-3.035850503645639,-0.38098304099901414,0.7426299716685498,-2.626694917678833,-0.12327694892883301,0.32851308584213257,0.33000563246812803,0.2215543519252806,0.41411688582641726,0.031017609269539288,-0.04620078854553793,0.026613137285034227,0.2551692385262948,-0.010159762680520788,-3.064131736755371,-3.0818738282787272,-0.01774209152335615,0
1780808648.3470826,FLY,spline,0,14,-2.1308859778568214,-0.2881618559368315,-0.39719682090408304,-2.2163281440734863,-0.043583981692790985,-1.5669384002685547,0.0854421662166649,-0.24457787424404054,1.1697415793644717,0.25907277035136267,21.084784089126615,3.0,-3.0355668865974925,-0.38124546256066794,0.7384165874085011,-2.641143321990967,-0.124977707862854,0.33611801266670227,0.3265774879797287,0.22236023503541255,0.40229857474179886,0.03113043290495776,-0.04572084831716202,0.02506317810229497,0.2563580161660859,-0.010240222395469147,-3.0651650428771973,-3.0818738282787272,-0.01670878540152998,0
1780808648.3578384,FLY,spline,0,15,-2.28615986475737,-0.3033545040805372,-0.3985770282867608,-2.272148370742798,-0.04627929627895355,-1.5595409870147705,-0.014011494014572357,-0.25707520780158366,1.1609639587280096,0.2574567622548451,21.028901636716437,3.0,-3.040248079559099,-0.375614690092128,0.7205322006138812,-2.7164220809936523,-0.13404428958892822,0.3725263178348541,0.19504256547598783,0.20297248796338,0.3480058827790271,0.028416148314873203,-0.027305959166638298,0.029951134064140295,0.26075131190280343,-0.010309823572024953,-3.06557559967041,-3.085543022379837,-0.019967422709426863,0
1780808648.368644,FLY,spline,0,15,-2.28615986475737,-0.3033545040805372,-0.3985770282867608,-2.272148370742798,-0.04627929627895355,-1.5595409870147705,-0.014011494014572357,-0.25707520780158366,1.1609639587280096,0.2574567622548451,21.028901636716437,3.0,-3.040248079559099,-0.375614690092128,0.7205322006138812,-2.7164220809936523,-0.13404428958892822,0.3725263178348541,0.23881667628205286,0.20706183281175916,0.3480058827790271,0.028988656593646286,-0.0334343346794874,0.0293417361759567,0.26079442996887525,-0.010379424748580758,-3.065981864929199,-3.085543022379837,-0.0195611574506378,0
1780808648.3792217,FLY,spline,0,15,-2.28615986475737,-0.3033545040805372,-0.3985770282867608,-2.306328058242798,-0.047978512942790985,-1.5548144578933716,0.020168193485427643,-0.2553759911377462,1.1562374296066107,0.2561711398226816,20.99468373213708,3.0,-3.0398522043162632,-0.37576731888384796,0.7148983772678628,-2.734116792678833,-0.1362311691045761,0.38036757707595825,0.2292638366872949,0.20866441736949037,0.3345308001919045,0.029213018431728657,-0.03209693713622129,0.027695932724418615,0.26208887713425644,-0.010446330908619138,-3.0670790672302246,-3.085543022379837,-0.01846395514961241,0
1780808648.3901675,FLY,spline,0,15,-2.28615986475737,-0.3033545040805372,-0.3985770282867608,-2.3447265625,-0.049921873956918716,-1.5493602752685547,0.05856669774262979,-0.2534326301236185,1.1507832469817938,0.26011181460258853,20.95624261042002,3.0,-3.039401126646276,-0.3759109037203534,0.708454199537186,-2.773862838745117,-0.14121456444263458,0.39630356431007385,0.168239012869447,0.20692927755489604,0.31215063522711217,0.02897009885768545,-0.023553461801722582,0.02711228404277799,0.26390144250133785,-0.010508761035664562,-3.0674681663513184,-3.085543022379837,-0.01807485602851866,0
1780808648.401089,FLY,spline,0,16,-2.441808515574415,-0.3178834196087763,-0.4010037928521382,-2.4043359756469727,-0.05302734300494194,-1.5406640768051147,-0.03747253992744248,-0.26485607660383437,1.1396602839529766,0.26749379911054005,20.896567899688723,3.0,-3.0436831495751546,-0.370129439834189,0.6894648142712023,-2.835606575012207,-0.1491662859916687,0.4176057279109955,0.07404401899033139,0.18842763668735288,0.27185908636020684,0.026379869136229406,-0.010366162658646396,0.031906080725660146,0.2671492821144781,-0.010563132852936603,-3.067861795425415,-3.0891325159091885,-0.02127072048377343,0
1780808648.4118252,FLY,spline,0,16,-2.441808515574415,-0.3178834196087763,-0.4010037928521382,-2.4043359756469727,-0.05302734300494194,-1.5406640768051147,-0.03747253992744248,-0.26485607660383437,1.1396602839529766,0.26749379911054005,20.896567899688723,3.0,-3.0436831495751546,-0.370129439834189,0.6894648142712023,-2.835606575012207,-0.1491662859916687,0.4176057279109955,0.11873024178666693,0.1935554792112455,0.27185908636020684,0.02709776708957437,-0.01662223385013337,0.030068231108655752,0.26729587179242453,-0.010617504670208644,-3.069087028503418,-3.0891325159091885,-0.0200454874057705,0
1780808648.4226885,FLY,spline,0,16,-2.441808515574415,-0.3178834196087763,-0.4010037928521382,-2.4241795539855957,-0.054082028567790985,-1.5377197265625,-0.017628961588819436,-0.2638013910409853,1.1367159337103618,0.26438977703734867,20.876702953000244,3.0,-3.0434257291510916,-0.37010573696565463,0.6859575339245001,-2.856126546859741,-0.15186700224876404,0.423866868019104,0.10406657070772177,0.19445847317510606,0.2620906659053961,0.02722418624451485,-0.014569319899081048,0.02944095182703954,0.2680781893862333,-0.010669922803389723,-3.069505214691162,-3.0891325159091885,-0.01962730121802636,0
1780808648.433427,FLY,spline,0,16,-2.441808515574415,-0.3178834196087763,-0.4010037928521382,-2.500077962875366,-0.058222655206918716,-1.526308536529541,0.05826944730095107,-0.2596607644018576,1.1253047436774029,0.2661184718476252,20.80072477708652,3.0,-3.0424368302039193,-0.36992954830469826,0.672423454342155,-2.93461012840271,-0.1624646782875061,0.4437176287174225,-0.042567330414234106,0.18630887160155862,0.22870582562473252,0.02608324202421821,0.005959426257992775,0.028790426733960928,0.27074895617814454,-0.01071566396851467,-3.069938898086548,-3.0891325159091885,-0.01919361782264062,0
1780808648.4438417,FLY,spline,0,17,-2.5978255049016736,-0.3317589111953005,-0.40445526178187613,-2.520585775375366,-0.05937499925494194,-1.523193359375,-0.07723972952630742,-0.27238391194035855,1.1187380975931238,0.28312359721724034,20.780195930712743,3.0,-3.046905347529459,-0.36414414218111607,0.6603575469121183,-2.955709457397461,-0.16538594663143158,0.44823309779167175,-0.031159698057600528,0.17365495227681163,0.2121244491204466,0.02431169331875363,0.004362357728064074,0.03217149357714355,0.2721449034649959,-0.010758088858338758,-3.071195363998413,-3.0926430263831755,-0.021447662384762367,0
1780808648.4545107,FLY,spline,0,17,-2.5978255049016736,-0.3317589111953005,-0.40445526178187613,-2.520585775375366,-0.05937499925494194,-1.523193359375,-0.07723972952630742,-0.27238391194035855,1.1187380975931238,0.28312359721724034,20.780195930712743,3.0,-3.046905347529459,-0.36414414218111607,0.6603575469121183,-2.955709457397461,-0.16538594663143158,0.44823309779167175,0.009673359660569904,0.17911384338197983,0.2121244491204466,0.025075938073477178,-0.0013542703524797868,0.03217149357714355,0.27210247857517184,-0.010800513748162847,-3.071195363998413,-3.0926430263831755,-0.021447662384762367,0
1780808648.4650698,FLY,spline,0,17,-2.5978255049016736,-0.3317589111953005,-0.40445526178187613,-2.541249990463257,-0.060546875,-1.5200536251068115,-0.056575514438416796,-0.2712120361953005,1.1155983633249353,0.2770500990997341,20.759510840099377,3.0,-3.0466145337191577,-0.36400224639960105,0.6565692352693668,-2.976942777633667,-0.1683560162782669,0.4523320198059082,-0.009641531525850318,0.17942686093651258,0.20423721546345863,0.025119760531111764,0.0013498144136190446,0.030661231087824703,0.2727481223623521,-0.010841361191255538,-3.072202205657959,-3.0926430263831755,-0.02044082072521647,0
1780808648.4753711,FLY,spline,0,17,-2.5978255049016736,-0.3317589111953005,-0.40445526178187613,-2.5642967224121094,-0.06186523288488388,-1.5165526866912842,-0.03352878248956426,-0.2698936783104166,1.112097424909408,0.2719683379497679,20.7364412311448,3.0,-3.0270818628075586,-0.3627257041383161,0.6523447425841624,-3.01902174949646,-0.17433376610279083,0.4592375159263611,-0.11830490717021087,0.17607809768898816,0.19310722665780133,0.024650933676458344,0.016562687003829523,0.029378419922968746,0.2736273661344756,-0.010879982636587099,-3.0730574131011963,-3.0926430263831755,-0.019585613281979164,0
1780808648.486189,FLY,spline,0,17,-2.5978255049016736,-0.3317589111953005,-0.40445526178187613,-2.643125057220459,-0.06648437678813934,-1.5045751333236694,0.04529955231878535,-0.26527453440716114,1.1001198715417932,0.2691145258904069,20.657537608265702,3.0,-3.003096967456969,-0.36100119686094345,0.6455072818221879,-3.0807037353515625,-0.18332667648792267,0.4673967659473419,-0.2662558711190576,0.16872216075378824,0.17811051587484594,0.023621102505530355,0.037275821956668065,0.028615599679133297,0.27480533431098714,-0.010915604739762068,-3.07356595993042,-3.0926430263831755,-0.01907706645275553,0
1780808648.4969869,FLY,spline,0,17,-2.5978255049016736,-0.3317589111953005,-0.40445526178187613,-2.643125057220459,-0.06648437678813934,-1.5045751333236694,0.04529955231878535,-0.26527453440716114,1.1001198715417932,0.2691145258904069,20.657537608265702,3.0,-2.9791120721063793,-0.3592766895835708,0.6386698210602133,-3.0807037353515625,-0.18332667648792267,0.4673967659473419,-0.2589751512160955,0.17253613644512447,0.1712730551128714,0.02415505910231743,0.036256521170253374,0.02784705738939941,0.27533129020471253,-0.010949859350784642,-3.074078321456909,-3.0926430263831755,-0.018564704926266273,0
1780808648.5078883,FLY,spline,0,17,-2.5978255049016736,-0.3317589111953005,-0.40445526178187613,-2.6649608612060547,-0.06779296696186066,-1.5012694597244263,0.06713535630438106,-0.26396594423343983,1.09681419794255,0.2723695573686011,20.63568179751432,3.0,-2.954381041895006,-0.3575715724275096,0.6354342808938368,-3.122284412384033,-0.1895419806241989,0.47163641452789307,-0.3549462524264014,0.1677674258037795,0.16379786636594373,0.023487439612529134,0.049692475339696195,0.027063494729182125,0.2759028642909465,-0.010982618924057832,-3.0746006965637207,-3.0926430263831755,-0.01804232981945475,0
1780808648.5183353,FLY,spline,0,18,-2.7542044073328613,-0.3449912875138614,-0.40890958225763535,-2.7261717319488525,-0.07155273109674454,-1.4920507669448853,-0.028032675384008776,-0.27343855641711684,1.0831411846872498,0.27487174286321614,20.574416431567432,3.0,-2.9325084952544342,-0.35262941933228203,0.6243813705875257,-3.1637401580810547,-0.19586940109729767,0.47488635778427124,-0.4363223789340683,0.15483147380559373,0.1494950128032545,0.021676406332783123,0.06108513305076956,0.029245679996556806,0.2768958956549931,-0.011012517926618483,-3.076578140258789,-3.0960752602564936,-0.019497119997704537,0
1780808648.5290527,FLY,spline,0,18,-2.7542044073328613,-0.3449912875138614,-0.40890958225763535,-2.7705469131469727,-0.07434570044279099,-1.4854296445846558,0.01634250581411134,-0.2706455870710704,1.0765200623270204,0.2711385463141097,20.530003472021395,3.0,-2.9084934798776985,-0.3496970407062234,0.6180821490444641,-3.2244272232055664,-0.20539844036102295,0.47814851999282837,-0.5593990264647837,0.1442812361219731,0.13993362905163576,0.020199373057076236,0.07831586370506972,0.028479641101903486,0.27756846882220887,-0.01104050465242881,-3.0770888328552246,-3.0960752602564936,-0.01898642740126899,0
1780808648.5395648,FLY,spline,0,18,-2.7542044073328613,-0.3449912875138614,-0.40890958225763535,-2.7705469131469727,-0.07434570044279099,-1.4854296445846558,0.01634250581411134,-0.2706455870710704,1.0765200623270204,0.2711385463141097,20.530003472021395,3.0,-2.8844784645009627,-0.3467646620801649,0.6117829275014025,-3.2244272232055664,-0.20539844036102295,0.47814851999282837,-0.536628416574588,0.14684492533518112,0.13363440750857414,0.02055828954692536,0.07512797832044234,0.02728123011404948,0.27791982758510614,-0.011067231533930525,-3.077887773513794,-3.0960752602564936,-0.018187486742699654,0
1780808648.5502198,FLY,spline,0,19,-2.9109387974616956,-0.3575908572382107,-0.4143449014610767,-2.828359365463257,-0.0780664011836052,-1.476894497871399,-0.08257943199843876,-0.2795244560546055,1.0625495964103222,0.29146746666104584,20.47214398351089,3.0,-2.8624781990572226,-0.3417378429299778,0.6010256318544339,-3.2632689476013184,-0.2116786390542984,0.4792648255825043,-0.6099521236908474,0.13498870873229635,0.12176080627192964,0.01889841922252149,0.08539329731671864,0.03153751374762215,0.2787409728355366,-0.011091583695184912,-3.0784049034118652,-3.0994299125769467,-0.021025009165081432,0
1780808648.560939,FLY,spline,0,19,-2.9109387974616956,-0.3575908572382107,-0.4143449014610767,-2.874140501022339,-0.0810839831829071,-1.4702343940734863,-0.036798296439356726,-0.2765068740553036,1.0558894926124096,0.27894473649931867,20.426327205986063,3.0,-2.8385456851399344,-0.33845904085273293,0.5945848062445399,-3.3289854526519775,-0.22264759242534637,0.47953182458877563,-0.7433776038827714,0.12180543097602682,0.11505298165576427,0.017052760336643758,0.10407286454358801,0.030749301925112382,0.2791347329267122,-0.011114594291516065,-3.078930377960205,-3.0994299125769467,-0.020499534616741588,0
1780808648.5715992,FLY,spline,0,19,-2.9109387974616956,-0.3575908572382107,-0.4143449014610767,-2.921952962875366,-0.08429687470197678,-1.4633691310882568,0.011014165413670618,-0.27329398253623394,1.0490242296271801,0.2735158363427519,20.37847907213355,3.0,-2.8149240075590996,-0.335275528486297,0.5870428172973297,-3.3512074947357178,-0.22646181285381317,0.4791773557662964,-0.7668522892301616,0.11883160236651172,0.10786546153103327,0.01663642433131164,0.10735932049222263,0.028260927215029374,0.27926834111124405,-0.011136167383822271,-3.0805892944335938,-3.0994299125769467,-0.018840618143352916,0
1780808648.5823395,FLY,spline,0,19,-2.9109387974616956,-0.3575908572382107,-0.4143449014610767,-2.921952962875366,-0.08429687470197678,-1.4633691310882568,0.011014165413670618,-0.27329398253623394,1.0490242296271801,0.2735158363427519,20.37847907213355,3.0,-2.791302329978265,-0.33209201611986106,0.5795008283501194,-3.3512074947357178,-0.22646181285381317,0.4791773557662964,-0.747760001922243,0.12132221667813323,0.10032347258382301,0.016985110334938654,0.10468640026911404,0.02739975930731453,0.27969551690113215,-0.011156232078339035,-3.0811634063720703,-3.0994299125769467,-0.018266506204876354,0
1780808648.5931346,FLY,spline,0,20,-3.068022249881893,-0.36956792904210034,-0.420739366573861,-2.968945264816284,-0.08751952648162842,-1.4567235708236694,-0.0990769850656088,-0.2820484025604719,1.0359842042498084,0.2989440589083598,20.331453126388638,3.0,-2.768713000182619,-0.3271864628721259,0.5699793932315484,-3.3940446376800537,-0.23397384583950043,0.47788652777671814,-0.8345722873726189,0.10763170364375756,0.09209286545483031,0.01506843851012606,0.11684012023216665,0.031429830955695515,0.2801678248335089,-0.011174650651430001,-3.081754446029663,-3.1027076666667934,-0.020953220637130343,0
1780808648.6038418,FLY,spline,0,20,-3.068022249881893,-0.36956792904210034,-0.420739366573861,-3.028515577316284,-0.09169922024011612,-1.4484472274780273,-0.0395066725656088,-0.2778687088019842,1.0277078609041663,0.28066313706735363,20.271842053757133,3.0,-2.7452434571290683,-0.3233665344747597,0.562260021761245,-3.446974039077759,-0.24357298016548157,0.4753352701663971,-0.939391358117384,0.09449238280133551,0.08692475159484792,0.013228933592186973,0.13151479013643377,0.030527893470954304,0.28038736195921676,-0.011192035601748971,-3.0823557376861572,-3.1027076666667934,-0.020351928980636202,0
1780808648.6145997,FLY,spline,0,20,-3.068022249881893,-0.36956792904210034,-0.420739366573861,-3.076835870742798,-0.09516601264476776,-1.4418749809265137,0.00881362086090487,-0.2744019163973326,1.0211356143526527,0.2745434239518559,20.223490141971993,3.0,-2.721539058175438,-0.3198641514153188,0.5551301702093487,-3.4887592792510986,-0.2513960301876068,0.4725247323513031,-1.011788097220081,0.0839992262393261,0.08260543785804564,0.011759891673505656,0.14165033361081136,0.027322117256354694,0.2800679046430654,-0.011208556689320581,-3.0844929218292236,-3.1027076666667934,-0.018214744837569796,0
1780808648.6254065,FLY,spline,0,20,-3.068022249881893,-0.36956792904210034,-0.420739366573861,-3.076835870742798,-0.09516601264476776,-1.4418749809265137,0.00881362086090487,-0.2744019163973326,1.0211356143526527,0.2745434239518559,20.223490141971993,3.0,-2.697834659221808,-0.316361768355878,0.5480003186574525,-3.4887592792510986,-0.2513960301876068,0.4725247323513031,-0.9893748209600344,0.08772512893655816,0.07547558630614937,0.012281518051118144,0.13851247493440483,0.027322117256354694,0.2806231976499559,-0.011223651806581811,-3.0844929218292236,-3.1027076666667934,-0.018214744837569796,0
1780808648.6358254,FLY,spline,0,20,-3.068022249881893,-0.36956792904210034,-0.420739366573861,-3.076835870742798,-0.09516601264476776,-1.4418749809265137,0.00881362086090487,-0.2744019163973326,1.0211356143526527,0.2745434239518559,20.223490141971993,3.0,-2.674130260268178,-0.31285938529643714,0.5408704671055563,-3.4887592792510986,-0.2513960301876068,0.4725247323513031,-0.9809015643966069,0.08907177040280084,0.0683457347542532,0.012470047856392118,0.13732621901552497,0.026376549171637897,0.28097850381842165,-0.011237320953532661,-3.085123300552368,-3.1027076666667934,-0.017584366114425265,0
1780808648.646537,FLY,spline,0,21,-3.2254483391871687,-0.3809328115992817,-0.4280711247776491,-3.152773380279541,-0.10075195133686066,-1.43179190158844,-0.07267495890762765,-0.28018086026242106,1.0037207768107907,0.289452870273583,20.147505393728697,3.0,-2.651314215859581,-0.3078704511684598,0.5319520225207846,-3.5522966384887695,-0.26375284790992737,0.46704787015914917,-1.1215489670006762,0.06495208531417873,0.06490415236163538,0.009093291943985024,0.1570168553800947,0.028205164187319998,0.280542640346382,-0.011250301784004988,-3.0871057510375977,-3.1059091938291443,-0.018803442791546665,0
1780808648.6572175,FLY,spline,0,21,-3.2254483391871687,-0.3809328115992817,-0.4280711247776491,-3.1775779724121094,-0.10260742157697678,-1.428564429283142,-0.04787036677505929,-0.27832539002230494,1.000493304505493,0.28241210092035157,20.1226860605042,3.0,-2.6281757204398195,-0.30329511388627106,0.5236649048998084,-3.5724644660949707,-0.26780346035957336,0.46501630544662476,-1.1504603912052966,0.05891817813589173,0.05864859945318368,0.008248544939024842,0.16106445476874154,0.027261384241946462,0.2807982345983782,-0.011262031503895625,-3.0877349376678467,-3.1059091938291443,-0.01817425616129764,0
1780808648.6677675,FLY,spline,0,21,-3.2254483391871687,-0.3809328115992817,-0.4280711247776491,-3.266054630279541,-0.109375,-1.4173095226287842,0.04060629109237235,-0.2715578115992817,0.9892383978511351,0.2745769763051328,20.03415903432619,3.0,-2.6045828979263623,-0.2993347708272263,0.5164058134481746,-3.6420304775238037,-0.28230148553848267,0.45680367946624756,-1.2945201533645192,0.03559523945094532,0.05960213398192704,0.004983333523132345,0.1812328214710327,0.02492929291046453,0.2801181049594969,-0.01127395193069201,-3.089289665222168,-3.1059091938291443,-0.016619528606976353,0
1780808648.6782072,FLY,spline,0,21,-3.2254483391871687,-0.3809328115992817,-0.4280711247776491,-3.266054630279541,-0.109375,-1.4173095226287842,0.04060629109237235,-0.2715578115992817,0.9892383978511351,0.2745769763051328,20.03415903432619,3.0,-2.580990075412905,-0.29537442776818157,0.5091467219965408,-3.6420304775238037,-0.28230148553848267,0.45680367946624756,-1.269018941421938,0.03952159309669341,0.052343042530293205,0.005533023033537078,0.17766265179907134,0.024005182497866873,0.280441339181794,-0.01128442053919807,-3.0899057388305664,-3.1059091938291443,-0.016003454998577915,0
1780808648.6887102,FLY,spline,0,22,-3.3832106399712405,-0.3916958135835069,-0.43631832325410164,-3.2914843559265137,-0.11136718839406967,-1.4141552448272705,-0.09172628404472682,-0.28032862518943724,0.9778369215731688,0.2949539782495803,20.008715352013116,3.0,-2.5586176559283174,-0.2896631853475414,0.4995625393804632,-3.661339521408081,-0.28647276759147644,0.4542264938354492,-1.2987167674832343,0.030242949416507382,0.04533604554501397,0.004234012918311034,0.18182034744765282,0.027759639750291276,0.28072906880643983,-0.011293487748307072,-3.090528726577759,-3.109035153077953,-0.018506426500194184,0
1780808648.6992774,FLY,spline,0,22,-3.3832106399712405,-0.3916958135835069,-0.43631832325410164,-3.317031145095825,-0.11338867247104645,-1.4110205173492432,-0.0661794948754153,-0.27830714111246047,0.9747021940951415,0.2860674576671665,19.983154780889848,3.0,-2.5358252599856517,-0.2844407210221388,0.49071762255990187,-3.680426836013794,-0.2906658351421356,0.4515797793865204,-1.3325249354662905,0.02219301929570624,0.03913784317338148,0.0031070227013988735,0.18655349096528068,0.026820866595078874,0.28094045188263816,-0.011301315316941748,-3.0911545753479004,-3.109035153077953,-0.017880577730052583,0
1780808648.709984,FLY,spline,0,22,-3.3832106399712405,-0.3916958135835069,-0.43631832325410164,-3.3427343368530273,-0.11543945223093033,-1.4079052209854126,-0.04047630311821315,-0.2762563613525766,0.9715868977313109,0.27920585291480343,19.957437986856593,3.0,-2.512057874114754,-0.2800572780958991,0.484322562202387,-3.7189149856567383,-0.2993454337120056,0.4458809494972229,-1.4140533229807997,0.007294107860726998,0.03844161270516411,0.0010211751005017797,0.19796746521731198,0.024814931879807878,0.28038140920114907,-0.01130900363948278,-3.092491865158081,-3.109035153077953,-0.01654328791987192,0
1780808648.7205877,FLY,spline,0,22,-3.3832106399712405,-0.3916958135835069,-0.43631832325410164,-3.4234373569488525,-0.12200195342302322,-1.39834463596344,0.04022671697761204,-0.2696938601604837,0.9620263127093382,0.272677404577386,19.876693810273565,3.0,-2.4888162488684946,-0.27553301984011275,0.47630022194860844,-3.7563607692718506,-0.3081037998199463,0.43975630402565,-1.4865193867185842,-0.007449147357164773,0.03654391792295841,-0.0010428806300030683,0.2081127141406018,0.022885529528428483,0.2799496615850754,-0.011316312423067373,-3.093778133392334,-3.109035153077953,-0.015257019685618989,0
1780808648.7312663,FLY,spline,0,23,-3.541302726827826,-0.4018672436685272,-0.44545910918487963,-3.514882802963257,-0.12964843213558197,-1.3879199028015137,-0.02641992386456904,-0.27221881153294525,0.942460793616634,0.2734978861516461,19.785204509665654,3.0,-2.466270885794035,-0.2698745663520238,0.46709758602383494,-3.817023515701294,-0.32304373383522034,0.42856505513191223,-1.6058519465256,-0.034358156448647564,0.03853253089192271,-0.004810141902810659,0.22481927251358402,0.026487192676882376,0.2794917686203198,-0.011324018929245758,-3.094428062438965,-3.1120861908902198,-0.017658128451254917,0
1780808648.7417393,FLY,spline,0,23,-3.541302726827826,-0.4018672436685272,-0.44545910918487963,-3.514882802963257,-0.12964843213558197,-1.3879199028015137,-0.02641992386456904,-0.27221881153294525,0.942460793616634,0.2734978861516461,19.785204509665654,3.0,-2.4437255227195758,-0.2642161128639348,0.45789495009906145,-3.817023515701294,-0.32304373383522034,0.42856505513191223,-1.579724698585511,-0.03248885583325366,0.029329894967149217,-0.004548439816655513,0.22116145780197155,0.025049528644899954,0.2797855853344005,-0.011329884908239189,-3.095386505126953,-3.1120861908902198,-0.016699685763266636,0
1780808648.7524593,FLY,spline,0,23,-3.541302726827826,-0.4018672436685272,-0.44545910918487963,-3.5415234565734863,-0.1319238245487213,-1.3849657773971558,0.0002207297456604529,-0.2699434191198059,0.9395066682122761,0.26994350936392564,19.758551497983923,3.0,-2.420998153365071,-0.2587419680893534,0.44903490375545585,-3.833895444869995,-0.32737475633621216,0.42522192001342773,-1.6061420371597985,-0.04095681875289629,0.023812983742028115,-0.005733954625405481,0.22485988520237182,0.02309723810992681,0.2796049741994895,-0.011334647504987595,-3.0966880321502686,-3.1120861908902198,-0.015398158739951207,0
1780808648.7630506,FLY,spline,0,24,-3.69971817435064,-0.41145741052809454,-0.4554716297516439,-3.5951170921325684,-0.1365624964237213,-1.3791308403015137,-0.10460108221807163,-0.2748949141043732,0.9236592105498698,0.29412344381508,19.704933601236974,3.0,-2.398607633781669,-0.2523756630827367,0.4399170754313414,-3.8810555934906006,-0.339970201253891,0.4154602587223053,-1.7033524731372391,-0.06613275678365464,0.0244568167090361,-0.009258585949711651,0.2384693462392135,0.026579601860122537,0.2792305593710011,-0.011339538868329403,-3.0973432064056396,-3.1150629409790547,-0.017719734573415025,0
1780808648.7737892,FLY,spline,0,24,-3.69971817435064,-0.41145741052809454,-0.4554716297516439,-3.6709372997283936,-0.14326171576976776,-1.3711133003234863,-0.028780874622246433,-0.2681956947583268,0.9156416705718424,0.269735554628831,19.629080428409946,3.0,-2.376445854441059,-0.24612672284021378,0.4301802236658329,-3.9104249477386475,-0.34822607040405273,0.4091513752937317,-1.7523824675032005,-0.08179495167347847,0.021028848372101228,-0.011451293234286987,0.24533354545044808,0.024818284607009744,0.27892344867756197,-0.011343744638003823,-3.098517417907715,-3.1150629409790547,-0.01654552307133983,0
1780808648.784723,FLY,spline,0,24,-3.69971817435064,-0.41145741052809454,-0.4554716297516439,-3.6982030868530273,-0.14571288228034973,-1.3682959079742432,-0.0015150874976126438,-0.2657445282477448,0.9128242782225993,0.2657488471917458,19.601803125048164,3.0,-2.35414914206349,-0.23999394055540646,0.420680455321336,-3.9253790378570557,-0.3525644838809967,0.4058777391910553,-1.7705044764801143,-0.08985959338965537,0.014802716130280724,-0.012580343074551753,0.24787062670721602,0.022842390632705545,0.2787680842114934,-0.011346705181229879,-3.099834680557251,-3.1150629409790547,-0.015228260421803697,0
1780808648.7955084,FLY,spline,0,24,-3.69971817435064,-0.41145741052809454,-0.4554716297516439,-3.7255468368530273,-0.148193359375,-1.3654980659484863,0.025828662502387356,-0.26326405115309454,0.9100264361968424,0.2645280333654666,19.57444804400698,3.0,-2.3311642806102677,-0.23426680387852555,0.41268695487031326,-3.9548351764678955,-0.3614112138748169,0.3993459939956665,-1.8283291016261303,-0.10418407688294538,0.013340960874646757,-0.014585770763612355,0.25596607422765827,0.022842390632705545,0.27888235643976916,-0.011349373373404808,-3.099834680557251,-3.1150629409790547,-0.015228260421803697,0
1780808648.8062923,FLY,spline,0,24,-3.69971817435064,-0.41145741052809454,-0.4554716297516439,-3.7255468368530273,-0.148193359375,-1.3654980659484863,0.025828662502387356,-0.26326405115309454,0.9100264361968424,0.2645280333654666,19.57444804400698,3.0,-2.3081794191570455,-0.22853966720164465,0.4046934544192905,-3.9548351764678955,-0.3614112138748169,0.3993459939956665,-1.8190798415795237,-0.1023992348581261,0.005347460423623995,-0.014335892880137657,0.25467117782113335,0.021838886833267068,0.27919265467340515,-0.011350442865489533,-3.10050368309021,-3.1150629409790547,-0.014559257888844712,0
1780808648.8169658,FLY,spline,0,25,-3.8584505571333994,-0.4204766228359606,-0.4663340321360551,-3.7830076217651367,-0.15346679091453552,-1.3597314357757568,-0.07544293536826263,-0.2670098319214251,0.8933974036397017,0.27746330719518125,19.51696414488552,3.0,-2.28859721338457,-0.22008496661296476,0.3916529308469719,-3.969311237335205,-0.3659185469150543,0.39603185653686523,-1.8442832992819778,-0.12167762396906531,-0.004378925689893343,-0.017034867355669146,0.2581996618994769,0.022088301189919557,0.2786342628230564,-0.011349567080351555,-3.103240489959717,-3.11796602408633,-0.014725534126613038,0
1780808648.8274481,FLY,spline,0,25,-3.8584505571333994,-0.4204766228359606,-0.4663340321360551,-3.8662497997283936,-0.1612597554922104,-1.3516161441802979,0.007799242594994205,-0.2592168673437502,0.8852821120442427,0.25933417148644905,19.433690202173786,3.0,-2.2664965324336044,-0.21321919628698086,0.3821966578319583,-4.0200629234313965,-0.38269945979118347,0.3827381134033203,-1.9586712820148715,-0.15539832729092018,-0.0005414555713620373,-0.02175576582072883,0.27421397948208204,0.022088301189919557,0.2783273735046882,-0.011349458789237283,-3.103240489959717,-3.11796602408633,-0.014725534126613038,0
1780808648.8382928,FLY,spline,0,25,-3.8584505571333994,-0.4204766228359606,-0.4663340321360551,-3.8662497997283936,-0.1612597554922104,-1.3516161441802979,0.007799242594994205,-0.2592168673437502,0.8852821120442427,0.25933417148644905,19.433690202173786,3.0,-2.244395851482639,-0.20635342596099696,0.37274038481694466,-4.0200629234313965,-0.38269945979118347,0.3827381134033203,-1.9475859082857803,-0.15619399267694767,-0.009997728586375654,-0.021867158974772677,0.27266202716000926,0.01935423613407239,0.27820036040451196,-0.011347459243520007,-3.1050631999969482,-3.11796602408633,-0.012902824089381593,0
1780808648.848842,FLY,spline,0,26,-4.0174934497698205,-0.42893518926587715,-0.47802446351977435,-3.9164061546325684,-0.16605468094348907,-1.346865177154541,-0.10108729513725212,-0.2628805083223881,0.8688407136347667,0.28164659219312965,19.38351549047449,3.0,-2.2271530635938426,-0.19631405070757568,0.3576772772244535,-4.0309929847717285,-0.3865472078323364,0.3795265853404999,-1.9605311267052061,-0.17228010571157049,-0.02184930811604635,-0.02411921479961987,0.27447435773872886,0.02263296119398439,0.27883847700053616,-0.011343089381896798,-3.1057074069976807,-3.1207960477936703,-0.015088640795989594,0
1780808648.859541,FLY,spline,0,26,-4.0174934497698205,-0.42893518926587715,-0.47802446351977435,-3.97265625,-0.1715136617422104,-1.3416650295257568,-0.04483719976982048,-0.25742152752366676,0.8636405660059825,0.2612971819898116,19.327245539885016,3.0,-2.2066451917978185,-0.18815740733208083,0.34593434900178094,-4.054317951202393,-0.39508056640625,0.372387558221817,-2.0127878543413207,-0.19273290157793224,-0.026453209220036078,-0.026982606220910515,0.2817902996077849,0.02167594901747072,0.2788982711793737,-0.011337798740052791,-3.1063454151153564,-3.1207960477936703,-0.014450632678313813,0
1780808648.8700914,FLY,spline,0,27,-4.176840426853621,-0.43684341849159575,-0.4905210710844622,-4.049648284912109,-0.17913085222244263,-1.334755778312683,-0.12719214194151185,-0.2577125662691531,0.8442347072282209,0.28739103636805086,19.250227557499556,3.0,-2.1881713011339348,-0.17815907426257915,0.3323789552572164,-4.0837225914001465,-0.4066051244735718,0.36211034655570984,-2.0716533891306734,-0.22455331105955859,-0.029731391298493448,-0.03143746354833821,0.2900314744782943,0.023259181498577197,0.2783275817746624,-0.011331852461793093,-3.1080474853515625,-3.123553606350614,-0.015506120999051465,0
1780808648.8810942,FLY,spline,0,27,-4.176840426853621,-0.43684341849159575,-0.4905210710844622,-4.049648284912109,-0.17913085222244263,-1.334755778312683,-0.12719214194151185,-0.2577125662691531,0.8442347072282209,0.28739103636805086,19.250227557499556,3.0,-2.176717819318126,-0.17196028657440598,0.32397485356665984,-4.0837225914001465,-0.4066051244735718,0.36211034655570984,-2.0463051708942683,-0.22066960325829416,-0.03813549298905,-0.030893744456161186,0.2864827239251976,0.022324699877788623,0.2787052869297783,-0.011324225363195283,-3.108670473098755,-3.123553606350614,-0.014883133251859082,0
1780808648.891953,FLY,spline,0,27,-4.176840426853621,-0.43684341849159575,-0.4905210710844622,-4.106601238250732,-0.18486328423023224,-1.3298144340515137,-0.0702391886028888,-0.2519801342613635,0.8392933629670515,0.2615865663178577,19.193256292217317,3.0,-2.159300527529372,-0.16514562074120379,0.3147239648496681,-4.1037397384643555,-0.41501933336257935,0.3537847101688385,-2.089786858540672,-0.2380805498980583,-0.03906074531917042,-0.033331276985728166,0.2925701601956941,0.021381992816021045,0.27848574236596396,-0.01131641321413145,-3.1092989444732666,-3.123553606350614,-0.014254661877347363,0
1780808648.9024272,FLY,spline,0,27,-4.176840426853621,-0.43684341849159575,-0.4905210710844622,-4.106601238250732,-0.18486328423023224,-1.3298144340515137,-0.0702391886028888,-0.2519801342613635,0.8392933629670515,0.2615865663178577,19.193256292217317,3.0,-2.159300527529372,-0.16514562074120379,0.3147239648496681,-4.1037397384643555,-0.41501933336257935,0.3537847101688385,-2.048156751993364,-0.22404713254792574,-0.03906074531917042,-0.031366598556709605,0.286741945279071,0.020428199290325244,0.27819468114370777,-0.011308601065067616,-3.1099348068237305,-3.123553606350614,-0.013618799526883496,0
1780808648.9132884,FLY,spline,0,27,-4.176840426853621,-0.43684341849159575,-0.4905210710844622,-4.189570426940918,-0.19337889552116394,-1.3228613138198853,0.012730000087296744,-0.2434645229704318,0.8323402427354231,0.2437971018027952,19.110261642133455,3.0,-2.138989703781551,-0.15643162266673205,0.3030390739112365,-4.130068302154541,-0.42704710364341736,0.34115245938301086,-2.122808504471156,-0.2582413138200774,-0.03811338547177434,-0.03615378393481084,0.2971931906259619,0.018600720881511768,0.27757502857594585,-0.011300978387973261,-3.1111531257629395,-3.123553606350614,-0.012400480587674512,0
1780808648.9239109,FLY,spline,0,28,-4.336485062978517,-0.44421161918686813,-0.5038020020117795,-4.218320369720459,-0.1963769495487213,-1.320522427558899,-0.11816469325805823,-0.24783466963814682,0.8167204255471194,0.27456314065697235,19.081503165086435,3.0,-2.1309119917781643,-0.14748994118093886,0.29159338458351103,-4.138426303863525,-0.43114587664604187,0.33659040927886963,-2.1221480903151497,-0.27404010488413316,-0.0449970246953586,-0.038365614683778644,0.297100732644121,0.02070090266601432,0.2775790675129473,-0.01129197898303419,-3.112438678741455,-3.126239280518798,-0.01380060177734288,0
1780808648.9343348,FLY,spline,0,28,-4.336485062978517,-0.44421161918686813,-0.5038020020117795,-4.328007698059082,-0.2080078125,-1.3119237422943115,-0.008477364919435182,-0.23620380668686813,0.808121740282532,0.23635588422830653,18.971785006271944,3.0,-2.112005401082586,-0.1375862054834049,0.2785758253843647,-4.1665215492248535,-0.44639670848846436,0.3194592297077179,-2.1947578367023484,-0.31302683385252067,-0.04088340432335319,-0.0438237567393529,0.3072660971383288,0.019749970163267738,0.2769928819079339,-0.01128380230216952,-3.113072633743286,-3.126239280518798,-0.013166646775511825,0
1780808648.9450822,FLY,spline,0,28,-4.336485062978517,-0.44421161918686813,-0.5038020020117795,-4.328007698059082,-0.2080078125,-1.3119237422943115,-0.008477364919435182,-0.23620380668686813,0.808121740282532,0.23635588422830653,18.971785006271944,3.0,-2.105699050162509,-0.13428278427256987,0.27423377885918654,-4.1665215492248535,-0.44639670848846436,0.3194592297077179,-2.16862306756252,-0.3048049101027787,-0.04522545084853136,-0.042672687414389024,0.30360722945875285,0.01713034602538932,0.2766338153165775,-0.011274757211999813,-3.114819049835205,-3.126239280518798,-0.01142023068359288,0
1780808648.955738,FLY,spline,0,29,-4.496420932738225,-0.4510501000254462,-0.517845403483387,-4.356992244720459,-0.21113280951976776,-1.3097362518310547,-0.13942868801776598,-0.23991729050567845,0.7918908483476677,0.27748993734177396,18.942792769067314,3.0,-2.1017467574370423,-0.1266620532634719,0.26472631751488407,-4.172961235046387,-0.4503178298473358,0.31506386399269104,-2.161908105833727,-0.31651056526433774,-0.05033754647780697,-0.04431147913700729,0.3026671348167218,0.02013170488779159,0.2768049575224879,-0.011264689702704252,-3.1154325008392334,-3.1288536374310945,-0.01342113659186106,0
1780808648.9665499,FLY,spline,0,29,-4.496420932738225,-0.4510501000254462,-0.517845403483387,-4.38601541519165,-0.21428710222244263,-1.3075780868530273,-0.11040551754657457,-0.23676299780300358,0.7897326833696403,0.2612395365050858,18.913762084068566,3.0,-2.096186442803947,-0.1231474804834069,0.26015790657711246,-4.178985118865967,-0.45419275760650635,0.3107979893684387,-2.16292893983962,-0.3179524912619959,-0.05064008279132626,-0.04451334877667942,0.3028100515775468,0.02013170488779159,0.27683928844412775,-0.011254561686145987,-3.1154325008392334,-3.1288536374310945,-0.01342113659186106,0
1780808648.9772658,FLY,spline,0,29,-4.496420932738225,-0.4510501000254462,-0.517845403483387,-4.497187614440918,-0.22658202052116394,-1.2995946407318115,0.0007666817026930062,-0.22446807950428227,0.7817492372484245,0.22446938881988793,18.80256321236754,3.0,-2.08019119844366,-0.11141399927903672,0.24494351941622466,-4.1981730461120605,-0.46854367852211,0.29523852467536926,-2.21933570032526,-0.3658269318767596,-0.0502950052591446,-0.05121577046274635,0.3107069980455364,0.016764280876561122,0.2759318061403355,-0.011244502685094158,-3.1176774501800537,-3.1288536374310945,-0.011176187251040748,0
1780808648.9877908,FLY,spline,0,29,-4.496420932738225,-0.4510501000254462,-0.517845403483387,-4.497187614440918,-0.22658202052116394,-1.2995946407318115,0.0007666817026930062,-0.22446807950428227,0.7817492372484245,0.22446938881988793,18.80256321236754,3.0,-2.0780235206877697,-0.1098238762629098,0.24288166353735874,-4.1981730461120605,-0.46854367852211,0.29523852467536926,-2.195960962643832,-0.3526244286998754,-0.052356861138010524,-0.04936742001798256,0.30743453477013655,0.015911696037693934,0.27589289202386735,-0.011234031312866556,-3.118245840072632,-3.1288536374310945,-0.010607797358462623,0
1780808648.9981492,FLY,spline,0,30,-4.656641610726461,-0.45736916968108143,-0.5326294226809458,-4.5263671875,-0.2298632711172104,-1.297573208808899,-0.130274423226461,-0.22750589856387105,0.7649437861279531,0.2621647558851904,18.77337722560943,3.0,-2.075754033915455,-0.10230513201885921,0.23365815359376663,-4.202253818511963,-0.4721894860267639,0.29110223054885864,-2.1898926067955053,-0.36503059648549196,-0.057444076955092016,-0.05110428350796888,0.3065849649513708,0.0188873753524319,0.27610329390541183,-0.011222542497475537,-3.1188056468963623,-3.1313972304646502,-0.012591583568287934,0
1780808649.008614,FLY,spline,0,30,-4.656641610726461,-0.45736916968108143,-0.5326294226809458,-4.636913776397705,-0.24247069656848907,-1.2901757955551147,-0.01972783432875591,-0.21489847311259236,0.7575463728741689,0.21580208801915338,18.662809064975615,3.0,-2.0635429396653633,-0.0891613808690317,0.2166607865373601,-4.213958740234375,-0.48546263575553894,0.2763027846813202,-2.2267658023348846,-0.41098483101841005,-0.059641998143960095,-0.05753787634257741,0.3117472123268839,0.01743290281062282,0.27593902243831775,-0.011210614097846745,-3.1197752952575684,-3.1313972304646502,-0.01162193520708188,0
1780808649.0189307,FLY,spline,0,30,-4.656641610726461,-0.45736916968108143,-0.5326294226809458,-4.636913776397705,-0.24247069656848907,-1.2901757955551147,-0.01972783432875591,-0.21489847311259236,0.7575463728741689,0.21580208801915338,18.662809064975615,3.0,-2.0635429396653633,-0.0891613808690317,0.2166607865373601,-4.213958740234375,-0.48546263575553894,0.2763027846813202,-2.20609336332546,-0.393642748974542,-0.059641998143960095,-0.05510998485643588,0.3088530708655644,0.016640757081557878,0.2757641088329519,-0.011198685698217954,-3.1203033924102783,-3.1313972304646502,-0.011093838054371918,0
1780808649.0293465,FLY,spline,0,30,-4.656641610726461,-0.45736916968108143,-0.5326294226809458,-4.666210651397705,-0.24586912989616394,-1.2882860898971558,0.009569040671244089,-0.2115000397849175,0.7556566672162099,0.21171639843996404,18.633507105705657,3.0,-2.061057649535463,-0.08571724443080377,0.21221179252971567,-4.21613073348999,-0.488847941160202,0.2723240554332733,-2.202132021284444,-0.3966306636968326,-0.060112262903557645,-0.055528292917556565,0.3082984829798222,0.015859340188552506,0.2756349895924604,-0.011186663245637243,-3.1208243370056152,-3.1313972304646502,-0.010572893459035004,0
1780808649.040134,FLY,spline,0,31,-4.817140671536942,-0.4631791368275256,-0.5481322067861165,-4.695507526397705,-0.24928709864616394,-1.2864208221435547,-0.12163314513923673,-0.21389203818136165,0.7382886153574382,0.2460577696270526,18.604205514991296,3.0,-2.0594402929822127,-0.07767747571256967,0.20327601427020237,-4.218964576721191,-0.4946376383304596,0.2652691900730133,-2.200594506797882,-0.41647713866327324,-0.06199317580281094,-0.05830679941285826,0.30808323095170354,0.018796559357694864,0.27562600132215304,-0.011174264610476681,-3.1213395595550537,-3.1338705991268503,-0.012531039571796576,0
1780808649.0508819,FLY,spline,0,31,-4.817140671536942,-0.4631791368275256,-0.5481322067861165,-4.768867015838623,-0.2579394578933716,-1.2818750143051147,-0.04827365569831876,-0.205239678934154,0.7337428075189982,0.21084039376617197,18.530835607304034,3.0,-2.0563616900955908,-0.06972838613613279,0.19212794223598717,-4.2206034660339355,-0.5002442598342896,0.25817129015922546,-2.200895057697833,-0.43692363395628103,-0.0660433479232383,-0.06116930875387935,0.3081253080776966,0.01617908098702836,0.2754239480709196,-0.011161055940892034,-3.123084545135498,-3.1338705991268503,-0.01078605399135224,0
1780808649.061806,FLY,spline,0,31,-4.817140671536942,-0.4631791368275256,-0.5481322067861165,-4.827460765838623,-0.2649511694908142,-1.2783739566802979,0.010320094301681237,-0.19822796733671139,0.7302417498941813,0.19849642661982586,18.47223495310304,3.0,-2.054547155093696,-0.06220529684586805,0.18332572850023776,-4.220707416534424,-0.5095316767692566,0.24568282067775726,-2.197082539672284,-0.4598617325869095,-0.0623570921775195,-0.06438064256216733,0.3075915555541198,0.01617908098702836,0.2751415190296976,-0.01114858452245653,-3.123084545135498,-3.1338705991268503,-0.01078605399135224,0
1780808649.0724554,FLY,spline,0,32,-4.977911689763385,-0.4684903101385305,-0.56433190298056,-4.888319969177246,-0.2723144590854645,-1.2748632431030273,-0.08959172058613873,-0.196175851053066,0.7105313401224673,0.2156655766087381,18.411370023548134,3.0,-2.05516673996922,-0.05210387982282176,0.16997066319483484,-4.219935894012451,-0.5125702023506165,0.24137432873249054,-2.187424854319457,-0.47406602853400337,-0.0714036655376557,-0.06636924399476048,0.30623947960472403,0.019061104548349084,0.27574395260624146,-0.011134303789349,-3.1235668659210205,-3.1362742689532532,-0.012707403032232722,0
1780808649.082922,FLY,spline,0,32,-4.977911689763385,-0.4684903101385305,-0.56433190298056,-4.946913719177246,-0.27950194478034973,-1.2715966701507568,-0.030997970586138734,-0.18898836535818075,0.7072647671701968,0.19151364552223513,18.352772142744683,3.0,-2.055755405919641,-0.04540490518565071,0.1612359165922142,-4.217268466949463,-0.5182088613510132,0.23315444588661194,-2.1754145819522153,-0.489653161455048,-0.07191852929439774,-0.06855144260370673,0.30455804147331017,0.016215459597482385,0.27532958872797286,-0.01111992008349012,-3.1254639625549316,-3.1362742689532532,-0.01081030639832159,0
1780808649.0932803,FLY,spline,0,32,-4.977911689763385,-0.4684903101385305,-0.56433190298056,-4.946913719177246,-0.27950194478034973,-1.2715966701507568,-0.030997970586138734,-0.18898836535818075,0.7072647671701968,0.19151364552223513,18.352772142744683,3.0,-2.055755405919641,-0.04540490518565071,0.1612359165922142,-4.217268466949463,-0.5182088613510132,0.23315444588661194,-2.17344739832381,-0.47412169190358416,-0.07191852929439774,-0.06637703686650179,0.30428263576533343,0.016215459597482385,0.27534397243383174,-0.01110553637763124,-3.1254639625549316,-3.1362742689532532,-0.01081030639832159,0
1780808649.1038876,FLY,spline,0,32,-4.977911689763385,-0.4684903101385305,-0.56433190298056,-4.976171970367432,-0.2831152379512787,-1.2700048685073853,-0.0017397193959531876,-0.1853750721872518,0.7056729655268252,0.18538323552038213,18.323512461082466,3.0,-2.0577486968453145,-0.04172745745407186,0.1569051989704477,-4.213623046875,-0.5229690670967102,0.22554683685302734,-2.1594145553009954,-0.48447554772485174,-0.06864163788257965,-0.06782657668147925,0.3023180377421394,0.014503137362374963,0.2748699419377793,-0.011091808050054724,-3.12660551071167,-3.1362742689532532,-0.009668758241583308,0
1780808649.1145175,FLY,spline,0,33,-5.138948239999507,-0.4733129982878476,-0.5812066584459371,-5.021327972412109,-0.2887304723262787,-1.267602562904358,-0.11762026758739719,-0.18458252596156893,0.6863959044584208,0.2188726484458124,18.278355013311796,3.0,-2.059535035605467,-0.03335905330014223,0.1462656655973733,-4.2116475105285645,-0.5249660015106201,0.2222035974264145,-2.1522923053775393,-0.4976643087949666,-0.07593793182904118,-0.06967300323129533,0.30132092275285555,0.01734789866267694,0.27539460962736234,-0.011076620463688916,-3.1270434856414795,-3.1386087514165975,-0.011565265775117961,0
1780808649.1252809,FLY,spline,0,33,-5.138948239999507,-0.4733129982878476,-0.5812066584459371,-5.079765319824219,-0.2960742115974426,-1.2646044492721558,-0.05918292017528781,-0.177238786690405,0.6833977908262187,0.1868587850435761,18.21991700233714,3.0,-2.06282967711211,-0.026834130311992554,0.13764793999495062,-4.205580234527588,-0.5299453735351562,0.21345919370651245,-2.1338687044996454,-0.5129656991489017,-0.07581125371156183,-0.07181519788084624,0.29874161862995036,0.0167005922204162,0.2753336079292656,-0.011061458212946603,-3.1274750232696533,-3.1386087514165975,-0.011133728146944133,0
1780808649.1359906,FLY,spline,0,34,-5.3002438968390235,-0.4776575099492289,-0.5987346203639087,-5.169648170471191,-0.3075293004512787,-1.2602245807647705,-0.13059572636783212,-0.1701282094979502,0.6614899604008618,0.21447342822018797,18.13003612165908,3.0,-2.0713476983120325,-0.013467874820037584,0.12085443838889287,-4.193338871002197,-0.5370069146156311,0.20004279911518097,-2.0928680719833013,-0.5491763411055333,-0.0791883607262881,-0.07688468775477467,0.2930015300776622,0.01818203786070738,0.2754671844238293,-0.011045620540801345,-3.128753185272217,-3.1408745438460217,-0.012121358573804919,0
1780808649.146684,FLY,spline,0,34,-5.3002438968390235,-0.4776575099492289,-0.5987346203639087,-5.198750019073486,-0.31126952171325684,-1.2588671445846558,-0.1014938777655372,-0.16638798823597206,0.6601325242207471,0.19489989700638577,18.10093576102133,3.0,-2.074341126417835,-0.010317060751457302,0.11661738219575568,-4.188619136810303,-0.5391358733177185,0.19560706615447998,-2.086531471722766,-0.5459695444497925,-0.0789896839587243,-0.07643573622297097,0.29211440604118727,0.01757943490202818,0.2754338981535612,-0.011029822604009601,-3.129154920578003,-3.1408745438460217,-0.011719623268018786,0
1780808649.157326,FLY,spline,0,34,-5.3002438968390235,-0.4776575099492289,-0.5987346203639087,-5.198750019073486,-0.31126952171325684,-1.2588671445846558,-0.1014938777655372,-0.16638798823597206,0.6601325242207471,0.19489989700638577,18.10093576102133,3.0,-2.074341126417835,-0.010317060751457302,0.11661738219575568,-4.188619136810303,-0.5391358733177185,0.19560706615447998,-2.0965675416986116,-0.5337565196484446,-0.0789896839587243,-0.07472591275078225,0.29351945583780564,0.016983269244984722,0.27542422905112196,-0.011014024667217856,-3.1295523643493652,-3.1408745438460217,-0.011322179496656481,0
1780808649.1680393,FLY,spline,0,34,-5.3002438968390235,-0.4776575099492289,-0.5987346203639087,-5.22781229019165,-0.3150292932987213,-1.2575390338897705,-0.07243160664737314,-0.16262821665050758,0.6588044135258618,0.17802885859445433,18.07187538269984,3.0,-2.0776277842945827,-0.007199025128004105,0.1124076540821981,-4.183538913726807,-0.541184663772583,0.19112364947795868,-2.0852642401456234,-0.5370371064604756,-0.07871599539576057,-0.0751851949044666,0.29193699362038733,0.016391752750233746,0.2754001645659444,-0.010998281468138704,-3.129946708679199,-3.1408745438460217,-0.010927835166822497,0
1780808649.1788235,FLY,spline,0,34,-5.3002438968390235,-0.4776575099492289,-0.5987346203639087,-5.306250095367432,-0.3252539038658142,-1.2541015148162842,0.006006198528408113,-0.1524036060834147,0.6553668944523755,0.15252191176349478,17.993444863501978,3.0,-2.0880081977575617,0.0010231852916975231,0.10116114608570603,-4.167968273162842,-0.5462886691093445,0.17887675762176514,-2.0361629841502142,-0.5600846073271716,-0.0777156115360591,-0.07841184502580403,0.28506281778103004,0.015396832019642925,0.2753225757555037,-0.010982738345831492,-3.1306099891662598,-3.1408745438460217,-0.01026455467976195,0
1780808649.1892514,FLY,spline,0,35,-5.46179223487565,-0.48153415379642595,-0.6168939359161354,-5.335155963897705,-0.32906249165534973,-1.2528905868530273,-0.1266362709779445,-0.15247166214107621,0.635996650936892,0.19820280745555013,17.96454242559805,3.0,-2.093315072313879,0.0074495406474218845,0.09358482700492943,-4.16157865524292,-0.5480150580406189,0.17433792352676392,-2.0251023717552665,-0.5691454770285412,-0.08075309652183449,-0.07968036678399579,0.28351433204573734,0.01755416552247535,0.27559444415320183,-0.010966587726527125,-3.1313693523406982,3.140113177823905,-0.011702777014983567,0
1780808649.1995423,FLY,spline,0,35,-5.46179223487565,-0.48153415379642595,-0.6168939359161354,-5.364023208618164,-0.3328808546066284,-1.251708984375,-0.09776902625748551,-0.14865329918979753,0.6348150484588646,0.17792297731138704,17.93567907995527,3.0,-2.0979310235815434,0.010426187991571995,0.08946280496711456,-4.154841423034668,-0.5496513843536377,0.16981257498264313,-2.0146400350818627,-0.5698352512436861,-0.08034977001552857,-0.07977693517411606,0.2820496049114608,0.017001272837538828,0.275596002494929,-0.010950517772524019,-3.1317379474639893,3.140113177823905,-0.011334181891692552,0
1780808649.2104025,FLY,spline,0,36,-5.623586828703106,-0.4849532385031905,-0.6356627522842782,-5.474843502044678,-0.34770506620407104,-1.2474511861801147,-0.14874332665842793,-0.13724817229911945,0.6117884338958366,0.20238981699894038,17.824877891213,3.0,-2.114662786925718,0.021706977236271872,0.0747050311034453,-4.125594615936279,-0.5551126599311829,0.15236450731754303,-1.9275554157570687,-0.6005966240247347,-0.07765947621409773,-0.08408352736346286,0.2698577582059896,0.01867862893029404,0.2754862630756919,-0.010934985877281199,-3.132749557495117,3.1379833303976055,-0.012452419286862693,0
1780808649.2210104,FLY,spline,0,36,-5.623586828703106,-0.4849532385031905,-0.6356627522842782,-5.474843502044678,-0.34770506620407104,-1.2474511861801147,-0.14874332665842793,-0.13724817229911945,0.6117884338958366,0.20238981699894038,17.824877891213,3.0,-2.119242525962192,0.024794701452988968,0.07066560312059422,-4.125594615936279,-0.5551126599311829,0.15236450731754303,-1.9438572007200712,-0.5956661038639341,-0.08169890419694881,-0.08339325454095078,0.27214000810081,0.01816757870598984,0.2758706364117162,-0.010918646096441808,-3.1330902576446533,3.1379833303976055,-0.01211171913732656,0
1780808649.2314503,FLY,spline,0,36,-5.623586828703106,-0.4849532385031905,-0.6356627522842782,-5.503437519073486,-0.3515722453594208,-1.246425747871399,-0.12014930962961934,-0.13338099314376972,0.6107629955871208,0.179516979521416,17.7962898873969,3.0,-2.1251935467070444,0.02760540305829079,0.06665116477476712,-4.1172003746032715,-0.556304931640625,0.1478767991065979,-1.9323804149624526,-0.5955355833286703,-0.08122563433183078,-0.08337498166601384,0.2705332580947434,0.0176658268062706,0.2758999096738986,-0.010902400969575442,-3.133424758911133,3.1379833303976055,-0.011777217870847068,0
1780808649.242067,FLY,spline,0,36,-5.623586828703106,-0.4849532385031905,-0.6356627522842782,-5.574257850646973,-0.3612109422683716,-1.2439990043640137,-0.04932897805613301,-0.12374229623481892,0.6083362520797355,0.13321225151437135,17.725486706815154,3.0,-2.1412109033451365,0.03437382883112862,0.05679700731330628,-4.0948405265808105,-0.5588340163230896,0.13686808943748474,-1.8671215366904237,-0.6092176050256328,-0.08007108212417846,-0.0852904647035886,0.26139701513665936,0.016932332047664644,0.27591089697663146,-0.010886386753150606,-3.13391375541687,3.1379833303976055,-0.011288221365109763,0
1780808649.2527664,FLY,spline,0,36,-5.623586828703106,-0.4849532385031905,-0.6356627522842782,-5.630937576293945,-0.3689941465854645,-1.2421923875808716,0.007350747590839646,-0.11595909191772602,0.6065296352965934,0.11619184346815342,17.668822796872465,3.0,-2.1552233068668407,0.03961184782121038,0.049016727844551966,-4.075486183166504,-0.5604378581047058,0.1280795782804489,-1.8207382542268127,-0.6166943065433931,-0.07906285043589695,-0.08633720291607504,0.2549033555917538,0.015968524941646578,0.2759853648007742,-0.010870574183063426,-3.134556293487549,3.1379833303976055,-0.010645683294431052,0
1780808649.263588,FLY,spline,0,36,-5.623586828703106,-0.4849532385031905,-0.6356627522842782,-5.630937576293945,-0.3689941465854645,-1.2421923875808716,0.007350747590839646,-0.11595909191772602,0.6065296352965934,0.11619184346815342,17.668822796872465,3.0,-2.1552233068668407,0.03961184782121038,0.049016727844551966,-4.075486183166504,-0.5604378581047058,0.1280795782804489,-1.8516581448114209,-0.6082213601647274,-0.07906285043589695,-0.08515099042306185,0.2592321402735989,0.015500032433712008,0.2760796444826709,-0.010854761612976247,-3.134868621826172,3.1379833303976055,-0.010333354955808005,0
1780808649.274344,FLY,spline,0,37,-5.785621252915105,-0.487925072743274,-0.6550192166499978,-5.6591796875,-0.3728906214237213,-1.2413330078125,-0.12644156541510476,-0.1150344513195527,0.5863137911625022,0.1709397392504527,17.64058934716865,3.0,-2.1708689665300183,0.0447194326960762,0.042192515261534724,-4.055719375610352,-0.5615925192832947,0.11975923180580139,-1.7952850245418868,-0.6171794296937909,-0.07756671654426667,-0.08640512015713074,0.25133990343586415,0.017769545966517697,0.2761332364868238,-0.010839248269667394,-3.135418176651001,3.1359207665509077,-0.011846363977678465,0
1780808649.2850468,FLY,spline,0,37,-5.785621252915105,-0.487925072743274,-0.6550192166499978,-5.738984107971191,-0.38398435711860657,-1.2390477657318115,-0.046637144943913356,-0.10394071562466745,0.5840285490818137,0.11392407846055885,17.560812315099817,3.0,-2.1856383520560065,0.05244885129801492,0.031322549752988205,-4.034849643707275,-0.5623668432235718,0.11155224591493607,-1.7448006993659209,-0.6301072385440308,-0.08022969616194786,-0.08821501339616432,0.24427209791122895,0.01734754508150793,0.27645524546772776,-0.010823202330435005,-3.135699510574341,3.1359207665509077,-0.01156503005433862,0
1780808649.2958226,FLY,spline,0,37,-5.785621252915105,-0.487925072743274,-0.6550192166499978,-5.794765472412109,-0.39179685711860657,-1.2375829219818115,0.009144219497004613,-0.09612821562466745,0.5825637053318137,0.09656215920013367,17.50505264167301,3.0,-2.2094617576089797,0.05584739923624223,0.024547948674685637,-3.9999589920043945,-0.5628122687339783,0.09885478764772415,-1.647749097692305,-0.6323341854995386,-0.07430683897303851,-0.0885267859699354,0.23068487367692272,0.016556472236048947,0.2761997812536381,-0.010808340962640398,-3.1362268924713135,3.1359207665509077,-0.011037648157365965,0
1780808649.3067198,FLY,spline,0,37,-5.785621252915105,-0.487925072743274,-0.6550192166499978,-5.794765472412109,-0.39179685711860657,-1.2375829219818115,0.009144219497004613,-0.09612821562466745,0.5825637053318137,0.09656215920013367,17.50505264167301,3.0,-2.2119916151571304,0.056208298190640604,0.023828539535822424,-3.9999589920043945,-0.5628122687339783,0.09885478764772415,-1.6856854112714046,-0.627018070062538,-0.07502624811190173,-0.08778252980875532,0.23599595757799666,0.015802592688929806,0.2764985606868129,-0.010793335713018017,-3.1367294788360596,3.1359207665509077,-0.01053506179261987,0
1780808649.3197525,FLY,spline,0,38,-5.947889082105365,-0.49045996519042856,-0.6749414761949553,-5.906210899353027,-0.407539039850235,-1.2349853515625,-0.04167818275233781,-0.08292092534019357,0.5600438753675447,0.09280598459588275,17.39365703973224,3.0,-2.231641769067436,0.06545148383836148,0.011441652502226753,-3.962529182434082,-0.5622982382774353,0.08645554631948471,-1.5916323601286162,-0.6422029356061847,-0.07501389381725795,-0.08990841098486586,0.2228285304180063,0.018437830150277,0.27662921403804985,-0.010778332934254566,-3.1369683742523193,3.1339250461604156,-0.012291886766851334,0
1780808649.3305435,FLY,spline,0,38,-5.947889082105365,-0.49045996519042856,-0.6749414761949553,-5.936210632324219,-0.4118066430091858,-1.2343603372573853,-0.011678449781146405,-0.07865332218124277,0.55941886106243,0.07951560399970017,17.363672251985335,3.0,-2.2550325773228583,0.0697838419744556,0.003753950495860264,-3.93704891204834,-0.5614445805549622,0.07859307527542114,-1.5266440860492634,-0.6439703318032313,-0.07483912477956088,-0.09015584645245238,0.2137301720468969,0.018087712466866357,0.27674989738106454,-0.010763365109298654,-3.1372017860412598,3.1339250461604156,-0.012058474977910905,0
1780808649.3410575,FLY,spline,0,39,-6.110383890867603,-0.49256822451840576,-0.6954076781008109,-5.982929706573486,-0.41847655177116394,-1.2334423065185547,-0.12745418429411703,-0.07409167274724182,0.5380346284177437,0.14742504897256478,17.316977894202903,3.0,-2.2680563119367703,0.07810443813654244,-0.006273101434340123,-3.9255435466766357,-0.5609337091445923,0.07518046349287033,-1.5196361302871049,-0.6566417844322353,-0.08145356492721045,-0.09192984982051296,0.2127490582401947,0.01970529255779585,0.2777838806407788,-0.010747074396313212,-3.1380527019500732,3.1319957435243153,-0.013136861705197234,0
1780808649.3517869,FLY,spline,0,39,-6.110383890867603,-0.49256822451840576,-0.6954076781008109,-6.037148475646973,-0.42624998092651367,-1.2324804067611694,-0.0732354152206307,-0.06631824359189209,0.5370727286603585,0.09880048317519366,17.262789763010094,3.0,-2.288769915819425,0.08207553525578964,-0.013339596889854088,-3.89799427986145,-0.5594436526298523,0.06728044152259827,-1.455362675739046,-0.6557574895371169,-0.08062003841245236,-0.09180604853519637,0.20375077460346647,0.01937126812847456,0.27786767604543416,-0.010730950388630721,-3.138275384902954,3.1319957435243153,-0.012914178752316374,0
1780808649.3626049,FLY,spline,0,39,-6.110383890867603,-0.49256822451840576,-0.6954076781008109,-6.064101219177246,-0.43012693524360657,-1.2320410013198853,-0.04628267169035727,-0.062441289274799194,0.5366333232190743,0.07772387216998747,17.23585308379976,3.0,-2.30985899375435,0.08265834087381752,-0.016822076137305464,-3.8707211017608643,-0.557597815990448,0.05964214354753494,-1.3957513568239994,-0.6474577678931325,-0.0764642196848404,-0.09064408750503855,0.19540518995535994,0.01937126812847456,0.2775505033911621,-0.010715657544693754,-3.138275384902954,3.1319957435243153,-0.012914178752316374,0
1780808649.3733165,FLY,spline,0,39,-6.110383890867603,-0.49256822451840576,-0.6954076781008109,-6.113163948059082,-0.4371972680091858,-1.2313036918640137,0.0027800571914786687,-0.05537095650921997,0.5358960137632027,0.05544070294227718,17.186821079744988,3.0,-2.319447890920557,0.08732115497629131,-0.023112348697980012,-3.857394218444824,-0.5565688610076904,0.05597975477576256,-1.395111004213403,-0.6528034515061494,-0.07909210347374257,-0.09139248321086092,0.19531554058987644,0.01840495762737593,0.278170576248092,-0.010699839123999005,-3.1389195919036865,3.1319957435243153,-0.012269971751583952,0
1780808649.3841941,FLY,spline,0,40,-6.273099253795537,-0.49426015940095713,-0.7163959695492264,-6.166406154632568,-0.44490233063697815,-1.2306103706359863,-0.10669309916296843,-0.049357828763978984,0.51421440108676,0.11755684867030626,17.133614207084566,3.0,-2.341989327667248,0.09353967503313211,-0.03195619614677793,-3.827604293823242,-0.5539970993995667,0.04803953692317009,-1.3232155643430483,-0.6575351985835891,-0.07999573306994802,-0.09205492780170249,0.1852501790080268,0.02084942650599242,0.278401436153282,-0.010683839977385015,-3.139153242111206,3.130132447397719,-0.013899617670661613,0
1780808649.3948095,FLY,spline,0,40,-6.273099253795537,-0.49426015940095713,-0.7163959695492264,-6.192890644073486,-0.4487402141094208,-1.2303026914596558,-0.08020860972205046,-0.04551994529153636,0.5139067219104294,0.09222519445839444,17.10714812434863,3.0,-2.3648034843843226,0.09388723404745988,-0.03548863662633894,-3.798821210861206,-0.5511610507965088,0.04056189954280853,-1.2587287251449872,-0.6485457532863789,-0.07605053616914748,-0.09079640546009304,0.17622202152029823,0.02049716305536986,0.2782454848519732,-0.010668629870151186,-3.139388084411621,3.130132447397719,-0.013664775370246574,0
1780808649.4059746,FLY,spline,0,40,-6.273099253795537,-0.49426015940095713,-0.7163959695492264,-6.239179611206055,-0.45545896887779236,-1.2298290729522705,-0.0339196425894821,-0.038801190523164775,0.5134331034030442,0.05153711807438538,17.060892601884248,3.0,-2.3747928320045997,0.09818004573151953,-0.04130432642545462,-3.785098075866699,-0.5496932864189148,0.037060484290122986,-1.259167915402888,-0.653686319129909,-0.0783648107155776,-0.09151608467818728,0.17628350815640434,0.0195340712050891,0.27885543501758725,-0.010652956908008071,-3.1400301456451416,3.130132447397719,-0.013022714136726066,0
1780808649.4166691,FLY,spline,0,40,-6.273099253795537,-0.49426015940095713,-0.7163959695492264,-6.239179611206055,-0.45545896887779236,-1.2298290729522705,-0.0339196425894821,-0.038801190523164775,0.5134331034030442,0.05153711807438538,17.060892601884248,3.0,-2.3747928320045997,0.09818004573151953,-0.04130432642545462,-3.785098075866699,-0.5496932864189148,0.037060484290122986,-1.3048122895113088,-0.6512811021000248,-0.0783648107155776,-0.09117935429400348,0.18267372053158326,0.0195340712050891,0.27887110797973036,-0.010637283945864957,-3.1400301456451416,3.130132447397719,-0.013022714136726066,0
1780808649.4274137,FLY,spline,0,41,-6.436028745482879,-0.4955460785118345,-0.7378844977218617,-6.291406154632568,-0.46305662393569946,-1.2293994426727295,-0.14462259085031093,-0.03248945457613506,0.4915149449508678,0.14822705030766545,17.00870566019543,3.0,-2.3978722706803985,0.10356901654601852,-0.04926036211985116,-3.753326892852783,-0.5460398197174072,0.029149994254112244,-1.2157922226270603,-0.6541728959568961,-0.0784103563739634,-0.09158420543396546,0.17021091116778847,0.021528934889257556,0.2791902023427508,-0.010621601874590164,-3.140497922897339,3.128334761022743,-0.014352623259505037,0
1780808649.438092,FLY,spline,0,41,-6.436028745482879,-0.4955460785118345,-0.7378844977218617,-6.364491939544678,-0.473701149225235,-1.2289745807647705,-0.07153680593820155,-0.021844929286599535,0.4910900830429088,0.07479783111412017,16.935678758800364,3.0,-2.421921791180211,0.10641820437407576,-0.05546541590282082,-3.707087993621826,-0.5400857925415039,0.01792694441974163,-1.1028511827765408,-0.6463986998928452,-0.07339236032256245,-0.09049581798499833,0.15439916558871572,0.020574783735693103,0.2792435576745403,-0.01060692340252565,-3.141134023666382,3.128334761022743,-0.013716522490462069,0
1780808649.4486868,FLY,spline,0,41,-6.436028745482879,-0.4955460785118345,-0.7378844977218617,-6.415624618530273,-0.48115232586860657,-1.2288085222244263,-0.02040412695260585,-0.014393752643227953,0.49092402450256456,0.024970152419488516,16.884589549498116,3.0,-2.446069679082476,0.1089885983369425,-0.06140448861960832,-3.673480987548828,-0.5353280901908875,0.009994115680456161,-1.030433352995596,-0.6417217444369592,-0.07139860430006448,-0.0898410442211743,0.14426066941938345,0.020251488142431384,0.27926006556690186,-0.010592643681665638,-3.1413495540618896,3.128334761022743,-0.013500992094954256,0
1780808649.4594626,FLY,spline,0,41,-6.436028745482879,-0.4955460785118345,-0.7378844977218617,-6.415624618530273,-0.48115232586860657,-1.2288085222244263,-0.02040412695260585,-0.014393752643227953,0.49092402450256456,0.024970152419488516,16.884589549498116,3.0,-2.460656182420164,0.11054124179256378,-0.06499197852169891,-3.673480987548828,-0.5353280901908875,0.009994115680456161,-1.0573457913466113,-0.6460609682012906,-0.07498609420215507,-0.09044853554818069,0.1480284107885256,0.019929980688512927,0.27972164891919893,-0.010577646462825207,-3.141563892364502,3.128334761022743,-0.013286653792341951,0
1780808649.4705257,FLY,spline,0,42,-6.599165940523351,-0.49643629052478966,-0.7598514098003781,-6.487070083618164,-0.49156248569488525,-1.2287548780441284,-0.11209585690518686,-0.0048738048299044046,0.4689034682437503,0.11220176072071297,16.81320799938879,3.0,-2.484495962964201,0.11431063198411287,-0.07150784847098442,-3.62481689453125,-0.5278213620185852,-0.001087512937374413,-0.9441003266212218,-0.63834668946245,-0.07042033553361,-0.08936853652474301,0.13217404572697106,0.0216212717294908,0.27980700046554974,-0.010563562395718484,3.1410164833068848,3.126602302153891,-0.014414181152993866,0
1780808649.481066,FLY,spline,0,42,-6.599165940523351,-0.49643629052478966,-0.7598514098003781,-6.537031173706055,-0.49882811307907104,-1.2288525104522705,-0.06213476681729624,0.0023918225542813865,0.4690011006518924,0.062180785316454046,16.7632935642453,3.0,-2.508697821195986,0.11689031049561092,-0.07721883060244862,-3.5896151065826416,-0.5219628214836121,-0.008927550166845322,-0.8720381603114614,-0.6325745752615606,-0.0682912804356033,-0.08856044053661849,0.12208534244360461,0.021304771065733474,0.2798013140793978,-0.010549904139631364,3.14080548286438,3.126602302153891,-0.014203180710488983,0
1780808649.491821,FLY,spline,0,42,-6.599165940523351,-0.49643629052478966,-0.7598514098003781,-6.537031173706055,-0.49882811307907104,-1.2288525104522705,-0.06213476681729624,0.0023918225542813865,0.4690011006518924,0.062180785316454046,16.7632935642453,3.0,-2.525653162650872,0.11869758205250475,-0.08121983131711924,-3.5896151065826416,-0.5219628214836121,-0.008927550166845322,-0.8971099136718997,-0.638851206243049,-0.07229228115027392,-0.08943916887402688,0.12559538791406596,0.02098505175115828,0.28028381944535286,-0.010535445683401309,3.140592336654663,3.126602302153891,-0.013990034500772186,0
1780808649.5022922,FLY,spline,0,42,-6.599165940523351,-0.49643629052478966,-0.7598514098003781,-6.537031173706055,-0.49882811307907104,-1.2288525104522705,-0.06213476681729624,0.0023918225542813865,0.4690011006518924,0.062180785316454046,16.7632935642453,3.0,-2.525653162650872,0.11869758205250475,-0.08121983131711924,-3.5896151065826416,-0.5219628214836121,-0.008927550166845322,-0.9468356621311772,-0.639916568361184,-0.07229228115027392,-0.08958831957056577,0.13255699269836482,0.020662829041502517,0.2804445335402345,-0.010520987227171253,3.1403775215148926,3.126602302153891,-0.013775219361001678,0
1780808649.513312,FLY,spline,0,42,-6.599165940523351,-0.49643629052478966,-0.7598514098003781,-6.604843616485596,-0.5086621046066284,-1.2291553020477295,0.005677675962244777,0.01222581408183876,0.46930389224735136,0.013479856612588246,16.695547090730187,3.0,-2.550078905775937,0.12042441546978551,-0.0862597836122613,-3.5403873920440674,-0.5131725072860718,-0.01961895450949669,-0.819482314922933,-0.6251041293993024,-0.06664082910276461,-0.08751457811590234,0.11472752408921064,0.02008955156805281,0.2802552030474167,-0.0105076590613507,3.1399953365325928,3.126602302153891,-0.013393034378701874,0
1780808649.5240223,FLY,spline,0,43,-6.762504413510664,-0.4969411041135741,-0.7822748529664358,-6.653632640838623,-0.5157226324081421,-1.2295068502426147,-0.10887177267204073,0.018781528294567973,0.4472319972761789,0.1104799017461193,16.64680724745348,3.0,-2.5742344151278207,0.12343396193157652,-0.09195662467072314,-3.5039126873016357,-0.5062371492385864,-0.02744690328836441,-0.7367814811506946,-0.6196002464412083,-0.06450972138235873,-0.08674403450176917,0.10314940736109726,0.021931842018057868,0.28038508443864446,-0.010494757117074227,3.1395559310913086,3.12493470307927,-0.014621228012038578,0
1780808649.534725,FLY,spline,0,43,-6.762504413510664,-0.4969411041135741,-0.7822748529664358,-6.721562385559082,-0.5254980325698853,-1.230190396308899,-0.04094202795158175,0.028556928456311137,0.4479155433424631,0.049917409945298384,16.578947997455145,3.0,-2.598666482265032,0.1253198301572199,-0.09690814932867454,-3.4516589641571045,-0.49568384885787964,-0.03844432905316353,-0.6254666538564396,-0.603910866693172,-0.058463820275511016,-0.08454752133704409,0.08756533153990155,0.021611407447745368,0.2800630577409766,-0.010483064353019125,3.1393423080444336,3.12493470307927,-0.014407604965163578,0
1780808649.5453317,FLY,spline,0,43,-6.762504413510664,-0.4969411041135741,-0.7822748529664358,-6.74539041519165,-0.5289160013198853,-1.2304834127426147,-0.01711399831901339,0.03197489720631114,0.4482085597761789,0.036266830435224925,16.555145279985386,3.0,-2.6231432468830187,0.127012498069394,-0.10170636453589268,-3.4329118728637695,-0.49173060059547424,-0.042302343994379044,-0.597848958521873,-0.6047972720901081,-0.05940402054151364,-0.08467161809261514,0.08369885419306224,0.02068229024498658,0.2805538730408111,-0.010471183548910822,3.1387228965759277,3.12493470307927,-0.013788193496657719,0
1780808649.5557911,FLY,spline,0,43,-6.762504413510664,-0.4969411041135741,-0.7822748529664358,-6.74539041519165,-0.5289160013198853,-1.2304834127426147,-0.01711399831901339,0.03197489720631114,0.4482085597761789,0.036266830435224925,16.555145279985386,3.0,-2.6476200115010053,0.1287051659815681,-0.10650457974311084,-3.4329118728637695,-0.49173060059547424,-0.042302343994379044,-0.6068898338442382,-0.6133872417198079,-0.0642022357487318,-0.08587421384077311,0.08496457673819335,0.020335033584525153,0.2810820542652099,-0.010458343101761075,3.13849139213562,3.12493470307927,-0.013556689056350102,0
1780808649.5661836,FLY,spline,0,43,-6.762504413510664,-0.4969411041135741,-0.7822748529664358,-6.769101619720459,-0.5323047041893005,-1.2308056354522705,0.006597206209795203,0.03536360007572642,0.44853078248583467,0.03597370345252874,16.53145945827573,3.0,-2.6625621226836222,0.12941769612978846,-0.10915004078531482,-3.4140703678131104,-0.48766863346099854,-0.04610718786716461,-0.5853867788525564,-0.6087713239293531,-0.0630428529181502,-0.08522798535010943,0.08195414903935791,0.01997883622734742,0.28112703825112156,-0.010445734531177446,3.138253927230835,3.12493470307927,-0.013319224151564946,0
1780808649.576976,FLY,spline,0,44,-6.92603773903854,-0.49707082795194,-0.8051329744016968,-6.857265472412109,-0.5447949171066284,-1.2322460412979126,-0.06877226662643032,0.0477240891546884,0.42711306689621575,0.08370909952078967,16.44339201127725,3.0,-2.687024803377326,0.1314924519686452,-0.11386943073392312,-3.3423194885253906,-0.47137677669525146,-0.060420405119657516,-0.42265566592145565,-0.5803132242155994,-0.05344902561426561,-0.08124385139018392,0.059171793229003795,0.021390699925616374,0.2806986880176663,-0.010435044726054592,3.137592077255249,3.1233316106381714,-0.014260466617077583,0
1780808649.5879867,FLY,spline,0,44,-6.92603773903854,-0.49707082795194,-0.8051329744016968,-6.880351543426514,-0.5480371117591858,-1.232690453529358,-0.045686195612026026,0.05096628380724577,0.42755747912766107,0.06844552983665937,16.420331627771567,3.0,-2.71155862234595,0.13320062319843184,-0.1183609647552252,-3.3230879306793213,-0.466793417930603,-0.06425605714321136,-0.39532967227686905,-0.5812462160563846,-0.054104907612013836,-0.08137447024789385,0.05534615411876167,0.021042728009417644,0.2808789484669812,-0.01042422374453219,3.137360095977783,3.1233316106381714,-0.014028485339611763,0
1780808649.598483,FLY,spline,0,44,-6.92603773903854,-0.49707082795194,-0.8051329744016968,-6.880351543426514,-0.5480371117591858,-1.232690453529358,-0.045686195612026026,0.05096628380724577,0.42755747912766107,0.06844552983665937,16.420331627771567,3.0,-2.7341006665880925,0.1347701167813204,-0.12248785420332803,-3.3230879306793213,-0.466793417930603,-0.06425605714321136,-0.40968147018094614,-0.5909840419391925,-0.05823179706011666,-0.08273776587148696,0.05735540582533247,0.020692610326007,0.2813320569843057,-0.010412577385120166,3.1371266841888428,3.1233316106381714,-0.013795073550671333,0
1780808649.6091712,FLY,spline,0,44,-6.92603773903854,-0.49707082795194,-0.8051329744016968,-6.903281211853027,-0.5512499809265137,-1.2331640720367432,-0.022756527185512354,0.05417915297457365,0.4280310976350463,0.0587642761087654,16.39742761443513,3.0,-2.7589808025382387,0.13342196445492455,-0.1245277856744996,-3.2862236499786377,-0.45774802565574646,-0.07148183882236481,-0.3266836387395904,-0.5716145671259353,-0.05304594685213479,-0.08002603939763095,0.04573570942354266,0.02004280048866569,0.281114505277395,-0.010401968195749739,3.1366934776306152,3.1233316106381714,-0.013361866992443794,0
1780808649.6200392,FLY,spline,0,45,-7.089759491700692,-0.4968357707136384,-0.8284039212878209,-6.989648342132568,-0.5631933212280273,-1.235205054283142,-0.10011114956812328,0.06635755051438896,0.40680113299532117,0.12010648099965644,16.311157935037723,3.0,-2.783258851863675,0.1364185810441418,-0.1296849757979007,-3.229684352874756,-0.44322261214256287,-0.08247005194425583,-0.20817474493229965,-0.5520704613830699,-0.04721492385364487,-0.0772898645936298,0.029144464290521952,0.02198676429455193,0.2807535477577208,-0.01039252521097901,3.1364505290985107,3.121792686235476,-0.01465784286303462,0
1780808649.6307182,FLY,spline,0,45,-7.089759491700692,-0.4968357707136384,-0.8284039212878209,-6.989648342132568,-0.5631933212280273,-1.235205054283142,-0.10011114956812328,0.06635755051438896,0.40680113299532117,0.12010648099965644,16.311157935037723,3.0,-2.8075369011891116,0.1394151976333591,-0.13484216592130177,-3.229684352874756,-0.44322261214256287,-0.08247005194425583,-0.22517074334410114,-0.5674008089738656,-0.05237211397704594,-0.07943611325634119,0.031523904068174166,0.021620910984920583,0.2812708922218505,-0.0103820507881836,3.13620662689209,3.121792686235476,-0.014413940656613722,0
1780808649.6415277,FLY,spline,0,45,-7.089759491700692,-0.4968357707136384,-0.8284039212878209,-7.011952877044678,-0.5662304759025574,-1.235805630683899,-0.0778066146560139,0.06939470518891899,0.407401709396078,0.1042568673636726,16.288878560939537,3.0,-2.832429001143594,0.13792539553839972,-0.1366208872524603,-3.1895241737365723,-0.4324282705783844,-0.0901760384440422,-0.13991918867456207,-0.5449675312019155,-0.04644484880841809,-0.07629545436826818,0.019588686414438693,0.020426433903621755,0.2810639007587618,-0.010372761818421916,3.1354103088378906,3.121792686235476,-0.013617622602414503,0
1780808649.6522987,FLY,spline,0,45,-7.089759491700692,-0.4968357707136384,-0.8284039212878209,-7.102187156677246,-0.5783593654632568,-1.2385400533676147,0.012427664976554453,0.08152359474961846,0.4101361320797938,0.08246540703634159,16.198746303626713,3.0,-2.8570126180234534,0.1395787003298643,-0.14085318738014665,-3.1297082901000977,-0.41560208797454834,-0.10147375613451004,-0.018400898478200835,-0.51871985089695,-0.039379431245636615,-0.07262077912557302,0.002576125786948117,0.02001516185467156,0.28057753979916716,-0.01036488593217279,3.135136127471924,3.121792686235476,-0.013343441236447706,0
1780808649.6635444,FLY,spline,0,46,-7.253663246090837,-0.4962462410724214,-0.8520658408064694,-7.126210689544678,-0.5815234184265137,-1.239355444908142,-0.12745255654615928,0.08527717735409229,0.3872896041016727,0.15335041945698497,16.174749639427812,3.0,-2.8815214345457028,0.14196137368677403,-0.14517068438107186,-3.1079177856445312,-0.4092519283294678,-0.10557001084089279,0.008500285306460905,-0.5207919142458866,-0.03960067354017907,-0.07291086799442413,-0.0011900399429045268,0.021327633082447894,0.2807437061844138,-0.010356965797464753,3.134536027908325,3.12031760585336,-0.014218422054965263,0
1780808649.674426,FLY,spline,0,46,-7.253663246090837,-0.4962462410724214,-0.8520658408064694,-7.168984413146973,-0.5870898365974426,-1.2408934831619263,-0.08467883294386436,0.09084359552502125,0.38882764235545686,0.12418962757271056,16.132023469668574,3.0,-2.906208774572198,0.14334417662492704,-0.14886163255876975,-3.0687921047210693,-0.3975338637828827,-0.1127820834517479,0.07972596729965363,-0.5066184806513969,-0.03607954910702185,-0.07092658729119558,-0.01116163542195151,0.020435351550160297,0.2805754271423671,-0.01034974988764335,3.133941173553467,3.12031760585336,-0.013623567700106864,0
1780808649.6851654,FLY,spline,0,46,-7.253663246090837,-0.4962462410724214,-0.8520658408064694,-7.168984413146973,-0.5870898365974426,-1.2408934831619263,-0.08467883294386436,0.09084359552502125,0.38882764235545686,0.12418962757271056,16.132023469668574,3.0,-2.930896114598693,0.1447269795630801,-0.1525525807364676,-3.0687921047210693,-0.3975338637828827,-0.1127820834517479,0.06276975487342966,-0.5198720432265465,-0.03977049728471971,-0.07278208605171652,-0.008787765682280154,0.019974369227467426,0.28092103525885437,-0.010341795788186406,3.133633852005005,3.12031760585336,-0.01331624615164495,0
1780808649.6959224,FLY,spline,0,46,-7.253663246090837,-0.4962462410724214,-0.8520658408064694,-7.21121072769165,-0.592480480670929,-1.242529273033142,-0.04245251839918662,0.09623423959850758,0.3904634322266727,0.10518196228220998,16.089843308937475,3.0,-2.95579620565609,0.14417750334611082,-0.15471672981181442,-3.008646249771118,-0.37874650955200195,-0.12370114773511887,0.19062263534067866,-0.48288400931006664,-0.031015582076695553,-0.06760376130340934,-0.026687168947695017,0.019974369227467426,0.2802268451586277,-0.010335592671771067,3.133633852005005,3.12031760585336,-0.01331624615164495,0
1780808649.7066503,FLY,spline,0,46,-7.253663246090837,-0.4962462410724214,-0.8520658408064694,-7.21121072769165,-0.592480480670929,-1.242529273033142,-0.04245251839918662,0.09623423959850758,0.3904634322266727,0.10518196228220998,16.089843308937475,3.0,-2.9806962967134867,0.14362802712914158,-0.1568808788871612,-3.008646249771118,-0.37874650955200195,-0.12370114773511887,0.17409549694402304,-0.4931973599776896,-0.03317973115204234,-0.06904763039687654,-0.02437336957216323,0.018463749110279926,0.2805001988575436,-0.010328956725540659,3.13262677192688,3.12031760585336,-0.01230916607351995,0
1780808649.7179046,FLY,spline,0,47,-7.4177425768026914,-0.4953125477020406,-0.876096880139303,-7.297460556030273,-0.6031640768051147,-1.2462645769119263,-0.12028202077241801,0.10785152910307416,0.3701676967726233,0.16155406788740312,16.003684457317345,3.0,-3.003564351599316,0.15080563459065194,-0.1639896071044423,-2.948960542678833,-0.35913562774658203,-0.1341928392648697,0.29640612028277374,-0.4729429983553372,-0.029796767839572608,-0.06621201976974722,-0.04149685683958833,0.02009540915360808,0.28025521631264333,-0.010322997371972745,3.13230299949646,3.1189060600607212,-0.01339693943573872,0
1780808649.728451,FLY,spline,0,47,-7.4177425768026914,-0.4953125477020406,-0.876096880139303,-7.297460556030273,-0.6031640768051147,-1.2462645769119263,-0.12028202077241801,0.10785152910307416,0.3701676967726233,0.16155406788740312,16.003684457317345,3.0,-3.0085252654190198,0.15236271901370363,-0.165531749111259,-2.948960542678833,-0.35913562774658203,-0.1341928392648697,0.23639115325456692,-0.4871301740982862,-0.03133890984638932,-0.06819822437376007,-0.033094761455639374,0.019602955578473802,0.2803990348233169,-0.010316729590003466,3.131974697113037,3.1189060600607212,-0.013068637052315868,0
1780808649.739073,FLY,spline,0,47,-7.4177425768026914,-0.4953125477020406,-0.876096880139303,-7.317812442779541,-0.6056151986122131,-1.247216820716858,-0.09993013402315043,0.11030265091017255,0.37111994057755493,0.14883785299343777,15.983353365756074,3.0,-3.0081925376485437,0.1546855020728923,-0.16729819965213655,-2.9123599529266357,-0.34660762548446655,-0.1403585970401764,0.26483095819984714,-0.47079487743223564,-0.026939602611960156,-0.065911282840513,-0.037076334147978604,0.018191756008771653,0.280067271544213,-0.010311341669481075,3.1310338973999023,3.1189060600607212,-0.012127837339181102,0
1780808649.7499259,FLY,spline,0,47,-7.4177425768026914,-0.4953125477020406,-0.876096880139303,-7.354453086853027,-0.6099511384963989,-1.2490038871765137,-0.0632894899496641,0.11463859079435834,0.3729070070372107,0.13094871529497712,15.946749265837449,3.0,-3.007603858850651,0.15880601180236514,-0.17042192958294716,-2.8950343132019043,-0.3405396342277527,-0.14322839677333832,0.25265457045694234,-0.47487281888284444,-0.027193532809608845,-0.06648219464359822,-0.03537163986397193,0.017677487133649583,0.28009018466838426,-0.010305902962919153,3.1306910514831543,3.1189060600607212,-0.011784991422433055,0
1780808649.7606282,FLY,spline,0,47,-7.4177425768026914,-0.4953125477020406,-0.876096880139303,-7.394257545471191,-0.6145312190055847,-1.2510595321655273,-0.02348503133150004,0.11921867130354413,0.37496265202622436,0.12150982793183453,15.906982775468181,3.0,-3.00698078389841,0.16317848435921897,-0.17372657351790094,-2.857088327407837,-0.32694366574287415,-0.1495790034532547,0.2943027959277745,-0.46055085973054766,-0.02414757006464624,-0.06447712036227668,-0.04120239142988843,0.017161787747052903,0.27984829332483174,-0.010301073448906224,3.13034725189209,3.1189060600607212,-0.011441191831368602,0
1780808649.7715447,FLY,spline,0,48,-7.581991058429975,-0.4940449992762478,-0.9004751864679821,-7.449179649353027,-0.6206445097923279,-1.2540819644927979,-0.13281140907694766,0.1265995105160801,0.35360677802481577,0.18348380430957772,15.852110316203074,3.0,-3.0060754243967676,0.1709900661112297,-0.1785846801023358,-2.8044960498809814,-0.30735769867897034,-0.15820643305778503,0.36646266467116256,-0.44137850559046166,-0.020378247044550768,-0.06179299078266464,-0.05130477305396276,0.01775874212258488,0.2795440056157331,-0.010296997799497314,3.129396915435791,3.1175577540207344,-0.011839161415056587,0
1780808649.782702,FLY,spline,0,48,-7.581991058429975,-0.4940449992762478,-0.9004751864679821,-7.449179649353027,-0.6206445097923279,-1.2540819644927979,-0.13281140907694766,0.1265995105160801,0.35360677802481577,0.18348380430957772,15.852110316203074,3.0,-3.0060754243967676,0.1709900661112297,-0.1785846801023358,-2.8044960498809814,-0.30735769867897034,-0.15820643305778503,0.31889263887667496,-0.4516156780346378,-0.020378247044550768,-0.0632261949248493,-0.0446449694427345,0.01726271226876408,0.2795458153371777,-0.010292922150088405,3.129066228866577,3.1175577540207344,-0.01150847484584272,0
1780808649.7934754,FLY,spline,0,48,-7.581991058429975,-0.4940449992762478,-0.9004751864679821,-7.487734317779541,-0.624755859375,-1.2563378810882568,-0.09425674065043399,0.1307108600987522,0.35586269462027476,0.1611510536912457,15.813587898337998,3.0,-3.0054995425429,0.17500677069766277,-0.18159668677651242,-2.767359972000122,-0.29301199316978455,-0.16411800682544708,0.3657751592157062,-0.4350174825756765,-0.017478679951065335,-0.060902447560594715,-0.05120852229019887,0.016772404460841717,0.27931398112010236,-0.010289426414098192,3.128739356994629,3.1175577540207344,-0.011181602973894478,0
1780808649.8041215,FLY,spline,0,48,-7.581991058429975,-0.4940449992762478,-0.9004751864679821,-7.5068359375,-0.6267382502555847,-1.2574950456619263,-0.075155120929975,0.13269325097933693,0.3570198591939442,0.1524984952629516,15.794501461338774,3.0,-3.0052201489890904,0.17695332206221642,-0.18305831513410992,-2.732415199279785,-0.27910640835762024,-0.16944986581802368,0.40533956256659315,-0.4165668711123072,-0.013608449316086235,-0.058319361955723015,-0.05674753875932305,0.016279235629970135,0.2789994925488924,-0.010286704724234975,3.128410577774048,3.1175577540207344,-0.010852823753313423,0
1780808649.814837,FLY,spline,0,48,-7.581991058429975,-0.4940449992762478,-0.9004751864679821,-7.540937423706055,-0.6301855444908142,-1.2596288919448853,-0.04105363472392032,0.13614054521456642,0.3591537054769032,0.14219581208799534,15.760425658805456,3.0,-3.0047315162447576,0.18035523787648833,-0.1856149292392168,-2.715970993041992,-0.2724221646785736,-0.1719217300415039,0.40290533287685165,-0.41913607662363006,-0.01369319919771289,-0.05867905072730822,-0.05640674660275924,0.014398828296596111,0.2789590891545771,-0.010283966084395432,3.127156972885132,3.1175577540207344,-0.009599218864397407,0
1780808649.8256369,FLY,spline,0,48,-7.581991058429975,-0.4940449992762478,-0.9004751864679821,-7.578280925750732,-0.6338085532188416,-1.2620702981948853,-0.0037101326792425837,0.13976355394259377,0.3615951117269032,0.1398127894549061,15.723107815779635,3.0,-3.004212271394104,0.1839593386108086,-0.18833336398491396,-2.679753065109253,-0.2573947608470917,-0.17713114619255066,0.4487797863108338,-0.40170148311698767,-0.0112022177923633,-0.05623820763637828,-0.06282917008351674,0.014398828296596111,0.27876205108570756,-0.010281725640836958,3.127156972885132,3.1175577540207344,-0.009599218864397407,0
1780808649.836163,FLY,spline,0,48,-7.581991058429975,-0.4940449992762478,-0.9004751864679821,-7.578280925750732,-0.6338085532188416,-1.2620702981948853,-0.0037101326792425837,0.13976355394259377,0.3615951117269032,0.1398127894549061,15.723107815779635,3.0,-3.004212271394104,0.1839593386108086,-0.18833336398491396,-2.679753065109253,-0.2573947608470917,-0.17713114619255066,0.41352292387463546,-0.4120397876536045,-0.0112022177923633,-0.05768557027150464,-0.05789320934244897,0.013896003513270916,0.27874310908494787,-0.010279485197278485,3.126821756362915,3.1175577540207344,-0.00926400234218061,0
1780808649.8466067,FLY,spline,0,49,-7.7464022655664,-0.49245390446879456,-0.9251789069741683,-7.629140377044678,-0.6384863257408142,-1.2655614614486694,-0.11726188852172204,0.14603242127201965,0.34038255447450116,0.18728539334996036,15.67227915779938,3.0,-3.003434022140355,0.19051409387944016,-0.192142782512428,-2.6303229331970215,-0.23615002632141113,-0.1838860809803009,0.49564845589301554,-0.38503069986328897,-0.008256701532127098,-0.05390429798086046,-0.06939078382502219,0.014443937353856295,0.2784399710701118,-0.01027783385697206,3.125901699066162,3.1162724074969246,-0.00962929156923753,0
1780808649.8576682,FLY,spline,0,49,-7.7464022655664,-0.49245390446879456,-0.9251789069741683,-7.665273189544678,-0.6416015625,-1.268164038658142,-0.08112907602172204,0.14914765803120544,0.3429851316839738,0.16978501368593094,15.636164699363777,3.0,-3.0029605473015186,0.19372636204194751,-0.1945993026115997,-2.5951056480407715,-0.22049258649349213,-0.18857909739017487,0.5369984869113786,-0.366998896609502,-0.006020205221424824,-0.05137984552533029,-0.07517978816759302,0.013956490568883151,0.2782348356007146,-0.010276629815927774,3.1255767345428467,3.1162724074969246,-0.0093043270459221,0
1780808649.8683977,FLY,spline,0,49,-7.7464022655664,-0.49245390446879456,-0.9251789069741683,-7.715077877044678,-0.6455956697463989,-1.2719188928604126,-0.031324388521722035,0.15314176527760437,0.34673998588624433,0.1563125637580059,15.586380087475659,3.0,-3.0023346881258037,0.19791486675085534,-0.1978555752541959,-2.546520948410034,-0.19812747836112976,-0.19498573243618011,0.6053865535540457,-0.33697570389638,-0.0028698428180157776,-0.0471765985454932,-0.08475411749756641,0.012616816572911471,0.27790149409963966,-0.010276055847364171,3.1246836185455322,3.1162724074969246,-0.008411211048607647,0
1780808649.87909,FLY,spline,0,49,-7.7464022655664,-0.49245390446879456,-0.9251789069741683,-7.732656002044678,-0.6469140648841858,-1.2732861042022705,-0.013746263521722035,0.15446016041539123,0.34810719722810224,0.15507063202411028,15.568807501321714,3.0,-3.002120822115915,0.199320308636804,-0.19897239444550274,-2.52937912940979,-0.19002488255500793,-0.19717642664909363,0.5996008490013587,-0.3368100303601887,-0.0017959677964091147,-0.04715340425042642,-0.08394411886019022,0.01212829690433237,0.27777967411075544,-0.01027569665380489,3.1243579387664795,3.1162724074969246,-0.008085531269554913,0
1780808649.8899136,FLY,spline,0,49,-7.7464022655664,-0.49245390446879456,-0.9251789069741683,-7.732656002044678,-0.6469140648841858,-1.2732861042022705,-0.013746263521722035,0.15446016041539123,0.34810719722810224,0.15507063202411028,15.568807501321714,3.0,-3.002120822115915,0.199320308636804,-0.19897239444550274,-2.52937912940979,-0.19002488255500793,-0.19717642664909363,0.5636519293723334,-0.3499208281802118,-0.0017959677964091147,-0.04898891594522966,-0.07891127011212669,0.011627260260350436,0.2777365957466464,-0.010275337460245608,3.124023914337158,3.1162724074969246,-0.007751506840233624,0
1780808649.900639,FLY,spline,0,49,-7.7464022655664,-0.49245390446879456,-0.9251789069741683,-7.75011682510376,-0.6481738090515137,-1.2746728658676147,0.003714559537359996,0.15571990458271912,0.3494939588934465,0.15576420203566588,15.551351225565874,3.0,-3.001912936061415,0.20067660459357206,-0.20005954847013746,-2.5123605728149414,-0.18186645209789276,-0.19926057755947113,0.5752411951885774,-0.34342997736842124,-0.0007989709106663301,-0.04808019683157898,-0.08053376732640084,0.011114779524571627,0.27760745946226345,-0.010275177666063475,3.1236822605133057,3.1162724074969246,-0.007409853016381085,0
1780808649.9112713,FLY,spline,0,50,-7.910969772805687,-0.49054957195343274,-0.9501861888395218,-7.815507411956787,-0.6524609327316284,-1.2800633907318115,-0.09546236084889959,0.16191136077819568,0.32987720189228975,0.1879583759450282,15.485970046214517,3.0,-3.0010557663348627,0.20717696552074502,-0.20400888280909846,-2.4487898349761963,-0.15032342076301575,-0.2067795842885971,0.6888073499834985,-0.29430474632401077,0.0027707014794986495,-0.041202664485361515,-0.0964330289976898,0.011523253798342958,0.27717528239686023,-0.010275731806359375,3.122731924057007,3.1150497548581115,-0.007682169198895306,0
1780808649.9220626,FLY,spline,0,50,-7.910969772805687,-0.49054957195343274,-0.9501861888395218,-7.832382678985596,-0.6534472703933716,-1.2815136909484863,-0.07858709382009099,0.16289769843993884,0.33132750210896456,0.18086346085408472,15.469094944669626,3.0,-3.000870255725332,0.2083195294829057,-0.20497881713197375,-2.432401418685913,-0.14191198348999023,-0.20871424674987793,0.6852729871848857,-0.2932336282688711,0.0037354296179041846,-0.04105270795764196,-0.09593821820588401,0.011030442595340029,0.27704681616784566,-0.010276478892282956,3.122403383255005,3.1150497548581115,-0.0073536283968933525,0
1780808649.933041,FLY,spline,0,50,-7.910969772805687,-0.49054957195343274,-0.9501861888395218,-7.832382678985596,-0.6534472703933716,-1.2815136909484863,-0.07858709382009099,0.16289769843993884,0.33132750210896456,0.18086346085408472,15.469094944669626,3.0,-3.000870255725332,0.2083195294829057,-0.20497881713197375,-2.432401418685913,-0.14191198348999023,-0.20871424674987793,0.6523184374353586,-0.3068245150210795,0.0037354296179041846,-0.042955432102951135,-0.0913245812409502,0.010531909346438662,0.2769915903425822,-0.010277225978206538,3.1220710277557373,3.1150497548581115,-0.007021272897625774,0
1780808649.944123,FLY,spline,0,50,-7.910969772805687,-0.49054957195343274,-0.9501861888395218,-7.879257678985596,-0.6559081673622131,-1.2856494188308716,-0.03171209382009099,0.1653585954087804,0.3354632299913498,0.16837197501371476,15.42221538665982,3.0,-3.0003740945323045,0.21127066692822746,-0.2075903543817666,-2.3871169090270996,-0.11802972853183746,-0.21372707188129425,0.7269627235509928,-0.26809028905755533,0.006136717499527655,-0.03753264046805775,-0.101774781297139,0.009615309119082704,0.27669042512754044,-0.010278453321706443,3.1214599609375,3.1150497548581115,-0.00641020607938847,0
1780808649.954755,FLY,spline,0,50,-7.910969772805687,-0.49054957195343274,-0.9501861888395218,-7.895741939544678,-0.6566699147224426,-1.2871434688568115,-0.01522783326100896,0.1661203427690099,0.33695728001728975,0.16681683124768443,15.405727618476943,3.0,-3.0002067039625926,0.2122257350140525,-0.20847814317471597,-2.3712639808654785,-0.10944437980651855,-0.21545760333538055,0.729056831251232,-0.26500139788760924,0.006979460160664586,-0.037100195704265294,-0.10206795637517249,0.00910032498822333,0.2765577955966031,-0.010279849213738576,3.1211166381835938,3.1150497548581115,-0.00606688332548222,0
1780808649.9653265,FLY,spline,0,50,-7.910969772805687,-0.49054957195343274,-0.9501861888395218,-7.928359031677246,-0.6580175757408142,-1.2901709079742432,0.0173892588715594,0.16746800378738147,0.3399847191347214,0.1683684014791152,15.373100487800142,3.0,-2.9998876723946624,0.21398815825336678,-0.21017979007713822,-2.326112747192383,-0.08430016040802002,-0.22035974264144897,0.7986700091492401,-0.2241212564968446,0.010179952564310757,-0.03137697590955825,-0.11181380128089363,0.008069641470767275,0.2761701122434524,-0.010281885204251438,3.120429515838623,3.1150497548581115,-0.0053797609805115165,0
1780808649.9761462,FLY,spline,0,50,-7.910969772805687,-0.49054957195343274,-0.9501861888395218,-7.928359031677246,-0.6580175757408142,-1.2901709079742432,0.0173892588715594,0.16746800378738147,0.3399847191347214,0.1683684014791152,15.373100487800142,3.0,-2.9998876723946624,0.21398815825336678,-0.21017979007713822,-2.326112747192383,-0.08430016040802002,-0.22035974264144897,0.7632831109661885,-0.24133753406126865,0.010179952564310757,-0.033787254768577614,-0.1068596355352664,0.00662232148633124,0.2759762617968024,-0.0102839211947643,3.119464635848999,3.1150497548581115,-0.004414880990887493,0
1780808649.9865572,FLY,spline,0,51,-8.075687154741548,-0.48834231040391407,-0.9754751792457037,-7.973280906677246,-0.6594921946525574,-1.2944872379302979,-0.10240624806430176,0.1711498842486433,0.31901205868459415,0.19944754328126307,15.328157533572515,3.0,-2.999361808957647,0.2177626582339159,-0.2122287354161983,-2.2972006797790527,-0.06763680279254913,-0.22348403930664062,0.8002456404916714,-0.22392128881443307,0.011255303890442325,-0.03134898043402063,-0.112034389668834,0.007843718112226838,0.2758152591675567,-0.010286172255542389,3.1191186904907227,3.1138895450825714,-0.005229145408151226,0
1780808649.9973164,FLY,spline,0,51,-8.075687154741548,-0.48834231040391407,-0.9754751792457037,-7.989140510559082,-0.6599023342132568,-1.2960498332977295,-0.08654664418246583,0.17156002380934277,0.3205746540520258,0.19215400955667983,15.3122884110197,3.0,-2.999221272549441,0.21843845379819363,-0.2129889915943497,-2.2821977138519287,-0.05881231278181076,-0.2250695377588272,0.8049773756434373,-0.21895203677881434,0.012080546164477513,-0.03065328514903401,-0.11269683259008123,0.007843718112226838,0.275746823676401,-0.010288588364775284,3.1191186904907227,3.1138895450825714,-0.005229145408151226,0
1780808650.0082066,FLY,spline,0,51,-8.075687154741548,-0.48834231040391407,-0.9754751792457037,-8.0048828125,-0.6602538824081421,-1.2976220846176147,-0.07080434224154786,0.17191157200422802,0.32214690537191104,0.1859216057084897,15.296535594785196,3.0,-2.9990856245189588,0.2190649113597532,-0.2137272707298774,-2.2553138732910156,-0.04266912862658501,-0.22778229415416718,0.8386462570334969,-0.19538145252911676,0.01405502342428977,-0.02735340335407635,-0.11741047598468958,0.006493672908064241,0.2753875522564126,-0.010291399369460143,3.1182186603546143,3.1138895450825714,-0.004329115272042827,0
1780808650.0192368,FLY,spline,0,51,-8.075687154741548,-0.48834231040391407,-0.9754751792457037,-8.045976638793945,-0.660888671875,-1.3018261194229126,-0.029710515947602545,0.17254636147108593,0.3263509401772089,0.1750855836863315,15.255408934658353,3.0,-2.9987501024481635,0.22047441999143952,-0.21557760206251397,-2.2289528846740723,-0.026419708505272865,-0.2303994745016098,0.8684948999361268,-0.17578031150548765,0.014821872439095829,-0.024609243610768272,-0.12158928599105777,0.00598691421818387,0.2752458955960415,-0.010294363743947961,3.1178808212280273,3.1138895450825714,-0.003991276145455913,0
1780808650.0302873,FLY,spline,0,51,-8.075687154741548,-0.48834231040391407,-0.9754751792457037,-8.076640129089355,-0.6610644459724426,-1.3050585985183716,0.0009529743478076114,0.17272213556852856,0.3295834192726679,0.17272476451123256,15.224715316710572,3.0,-2.9985181014196445,0.22128836357795467,-0.2168848265549228,-2.1865341663360596,0.0006442028097808361,-0.23456662893295288,0.9320809960170623,-0.13105442059785438,0.017681802378030076,-0.018347618883699617,-0.13049133944238872,0.00497375446629178,0.2748571092335608,-0.010297900104423567,3.1172053813934326,3.1138895450825714,-0.0033158363108611866,0
1780808650.040839,FLY,spline,0,51,-8.075687154741548,-0.48834231040391407,-0.9754751792457037,-8.076640129089355,-0.6610644459724426,-1.3050585985183716,0.0009529743478076114,0.17272213556852856,0.3295834192726679,0.17272476451123256,15.224715316710572,3.0,-2.9985181014196445,0.22128836357795467,-0.2168848265549228,-2.1865341663360596,0.0006442028097808361,-0.23456662893295288,0.8976977674982519,-0.1513548342160543,0.017681802378030076,-0.021189676790247605,-0.12567768744975527,0.003943070948835725,0.27468798268332434,-0.010301436464899174,3.116518259048462,3.1138895450825714,-0.0026287139658904835,0
1780808650.0516338,FLY,spline,0,52,-8.240547985967703,-0.48584242849398995,-1.0010240253743752,-8.137030601501465,-0.6606737971305847,-1.3116503953933716,-0.10351738446623848,0.17483136863659476,0.3106263700189964,0.2031793698830566,15.16425180106435,3.0,-2.9979988476764774,0.22384888528415875,-0.2188968244378297,-2.145639181137085,0.027914175763726234,-0.23836199939250946,0.9610401697121453,-0.10911048651618024,0.019465174954679754,-0.015275468112265236,-0.13454562375970036,0.005071515520554293,0.27445433824708027,-0.010305329499890109,3.1161725521087646,3.1127915417617285,-0.003381010347036195,0
1780808650.0625226,FLY,spline,0,52,-8.240547985967703,-0.48584242849398995,-1.0010240253743752,-8.137030601501465,-0.6606737971305847,-1.3116503953933716,-0.10351738446623848,0.17483136863659476,0.3106263700189964,0.2031793698830566,15.16425180106435,3.0,-2.9979988476764774,0.22384888528415875,-0.2188968244378297,-2.145639181137085,0.027914175763726234,-0.23836199939250946,0.9298921407742229,-0.12831588455598433,0.019465174954679754,-0.017964223837837807,-0.13018489970839123,0.004549736460190523,0.27436014102890066,-0.010309222534881044,3.1158246994018555,3.1127915417617285,-0.0030331576401270155,0
1780808650.0731585,FLY,spline,0,52,-8.240547985967703,-0.48584242849398995,-1.0010240253743752,-8.151835441589355,-0.6604198813438416,-1.3133153915405273,-0.08871254437834786,0.1745774528498516,0.31229136616615216,0.1958244177155201,15.149426106298096,3.0,-2.9979064210254935,0.22398430096266803,-0.2194489622368262,-2.1224865913391113,0.043924588710069656,-0.24041055142879486,0.9579689478385901,-0.10494319653965312,0.020961589191968666,-0.014692047515551438,-0.13411565269740264,0.003250116785507906,0.2740053912115248,-0.010313414852719438,3.1149582862854004,3.1127915417617285,-0.0021667445236719374,0
1780808650.083519,FLY,spline,0,52,-8.240547985967703,-0.48584242849398995,-1.0010240253743752,-8.188711166381836,-0.6595019102096558,-1.3175342082977295,-0.05183681958586739,0.1736594817156658,0.3165101829233543,0.18123098922240488,15.112493340575876,3.0,-2.99769157051576,0.22409361891622115,-0.22076935329388442,-2.0998947620391846,0.05996818467974663,-0.242369145154953,0.9828850781892696,-0.08344074004231535,0.021599791861068585,-0.01168170360592415,-0.13760391094649776,0.002227301081162203,0.27376660722430474,-0.010317734811091652,3.11427640914917,3.1127915417617285,-0.0014848673874414686,0
1780808650.0942605,FLY,spline,0,52,-8.240547985967703,-0.48584242849398995,-1.0010240253743752,-8.21761703491211,-0.6584765315055847,-1.3209228515625,-0.02293095105559395,0.17263410301159476,0.3198988261881248,0.17415040062811213,15.083537256841177,3.0,-2.9975402203985695,0.223935156832952,-0.22174180483637262,-2.0623581409454346,0.08759752660989761,-0.24556250870227814,1.0391501275817094,-0.03691458506014732,0.023820703865905513,-0.005168041908420625,-0.14548101786143933,0.002227301081162203,0.2735841701231446,-0.010322498951864833,3.11427640914917,3.1127915417617285,-0.0014848673874414686,0
1780808650.1054642,FLY,spline,0,52,-8.240547985967703,-0.48584242849398995,-1.0010240253743752,-8.21761703491211,-0.6584765315055847,-1.3209228515625,-0.02293095105559395,0.17263410301159476,0.3198988261881248,0.17415040062811213,15.083537256841177,3.0,-2.9975402203985695,0.223935156832952,-0.22174180483637262,-2.0623581409454346,0.08759752660989761,-0.24556250870227814,1.008992060965386,-0.05872286103208929,0.023820703865905513,-0.008221200544492501,-0.14125888853515406,0.0017209000191504842,0.27348905867905215,-0.010327263092638013,3.113938808441162,3.1127915417617285,-0.0011472666794336561,0
1780808650.116283,FLY,spline,0,52,-8.240547985967703,-0.48584242849398995,-1.0010240253743752,-8.246757507324219,-0.6571679711341858,-1.3244091272354126,0.006209521356515424,0.17132554264019584,0.3233851018610374,0.17143803462602628,15.054341328779632,3.0,-2.9974025756184672,0.22355595123117405,-0.2226684394978754,-2.050055503845215,0.0969427078962326,-0.24655765295028687,1.0140864527653979,-0.051076632055661084,0.023889213452411462,-0.007150728487792552,-0.1419721033871557,0.00019418664787362871,0.27319935850106086,-0.010332040935328496,3.1129209995269775,3.1127915417617285,-0.0001294577652490858,0
1780808650.127065,FLY,spline,0,52,-8.240547985967703,-0.48584242849398995,-1.0010240253743752,-8.2749605178833,-0.6556347608566284,-1.3278515338897705,0.034412531915597455,0.16979233236263847,0.3268275085153953,0.17324450491137286,15.026080032223138,3.0,-2.9972838801318167,0.22297596568681283,-0.2235129633227521,-2.0264880657196045,0.11528392881155014,-0.248468816280365,1.045416944026551,-0.022134148595946937,0.02495585295761288,-0.0030987808034325715,-0.14635837216371717,-0.00031078390266348066,0.2730130737306737,-0.010337032105920019,3.112584352493286,3.1127915417617285,0.00020718926844232044,0
1780808650.1379974,FLY,spline,0,53,-8.405545841077867,-0.4830602348974124,-1.026810874407196,-8.289297103881836,-0.6547460556030273,-1.3296239376068115,-0.11624873719603102,0.17168582070561494,0.30281306319961554,0.20733979340935121,15.011711996351922,3.0,-2.9971366744244814,0.22402551462173098,-0.22333066823729952,-2.0042037963867188,0.13319635391235352,-0.25032779574394226,1.0714504978371369,0.00016763348834204772,0.026997127506642737,2.3468688367886682e-05,-0.15000306969719918,-0.0001751080426706242,0.27257107452090756,-0.010342431531421347,3.1116387844085693,3.111755523103683,0.00011673869511374946,0
1780808650.1490548,FLY,spline,0,53,-8.405545841077867,-0.4830602348974124,-1.026810874407196,-8.342577934265137,-0.6508105397224426,-1.336367130279541,-0.06296790681273023,0.16775030482503023,0.30955625587234503,0.17917902236943709,14.958303807491205,3.0,-2.996966520872316,0.22214419872950553,-0.22474227164440094,-1.9721388816833496,0.16003593802452087,-0.25291335582733154,1.1168073425973046,0.04741461713661796,0.0281710841829306,0.006638046399126515,-0.15635302796362266,-0.0006496802243722843,0.27237834284755186,-0.010348065748257933,3.1113224029541016,3.111755523103683,0.0004331201495815229,0
1780808650.159478,FLY,spline,0,53,-8.405545841077867,-0.4830602348974124,-1.026810874407196,-8.342577934265137,-0.6508105397224426,-1.336367130279541,-0.06296790681273023,0.16775030482503023,0.30955625587234503,0.17917902236943709,14.958303807491205,3.0,-2.996966520872316,0.22214419872950553,-0.22474227164440094,-1.9721388816833496,0.16003593802452087,-0.25291335582733154,1.0896289726590804,0.02421302729055895,0.0281710841829306,0.0033898238206782534,-0.15254805617227127,-0.0011199608716501164,0.2722789935877302,-0.010353699965094519,3.111008882522583,3.111755523103683,0.0007466405811000776,0
1780808650.1703355,FLY,spline,0,53,-8.405545841077867,-0.4830602348974124,-1.026810874407196,-8.356210708618164,-0.6496386528015137,-1.3381298780441284,-0.04933513245970289,0.16657841790410127,0.31131900363693243,0.17373060929568468,14.944635813878639,3.0,-2.9969314914037946,0.22153115059785444,-0.22507490430333618,-1.9533053636550903,0.17645934224128723,-0.2542281746864319,1.110791289254338,0.04679947510924594,0.029153270383095703,0.006551926515294432,-0.15551078049560732,-0.0015863076123727726,0.27210059148619264,-0.010359530619171138,3.1106979846954346,3.111755523103683,0.001057538408248515,0
1780808650.181446,FLY,spline,0,53,-8.405545841077867,-0.4830602348974124,-1.026810874407196,-8.404608726501465,-0.6449023485183716,-1.3444970846176147,-0.0009371145764021094,0.16184211362095918,0.31768621021041876,0.16184482668602285,14.896104105487451,3.0,-2.99683417539503,0.2188947920019716,-0.2261727374145643,-1.925250768661499,0.20193353295326233,-0.2560412585735321,1.150401088392768,0.0935594551855553,0.029868521158967792,0.013098323725977743,-0.16105615237498755,-0.0027990237149728703,0.27178817287001783,-0.010365504323402932,3.109889507293701,3.111755523103683,0.0018660158099819135,0
1780808650.1924279,FLY,spline,0,53,-8.405545841077867,-0.4830602348974124,-1.026810874407196,-8.404608726501465,-0.6449023485183716,-1.3444970846176147,-0.0009371145764021094,0.16184211362095918,0.31768621021041876,0.16184482668602285,14.896104105487451,3.0,-2.99683417539503,0.2188947920019716,-0.2261727374145643,-1.925250768661499,0.20193353295326233,-0.2560412585735321,1.126733648253939,0.07094428229434233,0.029868521158967792,0.009932199521207927,-0.15774271075555146,-0.00326286706061496,0.2716857143276719,-0.010371478027634726,3.1095802783966064,3.111755523103683,0.00217524470707664,0
1780808650.2030916,FLY,spline,0,53,-8.405545841077867,-0.4830602348974124,-1.026810874407196,-8.404608726501465,-0.6449023485183716,-1.3444970846176147,-0.0009371145764021094,0.16184211362095918,0.31768621021041876,0.16184482668602285,14.896104105487451,3.0,-2.99683417539503,0.2188947920019716,-0.2261727374145643,-1.925250768661499,0.20193353295326233,-0.2560412585735321,1.110169856529863,0.0552050359773657,0.029868521158967792,0.007728705036831199,-0.15542377991418083,-0.003722776499701874,0.27158404932791347,-0.01037745173186652,3.109273672103882,3.111755523103683,0.0024818509998012495,0
1780808650.213794,FLY,spline,0,54,-8.570674294665757,-0.480006038287933,-1.0528138735258283,-8.457460403442383,-0.638671875,-1.3516405820846558,-0.11321389122337422,0.15866583671206702,0.2988267085588274,0.1949159637009712,14.8430914215186,3.0,-2.9967058065345125,0.2165030115351808,-0.22642981025255707,-1.887847900390625,0.23808445036411285,-0.2582855522632599,1.1777311152973475,0.13206463354086623,0.03185574201070282,0.018489048695721273,-0.16488235614162866,-0.003177657348939711,0.27122642842382083,-0.010383822880268661,3.1086628437042236,3.11078128193685,0.002118438232626474,0
1780808650.2245262,FLY,spline,0,54,-8.570674294665757,-0.480006038287933,-1.0528138735258283,-8.470507621765137,-0.6369531154632568,-1.3534374237060547,-0.10016667290062031,0.15694707717532386,0.30062355018022635,0.18618739859039046,14.830002010993011,3.0,-2.9967008569565903,0.21544955531710458,-0.22666341849128802,-1.8789958953857422,0.24706891179084778,-0.25880348682403564,1.1753230715437089,0.1332746353471821,0.03214006833274763,0.018658448948605494,-0.16454523001611926,-0.004063143951722914,0.2710104655951273,-0.01039025089393521,3.108072519302368,3.11078128193685,0.0027087626344819427,0
1780808650.2355957,FLY,spline,0,54,-8.570674294665757,-0.480006038287933,-1.0528138735258283,-8.505507469177246,-0.6320117115974426,-1.3583104610443115,-0.06516682548851094,0.15200567330950965,0.3054965875184832,0.16538573052874728,14.794885006136784,3.0,-2.9967021280296073,0.2123594591525449,-0.22725008280379577,-1.856094479560852,0.2712303102016449,-0.26016321778297424,1.2058301323712797,0.17595865060059804,0.03291313497917847,0.02463421108408373,-0.16881621853197917,-0.004486217720338637,0.2708532524021354,-0.010396833520931046,3.107790470123291,3.11078128193685,0.002990811813559091,0
1780808650.246314,FLY,spline,0,54,-8.570674294665757,-0.480006038287933,-1.0528138735258283,-8.505507469177246,-0.6320117115974426,-1.3583104610443115,-0.06516682548851094,0.15200567330950965,0.3054965875184832,0.16538573052874728,14.794885006136784,3.0,-2.9967021280296073,0.2123594591525449,-0.22725008280379577,-1.856094479560852,0.2712303102016449,-0.26016321778297424,1.1853549122850662,0.15328725238440502,0.03291313497917847,0.021460215333816705,-0.16594968771990928,-0.005625977737733656,0.2706079203559237,-0.010403416147926881,3.1070306301116943,3.11078128193685,0.0037506518251557708,0
1780808650.2571118,FLY,spline,0,54,-8.570674294665757,-0.480006038287933,-1.0528138735258283,-8.531132698059082,-0.6280664205551147,-1.3619335889816284,-0.039541596606675,0.14806038226718177,0.3091197154558001,0.15324951764788367,14.769170166195117,3.0,-2.9967178279438005,0.20983554892436698,-0.22763771944716818,-1.8400835990905762,0.28897446393966675,-0.26095542311668396,1.2047608642052883,0.18289923561170535,0.03331770366951578,0.02560589298563875,-0.16866652098874038,-0.006051554901429945,0.27047915528855543,-0.010410079688660784,3.1067469120025635,3.11078128193685,0.00403436993428663,0
1780808650.2679195,FLY,spline,0,54,-8.570674294665757,-0.480006038287933,-1.0528138735258283,-8.563437461853027,-0.6226855516433716,-1.3665624856948853,-0.007236832812729688,0.1426795133554386,0.3137486121690569,0.14286292479332832,14.736748079134063,3.0,-2.9967550583807046,0.20632853662274814,-0.22808010726808317,-1.8209272623062134,0.3113600015640259,-0.2617909014225006,1.2293408656328972,0.22312840447294485,0.03371079415441744,0.03123797662621228,-0.17210772118860562,-0.007128730041810805,0.27021335980538613,-0.010416821847491667,3.1060287952423096,3.11078128193685,0.004752486694540536,0
1780808650.2782896,FLY,spline,0,54,-8.570674294665757,-0.480006038287933,-1.0528138735258283,-8.563437461853027,-0.6226855516433716,-1.3665624856948853,-0.007236832812729688,0.1426795133554386,0.3137486121690569,0.14286292479332832,14.736748079134063,3.0,-2.9967550583807046,0.20632853662274814,-0.22808010726808317,-1.8209272623062134,0.3113600015640259,-0.2617909014225006,1.2118886842809249,0.200553552903172,0.03371079415441744,0.028077497406444083,-0.1696644157993295,-0.007539286835023695,0.2701197115582096,-0.01042356400632255,3.105755090713501,3.11078128193685,0.00502619122334913,0
1780808650.2891028,FLY,spline,0,54,-8.570674294665757,-0.480006038287933,-1.0528138735258283,-8.588554382324219,-0.6181738376617432,-1.370205044746399,0.01788008765846172,0.13816779937381019,0.3173911712205706,0.13931991357474974,14.711536717247256,3.0,-2.9967973268314925,0.20333977360546954,-0.22839131985804853,-1.806810975074768,0.3287508189678192,-0.2622571587562561,1.2291754729202053,0.23076767561551087,0.03386583889820757,0.032307474586171524,-0.17208456620882875,-0.007941618187257582,0.2700141928185855,-0.01043033717410219,3.1054868698120117,3.11078128193685,0.005294412124838388,0
1780808650.2999067,FLY,spline,0,55,-8.73592692132509,-0.4766901473393033,-1.0790111699119311,-8.626640319824219,-0.6108202934265137,-1.3757762908935547,-0.10928660150087133,0.13413014608721036,0.29676512098162355,0.17301577198910695,14.673303576787571,3.0,-2.996838402492446,0.19963326879614926,-0.2278284710648535,-1.7868609428405762,0.35496845841407776,-0.26269471645355225,1.2573300907932123,0.27972995465806244,0.03486624538869876,0.039162193652128745,-0.17602621271104973,-0.006965309252725094,0.26984166300918383,-0.01043731042317993,3.105225086212158,3.109868625713975,0.004643539501816729,0
1780808650.3106089,FLY,spline,0,55,-8.73592692132509,-0.4766901473393033,-1.0790111699119311,-8.626640319824219,-0.6108202934265137,-1.3757762908935547,-0.10928660150087133,0.13413014608721036,0.29676512098162355,0.17301577198910695,14.673303576787571,3.0,-2.996838402492446,0.19963326879614926,-0.2278284710648535,-1.7868609428405762,0.35496845841407776,-0.26269471645355225,1.2410589766602502,0.25621399954970725,0.03486624538869876,0.03586995993695902,-0.17374825673243505,-0.007732778658853023,0.26966273393518925,-0.01044428367225767,3.1047134399414062,3.109868625713975,0.005155185772568682,0
1780808650.3213723,FLY,spline,0,55,-8.73592692132509,-0.4766901473393033,-1.0790111699119311,-8.6513671875,-0.6057226657867432,-1.3794286251068115,-0.08455973382509008,0.12903251844743985,0.3004174551948804,0.15427164159837992,14.648479020588223,3.0,-2.996907465126554,0.19618511764546265,-0.228080885454222,-1.7748644351959229,0.3718888759613037,-0.26297256350517273,1.2545102107989907,0.2856475968729454,0.034891678050950725,0.039990663562212356,-0.17563142951185873,-0.008433371653542965,0.2694930357969086,-0.01045126200786786,3.1042463779449463,3.109868625713975,0.005622247769028643,0
1780808650.3319304,FLY,spline,0,55,-8.73592692132509,-0.4766901473393033,-1.0790111699119311,-8.6513671875,-0.6057226657867432,-1.3794286251068115,-0.08455973382509008,0.12903251844743985,0.3004174551948804,0.15427164159837992,14.648479020588223,3.0,-2.996907465126554,0.19618511764546265,-0.228080885454222,-1.7748644351959229,0.3718888759613037,-0.26297256350517273,1.2424857713618633,0.26659845024343926,0.034891678050950725,0.0373237830340815,-0.17394800799066087,-0.008774191012368648,0.2694080018792082,-0.01045824034347805,3.1040191650390625,3.109868625713975,0.005849460674912432,0
1780808650.3426924,FLY,spline,0,55,-8.73592692132509,-0.4766901473393033,-1.0790111699119311,-8.663671493530273,-0.6030859351158142,-1.3812549114227295,-0.07225542779481664,0.1263957877765109,0.30224374151079836,0.14559100938401637,14.636125524800747,3.0,-2.9969454101712643,0.19438931580143035,-0.22819997911442128,-1.7640868425369263,0.3880258798599243,-0.2631339430809021,1.2562876829881753,0.2939038656346565,0.034933963966480824,0.04114654118885191,-0.17588027561834454,-0.009396463503823727,0.2692562998360136,-0.010465227136271347,3.103604316711426,3.109868625713975,0.006264309002549151,0
1780808650.353435,FLY,spline,0,55,-8.73592692132509,-0.4766901473393033,-1.0790111699119311,-8.69863224029541,-0.59521484375,-1.3864892721176147,-0.03729468102967992,0.11852469641069668,0.3074781022056836,0.12425376007330073,14.60102300007301,3.0,-2.9970682433019142,0.1889839151178777,-0.22850456181854742,-1.7540955543518066,0.40395790338516235,-0.2632465958595276,1.2670967209898485,0.3261317520920684,0.03474203404098017,0.04565844529288958,-0.17739354093857881,-0.01004698859690234,0.2691209340739241,-0.010472175543079543,3.10317063331604,3.109868625713975,0.006697992397934893,0
1780808650.3646913,FLY,spline,0,55,-8.73592692132509,-0.4766901473393033,-1.0790111699119311,-8.71078109741211,-0.5923535227775574,-1.3883154392242432,-0.025145823912980703,0.11566337543825406,0.30930426931231203,0.11836523509051611,14.588824434089686,3.0,-2.9971149473524825,0.1870047725002765,-0.22860526535116638,-1.7492274045944214,0.41212600469589233,-0.2633136808872223,1.2669844018100567,0.33005130648248315,0.034708415536055914,0.04620718290754765,-0.17737781625340795,-0.010364204516396969,0.26904847507091134,-0.010479117226186755,3.102959156036377,3.109868625713975,0.006909469677597979,0
1780808650.3753548,FLY,spline,0,55,-8.73592692132509,-0.4766901473393033,-1.0790111699119311,-8.741289138793945,-0.5848925709724426,-1.3929296731948853,0.005362217468855235,0.10820242363313931,0.3139185032829541,0.10833521060241051,14.558190988861302,3.0,-2.997242584309466,0.18181459178778114,-0.22883709564310661,-1.7379134893417358,0.4324733018875122,-0.26341918110847473,1.281233416384065,0.3704979669907349,0.03458208546536812,0.05186971537870289,-0.17937267829376913,-0.010836988558755367,0.2689512697458775,-0.010486033643279827,3.1026439666748047,3.109868625713975,0.007224659039170245,0
1780808650.38574,FLY,spline,0,55,-8.73592692132509,-0.4766901473393033,-1.0790111699119311,-8.75331974029541,-0.581835925579071,-1.3947607278823853,0.01739281897032008,0.10514577823976773,0.3157495579704541,0.10657459750513129,14.546110736025115,3.0,-2.997297177185724,0.17967643773997224,-0.22892002249954768,-1.7337853908538818,0.44043663144111633,-0.2634603679180145,1.2796294028651662,0.3722729257438504,0.034540345418466845,0.052118209604139064,-0.1791481164011233,-0.01143243896006152,0.26882184046671687,-0.010492941712363521,3.1022469997406006,3.109868625713975,0.007621625973374346,0
1780808650.3965895,FLY,spline,0,55,-8.73592692132509,-0.4766901473393033,-1.0790111699119311,-8.765351295471191,-0.5787206888198853,-1.3965917825698853,0.02942437414610133,0.10203054148058194,0.3175806126579541,0.10618863022334599,14.534029599772218,3.0,-2.997353199300697,0.17749148016757296,-0.22900329990490556,-1.7298672199249268,0.4483397603034973,-0.26350757479667664,1.2792154709223278,0.3764327441976208,0.034504274891771075,0.05270058418766692,-0.1790901659291259,-0.01171782599924609,0.26875708510271257,-0.010499842567341875,3.1020567417144775,3.109868625713975,0.007811883999497393,0
1780808650.4075022,FLY,spline,0,56,-8.901297295649583,-0.4731228707252754,-1.1053809107471673,-8.77734375,-0.5755566358566284,-1.3984228372573853,-0.12395354564958261,0.102433765131353,0.293041926510218,0.16080160981186833,14.52198778677018,3.0,-2.9974016908702805,0.17639135466925926,-0.22788583207151278,-1.7226015329360962,0.46409082412719727,-0.26358094811439514,1.2866554361149256,0.397874538786662,0.03569511604288236,0.05570243543013269,-0.1801317610560896,-0.010990626237550538,0.2685359587970444,-0.010506981590550453,3.1016902923583984,3.1090173765167655,0.007327084158367025,0
1780808650.4179468,FLY,spline,0,56,-8.901297295649583,-0.4731228707252754,-1.1053809107471673,-8.813593864440918,-0.5656054615974426,-1.4039843082427979,-0.08770343120866464,0.0924825908721672,0.2986033974956306,0.12745556661127688,14.485588990828374,3.0,-2.9975969326575287,0.16938179787797675,-0.2280938174049901,-1.7161966562271118,0.4795650839805603,-0.2636447846889496,1.291814358076717,0.4302315466525937,0.035550967283959484,0.060232416531363124,-0.1808540101307404,-0.011243469140687745,0.26848518137664873,-0.010514091784007244,3.1015217304229736,3.1090173765167655,0.00749564609379183,0
1780808650.4288247,FLY,spline,0,56,-8.901297295649583,-0.4731228707252754,-1.1053809107471673,-8.837382316589355,-0.558789074420929,-1.4076464176177979,-0.06391497906022714,0.08566620369565353,0.3022655068706306,0.10688228573479554,14.461704227583686,3.0,-2.9977338765747077,0.16455330241054508,-0.22822171145783898,-1.708537220954895,0.5012118220329285,-0.26371443271636963,1.2993103058447057,0.4688395989693615,0.035492721258530646,0.06563754385571062,-0.18190344281825882,-0.011718398950258058,0.2683796160766359,-0.010521190328258951,3.1012051105499268,3.1090173765167655,0.007812265966838705,0
1780808650.4396546,FLY,spline,0,56,-8.901297295649583,-0.4731228707252754,-1.1053809107471673,-8.858476638793945,-0.5525586009025574,-1.4109082221984863,-0.042820656855637296,0.07943573017728195,0.30552731145131906,0.09024214028017165,14.440525655115458,3.0,-2.9978618319822266,0.1601230104944792,-0.22832460715383468,-1.7065423727035522,0.5077463984489441,-0.2637157142162323,1.2954494101761844,0.46935800247330406,0.03539110706239762,0.06571012034626257,-0.18136291742466584,-0.012120730302491944,0.2682958184890265,-0.01052826854967143,3.1009368896484375,3.1090173765167655,0.008080486868327963,0
1780808650.450454,FLY,spline,0,56,-8.901297295649583,-0.4731228707252754,-1.1053809107471673,-8.882147789001465,-0.545361340045929,-1.4145703315734863,-0.019149506648117764,0.07223846932065353,0.30918942082631906,0.0747335269785744,14.416761666792898,3.0,-2.998010871948261,0.1549871522582127,-0.22843946138076826,-1.702644944190979,0.5222206115722656,-0.26369011402130127,1.2966485429167571,0.49234589110341304,0.03525065264053301,0.06892842475447783,-0.181530796008346,-0.01256097020880298,0.26821042613614277,-0.010535318680199537,3.1006433963775635,3.1090173765167655,0.008373980139201986,0
1780808650.4608967,FLY,spline,0,56,-8.901297295649583,-0.4731228707252754,-1.1053809107471673,-8.882147789001465,-0.545361340045929,-1.4145703315734863,-0.019149506648117764,0.07223846932065353,0.30918942082631906,0.0747335269785744,14.416761666792898,3.0,-2.998010871948261,0.1549871522582127,-0.22843946138076826,-1.702644944190979,0.5222206115722656,-0.26369011402130127,1.2914278648526862,0.4706286404167882,0.03525065264053301,0.06588800965835036,-0.1807999010793761,-0.01256097020880298,0.26820337600561467,-0.010542368810727645,3.1006433963775635,3.1090173765167655,0.008373980139201986,0
1780808650.4714172,FLY,spline,0,56,-8.901297295649583,-0.4731228707252754,-1.1053809107471673,-8.89394474029541,-0.5416894555091858,-1.4164013862609863,-0.007352555354172452,0.06856658478391037,0.31102047551381906,0.06895967386208653,14.40491915581371,3.0,-2.9980880502221754,0.15235969957731416,-0.22849238360360585,-1.6997462511062622,0.5356132984161377,-0.26364147663116455,1.29280175563885,0.49109428472665884,0.0351490930275587,0.06875319986173224,-0.180992245789439,-0.012775546929994386,0.2681625175065827,-0.010549398629333157,3.1005003452301025,3.1090173765167655,0.008517031286662924,0
1780808650.4823873,FLY,spline,0,57,-9.066778992232951,-0.46931451711960115,-1.1319012432131965,-8.93863296508789,-0.52734375,-1.4233349561691284,-0.12814602714506051,0.05802923288039885,0.2914337129559319,0.14067265598455925,14.36006443297496,3.0,-2.9984179546139518,0.143081816517334,-0.2273030798101816,-1.6967768669128418,0.5554748773574829,-0.26358097791671753,1.2938292077204918,0.5394797529226776,0.03627789810653592,0.07552716540917487,-0.18113608908086887,-0.01215022636135199,0.26796034278150205,-0.010556654208954463,3.1001272201538086,3.1082273710613766,0.008100150907567993,0
1780808650.4930677,FLY,spline,0,57,-9.066778992232951,-0.46931451711960115,-1.1319012432131965,-8.93863296508789,-0.52734375,-1.4233349561691284,-0.12814602714506051,0.05802923288039885,0.2914337129559319,0.14067265598455925,14.36006443297496,3.0,-2.9984179546139518,0.143081816517334,-0.2273030798101816,-1.6967768669128418,0.5554748773574829,-0.26358097791671753,1.2906447798362164,0.5175937871991961,0.03627789810653592,0.07246313020788747,-0.18069026917707032,-0.012335119969445252,0.2679212588744141,-0.01056390978857577,3.100003957748413,3.1082273710613766,0.008223413312963501,0
1780808650.503703,FLY,spline,0,57,-9.066778992232951,-0.46931451711960115,-1.1319012432131965,-8.968867301940918,-0.5172362923622131,-1.4280272722244263,-0.09791169029203317,0.047921775242611986,0.29612602901122975,0.10901007126979802,14.329723607032234,3.0,-2.998640403980975,0.1358105966050361,-0.22743041898293237,-1.6956446170806885,0.5724502801895142,-0.2635452151298523,1.2890593381197712,0.5559600753046738,0.036114796146919925,0.07783441054265434,-0.180468307336768,-0.012774644620018982,0.2678578622293961,-0.010571132747805155,3.0997109413146973,3.1082273710613766,0.008516429746679322,0
1780808650.514437,FLY,spline,0,57,-9.066778992232951,-0.46931451711960115,-1.1319012432131965,-8.992383003234863,-0.5091503858566284,-1.4316893815994263,-0.07439598899808786,0.03983586873702727,0.29978813838622975,0.08438992604000359,14.306129000891689,3.0,-2.998820812621499,0.12997581246059947,-0.22752062527032366,-1.695689082145691,0.5852731466293335,-0.2634410858154297,1.2859314479670185,0.5775765268637126,0.03592046054510603,0.08086071376091977,-0.18003040271538262,-0.012934861905175232,0.267843453646564,-0.010578316839914175,3.0996041297912598,3.1082273710613766,0.008623241270116822,0
1780808650.524892,FLY,spline,0,57,-9.066778992232951,-0.46931451711960115,-1.1319012432131965,-8.992383003234863,-0.5091503858566284,-1.4316893815994263,-0.07439598899808786,0.03983586873702727,0.29978813838622975,0.08438992604000359,14.306129000891689,3.0,-2.998820812621499,0.12997581246059947,-0.22752062527032366,-1.695689082145691,0.5852731466293335,-0.2634410858154297,1.2849560744387964,0.5573148806132207,0.03592046054510603,0.07802408328585089,-0.17989385042143152,-0.013089357144433045,0.2678162334908452,-0.010585500932023196,3.099501132965088,3.1082273710613766,0.008726238096288697,0
1780808650.5355482,FLY,spline,0,57,-9.066778992232951,-0.46931451711960115,-1.1319012432131965,-8.992383003234863,-0.5091503858566284,-1.4316893815994263,-0.07439598899808786,0.03983586873702727,0.29978813838622975,0.08438992604000359,14.306129000891689,3.0,-2.998820812621499,0.12997581246059947,-0.22752062527032366,-1.695689082145691,0.5852731466293335,-0.2634410858154297,1.2842610936452072,0.5431663960027856,0.03592046054510603,0.07604329544038999,-0.17979655311032902,-0.01323813033779242,0.2677913066576765,-0.010592685024132216,3.0994019508361816,3.1082273710613766,0.008825420225194947,0
1780808650.546392,FLY,spline,0,57,-9.066778992232951,-0.46931451711960115,-1.1319012432131965,-9.0288667678833,-0.49628904461860657,-1.4373486042022705,-0.03791222434965036,0.02697452749900542,0.305447360989074,0.0465291509586498,14.269531176962339,3.0,-2.999106163024472,0.12067045822528485,-0.22767937077961614,-1.6973894834518433,0.6043729186058044,-0.26323169469833374,1.2779531663748693,0.5957222841495102,0.0355523239187176,0.08340111978093144,-0.1789134432924817,-0.013525305516320252,0.2677843800234732,-0.01059979548891596,3.099210500717163,3.1082273710613766,0.009016870344213501,0
1780808650.5571399,FLY,spline,0,57,-9.066778992232951,-0.46931451711960115,-1.1319012432131965,-9.040663719177246,-0.49205076694488525,-1.439174771308899,-0.026115273055705046,0.022736249825284105,0.3072735280957024,0.03462577858896122,14.257699681744503,3.0,-2.999200038658408,0.11759797322698681,-0.22773394135054162,-1.6983669996261597,0.6103405356407166,-0.26317232847213745,1.2757488566261423,0.598425486078161,0.03543838712159583,0.08377956805094255,-0.17860483992765994,-0.013649402386742615,0.2677766788276921,-0.01060688316634028,3.099127769470215,3.1082273710613766,0.009099601591161743,0
1780808650.5679095,FLY,spline,0,57,-9.066778992232951,-0.46931451711960115,-1.1319012432131965,-9.052460670471191,-0.48777341842651367,-1.4410009384155273,-0.014318321761759734,0.018458901306912523,0.3090996952023308,0.02336119379508717,14.245869383203726,3.0,-2.999294930737979,0.11449426547955475,-0.2277886735369442,-1.6995512247085571,0.6162084937095642,-0.26311931014060974,1.2732662842511593,0.6030857205032673,0.03533063660366553,0.08443200087045742,-0.17825727979516232,-0.014018474347191834,0.2677688153315453,-0.010613949293661013,3.098881721496582,3.1082273710613766,0.009345649564794556,0
1780808650.5787919,FLY,spline,0,58,-9.232365585668912,-0.46527539519603134,-1.1585503144916798,-9.106249809265137,-0.467841774225235,-1.4493017196655273,-0.12611577640377547,0.002566379029203647,0.29075140517384757,0.1261418858240538,14.191944827919443,3.0,-2.9998010173285095,0.10092735914767928,-0.22646648734472086,-1.7075730562210083,0.6416177153587341,-0.26303043961524963,1.2542094901423397,0.6742179886202536,0.03656395227052878,0.09439051840683552,-0.17558932861992757,-0.013007363222345747,0.26766610353249015,-0.010621262084115119,3.0988268852233887,3.1074984607049525,0.008671575481563831,0
1780808650.5894835,FLY,spline,0,58,-9.232365585668912,-0.46527539519603134,-1.1585503144916798,-9.106249809265137,-0.467841774225235,-1.4493017196655273,-0.12611577640377547,0.002566379029203647,0.29075140517384757,0.1261418858240538,14.191944827919443,3.0,-2.9998010173285095,0.10092735914767928,-0.22646648734472086,-1.7075730562210083,0.6416177153587341,-0.26303043961524963,1.2582947589716904,0.6506452746301731,0.03656395227052878,0.09109033844822424,-0.17616126625603667,-0.013078888796076216,0.2676645208316418,-0.010628574874569224,3.0987792015075684,3.1074984607049525,0.008719259197384144,0
1780808650.6002083,FLY,spline,0,58,-9.232365585668912,-0.46527539519603134,-1.1585503144916798,-9.142539024353027,-0.4540331959724426,-1.454872965812683,-0.08982656131588485,-0.011242199223588711,0.2963226513210033,0.0905273337794684,14.15558096330789,3.0,-3.0001135925676214,0.09088134257421242,-0.22665636227036887,-1.7152961492538452,0.6574767827987671,-0.26302409172058105,1.2424211982628963,0.6903946415727541,0.03636772945021219,0.09665524982018558,-0.1739389677568055,-0.013140400789484419,0.2676813305819732,-0.010635848420459266,3.098738193511963,3.1074984607049525,0.008760267192989613,0
1780808650.6108782,FLY,spline,0,58,-9.232365585668912,-0.46527539519603134,-1.1585503144916798,-9.142539024353027,-0.4540331959724426,-1.454872965812683,-0.08982656131588485,-0.011242199223588711,0.2963226513210033,0.0905273337794684,14.15558096330789,3.0,-3.0001135925676214,0.09088134257421242,-0.22665636227036887,-1.7152961492538452,0.6574767827987671,-0.26302409172058105,1.247443565210538,0.6697245362081521,0.03636772945021219,0.09376143506914131,-0.17464209912947534,-0.013275941751703657,0.2677129062768691,-0.010643121966349308,3.0986478328704834,3.1074984607049525,0.008850627834469105,0
1780808650.6217153,FLY,spline,0,58,-9.232365585668912,-0.46527539519603134,-1.1585503144916798,-9.15445327758789,-0.4494335949420929,-1.4566991329193115,-0.07791230808102156,-0.015841800253938443,0.29814881842763175,0.07950654303765006,14.143645312045527,3.0,-3.0002176073766633,0.08753030087729828,-0.22672128157712657,-1.7182379961013794,0.6624503135681152,-0.26300594210624695,1.2439652040109794,0.6732318233212936,0.03628466052912038,0.09425245526498112,-0.17415512856153714,-0.013307055376276411,0.26772953590228277,-0.010650378898455132,3.0986270904541016,3.1074984607049525,0.00887137025085094,0
1780808650.63252,FLY,spline,0,58,-9.232365585668912,-0.46527539519603134,-1.1585503144916798,-9.178398132324219,-0.4401269555091858,-1.460351586341858,-0.05396745334469344,-0.025148439686845547,0.30180127185017813,0.05953931507159426,14.119662450440623,3.0,-3.0004261282746407,0.08074545901237219,-0.22686584243780725,-1.727795958518982,0.6760689616203308,-0.2629949152469635,1.2251285243007068,0.704061090029901,0.036129072809156254,0.09856855260418615,-0.17151799340209897,-0.013307055376276411,0.26773475710531813,-0.010657604713016963,3.0986270904541016,3.1074984607049525,0.00887137025085094,0
1780808650.6432858,FLY,spline,0,58,-9.232365585668912,-0.46527539519603134,-1.1585503144916798,-9.211288452148438,-0.42719724774360657,-1.4653515815734863,-0.02107713352047469,-0.03807814745242477,0.30680126708180655,0.043522303142739596,14.086731029030053,3.0,-3.0007143436975827,0.07130896596822206,-0.22707826456551525,-1.7349032163619995,0.6844154000282288,-0.26303306221961975,1.2146545141221006,0.7261701478506091,0.0359547976541045,0.10166382069908528,-0.1700516319770941,-0.013374289415583052,0.2678310667552037,-0.010664795672547783,3.0985822677612305,3.1074984607049525,0.008916192943722034,0
1780808650.6540809,FLY,spline,0,58,-9.232365585668912,-0.46527539519603134,-1.1585503144916798,-9.223398208618164,-0.42241209745407104,-1.4671826362609863,-0.008967377050748127,-0.04286329774196029,0.30863232176930655,0.04379127932004525,14.07460950823564,3.0,-3.0008198961033954,0.06781487179452231,-0.22716428502332317,-1.738990306854248,0.6887224316596985,-0.263062447309494,1.2122509891466147,0.7251813827070008,0.03589816228617085,0.10152539357898012,-0.16971513848052608,-0.013377508066400923,0.26785932564361103,-0.010671975305005016,3.0985801219940186,3.1074984607049525,0.008918338710933948,0
1780808650.6646545,FLY,spline,0,58,-9.232365585668912,-0.46527539519603134,-1.1585503144916798,-9.223398208618164,-0.42241209745407104,-1.4671826362609863,-0.008967377050748127,-0.04286329774196029,0.30863232176930655,0.04379127932004525,14.07460950823564,3.0,-3.0008198961033954,0.06781487179452231,-0.22716428502332317,-1.738990306854248,0.6887224316596985,-0.263062447309494,1.2187674183199868,0.7099999200561043,0.03589816228617085,0.09939998880785463,-0.17062743856479817,-0.013372143648371138,0.26788529423214075,-0.01067915493746225,3.098583698272705,3.1074984607049525,0.008914762432247425,0
1780808650.6755188,FLY,spline,0,59,-9.39805065055118,-0.4610158136283184,-1.1853062717642777,-9.267617225646973,-0.40476560592651367,-1.4738378524780273,-0.13043342490420784,-0.05625020770180472,0.2885315807137496,0.1420456412521616,14.030363229056103,3.0,-3.001306770600729,0.05574495381136668,-0.2257121086819593,-1.7555367946624756,0.7033460140228271,-0.2633521854877472,1.1855321715030955,0.7564835795404754,0.0376400768057879,0.10590770113566657,-0.1659745040104334,-0.012313714567831369,0.26783800144182607,-0.010686682952823408,3.098621368408203,3.106830511453424,0.008209143045220912,0
1780808650.68601,FLY,spline,0,59,-9.39805065055118,-0.4610158136283184,-1.1853062717642777,-9.2798433303833,-0.39985349774360657,-1.4756689071655273,-0.11820732016787971,-0.061162315884711826,0.2903626354012496,0.13309319826968205,14.018134044470747,3.0,-3.00141667599374,0.05215923084487015,-0.22580597297927973,-1.7605210542678833,0.707079291343689,-0.26344069838523865,1.1835259530119961,0.7552911646394147,0.03763472540595891,0.10574076304951807,-0.16569363342167948,-0.012276521269491525,0.26787396272731373,-0.0106942098979046,3.0986461639404297,3.106830511453424,0.00818434751299435,0
1780808650.6967452,FLY,spline,0,59,-9.39805065055118,-0.4610158136283184,-1.1853062717642777,-9.292109489440918,-0.3949218690395355,-1.4774999618530273,-0.10594116111026253,-0.06609394458878287,0.2921936900887496,0.12486768648732026,14.00586676927963,3.0,-3.001526297305983,0.04855899593031261,-0.22590484229636648,-1.7704647779464722,0.7137794494628906,-0.26357412338256836,1.1693937132538337,0.7626565318345218,0.03766928108620188,0.10677191445683305,-0.16371511985553672,-0.012230387274435373,0.26790898698584137,-0.01070174375412184,3.098676919937134,3.106830511453424,0.008153591516290248,0
1780808650.707562,FLY,spline,0,59,-9.39805065055118,-0.4610158136283184,-1.1853062717642777,-9.292109489440918,-0.3949218690395355,-1.4774999618530273,-0.10594116111026253,-0.06609394458878287,0.2921936900887496,0.12486768648732026,14.00586676927963,3.0,-3.001526297305983,0.04855899593031261,-0.22590484229636648,-1.7704647779464722,0.7137794494628906,-0.26357412338256836,1.1790397936401407,0.7490116142952996,0.03766928108620188,0.10486162600134195,-0.1650655711096197,-0.012134900633505197,0.26798822548259826,-0.01070927761033908,3.098740577697754,3.106830511453424,0.008089933755670131,0
1780808650.7179532,FLY,spline,0,59,-9.39805065055118,-0.4610158136283184,-1.1853062717642777,-9.326406478881836,-0.38109374046325684,-1.482582926750183,-0.07164417166934456,-0.07992207316506156,0.2972766549859054,0.10733324328085855,13.971577237408548,3.0,-3.001829342509806,0.03846120564680772,-0.2262101694366513,-1.7810763120651245,0.7200181484222412,-0.26366880536079407,1.1615915858148282,0.774401507531536,0.03745863592414278,0.10841621105441505,-0.16262282201407596,-0.012074819151571603,0.2680499837181348,-0.010716769337523907,3.098780632019043,3.106830511453424,0.008049879434381069,0
1780808650.7287276,FLY,spline,0,59,-9.39805065055118,-0.4610158136283184,-1.1853062717642777,-9.351288795471191,-0.3710351586341858,-1.486245036125183,-0.04676185507998909,-0.0899806549941326,0.3009387643609054,0.10140606176997025,13.946710160377808,3.0,-3.0020467739599903,0.031114150575155583,-0.22645174817807878,-1.7986069917678833,0.7286713123321533,-0.2637512683868408,1.1307272048481671,0.7955238569407738,0.03729952020876204,0.11137333997170834,-0.1583018086787434,-0.012009730879476876,0.26811020872766483,-0.01072422924156566,3.0988240242004395,3.106830511453424,0.008006487252984584,0
1780808650.7395947,FLY,spline,0,59,-9.39805065055118,-0.4610158136283184,-1.1853062717642777,-9.386249542236328,-0.3568652272224426,-1.491357445716858,-0.011801108314852371,-0.10415058640587577,0.3060511739525802,0.10481703490438314,13.91178495087499,3.0,-3.00234922624649,0.020761363743936723,-0.22681710833468152,-1.8109136819839478,0.733733594417572,-0.26377639174461365,1.1155385859969258,0.813980553759271,0.036959283409932125,0.11395727752629796,-0.15617540203956962,-0.011806598250082345,0.268298639340104,-0.010731621098247646,3.098959445953369,3.106830511453424,0.007871065500054897,0
1780808650.7499764,FLY,spline,0,59,-9.39805065055118,-0.4610158136283184,-1.1853062717642777,-9.386249542236328,-0.3568652272224426,-1.491357445716858,-0.011801108314852371,-0.10415058640587577,0.3060511739525802,0.10481703490438314,13.91178495087499,3.0,-3.00234922624649,0.020761363743936723,-0.22681710833468152,-1.8109136819839478,0.733733594417572,-0.26377639174461365,1.1289608297507558,0.7985845403679446,0.036959283409932125,0.11180183565151225,-0.15805451616510582,-0.011629930082968087,0.26842298352434146,-0.010739012954929633,3.0990772247314453,3.106830511453424,0.007753286721978725,0
1780808650.7609165,FLY,spline,0,59,-9.39805065055118,-0.4610158136283184,-1.1853062717642777,-9.41152286529541,-0.3466210961341858,-1.495019555091858,0.01347221474422966,-0.1143947174941326,0.3097132833275802,0.11518529402956372,13.8865476006541,3.0,-3.0025637487310384,0.013276646262388322,-0.22710752420201435,-1.8320215940475464,0.7408696413040161,-0.26380279660224915,1.0909982506181573,0.8180822685090681,0.03669527240023479,0.11453151759126955,-0.15273975508654203,-0.011629930082968087,0.2684367653506372,-0.01074635200940968,3.0990772247314453,3.106830511453424,0.007753286721978725,0
1780808650.771511,FLY,spline,0,60,-9.563827761473478,-0.4565460810902138,-1.2121472622126521,-9.438163757324219,-0.3358496129512787,-1.4988476037979126,-0.12566400414925916,-0.12069646813893509,0.2867003415852605,0.17423857024217684,13.859953874037885,3.0,-3.0029194659042178,0.006140948574952745,-0.22544359838145994,-1.8396389484405518,0.7430273294448853,-0.2638206481933594,1.0884912679916028,0.8253393986013594,0.03837704981189943,0.11554751580419033,-0.1523887775188244,-0.010619848311463898,0.2683632921338149,-0.01075402741937206,3.0991435050964355,3.106223403970745,0.007079898874309265,0
1780808650.7820988,FLY,spline,0,60,-9.563827761473478,-0.4565460810902138,-1.2121472622126521,-9.438163757324219,-0.3358496129512787,-1.4988476037979126,-0.12566400414925916,-0.12069646813893509,0.2867003415852605,0.17423857024217684,13.859953874037885,3.0,-3.0029194659042178,0.006140948574952745,-0.22544359838145994,-1.8396389484405518,0.7430273294448853,-0.2638206481933594,1.1013565299635077,0.8132459379506265,0.03837704981189943,0.11385443131308771,-0.1541899141948911,-0.010390966475526398,0.26850794825364394,-0.010761702829334441,3.0992960929870605,3.106223403970745,0.006927310983684265,0
1780808650.7927692,FLY,spline,0,60,-9.563827761473478,-0.4565460810902138,-1.2121472622126521,-9.476797103881836,-0.32029294967651367,-1.5043407678604126,-0.08703065759164197,-0.1362531314137001,0.2921935056477605,0.16167637793095396,13.821405625374629,3.0,-3.0032425123727338,-0.005199349320143237,-0.2259427608660483,-1.868541955947876,0.7494900822639465,-0.2638040781021118,1.0460122674108907,0.8411037551984942,0.03786131723606351,0.1177545257277892,-0.1464417174375247,-0.010009377539674347,0.2687780245688382,-0.010769275092781654,3.099550485610962,3.106223403970745,0.006672918359782898,0
1780808650.8035452,FLY,spline,0,60,-9.563827761473478,-0.4565460810902138,-1.2121472622126521,-9.496289253234863,-0.31249022483825684,-1.5070849657058716,-0.06753850823861463,-0.14405585625195694,0.29493770349321946,0.15910229355852132,13.801963754073807,3.0,-3.0034008857259162,-0.010884157046660084,-0.2262157535338231,-1.874614953994751,0.7505336403846741,-0.26378506422042847,1.0492947343189893,0.843385596819465,0.03756931068660538,0.1180739835547251,-0.1469012628046585,-0.009804099143067901,0.26892097601324433,-0.010776788954918974,3.099687337875366,3.106223403970745,0.006536066095378601,0
1780808650.813921,FLY,spline,0,60,-9.563827761473478,-0.4565460810902138,-1.2121472622126521,-9.496289253234863,-0.31249022483825684,-1.5070849657058716,-0.06753850823861463,-0.14405585625195694,0.29493770349321946,0.15910229355852132,13.801963754073807,3.0,-3.0034008857259162,-0.010884157046660084,-0.2262157535338231,-1.874614953994751,0.7505336403846741,-0.26378506422042847,1.0633531979583635,0.8326818314843963,0.03756931068660538,0.1165754564078155,-0.1488694477141709,-0.009663909018556183,0.26900073690543846,-0.010784302817056295,3.099780797958374,3.106223403970745,0.0064426060123707884,0
1780808650.8247018,FLY,spline,0,60,-9.563827761473478,-0.4565460810902138,-1.2121472622126521,-9.522500038146973,-0.3020409941673279,-1.5107470750808716,-0.04132772332650525,-0.1545050869228859,0.29859981286821946,0.15993687067215206,13.775828286599864,3.0,-3.0036092439959527,-0.018494214981112256,-0.2266044970782377,-1.8912478685379028,0.7529667615890503,-0.26376068592071533,1.0361936023255554,0.8457243230004092,0.03715618884247762,0.11840140522005731,-0.14506710432557776,-0.009520857871095245,0.26911537522641,-0.010791734054824791,3.0998761653900146,3.106223403970745,0.0063472385807301634,0
1780808650.835115,FLY,spline,0,60,-9.563827761473478,-0.4565460810902138,-1.2121472622126521,-9.522500038146973,-0.3020409941673279,-1.5107470750808716,-0.04132772332650525,-0.1545050869228859,0.29859981286821946,0.15993687067215206,13.775828286599864,3.0,-3.0036092439959527,-0.018494214981112256,-0.2266044970782377,-1.8912478685379028,0.7529667615890503,-0.26376068592071533,1.0491822444421022,0.8370600174002449,0.03715618884247762,0.1171884024360343,-0.14688551422189433,-0.009376376212159698,0.26919900601239627,-0.010799165292593288,3.0999724864959717,3.106223403970745,0.006250917474773132,0
1780808650.8457727,FLY,spline,0,60,-9.563827761473478,-0.4565460810902138,-1.2121472622126521,-9.563281059265137,-0.28592774271965027,-1.5163769721984863,-0.0005467022083411877,-0.1706183383705635,0.3042297099858342,0.17061921425102364,13.735181447788852,3.0,-3.0039211348333525,-0.030219383482187168,-0.2272617572971709,-1.9180959463119507,0.7555984258651733,-0.2637897729873657,0.998751608120043,0.8599872888554718,0.036528015690194815,0.12039822043976607,-0.13982522513680604,-0.009066670477906769,0.26943743222065053,-0.010806470895731326,3.1001789569854736,3.106223403970745,0.006044446985271179,0
1780808650.8563538,FLY,spline,0,60,-9.563827761473478,-0.4565460810902138,-1.2121472622126521,-9.590116500854492,-0.2754199206829071,-1.5200390815734863,0.02628873938101428,-0.18112616040730667,0.3078918193608342,0.1830239978858955,13.708445378519984,3.0,-3.0041185380265674,-0.03785901985940521,-0.22772709107995012,-1.9363785982131958,0.7565733194351196,-0.2638295590877533,0.9744769190015468,0.8681062627570453,0.03610246800780317,0.12153487678598635,-0.13642676866021655,-0.00875410372070462,0.26966372201311684,-0.010813691389332887,3.1003873348236084,3.106223403970745,0.0058360691471364134,0
1780808650.867016,FLY,spline,0,60,-9.563827761473478,-0.4565460810902138,-1.2121472622126521,-9.590116500854492,-0.2754199206829071,-1.5200390815734863,0.02628873938101428,-0.18112616040730667,0.3078918193608342,0.1830239978858955,13.708445378519984,3.0,-3.0041185380265674,-0.03785901985940521,-0.22772709107995012,-1.9363785982131958,0.7565733194351196,-0.2638295590877533,0.9924596405898951,0.8588891275638758,0.03610246800780317,0.12024447785894263,-0.13894434968258532,-0.008591025412599151,0.26975974108923445,-0.010820911882934449,3.1004960536956787,3.106223403970745,0.005727350275066101,0
1780808650.8778217,FLY,spline,0,61,-9.729690493029514,-0.4518765062554694,-1.2390514330184623,-9.628007888793945,-0.2607519328594208,-1.5251513719558716,-0.10168260423556852,-0.1911245733960486,0.28609993893740926,0.21649007958783892,13.670708527276636,3.0,-3.004553339831644,-0.04786569161209554,-0.22621290561189294,-1.9629777669906616,0.7569494247436523,-0.2639539837837219,0.9467079430988773,0.8727762334290571,0.03774107817182898,0.122188672680068,-0.13253911203384283,-0.00746569801338004,0.2698092517304438,-0.010828460098568814,3.1006999015808105,3.1056770335897306,0.004977132008920027,0
1780808650.888549,FLY,spline,0,61,-9.729690493029514,-0.4518765062554694,-1.2390514330184623,-9.641718864440918,-0.2554980516433716,-1.5269824266433716,-0.08797162858859586,-0.1963784546120978,0.28793099362490926,0.21518249202099507,13.657057418194695,3.0,-3.0046499341911987,-0.05167120581599961,-0.22647074952041435,-1.9727954864501953,0.7568114399909973,-0.2640179395675659,0.943546718156169,0.8719220366449074,0.03754719004715157,0.12206908513028705,-0.13209654054186368,-0.007106639633253087,0.27003349386068987,-0.010835969536578244,3.1009392738342285,3.1056770335897306,0.004737759755502058,0
1780808650.8993676,FLY,spline,0,61,-9.729690493029514,-0.4518765062554694,-1.2390514330184623,-9.691445350646973,-0.23665039241313934,-1.5335742235183716,-0.038245142382541175,-0.21522611384233004,0.29452279049990926,0.2185977378554784,13.607565516542728,3.0,-3.004988507200514,-0.06530778718932496,-0.22744326568968645,-2.0092933177948,0.7550713419914246,-0.2642921507358551,0.8796642717554221,0.8879042684026565,0.03684888504616865,0.12430659757637191,-0.1231529980457591,-0.006622053871229161,0.2703725615456631,-0.010843339313587478,3.101262331008911,3.1056770335897306,0.004414702580819441,0
1780808650.9100287,FLY,spline,0,61,-9.729690493029514,-0.4518765062554694,-1.2390514330184623,-9.691445350646973,-0.23665039241313934,-1.5335742235183716,-0.038245142382541175,-0.21522611384233004,0.29452279049990926,0.2185977378554784,13.607565516542728,3.0,-3.004988507200514,-0.06530778718932496,-0.22744326568968645,-2.0092933177948,0.7550713419914246,-0.2642921507358551,0.904417572627984,0.8793771455390592,0.03684888504616865,0.1231128003754683,-0.12661846016791775,-0.0064342992401866805,0.2704807905882102,-0.01085070909059671,3.1013875007629395,3.1056770335897306,0.00428953282679112,0
1780808650.9204743,FLY,spline,0,61,-9.729690493029514,-0.4518765062554694,-1.2390514330184623,-9.70546817779541,-0.2314160168170929,-1.5354101657867432,-0.024222315234103675,-0.22046048943837648,0.29635873276828084,0.22178716815611493,13.593613379896613,3.0,-3.0050789381499747,-0.06908895422843121,-0.22773507990904626,-2.0197906494140625,0.7542518377304077,-0.26438242197036743,0.8986385456216788,0.8789629004670655,0.03664734206132117,0.12305480606538918,-0.12580939638703503,-0.0062465446091442,0.27060629813761006,-0.010858038559008975,3.1015126705169678,3.1056770335897306,0.0041643630727628,0
1780808650.9313192,FLY,spline,0,61,-9.729690493029514,-0.4518765062554694,-1.2390514330184623,-9.719687461853027,-0.22614257037639618,-1.53726065158844,-0.010003031176486488,-0.2257339358790732,0.2982092185699776,0.22595546118687923,13.579467763375831,3.0,-3.0051683182086864,-0.07289576857718603,-0.22803956365300035,-2.0305159091949463,0.7532755136489868,-0.26449185609817505,0.8908692311286259,0.8792063311993642,0.0364522924451747,0.123088886367911,-0.12472169235800765,-0.0062465446091442,0.27061461164841266,-0.01086532901749801,3.1015126705169678,3.1056770335897306,0.0041643630727628,0
1780808650.9420388,FLY,spline,0,61,-9.729690493029514,-0.4518765062554694,-1.2390514330184623,-9.733866691589355,-0.2209179699420929,-1.5390965938568115,0.004176198559841637,-0.23095853631337648,0.3000451608383492,0.2309962902958151,13.565363958819503,3.0,-3.0052553605424928,-0.07666474147351095,-0.22835032966769442,-2.0523717403411865,0.7508677244186401,-0.2647634744644165,0.8581922415149384,0.8755657189844857,0.036413144796722086,0.122579200657828,-0.12014691381209139,-0.00568649936683463,0.2709701999060131,-0.010872611646457354,3.101886034011841,3.1056770335897306,0.003790999577889753,0
1780808650.9528635,FLY,spline,0,62,-9.89563241981301,-0.4470173977978367,-1.26599693136337,-9.777265548706055,-0.2051660120487213,-1.5446630716323853,-0.11836687110695543,-0.2418513857491154,0.27866614026901515,0.26926345642217775,13.522207379888668,3.0,-3.005693048869282,-0.08746998690515363,-0.22693395721294052,-2.074782133102417,0.7478493452072144,-0.26507076621055603,0.8277581536553476,0.8873006970474352,0.03813680899761551,0.12422209758664093,-0.11588614151174867,-0.004584908602218052,0.271073135174751,-0.010880239008256876,3.1021347045898438,3.105191310324656,0.0030566057348120346,0
1780808650.9636333,FLY,spline,0,62,-9.89563241981301,-0.4470173977978367,-1.26599693136337,-9.791757583618164,-0.1999804675579071,-1.5465039014816284,-0.10387483619484605,-0.24703693023992962,0.2805069701182583,0.2679873625693457,13.507800021131104,3.0,-3.00577732260997,-0.09119314333406663,-0.2272660002639753,-2.086115837097168,0.7461225986480713,-0.26521989703178406,0.8238112212897324,0.8858354491440583,0.03795389676780875,0.12401696288016818,-0.11533357098056254,-0.0043939353203577,0.27120710521223695,-0.010887829787610439,3.102262020111084,3.105191310324656,0.0029292902135718,0
1780808650.9744933,FLY,spline,0,62,-9.89563241981301,-0.4470173977978367,-1.26599693136337,-9.806327819824219,-0.19481444358825684,-1.5483447313308716,-0.08930459998879137,-0.2522029542095799,0.2823477999675015,0.26754745689540294,13.493316599393216,3.0,-3.0058595033065214,-0.09489848125723323,-0.2276073880590868,-2.1079795360565186,0.7424277067184448,-0.26553747057914734,0.7947944799112423,0.8798902202814005,0.037930082520060526,0.12318463083939608,-0.11127122718757393,-0.004049897310714146,0.27143050175339795,-0.01089541580411445,3.1024913787841797,3.105191310324656,0.002699931540476097,0
1780808650.985203,FLY,spline,1,62,-9.89563241981301,-0.4470173977978367,-1.26599693136337,-9.847421646118164,-0.18045897781848907,-1.55349600315094,-0.048210773694846054,-0.26655841997934765,0.28749907178756984,0.2708831297112132,13.452476988703324,3.0,-3.0060802867084173,-0.105177588283159,-0.2286010137563887,-2.1303110122680664,0.7381908297538757,-0.26588141918182373,0.7666817586351645,0.8887424005220763,0.03728040542543504,0.1244239360730907,-0.10733544620892305,-0.003858924028853794,0.2716036873375427,-0.010902871885199538,3.10261869430542,3.105191310324656,0.0025726160192358627,0
1780808650.9956675,FLY,spline,1,62,-9.89563241981301,-0.4470173977978367,-1.26599693136337,-9.8623046875,-0.1753515601158142,-1.5553417205810547,-0.03332773231301012,-0.2716658376820225,0.2893447892176846,0.27370251205387697,13.437689042275432,3.0,-3.0061552380882466,-0.10882719121746702,-0.22897604708105895,-2.142268657684326,0.7357407808303833,-0.2660701274871826,0.7632368988809538,0.8866974844307027,0.037094080406123664,0.12413764782029839,-0.10685316584333354,-0.0036700965142053565,0.2717410920213967,-0.010910290701280764,3.1027445793151855,3.105191310324656,0.0024467310094702377,0
1780808651.0060892,FLY,spline,1,62,-9.89563241981301,-0.4470173977978367,-1.26599693136337,-9.877264976501465,-0.17026366293430328,-1.557192325592041,-0.018367443311545273,-0.27675373486353344,0.2911953942286709,0.27736256548914057,13.422825957601619,3.0,-3.0062287045883935,-0.11245898128253627,-0.22935649116612716,-2.16506028175354,0.7307224273681641,-0.26645156741142273,0.7336824557947877,0.8788515796374469,0.037095076245295566,0.12303922114924257,-0.1027155438112703,-0.0034816266274255714,0.27186413425865646,-0.010917709716529823,3.102870225906372,3.105191310324656,0.0023210844182837143,0
1780808651.0168552,FLY,spline,1,62,-9.89563241981301,-0.4470173977978367,-1.26599693136337,-9.903749465942383,-0.16136717796325684,-1.5604443550109863,0.008117046129372696,-0.2856502198345799,0.2944474236476162,0.28576552368928304,13.396517351572516,3.0,-3.0063527072304215,-0.11880005577487028,-0.2300483687091101,-2.175861358642578,0.7281888127326965,-0.26663848757743835,0.7325625925913506,0.8848496961082839,0.03659011886832825,0.12387895745515975,-0.1025587629627891,-0.0027828217720788917,0.27239176614557103,-0.010925027740303489,3.1033360958099365,3.105191310324656,0.0018552145147192611,0
1780808651.0278525,FLY,spline,1,63,-10.061647116417682,-0.44197906439106777,-1.2929619044290364,-9.934218406677246,-0.15131835639476776,-1.5641552209854126,-0.1274287097404354,-0.2906607079963,0.27119331655637624,0.3173668590748292,13.366256291219221,3.0,-3.0066838635408284,-0.12550875705125847,-0.22826264115704586,-2.200791835784912,0.721997082233429,-0.26709699630737305,0.6979180198057552,0.8819013451369498,0.03883435515032718,0.12346618831917298,-0.09770852277280574,-0.002145094613709597,0.27220446037198104,-0.010932794611333554,3.1033360958099365,3.104766158885743,0.0014300630758063981,0
1780808651.0386384,FLY,spline,1,63,-10.061647116417682,-0.44197906439106777,-1.2929619044290364,-9.989686965942383,-0.13355468213558197,-1.5708105564117432,-0.07196015047529869,-0.3084243822554858,0.2778486519827068,0.3167078509069607,13.311179530966387,3.0,-3.006915047717173,-0.13807626967198552,-0.2297752568653971,-2.24658203125,0.70936119556427,-0.26803550124168396,0.6205413429124025,0.8764593494368619,0.03826024437628686,0.12270430892116067,-0.08687578800773636,-0.0016605088516856714,0.2725900967814602,-0.01094044666020881,3.103659152984619,3.104766158885743,0.001107005901123781,0
1780808651.048965,FLY,spline,1,63,-10.061647116417682,-0.44197906439106777,-1.2929619044290364,-9.989686965942383,-0.13355468213558197,-1.5708105564117432,-0.07196015047529869,-0.3084243822554858,0.2778486519827068,0.3167078509069607,13.311179530966387,3.0,-3.006915047717173,-0.13807626967198552,-0.2297752568653971,-2.24658203125,0.70936119556427,-0.26803550124168396,0.6527826465192403,0.8761388997725653,0.03826024437628686,0.12265944596815916,-0.09138957051269365,-0.0014731118485118433,0.2727180616350776,-0.010948098709084067,3.1037840843200684,3.104766158885743,0.0009820745656745622,0
1780808651.0600593,FLY,spline,1,63,-10.061647116417682,-0.44197906439106777,-1.2929619044290364,-10.005390167236328,-0.12865233421325684,-1.5726757049560547,-0.05625694918135338,-0.31332673017781093,0.27971380052701833,0.3183370606371682,13.295590057610584,3.0,-3.006974584945784,-0.14153311012928654,-0.23021776030448446,-2.25960373878479,0.7054937481880188,-0.26831328868865967,0.6469201817582991,0.8739086660095867,0.03809552838417521,0.12234721324134215,-0.09056882544616189,-0.001288575868287234,0.2728597360544387,-0.010955717814760903,3.1039071083068848,3.104766158885743,0.0008590505788581559,0
1780808651.0716298,FLY,spline,1,63,-10.061647116417682,-0.44197906439106777,-1.2929619044290364,-10.005390167236328,-0.12865233421325684,-1.5726757049560547,-0.05625694918135338,-0.31332673017781093,0.27971380052701833,0.3183370606371682,13.295590057610584,3.0,-3.006974584945784,-0.14153311012928654,-0.23021776030448446,-2.25960373878479,0.7054937481880188,-0.26831328868865967,0.6673222532921993,0.8741112263827459,0.03809552838417521,0.12237557169358443,-0.09342511546090791,-0.001288575868287234,0.2728521169487619,-0.010963336920437739,3.1039071083068848,3.104766158885743,0.0008590505788581559,0
1780808651.0820668,FLY,spline,1,63,-10.061647116417682,-0.44197906439106777,-1.2929619044290364,-10.05941390991211,-0.11222656071186066,-1.5790233612060547,-0.0022332065055721273,-0.3297525036792071,0.28606145677701833,0.32976006564470783,13.241965479611293,3.0,-3.007158505457153,-0.15307462876353278,-0.23179211444946127,-2.3045969009399414,0.6912521123886108,-0.26939284801483154,0.5837499895937494,0.8643106412734382,0.037600733565370276,0.12100348977828135,-0.08172499854312491,-0.000537557344117312,0.27347262995736826,-0.010970857067150813,3.104407787322998,3.104766158885743,0.0003583715627448747,0
1780808651.0927904,FLY,spline,1,64,-10.227728157437245,-0.4367718147089139,-1.3199244993971213,-10.111600875854492,-0.09698241949081421,-1.5850683450698853,-0.11612728158275232,-0.3397893952180997,0.26514384567276394,0.35908547538222957,13.190174585366478,3.0,-3.0075188285017203,-0.1633835964146654,-0.2305553923994854,-2.3482534885406494,0.6760870218276978,-0.27049875259399414,0.5151373631368126,0.8517012963710212,0.039943360194508754,0.11923818149194298,-0.07211923083915377,0.00017677278351246883,0.27341497561391875,-0.010978845739189716,3.1045193672180176,3.104401518695676,-0.00011784852234164589,0
1780808651.1035917,FLY,spline,1,64,-10.227728157437245,-0.4367718147089139,-1.3199244993971213,-10.128007888793945,-0.09232421964406967,-1.5869481563568115,-0.09972026864329919,-0.34444759506484424,0.2670236569596902,0.35859207705169205,13.173893669248756,3.0,-3.007563845295764,-0.1666200997548599,-0.23105189116462088,-2.3620011806488037,0.6710701584815979,-0.2708933651447296,0.519132148748269,0.8500320314713359,0.03984147398010873,0.11900448440598703,-0.07267850082475766,0.0005415532095378595,0.2737211387233286,-0.010986814033985737,3.104762554168701,3.104401518695676,-0.00036103547302523964,0
1780808651.1144712,FLY,spline,1,64,-10.227728157437245,-0.4367718147089139,-1.3199244993971213,-10.128007888793945,-0.09232421964406967,-1.5869481563568115,-0.09972026864329919,-0.34444759506484424,0.2670236569596902,0.35859207705169205,13.173893669248756,3.0,-3.007563845295764,-0.1666200997548599,-0.23105189116462088,-2.3620011806488037,0.6710701584815979,-0.2708933651447296,0.5477630571609708,0.8532346740492643,0.03984147398010873,0.11945285436689702,-0.07668682800253593,0.0006939026815837579,0.2738468835262619,-0.010994782328781759,3.1048641204833984,3.104401518695676,-0.00046260178772250526,0
1780808651.1251097,FLY,spline,1,64,-10.227728157437245,-0.4367718147089139,-1.3199244993971213,-10.161093711853027,-0.08310546725988388,-1.5907177925109863,-0.06663444558421716,-0.35366634744903,0.270793293113865,0.3598889198853641,13.141064548642074,3.0,-3.0076470394247874,-0.17300715258537566,-0.23206886338534313,-2.3897435665130615,0.660591721534729,-0.2716886103153229,0.5073471194384994,0.8442350385618741,0.03961974692997974,0.11819290539866238,-0.07102859672138992,0.0008387419683879571,0.2739873537146838,-0.011002706278167754,3.1049606800079346,3.104401518695676,-0.0005591613122586381,0
1780808651.135684,FLY,spline,1,64,-10.227728157437245,-0.4367718147089139,-1.3199244993971213,-10.212343215942383,-0.0693359375,-1.596498966217041,-0.015384941494861692,-0.3674358772089139,0.2765744668199197,0.3677578283124431,13.090216828304992,3.0,-3.007754209445031,-0.182493263580252,-0.23368719912498528,-2.432670831680298,0.6434646248817444,-0.27301985025405884,0.437931500331435,0.8272967759556294,0.039332651129073554,0.11582154863378813,-0.06131041004640091,0.001248583505863543,0.2743988760361245,-0.011010572808393569,3.105233907699585,3.104401518695676,-0.0008323890039090287,0
1780808651.1464643,FLY,spline,1,64,-10.227728157437245,-0.4367718147089139,-1.3199244993971213,-10.212343215942383,-0.0693359375,-1.596498966217041,-0.015384941494861692,-0.3674358772089139,0.2765744668199197,0.3677578283124431,13.090216828304992,3.0,-3.007754209445031,-0.182493263580252,-0.23368719912498528,-2.432670831680298,0.6434646248817444,-0.27301985025405884,0.4700278788748147,0.8329620807156483,0.039332651129073554,0.11661469130019077,-0.06580390304247406,0.0013784024221843438,0.27452354572505194,-0.011018439338619384,3.105320453643799,3.104401518695676,-0.0009189349481228959,0
1780808651.1571922,FLY,spline,1,64,-10.227728157437245,-0.4367718147089139,-1.3199244993971213,-10.22933578491211,-0.0649121105670929,-1.5983984470367432,0.00160762747486487,-0.371859704141821,0.27847394763962185,0.37186317918091943,13.07335816313537,3.0,-3.0077835682000718,-0.18552542116657725,-0.234236731278257,-2.4468748569488525,0.6375570297241211,-0.27347898483276367,0.46157910601687563,0.8294636873478057,0.03924225355450667,0.11612491622869281,-0.0646210748423626,0.0015017840368694024,0.2746534179035141,-0.011026287789330286,3.105402708053589,3.104401518695676,-0.001001189357912935,0
1780808651.1680555,FLY,spline,1,65,-10.393869117465417,-0.43140595742512666,-1.3468628634492865,-10.289999961853027,-0.04964843764901161,-1.6051172018051147,-0.10386915561239007,-0.38175751977611505,0.25825433835582823,0.3956356978247056,13.013174591889046,3.0,-3.008086045964919,-0.19568115742133196,-0.23320007443120816,-2.497466564178467,0.6155596375465393,-0.27526530623435974,0.3727749401820053,0.8034093885001881,0.04206523180315158,0.11247731439002634,-0.05218849162548075,0.0020749905310686323,0.2745473684935624,-0.011034700835690917,3.105480670928955,3.1040973439082427,-0.0013833270207124215,0
1780808651.1786954,FLY,spline,1,65,-10.393869117465417,-0.43140595742512666,-1.3468628634492865,-10.289999961853027,-0.04964843764901161,-1.6051172018051147,-0.10386915561239007,-0.38175751977611505,0.25825433835582823,0.3956356978247056,13.013174591889046,3.0,-3.008086045964919,-0.19568115742133196,-0.23320007443120816,-2.497466564178467,0.6155596375465393,-0.27526530623435974,0.4053352839843244,0.8110840140403274,0.04206523180315158,0.11355176196564584,-0.05674693975780542,0.0022480824194963667,0.2747341448271013,-0.011043113882051548,3.1055960655212402,3.1040973439082427,-0.0014987216129975778,0
1780808651.189137,FLY,spline,1,65,-10.393869117465417,-0.43140595742512666,-1.3468628634492865,-10.324999809265137,-0.041240233927965164,-1.608950138092041,-0.0688693082002807,-0.3901657234971615,0.2620872746427545,0.396197265770536,12.978452412639395,3.0,-3.008126044127179,-0.2013558635799093,-0.23434981977055092,-2.526522397994995,0.6022917628288269,-0.2763597071170807,0.3649853657945201,0.7974422392287978,0.04200988734652977,0.1116419134920317,-0.051097951211232825,0.0024644472800310346,0.27498519183621134,-0.011051515859520855,3.1057403087615967,3.1040973439082427,-0.001642964853354023,0
1780808651.1999083,FLY,spline,1,65,-10.393869117465417,-0.43140595742512666,-1.3468628634492865,-10.324999809265137,-0.041240233927965164,-1.608950138092041,-0.0688693082002807,-0.3901657234971615,0.2620872746427545,0.396197265770536,12.978452412639395,3.0,-3.008126044127179,-0.2013558635799093,-0.23434981977055092,-2.526522397994995,0.6022917628288269,-0.2763597071170807,0.3912882183468882,0.8043024248692702,0.04200988734652977,0.11260233948169783,-0.054780350568564354,0.002561722060304472,0.2750999936247796,-0.011059917836990162,3.1058051586151123,3.1040973439082427,-0.001707814706869648,0
1780808651.2106423,FLY,spline,1,65,-10.393869117465417,-0.43140595742512666,-1.3468628634492865,-10.391679763793945,-0.025996092706918716,-1.616176724433899,-0.002189353671472105,-0.40540986471820795,0.2693138609846124,0.4054157763091299,12.912300720771311,3.0,-3.008170645485352,-0.21154841713268718,-0.23659609074189217,-2.5815064907073975,0.5759111642837524,-0.27846774458885193,0.29026743123305115,0.7691608628580668,0.04187165384695976,0.10768252080012937,-0.04063744037262716,0.0027931072913225385,0.2754312741537782,-0.011068292167759553,3.105959415435791,3.1040973439082427,-0.001862071527548359,0
1780808651.2213228,FLY,spline,1,65,-10.393869117465417,-0.43140595742512666,-1.3468628634492865,-10.4097261428833,-0.022050781175494194,-1.6181151866912842,0.015857025417883364,-0.40935517624963247,0.27125232324199766,0.4096621847052411,12.894396585389364,3.0,-3.008175391400934,-0.21416291084200778,-0.23721680695946695,-2.5962841510772705,0.5685476660728455,-0.27906206250190735,0.2906215571198487,0.7674463770027774,0.041845255542440396,0.10744249278038885,-0.040687017996778825,0.002871427794557402,0.2755449720556832,-0.011076661218868042,3.1060116291046143,3.1040973439082427,-0.0019142851963716012,0
1780808651.231886,FLY,spline,1,65,-10.393869117465417,-0.43140595742512666,-1.3468628634492865,-10.4097261428833,-0.022050781175494194,-1.6181151866912842,0.015857025417883364,-0.40935517624963247,0.27125232324199766,0.4096621847052411,12.894396585389364,3.0,-3.008175391400934,-0.21416291084200778,-0.23721680695946695,-2.5962841510772705,0.5685476660728455,-0.27906206250190735,0.3185711211346832,0.7762727408764384,0.041845255542440396,0.10867818372270138,-0.04459995695885566,0.002871427794557402,0.27553660300457467,-0.01108503026997653,3.1060116291046143,3.1040973439082427,-0.0019142851963716012,0
1780808651.2424433,FLY,spline,1,66,-10.560063571095911,-0.4258918012134583,-1.373755143767192,-10.427851676940918,-0.018154297024011612,-1.620058536529541,-0.13221189415499346,-0.4077375041894467,0.24630339276234903,0.42863720939588323,12.876413832489886,3.0,-3.0083932970083405,-0.2165957045379432,-0.23462400077222428,-2.6267201900482178,0.5530205965042114,-0.28031831979751587,0.2727627250613816,0.7512825973207947,0.045694319025291585,0.10517956362491127,-0.03818678150859343,0.0033167895278110038,0.27534199826231004,-0.011094169133781587,3.106064796447754,3.1038536034292132,-0.002211193018540669,0
1780808651.2532036,FLY,spline,1,66,-10.560063571095911,-0.4258918012134583,-1.373755143767192,-10.50331974029541,-0.0027441405691206455,-1.6280713081359863,-0.05674383080050127,-0.4231476606443377,0.25431616436879434,0.4269353640103985,12.801534410824823,3.0,-3.008390792505627,-0.2266443675299215,-0.23719206026183298,-2.6722939014434814,0.52886563539505,-0.2822914123535156,0.1981864269438641,0.7260939552410143,0.04509935209168264,0.10165315373374201,-0.027746099772140976,0.00357714261618991,0.2758588854927556,-0.011103189004199925,3.10623836517334,3.1038536034292132,-0.0023847617441266067,0
1780808651.264012,FLY,spline,1,66,-10.560063571095911,-0.4258918012134583,-1.373755143767192,-10.50331974029541,-0.0027441405691206455,-1.6280713081359863,-0.05674383080050127,-0.4231476606443377,0.25431616436879434,0.4269353640103985,12.801534410824823,3.0,-3.008390792505627,-0.2266443675299215,-0.23719206026183298,-2.6722939014434814,0.52886563539505,-0.2822914123535156,0.23151077282064364,0.7383330737193335,0.04509935209168264,0.10336663032070671,-0.03241150819489011,0.003629356285013152,0.27596281629062097,-0.011112208874618262,3.1062731742858887,3.1038536034292132,-0.002419570856675435,0
1780808651.274538,FLY,spline,1,66,-10.560063571095911,-0.4258918012134583,-1.373755143767192,-10.573593139648438,0.010478515177965164,-1.6354345083236694,0.013529568552526072,-0.4363703163914235,0.26167936455647745,0.4365800067029737,12.73179921565544,3.0,-3.0083438133759706,-0.2351016170297056,-0.23965513890769868,-2.728463888168335,0.4975995421409607,-0.28473490476608276,0.13302241466204912,0.6923839479309051,0.04507976585838408,0.09693375271032673,-0.018623138052686877,0.003695517440713836,0.2761419708087185,-0.011121224827789938,3.1063172817230225,3.1038536034292132,-0.002463678293809224,0
1780808651.2848737,FLY,spline,1,66,-10.560063571095911,-0.4258918012134583,-1.373755143767192,-10.573593139648438,0.010478515177965164,-1.6354345083236694,0.013529568552526072,-0.4363703163914235,0.26167936455647745,0.4365800067029737,12.73179921565544,3.0,-3.0083438133759706,-0.2351016170297056,-0.23965513890769868,-2.728463888168335,0.4975995421409607,-0.28473490476608276,0.1692869534935398,0.707300785897898,0.04507976585838408,0.09902211002570573,-0.023700173489095575,0.0037205513915195,0.2762358253840784,-0.011130240780961614,3.1063339710235596,3.1038536034292132,-0.0024803675943463332,0
1780808651.2955039,FLY,spline,1,67,-10.72630509292245,-0.42023965474766045,-1.4005794875324986,-10.592656135559082,0.013876953162252903,-1.637416958808899,-0.13364895736336813,-0.43411660790991335,0.2368374712764003,0.45422381384899324,12.712880040119819,3.0,-3.0085388568835127,-0.23720420478752283,-0.2369096090591294,-2.7435412406921387,0.4889349341392517,-0.28541895747184753,0.16246142341801895,0.7021603561559803,0.048509348412718145,0.09830244986183724,-0.022744599278522654,0.004015204658814886,0.27605390471625096,-0.011139942650644158,3.10634708404541,3.1036702809395336,-0.0026768031058765906,0
1780808651.306225,FLY,spline,1,67,-10.72630509292245,-0.42023965474766045,-1.4005794875324986,-10.647772789001465,0.023261718451976776,-1.6431200504302979,-0.07853230392098531,-0.4435013731996372,0.24254056289779924,0.45040070025378726,12.658173422793821,3.0,-3.0084799229155585,-0.24304132756517152,-0.23881778542093463,-2.7867815494537354,0.46343013644218445,-0.28744855523109436,0.09182478566660077,0.6654209919658829,0.048630769810159735,0.09315893887522361,-0.012855469993324108,0.004021284332581976,0.2763080649091891,-0.01114966880460619,3.106351137161255,3.1036702809395336,-0.002680856221721317,0
1780808651.316661,FLY,spline,1,67,-10.72630509292245,-0.42023965474766045,-1.4005794875324986,-10.647772789001465,0.023261718451976776,-1.6431200504302979,-0.07853230392098531,-0.4435013731996372,0.24254056289779924,0.45040070025378726,12.658173422793821,3.0,-3.0084799229155585,-0.24304132756517152,-0.23881778542093463,-2.7867815494537354,0.46343013644218445,-0.28744855523109436,0.12327797331352344,0.6799479462481948,0.048630769810159735,0.09519271247474728,-0.017258916263893285,0.004021284332581976,0.2762983387552271,-0.011159394958568223,3.106351137161255,3.1036702809395336,-0.002680856221721317,0
1780808651.3274117,FLY,spline,1,67,-10.72630509292245,-0.42023965474766045,-1.4005794875324986,-10.70644474029541,0.03252929449081421,-1.6491405963897705,-0.01986035262704,-0.45276894923847466,0.2485611088572719,0.4532043192655856,12.599926953613174,3.0,-3.008389955777358,-0.248677964359417,-0.2408853857849783,-2.8438541889190674,0.4282894432544708,-0.2901245951652527,0.021887325337193904,0.6208177550257955,0.049239209380274374,0.08691448570361138,-0.0030642255472071466,0.003984448662110784,0.27651597437345066,-0.011169242800444278,3.1063265800476074,3.1036702809395336,-0.0026562991080738563,0
1780808651.3379564,FLY,spline,1,67,-10.72630509292245,-0.42023965474766045,-1.4005794875324986,-10.70644474029541,0.03252929449081421,-1.6491405963897705,-0.01986035262704,-0.45276894923847466,0.2485611088572719,0.4532043192655856,12.599926953613174,3.0,-3.008389955777358,-0.248677964359417,-0.2408853857849783,-2.8438541889190674,0.4282894432544708,-0.2901245951652527,0.05747445225520198,0.6392782099903944,0.049239209380274374,0.08949894939865523,-0.008046423315728277,0.003946897735902288,0.27664392294747187,-0.011179090642320333,3.1063015460968018,3.1036702809395336,-0.002631265157268192,0
1780808651.3484354,FLY,spline,1,68,-10.892587257538748,-0.4144598267014846,-1.427314041926868,-10.77718734741211,0.042753905057907104,-1.6563231945037842,-0.11539991012663897,-0.45721373175939173,0.22900915257691623,0.47155226196741473,12.529681016716575,3.0,-3.0084629148712696,-0.25477195273624265,-0.239774576316309,-2.885791301727295,0.4013933837413788,-0.2921175956726074,-0.008047823897879256,0.6032142068190903,0.052343019356298426,0.08444998895467265,0.001126695345703096,0.004093705837620254,0.27646733449769506,-0.011189559246191593,3.106276512145996,3.103547374920916,-0.0027291372250801693,0
1780808651.3592439,FLY,spline,1,68,-10.892587257538748,-0.4144598267014846,-1.427314041926868,-10.77718734741211,0.042753905057907104,-1.6563231945037842,-0.11539991012663897,-0.45721373175939173,0.22900915257691623,0.47155226196741473,12.529681016716575,3.0,-3.0084629148712696,-0.25477195273624265,-0.239774576316309,-2.885791301727295,0.4013933837413788,-0.2921175956726074,0.024173240814066157,0.6202770466754289,0.052343019356298426,0.08683878653456006,-0.0033842537139692624,0.0040422074245343165,0.2765328463325003,-0.011200027850062853,3.1062421798706055,3.103547374920916,-0.0026948049496895443,0
1780808651.3701663,FLY,spline,1,68,-10.892587257538748,-0.4144598267014846,-1.427314041926868,-10.8394136428833,0.05087890475988388,-1.6625927686691284,-0.053173614655447565,-0.4653387314613685,0.23527872674226047,0.4683669163098539,12.46787449395608,3.0,-3.008321550873228,-0.25938248560913724,-0.24195907244724119,-2.932065725326538,0.3706721365451813,-0.2943721413612366,-0.05335992866236107,0.57119686559543,0.052413068913995386,0.07996756118336021,0.0074703900127305505,0.0038276307033429102,0.27672548156128385,-0.011210510463845653,3.1060991287231445,3.103547374920916,-0.002551753802228607,0
1780808651.3805027,FLY,spline,1,68,-10.892587257538748,-0.4144598267014846,-1.427314041926868,-10.859882354736328,0.05337890610098839,-1.6646435260772705,-0.03270490280242022,-0.467838732802473,0.23732948415040256,0.4689804799536325,12.447540177657103,3.0,-3.0082685979044816,-0.26076121123274354,-0.24268594903500432,-2.9470739364624023,0.3604651093482971,-0.2951018512248993,-0.05365273181198897,0.5689581630263346,0.052415902189894975,0.07965414282368685,0.007511382453678456,0.003745376293552871,0.27677787853566427,-0.011220993644283632,3.106044292449951,3.103547374920916,-0.0024969175290352474,0
1780808651.3915355,FLY,spline,1,68,-10.892587257538748,-0.4144598267014846,-1.427314041926868,-10.859882354736328,0.05337890610098839,-1.6646435260772705,-0.03270490280242022,-0.467838732802473,0.23732948415040256,0.4689804799536325,12.447540177657103,3.0,-3.0082685979044816,-0.26076121123274354,-0.24268594903500432,-2.9470739364624023,0.3604651093482971,-0.2951018512248993,-0.0258683902420687,0.5851718124625628,0.052415902189894975,0.08192405374475879,0.0036215746338896185,0.00365668458212709,0.276827119322679,-0.011231476824721611,3.105985164642334,3.103547374920916,-0.00243778972141806,0
1780808651.40188,FLY,spline,1,68,-10.892587257538748,-0.4144598267014846,-1.427314041926868,-10.880468368530273,0.05581054463982582,-1.6666991710662842,-0.012118889008474909,-0.47027037134131044,0.23938512913941623,0.4704264975873423,12.427087494169367,3.0,-3.0082120997992834,-0.2620818096037632,-0.24342201290952015,-2.962056875228882,0.3501558303833008,-0.29584193229675293,-0.038794375139625706,0.5755806609717194,0.05241991938723278,0.08058129253604072,0.0054312125195476,0.003560840313328262,0.2768728373035025,-0.011241960808599058,3.1059212684631348,3.103547374920916,-0.002373893542218841,0
1780808651.4123049,FLY,spline,1,69,-11.058903639538517,-0.4085626257486823,-1.4539369541319604,-10.937968254089355,0.06217773258686066,-1.6724169254302979,-0.12093538544916171,-0.47074035833554295,0.2184799712983374,0.48602659641177326,12.369950481967653,3.0,-2.9919396472468183,-0.26733159231470704,-0.24163355778605075,-3.00339412689209,0.3210759162902832,-0.2979219853878021,-0.14472341434380434,0.5300243274697377,0.05628842760175137,0.07420340584576329,0.02026127800813261,0.0034743102230752054,0.2766469465556281,-0.011253218494119407,3.1058011054992676,3.103484898683884,-0.0023162068153834703,0
1780808651.4232726,FLY,spline,1,69,-11.058903639538517,-0.4085626257486823,-1.4539369541319604,-10.979999542236328,0.06641601771116257,-1.6765722036361694,-0.07890409730218906,-0.47497864345984486,0.222635249504209,0.48148786933216475,12.328174233799428,3.0,-2.970035702269393,-0.2714638102507612,-0.2431000766674288,-3.0330777168273926,0.299629807472229,-0.2994575798511505,-0.22318137635331287,0.5051461495782479,0.05635750318372171,0.07072046094095472,0.031245392689463806,0.0032743962444985453,0.2767381919583433,-0.011264489994756152,3.10566782951355,3.103484898683884,-0.002182930829665697,0
1780808651.4340425,FLY,spline,1,69,-11.058903639538517,-0.4085626257486823,-1.4539369541319604,-10.979999542236328,0.06641601771116257,-1.6765722036361694,-0.07890409730218906,-0.47497864345984486,0.222635249504209,0.48148786933216475,12.328174233799428,3.0,-2.970035702269393,-0.2714638102507612,-0.2431000766674288,-3.0330777168273926,0.299629807472229,-0.2994575798511505,-0.18131396274174097,0.5241291473331618,0.05635750318372171,0.07337808062664267,0.025383954783843737,0.0031799824871743265,0.2767827612503685,-0.011275761495392896,3.105604887008667,3.103484898683884,-0.0021199883247828843,0
1780808651.4450731,FLY,spline,1,69,-11.058903639538517,-0.4085626257486823,-1.4539369541319604,-11.039921760559082,0.07187499850988388,-1.682460904121399,-0.01898187897943515,-0.4804376242585662,0.22852394998943848,0.48081246087513696,12.26860059786391,3.0,-2.9453874297254803,-0.27528780218879945,-0.244785231336537,-3.074643135070801,0.2687651216983795,-0.30161216855049133,-0.2955391201065348,0.4726603276608821,0.05682693721395432,0.06617244587252351,0.04137547681491488,0.002801612202140147,0.2768435910577685,-0.011287126882835686,3.1053526401519775,3.103484898683884,-0.0018677414680934312,0
1780808651.4557526,FLY,spline,1,69,-11.058903639538517,-0.4085626257486823,-1.4539369541319604,-11.06136703491211,0.07366210967302322,-1.6845605373382568,0.002463395373592192,-0.4822247354217055,0.2306235832062964,0.48223102738137924,12.247275616068746,3.0,-2.928091957105152,-0.2776779451158208,-0.2459787200572625,-3.0893044471740723,0.2576445937156677,-0.30236533284187317,-0.32115835225719175,0.4707881574328662,0.05638661278461066,0.06591034204060128,0.04496216931600685,0.002632096592398936,0.2768917502208353,-0.011298404205392609,3.1052396297454834,3.103484898683884,-0.0017547310615992906,0
1780808651.466473,FLY,spline,1,70,-11.225247813515479,-0.40255836056300565,-1.4804263713294366,-11.14339828491211,0.07971679419279099,-1.692543864250183,-0.08184952860336914,-0.48227515475579663,0.21211749292074655,0.4891714119072386,12.165682553309018,3.0,-2.9032318210131347,-0.28022043424559434,-0.24526500967386783,-3.144162893295288,0.21484063565731049,-0.30523496866226196,-0.45102527050972385,0.3933936533139801,0.059969958988394134,0.055075111463957216,0.06314353787136134,0.0026351240207422855,0.27659308853273495,-0.011310398197190288,3.1052396297454834,3.103482880398322,-0.0017567493471615236,0
1780808651.477274,FLY,spline,1,70,-11.225247813515479,-0.40255836056300565,-1.4804263713294366,-11.14339828491211,0.07971679419279099,-1.692543864250183,-0.08184952860336914,-0.48227515475579663,0.21211749292074655,0.4891714119072386,12.165682553309018,3.0,-2.8868152943547645,-0.2818993808299192,-0.2447937071237938,-3.144162893295288,0.21484063565731049,-0.30523496866226196,-0.42972282197725786,0.42339625833898364,0.060441261538468155,0.059275476167457715,0.06016119507681611,0.0021076229144800784,0.27658790324632315,-0.011322486449497982,3.1048879623413086,3.103482880398322,-0.001405081942986719,0
1780808651.4879286,FLY,spline,1,70,-11.225247813515479,-0.40255836056300565,-1.4804263713294366,-11.165350914001465,0.08113281428813934,-1.694667935371399,-0.05989689951401367,-0.483691174851145,0.21424156404196237,0.48738566987579024,12.143841291905892,3.0,-2.8758738614006756,-0.28258626373049145,-0.24555588215002502,-3.1585099697113037,0.20332638919353485,-0.3060116469860077,-0.4382797679059271,0.41648358408454683,0.06045576483598267,0.05830770177183656,0.0613591675068298,0.0016402032901514652,0.27656964916378657,-0.011334577602465179,3.104576349258423,3.103482880398322,-0.0010934688601009768,0
1780808651.4982166,FLY,spline,1,70,-11.225247813515479,-0.40255836056300565,-1.4804263713294366,-11.187382698059082,0.0824609324336052,-1.6967968940734863,-0.03786511545639648,-0.48501929299661084,0.21637052274404978,0.4864950992018917,12.121918473927105,3.0,-2.8649578101498823,-0.28311498158942716,-0.24632258793641712,-3.1727724075317383,0.19173884391784668,-0.30677634477615356,-0.4514510954467008,0.4076305441774861,0.060453756839736444,0.05706827618484806,0.06320315336253812,0.0013701942493189456,0.2765400601641172,-0.011346668353833127,3.104396343231201,3.103482880398322,-0.0009134628328792971,0
1780808651.5088081,FLY,spline,1,70,-11.225247813515479,-0.40255836056300565,-1.4804263713294366,-11.2095308303833,0.0837109386920929,-1.6989306211471558,-0.01571698313217773,-0.48626929925509854,0.2185042498177192,0.4865232316722622,12.099877293208648,3.0,-2.8444406914210876,-0.283465416097978,-0.24709806343816235,-3.199556589126587,0.16957330703735352,-0.30821505188941956,-0.5159278482831987,0.3722579151101896,0.06111698845125721,0.052116108115426545,0.07222989875964783,0.0008552101184595706,0.27642884535267703,-0.011358891751523378,3.104053020477295,3.103482880398322,-0.0005701400789730471,0
1780808651.5193472,FLY,spline,1,71,-11.391613354063349,-0.39645733981820586,-1.5067604407009572,-11.27187442779541,0.08677734434604645,-1.704921841621399,-0.1197389262679387,-0.4832346841642523,0.19816140092044177,0.49784854167017856,12.037821030777113,3.0,-2.8241074986334547,-0.2841062514582236,-0.2450062678143245,-3.2259600162506104,0.14718425273895264,-0.30961504578590393,-0.5737956839306002,0.34050242266721653,0.06460877797157943,0.04767033917341032,0.08033139575028404,0.00018097632150149146,0.27607716053511483,-0.011371813507117693,3.1036620140075684,3.1035413631265674,-0.0001206508810009943,0
1780808651.5298147,FLY,spline,1,71,-11.391613354063349,-0.39645733981820586,-1.5067604407009572,-11.294374465942383,0.08771484345197678,-1.7070751190185547,-0.09723888812096604,-0.48417218327018263,0.20031467831759753,0.49384016079660537,12.015419321684195,3.0,-2.813399441469828,-0.28390978280079976,-0.24576419522576884,-3.2397220134735107,0.13529571890830994,-0.3103272318840027,-0.5798197587995871,0.33446476604499864,0.06456303665823385,0.04682506724629981,0.08117476623194221,0.00018097632150149146,0.27606790723285085,-0.01138472611444934,3.1036620140075684,3.1035413631265674,-0.0001206508810009943,0
1780808651.5404117,FLY,spline,1,71,-11.391613354063349,-0.39645733981820586,-1.5067604407009572,-11.3169527053833,0.08857421576976776,-1.7092334032058716,-0.07466064868004807,-0.4850315555879736,0.20247296250491442,0.4907441516487131,11.99293722541316,2.998940583811974,-2.7927693047207387,-0.28331602265896505,-0.2463810266249713,-3.263789176940918,0.11410444974899292,-0.31146278977394104,-0.6350507544897416,0.302995643304205,0.06508176314896974,0.0424193900625887,0.08890710562856383,-0.0005968642928173562,0.27591743258230456,-0.011397742467079135,3.1031434535980225,3.1035413631265674,0.00039790952854490413,0
1780808651.5514522,FLY,spline,1,71,-11.391613354063349,-0.39645733981820586,-1.5067604407009572,-11.397733688354492,0.09095703065395355,-1.7169140577316284,0.006120334291143337,-0.4874143704721594,0.21015361703067126,0.48745279467309116,11.912477605113814,2.986871640767072,-2.767784574980297,-0.28263113802420364,-0.2469234405205774,-3.300603151321411,0.08068136125802994,-0.31280601024627686,-0.7233998122400784,0.24527816649007297,0.06588256972569945,0.03433894330861022,0.101275973713611,-0.0012538266875317117,0.2757380240680781,-0.011410918981024275,3.102705478668213,3.1035413631265674,0.0008358844583544744,0
1780808651.5619185,FLY,spline,1,71,-11.391613354063349,-0.39645733981820586,-1.5067604407009572,-11.397733688354492,0.09095703065395355,-1.7169140577316284,0.006120334291143337,-0.4874143704721594,0.21015361703067126,0.48745279467309116,11.912477605113814,2.986871640767072,-2.742799845239855,-0.28194625338944224,-0.24746585441618354,-3.300603151321411,0.08068136125802994,-0.31280601024627686,-0.7252082592162398,0.27074913300846487,0.06534015583009331,0.037904878621185085,0.10152915629027358,-0.0012538266875317117,0.27576834914856063,-0.011423987012190294,3.102705478668213,3.1035413631265674,0.0008358844583544744,0
1780808651.5726953,FLY,spline,1,72,-11.557993835775845,-0.39026987218803505,-1.532917309428184,-11.468867301940918,0.09214843809604645,-1.7236181497573853,-0.08912653383492675,-0.4824183102840815,0.1907008403292012,0.4905822715210739,11.841596243795172,2.9762394365692755,-2.7178928271419167,-0.2806095896848005,-0.2457765410616958,-3.340261459350586,0.043198361992836,-0.3138715624809265,-0.8177515978909459,0.20067690103965863,0.06809502141923071,0.02809476614555221,0.11448522370473244,-0.0017749967844611358,0.27547484957185003,-0.01143760601647414,3.1024770736694336,3.1036604048590744,0.0011833311896407572,0
1780808651.5833702,FLY,spline,1,72,-11.557993835775845,-0.39026987218803505,-1.532917309428184,-11.468867301940918,0.09214843809604645,-1.7236181497573853,-0.08912653383492675,-0.4824183102840815,0.1907008403292012,0.4905822715210739,11.841596243795172,2.9762394365692755,-2.692985809043978,-0.2792729259801588,-0.24408722770720806,-3.340261459350586,0.043198361992836,-0.3138715624809265,-0.817666769273012,0.22430239652560915,0.06978433477371845,0.03140233551358528,0.11447334769822169,-0.003347128895056839,0.27499658328420507,-0.011451562883428882,3.101428985595703,3.1036604048590744,0.002231419263371226,0
1780808651.5940816,FLY,spline,1,72,-11.557993835775845,-0.39026987218803505,-1.532917309428184,-11.538945198059082,0.09253905713558197,-1.7301708459854126,-0.019048637716762684,-0.482808929323617,0.19725353655722855,0.4831845535957062,11.771739847679376,2.9657609771519065,-2.6681053802944477,-0.27685671656754124,-0.24444247031994837,-3.3881099224090576,-0.004415583331137896,-0.3149222731590271,-0.9257323262964234,0.129475874477543,0.07047980283907873,0.01812662242685602,0.1296025256814993,-0.003347128895056839,0.2749268498784084,-0.011465658843996697,3.101428985595703,3.1036604048590744,0.002231419263371226,0
1780808651.6046958,FLY,spline,1,72,-11.557993835775845,-0.39026987218803505,-1.532917309428184,-11.580273628234863,0.09242187440395355,-1.7340087890625,0.022279792459018566,-0.4826917465919886,0.20109147963431595,0.48320566157697437,11.730529869070615,2.9595794803605924,-2.6432423123730464,-0.27428962362492,-0.24493020729796863,-3.398556709289551,-0.015218122862279415,-0.3149995803833008,-0.9436608470088441,0.13038713426420306,0.07006937308533215,0.01825419879698843,0.13211251858123818,-0.0045087042124396515,0.2746777220132694,-0.011479672718613764,3.1006546020507812,3.1036604048590744,0.003005802808293101,0
1780808651.6157088,FLY,spline,1,72,-11.557993835775845,-0.39026987218803505,-1.532917309428184,-11.580273628234863,0.09242187440395355,-1.7340087890625,0.022279792459018566,-0.4826917465919886,0.20109147963431595,0.48320566157697437,11.730529869070615,2.9595794803605924,-2.618379244451645,-0.2717225306822988,-0.2454179442759889,-3.398556709289551,-0.015218122862279415,-0.3149995803833008,-0.9446149097992131,0.1514905687160362,0.06958163610731188,0.021208679620245068,0.13224608737188986,-0.004955739048255081,0.27459299566816125,-0.011493589045835226,3.1003565788269043,3.1036604048590744,0.003303826032170054,0
1780808651.6264486,FLY,spline,1,73,-11.724382833246679,-0.38400626634624496,-1.5588751246927768,-11.627734184265137,0.09195312112569809,-1.7383886575698853,-0.09664864898154235,-0.47595938747194305,0.17951353287710847,0.48567303803343315,11.683193274457295,2.9524789911685945,-2.593700297645827,-0.268802707892696,-0.2426932021904106,-3.4218995571136475,-0.03991100937128067,-0.31503766775131226,-1.0013441138279968,0.10792056599158945,0.07234446556090166,0.015108879238822525,0.14018817593591956,-0.005687304794928183,0.2742400368960731,-0.011508057938947406,3.100048542022705,3.103840078552657,0.003791536529952122,0
1780808651.6373422,FLY,spline,1,73,-11.724382833246679,-0.38400626634624496,-1.5588751246927768,-11.651562690734863,0.09159179776906967,-1.740576148033142,-0.07282014251181579,-0.47559806411531463,0.1817010233403653,0.48114061535654634,11.65942245626278,2.948913368439417,-2.568969870467325,-0.2651927818368417,-0.24208131540344602,-3.4437506198883057,-0.06382539123296738,-0.31491807103157043,-1.0519358796984568,0.06874411227598798,0.07283675562812442,0.009624175718638318,0.14727102315778398,-0.006160804093023886,0.27406210628257427,-0.011522625290073031,3.0997328758239746,3.103840078552657,0.004107202728682591,0
1780808651.6478913,FLY,spline,1,73,-11.724382833246679,-0.38400626634624496,-1.5588751246927768,-11.696406364440918,0.09069335460662842,-1.744667887687683,-0.0279764688057611,-0.4746996209528734,0.18579276299490632,0.47552330430762424,11.61467936403491,2.9422019046052363,-2.544281113636204,-0.2612699832826687,-0.24235869174913593,-3.4540560245513916,-0.07539723068475723,-0.31484195590019226,-1.0766162353619595,0.059576743812156954,0.07248326415105633,0.008340744133701974,0.15072627295067434,-0.007051297485968222,0.27383717363064863,-0.011537121942903242,3.0991392135620117,3.103840078552657,0.004700864990645481,0
1780808651.6581702,FLY,spline,1,73,-11.724382833246679,-0.38400626634624496,-1.5588751246927768,-11.744647979736328,0.08939453214406967,-1.7490429878234863,0.020265146489649055,-0.47340079849031463,0.19016786313070955,0.47383435098514587,11.56653386031698,2.934980079047547,-2.519689977286183,-0.2567933653111758,-0.2428443918129628,-3.4755101203918457,-0.10013887286186218,-0.3144783079624176,-1.1271755544447708,0.016584255144345098,0.0716339161494548,0.0023217957202083138,0.15780457762226793,-0.008017607987066855,0.27362377688458145,-0.011551448726133133,3.0984950065612793,3.103840078552657,0.005345071991377903,0
1780808651.6687877,FLY,spline,1,73,-11.724382833246679,-0.38400626634624496,-1.5588751246927768,-11.744647979736328,0.08939453214406967,-1.7490429878234863,0.020265146489649055,-0.47340079849031463,0.19016786313070955,0.47383435098514587,11.56653386031698,2.934980079047547,-2.5073516741117663,-0.2545472767635729,-0.24308808590477018,-3.4755101203918457,-0.10013887286186218,-0.3144783079624176,-1.1044467179296236,0.039739334243301984,0.07139022205764742,0.005563506794062278,0.15462254051014732,-0.008508988678595175,0.27348917003498174,-0.011565726770544663,3.0981674194335938,3.103840078552657,0.00567265911906345,0
1780808651.6793523,FLY,spline,1,74,-11.890773921069572,-0.3776768309665871,-1.5846120336763967,-11.812850952148438,0.08698242157697678,-1.7551708221435547,-0.07792296892113448,-0.4646592525435639,0.170558788467158,0.47114775820312205,11.49844551697002,2.924766827545503,-2.4829231865263397,-0.24971588976829381,-0.24087298004036622,-3.5042147636413574,-0.13484399020671844,-0.31376636028289795,-1.1782750805498527,-0.03158673088903054,0.07289338024253172,-0.004422142324464275,0.1649585112769794,-0.010271837979568543,0.27294425648110754,-0.01158030544659317,3.0972325801849365,3.1040804721713156,0.006847891986379029,0
1780808651.6902618,FLY,spline,1,74,-11.890773921069572,-0.3776768309665871,-1.5846120336763967,-11.837265014648438,0.08595702797174454,-1.7573485374450684,-0.05350890642113448,-0.46363385893833164,0.17273650376867167,0.4667114292798437,11.474066512296233,2.921109976844435,-2.458492759723597,-0.24449899426586638,-0.23990434824624488,-3.5140371322631836,-0.1471838504076004,-0.31346672773361206,-1.2059615515567081,-0.04360049093532157,0.07356237948736719,-0.0061040687309450205,0.16883461721793916,-0.01077180173994452,0.27272558321492973,-0.011595017922490644,3.0968992710113525,3.1040804721713156,0.007181201159963013,0
1780808651.7011595,FLY,spline,1,74,-11.890773921069572,-0.3776768309665871,-1.5846120336763967,-11.86171817779541,0.08485351502895355,-1.759521484375,-0.029055743274161827,-0.46253034599554066,0.1749094506986033,0.4634420753276169,11.44964568904369,2.9174468533565534,-2.435440554516232,-0.23914349846525987,-0.23990233234564864,-3.5236430168151855,-0.1595119833946228,-0.31313857436180115,-1.231843420554964,-0.057983484992569535,0.0732362420161525,-0.008117687898959735,0.172458078877695,-0.011265328198684754,0.27258705710593006,-0.011609665170893874,3.0965702533721924,3.1040804721713156,0.0075102187991231695,0
1780808651.7118597,FLY,spline,1,74,-11.890773921069572,-0.3776768309665871,-1.5846120336763967,-11.9287109375,0.08141601085662842,-1.7654345035552979,0.03793701643042802,-0.4590928418232155,0.18082246987890116,0.4606576327696726,11.382726425130626,2.907408963769594,-2.4112698849663663,-0.23278283233816205,-0.24046860077209992,-3.5486743450164795,-0.19301727414131165,-0.31210747361183167,-1.2935711187265175,-0.12506549966826602,0.07163887283973175,-0.017509169953557245,0.18109995662171247,-0.012611797124160828,0.2722772946644579,-0.01162399294546182,3.095672607421875,3.1040804721713156,0.008407864749440552,0
1780808651.7224443,FLY,spline,1,75,-12.057160673838235,-0.3712918747228133,-1.6101061835607047,-11.953397750854492,0.07999023050069809,-1.7675976753234863,-0.10376292298374246,-0.45128210522351137,0.15749149176278165,0.4630575371172512,11.358060847487573,2.903709127123136,-2.3872445316144195,-0.22677737162564188,-0.23704561407267102,-3.5574488639831543,-0.20527434349060059,-0.31160768866539,-1.3171035354495702,-0.13517753195943316,0.07456207459271899,-0.018924854474320643,0.18439449496293983,-0.013562155210536941,0.27186631402953154,-0.011638905360380364,3.0953402519226074,3.104381688729632,0.009041436807024628,0
1780808651.7331436,FLY,spline,1,75,-12.057160673838235,-0.3712918747228133,-1.6101061835607047,-11.978163719177246,0.07847656309604645,-1.7697558403015137,-0.07899695466098855,-0.4497684378188597,0.159649656740809,0.45665322346801385,11.33331306119507,2.8999969591792603,-2.3677478574221382,-0.2212650793888481,-0.23659707568200858,-3.5659945011138916,-0.21750596165657043,-0.31106457114219666,-1.3327294610439102,-0.14670817898658894,0.07446749546018808,-0.020539145058122453,0.18658212454614745,-0.014067483388942703,0.27169028150570507,-0.011653798859472401,3.095003366470337,3.104381688729632,0.009378322259295135,0
1780808651.7436206,FLY,spline,1,75,-12.057160673838235,-0.3712918747228133,-1.6101061835607047,-12.04769515991211,0.07380859553813934,-1.7757763862609863,-0.009465513926125269,-0.4451004702609526,0.16567020270028165,0.44520110577177013,11.263817820228239,2.8895726730342357,-2.3439217616955204,-0.21371587394713779,-0.2371686171283602,-3.5885732173919678,-0.2514925003051758,-0.30911731719970703,-1.3896399229130583,-0.21519408636462625,0.07194870007134682,-0.030127172091047677,0.19454958920782817,-0.01498408361629866,0.2715622401562867,-0.01166818859948667,3.0943922996520996,3.104381688729632,0.00998938907753244,0
1780808651.7544756,FLY,spline,1,75,-12.057160673838235,-0.3712918747228133,-1.6101061835607047,-12.07265567779541,0.07198242098093033,-1.777919888496399,0.015495003957175513,-0.4432742957037436,0.16781370493569425,0.4435450330905339,11.238864895920447,2.885829734388067,-2.3201691024455706,-0.2059399162930461,-0.23775654664585774,-3.596193790435791,-0.2635749280452728,-0.3083356022834778,-1.4119993194720806,-0.22694617679235923,0.07057905563762004,-0.0317724647509303,0.1976799047260913,-0.015489411794704422,0.27147843334619803,-0.011682304410614195,3.094055414199829,3.104381688729632,0.010326274529802948,0
1780808651.7648928,FLY,spline,1,75,-12.057160673838235,-0.3712918747228133,-1.6101061835607047,-12.097695350646973,0.070068359375,-1.7800536155700684,0.04053467680873801,-0.4413602340978133,0.16994743200936369,0.44321768496627634,11.213829718458802,2.8820744577688204,-2.3022904845658583,-0.19977279851277674,-0.23822784726030435,-3.6035704612731934,-0.2756175994873047,-0.30754074454307556,-1.4233905190239078,-0.23792473982547394,0.06931289728277121,-0.033309463575566356,0.1992746726633471,-0.016484332525295242,0.271203796814963,-0.011696166990070749,3.0933921337127686,3.104381688729632,0.010989555016863495,0
1780808651.7756777,FLY,spline,1,76,-12.223536666146394,-0.36486170628867504,-1.635335721527362,-12.161405563354492,0.06485351175069809,-1.7854491472244263,-0.06213110279190204,-0.4297152180393731,0.1501134256970642,0.43418365071564347,11.15011910090697,2.8725178651360457,-2.2788556497125927,-0.19158700126665013,-0.23526115906545275,-3.6211602687835693,-0.30599913001060486,-0.3056023418903351,-1.4710201187133918,-0.2984109721865468,0.07034118282488233,-0.04177753610611655,0.20594281661987487,-0.018280696990677026,0.27063840456467797,-0.011710235226635725,3.0925567150115967,3.1047438463387147,0.012187131327118017,0
1780808651.7865753,FLY,spline,1,76,-12.223536666146394,-0.36486170628867504,-1.635335721527362,-12.211835861206055,0.06035156175494194,-1.7896826267242432,-0.011700804940339538,-0.425213268043617,0.1543469051968811,0.42537422601350067,11.099675554668323,2.8649513332002483,-2.2555405088260962,-0.18257139625340918,-0.23491034331887234,-3.6339519023895264,-0.32976680994033813,-0.30425187945365906,-1.5059330264592283,-0.33932802923765815,0.06934153613478672,-0.047505924093272145,0.21083062370429198,-0.01876814377565017,0.2705193936220352,-0.011724103533862683,3.0922317504882812,3.1047438463387147,0.012512095850433447,0
1780808651.7976136,FLY,spline,1,76,-12.223536666146394,-0.36486170628867504,-1.635335721527362,-12.237109184265137,0.057978514581918716,-1.7917919158935547,0.013572518118742494,-0.42284022087059375,0.15645619436619262,0.42305799322785065,11.074391676873308,2.861158751530996,-2.232457147943307,-0.17297244813187923,-0.23504689116795904,-3.646031379699707,-0.3539760410785675,-0.3026071786880493,-1.5385881869425955,-0.38014238491485014,0.06756028752009027,-0.053219933888079024,0.21540234617196338,-0.01876814377565017,0.27064838145370684,-0.0117376155913667,3.0922317504882812,3.1047438463387147,0.012512095850433447,0
1780808651.808111,FLY,spline,1,76,-12.223536666146394,-0.36486170628867504,-1.635335721527362,-12.237109184265137,0.057978514581918716,-1.7917919158935547,0.013572518118742494,-0.42284022087059375,0.15645619436619262,0.42305799322785065,11.074391676873308,2.861158751530996,-2.2259551899481678,-0.17026868424755504,-0.23508535300129418,-3.646031379699707,-0.3539760410785675,-0.3026071786880493,-1.511769136927981,-0.3483939277854007,0.06752182568675513,-0.0487751498899561,0.21164767916991736,-0.019252729537674096,0.2704512662365683,-0.01175111995650405,3.0919086933135986,3.1047438463387147,0.012835153025116064,0
1780808651.818814,FLY,spline,1,77,-12.38989547258776,-0.35839663433792424,-1.6602787947580284,-12.316210746765137,0.050048828125,-1.7983300685882568,-0.07368472582262342,-0.40844546246292424,0.13805127383022842,0.4150387146111881,10.99524034743856,2.849286052115784,-2.2030500001310434,-0.16068830597994252,-0.2321581304796952,-3.6570096015930176,-0.3779238164424896,-0.30098044872283936,-1.5512634446580815,-0.3994882309557495,0.06882231824314416,-0.055928352333804936,0.21717688225213144,-0.021857391712114982,0.2695428678898219,-0.01176488442015268,3.0905954837799072,3.1051670782546505,0.014571594474743321,0
1780808651.8296573,FLY,spline,1,77,-12.38989547258776,-0.35839663433792424,-1.6602787947580284,-12.34164047241211,0.047343749552965164,-1.8004150390625,-0.048255000175650764,-0.4057403838908894,0.14013624430447158,0.408599809302303,10.969789685159697,2.8454684527739547,-2.1823910994938296,-0.15137390846814563,-0.23134251292081276,-3.6619486808776855,-0.38946467638015747,-0.3003217279911041,-1.5720866622531022,-0.4156550011952626,0.06897921507029137,-0.05819170016733677,0.22009213271543435,-0.021857391712114982,0.269516520300636,-0.011778680263166738,3.0905954837799072,3.1051670782546505,0.014571594474743321,0
1780808651.8401163,FLY,spline,1,77,-12.38989547258776,-0.35839663433792424,-1.6602787947580284,-12.367109298706055,0.044560544192790985,-1.8024951219558716,-0.02278617388170545,-0.4029571785307152,0.14221632719784316,0.40360091358866124,10.944297626934224,2.8416446440401337,-2.1663331009278624,-0.14308090966551623,-0.2316801990161867,-3.6713335514068604,-0.4131355583667755,-0.2988477945327759,-1.5922867531941367,-0.4584881531915822,0.06716759551658918,-0.06418834144682152,0.22292014544717917,-0.022315870639727287,0.26945811469349173,-0.011792113782270056,3.090289831161499,3.1051670782546505,0.014877247093151524,0
1780808651.8507679,FLY,spline,1,78,-12.556230667756047,-0.35190696754431255,-1.6849135504343653,-12.473007202148438,0.03217773512005806,-1.8110594749450684,-0.08322346560760963,-0.3840847026643706,0.12614592451070306,0.39299771506780923,10.8382790735352,2.82574186103028,-2.1440570840718784,-0.13192890543456445,-0.22957975271486158,-3.683060884475708,-0.44750916957855225,-0.29616492986679077,-1.6304466203084136,-0.530338802611547,0.06658517715192919,-0.07424743236561658,0.22826252684317794,-0.024397962274066654,0.2689093645457314,-0.011805430817700443,3.089386224746704,3.105651532929415,0.016265308182711102,0
1780808651.861574,FLY,spline,1,78,-12.556230667756047,-0.35190696754431255,-1.6849135504343653,-12.473007202148438,0.03217773512005806,-1.8110594749450684,-0.08322346560760963,-0.3840847026643706,0.12614592451070306,0.39299771506780923,10.8382790735352,2.82574186103028,-2.125505168682744,-0.12264129175347199,-0.22783045874038088,-3.683060884475708,-0.44750916957855225,-0.29616492986679077,-1.6368626164193931,-0.5132848136791576,0.06833447112640989,-0.07185987391508207,0.22916076629871507,-0.025199763955585208,0.26839580535817403,-0.011819097711925724,3.0888516902923584,3.105651532929415,0.016799842637056805,0
1780808651.8722355,FLY,spline,1,78,-12.556230667756047,-0.35190696754431255,-1.6849135504343653,-12.4985933303833,0.028994139283895493,-1.8131103515625,-0.057637337372746344,-0.38090110682820805,0.1281968011281347,0.3852372202194042,10.812658430758498,2.821898764613775,-2.1150289262659125,-0.11667571752376393,-0.22814770082517927,-3.6863341331481934,-0.45853355526924133,-0.2953476011753082,-1.6353849436841263,-0.5206001189581256,0.06719990035012896,-0.0728840166541376,0.2289538921157777,-0.02558743256520435,0.26829344272729866,-0.01183253769199575,3.0885932445526123,3.105651532929415,0.0170582883768029,0
1780808651.8832371,FLY,spline,1,78,-12.556230667756047,-0.35190696754431255,-1.6849135504343653,-12.549843788146973,0.022392578423023224,-1.8171923160552979,-0.0063868796090744695,-0.3742995459673358,0.13227876562093255,0.37435403342624013,10.761332747548211,2.8141999121322314,-2.0946912832261475,-0.10457754452574197,-0.22880284372516282,-3.692039728164673,-0.4802701473236084,-0.29343485832214355,-1.6630571939025547,-0.5699912088307915,0.06463201459698073,-0.07979876923631081,0.23282800714635768,-0.02632593411397144,0.2681297902316329,-0.011845464094915145,3.0881009101867676,3.105651532929415,0.017550622742647626,0
1780808651.8937676,FLY,spline,1,78,-12.556230667756047,-0.35190696754431255,-1.6849135504343653,-12.575507164001465,0.018984373658895493,-1.8192236423492432,0.019276496245417718,-0.37089134120320805,0.13431009191487786,0.37139193621700256,10.735629154134456,2.8103443731201683,-2.0848339188021763,-0.09845821133245901,-0.2291405255794241,-3.694469451904297,-0.4909743070602417,-0.29234299063682556,-1.6616471358438576,-0.5755657022353766,0.06320246505740146,-0.08057919831295274,0.2326305990181401,-0.02632593411397144,0.26823151370178777,-0.011858104587926625,3.0881009101867676,3.105651532929415,0.017550622742647626,0
1780808651.904232,FLY,spline,1,78,-12.556230667756047,-0.35190696754431255,-1.6849135504343653,-12.601171493530273,0.015498046763241291,-1.8212450742721558,0.04494082577422631,-0.36740501430755385,0.13633152383779046,0.37014338081289955,10.709922550604018,2.8064883825906026,-2.0725207156310512,-0.08959900133263919,-0.22948578507915746,-3.698768138885498,-0.5135780572891235,-0.2898944318294525,-1.671708435849939,-0.6177576661041391,0.06040864675029506,-0.08648607325457948,0.2340391810189915,-0.026669972123614993,0.2682688519178289,-0.011870186317276684,3.087871551513672,3.105651532929415,0.01777998141574333,0
1780808651.915089,FLY,spline,1,79,-12.722535826244973,-0.3454030145815917,-1.7092181357380336,-12.659921646118164,0.007246093358844519,-1.8258397579193115,-0.06261418012680942,-0.35264910794043625,0.11662162218127792,0.3581646672748975,10.651069204222539,2.797660380633381,-2.0540553461043767,-0.07907445547879448,-0.22482739945870178,-3.7005584239959717,-0.5254518985748291,-0.28861016035079956,-1.6919543967484922,-0.6383879248629293,0.06378276089209778,-0.08937430948081011,0.23687361554478895,-0.028510476646495864,0.2674314067716703,-0.011882942869455104,3.0871903896331787,3.106197374064176,0.019006984430997242,0
1780808651.92617,FLY,spline,1,79,-12.722535826244973,-0.3454030145815917,-1.7092181357380336,-12.71132755279541,-0.0002636718563735485,-1.8298290967941284,-0.011208273449563322,-0.3451393427252182,0.12061096105609481,0.34532128705093723,10.599567066687548,2.789935060003132,-2.036321534287444,-0.06642887643038298,-0.22545734387317795,-3.702812433242798,-0.5459117889404297,-0.28667256236076355,-1.710254518560814,-0.6825608036932839,0.0612152184875856,-0.09555851251705975,0.239435632598514,-0.028510476646495864,0.2676245671203338,-0.01189518591315262,3.0871903896331787,3.106197374064176,0.019006984430997242,0
1780808651.93669,FLY,spline,1,79,-12.722535826244973,-0.3454030145815917,-1.7092181357380336,-12.71132755279541,-0.0002636718563735485,-1.8298290967941284,-0.011208273449563322,-0.3451393427252182,0.12061096105609481,0.34532128705093723,10.599567066687548,2.789935060003132,-2.036321534287444,-0.06642887643038298,-0.22545734387317795,-3.702812433242798,-0.5459117889404297,-0.28667256236076355,-1.6883276066818544,-0.6492249854822092,0.0612152184875856,-0.0908914979675093,0.23636586493545964,-0.029057289657665297,0.26729272840856966,-0.011907428956850137,3.0868258476257324,3.106197374064176,0.01937152643844353,0
1780808651.9471672,FLY,spline,1,79,-12.722535826244973,-0.3454030145815917,-1.7092181357380336,-12.737030982971191,-0.004121093545109034,-1.83181631565094,0.014495156726217928,-0.3412819210364827,0.12259817991290634,0.34158960639174846,10.573813656934888,2.786072048540233,-2.0262837159551617,-0.057399651834510276,-0.22577786966126073,-3.7040789127349854,-0.5679155588150024,-0.2848461866378784,-1.6939671589599758,-0.6956693055306825,0.059068316976617685,-0.09739370277429556,0.23715540225439663,-0.029663111267162368,0.2670811861137436,-0.011919242620245461,3.0864219665527344,3.106197374064176,0.01977540751144158,0
1780808651.957969,FLY,spline,1,80,-12.888804522648261,-0.33889508412351327,-1.7331706978506942,-12.82421875,-0.017744140699505806,-1.8385009765625,-0.06458577264826104,-0.32115094342400746,0.10533027871180578,0.3275809067859464,10.486446414068306,2.772966962110246,-2.00600394831129,-0.043203689245125985,-0.22228420819062922,-3.7040159702301025,-0.5893455147743225,-0.2830270230770111,-1.7198750774342955,-0.748624240877774,0.06074281488638189,-0.10480739372288837,0.24078251084080138,-0.030808109794366656,0.266785411871445,-0.011931391183222737,3.086266040802002,3.106804780664913,0.020538739862911104,0
1780808651.9683747,FLY,spline,1,80,-12.888804522648261,-0.33889508412351327,-1.7331706978506942,-12.849921226501465,-0.021904297173023224,-1.8404589891433716,-0.0388832961467962,-0.31699078695049004,0.10728829129267736,0.3193666697242065,10.460689029163243,2.7691033543744865,-1.9928475023371757,-0.03283620317638336,-0.22161594597715115,-3.7035298347473145,-0.5989006161689758,-0.28219038248062134,-1.7285839837147714,-0.7617850218982449,0.06057443650347019,-0.1066499030657543,0.24200175772006802,-0.03140069917272359,0.26637064210263456,-0.01194350607052343,3.0858709812164307,3.106804780664913,0.020933799448482393,0
1780808651.9794996,FLY,spline,1,81,-13.05503033155962,-0.33239348484382913,-1.7567493839540076,-12.952733993530273,-0.039189450442790985,-1.8482372760772705,-0.10229633802934579,-0.29320403440103815,0.09148789212326291,0.31053686828339616,10.357649998991025,2.753647499848654,-1.974264332489157,-0.016369380533165695,-0.21869883260319745,-3.6988275051116943,-0.6358065009117126,-0.2784919738769531,-1.7368173867290206,-0.850515211313271,0.05979314127375568,-0.11907212958385795,0.24315443414206292,-0.032568242389587665,0.2662914286506667,-0.011955464698778182,3.085761785507202,3.1074739471002606,0.021712161593058443,0
1780808651.9898586,FLY,spline,1,81,-13.05503033155962,-0.33239348484382913,-1.7567493839540076,-12.952733993530273,-0.039189450442790985,-1.8482372760772705,-0.10229633802934579,-0.29320403440103815,0.09148789212326291,0.31053686828339616,10.357649998991025,2.753647499848654,-1.964762632759681,-0.007949783363575713,-0.21720729291525226,-3.6988275051116943,-0.6358065009117126,-0.2784919738769531,-1.7417215253536646,-0.8296037824812014,0.061284680961700866,-0.1161445295473682,0.24384101354951307,-0.03271522744360378,0.2660335571203451,-0.011967721634970521,3.0856637954711914,3.1074739471002606,0.021810151629069185,0
1780808652.0003822,FLY,spline,1,81,-13.05503033155962,-0.33239348484382913,-1.7567493839540076,-12.952733993530273,-0.039189450442790985,-1.8482372760772705,-0.10229633802934579,-0.29320403440103815,0.09148789212326291,0.31053686828339616,10.357649998991025,2.753647499848654,-1.964762632759681,-0.007949783363575713,-0.21720729291525226,-3.6988275051116943,-0.6358065009117126,-0.2784919738769531,-1.7280131388598583,-0.7980144037394342,0.061284680961700866,-0.1117220165235208,0.24192183944038018,-0.03284468873205593,0.2658988489418808,-0.01197997857116286,3.0855774879455566,3.1074739471002606,0.02189645915470395,0
1780808652.0111287,FLY,spline,1,81,-13.05503033155962,-0.33239348484382913,-1.7567493839540076,-13.021288871765137,-0.05126953125,-1.853369116783142,-0.03374145979448251,-0.28112395359382913,0.0966197328291345,0.2831415960138815,10.288940416244433,2.7433410624366648,-1.9478799236252553,0.009495109387392647,-0.21788747077130843,-3.6932084560394287,-0.6592022776603699,-0.27558714151382446,-1.738077198236537,-0.8670951391782441,0.05769967074251603,-0.12139331948495419,0.24333080775311522,-0.03301956875982692,0.26597581453264746,-0.011991518505311364,3.085460901260376,3.1074739471002606,0.022013045839884615,0
1780808652.0217955,FLY,spline,1,81,-13.05503033155962,-0.33239348484382913,-1.7567493839540076,-13.046914100646973,-0.055908203125,-1.8552733659744263,-0.008116230912646571,-0.27648528171882913,0.09852398202041868,0.2766043821261111,10.26325651179571,2.7394884767693566,-1.9419535991959247,0.016035071019278757,-0.2181524011996919,-3.6906185150146484,-0.6677036881446838,-0.2744421362876892,-1.7335695879273574,-0.8702364904078734,0.05628973508799731,-0.1218331086571023,0.24269974230983005,-0.03315010293188503,0.2658547531679947,-0.012002776452328962,3.085373878479004,3.1074739471002606,0.022100068621256685,0
1780808652.0325892,FLY,spline,1,82,-13.221206827572768,-0.32590852541629095,-1.7799323412296348,-13.1460542678833,-0.07441405951976776,-1.8625829219818115,-0.07515255968946732,-0.2514944658965232,0.08265058075217668,0.26248309203538506,10.163889809184038,2.724583471377606,-1.9258248530817024,0.03478235904058366,-0.2144914258338646,-3.6780123710632324,-0.6992607116699219,-0.27007320523262024,-1.7272428111267737,-0.9544062477388505,0.05558177939875564,-0.13361687468343908,0.24181399355774835,-0.03427827827612995,0.26579793754340547,-0.012013892808208713,3.085352897644043,3.108205083161463,0.022852185517419965,0
1780808652.043218,FLY,spline,1,82,-13.221206827572768,-0.32590852541629095,-1.7799323412296348,-13.1460542678833,-0.07441405951976776,-1.8625829219818115,-0.07515255968946732,-0.2514944658965232,0.08265058075217668,0.26248309203538506,10.163889809184038,2.724583471377606,-1.9213110106223015,0.040029035010922295,-0.21346685356196804,-3.6780123710632324,-0.6992607116699219,-0.27007320523262024,-1.730789754842996,-0.9295661649011611,0.0566063516706522,-0.13013926308616255,0.24231056567801948,-0.034267191812201725,0.2654382310569289,-0.012025214078542843,3.085360288619995,3.108205083161463,0.022844794541467817,0
1780808652.0536437,FLY,spline,1,82,-13.221206827572768,-0.32590852541629095,-1.7799323412296348,-13.197031021118164,-0.08428710699081421,-1.8663134574890137,-0.024175806454604043,-0.24162141842547674,0.08638111625937883,0.24282788031786998,10.11279788285334,2.716919682428001,-1.911852003416076,0.053000730404080015,-0.21391896391955678,-3.6699435710906982,-0.7147110104560852,-0.26811856031417847,-1.7248286965709805,-0.9643103719845275,0.054199596394621685,-0.13500345207783387,0.2414760175199373,-0.03422964088599323,0.2655355920679141,-0.012036053997821768,3.085385322570801,3.108205083161463,0.022819760590662153,0
1780808652.0642579,FLY,spline,1,82,-13.221206827572768,-0.32590852541629095,-1.7799323412296348,-13.197031021118164,-0.08428710699081421,-1.8663134574890137,-0.024175806454604043,-0.24162141842547674,0.08638111625937883,0.24282788031786998,10.11279788285334,2.716919682428001,-1.911852003416076,0.053000730404080015,-0.21391896391955678,-3.6699435710906982,-0.7147110104560852,-0.26811856031417847,-1.7210361427103376,-0.934596751128803,0.054199596394621685,-0.13084354515803243,0.2409450599794473,-0.03422964088599323,0.2655247521486352,-0.012046893917100692,3.085385322570801,3.108205083161463,0.022819760590662153,0
1780808652.0751848,FLY,spline,1,83,-13.387327585281424,-0.31945051451465034,-1.8026977168592364,-13.299921989440918,-0.10491210967302322,-1.8737890720367432,-0.08740559584050622,-0.21453840484162712,0.07109135517750675,0.2316602368474655,10.009682134561428,2.701452320184214,-1.898312214122937,0.07362068812232295,-0.20985799733569122,-3.6503713130950928,-0.7440927624702454,-0.2646180987358093,-1.699103034367969,-1.022629334605082,0.05476010140011811,-0.1431681068447115,0.23787442481151566,-0.03519683516811423,0.2652378467923984,-0.012057845937380716,3.085533857345581,3.108998414124324,0.023464556778742818,0
1780808652.0856364,FLY,spline,1,83,-13.387327585281424,-0.31945051451465034,-1.8026977168592364,-13.299921989440918,-0.10491210967302322,-1.8737890720367432,-0.08740559584050622,-0.21453840484162712,0.07109135517750675,0.2316602368474655,10.009682134561428,2.701452320184214,-1.8956407113929314,0.077689161578169,-0.20905673794528434,-3.6503713130950928,-0.7440927624702454,-0.2646180987358093,-1.7059374725903729,-0.9992264927827998,0.05556136079052498,-0.139891708989592,0.23883124616265222,-0.034969383843651336,0.26503885675133787,-0.012068958209538821,3.0856854915618896,3.108998414124324,0.023312922562434224,0
1780808652.0962074,FLY,spline,1,83,-13.387327585281424,-0.31945051451465034,-1.8026977168592364,-13.325234413146973,-0.11012694984674454,-1.8756201267242432,-0.062093172134451535,-0.2093235646679058,0.07292240986500675,0.2183389950306577,9.984316691947978,2.6976475037921963,-1.8921498746942218,0.08403898557164613,-0.20923622289070498,-3.6448748111724854,-0.7509300708770752,-0.263827919960022,-1.6999503792677706,-1.0037430139614034,0.05459169706931699,-0.14052402195459648,0.23799305309748792,-0.034969383843651336,0.2651055115096206,-0.012079876548952685,3.0856854915618896,3.108998414124324,0.023312922562434224,0
1780808652.1072547,FLY,spline,1,83,-13.387327585281424,-0.31945051451465034,-1.8026977168592364,-13.419452667236328,-0.12999999523162842,-1.8824169635772705,0.032125081954903933,-0.18945051928302192,0.0797192467180341,0.19215493786841897,9.889912480933548,2.6834868721400325,-1.8814751585606495,0.1066358223702808,-0.209894555757513,-3.6220266819000244,-0.7749190330505371,-0.2606174349784851,-1.668807245741933,-1.0824562357102576,0.0507228792209721,-0.15154387299943609,0.23363301440387063,-0.034540588029137176,0.26527249928407315,-0.012090021124796879,3.0859713554382324,3.108998414124324,0.02302705868609145,0
1780808652.1182547,FLY,spline,1,83,-13.387327585281424,-0.31945051451465034,-1.8026977168592364,-13.419452667236328,-0.12999999523162842,-1.8824169635772705,0.032125081954903933,-0.18945051928302192,0.0797192467180341,0.19215493786841897,9.889912480933548,2.6834868721400325,-1.8810932290661104,0.10744431210890153,-0.20991811017675116,-3.6220266819000244,-0.7749190330505371,-0.2606174349784851,-1.6756944495707546,-1.0524150850367027,0.05069932480173395,-0.14733811190513837,0.23459722293990568,-0.03434997237514548,0.26522682131220743,-0.012100160989757226,3.0860984325408936,3.108998414124324,0.022899981583430318,0
1780808652.1292288,FLY,spline,1,83,-13.387327585281424,-0.31945051451465034,-1.8026977168592364,-13.444647789001465,-0.1354394555091858,-1.8842235803604126,0.05732020372004065,-0.18401105900546455,0.08152586350117619,0.19273213429737013,9.864670816129191,2.6797006224193787,-1.878639669683591,0.1136424227941702,-0.21010884095504878,-3.615295886993408,-0.780952513217926,-0.25976595282554626,-1.6690389390008544,-1.0560744835734288,0.04965711187049748,-0.14785042770028003,0.23366545146011963,-0.03414111769985251,0.26526883978694893,-0.012110092412131325,3.086237668991089,3.108998414124324,0.022760745133235005,0
1780808652.139937,FLY,spline,1,84,-13.553386179279302,-0.313029760812659,-1.8250236580244739,-13.469687461853027,-0.14090819656848907,-1.8860204219818115,-0.08369871742627488,-0.1721215642441699,0.06099676395733766,0.1913930724364477,9.8395863595444,2.67593795393166,-1.8813568305561235,0.11886373035643204,-0.20438794518098702,-3.6014785766601562,-0.79218590259552,-0.25831684470176697,-1.6358545627290595,-1.0694126033511817,0.05392889952077995,-0.14971776446916546,0.22901963878206835,-0.0347238171103148,0.2648535722505449,-0.012120878192035481,3.086704969406128,3.1098541808130045,0.023149211406876535,0
1780808652.1507142,FLY,spline,1,84,-13.553386179279302,-0.313029760812659,-1.8250236580244739,-13.517069816589355,-0.15137694776058197,-1.8894237279891968,-0.03631636268994676,-0.16165281305207702,0.06440006996472292,0.16568195486134726,9.792124968037342,2.668818745205601,-1.873150369868673,0.12985839220017803,-0.2046230812218987,-3.5944032669067383,-0.7974118590354919,-0.25768277049064636,-1.6462890550509792,-1.0849656986437843,0.053059689268747656,-0.15189519781012983,0.23048046770713712,-0.034173070192590194,0.26489724153537714,-0.012131490129889231,3.0870721340179443,3.1098541808130045,0.02278204679506013,0
1780808652.16103,FLY,spline,1,84,-13.553386179279302,-0.313029760812659,-1.8250236580244739,-13.566835403442383,-0.1625683605670929,-1.8929930925369263,0.013449224163080586,-0.1504614002455661,0.06796943451245241,0.15106129416381028,9.742283942873817,2.6613425914310724,-1.8702388798790657,0.14179896313270152,-0.20487373296205622,-3.5787627696990967,-0.8079155683517456,-0.2565095126628876,-1.6221989186968953,-1.1131608788526066,0.05163577970083136,-0.15584252303936494,0.22710784861756536,-0.034173070192590194,0.2650008271448702,-0.012141817285829398,3.0870721340179443,3.1098541808130045,0.02278204679506013,0
1780808652.1719258,FLY,spline,1,84,-13.553386179279302,-0.313029760812659,-1.8250236580244739,-13.59164047241211,-0.168212890625,-1.8947705030441284,0.03825429313280715,-0.14481687018765899,0.06974684501965456,0.1497842342639572,9.717444635254337,2.6576166952881506,-1.8743644612120263,0.147796896551537,-0.204999899121375,-3.563063383102417,-0.8171567916870117,-0.255288690328598,-1.5866549633305551,-1.1224187966369963,0.050288791207223016,-0.1571386315291795,0.22213169486627773,-0.03387480855013414,0.2650996084081611,-0.012151875044070842,3.087270975112915,3.1098541808130045,0.022583205700089426,0
1780808652.1825466,FLY,spline,1,85,-13.719376184160122,-0.3066565729840688,-1.846888311907007,-13.6357421875,-0.17835937440395355,-1.8979296684265137,-0.08363399666012228,-0.12829719858011523,0.0510413565195067,0.1531496541323253,9.673287972217,2.65099319583255,-1.8679682477950625,0.156565413615674,-0.19923613861207723,-3.55535888671875,-0.8212774395942688,-0.25469258427619934,-1.5970720426459126,-1.129452384681193,0.05545644566412211,-0.15812333385536703,0.2235900859704278,-0.034346625437607026,0.2647078520163609,-0.012162966333203667,3.0878748893737793,3.1107726396655173,0.022897750291738017,0
1780808652.1932106,FLY,spline,1,85,-13.719376184160122,-0.3066565729840688,-1.846888311907007,-13.684921264648438,-0.1898535043001175,-1.9014501571655273,-0.03445491951168478,-0.1168030686839513,0.05456184525852037,0.12177889116158234,9.624056844454131,2.6436085266681197,-1.867173335282264,0.16793600524031216,-0.19936112254453256,-3.5374057292938232,-0.8300080895423889,-0.2534216344356537,-1.5681764405403638,-1.1520994828918243,0.05406051189112113,-0.16129392760485542,0.21954470167565096,-0.03362064086424277,0.2648576164259737,-0.012173778435581891,3.0883588790893555,3.1107726396655173,0.022413760576161845,0
1780808652.2037513,FLY,spline,1,85,-13.719376184160122,-0.3066565729840688,-1.846888311907007,-13.709413528442383,-0.1956445276737213,-1.9032080173492432,-0.009962655717739466,-0.11101204531034747,0.05631970544223619,0.11145819266853758,9.599542851512298,2.639931427726845,-1.8722229205591838,0.17331540863065348,-0.19941964195559606,-3.5209178924560547,-0.8370041251182556,-0.25236278772354126,-1.5338436184770967,-1.156154402218774,0.052943145767945204,-0.16186161631062837,0.21473810658679357,-0.03303198539244101,0.26498697129011933,-0.01218436706473548,3.0887513160705566,3.1107726396655173,0.022021323594960673,0
1780808652.214478,FLY,spline,1,86,-13.885291174517594,-0.3003412597026313,-1.8682698256884973,-13.794530868530273,-0.2160937488079071,-1.9093066453933716,-0.09076030598732032,-0.08424751089472421,0.04103681970487427,0.12383487487323062,9.514372343455879,2.627155851518382,-1.8689091568325726,0.1910222193181958,-0.19358714931532187,-3.4935989379882812,-0.8468154668807983,-0.2505306303501129,-1.4959958296884244,-1.195356555829994,0.05694348103479105,-0.16734991781619915,0.20943941615637943,-0.034088914139775106,0.26469560012037935,-0.012195755760942438,3.0890281200408936,3.1117540628007436,0.02272594275985007,0
1780808652.2254272,FLY,spline,1,86,-13.885291174517594,-0.3003412597026313,-1.8682698256884973,-13.818710327148438,-0.22199217975139618,-1.91103994846344,-0.06658084736915626,-0.07834907995123513,0.04277012277494263,0.10281822584347543,9.490184720292602,2.6235277080438903,-1.8769316221174228,0.19565946744990104,-0.19358154624999793,-3.4734585285186768,-0.8528150916099548,-0.24923689663410187,-1.4548134230531682,-1.192974262783225,0.055655350384103935,-0.1670163967896515,0.20367387922744357,-0.03365725730231173,0.26483286322413047,-0.012206886831019259,3.089315891265869,3.1117540628007436,0.022438171534874485,0
1780808652.2357497,FLY,spline,1,86,-13.885291174517594,-0.3003412597026313,-1.8682698256884973,-13.818710327148438,-0.22199217975139618,-1.91103994846344,-0.06658084736915626,-0.07834907995123513,0.04277012277494263,0.10281822584347543,9.490184720292602,2.6235277080438903,-1.8769316221174228,0.19565946744990104,-0.19358154624999793,-3.4734585285186768,-0.8528150916099548,-0.24923689663410187,-1.4805878256139675,-1.1737797206252436,0.055655350384103935,-0.16432916088753413,0.20728229558595548,-0.03320950721075899,0.2648719555289893,-0.012218017901096079,3.0896143913269043,3.1117540628007436,0.02213967147383933,0
1780808652.2469683,FLY,spline,1,86,-13.885291174517594,-0.3003412597026313,-1.8682698256884973,-13.863242149353027,-0.2329687476158142,-1.9142382144927979,-0.022049025164566416,-0.0673725120868171,0.04596838880430054,0.07088875013424908,9.44564648823627,2.6168469732354405,-1.8720252261625876,0.2058609631816919,-0.1935663367777425,-3.463496208190918,-0.8554295301437378,-0.24854430556297302,-1.4865047333156354,-1.1873546426677146,0.054977968785230535,-0.16622964997348005,0.20811066266418898,-0.032329385026005575,0.265019087171201,-0.012229013494853126,3.0902011394500732,3.1117540628007436,0.021552923350670383,0
1780808652.2576315,FLY,spline,1,86,-13.885291174517594,-0.3003412597026313,-1.8682698256884973,-13.9111328125,-0.2449023425579071,-1.9176708459854126,0.02584163798240624,-0.05543891714472421,0.04940102029691529,0.061165871103037,9.397761944851206,2.6096642917276807,-1.8751851031066311,0.21591875252222803,-0.19355533092578855,-3.4413487911224365,-0.8605105876922607,-0.24704280495643616,-1.4445171967741914,-1.2030564165651918,0.0534874740306476,-0.16842789831912686,0.2022324075483868,-0.031305496438053915,0.2652563382892379,-0.012239710989659255,3.090883731842041,3.1117540628007436,0.02087033095870261,0
1780808652.2680094,FLY,spline,1,86,-13.885291174517594,-0.3003412597026313,-1.8682698256884973,-13.9111328125,-0.2449023425579071,-1.9176708459854126,0.02584163798240624,-0.05543891714472421,0.04940102029691529,0.061165871103037,9.397761944851206,2.6096642917276807,-1.8751851031066311,0.21591875252222803,-0.19355533092578855,-3.4413487911224365,-0.8605105876922607,-0.24704280495643616,-1.4644623551781988,-1.1879466146761162,0.0534874740306476,-0.16631252605465627,0.20502472972494784,-0.03077084277441866,0.26531814922871755,-0.012250408484465384,3.091240167617798,3.1117540628007436,0.020513895182945774,0
1780808652.2791398,FLY,spline,1,87,-14.051124724945442,-0.29409412964209825,-1.8891463465506055,-13.982772827148438,-0.2630371153354645,-1.9228222370147705,-0.06835189779700457,-0.031057014306633768,0.03367589046416497,0.0750767611854335,9.326158668475248,2.598923800271287,-1.881916113863682,0.22890913309280547,-0.18735109108550901,-3.4063332080841064,-0.8666630387306213,-0.24501211941242218,-1.385176426923424,-1.214144420800307,0.057661028326913166,-0.16998021891204299,0.19392469976927937,-0.03122849405490613,0.2651343739950223,-0.012261940690130766,3.091979742050171,3.112798738086775,0.020818996036604087,0
1780808652.289823,FLY,spline,1,87,-14.051124724945442,-0.29409412964209825,-1.8891463465506055,-14.006327629089355,-0.26906248927116394,-1.9245214462280273,-0.0447970958560866,-0.025031640370934305,0.035375099677421806,0.051316301667201226,9.302623786264524,2.595393567939679,-1.884433434823245,0.2335590953062215,-0.18727162611004028,-3.394322156906128,-0.8682951927185059,-0.24437914788722992,-1.378384344081643,-1.2120365495071752,0.05710752177718964,-0.16968511693100455,0.19297380817143003,-0.03010697305881238,0.26534991171487654,-0.012273362194486204,3.0927274227142334,3.112798738086775,0.020071315372541587,0
1780808652.300326,FLY,spline,1,87,-14.051124724945442,-0.29409412964209825,-1.8891463465506055,-14.029804229736328,-0.27509763836860657,-1.9262157678604126,-0.021320495209113943,-0.018996491273491678,0.03706942130980706,0.02855573841919862,9.279170977187874,2.591875646578181,-1.8871478985375003,0.2381261424527254,-0.187191818423605,-3.3821117877960205,-0.8697237372398376,-0.2437339723110199,-1.3688817793976342,-1.210959048768602,0.0565421538874149,-0.16953426682760428,0.1916434491156688,-0.028655003912083865,0.2656485973567714,-0.012284670625263687,3.0936954021453857,3.112798738086775,0.019103335941389243,0
1780808652.3115413,FLY,spline,1,87,-14.051124724945442,-0.29409412964209825,-1.8891463465506055,-14.08902359008789,-0.2904589772224426,-1.9304931163787842,0.03789886514244856,-0.0036351524196556184,0.04134676982817864,0.038072802788862686,9.220029630215032,2.583004444532255,-1.8949563239255025,0.24933003968462714,-0.18698772661848057,-3.35019588470459,-0.8723998069763184,-0.24198246002197266,-1.302001137397906,-1.2269287147363337,0.05499473340349209,-0.17177002006308673,0.18228015923570684,-0.028071712858311892,0.2658727020076141,-0.012295669571944386,3.0940842628479004,3.112798738086775,0.018714475238874595,0
1780808652.3221552,FLY,spline,1,88,-14.216870410037378,-0.2879254914762213,-1.9094960216749925,-14.135272979736328,-0.3025878965854645,-1.933837890625,-0.08159743030105027,0.01466240510924316,0.02434186895000745,0.08290432289888336,9.17385994662355,2.5760789919935325,-1.9024293531383196,0.2561261542655881,-0.1806223879228062,-3.3241870403289795,-0.8736131191253662,-0.24050167202949524,-1.2575670253811504,-1.2293319598892047,0.05987928410668905,-0.17210647438448867,0.17605938355336107,-0.029145761699777006,0.26558518817972837,-0.012307645428765723,3.0944764614105225,3.113906969210374,0.019430507799851338,0
1780808652.332954,FLY,spline,1,88,-14.216870410037378,-0.2879254914762213,-1.9094960216749925,-14.135272979736328,-0.3025878965854645,-1.933837890625,-0.08159743030105027,0.01466240510924316,0.02434186895000745,0.08290432289888336,9.17385994662355,2.5760789919935325,-1.9024293531383196,0.2561261542655881,-0.1806223879228062,-3.3241870403289795,-0.8736131191253662,-0.24050167202949524,-1.290870498236986,-1.2186561405806862,0.05987928410668905,-0.17061185968129608,0.18072186975317805,-0.028552099437814116,0.2656927933911752,-0.01231962128558706,3.094872236251831,3.113906969210374,0.019034732958542744,0
1780808652.3437784,FLY,spline,1,88,-14.216870410037378,-0.2879254914762213,-1.9094960216749925,-14.198593139648438,-0.31935545802116394,-1.9384276866912842,-0.01827727038894089,0.03142996654494262,0.02893166501629163,0.036357962125051345,9.110677482425633,2.566601622363845,-1.9134479479679878,0.26715488079732824,-0.18020979863686007,-3.2870171070098877,-0.873920738697052,-0.23832015693187714,-1.2076549769899707,-1.2306335893266307,0.05811035829501707,-0.1722887025057283,0.1690716967785959,-0.027484222622018217,0.26603808483729013,-0.012331243357246063,3.0955841541290283,3.113906969210374,0.018322815081345478,0
1780808652.354626,FLY,spline,1,88,-14.216870410037378,-0.2879254914762213,-1.9094960216749925,-14.243945121765137,-0.3314843773841858,-1.9417235851287842,0.027074711727758327,0.04355888590796447,0.03222756345379163,0.051287586769941516,9.065445314207718,2.5598167971311576,-1.9223073614405237,0.2747102298977475,-0.17990754673416223,-3.2592873573303223,-0.873178243637085,-0.23661594092845917,-1.1611767890564295,-1.2326585347740742,0.056708394194296935,-0.1725721948683704,0.16256475046790014,-0.02623359796534097,0.26639343497003093,-0.012342585036084923,3.0964179039001465,3.113906969210374,0.017489065310227314,0
1780808652.3654034,FLY,spline,1,88,-14.216870410037378,-0.2879254914762213,-1.9094960216749925,-14.243945121765137,-0.3314843773841858,-1.9417235851287842,0.027074711727758327,0.04355888590796447,0.03222756345379163,0.051287586769941516,9.065445314207718,2.5598167971311576,-1.9223073614405237,0.2747102298977475,-0.17990754673416223,-3.2592873573303223,-0.873178243637085,-0.23661594092845917,-1.1984827692278577,-1.2244751303003738,0.056708394194296935,-0.17142651824205235,0.16778758769190008,-0.025589867801766752,0.2665167711806026,-0.012353926714923783,3.0968470573425293,3.113906969210374,0.0170599118678445,0
1780808652.3762913,FLY,spline,1,88,-14.216870410037378,-0.2879254914762213,-1.9094960216749925,-14.266484260559082,-0.33753904700279236,-1.943359375,0.04961385052170364,0.04961355552657104,0.03386335332500745,0.07016437169659613,9.04297237015995,2.556445855523992,-1.938418171226096,0.275859877144639,-0.17975912493793092,-3.2303173542022705,-0.8715744018554688,-0.23482470214366913,-1.1262908541030578,-1.2126422982894354,0.05506557720573821,-0.16976992176052097,0.1576807195744281,-0.024232312412362456,0.26692253556608214,-0.01236493983036493,3.097752094268799,3.113906969210374,0.01615487494157497,0
1780808652.3870044,FLY,spline,1,89,-14.382521804387123,-0.28184565387875227,-1.929296998243319,-14.335233688354492,-0.35615232586860657,-1.9483593702316284,-0.04728811603263061,0.0743066719898543,0.0190623719883094,0.08807750802630224,8.974453799400958,2.5461680699101437,-1.9431337777939213,0.28725354959844346,-0.17293359816159395,-3.2006618976593018,-0.869110643863678,-0.23305553197860718,-1.0851863149091694,-1.2250952246974391,0.06012193381701322,-0.1715133314576415,0.15192608408728372,-0.024672971149664047,0.26679490341009376,-0.012376964217128332,3.098630428314209,3.1150790757473183,0.016448647433109365,0
1780808652.3976402,FLY,spline,1,89,-14.382521804387123,-0.28184565387875227,-1.929296998243319,-14.357343673706055,-0.3621777296066284,-1.9499706029891968,-0.02517813068106811,0.08033207572787615,0.02067360474587776,0.08418539454882998,8.95242762720975,2.542864144081462,-1.9485828853748839,0.2904969043936718,-0.17271737171659435,-3.1858816146850586,-0.8675862550735474,-0.23218779265880585,-1.0770153231745732,-1.2222254912414654,0.0594704209422115,-0.17111156877380518,0.15078214524444025,-0.024672971149664047,0.26683513035588946,-0.012388858301316774,3.098630428314209,3.1150790757473183,0.016448647433109365,0
1780808652.4080799,FLY,spline,1,89,-14.382521804387123,-0.28184565387875227,-1.929296998243319,-14.379374504089355,-0.3681933581829071,-1.951577067375183,-0.0031473002977673303,0.08634770430415484,0.02228006913186409,0.08640504347410564,8.93048506417909,2.5395727596268634,-1.9644716992798192,0.2911875102136545,-0.17250115872322583,-3.1577303409576416,-0.8641589283943176,-0.2305663675069809,-1.0147523178984565,-1.2072053635492643,0.05806520878375507,-0.16900875089689701,0.14206532450578394,-0.022864447017889145,0.2673515757365749,-0.012400471343073526,3.0998361110687256,3.1150790757473183,0.015242964678592763,0
1780808652.4186485,FLY,spline,1,89,-14.382521804387123,-0.28184565387875227,-1.929296998243319,-14.439453125,-0.3846679627895355,-1.9559667110443115,0.0569313206128772,0.10282230891078326,0.026669712800992507,0.11753128296955988,8.87067192273455,2.530600788410182,-1.9705643588668835,0.3018240358396276,-0.17190472768707316,-3.1290600299835205,-0.8600087761878967,-0.22890113294124603,-0.9775826699478218,-1.2164976085411023,0.05699640525417288,-0.17030966519575436,0.13686157379269506,-0.021549449344854477,0.2677377850168799,-0.01241187062412436,3.100712776184082,3.1150790757473183,0.014366299563236318,0
1780808652.4290228,FLY,spline,1,89,-14.382521804387123,-0.28184565387875227,-1.929296998243319,-14.46109390258789,-0.390625,-1.95754873752594,0.07857209820076783,0.10877934612124773,0.028251739282620925,0.13418837788063956,8.84913572170715,2.5273703582560723,-1.9768179215197366,0.3046223279875252,-0.17168928240434095,-3.1135761737823486,-0.8575072288513184,-0.22799144685268402,-0.9695124505809379,-1.2127086264783833,0.05630216444834307,-0.1697792077069737,0.13573174308133132,-0.021549449344854477,0.2677820638484566,-0.01242313105701403,3.100712776184082,3.1150790757473183,0.014366299563236318,0
1780808652.439754,FLY,spline,1,90,-14.548072482588386,-0.2758649255234428,-1.9485274234372452,-14.521639823913574,-0.4073535203933716,-1.9619921445846558,-0.02643265867481226,0.13148859486992875,0.013464721147410597,0.13411911133573537,8.788909049808336,2.5183363574712505,-1.9959924678488103,0.31021882149996205,-0.16458507791588525,-3.0690438747406006,-0.8493082523345947,-0.22549167275428772,-0.8668328322393665,-1.198660608856053,0.06090659483840247,-0.16781248523984743,0.12135659651351131,-0.021547836935638998,0.2678525354128516,-0.01243531237598171,3.101950168609619,3.1163153932333785,0.014365224623759332,0
1780808652.4506388,FLY,spline,1,90,-14.548072482588386,-0.2758649255234428,-1.9485274234372452,-14.521639823913574,-0.4073535203933716,-1.9619921445846558,-0.02643265867481226,0.13148859486992875,0.013464721147410597,0.13411911133573537,8.788909049808336,2.5183363574712505,-1.9959924678488103,0.31021882149996205,-0.16458507791588525,-3.0690438747406006,-0.8493082523345947,-0.22549167275428772,-0.9151780723740484,-1.1990095225492245,0.06090659483840247,-0.16786133315689145,0.12812493013236678,-0.020898742354034994,0.2680023365104835,-0.01244749369494939,3.1023828983306885,3.1163153932333785,0.013932494902689996,0
1780808652.4611025,FLY,spline,1,90,-14.548072482588386,-0.2758649255234428,-1.9485274234372452,-14.563944816589355,-0.41908201575279236,-1.9651025533676147,0.01587233400096899,0.14321709022934953,0.01657512993036958,0.14409394824349828,8.746850462783817,2.5120275694175724,-2.0099478475248493,0.3149629442727343,-0.16402076832808232,-3.0369091033935547,-0.842529296875,-0.22377105057239532,-0.8485357721524236,-1.1903391574401254,0.059750282244313,-0.16664748204161758,0.11879500810133932,-0.01960877863180599,0.2684114362141738,-0.012459443751398253,3.103242874145508,3.1163153932333785,0.01307251908787066,0
1780808652.4716873,FLY,spline,1,90,-14.548072482588386,-0.2758649255234428,-1.9485274234372452,-14.584921836853027,-0.42491209506988525,-1.966650366783142,0.036849354264640866,0.14904716954644243,0.018122943345896925,0.1535347962499933,8.726003105506013,2.508900465825902,-2.028382159071379,0.3141699533599943,-0.1637366258365493,-3.006516456604004,-0.8354650139808655,-0.22213762998580933,-0.7827140673846188,-1.1700697806701568,0.05840100414926003,-0.16380976929382196,0.10957996943384664,-0.018495840704559896,0.2687961911739034,-0.012471123952228106,3.103984832763672,3.1163153932333785,0.012330560469706597,0
1780808652.4824016,FLY,spline,1,91,-14.713516019234891,-0.2699936150840446,-1.9671654444384334,-14.662148475646973,-0.4463769495487213,-1.9723681211471558,-0.05136754358791862,0.1763833344646767,0.00520267670872232,0.18371092839331776,8.649296565019341,2.497394484752901,-2.0460110144272936,0.32288561555867545,-0.15620848575706986,-2.959050178527832,-0.8232449293136597,-0.21963675320148468,-0.6858434915735472,-1.1613466371482415,0.06342826744441482,-0.1625885292007538,0.09601808882029661,-0.01980593393947161,0.2685497314012575,-0.012483809605716989,3.104412317276001,3.1176162732356487,0.01320395595964774,0
1780808652.4933944,FLY,spline,1,91,-14.713516019234891,-0.2699936150840446,-1.9671654444384334,-14.662148475646973,-0.4463769495487213,-1.9723681211471558,-0.05136754358791862,0.1763833344646767,0.00520267670872232,0.18371092839331776,8.649296565019341,2.497394484752901,-2.0460110144272936,0.32288561555867545,-0.15620848575706986,-2.959050178527832,-0.8232449293136597,-0.21963675320148468,-0.741529635167161,-1.1664096080082298,0.06342826744441482,-0.16329734512115218,0.10381414892340254,-0.019165780054583914,0.2687067379639723,-0.012496495259205872,3.1048390865325928,3.1176162732356487,0.012777186703055943,0
1780808652.5039084,FLY,spline,1,91,-14.713516019234891,-0.2699936150840446,-1.9671654444384334,-14.682578086853027,-0.4520605504512787,-1.9738867282867432,-0.03093793238186393,0.18206693536723406,0.006721283848309723,0.1846768112516603,8.629016025931692,2.4943524038897538,-2.066197287172776,0.32124094646528,-0.15585860811551658,-2.926983594894409,-0.8142009377479553,-0.21799366176128387,-0.6666307798537593,-1.1421539983637965,0.062135053645767296,-0.1599015597709315,0.09332830917952631,-0.018532421099200613,0.26896662223103424,-0.012508922269935026,3.1052613258361816,3.1176162732356487,0.012354947399467076,0
1780808652.514408,FLY,spline,1,91,-14.713516019234891,-0.2699936150840446,-1.9671654444384334,-14.7192964553833,-0.46226561069488525,-1.976625919342041,0.005780436148409507,0.19227199561084063,0.009460474903607574,0.1923588670642478,8.592577965227703,2.4888866947841555,-2.068671838743044,0.3276753268621503,-0.15522211144518094,-2.911625862121582,-0.8096483945846558,-0.2171902060508728,-0.6743184834088667,-1.151224095893065,0.06196809460569186,-0.16117137342502913,0.09440458767724134,-0.016787197100177176,0.2694269730086487,-0.012521315888856164,3.1064248085021973,3.1176162732356487,0.01119146473345145,0
1780808652.5249178,FLY,spline,1,91,-14.713516019234891,-0.2699936150840446,-1.9671654444384334,-14.759413719177246,-0.4733984172344208,-1.9796240329742432,0.04589769994235482,0.20340480215037615,0.012458588535809723,0.2085188538186226,8.552784780124188,2.482917717018628,-2.0854339070570083,0.3306783667119948,-0.1545226187477991,-2.8774521350860596,-0.7990390062332153,-0.21542340517044067,-0.6018201493612505,-1.1348244150071014,0.06090078642264157,-0.1588754181009942,0.08425482091057508,-0.016172434793963797,0.2696610329463863,-0.012533496046140692,3.106834650039673,3.1176162732356487,0.010781623195975865,0
1780808652.535331,FLY,spline,1,91,-14.713516019234891,-0.2699936150840446,-1.9671654444384334,-14.759413719177246,-0.4733984172344208,-1.9796240329742432,0.04589769994235482,0.20340480215037615,0.012458588535809723,0.2085188538186226,8.552784780124188,2.482917717018628,-2.0854339070570083,0.3306783667119948,-0.1545226187477991,-2.8774521350860596,-0.7990390062332153,-0.21542340517044067,-0.647425315180045,-1.1410798437737122,0.06090078642264157,-0.1597511781283197,0.0906395441252063,-0.015558745371356375,0.2698096186959002,-0.01254567620342522,3.107243776321411,3.1176162732356487,0.010372496914237583,0
1780808652.5461352,FLY,spline,1,92,-14.878845988920354,-0.26424203123430934,-1.9851892084285432,-14.814531326293945,-0.4886718690395355,-1.9837646484375,-0.06431466262640839,0.22442983780522618,-0.0014245599910431839,0.23346333315111575,8.498143919147703,2.474721587872155,-2.1093301465951093,0.33239110317189857,-0.14737865137968936,-2.829230546951294,-0.7829200625419617,-0.21299603581428528,-0.5227983629789784,-1.1079176733241054,0.06561738443459592,-0.15510847426537477,0.07319177081705698,-0.015913377439979337,0.2698769565061927,-0.012558799680312139,3.1083731651306152,3.118982083423935,0.010608918293319558,0
1780808652.5570922,FLY,spline,1,92,-14.878845988920354,-0.26424203123430934,-1.9851892084285432,-14.834062576293945,-0.49406248331069946,-1.9852392673492432,-0.04478341262640839,0.22982045207639012,5.005892069998019e-05,0.2341431063240246,8.47879036367595,2.471818554551392,-2.1193143975544717,0.3336008178883335,-0.14665232688641688,-2.8118019104003906,-0.7767816185951233,-0.21215800940990448,-0.5112194384897578,-1.1040814668519596,0.0655056825234876,-0.15457140535927436,0.0715707213885661,-0.015318999922279142,0.2700402650419888,-0.012571900816816837,3.108769416809082,3.118982083423935,0.010212666614852761,0
1780808652.567492,FLY,spline,1,92,-14.878845988920354,-0.26424203123430934,-1.9851892084285432,-14.853476524353027,-0.4994140565395355,-1.9867089986801147,-0.02536946456732636,0.23517202530522618,0.0015197902515715622,0.23653644797069812,8.459557664942027,2.468933649741304,-2.1283860977497264,0.3346623716731947,-0.14623586384382475,-2.794297218322754,-0.7704492211341858,-0.2113381177186966,-0.4969318100559801,-1.098906467728734,0.06510225387487184,-0.15384690548202276,0.06957045340783721,-0.01472962919474008,0.2702301232022034,-0.01258492126759181,3.1091623306274414,3.118982083423935,0.009819752796493386,0
1780808652.578017,FLY,spline,1,92,-14.878845988920354,-0.26424203123430934,-1.9851892084285432,-14.903788566589355,-0.5132226347923279,-1.9905272722244263,0.024942577669001764,0.24898060355801854,0.005338063795883086,0.2502268433419752,8.409736003538505,2.461460400530776,-2.1527483407287282,0.33708646186029895,-0.14514933911813688,-2.7480852603912354,-0.7529172897338867,-0.20917057991027832,-0.3837241495202535,-1.0684379812671243,0.06402124079214144,-0.1495813173773974,0.053721380932835495,-0.013245473539832853,0.2707423289437923,-0.012597725515750238,3.110151767730713,3.118982083423935,0.008830315693221902,0
1780808652.5885932,FLY,spline,1,92,-14.878845988920354,-0.26424203123430934,-1.9851892084285432,-14.941561698913574,-0.5235253572463989,-1.9934130907058716,0.06271570999322051,0.2592833260120896,0.008223882277328398,0.26676038579190364,8.372351199888183,2.455852679983227,-2.1719078486884418,0.33859736194522805,-0.14431859277669554,-2.712515115737915,-0.7386775612831116,-0.20751513540744781,-0.31775351200634133,-1.048471239976558,0.06319654263075228,-0.1467859735967181,0.04448549168088779,-0.012703667318824552,0.27095776821416584,-0.012610364824276389,3.1105129718780518,3.118982083423935,0.008469111545883035,0
1780808652.5993357,FLY,spline,1,92,-14.878845988920354,-0.26424203123430934,-1.9851892084285432,-14.941561698913574,-0.5235253572463989,-1.9934130907058716,0.06271570999322051,0.2592833260120896,0.008223882277328398,0.26676038579190364,8.372351199888183,2.455852679983227,-2.1719078486884418,0.33859736194522805,-0.14431859277669554,-2.712515115737915,-0.7386775612831116,-0.20751513540744781,-0.37486500786236443,-1.0618631945298809,0.06319654263075228,-0.14866084723418332,0.05248110110073102,-0.012171874678138517,0.27110584261962944,-0.01262300413280254,3.110867500305176,3.118982083423935,0.008114583118759011,0
1780808652.6105287,FLY,spline,1,93,-15.044055966238485,-0.2586204826479888,-2.0025768625892355,-14.997343063354492,-0.5386034846305847,-1.9977049827575684,-0.04671290288399277,0.2799830019825959,-0.0048718798316671474,0.283853089986767,8.317174451318229,2.4475761676977346,-2.196112680024804,0.33849410507650063,-0.1380643559729503,-2.6587343215942383,-0.715907871723175,-0.20513781905174255,-0.2453089513939097,-1.0155880714783614,0.06707346307879225,-0.14218233000697061,0.03434325319514736,-0.013332580971180175,0.2710805098433801,-0.012636418825418298,3.111524820327759,3.120413207641879,0.008888387314120116,0
1780808652.6215968,FLY,spline,1,93,-15.044055966238485,-0.2586204826479888,-2.0025768625892355,-15.033866882324219,-0.5483788847923279,-2.000541925430298,-0.010189083914266206,0.28975840214433907,-0.0020349371589376553,0.2899374916154385,8.281066880527339,2.4421600320791006,-2.220985093635028,0.33927984807959044,-0.13566734760103416,-2.6226768493652344,-0.6998134255409241,-0.2036692053079605,-0.16855157212493085,-0.9934672952459989,0.06800185770692635,-0.13908542133443985,0.023597220097490323,-0.012436007904468749,0.2712713100238147,-0.012650019196959683,3.1121225357055664,3.120413207641879,0.0082906719363125,0
1780808652.6326222,FLY,spline,1,93,-15.044055966238485,-0.2586204826479888,-2.0025768625892355,-15.033866882324219,-0.5483788847923279,-2.000541925430298,-0.010189083914266206,0.28975840214433907,-0.0020349371589376553,0.2899374916154385,8.281066880527339,2.4421600320791006,-2.2224869404408625,0.33932729283657664,-0.13552261137143717,-2.6226768493652344,-0.6998134255409241,-0.2036692053079605,-0.2259502667374308,-1.0105775656710645,0.06814659393652334,-0.14148085919394904,0.031633037343240314,-0.012436007904468749,0.2712461018066597,-0.012663648515746988,3.1121225357055664,3.120413207641879,0.0082906719363125,0
1780808652.6432528,FLY,spline,1,93,-15.044055966238485,-0.2586204826479888,-2.0025768625892355,-15.051952362060547,-0.5531835556030273,-2.001953125,0.007896395822061919,0.29456307295503853,-0.0006237375892355068,0.2946688938719084,8.26319324268125,2.4394789864021877,-2.246517012225217,0.33579033992913687,-0.13504095995500517,-2.58815860748291,-0.6837782263755798,-0.2023070603609085,-0.14225030596952265,-0.9756045883601115,0.06726610040590333,-0.13658464237041562,0.019915042835733174,-0.011286591934620116,0.27166994774110637,-0.012677101735828169,3.112888813018799,3.120413207641879,0.007524394623080077,0
1780808652.6539714,FLY,spline,1,93,-15.044055966238485,-0.2586204826479888,-2.0025768625892355,-15.102265357971191,-0.5663964748382568,-2.0059032440185547,0.05820939173270645,0.307775992190268,0.0033263814293191807,0.3132321737219783,8.213488925068964,2.4320233387603443,-2.2621387979728587,0.3404348315335647,-0.13368200924276835,-2.5535879135131836,-0.6671127080917358,-0.20097534358501434,-0.08410694772241321,-0.9619630516585446,0.06729333434224599,-0.13467482723219626,0.01177497268113785,-0.010539864944874022,0.2718955216900674,-0.012690560402696617,3.113386631011963,3.120413207641879,0.007026576629916015,0
1780808652.6648064,FLY,spline,1,93,-15.044055966238485,-0.2586204826479888,-2.0025768625892355,-15.119882583618164,-0.5709667801856995,-2.0072948932647705,0.0758266173796791,0.31234629753771065,0.004718030675535001,0.3214185518739706,8.196091431397846,2.429413714709677,-2.2727034751639126,0.34062949881890886,-0.13319949294683894,-2.535477876663208,-0.6581435203552246,-0.20028156042099,-0.0754674356864655,-0.9568903670300377,0.06708206747415105,-0.1339646513842053,0.01056544099610517,-0.010176157402454589,0.2720185651664138,-0.012703976816191448,3.113629102706909,3.120413207641879,0.006784104934969726,0
1780808652.675309,FLY,spline,1,93,-15.044055966238485,-0.2586204826479888,-2.0025768625892355,-15.137382507324219,-0.5754784941673279,-2.008681535720825,0.0933265410857338,0.31685801151933907,0.0061046731315896885,0.33031627682422304,8.178813135322425,2.4268219702983638,-2.297427165112235,0.3369543388787291,-0.1327174610461126,-2.5006825923919678,-0.6404348015785217,-0.19901427626609802,0.0059342453526387735,-0.9208574999988979,0.06629681521998543,-0.12892004999984572,-0.0008307943493694284,-0.009541010307728026,0.2722810911413049,-0.012717236179235446,3.1140525341033936,3.120413207641879,0.006360673538485351,0
1780808652.6860023,FLY,spline,1,94,-15.209139525783005,-0.2531392779988347,-2.019306554102172,-15.18636703491211,-0.5879296660423279,-2.0125975608825684,-0.022772490870895723,0.3347903880434932,-0.0067089932196036095,0.3355639883342338,8.130466688571376,2.419570003285706,-2.314767046338769,0.33911233666430396,-0.12462654790860243,-2.4658899307250977,-0.6221091151237488,-0.19782313704490662,0.064749844639136,-0.9006851761225786,0.07319658913630418,-0.12609592465716102,-0.00906497824947904,-0.011464045101450271,0.27182612562196873,-0.012731875497062707,3.114267349243164,3.1219100459774642,0.007642696734300181,0
1780808652.696695,FLY,spline,1,94,-15.209139525783005,-0.2531392779988347,-2.019306554102172,-15.220233917236328,-0.5963574051856995,-2.015336751937866,0.011094391453323027,0.3432181271868648,-0.003969802164305758,0.34339739129961144,8.097055412789658,2.414558311918449,-2.3396430250188245,0.3367488593609982,-0.12385217090339809,-2.4141619205474854,-0.5937100052833557,-0.1961418092250824,0.17432642664689926,-0.8477559469231882,0.07228963832168431,-0.11868583256924636,-0.0244056997305659,-0.011156127506540603,0.27199444518683547,-0.012746333424727044,3.1144726276397705,3.1219100459774642,0.007437418337693735,0
1780808652.707553,FLY,spline,1,94,-15.209139525783005,-0.2531392779988347,-2.019306554102172,-15.220233917236328,-0.5963574051856995,-2.015336751937866,0.011094391453323027,0.3432181271868648,-0.003969802164305758,0.34339739129961144,8.097055412789658,2.414558311918449,-2.34995148556195,0.3357694481450996,-0.12353127358690164,-2.4141619205474854,-0.5937100052833557,-0.1961418092250824,0.12969598187133768,-0.8703262910538238,0.07261053563818076,-0.12184568074753534,-0.018157437461987277,-0.010869667583750076,0.27206022816888015,-0.01276085553185468,3.114663600921631,3.1219100459774642,0.007246445055833384,0
1780808652.7185583,FLY,spline,1,94,-15.209139525783005,-0.2531392779988347,-2.019306554102172,-15.26546859741211,-0.6073827743530273,-2.0190281867980957,0.05632907162910428,0.35424349635419267,-0.00027836730407626575,0.3586940465352606,8.05244660387082,2.407866990580623,-2.3667378841593654,0.3392180581913454,-0.122042490703917,-2.380631923675537,-0.574555516242981,-0.195017471909523,0.18827429530665754,-0.8510774655910124,0.07297498120560601,-0.11915084518274174,-0.026358401342932058,-0.01000528102521736,0.27234532049307913,-0.0127754505280958,3.1152398586273193,3.1219100459774642,0.006670187350144907,0
1780808652.7295973,FLY,spline,1,94,-15.209139525783005,-0.2531392779988347,-2.019306554102172,-15.298163414001465,-0.6151464581489563,-2.021723508834839,0.08902388821845975,0.3620071801501216,0.0024169547326668983,0.37279277240013037,8.020215301832156,2.4030322952748233,-2.3916972023114687,0.33821433538070067,-0.12103007878109172,-2.3282737731933594,-0.5434610247612,-0.19327078759670258,0.3030272071256478,-0.7948273440920982,0.07224070881561086,-0.11127582817289376,-0.0424238089975907,-0.01000528102521736,0.27238961414251567,-0.012789898669858923,3.1152398586273193,3.1219100459774642,0.006670187350144907,0
1780808652.7404904,FLY,spline,1,94,-15.209139525783005,-0.2531392779988347,-2.019306554102172,-15.298163414001465,-0.6151464581489563,-2.021723508834839,0.08902388821845975,0.3620071801501216,0.0024169547326668983,0.37279277240013037,8.020215301832156,2.4030322952748233,-2.393795965897411,0.3381299349626875,-0.12094494771843005,-2.3282737731933594,-0.5434610247612,-0.19327078759670258,0.242451199223315,-0.8200607396292552,0.07232583987827253,-0.11480850354809574,-0.03394316789126411,-0.00951390033368904,0.2725608448849055,-0.012804363837834577,3.115567445755005,3.1219100459774642,0.00634260022245936,0
1780808652.7515647,FLY,spline,1,95,-15.374090242147632,-0.24780872596059864,-2.035356430149012,-15.359530448913574,-0.6291894316673279,-2.02685546875,-0.014559793234058205,0.3813807057067292,-0.00850096139901213,0.3816585257325995,7.959741024960869,2.3939611537441303,-2.3854296285998178,0.34812134103929054,-0.1120399461990703,-2.276360511779785,-0.511145293712616,-0.19163665175437927,0.29066739401365077,-0.7863560014322836,0.07959670555530897,-0.1100898402005197,-0.04069343516191111,-0.011718163491775346,0.2720219026098226,-0.012820283178945638,3.1156609058380127,3.1234730148325296,0.0078121089945168976,0
1780808652.7623477,FLY,spline,1,95,-15.374090242147632,-0.24780872596059864,-2.035356430149012,-15.37523365020752,-0.6326562166213989,-2.0281834602355957,0.0011434080598871077,0.38484749066080026,-0.007172969913416427,0.384849189228594,7.944270278059288,2.3916405417088935,-2.3830797707053923,0.35107983974885915,-0.11143032271208961,-2.242380380630493,-0.4891616404056549,-0.19059358537197113,0.31127834386390485,-0.7636731864308078,0.07916326265988152,-0.10691424610031311,-0.04357896814094668,-0.011599431039382768,0.2720934872014906,-0.012836115831477615,3.1157400608062744,3.1234730148325296,0.007732954026255179,0
1780808652.7734697,FLY,spline,1,95,-15.374090242147632,-0.24780872596059864,-2.035356430149012,-15.37523365020752,-0.6326562166213989,-2.0281834602355957,0.0011434080598871077,0.38484749066080026,-0.007172969913416427,0.384849189228594,7.944270278059288,2.3916405417088935,-2.3830797707053923,0.35107983974885915,-0.11143032271208961,-2.242380380630493,-0.4891616404056549,-0.19059358537197113,0.2664556085272076,-0.7855195484902039,0.07916326265988152,-0.10997273678862855,-0.03730378519380907,-0.01131118297724898,0.2722210035574469,-0.012851948484009591,3.1159322261810303,3.1234730148325296,0.007540788651499319,0
1780808652.7841,FLY,spline,1,95,-15.374090242147632,-0.24780872596059864,-2.035356430149012,-15.434609413146973,-0.6452929377555847,-2.033261775970459,0.06051917099934023,0.39748421179498605,-0.002094654178553146,0.4020650055460295,7.885786781372016,2.3828680172058023,-2.3742055008222094,0.3618891885989214,-0.10908012924523192,-2.1913163661956787,-0.4548591077327728,-0.18889304995536804,0.3265497222514284,-0.746761557042714,0.07981292071013613,-0.10454661798597996,-0.04571696111519998,-0.011123428346206499,0.2722472797015364,-0.012867911068151619,3.1160573959350586,3.1234730148325296,0.007415618897470999,0
1780808652.7944503,FLY,spline,1,95,-15.374090242147632,-0.24780872596059864,-2.035356430149012,-15.434609413146973,-0.6452929377555847,-2.033261775970459,0.06051917099934023,0.39748421179498605,-0.002094654178553146,0.4020650055460295,7.885786781372016,2.3828680172058023,-2.3742055008222094,0.3618891885989214,-0.10908012924523192,-2.1913163661956787,-0.4548591077327728,-0.18889304995536804,0.2896897425486101,-0.7662768150365802,0.07981292071013613,-0.10727875410512124,-0.040556563956805416,-0.011123428346206499,0.27223131711739434,-0.012883873652293647,3.1160573959350586,3.1234730148325296,0.007415618897470999,0
1780808652.8074164,FLY,spline,1,96,-15.538901689926082,-0.24263913520703226,-2.050704637911418,-15.480819702148438,-0.6545116901397705,-2.037290096282959,-0.05808198777764417,0.4118725549327382,-0.013414541628459009,0.4159477356724326,7.8402818257706715,2.3760422738656004,-2.3681884964886972,0.36778697278122235,-0.10051900539573265,-2.138170003890991,-0.41751915216445923,-0.18706665933132172,0.36562634071605743,-0.7082153633907471,0.08654765393558907,-0.0991501508747046,-0.05118768770024804,-0.013258378477358113,0.271823779899021,-0.012901183183080764,3.1162636280059814,3.125102546990887,0.008838918984905408,0
1780808652.8180456,FLY,spline,1,96,-15.538901689926082,-0.24263913520703226,-2.050704637911418,-15.495546340942383,-0.6573241949081421,-2.038583993911743,-0.04335534898369886,0.4146850597011098,-0.01212064399967483,0.41694530219779585,7.825781003668634,2.3738671505502955,-2.3659974251202835,0.3701951350062621,-0.09985476807916538,-2.1211085319519043,-0.405164897441864,-0.1864689588546753,0.36299222589068947,-0.7068403218793671,0.08661419077550991,-0.0989576450631114,-0.05081891162469653,-0.013159673185610066,0.2718500635995516,-0.012918506021235867,3.1163294315338135,3.125102546990887,0.008773115457073377,0
1780808652.8288496,FLY,spline,1,96,-15.538901689926082,-0.24263913520703226,-2.050704637911418,-15.528475761413574,-0.6633886694908142,-2.041498899459839,-0.010425928512507454,0.4207495342837819,-0.009205738451579126,0.42087868868044065,7.793357972030961,2.3690036958046443,-2.361101935075334,0.3754004273042733,-0.09835229822869368,-2.082808017730713,-0.37673068046569824,-0.185058131814003,0.4054919890314078,-0.672581722474353,0.08670583358530931,-0.09416144114640942,-0.0567688784643971,-0.012940447302126179,0.27193888705802444,-0.01293584718795293,3.1164755821228027,3.125102546990887,0.00862696486808412,0
1780808652.8395224,FLY,spline,1,96,-15.538901689926082,-0.24263913520703226,-2.050704637911418,-15.54281234741211,-0.6659179329872131,-2.042778253555298,0.003910657486027702,0.42327879778018085,-0.007926384356120142,0.4232968626061481,7.779241931868939,2.366886289780341,-2.3589723617659537,0.3775778646370187,-0.09769000651049331,-2.0660111904144287,-0.3639872968196869,-0.1843622475862503,0.4046085198851594,-0.6702537176353996,0.086672241075757,-0.09383552046895596,-0.05664519278392232,-0.012854258985780964,0.27196913007468226,-0.012953181636168081,3.116533041000366,3.125102546990887,0.008569505990520643,0
1780808652.8499718,FLY,spline,1,96,-15.538901689926082,-0.24263913520703226,-2.050704637911418,-15.54281234741211,-0.6659179329872131,-2.042778253555298,0.003910657486027702,0.42327879778018085,-0.007926384356120142,0.4232968626061481,7.779241931868939,2.366886289780341,-2.3589723617659537,0.3775778646370187,-0.09769000651049331,-2.0660111904144287,-0.3639872968196869,-0.1843622475862503,0.37662711479192146,-0.6893936716151693,0.086672241075757,-0.09651511402612371,-0.05272779607086901,-0.012780230016969929,0.2719907573817445,-0.012970516084383233,3.1165823936462402,3.125102546990887,0.00852015334464662,0
1780808652.8608315,FLY,spline,1,96,-15.538901689926082,-0.24263913520703226,-2.050704637911418,-15.585116386413574,-0.6729589700698853,-2.046586751937866,0.046214696487492546,0.43031983486285297,-0.0041178859735517825,0.43279436046213,7.737586935698168,2.360638040354725,-2.352694802581621,0.38366529637961166,-0.09570924770251954,-2.0001285076141357,-0.31223398447036743,-0.18136973679065704,0.48561601821025224,-0.5990852366021625,0.0856604890881375,-0.08387193312430276,-0.06798624254943532,-0.012717287512087116,0.27208832818305195,-0.01298764818220086,3.116624355316162,3.125102546990887,0.008478191674724744,0
1780808652.8718603,FLY,spline,1,96,-15.538901689926082,-0.24263913520703226,-2.050704637911418,-15.612030982971191,-0.6770898103713989,-2.0490331649780273,0.07312929304510973,0.43445067516436664,-0.0016714729333906497,0.44056246169192803,7.711082418581343,2.356662362787201,-2.3487057936007307,0.3872592753141278,-0.09443054021172438,-1.9841982126235962,-0.2992837429046631,-0.18062695860862732,0.4765644333746574,-0.6042414325938802,0.08619641839690294,-0.08459380056314324,-0.06671902067245204,-0.012557070226930866,0.2721179291634201,-0.01300488746588024,3.1167311668395996,3.125102546990887,0.008371380151287244,0
1780808652.882643,FLY,spline,1,96,-15.538901689926082,-0.24263913520703226,-2.050704637911418,-15.612030982971191,-0.6770898103713989,-2.0490331649780273,0.07312929304510973,0.43445067516436664,-0.0016714729333906497,0.44056246169192803,7.711082418581343,2.356662362787201,-2.3487057936007307,0.3872592753141278,-0.09443054021172438,-1.9841982126235962,-0.2992837429046631,-0.18062695860862732,0.4480085206276917,-0.6261678245076884,0.08619641839690294,-0.08766349543107638,-0.06272119288787685,-0.012496988744997273,0.27214785567706284,-0.013022126749559621,3.1167712211608887,3.125102546990887,0.008331325829998182,0
1780808652.893615,FLY,spline,1,97,-15.703567443712071,-0.2376408144118875,-2.06532932457105,-15.639257431030273,-0.6809667944908142,-2.051528215408325,-0.0643100126817977,0.4433259800789267,-0.01380110916272459,0.44796618437564445,7.684267189575096,2.3526400784362647,-2.345577702334681,0.38860160969648,-0.08643526884050154,-1.951729416847229,-0.2723499834537506,-0.17917044460773468,0.4911686587222234,-0.5836170971080056,0.09273517576723314,-0.08170639359512079,-0.06876361222111128,-0.015041805785571682,0.2716062080522829,-0.013040673784713068,3.1167712211608887,3.126799091684603,0.010027870523714455,0
1780808652.9045603,FLY,spline,1,97,-15.703567443712071,-0.2376408144118875,-2.06532932457105,-15.652694702148438,-0.6827636361122131,-2.0527684688568115,-0.05087274156363364,0.44512282170032563,-0.012560855714238262,0.4480204930945237,7.671031306413412,2.350654695962012,-2.343590989109294,0.3901687299680723,-0.08573105711530372,-1.9212316274642944,-0.246364563703537,-0.17784449458122253,0.5282275750226642,-0.5485649558288537,0.09211343746591881,-0.07679909381603953,-0.07395186050317298,-0.015037514251147854,0.27165433136237027,-0.013059096472206252,3.116774082183838,3.126799091684603,0.010025009500765236,0
1780808652.9153774,FLY,spline,1,97,-15.703567443712071,-0.2376408144118875,-2.06532932457105,-15.702812194824219,-0.6887304782867432,-2.057441473007202,-0.0007552488878523889,0.45108966387485566,-0.007887851563847637,0.45109029612219864,7.6216522864551814,2.3432478429682773,-2.3361890997672106,0.3954258716678522,-0.08306704859923814,-1.8753381967544556,-0.20598651468753815,-0.17556457221508026,0.5839186872400494,-0.49239218054006056,0.09249752361584213,-0.06893490527560849,-0.08174861621360692,-0.015079714339648831,0.27166496471388024,-0.01307759597692942,3.116745948791504,3.126799091684603,0.01005314289309922,0
1780808652.9259179,FLY,spline,1,97,-15.703567443712071,-0.2376408144118875,-2.06532932457105,-15.702812194824219,-0.6887304782867432,-2.057441473007202,-0.0007552488878523889,0.45108966387485566,-0.007887851563847637,0.45109029612219864,7.6216522864551814,2.3432478429682773,-2.3361890997672106,0.3954258716678522,-0.08306704859923814,-1.8753381967544556,-0.20598651468753815,-0.17556457221508026,0.5514381511763184,-0.5216077176142659,0.09249752361584213,-0.07302508046599723,-0.07720134116468459,-0.015079714339648831,0.2716464652091571,-0.013096095481652588,3.116745948791504,3.126799091684603,0.01005314289309922,0
1780808652.9369135,FLY,spline,1,97,-15.703567443712071,-0.2376408144118875,-2.06532932457105,-15.702812194824219,-0.6887304782867432,-2.057441473007202,-0.0007552488878523889,0.45108966387485566,-0.007887851563847637,0.45109029612219864,7.6216522864551814,2.3432478429682773,-2.3361890997672106,0.3954258716678522,-0.08306704859923814,-1.8753381967544556,-0.20598651468753815,-0.17556457221508026,0.5287091423827462,-0.5420514085335625,0.09249752361584213,-0.07588719719469876,-0.07401927993358448,-0.015100099128162014,0.271639042257619,-0.013114594986375756,3.116732358932495,3.126799091684603,0.01006673275210801,0
1780808652.947707,FLY,spline,1,97,-15.703567443712071,-0.2376408144118875,-2.06532932457105,-15.743358612060547,-0.6925976276397705,-2.0612547397613525,0.039791168348475736,0.454956813227883,-0.004074584809697246,0.4566935941974746,7.581681273947347,2.337252191092102,-2.3302096735974662,0.39891102344114343,-0.0808859424905276,-1.8263856172561646,-0.16117118299007416,-0.17259395122528076,0.6050746332290685,-0.4630806368002945,0.09170800873475317,-0.06483128915204124,-0.0847104486520696,-0.015194870513354886,0.27168162464018103,-0.013132936588122706,3.116669178009033,3.126799091684603,0.010129913675569924,0
1780808652.9584942,FLY,spline,1,97,-15.703567443712071,-0.2376408144118875,-2.06532932457105,-15.781367301940918,-0.6953808665275574,-2.064868211746216,0.07779985822884683,0.45774005211566987,-0.00046111282483396465,0.46430461256731537,7.544191033975023,2.3316286550962535,-2.3246123216782513,0.40150466368115556,-0.0788105087137398,-1.7803031206130981,-0.11720607429742813,-0.16967254877090454,0.6656373636260883,-0.3951096401903568,0.09086204005716474,-0.05531534962664996,-0.09318923090765237,-0.015293933432971585,0.27171863669229757,-0.013151108996134139,3.116603136062622,3.126799091684603,0.010195955621981057,0
1780808652.9691403,FLY,spline,1,97,-15.703567443712071,-0.2376408144118875,-2.06532932457105,-15.793632507324219,-0.696093738079071,-2.0660400390625,0.09006506361214761,0.45845292366718354,0.000710714491450215,0.4672160088250922,7.532087980986663,2.3298131971479994,-2.3228076553303714,0.4021934289814753,-0.07813620563421221,-1.7654160261154175,-0.10261651128530502,-0.1687394678592682,0.6611062888884556,-0.39673342779866594,0.09060326222505598,-0.05554267989181324,-0.09255488044438379,-0.015376545470630276,0.2717151658068079,-0.01316922964857915,3.1165480613708496,3.126799091684603,0.010251030313753517,0
1780808652.979708,FLY,spline,1,97,-15.703567443712071,-0.2376408144118875,-2.06532932457105,-15.793632507324219,-0.696093738079071,-2.0660400390625,0.09006506361214761,0.45845292366718354,0.000710714491450215,0.4672160088250922,7.532087980986663,2.3298131971479994,-2.3228076553303714,0.4021934289814753,-0.07813620563421221,-1.7654160261154175,-0.10261651128530502,-0.1687394678592682,0.6337507258085623,-0.42489332927403595,0.09060326222505598,-0.05948506609836504,-0.08872510161319873,-0.015443064254199612,0.2716854290724236,-0.013187350301024161,3.1165037155151367,3.126799091684603,0.010295376169466408,0
1780808652.990486,FLY,spline,1,98,-15.86808107809931,-0.23282407224891596,-2.079208637309568,-15.817851066589355,-0.697216808795929,-2.068364143371582,-0.050230011509954764,0.46439273654701296,-0.010844493937986144,0.4671013464055885,7.5081813984484,2.32622720976726,-2.320154417430038,0.4012228336550797,-0.07002192940834615,-1.7359654903411865,-0.07317718118429184,-0.16696377098560333,0.6718688554867641,-0.37622649673171216,0.09694184157725719,-0.05267170954243971,-0.09406163976814698,-0.018177432797831017,0.2711393921600332,-0.013206738669339612,3.1164448261260986,3.128563114657986,0.012118288531887345,0
1780808653.0010579,FLY,spline,1,98,-15.86808107809931,-0.23282407224891596,-2.079208637309568,-15.817851066589355,-0.697216808795929,-2.068364143371582,-0.050230011509954764,0.46439273654701296,-0.010844493937986144,0.4671013464055885,7.5081813984484,2.32622720976726,-2.320154417430038,0.4012228336550797,-0.07002192940834615,-1.7359654903411865,-0.07317718118429184,-0.16696377098560333,0.6491173944584724,-0.40117933583648385,0.09694184157725719,-0.056165107017107745,-0.09087643522418615,-0.018286866925638634,0.27109414737152954,-0.013226127037655064,3.1163718700408936,3.128563114657986,0.012191244617092423,0
1780808653.0119686,FLY,spline,1,98,-15.86808107809931,-0.23282407224891596,-2.079208637309568,-15.853788375854492,-0.6981152296066284,-2.071845769882202,-0.014292702244818045,0.4652911573577124,-0.007362867427366027,0.4655106254992882,7.4726842349339835,2.320902635240097,-2.314872067553129,0.40224735828103014,-0.0678680596179073,-1.6921980381011963,-0.027959570288658142,-0.16444355249404907,0.7154130069327858,-0.3192342723754123,0.09657549287614177,-0.04469279813255773,-0.10015782097059002,-0.018532914899271447,0.2710477185309217,-0.013245442136230292,3.1162078380584717,3.128563114657986,0.012355276599514298,0
1780808653.0226018,FLY,spline,1,98,-15.86808107809931,-0.23282407224891596,-2.079208637309568,-15.876992225646973,-0.6981835961341858,-2.074111223220825,0.008911147547662424,0.4653595238852698,-0.00509741408874298,0.4654448356372012,7.4497485981709675,2.317462289725645,-2.3114646913954155,0.4024995345097814,-0.06646348595176356,-1.6640338897705078,0.002109740860760212,-0.16248370707035065,0.7436350533189787,-0.2806629726280813,0.09602022111858709,-0.039292816167931385,-0.10410890746465704,-0.018777174733560997,0.2710162533448956,-0.013264646180454009,3.1160449981689453,3.128563114657986,0.012518116489040665,0
1780808653.0332842,FLY,spline,1,98,-15.86808107809931,-0.23282407224891596,-2.079208637309568,-15.910780906677246,-0.6975195407867432,-2.0774266719818115,0.04269982857793586,0.46469546853782717,-0.0017819653277566516,0.46665314082321985,7.416325328023125,2.3124487992034686,-2.306507520725859,0.4022559176084578,-0.06440505795310657,-1.6231588125228882,0.04719175770878792,-0.15915966033935547,0.7942401938043032,-0.20982086758644586,0.0947546023862489,-0.029374921462102424,-0.11119362713260246,-0.018884820722025353,0.2710722376412786,-0.01328359710093126,3.1159732341766357,3.128563114657986,0.012589880481350235,0
1780808653.0439272,FLY,spline,1,98,-15.86808107809931,-0.23282407224891596,-2.079208637309568,-15.910780906677246,-0.6975195407867432,-2.0774266719818115,0.04269982857793586,0.46469546853782717,-0.0017819653277566516,0.46665314082321985,7.416325328023125,2.3124487992034686,-2.306507520725859,0.4022559176084578,-0.06440505795310657,-1.6231588125228882,0.04719175770878792,-0.15915966033935547,0.7636728137551533,-0.24798830212164366,0.0947546023862489,-0.03471836229703012,-0.10691419392572146,-0.019118709348123986,0.27098269035698375,-0.01330254802140851,3.1158173084259033,3.128563114657986,0.012745806232082657,0
1780808653.0548131,FLY,spline,1,98,-15.86808107809931,-0.23282407224891596,-2.079208637309568,-15.921953201293945,-0.6970898509025574,-2.0785253047943115,0.05387212319463508,0.4642657786536414,-0.0006833325152566516,0.4673809141229131,7.405266679034549,2.310790001855182,-2.304869585532991,0.4020072854217292,-0.06372256746996828,-1.6096824407577515,0.06244661286473274,-0.15800650417804718,0.7674532736029417,-0.23988501582809263,0.0942839367080789,-0.03358390221593297,-0.10744345830441185,-0.019391579411905724,0.27090219701286833,-0.013321404808750126,3.115635395050049,3.128563114657986,0.01292771960793715,0
1780808653.0653353,FLY,spline,1,98,-15.86808107809931,-0.23282407224891596,-2.079208637309568,-15.944023132324219,-0.6959081888198853,-2.080698251724243,0.07594205422490852,0.46308411657096926,0.001489614414674989,0.46926974611646766,7.3834096679249335,2.30751145018874,-2.3016357704901775,0.40124988009174667,-0.06237226092488293,-1.5707682371139526,0.10765362530946732,-0.15469729900360107,0.82419296459415,-0.16121547008692919,0.09232503807871814,-0.022570165812170088,-0.11538701504318101,-0.019391579411905724,0.27104044389560145,-0.01333986981636587,3.115635395050049,3.128563114657986,0.01292771960793715,0
1780808653.0760968,FLY,spline,1,98,-15.86808107809931,-0.23282407224891596,-2.079208637309568,-15.944023132324219,-0.6959081888198853,-2.080698251724243,0.07594205422490852,0.46308411657096926,0.001489614414674989,0.46926974611646766,7.3834096679249335,2.30751145018874,-2.3016357704901775,0.40124988009174667,-0.06237226092488293,-1.5707682371139526,0.10765362530946732,-0.15469729900360107,0.7984832582166006,-0.19489917483989255,0.09232503807871814,-0.02728588447758496,-0.1117876561503241,-0.019974155209940392,0.2707870702983137,-0.013358334823981613,3.1152470111846924,3.128563114657986,0.013316103473293595,0
1780808653.0865276,FLY,spline,1,99,-16.032436167681528,-0.22819921739186927,-2.0923207233086347,-15.975312232971191,-0.6934472322463989,-2.0837841033935547,-0.0571239347103365,0.46524801485452966,-0.008536619915080035,0.46874178312037795,7.3523950444296675,2.3028592566644503,-2.2979349843371,0.3974190014551165,-0.053673988879665506,-1.545735478401184,0.1376853585243225,-0.15255320072174072,0.8254092976187245,-0.14290690375152795,0.09887921184207521,-0.020006966525213915,-0.11555730166662144,-0.022879844456184184,0.27017961733251633,-0.013378110666350028,3.1151418685913086,3.1303950982287647,0.015253229637456123,0
1780808653.097317,FLY,spline,1,99,-16.032436167681528,-0.22819921739186927,-2.0923207233086347,-15.985976219177246,-0.6923828125,-2.0848388671875,-0.04645994850428181,0.46418359510813073,-0.007481856121134722,0.466502879715152,7.341816874635984,2.3012725311953974,-2.2963710146158283,0.39664548474203104,-0.0529750903980103,-1.5330686569213867,0.15317866206169128,-0.15152661502361298,0.828914046041078,-0.13544985004436536,0.09855152462560268,-0.01896297900621115,-0.11604796644575092,-0.02304113462494639,0.2701218184427466,-0.013397820971275148,3.115034341812134,3.1303950982287647,0.015360756416630927,0
1780808653.107904,FLY,spline,1,99,-16.032436167681528,-0.22819921739186927,-2.0923207233086347,-15.996522903442383,-0.691210925579071,-2.085883855819702,-0.03591326423914509,0.4630117081872018,-0.006436867488932574,0.4644024165169052,7.331351020278308,2.299702653041746,-2.2948247394834485,0.3957851415938395,-0.052282428250179834,-1.5096956491470337,0.18232901394367218,-0.14946569502353668,0.8573561271509811,-0.0943081456193443,0.09718326677335684,-0.013203140386708202,-0.12002985780113737,-0.02332938268708018,0.2700927614605456,-0.01341725762462982,3.114842176437378,3.1303950982287647,0.015552921791386787,0
1780808653.119059,FLY,spline,1,99,-16.032436167681528,-0.22819921739186927,-2.0923207233086347,-16.02519416809082,-0.6874414086341858,-2.0887205600738525,-0.007241999590707593,0.4592421912423165,-0.0036001632347821833,0.4592992888902793,7.302879031893875,2.2954318547840815,-2.2906232652060434,0.39297932902437205,-0.05040274894849657,-1.4869009256362915,0.21147850155830383,-0.14704596996307373,0.876332231060851,-0.05226623121184024,0.09664322101457716,-0.007317272369657635,-0.12268651234851916,-0.02348816946076182,0.2700452068649109,-0.013436586268832736,3.114736318588257,3.1303950982287647,0.01565877964050788,0
1780808653.1301317,FLY,spline,1,99,-16.032436167681528,-0.22819921739186927,-2.0923207233086347,-16.04558563232422,-0.6841894388198853,-2.0907323360443115,0.013149464642690845,0.455990221428016,-0.0015883872643231989,0.45617977866008097,7.282609322618595,2.2923913983927893,-2.287637131289605,0.39052698965020655,-0.04907051982677757,-1.4528766870498657,0.2564007639884949,-0.14309871196746826,0.9213806282934945,0.021662017905274753,0.09402819214069069,0.003032682506738466,-0.12899328796108925,-0.023787861614692485,0.2700868622377785,-0.013455391907260875,3.1145365238189697,3.1303950982287647,0.01585857440979499,0
1780808653.14069,FLY,spline,1,99,-16.032436167681528,-0.22819921739186927,-2.0923207233086347,-16.04558563232422,-0.6841894388198853,-2.0907323360443115,0.013149464642690845,0.455990221428016,-0.0015883872643231989,0.45617977866008097,7.282609322618595,2.2923913983927893,-2.287637131289605,0.39052698965020655,-0.04907051982677757,-1.4528766870498657,0.2564007639884949,-0.14309871196746826,0.8963946649351275,-0.018127429624599827,0.09402819214069069,-0.002537840147443976,-0.12549525309091786,-0.024051433353889262,0.26992363808114783,-0.013474197545689013,3.114360809326172,3.1303950982287647,0.01603428890259284,0
1780808653.1512704,FLY,spline,1,99,-16.032436167681528,-0.22819921739186927,-2.0923207233086347,-16.073436737060547,-0.678955078125,-2.0934715270996094,0.04100056937901897,0.45075586073313073,0.0011508037909746527,0.4526167171842742,7.254897628973211,2.288234644345982,-2.2835615290478715,0.38654336426283675,-0.047257822188296286,-1.431298851966858,0.28584250807762146,-0.14057444036006927,0.9153925212712141,0.02856028939952338,0.09331661817177299,0.003998440515933273,-0.12815495297796997,-0.02420986249970225,0.2698722490877337,-0.013492860869323367,3.11425518989563,3.1303950982287647,0.016139908333134834,0
1780808653.1620176,FLY,spline,1,99,-16.032436167681528,-0.22819921739186927,-2.0923207233086347,-16.083280563354492,-0.6768652200698853,-2.094438314437866,0.05084439567296428,0.448666002678016,0.0021175911292314886,0.451537744303196,7.245095200216323,2.2867642800324486,-2.2821219720748998,0.384943542743742,-0.046618245623308824,-1.4200998544692993,0.30142688751220703,-0.13930605351924896,0.9176092845608647,0.03526148455260183,0.09268780789594014,0.004936607837364256,-0.12846529983852106,-0.024375801830756938,0.26980842184511095,-0.013511398430902556,3.1141445636749268,3.1303950982287647,0.01625053455383796,0
1780808653.1728468,FLY,spline,1,99,-16.032436167681528,-0.22819921739186927,-2.0923207233086347,-16.11097526550293,-0.6703320145606995,-2.0971434116363525,0.07853909782140178,0.4421327971688302,0.004822688327717817,0.4490543399399828,7.217495746269576,2.282624361940436,-2.2780743329953026,0.37991975351720575,-0.04483080224317388,-1.389110803604126,0.34574031829833984,-0.1357608437538147,0.9577562148180409,0.11716554265189305,0.09093004151064082,0.01640317597126503,-0.13408587007452574,-0.024850374012458598,0.2696500116316787,-0.013529584439204684,3.113828182220459,3.1303950982287647,0.016566916008305732,0
1780808653.183619,FLY,spline,1,99,-16.032436167681528,-0.22819921739186927,-2.0923207233086347,-16.11097526550293,-0.6703320145606995,-2.0971434116363525,0.07853909782140178,0.4421327971688302,0.004822688327717817,0.4490543399399828,7.217495746269576,2.282624361940436,-2.2780743329953026,0.37991975351720575,-0.04483080224317388,-1.389110803604126,0.34574031829833984,-0.1357608437538147,0.9373002806562348,0.07916953066526844,0.09093004151064082,0.011083734293137583,-0.1312220392918729,-0.024850374012458598,0.2696318256233765,-0.013547770447506812,3.113828182220459,3.1303950982287647,0.016566916008305732,0
1780808653.1944406,FLY,spline,1,100,-16.196626287052432,-0.22377655851449924,-2.1046437297499097,-16.13003921508789,-0.6652050614356995,-2.099003791809082,-0.06658707196454117,0.4414285029212002,-0.005639937940827622,0.44642240237701225,7.1984784424665165,2.2797717663699775,-2.276100263034257,0.3738093034237259,-0.03683272388614073,-1.3680965900421143,0.3768326938152313,-0.13333164155483246,0.9625509650717046,0.1357641990055284,0.09649891766869173,0.01900698786077398,-0.13475713511003864,-0.028035063117537673,0.2689686502900208,-0.01356707023104055,3.113605499267578,3.1322955413459366,0.01869004207835845,0
1780808653.205138,FLY,spline,1,100,-16.196626287052432,-0.22377655851449924,-2.1046437297499097,-16.13945198059082,-0.6624804735183716,-2.099921941757202,-0.05717430646161148,0.43870391500387235,-0.004721787992707505,0.4424138632085246,7.189083232666631,2.2783624848999944,-2.2747198852951103,0.3716868104404174,-0.03618762478271521,-1.3491384983062744,0.405692994594574,-0.13107135891914368,0.9827478388554012,0.17309615210170723,0.09488373413642848,0.024233461294239013,-0.13758469743975618,-0.028514642089400466,0.2688011925448597,-0.013586046977867836,3.113285779953003,3.1322955413459366,0.019009761392933644,0
1780808653.2157257,FLY,spline,1,100,-16.196626287052432,-0.22377655851449924,-2.1046437297499097,-16.155508041381836,-0.6575585603713989,-2.1014795303344727,-0.041118245670595854,0.4337820018568997,-0.003164199415436997,0.4357264454471484,7.173049294583927,2.2759573941875892,-2.272366038573788,0.3678468187554756,-0.03509409694243507,-1.3405647277832031,0.4190177321434021,-0.13003602623939514,0.9777865387085575,0.1774740875467934,0.09494192929696008,0.024846372256551078,-0.13689011541919807,-0.028691667884383376,0.2686726258915046,-0.013605035363727229,3.1131677627563477,3.1322955413459366,0.019127778589588917,0
1780808653.226528,FLY,spline,1,100,-16.196626287052432,-0.22377655851449924,-2.1046437297499097,-16.1739444732666,-0.651416003704071,-2.1032567024230957,-0.02268181378583023,0.4276394451895718,-0.00138702732681395,0.42824053960205577,7.154624737717405,2.273193710657611,-2.269664715202364,0.3630447866036628,-0.033847539031022084,-1.3211402893066406,0.44982072710990906,-0.12719711661338806,0.9979649221955058,0.22698364824263068,0.09334957758236598,0.0317777107539683,-0.13971508910737082,-0.028867263167891677,0.26867258054555154,-0.013623705279243701,3.113050699234009,3.1322955413459366,0.019244842111927785,0
1780808653.2374942,FLY,spline,1,100,-16.196626287052432,-0.22377655851449924,-2.1046437297499097,-16.183046340942383,-0.6481835842132568,-2.104130744934082,-0.01357994611004898,0.4244070256987576,-0.0005129848158276218,0.4246242319967358,7.145523631162439,2.271828544674366,-2.2683317836031645,0.36051415705814116,-0.03323479930671817,-1.304238200187683,0.4774295389652252,-0.12434906512498856,1.0145906416397874,0.260402642962382,0.0911142658182704,0.03645637001473349,-0.14204268982957025,-0.02903570589402693,0.26872122811559285,-0.013641928132407355,3.112938404083252,3.1322955413459366,0.01935713726268462,0
1780808653.2478254,FLY,spline,1,100,-16.196626287052432,-0.22377655851449924,-2.1046437297499097,-16.197538375854492,-0.6427831649780273,-2.1055126190185547,0.0009120888020603957,0.4190066064635281,0.0008688892686450345,0.419007599174603,7.131026568368639,2.269653985255296,-2.2662103211000963,0.35628188799251137,-0.032267028803928975,-1.29689359664917,0.48968350887298584,-0.12303480505943298,1.0086753668288484,0.26255699350334855,0.090767776255504,0.0367579790904688,-0.14121455135603878,-0.029547829001937087,0.26831319103453466,-0.013660081687658455,3.1125969886779785,3.1322955413459366,0.019698552667958058,0
1780808653.2586102,FLY,spline,1,100,-16.196626287052432,-0.22377655851449924,-2.1046437297499097,-16.215351104736328,-0.6356640458106995,-2.107187509536743,0.018724817683896333,0.4118874872962002,0.002543779786833511,0.4123128920958847,7.11319560572072,2.266979340858108,-2.2636042441824373,0.3506948523400631,-0.031096425970671124,-1.2790626287460327,0.5200559496879578,-0.1197555884718895,1.0267724125049065,0.31227283388841026,0.08865916250121837,0.04371819674437744,-0.14374813775068693,-0.029547829001937087,0.2684641483023773,-0.0136778135201587,3.1125969886779785,3.1322955413459366,0.019698552667958058,0
1780808653.2689846,FLY,spline,1,100,-16.196626287052432,-0.22377655851449924,-2.1046437297499097,-16.215351104736328,-0.6356640458106995,-2.107187509536743,0.018724817683896333,0.4118874872962002,0.002543779786833511,0.4123128920958847,7.11319560572072,2.266979340858108,-2.2636042441824373,0.3506948523400631,-0.031096425970671124,-1.2790626287460327,0.5200559496879578,-0.1197555884718895,1.0124832717008365,0.27802378688247287,0.08865916250121837,0.0389233301635462,-0.14174765803811712,-0.02967049536088484,0.2683261896645929,-0.013695545352658944,3.1125152111053467,3.1322955413459366,0.019780330240589894,0
1780808653.2796373,FLY,spline,1,100,-16.196626287052432,-0.22377655851449924,-2.1046437297499097,-16.25031280517578,-0.6201464533805847,-2.110405206680298,0.05368651812334946,0.3963698948660855,0.0057614769303881985,0.3999891695838281,7.078165502241662,2.261724825336249,-2.258494984526619,0.33849331744177674,-0.028854662517326164,-1.2454068660736084,0.5802711844444275,-0.11325608193874359,1.0605499827850684,0.41530278038495944,0.08440141942141743,0.058142389253894325,-0.1484769975899096,-0.030005235045943435,0.26828355020364186,-0.013712425636543226,3.1122920513153076,3.1322955413459366,0.020003490030628956,0
1780808653.290504,FLY,spline,1,100,-16.196626287052432,-0.22377655851449924,-2.1046437297499097,-16.2589054107666,-0.616015613079071,-2.1111814975738525,0.06227912371416977,0.3922390545645718,0.006537767823942886,0.3971525716602047,7.069550448118174,2.260432567217726,-2.257240614893668,0.33524089382561023,-0.028315342520586286,-1.2374227046966553,0.5951839089393616,-0.11166538298130035,1.0576554896794703,0.4125721851435313,0.08335004046071406,0.05776010592009438,-0.14807176855512585,-0.030110377639327224,0.26822856834305786,-0.01372909564463537,3.1122219562530518,3.1322955413459366,0.020073585092884816,0
1780808653.3009443,FLY,spline,1,100,-16.196626287052432,-0.22377655851449924,-2.1046437297499097,-16.2589054107666,-0.616015613079071,-2.1111814975738525,0.06227912371416977,0.3922390545645718,0.006537767823942886,0.3971525716602047,7.069550448118174,2.260432567217726,-2.257240614893668,0.33524089382561023,-0.028315342520586286,-1.2374227046966553,0.5951839089393616,-0.11166538298130035,1.0438821822880222,0.3757343381394818,0.08335004046071406,0.052602807339527456,-0.14614350552032312,-0.030110377639327224,0.2682118983349657,-0.013745765652727513,3.1122219562530518,3.1322955413459366,0.020073585092884816,0
1780808653.3113291,FLY,spline,1,100,-16.196626287052432,-0.22377655851449924,-2.1046437297499097,-16.282733917236328,-0.6038671731948853,-2.1133055686950684,0.08610763018389633,0.380090614680386,0.008661838945158706,0.38972220791738355,7.0456498927439455,2.2568474839115917,-2.253765421463214,0.3256670658698589,-0.02684273522431213,-1.21592378616333,0.6367541551589966,-0.10736574232578278,1.0704408285198301,0.46388291705539875,0.08052300710147064,0.06494360838775583,-0.14986171599277623,-0.0305338090358116,0.2679428823941044,-0.013761870254147808,3.1119396686553955,3.1322955413459366,0.020355872690541066,0
1780808653.3221836,FLY,spline,1,101,-16.360645010805737,-0.21956640429055752,-2.1161558038150536,-16.29949188232422,-0.5947167873382568,-2.1147704124450684,-0.06115312848151788,0.3751503830476993,-0.0013853913699852782,0.3801019797684729,7.028834516725713,2.254325177508857,-2.25198807031318,0.3162639856066846,-0.019016490370887207,-1.2014100551605225,0.6660898923873901,-0.10448125749826431,1.083196860444698,0.5133400398469975,0.0854647671273771,0.07186760557857966,-0.15164756046225772,-0.03360845707420057,0.26739901750005884,-0.013778963207573283,3.1118593215942383,3.1342649596437053,0.022405638049467047,0
1780808653.332634,FLY,spline,1,101,-16.360645010805737,-0.21956640429055752,-2.1161558038150536,-16.29949188232422,-0.5947167873382568,-2.1147704124450684,-0.06115312848151788,0.3751503830476993,-0.0013853913699852782,0.3801019797684729,7.028834516725713,2.254325177508857,-2.25198807031318,0.3162639856066846,-0.019016490370887207,-1.2014100551605225,0.6660898923873901,-0.10448125749826431,1.07011261321736,0.4736979759581903,0.0854647671273771,0.06631771663414665,-0.1498157658504304,-0.033732911572491586,0.2672480199400755,-0.013796056160998759,3.111776351928711,3.1342649596437053,0.02248860771499439,0
1780808653.3434308,FLY,spline,1,101,-16.360645010805737,-0.21956640429055752,-2.1161558038150536,-16.331132888793945,-0.5760058760643005,-2.1174609661102295,-0.02951212201179132,0.356439471773743,0.0013051622951758546,0.35765914273786403,6.997074861132035,2.249561229169805,-2.2473485454771365,0.3014467467701473,-0.017032095441793058,-1.1755521297454834,0.7214521765708923,-0.09842230379581451,1.1029142833806664,0.60183473197278,0.08139020835402146,0.08425686247618921,-0.15440799967329333,-0.034047266469036996,0.26716196658859326,-0.013812334202669562,3.1115667819976807,3.1342649596437053,0.022698177646024664,0
1780808653.354247,FLY,spline,1,101,-16.360645010805737,-0.21956640429055752,-2.1161558038150536,-16.339258193969727,-0.5708984136581421,-2.1181347370147705,-0.02138681683601007,0.3513320093675846,0.00197893319971687,0.3519823528824159,6.988918218058702,2.248337732708805,-2.246158662512776,0.29739969024315216,-0.016536245335958644,-1.169266939163208,0.7356014847755432,-0.09670054912567139,1.0996227328144064,0.5972903492287625,0.08016430378971275,0.08362064889202675,-0.1539471825940169,-0.03412594460014051,0.2671049924090649,-0.013828367063427506,3.1115143299102783,3.1342649596437053,0.022750629733427008,0
1780808653.3648837,FLY,spline,1,101,-16.360645010805737,-0.21956640429055752,-2.1161558038150536,-16.339258193969727,-0.5708984136581421,-2.1181347370147705,-0.02138681683601007,0.3513320093675846,0.00197893319971687,0.3519823528824159,6.988918218058702,2.248337732708805,-2.246158662512776,0.29739969024315216,-0.016536245335958644,-1.169266939163208,0.7356014847755432,-0.09670054912567139,1.0886795172622263,0.5592674256617204,0.08016430378971275,0.07829743959264086,-0.1524151324167117,-0.03419103287223524,0.26694771718003124,-0.013844399924185449,3.111470937728882,3.1342649596437053,0.022794021914823492,0
1780808653.3754041,FLY,spline,1,101,-16.360645010805737,-0.21956640429055752,-2.1161558038150536,-16.34734344482422,-0.5656933188438416,-2.1187939643859863,-0.013301565981517882,0.34612691455328404,0.0026381605709326905,0.34638240809217935,6.9808015595894854,2.247120233938423,-2.244975258430098,0.29327434045690637,-0.016051822248649185,-1.1579492092132568,0.7619160413742065,-0.09341393411159515,1.1012750205938222,0.6002835872330278,0.07736211186294598,0.0840397022126239,-0.15417850288313512,-0.034268280491864145,0.2669057425414687,-0.013859872346558038,3.111419439315796,3.1342649596437053,0.02284552032790943,0
1780808653.3861248,FLY,spline,1,101,-16.360645010805737,-0.21956640429055752,-2.1161558038150536,-16.369413375854492,-0.5508398413658142,-2.120551824569702,0.008768365048755555,0.3312734370752567,0.004396020754648511,0.33138946020850196,6.958647874536561,2.243797181180484,-2.2417487847185176,0.2814972951151217,-0.014762827717661877,-1.1472606658935547,0.7878709435462952,-0.09016585350036621,1.106504266288652,0.6540514869219265,0.07540302578270433,0.09156720816906971,-0.1549105972804113,-0.03429331444266981,0.2669046740524988,-0.013874952951714578,3.111402750015259,3.1342649596437053,0.02286220962844654,0
1780808653.3968503,FLY,spline,1,101,-16.360645010805737,-0.21956640429055752,-2.1161558038150536,-16.377344131469727,-0.5452734231948853,-2.121166944503784,0.01669912066398993,0.32570701890432774,0.005011140688730542,0.32613482303258357,6.950688463396549,2.242603269509482,-2.240590812245962,0.27708216731069024,-0.014312892624360966,-1.1418263912200928,0.80152827501297,-0.08844812214374542,1.106361422914116,0.6596259768069077,0.07413522951938445,0.09234763675296709,-0.15489059920797627,-0.0343076195574159,0.26671362381816,-0.013889779997618455,3.1113932132720947,3.1342649596437053,0.022871746371610602,0
1780808653.4072478,FLY,spline,1,101,-16.360645010805737,-0.21956640429055752,-2.1161558038150536,-16.385234832763672,-0.5396093726158142,-2.121767520904541,0.024589821957935243,0.3200429683252567,0.005611717089487378,0.32098623166479306,6.94277010049084,2.241415515073626,-2.2394394781900626,0.2725887474160525,-0.013874385846405515,-1.1320343017578125,0.8270860910415649,-0.08525855839252472,1.11619006101789,0.6956035656672734,0.0713841725461192,0.0973844991934183,-0.15626660854250463,-0.034299036488568246,0.2666746659502244,-0.013904056832127679,3.111398935317993,3.1342649596437053,0.022866024325712164,0
1780808653.4179904,FLY,spline,1,101,-16.360645010805737,-0.21956640429055752,-2.1161558038150536,-16.41484260559082,-0.5173534750938416,-2.1239452362060547,0.05419759478508368,0.29778707080328404,0.00778943239100105,0.30267890382067963,6.913075768112185,2.2369613652168274,-2.2351273726366205,0.2549259995079197,-0.012289700994602151,-1.118290901184082,0.8654061555862427,-0.08057563006877899,1.1254137224889837,0.7869416989310457,0.06828592907417684,0.11017183785034641,-0.15755792114845774,-0.034277578816449106,0.2666366689080424,-0.013917714017942515,3.1114132404327393,3.1342649596437053,0.02285171921096607,0
1780808653.4285977,FLY,spline,1,101,-16.360645010805737,-0.21956640429055752,-2.1161558038150536,-16.41484260559082,-0.5173534750938416,-2.1239452362060547,0.05419759478508368,0.29778707080328404,0.00778943239100105,0.30267890382067963,6.913075768112185,2.2369613652168274,-2.2351273726366205,0.2549259995079197,-0.012289700994602151,-1.118290901184082,0.8654061555862427,-0.08057563006877899,1.117161636194628,0.7440299448012734,0.06828592907417684,0.10416419227217828,-0.15640262906724792,-0.034277578816449106,0.2666230117222276,-0.013931371203757351,3.1114132404327393,3.1342649596437053,0.02285171921096607,0
1780808653.4392216,FLY,spline,1,101,-16.360645010805737,-0.21956640429055752,-2.1161558038150536,-16.422576904296875,-0.5112499594688416,-2.1244921684265137,0.06193189349113837,0.29168355517828404,0.008336364611460034,0.29818594164185674,6.905323977302071,2.235798596595311,-2.2340032650267894,0.25008029021452605,-0.011893313791472009,-1.1099237203598022,0.8905214667320251,-0.0775638073682785,1.1253291249352844,0.7803489949847959,0.06567049357680649,0.10924885929787144,-0.15754607749093982,-0.03426720760825819,0.2666837016272449,-0.013944505302472713,3.111420154571533,3.1342649596437053,0.022844805072172125,0
1780808653.4501872,FLY,spline,1,101,-16.360645010805737,-0.21956640429055752,-2.1161558038150536,-16.436992645263672,-0.49958983063697815,-2.12548828125,0.07634763445793524,0.28002342634642063,0.009332477434946362,0.290244863158871,6.890883817044752,2.2336325725567128,-2.2319108130279894,0.24082136284957634,-0.011173160111468435,-1.1061201095581055,0.9025038480758667,-0.07616452127695084,1.1213725694404824,0.7952645992977326,0.0649913611654824,0.11133704390168257,-0.15699215972166755,-0.03423895500663465,0.2663266543624921,-0.013957503574705809,3.1114389896392822,3.1342649596437053,0.022825970004423102,0
1780808653.4606519,FLY,spline,1,102,-16.524485913535166,-0.21557906339379584,-2.126835092685728,-16.4522647857666,-0.4867871105670929,-2.126513719558716,-0.07222112776856449,0.27120804717329705,-0.0003213731270119702,0.28065939526001377,6.875598968336193,2.231339845250429,-2.23015980813266,0.22845577427324945,-0.003652339252635013,-1.0985045433044434,0.927748441696167,-0.07330290973186493,1.1269702014147696,0.8483641480108192,0.06965057047922991,0.1187709807215147,-0.15777582819806776,-0.03728160815119996,0.26580300968267306,-0.013971433688801655,3.1114494800567627,3.136303885490896,0.02485440543413331,0
1780808653.4714465,FLY,spline,1,102,-16.524485913535166,-0.21557906339379584,-2.126835092685728,-16.47327995300293,-0.4685156047344208,-2.127871036529541,-0.05120596053223636,0.25293654134062493,0.0010359438438132251,0.2580677127022801,6.85459399703739,2.2281890995556086,-2.227087601453218,0.21391123757282512,-0.002587959956734304,-1.0891668796539307,0.9618000388145447,-0.06957345455884933,1.1324949888113087,0.9210077657703909,0.06698549460211503,0.12894108720785474,-0.15854929843358323,-0.03721544699549928,0.2656335153159458,-0.013984830787722077,3.1114935874938965,3.136303885490896,0.02481029799699952,0
1780808653.4823937,FLY,spline,1,102,-16.524485913535166,-0.21557906339379584,-2.126835092685728,-16.47327995300293,-0.4685156047344208,-2.127871036529541,-0.05120596053223636,0.25293654134062493,0.0010359438438132251,0.2580677127022801,6.85459399703739,2.2281890995556086,-2.227087601453218,0.21391123757282512,-0.002587959956734304,-1.0891668796539307,0.9618000388145447,-0.06957345455884933,1.1272414522976846,0.8792112173199004,0.06698549460211503,0.12308957042478606,-0.15781380332167586,-0.037171816395523694,0.26548912565755983,-0.0139982278866425,3.111522674560547,3.136303885490896,0.02478121093034913,0
1780808653.4929957,FLY,spline,1,102,-16.524485913535166,-0.21557906339379584,-2.126835092685728,-16.488359451293945,-0.454902321100235,-2.1288084983825684,-0.036126462241220736,0.23932325770643914,0.001973405696840569,0.2420345904065967,6.839544641264281,2.225931696189642,-2.224888634405814,0.20307278290075137,-0.0018534080137624922,-1.0832797288894653,0.9856786727905273,-0.06650952249765396,1.1293956832716618,0.9265192820393001,0.06465611448389147,0.12971269948550204,-0.15811539565803268,-0.03711280779719606,0.2655300503452853,-0.014011159109539277,3.1115620136260986,3.136303885490896,0.02474187186479737,0
1780808653.5035217,FLY,spline,1,102,-16.524485913535166,-0.21557906339379584,-2.126835092685728,-16.495859146118164,-0.44797849655151367,-2.1292576789855957,-0.028626767417001986,0.23239943315771783,0.0024225862998679126,0.2341559060642624,6.832067462863539,2.224810119429531,-2.2237967480189775,0.19755968008728808,-0.0015017340936473284,-1.0782994031906128,1.0080817937850952,-0.06330164521932602,1.1327428458169582,0.9549535480064347,0.06179991112567869,0.13369349672090086,-0.15858399841437415,-0.03682920889735475,0.26537053093193963,-0.014023519091764414,3.111751079559326,3.136303885490896,0.024552805931569832,0
1780808653.5142546,FLY,spline,1,102,-16.524485913535166,-0.21557906339379584,-2.126835092685728,-16.509765625,-0.43492186069488525,-2.130063533782959,-0.014720288535166048,0.2193427973010894,0.003228441097231194,0.21983618815478342,6.818217896560168,2.222732684484025,-2.2217752555134513,0.1871625191593281,-0.0008712785123064365,-1.0761443376541138,1.0186480283737183,-0.0617123581469059,1.1281689726442923,0.9677719079378113,0.06084107963459946,0.1354880671112936,-0.15794365617020092,-0.03668937640071168,0.2653076299687492,-0.014035687307691334,3.111844301223755,3.136303885490896,0.02445958426714112,0
1780808653.5246732,FLY,spline,1,102,-16.524485913535166,-0.21557906339379584,-2.126835092685728,-16.524686813354492,-0.42054685950279236,-2.1308836936950684,0.0002008998193261391,0.20496779610899651,0.004048601009340569,0.20496789456526252,6.803380706405875,2.2205071059608814,-2.2196111927852353,0.17571420522562092,-0.00023042473495686654,-1.0720107555389404,1.0409700870513916,-0.05831826105713844,1.1280623196433623,1.0112718726643988,0.05808783632218158,0.14157806217301583,-0.15792872475007075,-0.03653345064997926,0.2653903877342006,-0.014047304874955771,3.111948251724243,3.136303885490896,0.02435563376665284,0
1780808653.5352561,FLY,spline,1,102,-16.524485913535166,-0.21557906339379584,-2.126835092685728,-16.544960021972656,-0.40041014552116394,-2.1319334506988525,0.0204741084374902,0.1848310821273681,0.005098358013124749,0.18596160366237974,6.783265021733333,2.2174897532599998,-2.216679902140518,0.15967510801828336,0.0005886140402379596,-1.0675359964370728,1.070426106452942,-0.05378713086247444,1.12662840545427,1.077575587464574,0.0543757449027124,0.15086058224504037,-0.1577279767635978,-0.036363219784500744,0.26555264494269665,-0.014058180023936313,3.1120617389678955,3.136303885490896,0.024242146523000496,0
1780808653.546416,FLY,spline,1,102,-16.524485913535166,-0.21557906339379584,-2.126835092685728,-16.55238151550293,-0.39290037751197815,-2.1322948932647705,0.02789560196776364,0.1773213141181823,0.005459800579042717,0.1795021254741653,6.775914414597961,2.2163871621896942,-2.2156093724424015,0.15369303251418368,0.000870161929384541,-1.06622314453125,1.0809154510498047,-0.05222199484705925,1.1249965881620378,1.07343934448512,0.05309215677644379,0.1502815082279168,-0.1574995223426853,-0.03584859328151002,0.2653174368281145,-0.014068798455291602,3.1124048233032227,3.136303885490896,0.023899062187673348,0
1780808653.5573533,FLY,spline,1,102,-16.524485913535166,-0.21557906339379584,-2.126835092685728,-16.559764862060547,-0.385322242975235,-2.132646322250366,0.03527894852538083,0.16974317958143914,0.0058112295646384204,0.173370560429022,6.768609488275016,2.2152914232412524,-2.2145459724238736,0.14765614009371308,0.0011437355074730132,-1.065087080001831,1.0912541151046753,-0.050774071365594864,1.1233009422258202,1.0753840937205663,0.05191780687306788,0.1505537731208793,-0.15726213191161484,-0.03564796404719606,0.26528268699141716,-0.014079182016666216,3.1125385761260986,3.136303885490896,0.02376530936479737,0
1780808653.5679963,FLY,spline,1,102,-16.524485913535166,-0.21557906339379584,-2.126835092685728,-16.58074188232422,-0.3634375035762787,-2.133593797683716,0.0562559687890527,0.14785844018248284,0.00675870499798803,0.15819877482961658,6.747899797133273,2.212184969569991,-2.2115328329226807,0.1302211675338836,0.0018801969529142855,-1.062841773033142,1.1196626424789429,-0.046989671885967255,1.1183181281223493,1.146357080411751,0.04886986883888154,0.16048999125764518,-0.1565645379371289,-0.03544232802272096,0.265399031668508,-0.014088955990433992,3.112675666809082,3.136303885490896,0.023628218681813973,0
1780808653.5790331,FLY,spline,1,102,-16.524485913535166,-0.21557906339379584,-2.126835092685728,-16.58074188232422,-0.3634375035762787,-2.133593797683716,0.0562559687890527,0.14785844018248284,0.00675870499798803,0.15819877482961658,6.747899797133273,2.212184969569991,-2.2115328329226807,0.1302211675338836,0.0018801969529142855,-1.062841773033142,1.1196626424789429,-0.046989671885967255,1.1191448889957276,1.10867667645473,0.04886986883888154,0.1552147347036622,-0.15668028445940188,-0.0348454471099402,0.2650671735410588,-0.014098729964201768,3.1130735874176025,3.136303885490896,0.023230298073293465,0
1780808653.5896797,FLY,spline,1,102,-16.524485913535166,-0.21557906339379584,-2.126835092685728,-16.588125228881836,-0.3555957078933716,-2.1339111328125,0.06363931534666989,0.14001664449957574,0.0070760401267722095,0.15380059556033412,6.740627247657853,2.2110940871486777,-2.2104753622607993,0.12397337755576654,0.002126486178497873,-1.0623860359191895,1.1293323040008545,-0.04570910334587097,1.1172439981419213,1.1174169534546763,0.047835589524368845,0.1564383734836547,-0.156414159739869,-0.03462872462153688,0.2650313161224008,-0.014108297082106641,3.113218069076538,3.136303885490896,0.023085816414357918,0
1780808653.6005096,FLY,spline,1,103,-16.68814256983443,-0.21182484449796588,-2.136659743543593,-16.61601448059082,-0.3253417909145355,-2.1350390911102295,-0.07212808924360914,0.11351694641656965,-0.00162065243336329,0.13449371130902882,6.713241704444302,2.2069862556666453,-2.207034933457997,0.10019788483502697,0.0090467026157856,-1.062275767326355,1.16422700881958,-0.04107397422194481,1.1073187713003996,1.2218096402989536,0.05012067683773041,0.1710533496418535,-0.15502462798205596,-0.037176005620306096,0.2645534935863825,-0.014118321217474188,3.11362886428833,3.138412868035201,0.02478400374687073,0
1780808653.611029,FLY,spline,1,103,-16.68814256983443,-0.21182484449796588,-2.136659743543593,-16.623397827148438,-0.3171972632408142,-2.135317325592041,-0.06474474268599195,0.10537241874284833,-0.0013424179515517665,0.12367387896073076,6.706014996013435,2.205902249402015,-2.2056011485389275,0.09114659722994498,0.010036793805516251,-1.0626627206802368,1.172996997833252,-0.03985586017370224,1.104577529560285,1.222864191588022,0.04989265397921849,0.1712009868223231,-0.15464085413843992,-0.03694748141223725,0.26446686199818853,-0.014128299748270031,3.113781213760376,3.138412868035201,0.024631654274824832,0
1780808653.621549,FLY,spline,1,103,-16.68814256983443,-0.21182484449796588,-2.136659743543593,-16.623397827148438,-0.3171972632408142,-2.135317325592041,-0.06474474268599195,0.10537241874284833,-0.0013424179515517665,0.12367387896073076,6.706014996013435,2.205902249402015,-2.2056011485389275,0.09114659722994498,0.010036793805516251,-1.0626627206802368,1.172996997833252,-0.03985586017370224,1.1071209294136604,1.1897898683435224,0.04989265397921849,0.16657058156809315,-0.15499693011791246,-0.036704294461553655,0.2643631741861931,-0.014138278279065875,3.113943338394165,3.138412868035201,0.02446952964103577,0
1780808653.6339984,FLY,spline,1,103,-16.68814256983443,-0.21182484449796588,-2.136659743543593,-16.651639938354492,-0.2855273485183716,-2.136289119720459,-0.036502631479937264,0.0737025040204057,-0.0003706238231337977,0.08224658779449776,6.678466869099542,2.2017700303649312,-2.2016421618490916,0.0664767702203748,0.010888885178307571,-1.0657509565353394,1.204620361328125,-0.03450711816549301,1.0900653078527702,1.2899425732943892,0.04539600334380058,0.18059196026121452,-0.15260914309938783,-0.036443226117437444,0.2646216377499332,-0.014147357479734635,3.114117383956909,3.138412868035201,0.02429548407829163,0
1780808653.644671,FLY,spline,1,103,-16.68814256983443,-0.21182484449796588,-2.136659743543593,-16.659061431884766,-0.2771093547344208,-2.1365184783935547,-0.029081137949663827,0.0652845102364549,-0.0001412651500380946,0.07146873345219686,6.671252921094071,2.2006879381641107,-2.200482901826916,0.05915071784091643,0.011118493648890651,-1.0669697523117065,1.212401270866394,-0.033022668212652206,1.0886137428163551,1.2863320645133327,0.044141161861542856,0.1800864890318666,-0.15240592399428973,-0.03591608263904389,0.26455418496920785,-0.014156185712106943,3.114468812942505,3.138412868035201,0.023944055092695926,0
1780808653.656676,FLY,spline,1,103,-16.68814256983443,-0.21182484449796588,-2.136659743543593,-16.659061431884766,-0.2771093547344208,-2.1365184783935547,-0.029081137949663827,0.0652845102364549,-0.0001412651500380946,0.07146873345219686,6.671252921094071,2.2006879381641107,-2.200482901826916,0.05915071784091643,0.011118493648890651,-1.0669697523117065,1.212401270866394,-0.033022668212652206,1.0931291223442954,1.2550207603731276,0.044141161861542856,0.17570290645223788,-0.15303807712820136,-0.03525447108203705,0.26438348203264767,-0.01416501394447925,3.1149098873138428,3.138412868035201,0.023502980721358036,0
1780808653.667647,FLY,spline,1,103,-16.68814256983443,-0.21182484449796588,-2.136659743543593,-16.666484832763672,-0.26863279938697815,-2.1367383003234863,-0.021657737070757577,0.056807954889012274,7.855677989354604e-05,0.06079639227534904,6.664048402900546,2.199607260435082,-2.1994226808910162,0.052384986198333205,0.011319517666057299,-1.0683625936508179,1.2199912071228027,-0.031628888100385666,1.0896553808603582,1.264866291161389,0.04294840576644297,0.1770812807625945,-0.15255175332045015,-0.03525447108203705,0.2644703128391024,-0.014173603625632539,3.1149098873138428,3.138412868035201,0.023502980721358036,0
1780808653.6784174,FLY,spline,1,103,-16.68814256983443,-0.21182484449796588,-2.136659743543593,-16.673906326293945,-0.2601074278354645,-2.1369481086730957,-0.01423624354048414,0.0482825833374986,0.00028836512950292104,0.050337644798763424,6.656857119322828,2.198528567898424,-2.1983646106667045,0.04558020357933378,0.011512534042259302,-1.0730164051055908,1.239487886428833,-0.02802768163383007,1.0788190277272978,1.3018638091071617,0.03954021567608937,0.18226093327500265,-0.1510346638818217,-0.034892909306829534,0.26465742530061603,-0.014181511668767757,3.1151509284973145,3.138412868035201,0.023261939537886356,0
1780808653.688886,FLY,spline,1,103,-16.68814256983443,-0.21182484449796588,-2.136659743543593,-16.69300651550293,-0.23805662989616394,-2.137446165084839,0.004863945668500236,0.026231785398198065,0.0007864215412460851,0.026678915507254777,6.63840071196755,2.1957601067951322,-2.1956496754985446,0.027979520055515007,0.011975798725221833,-1.07474684715271,1.2453123331069946,-0.02692178264260292,1.0732838578792856,1.3285414344510844,0.03889758136782476,0.18599580082315184,-0.1502597401031,-0.03350173689777192,0.2644566216645545,-0.014189291185041322,3.1160783767700195,3.138412868035201,0.022334491265181278,0
1780808653.6998947,FLY,spline,1,103,-16.68814256983443,-0.21182484449796588,-2.136659743543593,-16.708086013793945,-0.2204882800579071,-2.1377978324890137,0.01994344395951586,0.00866343555994123,0.0011380889454208898,0.021743874371132756,6.623884199235654,2.193582629885348,-2.193515033704167,0.013956412244845383,0.012308352662564546,-1.0793018341064453,1.2584997415542603,-0.024466585367918015,1.0626464807502392,1.3625279906786931,0.03677493803048256,0.19075391869501707,-0.1487705073050335,-0.03268419959003266,0.26450676312573573,-0.01419664617264742,3.1166234016418457,3.138412868035201,0.021789466393355106,0
1780808653.7105672,FLY,spline,1,103,-16.68814256983443,-0.21182484449796588,-2.136659743543593,-16.723125457763672,-0.202880859375,-2.138115167617798,0.03498288792924242,-0.008943985122965875,0.0014554240742050695,0.036108133678574,6.60945457702234,2.191418186553351,-2.1913936674925147,-9.801191956120003e-05,0.012613343962698444,-1.0845140218734741,1.270757794380188,-0.022310275584459305,1.0518895406072808,1.3922446357661777,0.03492361954715775,0.1949142490072649,-0.14726453568501932,-0.03185164191181,0.2645492717092667,-0.014203630896556851,3.117178440093994,3.138412868035201,0.02123442794120667,0
1780808653.7213624,FLY,spline,1,103,-16.68814256983443,-0.21182484449796588,-2.136659743543593,-16.73824119567871,-0.18510742485523224,-2.1384031772613525,0.050098625844281486,-0.026717419642733636,0.001743433717759757,0.056777573247288736,6.595001347562875,2.1892502021344313,-2.1892693013337836,-0.014285062613314562,0.012895174257985264,-1.0904053449630737,1.282164454460144,-0.020282182842493057,1.0403722993838531,1.419389626546605,0.033177357100478325,0.19871454771652472,-0.14565212191373944,-0.03143357493335541,0.26463778808810906,-0.014210266367976947,3.117457151412964,3.138412868035201,0.020955716622236942,0
1780808653.731805,FLY,spline,1,103,-16.68814256983443,-0.21182484449796588,-2.136659743543593,-16.745859146118164,-0.17616210877895355,-2.138540029525757,0.05771657628373461,-0.03566273571901232,0.0018802859821640538,0.06784566232914434,6.587735365871847,2.188160304880777,-2.1882013901309367,-0.021425332390074985,0.013030585761818907,-1.096630334854126,1.2921757698059082,-0.018550805747509003,1.0314872197257796,1.4276853310011264,0.031581391509327914,0.1998759463401577,-0.14440821076160915,-0.03143357493335541,0.2647591490570993,-0.014216582646278812,3.117457151412964,3.138412868035201,0.020955716622236942,0
1780808653.7424877,FLY,spline,1,103,-16.68814256983443,-0.21182484449796588,-2.136659743543593,-16.745859146118164,-0.17616210877895355,-2.138540029525757,0.05771657628373461,-0.03566273571901232,0.0018802859821640538,0.06784566232914434,6.587735365871847,2.188160304880777,-2.1882013901309367,-0.021425332390074985,0.013030585761818907,-1.096630334854126,1.2921757698059082,-0.018550805747509003,1.040996392052802,1.4004387754593335,0.031581391509327914,0.1960614285643067,-0.1457394948873923,-0.030266635197942815,0.2646438322890676,-0.014222898924580677,3.1182351112365723,3.138412868035201,0.020177756798628543,0
1780808653.7531805,FLY,spline,1,103,-16.68814256983443,-0.21182484449796588,-2.136659743543593,-16.767187118530273,-0.15099608898162842,-2.1388866901397705,0.07904454869584399,-0.06082875551633746,0.0022269465961777257,0.09974055432067744,6.567462887854236,2.1851194331781354,-2.1852225330203123,-0.04151336550094347,0.013380566208849589,-1.103455662727356,1.3013722896575928,-0.017039794474840164,1.0242114981319814,1.4455467572594622,0.03042036068368975,0.20237654601632474,-0.14338960973847742,-0.029847495335882268,0.26469806406934,-0.014228982996717415,3.1185145378112793,3.138412868035201,0.019898330223921512,0
1780808653.7642698,FLY,spline,1,104,-16.851608554297254,-0.20831405627681943,-2.14560790357031,-16.774883270263672,-0.14192382991313934,-2.1389989852905273,-0.07672528403358214,-0.06639022636368008,-0.006608918279782827,0.10146147725444636,6.56017135071324,2.184025702606986,-2.1839920969315725,-0.05098918570400271,0.020263730353396285,-1.1072877645492554,1.305889368057251,-0.01631610281765461,1.0210683715397337,1.4520741714942986,0.036579833171050895,0.20329038400920182,-0.14294957201556274,-0.03227182849178423,0.2641465203437399,-0.014236298963351626,3.1190779209136963,3.1405924732415524,0.02151455232785615,0
1780808653.774917,FLY,spline,1,104,-16.851608554297254,-0.20831405627681943,-2.14560790357031,-16.782617568969727,-0.13282226026058197,-2.139106512069702,-0.06899098532752745,-0.07549179601623746,-0.0065013915006080225,0.10226811488543393,6.552856096186249,2.1829284144279377,-2.182900232350303,-0.05826534493098771,0.02041108957236158,-1.1150391101837158,1.3138270378112793,-0.014959725551307201,1.0090690783744813,1.4631846212157082,0.03537081512366878,0.20484584697019917,-0.1412696709724274,-0.031493272621728075,0.26420611855779924,-0.01424337312637636,3.1195969581604004,3.1405924732415524,0.02099551508115205,0
1780808653.7856107,FLY,spline,1,104,-16.851608554297254,-0.20831405627681943,-2.14560790357031,-16.804452896118164,-0.1071191355586052,-2.1393797397613525,-0.047155658179089954,-0.10119492071821423,-0.006228163808957632,0.11164259078626239,6.532274805522941,2.1798412208284415,-2.179828648098586,-0.07881344541388516,0.02080297121925909,-1.1233654022216797,1.3208982944488525,-0.013538188301026821,0.9916145227400318,1.5027066033537415,0.03434115952028591,0.21037892446952383,-0.13882603318360448,-0.031049814064599168,0.26427162865442244,-0.014250241358280416,3.1198925971984863,3.1405924732415524,0.020699876043066112,0
1780808653.796393,FLY,spline,1,104,-16.851608554297254,-0.20831405627681943,-2.14560790357031,-16.81230354309082,-0.09791991859674454,-2.139467716217041,-0.039305011206433704,-0.11039413768007489,-0.006140187353269155,0.11718254793298023,6.524898810029408,2.1787348215044116,-2.17872792582081,-0.08616763825217884,0.02093570398572911,-1.1279538869857788,1.3242617845535278,-0.01265555340796709,0.9898007810232001,1.501267046327614,0.0335912573936962,0.21017738648586598,-0.13857210934324804,-0.030108179886437547,0.26431913100962634,-0.014256959609759156,3.1205203533172607,3.1405924732415524,0.020072119924291698,0
1780808653.8070245,FLY,spline,1,104,-16.851608554297254,-0.20831405627681943,-2.14560790357031,-16.82015609741211,-0.08870116621255875,-2.1395506858825684,-0.03145245688514464,-0.11961289006426068,-0.006057217687741812,0.1236790221243554,6.517535448482644,2.1776303172723965,-2.1776291621113164,-0.09353745594325584,0.021064473263979467,-1.1371716260910034,1.3300175666809082,-0.010876855812966824,0.9767436974925601,1.5083497961196115,0.03194132907694629,0.21116897145674562,-0.1367441176489584,-0.029177274544335496,0.2644543256066573,-0.014263347875574546,3.121140956878662,3.1405924732415524,0.01945151636289033,0
1780808653.8178332,FLY,spline,1,104,-16.851608554297254,-0.20831405627681943,-2.14560790357031,-16.84257698059082,-0.06254882365465164,-2.1397459506988525,-0.009031573706433704,-0.14576523262216778,-0.005861952871457632,0.14604476151170034,6.4965766878612765,2.1744865031791916,-2.174502003216906,-0.11444451776611793,0.021398954520727185,-1.1469601392745972,1.3348908424377441,-0.009094472043216228,0.9580427605227829,1.5449868458933378,0.030493426563943413,0.2162981584250673,-0.13412598647318963,-0.028641190369225633,0.26457542964919745,-0.014269446560887335,3.1214983463287354,3.1405924732415524,0.01909412691281709,0
1780808653.8285162,FLY,spline,1,104,-16.851608554297254,-0.20831405627681943,-2.14560790357031,-16.858633041381836,-0.043964844197034836,-2.1398534774780273,0.007024487084581921,-0.1643492120797846,-0.005754426092282827,0.16449926118389552,6.481627387213036,2.1722441080819554,-2.1722717302555825,-0.12930108483867972,0.021612748521636978,-1.162916898727417,1.3405882120132446,-0.006573605351150036,0.9297563241857214,1.5664622847805643,0.028186353872787014,0.21930471986927902,-0.13016588538600102,-0.02809115870723833,0.2647704301398682,-0.014275083831661891,3.1218650341033936,3.1405924732415524,0.018727439138158886,0
1780808653.8389235,FLY,spline,1,104,-16.851608554297254,-0.20831405627681943,-2.14560790357031,-16.858633041381836,-0.043964844197034836,-2.1398534774780273,0.007024487084581921,-0.1643492120797846,-0.005754426092282827,0.16449926118389552,6.481627387213036,2.1722441080819554,-2.1722717302555825,-0.12930108483867972,0.021612748521636978,-1.162916898727417,1.3405882120132446,-0.006573605351150036,0.9465225833672312,1.5423699842190586,0.028186353872787014,0.21593179779066823,-0.1325131616714124,-0.026492562134362352,0.2648345715229532,-0.014280721102436448,3.1229307651519775,3.1405924732415524,0.0176617080895749,0
1780808653.8496673,FLY,spline,1,104,-16.851608554297254,-0.20831405627681943,-2.14560790357031,-16.873281478881836,-0.027080077677965164,-2.1399316787719727,0.02167292458458192,-0.18123397859885426,-0.005676224798337515,0.18252526033077981,6.468033862911698,2.1702050794367547,-2.1702438961318613,-0.1427992053870875,0.021791963612390712,-1.1681677103042603,1.3419326543807983,-0.005879483185708523,0.94166850700322,1.5578256023577628,0.027671446798099235,0.2180955843300868,-0.1318335909804508,-0.025339927513695848,0.2649409411281058,-0.014286255391796067,3.123699188232422,3.1405924732415524,0.016893285009130565,0
1780808653.8608773,FLY,spline,1,104,-16.851608554297254,-0.20831405627681943,-2.14560790357031,-16.8896484375,-0.008417968638241291,-2.1399950981140137,0.03803988320274598,-0.19989608763857813,-0.005612805456296499,0.20348336189302718,6.452888542443751,2.1679332813665626,-2.167984673256623,-0.157718056317279,0.021973117117273035,-1.180180311203003,1.3441932201385498,-0.004443144891411066,0.919703783320202,1.5784319498727784,0.0264162620086841,0.22098047298218898,-0.1287585296648283,-0.025339927513695848,0.26503607265885726,-0.014291538644197804,3.123699188232422,3.1405924732415524,0.016893285009130565,0
1780808653.8716168,FLY,spline,1,104,-16.851608554297254,-0.20831405627681943,-2.14560790357031,-16.91046905517578,0.015097656287252903,-2.1400487422943115,0.05886050087852723,-0.22341171256407233,-0.0055591612759986475,0.23103539095662978,6.433691647391532,2.16505374710873,-2.165121215833556,-0.17651676072880676,0.022182065651010646,-1.1961705684661865,1.345549464225769,-0.00270032393746078,0.8912896812073238,1.6034480652276195,0.024882389588471426,0.22448272913186676,-0.12478055536902534,-0.02390905841121782,0.26527181702252633,-0.014296515122115497,3.1246531009674072,3.1405924732415524,0.015939372274145214,0
1780808653.8824074,FLY,spline,1,104,-16.851608554297254,-0.20831405627681943,-2.14560790357031,-16.91046905517578,0.015097656287252903,-2.1400487422943115,0.05886050087852723,-0.22341171256407233,-0.0055591612759986475,0.23103539095662978,6.433691647391532,2.16505374710873,-2.165121215833556,-0.17651676072880676,0.022182065651010646,-1.1961705684661865,1.345549464225769,-0.00270032393746078,0.9073992285508611,1.5835553258245512,0.024882389588471426,0.22169774561543718,-0.12703589199712056,-0.023352589447594774,0.26532260423502035,-0.014301491600033191,3.1250240802764893,3.1405924732415524,0.015568392965063182,0
1780808653.8932586,FLY,spline,1,104,-16.851608554297254,-0.20831405627681943,-2.14560790357031,-16.927227020263672,0.03378906100988388,-2.140073299407959,0.07561846596641786,-0.2421031172867033,-0.005534604162351187,0.2536376781849525,6.418292696899802,2.1627439045349703,-2.1628243032228296,-0.1914587730401753,0.022335441065517363,-1.2095097303390503,1.3455135822296143,-0.0013806628994643688,0.8839132085002426,1.6017546747075782,0.023716103964981732,0.22424565445906097,-0.12374784919003397,-0.022798623879052293,0.2654719326995506,-0.014306234820826188,3.1253933906555176,3.1405924732415524,0.015199082586034862,0
1780808653.9037578,FLY,spline,1,105,-17.014877441517346,-0.20505700740410804,-2.15365771994754,-16.953710556030273,0.06289062649011612,-2.140073299407959,-0.061166885487072165,-0.26794763389422416,-0.013584420539581199,0.2748405399312514,6.3940466162687875,2.159106992440318,-2.158950834459698,-0.21526862099514033,0.028899538878811484,-1.2314389944076538,1.3434209823608398,0.0005475378129631281,0.841556302160049,1.6327861148120317,0.028352001065848356,0.22859005607368446,-0.11781788230240686,-0.024465021062536785,0.26531566688115943,-0.014311905221039357,3.126533269882202,-3.1403420232556933,0.01631001404169119,0
1780808653.9143746,FLY,spline,1,105,-17.014877441517346,-0.20505700740410804,-2.15365771994754,-16.953710556030273,0.06289062649011612,-2.140073299407959,-0.061166885487072165,-0.26794763389422416,-0.013584420539581199,0.2748405399312514,6.3940466162687875,2.159106992440318,-2.15866971943545,-0.21699660859346845,0.029375924937094552,-1.2314389944076538,1.3434209823608398,0.0005475378129631281,0.8601864407341678,1.6181714401398417,0.028828387124131424,0.22654400161957786,-0.1204261017027835,-0.023916062284155437,0.2653528611267238,-0.014317670898464183,3.126899242401123,-3.1403420232556933,0.01594404152277029,0
1780808653.9251423,FLY,spline,1,105,-17.014877441517346,-0.20505700740410804,-2.15365771994754,-16.970975875854492,0.0815136730670929,-2.1400537490844727,-0.043901565662853415,-0.28657068047120093,-0.013603970863067527,0.2899139568447455,6.378292691961814,2.156743903794272,-2.1562836895381916,-0.2319093358472926,0.02957824125538354,-1.24623703956604,1.340739369392395,0.0017360305646434426,0.835798104843911,1.630923186691153,0.027842210690740096,0.22832924613676145,-0.11701173467814756,-0.023361739087744304,0.26551143128477384,-0.01432323934060233,3.1272687911987305,-3.1403420232556933,0.01557449272516287,0
1780808653.9356463,FLY,spline,1,105,-17.014877441517346,-0.20505700740410804,-2.15365771994754,-16.979843139648438,0.09099609404802322,-2.1400389671325684,-0.0350343018689081,-0.29605310145213126,-0.013618752814971824,0.29811883735662814,6.370219055328663,2.1555328582992996,-2.155061015702148,-0.23950261525814184,0.029678408312570504,-1.2598987817764282,1.3374420404434204,0.002815952291712165,0.819034989531521,1.6259689663999954,0.02686245602085834,0.22763565529599938,-0.11466489853441295,-0.02278452770773942,0.2656757813014904,-0.014328611831806502,3.1276535987854004,-3.1403420232556933,0.015189685138492948,0
1780808653.9463873,FLY,spline,1,105,-17.014877441517346,-0.20505700740410804,-2.15365771994754,-17.010976791381836,0.12368163466453552,-2.139946222305298,-0.0039006501355096646,-0.32873864206864356,-0.013711497642242332,0.32876178284681357,6.341946564516996,2.1512919846775493,-2.1510264651179174,-0.2641730804398472,0.02997932242248846,-1.2818913459777832,1.3306758403778076,0.004510645754635334,0.7797778106549582,1.652449793013805,0.025468676667853126,0.23134297102193271,-0.10916889349169416,-0.020672019887610027,0.26613863525658904,-0.014333705567140073,3.1290619373321533,-3.1403420232556933,0.013781346591740018,0
1780808653.9571414,FLY,spline,1,105,-17.014877441517346,-0.20505700740410804,-2.15365771994754,-17.010976791381836,0.12368163466453552,-2.139946222305298,-0.0039006501355096646,-0.32873864206864356,-0.013711497642242332,0.32876178284681357,6.341946564516996,2.1512919846775493,-2.150780543145669,-0.2656768438273926,0.02999766433934968,-1.2818913459777832,1.3306758403778076,0.004510645754635334,0.7999868700954404,1.6417003892418622,0.025487018584714347,0.22983805449386074,-0.11199816181336167,-0.020672019887610027,0.26613207049952325,-0.014338802970857016,3.1290619373321533,-3.1403420232556933,0.013781346591740018,0
1780808653.967832,FLY,spline,1,105,-17.014877441517346,-0.20505700740410804,-2.15365771994754,-17.010976791381836,0.12368163466453552,-2.139946222305298,-0.0039006501355096646,-0.32873864206864356,-0.013711497642242332,0.32876178284681357,6.341946564516996,2.1512919846775493,-2.150780543145669,-0.2656768438273926,0.02999766433934968,-1.2818913459777832,1.3306758403778076,0.004510645754635334,0.8153218539027971,1.630982173582743,0.025487018584714347,0.22833750430158403,-0.1141450595463916,-0.020041521955175945,0.26623907363970367,-0.014343900374573958,3.1294822692871094,-3.1403420232556933,0.013361014636783963,0
1780808653.9786327,FLY,spline,1,105,-17.014877441517346,-0.20505700740410804,-2.15365771994754,-17.0380859375,0.15134765207767487,-2.139829158782959,0.023208495982654398,-0.3564046594817829,-0.013828561164581199,0.3571595100037272,6.317415285445704,2.1476122928168557,-2.147067717127431,-0.2878321372131538,0.03024687900646955,-1.3069398403167725,1.321027159690857,0.006273093167692423,0.763378729994497,1.649810018014039,0.02397378583877713,0.23097340252196547,-0.10687302219922959,-0.018760856557531902,0.2665950718838384,-0.014348695131741715,3.130336046218872,-3.1403420232556933,0.012507237705021268,0
1780808653.9895504,FLY,spline,1,105,-17.014877441517346,-0.20505700740410804,-2.15365771994754,-17.056406021118164,0.1696191430091858,-2.139726400375366,0.04152857960081846,-0.37467615041329383,-0.013931319572173972,0.37697060974588814,6.300877194485967,2.1451315791728947,-2.1445653963854476,-0.3024645298098984,0.030396506388951167,-1.3242233991622925,1.3132740259170532,0.007387871388345957,0.7386699177849507,1.6543449879450993,0.02300863500060521,0.23160829831231391,-0.1034137884898931,-0.017480906415625164,0.2669275457153976,-0.014353296858741836,3.1311893463134766,-3.1403420232556933,0.011653937610416776,0
1780808654.0003858,FLY,spline,1,105,-17.014877441517346,-0.20505700740410804,-2.15365771994754,-17.0821475982666,0.19468750059604645,-2.1395702362060547,0.06727015674925596,-0.3997445080001545,-0.014087483741485496,0.40536520036302454,6.277687537784405,2.1416531306676605,-2.1410573710944765,-0.32254058320546886,0.03059747790740263,-1.3489631414413452,1.300752878189087,0.008783340454101562,0.6965043454382577,1.6609756802413704,0.021814137453301068,0.2325365952337919,-0.09751060836135608,-0.0168457593208986,0.26715631027969705,-0.014357659686232496,3.131612777709961,-3.1403420232556933,0.0112305062139324,0
1780808654.0112422,FLY,spline,1,105,-17.014877441517346,-0.20505700740410804,-2.15365771994754,-17.0821475982666,0.19468750059604645,-2.1395702362060547,0.06727015674925596,-0.3997445080001545,-0.014087483741485496,0.40536520036302454,6.277687537784405,2.1416531306676605,-2.1410573710944765,-0.32254058320546886,0.03059747790740263,-1.3489631414413452,1.300752878189087,0.008783340454101562,0.7221791192228773,1.6512017676883664,0.021814137453301068,0.23116824747637132,-0.10110507669120282,-0.015147742200537273,0.26755492517903373,-0.014362022513723156,3.132744789123535,-3.1403420232556933,0.010098494800358182,0
1780808654.0220034,FLY,spline,1,106,-17.177942806088424,-0.20206400655358353,-2.160787339856943,-17.091562271118164,0.20368163287639618,-2.1395068168640137,-0.08638053497026021,-0.4057456394299797,-0.021280522992929374,0.41483866832564137,6.269218773037628,2.140382815955644,-2.138967282081898,-0.33199267255832954,0.037357572238875605,-1.358134388923645,1.29572594165802,0.009248499758541584,0.7146258838310904,1.6541476131261483,0.02810907248033402,0.2315806658376608,-0.10004762373635266,-0.018041937613603842,0.2671989831374062,-0.014367644328219223,3.1331379413604736,-3.138019407410043,0.012027958409069228,0
1780808654.032757,FLY,spline,1,106,-17.177942806088424,-0.20206400655358353,-2.160787339856943,-17.101055145263672,0.212646484375,-2.1394383907318115,-0.0768876608247524,-0.41471049092858353,-0.021348949125131522,0.4217777894500005,6.260684844309039,2.139102726646356,-2.137658135299246,-0.3391870122500771,0.03746796261489955,-1.3674241304397583,1.2904272079467773,0.009692930616438389,0.706999116365865,1.6521549955025177,0.02777503199846116,0.2313016993703525,-0.09897987629122111,-0.018041937613603842,0.2672201513695564,-0.014373199334618916,3.1331379413604736,-3.138019407410043,0.012027958409069228,0
1780808654.0436404,FLY,spline,1,106,-17.177942806088424,-0.20206400655358353,-2.160787339856943,-17.110624313354492,0.22157226502895355,-2.1393699645996094,-0.06731849273393209,-0.4236362715825371,-0.02141737525733367,0.4289515940806393,6.2520871480643425,2.137813072209651,-2.1363394954789166,-0.3463502794395665,0.03757970716905362,-1.3869590759277344,1.2786352634429932,0.01053397636860609,0.6786453056127069,1.6356788878495283,0.02704573080044753,0.228995044298934,-0.09501034278577897,-0.015651552939531577,0.2679577506624991,-0.014378608480779004,3.1347315311431885,-3.138019407410043,0.010434368626354384,0
1780808654.054526,FLY,spline,1,106,-17.177942806088424,-0.20206400655358353,-2.160787339856943,-17.14093780517578,0.24921874701976776,-2.1391308307647705,-0.03700500091264303,-0.4512827535733513,-0.021656509092172538,0.4527974091857095,6.224886389149188,2.133732958372378,-2.1321698253455765,-0.36853922013481144,0.03791599614858604,-1.406954288482666,1.2656892538070679,0.011410074308514595,0.6438799956246918,1.6537122490269802,0.026505921840071445,0.23151971486377726,-0.09014319938745685,-0.015048234725115073,0.26817517254164297,-0.01438390966514702,3.135133743286133,-3.138019407410043,0.010032156483410049,0
1780808654.065146,FLY,spline,1,106,-17.177942806088424,-0.20206400655358353,-2.160787339856943,-17.150781631469727,0.2579589784145355,-2.139047861099243,-0.027161174618697714,-0.46002298496811905,-0.02173947875769988,0.4608241270871629,6.216060322520815,2.132409048378122,-2.1308176231425184,-0.37555471313022754,0.038020997011094265,-1.4168049097061157,1.2589995861053467,0.011860432103276253,0.6411652144986906,1.6495454822704436,0.026160564907818012,0.23093636751786212,-0.08976313002981669,-0.014406292700884116,0.26839066406895506,-0.014389141778128584,3.13556170463562,-3.138019407410043,0.009604195133922744,0
1780808654.0759342,FLY,spline,1,106,-17.177942806088424,-0.20206400655358353,-2.160787339856943,-17.181211471557617,0.28431639075279236,-2.1387791633605957,0.0032686654691929107,-0.4863803973063759,-0.022008176496347343,0.4863913805340896,6.18879973855478,2.128319960783217,-2.126643220323639,-0.396712713786519,0.0383359560007918,-1.4475263357162476,1.236920714378357,0.01307501271367073,0.5846525467679993,1.6433619688696692,0.02526094328712107,0.2300706756417537,-0.0818513565475199,-0.013172834181902182,0.2688376478127493,-0.014394193966786008,3.1363840103149414,-3.138019407410043,0.008781889454601455,0
1780808654.0866044,FLY,spline,1,106,-17.177942806088424,-0.20206400655358353,-2.160787339856943,-17.181211471557617,0.28431639075279236,-2.1387791633605957,0.0032686654691929107,-0.4863803973063759,-0.022008176496347343,0.4863913805340896,6.18879973855478,2.128319960783217,-2.126643220323639,-0.396712713786519,0.0383359560007918,-1.4475263357162476,1.236920714378357,0.01307501271367073,0.611111442450048,1.6412467428466124,0.02526094328712107,0.22977454399852576,-0.08555560194300672,-0.01255592610847689,0.26902872237172804,-0.014399246155443433,3.1367952823638916,-3.138019407410043,0.00837061740565126,0
1780808654.0970259,FLY,spline,1,106,-17.177942806088424,-0.20206400655358353,-2.160787339856943,-17.191328048706055,0.2928515672683716,-2.138686418533325,0.01338524261763041,-0.4949155738219551,-0.02210092132361785,0.4950965460710142,6.179742390002673,2.126961358500401,-2.125256975798051,-0.40356482092454515,0.03843797516957605,-1.457817792892456,1.2291256189346313,0.013439021073281765,0.6034789002175693,1.637736698868212,0.024998954096294282,0.22928313784154972,-0.08448704603045971,-0.01255592610847689,0.2690446817161749,-0.014404245946262693,3.1367952823638916,-3.138019407410043,0.00837061740565126,0
1780808654.1079528,FLY,spline,1,106,-17.177942806088424,-0.20206400655358353,-2.160787339856943,-17.235624313354492,0.32880857586860657,-2.138256788253784,0.05768150726606791,-0.53087258242219,-0.022530551603158866,0.5339970552803549,6.140092148696976,2.1210138223045463,-2.120118599133939,-0.42802837639542124,0.03880065820072015,-1.5031253099441528,1.192599892616272,0.014765238389372826,0.5115964442963361,1.6094321200962691,0.024035419811347325,0.2253204968134777,-0.07162350220148705,-0.010567515158769858,0.26979240285900596,-0.014409053030224963,3.1381208896636963,-3.138019407410043,0.007045010105846572,0
1780808654.1188045,FLY,spline,1,106,-17.177942806088424,-0.20206400655358353,-2.160787339856943,-17.235624313354492,0.32880857586860657,-2.138256788253784,0.05768150726606791,-0.53087258242219,-0.022530551603158866,0.5339970552803549,6.140092148696976,2.1210138223045463,-2.1191929417463267,-0.43243538513167146,0.03886599405464558,-1.5031253099441528,1.192599892616272,0.014765238389372826,0.5407162096828887,1.6226996766036166,0.024100755665272755,0.22717795472450633,-0.07570026935560442,-0.009403078818437827,0.2702158257465766,-0.014413873181358018,3.138897180557251,-3.138019407410043,0.0062687192122918844,0
1780808654.1295075,FLY,spline,1,107,-17.34079822260421,-0.19934536239899756,-2.16697491048018,-17.256717681884766,0.3451855480670929,-2.1380467414855957,-0.08408054071944449,-0.5445309104660905,-0.02892816899458417,0.5509840739810032,6.121216458328959,2.118182468749344,-2.115206685449645,-0.44784757400141917,0.04573693249525521,-1.5331088304519653,1.166488528251648,0.015485438518226147,0.48733710385698153,1.6001572209350547,0.030251493977029066,0.22402201093090768,-0.06822719453997741,-0.012995635197134092,0.26971771638284064,-0.014419923480153423,3.138897180557251,-3.135624369824246,0.008663756798089395,0
1780808654.1403272,FLY,spline,1,107,-17.34079822260421,-0.19934536239899756,-2.16697491048018,-17.283554077148438,0.3652929663658142,-2.137768507003784,-0.05724414545577261,-0.5646383287648118,-0.029206403476395693,0.5675326726271196,6.097193519067141,2.114579027860071,-2.1114919063446806,-0.4640394728204794,0.04611148542358191,-1.5525552034378052,1.1487823724746704,0.015850180760025978,0.464983283225282,1.6009851060255458,0.030261304663555935,0.22413791484357642,-0.06509765965153948,-0.011619125530691221,0.270268763531842,-0.014425975741086134,3.139814853668213,-3.135624369824246,0.007746083687127481,0
1780808654.1508644,FLY,spline,1,107,-17.34079822260421,-0.19934536239899756,-2.16697491048018,-17.283554077148438,0.3652929663658142,-2.137768507003784,-0.05724414545577261,-0.5646383287648118,-0.029206403476395693,0.5675326726271196,6.097193519067141,2.114579027860071,-2.1114919063446806,-0.4640394728204794,0.04611148542358191,-1.5525552034378052,1.1487823724746704,0.015850180760025978,0.49286593035908477,1.6046624707865604,0.030261304663555935,0.2246527459101185,-0.06900123025027187,-0.011098419353933409,0.27048914567437826,-0.014432028002018845,3.1401619911193848,-3.135624369824246,0.007398946235955606,0
1780808654.1615136,FLY,spline,1,107,-17.34079822260421,-0.19934536239899756,-2.16697491048018,-17.30535125732422,0.38102537393569946,-2.1375439167022705,-0.03544696527999136,-0.580370736334697,-0.029430993777909364,0.5814522155269849,6.077670902950853,2.111650635442628,-2.1084759039149494,-0.47671147294531196,0.04641686684578762,-1.5852752923965454,1.1176857948303223,0.01646427996456623,0.43450574590094715,1.566406123885357,0.02995258688122139,0.21929685734395002,-0.060830804426132604,-0.01007166974303253,0.2709666749635545,-0.01443801851939509,3.1408464908599854,-3.135624369824246,0.00671444649535502,0
1780808654.1721995,FLY,spline,1,107,-17.34079822260421,-0.19934536239899756,-2.16697491048018,-17.336406707763672,0.40254881978034973,-2.137221574783325,-0.004391514840538235,-0.6018941821793473,-0.029753335696854677,0.6019102025584381,6.049835113564894,2.107475267034734,-2.10418002911647,-0.4940528702699388,0.04685011081883486,-1.6070547103881836,1.0960814952850342,0.01680179126560688,0.4043712238370647,1.5652483240375807,0.03004831955322798,0.21913476536526133,-0.056611971337189065,-0.009139691517324522,0.2713784996198802,-0.014444028183305735,3.141467809677124,-3.135624369824246,0.006093127678216348,0
1780808654.1829062,FLY,spline,1,107,-17.34079822260421,-0.19934536239899756,-2.16697491048018,-17.336406707763672,0.40254881978034973,-2.137221574783325,-0.004391514840538235,-0.6018941821793473,-0.029753335696854677,0.6019102025584381,6.049835113564894,2.107475267034734,-2.10418002911647,-0.4940528702699388,0.04685011081883486,-1.6070547103881836,1.0960814952850342,0.01680179126560688,0.4326842988608961,1.572582515023963,0.03004831955322798,0.22016155210335484,-0.06057580184052546,-0.008618532353169783,0.2716133333316034,-0.01445003784721638,-3.1413700580596924,-3.135624369824246,0.005745688235446522,0
1780808654.1934795,FLY,spline,1,107,-17.34079822260421,-0.19934536239899756,-2.16697491048018,-17.34765625,0.41007810831069946,-2.1371045112609863,0.00685802739578989,-0.609423470709697,-0.029870399219193544,0.6094620572206397,6.039742642476759,2.105961396371514,-2.1026237901232863,-0.5001207259140175,0.04700680742684163,-1.618622064590454,1.0843265056610107,0.016958322376012802,0.4237910777101591,1.565162674777125,0.030048485050828827,0.21912277446879752,-0.05933075087942228,-0.008098183804280623,0.2718507234187728,-0.014456047544226545,-3.1410231590270996,-3.135624369824246,0.005398789202853749,0
1780808654.2040682,FLY,spline,1,107,-17.34079822260421,-0.19934536239899756,-2.16697491048018,-17.3829288482666,0.43282225728034973,-2.136733293533325,0.04213062566239145,-0.6321676196793473,-0.030241616946854677,0.6335699558768206,6.008065622528837,2.1012098433793254,-2.0977436265029503,-0.518455334042759,0.04749476903060905,-1.6548141241073608,1.0463120937347412,0.017275843769311905,0.3533390268011608,1.5272524346292535,0.030218925261297144,0.2138153408480955,-0.049467463752162516,-0.006529270344502791,0.2726024519056343,-0.014462091329278805,-3.139977216720581,-3.135624369824246,0.004352846896335194,0
1780808654.2147803,FLY,spline,1,107,-17.34079822260421,-0.19934536239899756,-2.16697491048018,-17.3829288482666,0.43282225728034973,-2.136733293533325,0.04213062566239145,-0.6321676196793473,-0.030241616946854677,0.6335699558768206,6.008065622528837,2.1012098433793254,-2.0977436265029503,-0.518455334042759,0.04749476903060905,-1.6548141241073608,1.0463120937347412,0.017275843769311905,0.3814855693082696,1.538164958880027,0.030218925261297144,0.2153430942432038,-0.05340797970315775,-0.006030737095601424,0.2728551910169486,-0.014468135114331065,-3.1396448612213135,-3.135624369824246,0.004020491397067616,0
1780808654.225181,FLY,spline,1,107,-17.34079822260421,-0.19934536239899756,-2.16697491048018,-17.406131744384766,0.447089821100235,-2.136489152908325,0.06533352178055551,-0.6464351834992326,-0.030485757571854677,0.6497283397959003,5.987198804055358,2.0980798206083033,-2.094532312028978,-0.5299610053250513,0.04781576448497948,-1.6785763502120972,1.0203428268432617,0.017376942560076714,0.3419132896484371,1.5140724853528111,0.030438821924902763,0.2119701479493936,-0.0478678605507812,-0.005551158123738631,0.27309128107535313,-0.014474222878716046,-3.1393251419067383,-3.135624369824246,0.0037007720824924206,0
1780808654.2357895,FLY,spline,1,107,-17.34079822260421,-0.19934536239899756,-2.16697491048018,-17.406131744384766,0.447089821100235,-2.136489152908325,0.06533352178055551,-0.6464351834992326,-0.030485757571854677,0.6497283397959003,5.987198804055358,2.0980798206083033,-2.094532312028978,-0.5299610053250513,0.04781576448497948,-1.6785763502120972,1.0203428268432617,0.017376942560076714,0.36564527733251745,1.5245463104575792,0.030438821924902763,0.2134364834640611,-0.051190338826552446,-0.005093752079732283,0.2733461295962269,-0.014480310643101027,-3.1390202045440674,-3.135624369824246,0.003395834719821522,0
1780808654.246272,FLY,spline,1,108,-17.503437265658416,-0.19691138361410188,-2.172198578998912,-17.43863296508789,0.4661230444908142,-2.1361522674560547,-0.06480430057052544,-0.6630344281049161,-0.036046311542857534,0.6661938533376364,5.9579184457641245,2.0936877668646185,-2.0886514114800945,-0.5476112291880894,0.054993176913204954,-1.7117027044296265,0.9828271269798279,0.017334766685962677,0.2967661449494525,1.488316583536987,0.03765841022724228,0.20836432169517818,-0.041547260292923355,-0.008030210011916505,0.27322523303971935,-0.014487842325146475,-3.138509750366211,-3.1331562770249333,0.00535347334127767,0
1780808654.2571068,FLY,spline,1,108,-17.503437265658416,-0.19691138361410188,-2.172198578998912,-17.450586318969727,0.47285154461860657,-2.1360301971435547,-0.052850946688689504,-0.6697629282327084,-0.036168381855357534,0.6718449245181085,5.947133746462207,2.092070061969331,-2.0869769626399695,-0.5530605789838599,0.05522018183488909,-1.723846435546875,0.9687103629112244,0.017278289422392845,0.2925836158380072,1.481468767808824,0.03794189241249624,0.20740562749323538,-0.04096170621732101,-0.007213745587783205,0.2737357027768076,-0.014495430703628975,-3.137965440750122,-3.1331562770249333,0.004809163725188803,0
1780808654.26754,FLY,spline,1,108,-17.503437265658416,-0.19691138361410188,-2.172198578998912,-17.462656021118164,0.47948241233825684,-2.135913133621216,-0.040781244540252004,-0.6763937959523587,-0.0362854453776964,0.677622075429286,5.936232861526203,2.0904349292289304,-2.0852854305313007,-0.5584324639936726,0.055454319978374085,-1.7360469102859497,0.9543293714523315,0.017197737470269203,0.28515732584509684,1.4733770823302015,0.03825658250810488,0.20627279152622824,-0.03992202561831356,-0.0068182091650537124,0.27397974261651303,-0.014503082020130596,-3.1377017498016357,-3.1331562770249333,0.004545472776702475,0
1780808654.2783341,FLY,spline,1,108,-17.503437265658416,-0.19691138361410188,-2.172198578998912,-17.509140014648438,0.5036718845367432,-2.1354637145996094,0.005702748990021433,-0.700583268150845,-0.03673486439930285,0.7006064779596047,5.894155951031018,2.0841233926546527,-2.0787657305831386,-0.5780427704256841,0.05635698672976289,-1.7827644348144531,0.8974338173866272,0.016856536269187927,0.18969407095744184,1.4030770415793217,0.03950045046057496,0.19643078582110504,-0.02655716993404186,-0.005762491696791994,0.27464864486072565,-0.01451098211022271,-3.136997938156128,-3.1331562770249333,0.0038416611311946625,0
1780808654.2893274,FLY,spline,1,108,-17.503437265658416,-0.19691138361410188,-2.172198578998912,-17.509140014648438,0.5036718845367432,-2.1354637145996094,0.005702748990021433,-0.700583268150845,-0.03673486439930285,0.7006064779596047,5.894155951031018,2.0841233926546527,-2.0787657305831386,-0.5780427704256841,0.05635698672976289,-1.7827644348144531,0.8974338173866272,0.016856536269187927,0.22397262876798585,1.4243286772331885,0.03950045046057496,0.19940601481264641,-0.03135616802751802,-0.005390201085524904,0.2749202713416798,-0.014518882200314824,-3.136749744415283,-3.1331562770249333,0.003593467390349936,0
1780808654.300331,FLY,spline,1,108,-17.503437265658416,-0.19691138361410188,-2.172198578998912,-17.5216007232666,0.5097948908805847,-2.1353466510772705,0.018163457608185496,-0.7067062744946866,-0.036851927921641714,0.7069396506084827,5.882849298878327,2.082427394831749,-2.07701625751956,-0.5830105165164016,0.056601614485217416,-1.795198917388916,0.8818153142929077,0.016763810068368912,0.21640604541567732,1.4159575393798507,0.039837804416848505,0.1982340555131791,-0.030296846358194827,-0.005390201085524904,0.27488531546429457,-0.014526849761198194,-3.136749744415283,-3.1331562770249333,0.003593467390349936,0
1780808654.3112047,FLY,spline,1,108,-17.503437265658416,-0.19691138361410188,-2.172198578998912,-17.55679702758789,0.5262890458106995,-2.135024309158325,0.05335976192947456,-0.7232004294248013,-0.037174269840587026,0.7251662742525933,5.8508467636232115,2.0776270145434816,-2.0720699626237673,-0.5964016597213758,0.05729904077636895,-1.8300750255584717,0.8369147777557373,0.016369232907891273,0.1513930399096455,1.361177094633243,0.04092980786847768,0.19056479324865405,-0.021195025587350372,-0.00408950852723633,0.27582691188936725,-0.01453503572277189,-3.135882616043091,-3.1331562770249333,0.002726339018157553,0
1780808654.3219035,FLY,spline,1,108,-17.503437265658416,-0.19691138361410188,-2.172198578998912,-17.569608688354492,0.531982421875,-2.1349120140075684,0.06617142269607612,-0.7288938054891019,-0.03728656499134386,0.7318912739348704,5.839169327481539,2.0758753991222307,-2.07026716412636,-0.6010276203721264,0.05755684397171698,-1.8426551818847656,0.8203345537185669,0.016194386407732964,0.14953497469630614,1.3562460973657542,0.04136245756398402,0.18987445363120561,-0.020934896457482862,-0.0037583451208642593,0.27606088881488067,-0.014543308214284687,-3.1356618404388428,-3.1331562770249333,0.002505563413909506,0
1780808654.332879,FLY,spline,1,109,-17.66585350984476,-0.19477237887264814,-2.1764364925948008,-17.582500457763672,0.5375585556030273,-2.1347997188568115,-0.08335305208108679,-0.7323309344756754,-0.04163677373798924,0.7370592438069333,5.827404790567918,2.074110718585188,-2.0668899467578052,-0.6078242576930141,0.06439563547548033,-1.8552601337432861,0.8035117983818054,0.016028694808483124,0.1404794615179944,1.3534903943917336,0.048366940666997205,0.1894886552148427,-0.019667124612519217,-0.007255614910228303,0.27576611511950283,-0.014552981602418085,-3.135451555252075,-3.1306144786452563,0.004837076606818869,0
1780808654.3437881,FLY,spline,1,109,-17.66585350984476,-0.19477237887264814,-2.1764364925948008,-17.616289138793945,0.5514941215515137,-2.134521484375,-0.04956437105081335,-0.7462665004241618,-0.041915008219800765,0.7479106340552915,5.796509010345461,2.069476351551819,-2.0620825477187794,-0.6192166942270676,0.06525861163571167,-1.888090968132019,0.7586836218833923,0.015443377196788788,0.08157288286993013,1.2973721663080506,0.049815234438922884,0.1816321032831271,-0.011420203601790219,-0.006788910541636994,0.2760776353459345,-0.01456294464930587,-3.1351404190063477,-3.1306144786452563,0.00452594036109133,0
1780808654.354754,FLY,spline,1,109,-17.66585350984476,-0.19477237887264814,-2.1764364925948008,-17.642772674560547,0.5616601705551147,-2.1343114376068115,-0.023080835284211787,-0.7564325494277628,-0.04212505498798924,0.7567845973533036,5.772213920224148,2.0658320880336225,-2.058308992392742,-0.6275407070706178,0.06594116837733083,-1.91351318359375,0.7230238318443298,0.014928617514669895,0.04778897025944413,1.2614455292373354,0.05101255086266093,0.176602374093227,-0.00669045583632218,-0.006263555202586701,0.27652091652415495,-0.014573147159478403,-3.1347901821136475,-3.1306144786452563,0.004175703468391134,0
1780808654.3655274,FLY,spline,1,109,-17.66585350984476,-0.19477237887264814,-2.1764364925948008,-17.656131744384766,0.5665526986122131,-2.134208917617798,-0.009721765459993037,-0.7613250774848612,-0.04222757497700291,0.7613871461556132,5.759933757595332,2.0639900636392996,-2.0564036836872344,-0.6315511431418036,0.06628812819128022,-1.9389338493347168,0.6865054368972778,0.014448246918618679,0.019240591477571015,1.2167663621751805,0.05183988127266154,0.17034729070452528,-0.0026936828068599423,-0.006021083507640412,0.27671650830628375,-0.014583515135732935,-3.1346285343170166,-3.1306144786452563,0.004014055671760275,0
1780808654.3765469,FLY,spline,1,109,-17.66585350984476,-0.19477237887264814,-2.1764364925948008,-17.656131744384766,0.5665526986122131,-2.134208917617798,-0.009721765459993037,-0.7613250774848612,-0.04222757497700291,0.7613871461556132,5.759933757595332,2.0639900636392996,-2.0564036836872344,-0.6315511431418036,0.06628812819128022,-1.9389338493347168,0.6865054368972778,0.014448246918618679,0.05182074054890642,1.246883570100579,0.05183988127266154,0.17456369981408107,-0.007254903676846899,-0.005589784298045686,0.27723273110491736,-0.014593883111987468,-3.13434100151062,-3.1306144786452563,0.0037265228653637905,0
1780808654.387199,FLY,spline,1,109,-17.66585350984476,-0.19477237887264814,-2.1764364925948008,-17.710390090942383,0.5848046541213989,-2.1338183879852295,0.04453658109762415,-0.779577032994047,-0.04261810460957127,0.7808481654122438,5.709873772285433,2.056481065842815,-2.0377497324268004,-0.6481508769249615,0.06750424525046214,-1.9771230220794678,0.6300002336502075,0.01374367717653513,-0.051001869407414246,1.1810998294172208,0.05376056807392701,0.16535397611841093,0.007140261717037995,-0.005203188572032502,0.2775836509465471,-0.014604635225602253,-3.1340832710266113,-3.1306144786452563,0.0034687923813550015,0
1780808654.3977234,FLY,spline,1,109,-17.66585350984476,-0.19477237887264814,-2.1764364925948008,-17.710390090942383,0.5848046541213989,-2.1338183879852295,0.04453658109762415,-0.779577032994047,-0.04261810460957127,0.7808481654122438,5.709873772285433,2.056481065842815,-2.034481621331004,-0.6510590958543777,0.06771730497166606,-1.9771230220794678,0.6300002336502075,0.01374367717653513,-0.021621402184265948,1.2165224723924921,0.05397362779513093,0.1703131461349489,0.003026996305797233,-0.005012572918040803,0.27781800446243327,-0.01461542995116128,-3.13395619392395,-3.1306144786452563,0.0033417152786938686,0
1780808654.4080634,FLY,spline,1,109,-17.66585350984476,-0.19477237887264814,-2.1764364925948008,-17.724491119384766,0.5891308188438416,-2.133720636367798,0.05863760954000696,-0.7839031977164896,-0.04271585622700291,0.7860932467860948,5.696813968855238,2.0545220953282857,-2.0212610886876807,-0.6576160850981285,0.06809152914282798,-2.0017545223236084,0.5924820303916931,0.013235821388661861,-0.07855884764002938,1.1682794005676862,0.05485570775416612,0.1635591160794761,0.010998238669604114,-0.0047218214608264475,0.2781949207288451,-0.014626401092712113,-3.1337623596191406,-3.1306144786452563,0.0031478809738842983,0
1780808654.418579,FLY,spline,1,110,-17.82804052975695,-0.19293865684838812,-2.179666798449506,-17.763944625854492,0.6003612875938416,-2.1334667205810547,-0.06409590390245867,-0.7932999444422297,-0.04620007786845148,0.7958850964486758,5.660165586116248,2.049024837917437,-2.0014400875414142,-0.6711698962735301,0.07505012930243299,-2.0260934829711914,0.554568886756897,0.012670607306063175,-0.14357870902267178,1.139963814178112,0.06237952199636981,0.1595949339849357,0.02010101926317405,-0.008392520111333956,0.27808355867591544,-0.014638876997111387,-3.1335933208465576,-3.1279983074390016,0.005595013407555971,0
1780808654.42918,FLY,spline,1,110,-17.82804052975695,-0.19293865684838812,-2.179666798449506,-17.778085708618164,0.6040722727775574,-2.133378744125366,-0.0499548211387868,-0.7970109296259456,-0.04628805432413996,0.7985749220318793,5.646989029629796,2.0470483544444695,-1.9902392887939415,-0.6770618331689874,0.07622044648862734,-2.0388083457946777,0.5344263315200806,0.012356915511190891,-0.15782294134150593,1.134814221117596,0.06386353097743645,0.15887399095646346,0.02209521178781083,-0.008392520111333956,0.27795206525123456,-0.014651649703306874,-3.1335933208465576,-3.1279983074390016,0.005595013407555971,0
1780808654.4400265,FLY,spline,1,110,-17.82804052975695,-0.19293865684838812,-2.179666798449506,-17.792343139648438,0.6076464653015137,-2.133295774459839,-0.03569739010851336,-0.8005851221499019,-0.046371023989667304,0.8013805846589576,5.633681996479901,2.045052299471985,-1.9757244872647537,-0.6820302533126424,0.076683672460489,-2.0625524520874023,0.49615177512168884,0.011755136772990227,-0.206736789995258,1.0853530537383111,0.06492853568749878,0.15194942752336357,0.028943150599336123,-0.00817794339014255,0.27853349955583134,-0.014664635410444373,-3.1334502696990967,-3.1279983074390016,0.0054519622600950335,0
1780808654.450493,FLY,spline,1,110,-17.82804052975695,-0.19293865684838812,-2.179666798449506,-17.83183479309082,0.6167089939117432,-2.1330761909484863,0.003794263333869452,-0.8096476507601313,-0.04659060750101984,0.8096565412665091,5.596708173590087,2.039506226038513,-1.9541932695266844,-0.6918224487343796,0.07797446408731351,-2.0862009525299072,0.457162082195282,0.011211004108190536,-0.2677781690940081,1.0499847466026437,0.06676345997912297,0.14699786452437014,0.037488943673161135,-0.008146114509832492,0.27861203285914504,-0.014677988102440198,-3.1334290504455566,-3.1279983074390016,0.005430743006554994,0
1780808654.4612765,FLY,spline,1,110,-17.82804052975695,-0.19293865684838812,-2.179666798449506,-17.846405029296875,0.6197363138198853,-2.132997989654541,0.01836449953992414,-0.8126749706682734,-0.046668808794965155,0.8128824409433574,5.583021859577447,2.037453278936617,-1.9441036599903798,-0.6951750778960847,0.07845275002735833,-2.0987863540649414,0.43604812026023865,0.010959801264107227,-0.27442072282247726,1.0413336299808484,0.0674929487632511,0.1457867081973188,0.03841890119514682,-0.008126802604925265,0.2787759375313759,-0.014691486692192848,-3.133416175842285,-3.1279983074390016,0.00541786840328351,0
1780808654.4717455,FLY,spline,1,110,-17.82804052975695,-0.19293865684838812,-2.179666798449506,-17.899023056030273,0.629345715045929,-2.132744073867798,0.07098252627332258,-0.8222843718943171,-0.04692272458170832,0.8253424182106325,5.533404365943839,2.0300106548915755,-1.9199432636005935,-0.7014998724637853,0.07958067731437021,-2.1432790756225586,0.35916098952293396,0.010087036527693272,-0.3880510982517511,0.9146600934233131,0.06949364078667694,0.12805241307926385,0.05432715375524516,-0.008171148460638156,0.2791773930573643,-0.014705385420350183,-3.1334457397460938,-3.1279983074390016,0.005447432307092104,0
1780808654.482554,FLY,spline,1,110,-17.82804052975695,-0.19293865684838812,-2.179666798449506,-17.899023056030273,0.629345715045929,-2.132744073867798,0.07098252627332258,-0.8222843718943171,-0.04692272458170832,0.8253424182106325,5.533404365943839,2.0300106548915755,-1.9066363282195968,-0.7049834093748788,0.08020191114185307,-2.1432790756225586,0.35916098952293396,0.010087036527693272,-0.36529532902576944,0.9668819588935317,0.0701148746141598,0.13536347424509446,0.05114134606360773,-0.008235521476995578,0.27932495949688213,-0.014719408395273016,-3.133488655090332,-3.1279983074390016,0.005490347651330385,0
1780808654.493426,FLY,spline,1,111,-17.989991899988723,-0.1914205262150734,-2.1818676437446882,-17.913984298706055,0.6316894292831421,-2.1326756477355957,-0.0760076012826687,-0.8231099554982155,-0.04919199600909252,0.8266118522577688,5.519237284155595,2.0278855926233392,-1.8938162121210609,-0.7093583623781663,0.0871773714996633,-2.155646562576294,0.3371592164039612,0.009852461516857147,-0.3798880502625759,0.9582759353914078,0.07732490998280615,0.1341586309547971,0.053184327036760626,-0.01235497571290134,0.27893985845300046,-0.014734873377269577,-3.1335437297821045,-3.125307079306837,0.00823665047526756,0
1780808654.504238,FLY,spline,1,111,-17.989991899988723,-0.1914205262150734,-2.1818676437446882,-17.913984298706055,0.6316894292831421,-2.1326756477355957,-0.0760076012826687,-0.8231099554982155,-0.04919199600909252,0.8266118522577688,5.519237284155595,2.0278855926233392,-1.8938162121210609,-0.7093583623781663,0.0871773714996633,-2.155646562576294,0.3371592164039612,0.009852461516857147,-0.34202391551218836,0.9853417872564658,0.07732490998280615,0.13794785021590522,0.04788334817170638,-0.012480860722666964,0.27911754362873153,-0.01475033835926614,-3.1336276531219482,-3.125307079306837,0.00832057381511131,0
1780808654.5150855,FLY,spline,1,111,-17.989991899988723,-0.1914205262150734,-2.1818676437446882,-17.99183464050293,0.6412206888198853,-2.1323485374450684,0.001842740514206298,-0.8326412150349587,-0.049519106299619864,0.8326432541415891,5.4450975624663,2.016764634369945,-1.8689922786801074,-0.7120288578057732,0.08845830189989694,-2.217841863632202,0.2218436598777771,0.008623065426945686,-0.5091621355907243,0.7578294553646415,0.07983523647295125,0.10609612375104982,0.07128269898270141,-0.013053422940379367,0.2794660711698486,-0.01476630540656073,-3.13400936126709,-3.125307079306837,0.008702281960252911,0
1780808654.5257611,FLY,spline,1,111,-17.989991899988723,-0.1914205262150734,-2.1818676437446882,-18.007305145263672,0.6425976157188416,-2.1322898864746094,0.017313245274948486,-0.834018141933915,-0.04957775727007885,0.8341978239823277,5.430280247113484,2.014542037067023,-1.844059949611124,-0.7134739307186541,0.08959440553618658,-2.238386392593384,0.18184500932693481,0.008322848938405514,-0.5597217973221498,0.7273007468226632,0.08127155659778107,0.10182210455517286,0.07836105162510097,-0.013242250455027804,0.27951784011427266,-0.014782559717880285,-3.1341352462768555,-3.125307079306837,0.008828166970018536,0
1780808654.536211,FLY,spline,1,111,-17.989991899988723,-0.1914205262150734,-2.1818676437446882,-18.029998779296875,0.6443554759025574,-2.1322021484375,0.04000687930815161,-0.8357760021176308,-0.04966549530718822,0.8367329777818651,5.408501244080342,2.0112751866120515,-1.8191021641563463,-0.7142847248151258,0.09079921179713102,-2.2541916370391846,0.15035134553909302,0.008130908012390137,-0.5983556959803995,0.71168263423649,0.08266830378474088,0.09963556879310861,0.08376979743725593,-0.013409262669688449,0.2795783975476297,-0.014799093378637234,-3.134246587753296,-3.125307079306837,0.008939508446458966,0
1780808654.5467403,FLY,spline,1,111,-17.989991899988723,-0.1914205262150734,-2.1818676437446882,-18.029998779296875,0.6443554759025574,-2.1322021484375,0.04000687930815161,-0.8357760021176308,-0.04966549530718822,0.8367329777818651,5.408501244080342,2.0112751866120515,-1.8004862992386303,-0.7148894913479318,0.09169786967871268,-2.2541916370391846,0.15035134553909302,0.008130908012390137,-0.5886960676244581,0.7599309545056071,0.08356696166632255,0.10639033363078501,0.08241744946742414,-0.013972168934947238,0.2799324611628129,-0.014815806770970498,-3.1346218585968018,-3.125307079306837,0.009314779289964825,0
1780808654.5577192,FLY,spline,1,112,-18.15170119513377,-0.19022829564645583,-2.183017175662009,-18.066171646118164,0.6464062333106995,-2.132075071334839,-0.08552954901560739,-0.8366345289571553,-0.05094210432717006,0.8409950289973028,5.373658309925036,2.006048746488755,-1.776611277344251,-0.7163534632361502,0.09896699038574563,-2.273737668991089,0.11061353236436844,0.007900352589786053,-0.6426525675389426,0.7087909493633222,0.09106663779595958,0.09923073291086512,0.08997135945545197,-0.01845166553066635,0.279444118710968,-0.01483402009852969,-3.134841203689575,-3.1225400933357976,0.012301110353777567,0
1780808654.5687842,FLY,spline,1,112,-18.15170119513377,-0.19022829564645583,-2.183017175662009,-18.112812042236328,0.6477148532867432,-2.1319189071655273,-0.038889152897443324,-0.837943148933199,-0.05109826849648158,0.838845091215992,5.328498203882553,1.9992747305823828,-1.7518259306902586,-0.7135266818298365,0.1006089094222221,-2.306989908218384,0.04063909128308296,0.007565960753709078,-0.7262157453697039,0.5857766004959915,0.09304294866851302,0.08200872406943881,0.10167020435175855,-0.01880571712063217,0.279373745760925,-0.014852628688263392,-3.1350772380828857,-3.1225400933357976,0.012537144747088114,0
1780808654.5793679,FLY,spline,1,112,-18.15170119513377,-0.19022829564645583,-2.183017175662009,-18.112812042236328,0.6477148532867432,-2.1319189071655273,-0.038889152897443324,-0.837943148933199,-0.05109826849648158,0.838845091215992,5.328498203882553,1.9992747305823828,-1.7376376712552026,-0.7119085036167626,0.10154881853812438,-2.306989908218384,0.04063909128308296,0.007565960753709078,-0.7051485330703756,0.6334729495483992,0.0939828577844153,0.0886862129367759,0.0987207946298526,-0.01996371615932846,0.2795507135956345,-0.014871425259820275,-3.1358492374420166,-3.1225400933357976,0.013309144106218973,0
1780808654.589968,FLY,spline,1,112,-18.15170119513377,-0.19022829564645583,-2.183017175662009,-18.145078659057617,0.6477831602096558,-2.1318113803863525,-0.006622536076154262,-0.8380114558561116,-0.051205795275656385,0.8380376233380932,5.2971053300439355,1.9945657995065904,-1.713084346997898,-0.7074051487756183,0.1029104583915367,-2.3290789127349854,-0.007734103128314018,0.0074296570383012295,-0.7665425055488659,0.5542242319508878,0.09548080135323547,0.0775913924731243,0.10731595077684124,-0.02037713397549057,0.27949350705233045,-0.014890521420090922,-3.136124849319458,-3.1225400933357976,0.01358475598366038,0
1780808654.6007183,FLY,spline,1,112,-18.15170119513377,-0.19022829564645583,-2.183017175662009,-18.145078659057617,0.6477831602096558,-2.1318113803863525,-0.006622536076154262,-0.8380114558561116,-0.051205795275656385,0.8380376233380932,5.2971053300439355,1.9945657995065904,-1.7116023811343637,-0.7071333396276586,0.10299264293649031,-2.3290789127349854,-0.007734103128314018,0.0074296570383012295,-0.7236565082430042,0.5980854871013912,0.09556298589818908,0.08373196819419478,0.10131191115402059,-0.020791624675258635,0.2795458044950717,-0.01490963401727056,-3.1364011764526367,-3.1225400933357976,0.01386108311683909,0
1780808654.6112442,FLY,spline,1,112,-18.15170119513377,-0.19022829564645583,-2.183017175662009,-18.184492111206055,0.6469824314117432,-2.1316893100738525,0.03279091607228324,-0.837210727058199,-0.051327865588156385,0.8378526395961152,5.258598540281766,1.9887897810422648,-1.6873169203695495,-0.7013537188132576,0.10433888908130107,-2.355031967163086,-0.06685671955347061,0.0073500629514455795,-0.8021629169912763,0.48692022624210773,0.09698882612985549,0.06816883167389509,0.11230280837877869,-0.021369551311000823,0.2795211728122998,-0.01492903178249653,-3.136786460876465,-3.1225400933357976,0.014246367540667215,0
1780808654.622007,FLY,spline,1,112,-18.15170119513377,-0.19022829564645583,-2.183017175662009,-18.21742057800293,0.6455370783805847,-2.131591796875,0.06571938286915824,-0.8357653740270405,-0.051425378787008924,0.8383452735640978,5.226283206401413,1.983942480960212,-1.6632811911095606,-0.6946074009251331,0.10566964596852023,-2.375890016555786,-0.1162019670009613,0.007353868335485458,-0.86049480595572,0.40875482799832347,0.09831577763303477,0.05722567591976529,0.12046927283380082,-0.022195314059719085,0.27953272445691246,-0.014948694938023137,-3.1373369693756104,-3.1225400933357976,0.014796876039812723,0
1780808654.6324613,FLY,spline,1,112,-18.15170119513377,-0.19022829564645583,-2.183017175662009,-18.21742057800293,0.6455370783805847,-2.131591796875,0.06571938286915824,-0.8357653740270405,-0.051425378787008924,0.8383452735640978,5.226283206401413,1.983942480960212,-1.652895295646743,-0.6916923010092078,0.10624466916700873,-2.375890016555786,-0.1162019670009613,0.007353868335485458,-0.8383869206568088,0.45401664713280726,0.09889080083152327,0.06356233059859302,0.11737416889195323,-0.02259907592342758,0.27953513623413545,-0.014968473098189442,-3.137606143951416,-3.1225400933357976,0.015066050615618387,0
1780808654.643302,FLY,spline,1,113,-18.313161989785833,-0.18937227381628702,-2.1830935413831285,-18.26445198059082,0.642333984375,-2.1314451694488525,-0.04871000919501256,-0.8317062581912871,-0.05164837193427596,0.8331314211517473,5.179911485392825,1.9769867228089237,-1.6292887238120555,-0.6851520555377476,0.11124016267483898,-2.404384136199951,-0.18669340014457703,0.00746948691084981,-0.9186655048306579,0.321483066770302,0.10377067576398917,0.04500762934784228,0.1286131706762921,-0.0282157438629429,0.27923337313648705,-0.01498922723334224,-3.138507127761841,-3.119696631853212,0.0188104959086286,0
1780808654.654149,FLY,spline,1,113,-18.313161989785833,-0.18937227381628702,-2.1830935413831285,-18.298046112060547,0.639208972454071,-2.131337881088257,-0.015115877725285998,-0.8285812462703581,-0.051755660294871664,0.8287191149179229,5.146627723723775,1.9719941585585663,-1.6058996950670954,-0.6767701354159033,0.11401446428757825,-2.4237990379333496,-0.23695974051952362,0.007612509652972221,-0.9697862182868873,0.24621139064872413,0.10640195463460603,0.03446959469082138,0.13577007056016424,-0.028751112782315458,0.2790185100094617,-0.015010507624269162,-3.138864040374756,-3.119696631853212,0.01916740852154364,0
1780808654.6650238,FLY,spline,1,113,-18.313161989785833,-0.18937227381628702,-2.1830935413831285,-18.298046112060547,0.639208972454071,-2.131337881088257,-0.015115877725285998,-0.8285812462703581,-0.051755660294871664,0.8287191149179229,5.146627723723775,1.9719941585585663,-1.5851249519274606,-0.6693250961435575,0.11647867107551302,-2.4237990379333496,-0.23695974051952362,0.007612509652972221,-0.9697162461981328,0.2883426109401178,0.1088661614225408,0.0403679655316165,0.1357602744677386,-0.02931294616396829,0.2788030218746824,-0.01503228085655367,-3.1392385959625244,-3.119696631853212,0.019541964109312193,0
1780808654.675753,FLY,spline,1,113,-18.313161989785833,-0.18937227381628702,-2.1830935413831285,-18.345624923706055,0.6336816549301147,-2.1311864852905273,0.032462933920221815,-0.8230539287464018,-0.051907056092601156,0.823693882278845,5.0992754361625545,1.9648913154243832,-1.5625017497003852,-0.6587784355091268,0.11787819615746206,-2.4498605728149414,-0.307841956615448,0.00804952159523964,-1.0377349257130108,0.15250701882570458,0.10982867456222242,0.021350982635598644,0.14528288959982152,-0.030387617909268583,0.2786713330285701,-0.015054246591466114,-3.1399550437927246,-3.119696631853212,0.02025841193951239,0
1780808654.6866784,FLY,spline,1,113,-18.313161989785833,-0.18937227381628702,-2.1830935413831285,-18.362695693969727,0.6313671469688416,-2.1311278343200684,0.04953370418389369,-0.8207394207851286,-0.05196570706306014,0.8222328044300384,5.082220643292697,1.9623330964939045,-1.5400692869327464,-0.647830513449709,0.1192665825443887,-2.4588067531585693,-0.3331751525402069,0.008339299820363522,-1.061720992092928,0.1318996694805598,0.11092728272402518,0.018465953727278377,0.14864093889300994,-0.03161213573153421,0.27848538162877606,-0.015076432048010919,-3.1407713890075684,-3.119696631853212,0.02107475715435614,0
1780808654.6975858,FLY,spline,1,113,-18.313161989785833,-0.18937227381628702,-2.1830935413831285,-18.380155563354492,0.6288281083106995,-2.1310644149780273,0.06699357356865931,-0.8182003821269865,-0.052029126405101156,0.8209384899078896,5.064742995518701,1.9597114493278052,-1.5188102606962082,-0.6367536566778926,0.12058380447653388,-2.4677231311798096,-0.3589990437030792,0.008735265582799911,-1.0852439098441904,0.10538316472556265,0.11184853889373397,0.014753643061578774,0.15193414737818667,-0.032223679386929716,0.2783406621319156,-0.015098801755789665,-3.141179084777832,-3.119696631853212,0.02148245292461981,0
1780808654.7081652,FLY,spline,1,114,-18.47436785853861,-0.1888627693983187,-2.1820748880897085,-18.397342681884766,0.6261621117591858,-2.1310009956359863,-0.07702517665384434,-0.8150248811575045,-0.05107389245372218,0.8186564815258963,5.047505505169876,1.9571258257754813,-1.496743703924073,-0.6267849419244282,0.1268040776527054,-2.484715700149536,-0.40999075770378113,0.009804872795939445,-1.1303147503100752,0.022181956951770505,0.11699920485676596,0.003105473973247871,0.15824406504341054,-0.0378693539253625,0.2777778830648441,-0.015122201596761019,3.1411631107330322,-3.116775960496312,0.02524623595024167,0
1780808654.7186108,FLY,spline,1,114,-18.47436785853861,-0.1888627693983187,-2.1820748880897085,-18.449726104736328,0.6170117259025574,-2.1307811737060547,-0.02464175380228184,-0.8058744953008761,-0.05129371438365382,0.8062511508251594,4.994763042998761,1.949214456449814,-1.475317737772151,-0.6141008913244177,0.12904970336351843,-2.5008864402770996,-0.46097686886787415,0.011176381260156631,-1.1702415452075747,-0.06066094692838769,0.1178733221033618,-0.008492532569974278,0.16383381632906047,-0.039137502347603714,0.2775326002900857,-0.015145776261181692,3.140317678451538,-3.116775960496312,0.02609166823173581,0
1780808654.7293055,FLY,spline,1,114,-18.47436785853861,-0.1888627693983187,-2.1820748880897085,-18.467147827148438,0.6136327981948853,-2.1306982040405273,-0.0072200313901724655,-0.802495567593204,-0.051376684049181165,0.802528046151668,4.977154326133795,1.946573148920069,-1.4541896343357068,-0.6008643459419487,0.1308928288385617,-2.508615255355835,-0.4863153398036957,0.011929206550121307,-1.1902749794609655,-0.08186367470271465,0.1189636222884404,-0.011460914458380052,0.16663849712453518,-0.039137502347603714,0.2774215835508217,-0.01516956898563938,3.140317678451538,-3.116775960496312,0.02609166823173581,0
1780808654.7399316,FLY,spline,1,114,-18.47436785853861,-0.1888627693983187,-2.1820748880897085,-18.484609603881836,0.6100780963897705,-2.130610227584839,0.010241745343225972,-0.7989408657880892,-0.05146466050486964,0.7990065083426399,4.959471274377238,1.9439206911565856,-1.4336024690778935,-0.5867281787249438,0.132049290277761,-2.521740198135376,-0.5310720801353455,0.013611926697194576,-1.2234997802208105,-0.15352364271606814,0.11843736358056642,-0.02149330998024954,0.1712899692309135,-0.039776940976754105,0.2773540090222252,-0.015193256458355493,3.1398913860321045,-3.116775960496312,0.026517960651169403,0
1780808654.7504127,FLY,spline,1,114,-18.47436785853861,-0.1888627693983187,-2.1820748880897085,-18.529218673706055,0.600292980670929,-2.1303515434265137,0.05485081516744472,-0.7891557500692477,-0.05172334466319484,0.79105967524068,4.914153667002159,1.9371230500503238,-1.4133824618051358,-0.5721189928987824,0.13369944038799775,-2.5341758728027344,-0.5757027268409729,0.015629233792424202,-1.254200443974659,-0.22368580107301939,0.11807020659557355,-0.03131601215022272,0.17558806215645228,-0.04206218305744258,0.2769663416071628,-0.015216870499674608,3.1383678913116455,-3.116775960496312,0.028041455371628388,0
1780808654.7609808,FLY,spline,1,114,-18.47436785853861,-0.1888627693983187,-2.1820748880897085,-18.546875,0.5961230397224426,-2.1302342414855957,0.07250714146139003,-0.7849858091207613,-0.051840646604112806,0.7883273470354041,4.89615634404897,1.9344234516073455,-1.393428359433333,-0.5571340339155313,0.13521099680636217,-2.540907144546509,-0.6008614897727966,0.016849389299750328,-1.2725958383788516,-0.24724450861297081,0.11836160750661184,-0.034614231205815915,0.17816341737303923,-0.04206218305744258,0.27691935721277844,-0.01524054282117593,3.1383678913116455,-3.116775960496312,0.028041455371628388,0
1780808654.7717152,FLY,spline,1,115,-18.635312375985826,-0.1887100910663026,-2.179939362963409,-18.60038948059082,0.5824804306030273,-2.129824161529541,-0.03492289539500604,-0.77119052166933,-0.05011520143386816,0.7719808477775753,4.841403953060266,1.9262105929590398,-1.373562509080322,-0.5424799364722535,0.13916136614032223,-2.5598695278167725,-0.6764868497848511,0.02078772895038128,-1.3192906401050604,-0.3879177288337214,0.11837363718994096,-0.054308482036721,0.18470068961470848,-0.048525654119749184,0.27645261889640377,-0.015264217548613918,3.1370575428009033,-3.11377732829885,0.03235043607983279,0
1780808654.782624,FLY,spline,1,115,-18.635312375985826,-0.1887100910663026,-2.179939362963409,-18.60038948059082,0.5824804306030273,-2.129824161529541,-0.03492289539500604,-0.77119052166933,-0.05011520143386816,0.7719808477775753,4.841403953060266,1.9262105929590398,-1.353696658727311,-0.5278258390289757,0.1431117354742823,-2.5598695278167725,-0.6764868497848511,0.02078772895038128,-1.3226167896258032,-0.34637206253502484,0.12232400652390102,-0.04849208875490348,0.18516635054761246,-0.04918011311938297,0.2759477983018598,-0.015288682349918698,3.1366212368011475,-3.11377732829885,0.03278674207958865,0
1780808654.7934098,FLY,spline,1,115,-18.635312375985826,-0.1887100910663026,-2.179939362963409,-18.63605499267578,0.572558581829071,-2.129506826400757,0.0007426166899549003,-0.7612686728953737,-0.05043253656265234,0.761269035106139,4.804745652725343,1.9207118479088012,-1.3348004688878699,-0.511584124993828,0.14514661501673326,-2.571303129196167,-0.726337730884552,0.023590926080942154,-1.3532689168140992,-0.4351831533554261,0.1215556889357911,-0.060925641469759664,0.1894576483539739,-0.049836717886228676,0.2758062359352629,-0.015312993487705855,3.136183500289917,-3.11377732829885,0.03322447859081912,0
1780808654.804486,FLY,spline,1,115,-18.635312375985826,-0.1887100910663026,-2.179939362963409,-18.65394401550293,0.5673437118530273,-2.129331111907959,0.018631639517103338,-0.75605380291933,-0.05060825105545019,0.756283340355899,4.786310408795901,1.9179465613193853,-1.316380758927227,-0.4947386603001676,0.1465411056837623,-2.58125638961792,-0.7732537388801575,0.026475634425878525,-1.3793255342264203,-0.5122646578236284,0.12006547125788378,-0.07171705209530799,0.19310557479169888,-0.05048259381701481,0.27571104879880337,-0.015337006581957432,3.1357529163360596,-3.11377732829885,0.03365506254467654,0
1780808654.8150666,FLY,spline,1,115,-18.635312375985826,-0.1887100910663026,-2.179939362963409,-18.686054229736328,0.5575976371765137,-2.1289892196655273,0.050741853750501775,-0.7463077282428163,-0.050950143297881834,0.7480307219339261,4.753142409322101,1.912971361398315,-1.2982628937572962,-0.47759706131887875,0.14824655168082118,-2.5856518745422363,-0.7952823638916016,0.02793237194418907,-1.392917129492532,-0.5324003531164053,0.12031417973663211,-0.07453604943629676,0.19500839812895449,-0.052187763494749184,0.27511768994480346,-0.01536106941790476,3.1346161365509033,-3.11377732829885,0.03479184232983279,0
1780808654.826046,FLY,spline,1,116,-18.79598911672119,-0.1889245474939904,-2.176665113185892,-18.722070693969727,0.5460448861122131,-2.1285643577575684,-0.07391842275146487,-0.7349694336062036,-0.048100755428323705,0.7386771971284128,4.715815849759991,1.9073723774639988,-1.2799343469159359,-0.46111259387053016,0.15240908740179676,-2.594808578491211,-0.8442303538322449,0.03129425272345543,-1.4198050159656275,-0.6156042509261365,0.12111483467834133,-0.08618459512965912,0.19877270223518786,-0.05739174446489681,0.27482139679848566,-0.015385292384840427,3.1342241764068604,-3.110699967796128,0.03826116297659787,0
1780808654.8365805,FLY,spline,1,116,-18.79598911672119,-0.1889245474939904,-2.176665113185892,-18.773672103881836,0.5283789038658142,-2.127876043319702,-0.0223170128393555,-0.7173034513598047,-0.048789069866189916,0.717650535006252,4.662118655123978,1.8993177982685965,-1.262576478651772,-0.443293073714826,0.15489285686460633,-2.6062092781066895,-0.9134135842323303,0.03623761981725693,-1.4490386110060265,-0.7411888640968309,0.1186552370473494,-0.10376644097355633,0.20286540554084373,-0.05797145923998226,0.27478005033265107,-0.015409023432249896,3.1338376998901367,-3.110699967796128,0.038647639493321506,0
1780808654.8475463,FLY,spline,1,116,-18.79598911672119,-0.1889245474939904,-2.176665113185892,-18.773672103881836,0.5283789038658142,-2.127876043319702,-0.0223170128393555,-0.7173034513598047,-0.048789069866189916,0.717650535006252,4.662118655123978,1.8993177982685965,-1.245218610387608,-0.42547355355912186,0.1573766263274159,-2.6062092781066895,-0.9134135842323303,0.03623761981725693,-1.4536992362263994,-0.7035095033076612,0.12113900651015896,-0.09849133046307257,0.20351789307169593,-0.059025388568900716,0.2741483940198771,-0.015433251233551928,3.1331350803375244,-3.110699967796128,0.03935025904593381,0
1780808654.858449,FLY,spline,1,116,-18.79598911672119,-0.1889245474939904,-2.176665113185892,-18.809961318969727,0.515185534954071,-2.127333879470825,0.013972202248535126,-0.7041100824480615,-0.04933123371506687,0.7042486994242091,4.624207118605763,1.8936310677908643,-1.2285332228682726,-0.4069562285084878,0.15930185781967,-2.6130175590515137,-0.9612688422203064,0.03992258012294769,-1.4745069157886856,-0.7898151899487164,0.1193792776967223,-0.1105741265928203,0.206430968210416,-0.060120802730582845,0.27379600510406865,-0.015457127089091272,3.1324048042297363,-3.110699967796128,0.0400805351537219,0
1780808654.8692331,FLY,spline,1,116,-18.79598911672119,-0.1889245474939904,-2.176665113185892,-18.86164093017578,0.49532225728034973,-2.126474618911743,0.06565181345458981,-0.6842468047743402,-0.0501904942741489,0.687389155030664,4.57001482256964,1.885502223385446,-1.2125232339126213,-0.38782508523140563,0.16093880942300934,-2.6209707260131836,-1.0282939672470093,0.04542982578277588,-1.4966090479855279,-0.9135196396146337,0.11550898364023346,-0.12789274954604873,0.20952526671797392,-0.0606479462089764,0.2738302976910275,-0.01548022888581932,3.1320533752441406,-3.110699967796128,0.0404319641393176,0
1780808654.8798451,FLY,spline,1,116,-18.79598911672119,-0.1889245474939904,-2.176665113185892,-18.86164093017578,0.49532225728034973,-2.126474618911743,0.06565181345458981,-0.6842468047743402,-0.0501904942741489,0.687389155030664,4.57001482256964,1.885502223385446,-1.1965132449569698,-0.36869394195432353,0.1625757610263487,-2.6209707260131836,-1.0282939672470093,0.04542982578277588,-1.5025849008738867,-0.8789768881442875,0.11714593524357281,-0.12305676434020027,0.21036188612234416,-0.06157420238878597,0.27318847755889214,-0.015503658072868035,3.1314358711242676,-3.110699967796128,0.04104946825919065,0
1780808654.8901844,FLY,spline,1,117,-18.956391655338432,-0.1895164473551338,-2.172230285938817,-18.87984275817871,0.48801755905151367,-2.1261425018310547,-0.07654889715972146,-0.6775340064066475,-0.046087784107762264,0.6818446036259381,4.550870419372567,1.882630562905885,-1.1800824511348924,-0.35025330112890934,0.16644509951302217,-2.6232879161834717,-1.0515424013137817,0.04750800132751465,-1.516866942703871,-0.9105572959175929,0.11893709818550752,-0.127478021428463,0.21236137197854196,-0.06723219125925617,0.2724743768279092,-0.015527445492505136,3.1308207511901855,-3.107543095149897,0.04482146083950411,0
1780808654.9010413,FLY,spline,1,117,-18.956391655338432,-0.1895164473551338,-2.172230285938817,-18.89808464050293,0.4805566370487213,-2.125800848007202,-0.05830701483550271,-0.6700730844038552,-0.0464294379316148,0.6726051192352936,4.531659468520992,1.8797489202781488,-1.1641828939002632,-0.33121206775351064,0.16954921150944788,-2.625358819961548,-1.0746514797210693,0.04953734949231148,-1.5303478323929371,-0.9466524574922656,0.1200118620171364,-0.1325313440489172,0.21424869653501122,-0.06828361719309406,0.27166974979834146,-0.015551447864908564,3.130119800567627,-3.107543095149897,0.045522411462062706,0
1780808654.9115653,FLY,spline,1,117,-18.956391655338432,-0.1895164473551338,-2.172230285938817,-18.943437576293945,0.4613574147224426,-2.124892473220825,-0.012954079044487088,-0.6508738620775765,-0.047337812717991756,0.6510027592104898,4.483782870153969,1.8725674305230953,-1.1492504441522944,-0.31127587512975907,0.17168700668042572,-2.6293771266937256,-1.1313284635543823,0.054452139884233475,-1.5464912135143634,-1.060116995231653,0.11723486679619224,-0.14841637933243143,0.2165087698920109,-0.06866949766336994,0.27159381732561355,-0.015574894838267803,3.1298625469207764,-3.107543095149897,0.04577966510891329,0
1780808654.9220443,FLY,spline,1,117,-18.956391655338432,-0.1895164473551338,-2.172230285938817,-18.979999542236328,0.4451855421066284,-2.124086856842041,0.023607886897895725,-0.6347019894617623,-0.048143429096775936,0.6351408881110575,4.44506594237066,1.866759891355599,-1.1348437579591326,-0.29092794678635403,0.1735334099579943,-2.6314902305603027,-1.1759872436523438,0.05905957147479057,-1.5580563923711914,-1.137094196290774,0.11447383848320372,-0.15919318748070838,0.21812789493196683,-0.0690292712992342,0.2715194756341688,-0.015597789605964444,3.1296226978302,-3.107543095149897,0.046019514199489464,0
1780808654.9325356,FLY,spline,1,117,-18.956391655338432,-0.1895164473551338,-2.172230285938817,-18.979999542236328,0.4451855421066284,-2.124086856842041,0.023607886897895725,-0.6347019894617623,-0.048143429096775936,0.6351408881110575,4.44506594237066,1.866759891355599,-1.1204370717659708,-0.270580018442949,0.17537981323556287,-2.6314902305603027,-1.1759872436523438,0.05905957147479057,-1.5673365525127454,-1.1123233180258558,0.1163202417607723,-0.15572526452361982,0.21942711735178438,-0.0693572160547884,0.2710794950344953,-0.015621053654316598,3.129404067993164,-3.107543095149897,0.0462381440365256,0
1780808654.9430394,FLY,spline,1,117,-18.956391655338432,-0.1895164473551338,-2.172230285938817,-18.998281478881836,0.4368652105331421,-2.1236572265625,0.04188982354340354,-0.6263816578882759,-0.04857305937631695,0.6277808046248011,4.425666869434916,1.8638500304152372,-1.1066884961878467,-0.24975019821760935,0.17682731416911782,-2.6325998306274414,-1.2212287187576294,0.06443707644939423,-1.5775277457815113,-1.2021456866613394,0.11239023771972359,-0.16830039613258752,0.22085388440941162,-0.06997305124460773,0.2707627360327027,-0.015643531701860544,3.128993511199951,-3.107543095149897,0.04664870082973849,0
1780808654.9538624,FLY,spline,1,118,-19.11651356643125,-0.19049609932348455,-2.1666130284038445,-19.07390594482422,0.40083983540534973,-2.121694326400757,-0.0426076216070328,-0.5913359347288343,-0.044918702003087674,0.592868954424696,4.345164593477264,1.8517746890215896,-1.0931224210059334,-0.228954051981909,0.17973968535116883,-2.632255792617798,-1.2868270874023438,0.07235351204872131,-1.58480783684764,-1.3293694877359774,0.10738617330244751,-0.18611172828303685,0.22187309715866962,-0.0750752341289278,0.2708487161550042,-0.015665008936521032,3.12882924079895,-3.104305910294684,0.05005015608595187,0
1780808654.9646099,FLY,spline,1,118,-19.11651356643125,-0.19049609932348455,-2.1666130284038445,-19.092187881469727,0.3917578160762787,-2.121171712875366,-0.024325684961524985,-0.5822539153997632,-0.0454413155284783,0.5827618389592801,4.325646926645861,1.8488470389968792,-1.0800656390981145,-0.20777711596242476,0.18220095068394546,-2.6308493614196777,-1.3260225057601929,0.07715027779340744,-1.590552690611316,-1.3873800442546642,0.10505067289053802,-0.194233206195653,0.22267737668558427,-0.07550581808278523,0.2704307151315379,-0.01568601907109914,3.128542184829712,-3.104305910294684,0.05033721205519015,0
1780808654.9753332,FLY,spline,1,118,-19.11651356643125,-0.19049609932348455,-2.1666130284038445,-19.092187881469727,0.3917578160762787,-2.121171712875366,-0.024325684961524985,-0.5822539153997632,-0.0454413155284783,0.5827618389592801,4.325646926645861,1.8488470389968792,-1.0670088571902958,-0.18660017994294054,0.18466221601672209,-2.6308493614196777,-1.3260225057601929,0.07715027779340744,-1.602053701816467,-1.3599550678223957,0.10751193822331465,-0.19039370949513543,0.22428751825430537,-0.07579835767934284,0.26968427420269636,-0.015707521458743802,3.128347158432007,-3.104305910294684,0.05053223845289523,0
1780808654.9861794,FLY,spline,1,118,-19.11651356643125,-0.19049609932348455,-2.1666130284038445,-19.16077995300293,0.3563574254512787,-2.1190624237060547,0.04426638657167814,-0.5468535247747632,-0.04755060469778982,0.5486422245313387,4.252236231530137,1.8378354347295205,-1.0547848876709482,-0.16488656485120773,0.1866854532341869,-2.6269688606262207,-1.384644627571106,0.0840478464961052,-1.601919004050078,-1.4770703655671884,0.1026376067380817,-0.2067898511794064,0.22426866056701092,-0.07591530199239216,0.2697451986881674,-0.01572804898009142,3.1282691955566406,-3.104305910294684,0.05061020132826144,0
1780808654.9977896,FLY,spline,1,118,-19.11651356643125,-0.19049609932348455,-2.1666130284038445,-19.17902374267578,0.34660154581069946,-2.118461847305298,0.0625101762445297,-0.537097645134184,-0.04815118109854666,0.5407230368153442,4.2326677358163325,1.8349001603724497,-1.0430562566160322,-0.1428822543385241,0.188488099189182,-2.623250961303711,-1.4221627712249756,0.08867260068655014,-1.6038249703005734,-1.5374402409509633,0.09981549850263186,-0.21524163373313487,0.2245354958420803,-0.07604583616445026,0.2693351787736308,-0.015748012079791946,3.1281821727752686,-3.104305910294684,0.05069722410963351,0
1780808655.0084963,FLY,spline,1,119,-19.276348424593383,-0.19187381207279425,-2.1597914877626363,-19.229999542236328,0.31859374046325684,-2.116694211959839,-0.04634888235705503,-0.5104675525360511,-0.04309727580279743,0.5125674015072498,4.177906004106971,1.8266859006160456,-1.0313378742744503,-0.12097811229076275,0.19129667114802423,-2.6186165809631348,-1.4587751626968384,0.09318864345550537,-1.6053907944999495,-1.5952617799233189,0.09810802769251886,-0.22333664918926466,0.22475471122999294,-0.0810354652932479,0.2689035108585681,-0.01576763368533045,3.128174066543579,-3.100987597107175,0.05402364352883193,0
1780808655.0190842,FLY,spline,1,119,-19.276348424593383,-0.19187381207279425,-2.1597914877626363,-19.2481632232666,0.30833005905151367,-2.116030216217041,-0.028185201326781595,-0.500203871124308,-0.04376127154559528,0.5009973236071971,4.15836232771784,1.823754349157676,-1.0199053830910778,-0.09890098099163758,0.193923155289095,-2.6158154010772705,-1.477674126625061,0.09552863985300064,-1.612400551985912,-1.614676041655601,0.09839451543609437,-0.22605464583178417,0.2257360772780277,-0.08094820409329673,0.26825469811649244,-0.015787312588417667,3.12823224067688,-3.100987597107175,0.05396546939553115,0
1780808655.0297167,FLY,spline,1,119,-19.276348424593383,-0.19187381207279425,-2.1597914877626363,-19.266326904296875,0.2979394495487213,-2.115351438522339,-0.010021520296508157,-0.48981326162151556,-0.04444004924029743,0.4899157704436147,4.138808007989404,1.8208212011984106,-1.0090135287996476,-0.07652193377239105,0.1962780981021981,-2.610311269760132,-1.5098708868026733,0.09968965500593185,-1.6122323350139816,-1.6703826100024903,0.09658844309626624,-0.23385356540034866,0.22571252690195745,-0.08085843949826499,0.2680794031472651,-0.01580663027703692,3.1282920837402344,-3.100987597107175,0.05390562633217666,0
1780808655.040429,FLY,spline,1,119,-19.276348424593383,-0.19187381207279425,-2.1597914877626363,-19.266326904296875,0.2979394495487213,-2.115351438522339,-0.010021520296508157,-0.48981326162151556,-0.04444004924029743,0.4899157704436147,4.138808007989404,1.8208212011984106,-0.9981216745082172,-0.05414288655314454,0.19863304091530115,-2.610311269760132,-1.5098708868026733,0.09968965500593185,-1.6267117072455313,-1.6549594695341467,0.0989433859093693,-0.23169432573478058,0.2277396390143744,-0.0806624594262435,0.2674330596452581,-0.015826418954218793,3.128422737121582,-3.100987597107175,0.053774972950829,0
1780808655.0510807,FLY,spline,1,119,-19.276348424593383,-0.19187381207279425,-2.1597914877626363,-19.311288833618164,0.27162107825279236,-2.113593816757202,0.034940409024780905,-0.4634948903255866,-0.04619767100543415,0.4648100101554898,4.090352653928664,1.8135528980892996,-0.9877481901565133,-0.03149606931641084,0.20075730348168377,-2.6040475368499756,-1.5411460399627686,0.1040598675608635,-1.6244945205914707,-1.7198297319802798,0.09669743592082028,-0.24077616247723918,0.22742923288280592,-0.08026620774777671,0.2670125688046886,-0.015845758441402957,3.1286869049072266,-3.100987597107175,0.05351080516518447,0
1780808655.0617456,FLY,spline,1,119,-19.276348424593383,-0.19187381207279425,-2.1597914877626363,-19.329336166381836,0.2608007788658142,-2.112851619720459,0.05298774178845278,-0.45267459093860846,-0.04693986804217731,0.45576527518150856,4.070881403353255,1.8106322105029882,-0.9777017997468995,-0.008691904684428698,0.2027673072565745,-2.600121021270752,-1.5587217807769775,0.10657493025064468,-1.628466943892082,-1.7519979281524365,0.09619237700592981,-0.24527970994134113,0.2279853721448915,-0.08026620774777671,0.2670337350424786,-0.015864996916804142,3.1286869049072266,-3.100987597107175,0.05351080516518447,0
1780808655.0725968,FLY,spline,1,119,-19.276348424593383,-0.19187381207279425,-2.1597914877626363,-19.347381591796875,0.24985350668430328,-2.1120946407318115,0.07103316720349184,-0.44172731875709753,-0.047696847030824774,0.447402207168554,4.051405232311226,1.8077107848466838,-0.9684646508890749,0.014470372909056669,0.2045516776387304,-2.5913283824920654,-1.5936639308929443,0.11205114424228668,-1.6209651328814583,-1.824570885935719,0.09250053339644371,-0.2554399240310007,0.22693511860340418,-0.07942292123349448,0.2664626660769256,-0.01588349702348343,3.129249095916748,-3.100987597107175,0.05294861415566299,0
1780808655.0835547,FLY,spline,1,120,-19.435889804418526,-0.19365989427681474,-2.1517438111968534,-19.385000228881836,0.2265917956829071,-2.1104443073272705,-0.050889575536690046,-0.42025168995972184,-0.04129950386958292,0.4233216647093634,4.010777514778661,1.801616627216799,-0.9588836428781855,0.03735674288105537,0.20762061149270478,-2.586437225341797,-1.6110209226608276,0.11493458598852158,-1.6251628941733687,-1.8539214543863578,0.0926860255041832,-0.2595490036140901,0.22752280518427165,-0.08420289692340255,0.26616772085130963,-0.01590203422858427,3.129462718963623,-3.0975873236003615,0.0561352646156017,0
1780808655.0944622,FLY,spline,1,120,-19.435889804418526,-0.19365989427681474,-2.1517438111968534,-19.420820236206055,0.20387694239616394,-2.1087939739227295,-0.015069568212471296,-0.3975368366729787,-0.042949837274123936,0.39782235784086956,3.9720662267901656,1.7958099340185247,-0.9500290392483798,0.06058808529439513,0.21024753445183264,-2.5763003826141357,-1.6433546543121338,0.12024600058794022,-1.615977799711334,-1.9199780303262965,0.09000153386389242,-0.2687969242456815,0.2262368919595868,-0.08386279282031417,0.2661103074519245,-0.015920034535357046,3.1296894550323486,-3.0975873236003615,0.05590852854687611,0
1780808655.1055887,FLY,spline,1,120,-19.435889804418526,-0.19365989427681474,-2.1517438111968534,-19.438671112060547,0.1923535168170929,-2.1079394817352295,0.0027813076420208915,-0.38601341109390763,-0.043804329461623936,0.38602343091651015,3.952767631079176,1.7929151446618765,-0.9419808527680589,0.08414038972942532,0.21259607659061514,-2.5657591819763184,-1.672868013381958,0.12525348365306854,-1.606547643994748,-1.9772236929830582,0.08734259293754659,-0.2768113170176282,0.22491667015926473,-0.08350266155658126,0.26605554335116416,-0.015937503053944556,3.129929542541504,-3.0975873236003615,0.05566844103772084,0
1780808655.1161082,FLY,spline,1,120,-19.435889804418526,-0.19365989427681474,-2.1517438111968534,-19.470584869384766,0.17145507037639618,-2.1063623428344727,0.03469506496623964,-0.3651149646532109,-0.04538146836238077,0.3667597100919443,3.9182652936320026,1.7877397940448003,-0.9339909493172476,0.10772464200530009,0.21481969693469585,-2.5604617595672607,-1.6864173412322998,0.12761251628398895,-1.6120779308282969,-1.997294673217689,0.0872071806507069,-0.2796212542504765,0.22569091031596158,-0.08232284721789718,0.2653753945909299,-0.015954944490074698,3.13071608543396,-3.0975873236003615,0.054881898145264785,0
1780808655.1268995,FLY,spline,1,120,-19.435889804418526,-0.19365989427681474,-2.1517438111968534,-19.50601577758789,0.14772459864616394,-2.1045360565185547,0.07012597316936464,-0.3413844929229787,-0.04720775467829874,0.34851258818187575,3.879954651592321,1.7819931977388481,-0.9266621090530125,0.13154126029620153,0.21683384528246605,-2.5479354858398438,-1.7158164978027344,0.13269120454788208,-1.598489881210915,-2.0580363136160766,0.08414264073458397,-0.28812508390625075,0.22378858336952812,-0.08182431396899581,0.2653713529879385,-0.015971773018221613,3.1310484409332275,-3.0975873236003615,0.05454954264599721,0
1780808655.1374338,FLY,spline,1,120,-19.435889804418526,-0.19365989427681474,-2.1517438111968534,-19.50601577758789,0.14772459864616394,-2.1045360565185547,0.07012597316936464,-0.3413844929229787,-0.04720775467829874,0.34851258818187575,3.879954651592321,1.7819931977388481,-0.9193332687887774,0.15535787858710295,0.21884799363023624,-2.5479354858398438,-1.7158164978027344,0.13269120454788208,-1.6157641988078533,-2.051911680835329,0.08615678908235416,-0.2872676353169461,0.22620698783309948,-0.08128358063159347,0.26496494359888373,-0.015989004376038084,3.131408929824829,-3.0975873236003615,0.054189053754395644,0
1780808655.1477723,FLY,spline,1,121,-19.59513128050041,-0.19586465460929764,-2.142448145888156,-19.560781478881836,0.11001952737569809,-2.101557493209839,-0.034349801618574816,-0.30588418198499573,-0.04089065267831726,0.30780682523275116,3.8207583354994576,1.7731137503249186,-0.9127248449221964,0.1792868997452781,0.22180276611068359,-2.5264904499053955,-1.7590283155441284,0.1402314305305481,-1.581543156925389,-2.1486737257108617,0.08157133558013549,-0.30081432159952065,0.2214160419695545,-0.08524327304433843,0.26484371999792317,-0.01600531864315411,3.1322522163391113,-3.094104242144249,0.05682884869622562,0
1780808655.1587958,FLY,spline,1,121,-19.59513128050041,-0.19586465460929764,-2.142448145888156,-19.595703125,0.08532226085662842,-2.099560499191284,0.0005718444995892469,-0.28118691546592606,-0.04288764669687195,0.28118749693998407,3.7830395494628304,1.7674559324194246,-0.9072329826995585,0.2035416648239524,0.22436124618797246,-2.506148099899292,-1.7934379577636719,0.14659453928470612,-1.5538210596374087,-2.2174563740764017,0.07776670690326634,-0.31044389237069625,0.21753494834923723,-0.08393220927785894,0.2647179877203888,-0.016020871984534765,3.1331262588500977,-3.094104242144249,0.05595480618523929,0
1780808655.1696525,FLY,spline,1,121,-19.59513128050041,-0.19586465460929764,-2.142448145888156,-19.595703125,0.08532226085662842,-2.099560499191284,0.0005718444995892469,-0.28118691546592606,-0.04288764669687195,0.28118749693998407,3.7830395494628304,1.7674559324194246,-0.9017411204769207,0.2277964299026267,0.22691972626526133,-2.506148099899292,-1.7934379577636719,0.14659453928470612,-1.5764024275019908,-2.2070213318346803,0.08032518698055521,-0.3089829864568553,0.22069633985027873,-0.0822252514607813,0.264055079319342,-0.016036937021930875,3.1342642307281494,-3.094104242144249,0.054816834307187534,0
1780808655.1804018,FLY,spline,1,121,-19.59513128050041,-0.19586465460929764,-2.142448145888156,-19.636444091796875,0.055888671427965164,-2.0971336364746094,0.04131281129646425,-0.2517533260372628,-0.045314509413546755,0.25512053141219665,3.739082728747191,1.7608624093120786,-0.8965604927943818,0.252146361085758,0.22920925638991183,-2.492523193359375,-1.8136882781982422,0.15050260722637177,-1.5622540834274832,-2.2519440304449327,0.07870664916354006,-0.3152721642622906,0.21871557167984768,-0.08142416503500005,0.26399211703976116,-0.016052678351763584,3.134798288345337,-3.094104242144249,0.054282776690000034,0
1780808655.1912189,FLY,spline,1,121,-19.59513128050041,-0.19586465460929764,-2.142448145888156,-19.6708984375,0.030458983033895493,-2.0949950218200684,0.07576715699958925,-0.22632363764319313,-0.04745312406808777,0.23866933409185143,3.701958597864242,1.7552937896796363,-0.8921377841951168,0.27666329729567996,0.23129719497248705,-2.4754066467285156,-1.836594820022583,0.15520106256008148,-1.5407939561726935,-2.3026309361659245,0.07609613241240556,-0.3223683310632295,0.2157111538641771,-0.08058803107809087,0.26401786603545957,-0.016067897578246067,3.1353557109832764,-3.094104242144249,0.05372535405206058,0
1780808655.2020314,FLY,spline,1,121,-19.59513128050041,-0.19586465460929764,-2.142448145888156,-19.6708984375,0.030458983033895493,-2.0949950218200684,0.07576715699958925,-0.22632363764319313,-0.04745312406808777,0.23866933409185143,3.701958597864242,1.7552937896796363,-0.8877150755958518,0.3011802335056019,0.23338513355506227,-2.4754066467285156,-1.836594820022583,0.15520106256008148,-1.56029652350265,-2.3018650823944826,0.07818407099498079,-0.3222611115352276,0.21844151329037104,-0.07972149875234624,0.26367762195697153,-0.016083534392445063,3.1359333992004395,-3.094104242144249,0.053147665834897495,0
1780808655.2128685,FLY,spline,1,122,-19.754066427432747,-0.1984984017439947,-2.1318826390182055,-19.73699188232422,-0.019716795533895493,-2.090654134750366,-0.017074545108528127,-0.1787816062100992,-0.041228504267839305,0.1795951079782691,3.6309128829096804,1.744636932436452,-0.8845503579704541,0.32579769625277233,0.2363793096092002,-2.4395527839660645,-1.8767238855361938,0.16462577879428864,-1.496387065106583,-2.394718303933806,0.07175353081491156,-0.33526056255073283,0.20949418911492163,-0.08242339302882629,0.2637688203417434,-0.016097885098608045,3.1376988887786865,-3.0905374897150155,0.05494892868588419,0
1780808655.223184,FLY,spline,1,122,-19.754066427432747,-0.1984984017439947,-2.1318826390182055,-19.73699188232422,-0.019716795533895493,-2.090654134750366,-0.017074545108528127,-0.1787816062100992,-0.041228504267839305,0.1795951079782691,3.6309128829096804,1.744636932436452,-0.8813856403450563,0.35041515899994274,0.23937348566333813,-2.4395527839660645,-1.8767238855361938,0.16462577879428864,-1.519672669196559,-2.392087120485012,0.0747477068690495,-0.33489219686790167,0.21275417368751828,-0.08146673848018127,0.2633927779183411,-0.016112834639981855,3.138336658477783,-3.0905374897150155,0.05431115898678751,0
1780808655.2340324,FLY,spline,1,122,-19.754066427432747,-0.1984984017439947,-2.1318826390182055,-19.75386619567871,-0.03281249850988388,-2.089492082595825,-0.00020023175403593996,-0.1656859032341108,-0.04239055642238032,0.16568602422430945,3.6128186885837086,1.7419228032875562,-0.8787382654904754,0.37511980669905104,0.24214328501388233,-2.429750442504883,-1.886151671409607,0.1670352965593338,-1.514625082570536,-2.4181798701581125,0.07510798845454852,-0.3385451818221358,0.21204751155987506,-0.0804947059331842,0.26324021215384974,-0.016127856237672766,3.1389846801757812,-3.0905374897150155,0.053663137288789464,0
1780808655.24473,FLY,spline,1,122,-19.754066427432747,-0.1984984017439947,-2.1318826390182055,-19.80078125,-0.0698535144329071,-2.0861523151397705,0.04671482256725312,-0.12864488731108759,-0.04573032387843501,0.1368640993057433,3.5626273492477956,1.7343941023871694,-0.8774581228207867,0.3999795419404961,0.2444573287624958,-2.401008129119873,-1.9105228185653687,0.17367053031921387,-1.466107676025142,-2.478675135276968,0.07078679844328192,-0.34701451893877555,0.20525507464351989,-0.07865792919978576,0.2633993959110665,-0.016142013597361424,3.140209197998047,-3.0905374897150155,0.05243861946652384,0
1780808655.255532,FLY,spline,1,123,-19.912688819809254,-0.20157144435465757,-2.1200254377686623,-19.833906173706055,-0.09655272960662842,-2.083691358566284,-0.07878264610319974,-0.10501871474802915,-0.03633407920237808,0.13128456030451535,3.527306770015339,1.729096015502301,-0.8767997554595492,0.4247285421852698,0.24792914950986308,-2.379427671432495,-1.9260673522949219,0.17841054499149323,-1.4398686955020645,-2.5153574563756242,0.06951860451836986,-0.3521500438925874,0.20158161737028904,-0.0819657731275194,0.26333664599946377,-0.016155917318265097,-3.1415300369262695,-3.08688618817459,0.0546438487516796,0
1780808655.2662034,FLY,spline,1,123,-19.912688819809254,-0.20157144435465757,-2.1200254377686623,-19.833906173706055,-0.09655272960662842,-2.083691358566284,-0.07878264610319974,-0.10501871474802915,-0.03633407920237808,0.13128456030451535,3.527306770015339,1.729096015502301,-0.8761413880983119,0.44947754243004345,0.25140097025723035,-2.379427671432495,-1.9260673522949219,0.17841054499149323,-1.4621035195934196,-2.519300320736418,0.07299042526573712,-0.3527020449030986,0.20469449274307877,-0.0808281588773363,0.262986738188865,-0.016170515403318243,-3.1407716274261475,-3.08688618817459,0.05388543925155753,0
1780808655.2769701,FLY,spline,1,123,-19.912688819809254,-0.20157144435465757,-2.1200254377686623,-19.880428314208984,-0.13481445610523224,-2.080087900161743,-0.03226050560027005,-0.06675698824942533,-0.039937537606919093,0.07414334563343473,3.477893793291585,1.7216840689937378,-0.8771642051212651,0.47430665200016175,0.25413394725907584,-2.347189426422119,-1.94542396068573,0.18498475849628448,-1.4057605878455302,-2.570991279428531,0.06914918876279136,-0.35993877911999433,0.19680648229837425,-0.07860514404579333,0.2631965544213763,-0.0161843452410708,-3.139289617538452,-3.08688618817459,0.05240342936386222,0
1780808655.2878456,FLY,spline,1,123,-19.912688819809254,-0.20157144435465757,-2.1200254377686623,-19.91277313232422,-0.16196288168430328,-2.0774755477905273,8.431251496432424e-05,-0.039608562670354286,-0.042549889978134914,0.03960865240590195,3.4436883787905073,1.716553256818576,-0.8792298783741872,0.49910213998487013,0.25656638834003664,-2.3234176635742188,-1.9571397304534912,0.18943840265274048,-1.374568550997229,-2.602671349791549,0.06712798568729617,-0.3643739889708169,0.19243959713961206,-0.07600411655708483,0.26329407898849794,-0.01619777083820826,-3.1375555992126465,-3.08688618817459,0.050669411038056555,0
1780808655.298736,FLY,spline,1,123,-19.912688819809254,-0.20157144435465757,-2.1200254377686623,-19.9288272857666,-0.17558594048023224,-2.0761425495147705,0.016138465957347137,-0.02598550387442533,-0.04388288825389175,0.030589156494814078,3.426762023192232,1.7140143034788349,-0.8838353352028778,0.5235679700887889,0.25884957136494985,-2.300447702407837,-1.9665685892105103,0.19349904358386993,-1.338061187514135,-2.6318000454509045,0.06535052778107991,-0.3684520063631267,0.1873285662519789,-0.07600411655708483,0.263423205515439,-0.016210840943764477,-3.1375555992126465,-3.08688618817459,0.050669411038056555,0
1780808655.3095973,FLY,spline,1,123,-19.912688819809254,-0.20157144435465757,-2.1200254377686623,-19.972225189208984,-0.21295897662639618,-2.072436571121216,0.05953636939972995,0.01138753227173861,-0.04758886664744644,0.06061563472026825,3.3811932538806864,1.7071789880821029,-0.8874616176278589,0.5482188003647408,0.26089570002182516,-2.2767136096954346,-1.9745625257492065,0.1973792463541031,-1.313940351935269,-2.6551052301935902,0.06351645366772207,-0.37171473222710266,0.18395164927093768,-0.07080885650917224,0.26358221010080496,-0.01622354423449802,-3.134092092514038,-3.08688618817459,0.04720590433944816,0
1780808655.3205156,FLY,spline,1,124,-20.070992032223646,-0.20509409111503796,-2.106854689321187,-19.98792839050293,-0.22669921815395355,-2.071049690246582,-0.08306364172071667,0.021605127038915595,-0.03580499907460499,0.08582744368950566,3.3647746002140795,1.7047161900321117,-0.8916794159724251,0.5725183849718939,0.2649871991412656,-2.2636849880218506,-1.9782634973526,0.19936911761760712,-1.3072770492593753,-2.672895590122047,0.0656180815236585,-0.3742053826170866,0.18301878689631257,-0.07497916888794842,0.26343507731453064,-0.016236667850802754,-3.1331355571746826,-3.083149444582717,0.049986112591965615,0
1780808655.3313231,FLY,spline,1,124,-20.070992032223646,-0.20509409111503796,-2.106854689321187,-19.98792839050293,-0.22669921815395355,-2.071049690246582,-0.08306364172071667,0.021605127038915595,-0.03580499907460499,0.08582744368950566,3.3647746002140795,1.7047161900321117,-0.8958972143169911,0.596817969579047,0.2690786982607061,-2.2636849880218506,-1.9782634973526,0.19936911761760712,-1.3268991559573737,-2.6850186392406714,0.06970958064309896,-0.37590260949369403,0.18576588183403234,-0.07354186248383465,0.2631394227006314,-0.016250609766931375,-3.1321773529052734,-3.083149444582717,0.049027908322556435,0
1780808655.341888,FLY,spline,1,124,-20.070992032223646,-0.20509409111503796,-2.106854689321187,-20.00355339050293,-0.24045898020267487,-2.069653272628784,-0.06743864172071667,0.03536488908763691,-0.037201416692402844,0.07614883963210502,3.348480404853556,1.7022720607280335,-0.908395707852139,0.6170871449060558,0.27177822578914784,-2.238090753555298,-1.9841663837432861,0.20298773050308228,-1.2679688136349199,-2.7042566518751348,0.06879049528606557,-0.3785959312625189,0.1775156339088888,-0.07087717723450604,0.2633152556245403,-0.016264367865988588,-3.1304008960723877,-3.083149444582717,0.04725145148967069,0
1780808655.352562,FLY,spline,1,124,-20.070992032223646,-0.20509409111503796,-2.106854689321187,-20.047344207763672,-0.2795703113079071,-2.065620183944702,-0.023647824459974487,0.07447622019286915,-0.041234505376484876,0.07814043112183665,3.303047461690173,1.695457119253526,-0.9126092722992428,0.641660031871128,0.2736273068722504,-2.2117531299591064,-1.9884905815124512,0.20655257999897003,-1.2313825308377686,-2.731956014820851,0.06707472687328037,-0.3824738420749192,0.17239355431728762,-0.06940375041565838,0.26352159689851956,-0.016277782811363245,-3.1294186115264893,-3.083149444582717,0.046269166943772255,0
1780808655.3632386,FLY,spline,1,124,-20.070992032223646,-0.20509409111503796,-2.106854689321187,-20.07777214050293,-0.3072167932987213,-2.0627098083496094,0.006780108279283326,0.10212270218368336,-0.04414488097157765,0.10234752644581153,3.271698184930035,1.6907547277395052,-0.928125600044296,0.6611887207944267,0.2753225597280574,-2.172145366668701,-1.9919188022613525,0.21197335422039032,-1.1461388915511395,-2.7463000305750005,0.0633492055076671,-0.3844820042805001,0.16045944481715954,-0.06640074920258465,0.2640163185645398,-0.016290452652464777,-3.1274166107177734,-3.083149444582717,0.044267166135056435,0
1780808655.3740094,FLY,spline,1,124,-20.070992032223646,-0.20509409111503796,-2.106854689321187,-20.116483688354492,-0.34296873211860657,-2.0588769912719727,0.045491656130845826,0.1378746410035686,-0.04797769804921437,0.14518576861865645,3.2321015474250134,1.684815232113752,-0.9357899789550699,0.684920177137287,0.2770762061459528,-2.1459097862243652,-1.9923207759857178,0.2154206484556198,-1.1174061230018335,-2.7653122854335055,0.061655557690332985,-0.3871437199606908,0.15643685722025671,-0.06397281360230389,0.2643422586059542,-0.016302783764002845,-3.125797986984253,-3.083149444582717,0.04264854240153593,0
1780808655.3848684,FLY,spline,1,124,-20.070992032223646,-0.20509409111503796,-2.106854689321187,-20.116483688354492,-0.34296873211860657,-2.0588769912719727,0.045491656130845826,0.1378746410035686,-0.04797769804921437,0.14518576861865645,3.2321015474250134,1.684815232113752,-0.9366241348100529,0.6875030000230196,0.2772670649805808,-2.1459097862243652,-1.9923207759857178,0.2154206484556198,-1.1617921570210428,-2.736363998029855,0.06184641652496098,-0.3830909597241797,0.16265090198294602,-0.060862166400765805,0.2646140582351656,-0.016315153047307837,-3.1237242221832275,-3.083149444582717,0.040574777600510537,0
1780808655.395541,FLY,spline,1,124,-20.070992032223646,-0.20509409111503796,-2.106854689321187,-20.131288528442383,-0.3568066358566284,-2.057368040084839,0.06029649621873645,0.15171254474159046,-0.04948664923634816,0.16325551656291798,3.2170489645914433,1.6825573446887165,-0.9423127323213935,0.6955878792148072,0.27792113721405204,-2.1310017108917236,-1.9919543266296387,0.21730349957942963,-1.1453447542575874,-2.730578984375862,0.06061763763462241,-0.38228105781262073,0.16034826559606224,-0.060862166400765805,0.2647002370188658,-0.01632727657483476,-3.1237242221832275,-3.083149444582717,0.040574777600510537,0
1780808655.4081194,FLY,spline,1,125,-20.22896963926964,-0.2090766506988877,-2.09234854085744,-20.174842834472656,-0.3980664014816284,-2.052783250808716,-0.05412680479698295,0.18898975078274072,-0.03956529004872422,0.19658798767588304,3.173080293920702,1.6759620440881053,-0.9583927898700306,0.7136532483595234,0.2842515548067276,-2.085434913635254,-1.988228678703308,0.22305245697498322,-1.0405187796274482,-2.7440505565988325,0.061199097831744376,-0.3841670779238366,0.14567262914784276,-0.06503397098096375,0.2648063511865777,-0.01633951639440111,-3.1226823329925537,-3.079326352338578,0.043355980653975834,0
1780808655.4190285,FLY,spline,1,125,-20.22896963926964,-0.2090766506988877,-2.09234854085744,-20.203475952148438,-0.4256347417831421,-2.0496435165405273,-0.025493687121201702,0.2165580910842544,-0.0427050243169127,0.21805351383797958,3.1444484016457923,1.6716672602468687,-0.9737409621915062,0.7291848987541214,0.2863634489684184,-2.0540647506713867,-1.9835338592529297,0.22709257900714874,-0.9906622699330615,-2.746616940321142,0.05927086996126968,-0.3845263716449599,0.1386927177906286,-0.058904944567999884,0.2657457303141303,-0.016351370568393364,-3.118596315383911,-3.079326352338578,0.039269963045333256,0
1780808655.4294584,FLY,spline,1,125,-20.22896963926964,-0.2090766506988877,-2.09234854085744,-20.21761703491211,-0.4393847584724426,-2.048051595687866,-0.011352604357529827,0.23030810777355493,-0.04429694516957383,0.23058774063669127,3.130393017445776,1.6695589526168664,-0.9898702174547799,0.730121669219518,0.28698921710775943,-2.023418426513672,-1.9773833751678467,0.2311120480298996,-0.9330453482872165,-2.719679040654279,0.055877169077859834,-0.38075506569159906,0.13062634876021031,-0.058904944567999884,0.2660060509509875,-0.016362546002208937,-3.118596315383911,-3.079326352338578,0.039269963045333256,0
1780808655.4401793,FLY,spline,1,125,-20.22896963926964,-0.2090766506988877,-2.09234854085744,-20.243202209472656,-0.4644531011581421,-2.045107364654541,0.014232570203017048,0.2553764504592544,-0.04724117620289903,0.25577274581892384,3.105114246993402,1.6657671370490104,-0.9940718986836667,0.7457332737483379,0.28807824477058486,-2.00856876373291,-1.9738720655441284,0.233047753572464,-0.9433017904642516,-2.735295664421642,0.05503049119812087,-0.3829413930190299,0.13206225066499522,-0.05736964812787537,0.26629632395697145,-0.016373552100448562,-3.117572784423828,-3.079326352338578,0.03824643208525025,0
1780808655.450914,FLY,spline,1,125,-20.22896963926964,-0.2090766506988877,-2.09234854085744,-20.270742416381836,-0.49177733063697815,-2.041826009750366,0.041772777112196735,0.28270067993809045,-0.05052253110707383,0.2857702562288873,3.0781309284256566,1.6617196392638485,-1.0094538404898565,0.7558626001714661,0.28917381535132164,-1.9756172895431519,-1.9649465084075928,0.2373468279838562,-0.8887033299895761,-2.7247542111922285,0.05182698736746544,-0.381465589566912,0.12441846619854068,-0.051441966204962775,0.2675216492190872,-0.016383917497922056,-3.1136209964752197,-3.079326352338578,0.03429464413664185,0
1780808655.4615512,FLY,spline,1,125,-20.22896963926964,-0.2090766506988877,-2.09234854085744,-20.28433609008789,-0.5053905844688416,-2.0401611328125,0.05536645081825142,0.29631393376995385,-0.05218740804494004,0.30144218553884333,3.0649031259970614,1.6597354688995591,-1.02709599309217,0.754003194911399,0.2896835456989709,-1.9438014030456543,-1.954843282699585,0.24145010113716125,-0.8279731544036779,-2.691015195276767,0.04823344456180967,-0.3767421273387474,0.11591624161651493,-0.04987162223371033,0.26807979509590457,-0.01639356418683442,-3.1125741004943848,-3.079326352338578,0.03324774815580689,0
1780808655.4720964,FLY,spline,1,126,-20.386615215540946,-0.21352943177995834,-2.076485139559084,-20.30843734741211,-0.5296972393989563,-2.0371434688568115,-0.07817786812883654,0.316167807618998,-0.03934167070227268,0.32568982428036264,3.0416059700638653,1.6562408955095798,-1.032505121289354,0.7658112938280186,0.2956649192193231,-1.9285733699798584,-1.9495080709457397,0.24336272478103638,-0.8381390668273612,-2.7020326626856623,0.05230219443828671,-0.37828457277599276,0.11733946935583058,-0.05293024962607751,0.26827549210214546,-0.016404024625722075,-3.1107046604156494,-3.0754178273315977,0.03528683308405167,0
1780808655.4829962,FLY,spline,1,126,-20.386615215540946,-0.21352943177995834,-2.076485139559084,-20.334882736206055,-0.556640625,-2.0337207317352295,-0.051732479334891224,0.3431111932200417,-0.04276440782385471,0.34698925103094436,3.0162804040169258,1.6524420606025387,-1.0498262614994491,0.7725955013852944,0.2967331402293969,-1.8941832780838013,-1.9363764524459839,0.24756301939487457,-0.7691637907921273,-2.6860954572657714,0.049170120834522324,-0.376053364017208,0.10768293071089782,-0.05138994639579186,0.2688275723179117,-0.01641385864988898,-3.109677791595459,-3.0754178273315977,0.03425996426386124,0
1780808655.493969,FLY,spline,1,126,-20.386615215540946,-0.21352943177995834,-2.076485139559084,-20.347929000854492,-0.5700390338897705,-2.031987190246582,-0.038686214686453724,0.3565096021098122,-0.04449794931250217,0.3586024534261624,3.0038820827999593,1.6505823124199939,-1.0691438917222431,0.767683068366195,0.2972296021630395,-1.8609271049499512,-1.922236442565918,0.25155287981033325,-0.7032641144841933,-2.645547447365363,0.045676722352706256,-0.3703766426311509,0.09845697602778708,-0.04987074320975671,0.2694201896734252,-0.016422993994359522,-3.1086649894714355,-3.0754178273315977,0.033247162139837805,0
1780808655.5051136,FLY,spline,1,126,-20.386615215540946,-0.21352943177995834,-2.076485139559084,-20.371171951293945,-0.5941210985183716,-2.028818368911743,-0.015443264247000599,0.38059166673841327,-0.04766677064734104,0.3809048584637982,2.9819581731890747,1.6472937259783613,-1.0754659568963183,0.7797361304760746,0.29805962613961956,-1.8449674844741821,-1.9149624109268188,0.2534545958042145,-0.7102923273891344,-2.662009583050788,0.04460503033540508,-0.37268134162711036,0.09944092583447882,-0.04836012309256921,0.26983192994994465,-0.0164319150004266,-3.1076579093933105,-3.0754178273315977,0.032240082061712805,0
1780808655.5159242,FLY,spline,1,126,-20.386615215540946,-0.21352943177995834,-2.076485139559084,-20.371171951293945,-0.5941210985183716,-2.028818368911743,-0.015443264247000599,0.38059166673841327,-0.04766677064734104,0.3809048584637982,2.9819581731890747,1.6472937259783613,-1.0754659568963183,0.7797361304760746,0.29805962613961956,-1.8449674844741821,-1.9149624109268188,0.2534545958042145,-0.7654479925171149,-2.6606341193856338,0.04460503033540508,-0.3724887767139888,0.1071627189523961,-0.04267026370231042,0.2711879637089274,-0.01644083600649368,-3.1038646697998047,-3.0754178273315977,0.028446842468206945,0
1780808655.52662,FLY,spline,1,126,-20.386615215540946,-0.21352943177995834,-2.076485139559084,-20.39644432067871,-0.6205371022224426,-2.025258779525757,0.009829105137765026,0.4070076704424843,-0.05122636003332737,0.40712633801662496,2.9583658563342317,1.6437548784501348,-1.0946275607346392,0.7831275833316138,0.2988844628135253,-1.809279441833496,-1.897643804550171,0.25764572620391846,-0.6752531505835427,-2.635504305022996,0.04123873660960686,-0.36897060270321946,0.094535441081696,-0.04267026370231042,0.2714490194596693,-0.016449083753815603,-3.1038646697998047,-3.0754178273315977,0.028446842468206945,0
1780808655.5372767,FLY,spline,1,126,-20.386615215540946,-0.21352943177995834,-2.076485139559084,-20.430898666381836,-0.6570507884025574,-2.0201854705810547,0.044283450840890026,0.44352135662259906,-0.056299668978029516,0.4457266177812676,2.92664237883085,1.6389963568246275,-1.1195311930569007,0.7851435592814491,0.2997475607959696,-1.7584632635116577,-1.87045156955719,0.2632123827934265,-0.5512676291461611,-2.590815518678266,0.03653517800254308,-0.3627141726149573,0.07717746808046257,-0.04118431990805993,0.2721992160928996,-0.016456390789416114,-3.1028740406036377,-3.0754178273315977,0.027456213272039953,0
1780808655.5481935,FLY,spline,1,127,-20.543922335631297,-0.21846274303200167,-2.059242632607778,-20.45492172241211,-0.682812511920929,-2.016489267349243,-0.08900061321918784,0.4643497688889273,-0.04275336525853479,0.47280209075319424,2.9048378304406217,1.635725674566093,-1.1438322269668735,0.7833873574918244,0.3053489451052696,-1.7214640378952026,-1.8489147424697876,0.2669006586074829,-0.47855740763720056,-2.554938295152655,0.0384482864977867,-0.35769136132137175,0.06699803706920808,-0.04303385565553497,0.2731851588035512,-0.01646408044671567,-3.1001198291778564,-3.0714305920741665,0.02868923710368998,0
1780808655.5594306,FLY,spline,1,127,-20.543922335631297,-0.21846274303200167,-2.059242632607778,-20.45492172241211,-0.682812511920929,-2.016489267349243,-0.08900061321918784,0.4643497688889273,-0.04275336525853479,0.47280209075319424,2.9048378304406217,1.635725674566093,-1.1444306958372983,0.7833441069821889,0.3054868920812222,-1.7214640378952026,-1.8489147424697876,0.2669006586074829,-0.5419973925623249,-2.5697287406549543,0.038586233473739295,-0.35976202369169363,0.0758796349587255,-0.04160692045961212,0.27359363589895164,-0.01647179769341042,-3.099168539047241,-3.0714305920741665,0.027737946973074745,0
1780808655.5700464,FLY,spline,1,127,-20.543922335631297,-0.21846274303200167,-2.059242632607778,-20.46675682067871,-0.6955761313438416,-2.0146238803863525,-0.07716551495258628,0.4771133883118399,-0.04461875222142542,0.4833132545299191,2.8941939855967176,1.6341290978395075,-1.1668155599406949,0.7722175866424964,0.30583099119903295,-1.6856884956359863,-1.8267182111740112,0.27024880051612854,-0.4612572655231827,-2.5114574660019477,0.03558219068290441,-0.3516040452402727,0.06457601717324558,-0.03780891249452423,0.2750456671025081,-0.016478914131547,-3.0966365337371826,-3.0714305920741665,0.02520594166301615,0
1780808655.58071,FLY,spline,1,127,-20.543922335631297,-0.21846274303200167,-2.059242632607778,-20.510663986206055,-0.7434862852096558,-2.007397413253784,-0.03325834942524253,0.5250235421776541,-0.05184521935399378,0.5260758858256692,2.8553092407251675,1.6282963861087751,-1.1915689191460739,0.7756162874477118,0.30667954342848414,-1.630319356918335,-1.789815068244934,0.2748713195323944,-0.33615227389426416,-2.463914113388543,0.03180822389608973,-0.344947975874396,0.04706131834519699,-0.03651108095918487,0.275783699626204,-0.01648527577632622,-3.095771312713623,-3.0714305920741665,0.02434072063945658,0
1780808655.5911949,FLY,spline,1,127,-20.543922335631297,-0.21846274303200167,-2.059242632607778,-20.510663986206055,-0.7434862852096558,-2.007397413253784,-0.03325834942524253,0.5250235421776541,-0.05184521935399378,0.5260758858256692,2.8553092407251675,1.6282963861087751,-1.1981175681930374,0.7765154340485558,0.3069040329897832,-1.630319356918335,-1.789815068244934,0.2748713195323944,-0.3898600098984365,-2.4898381176702253,0.032032713457388784,-0.3485773364738316,0.054580401385781116,-0.03523721049104522,0.2762074233636897,-0.016491682319017698,-3.0949220657348633,-3.0714305920741665,0.023491473660696816,0
1780808655.6016102,FLY,spline,1,127,-20.543922335631297,-0.21846274303200167,-2.059242632607778,-20.510663986206055,-0.7434862852096558,-2.007397413253784,-0.03325834942524253,0.5250235421776541,-0.05184521935399378,0.5260758858256692,2.8553092407251675,1.6282963861087751,-1.1981175681930374,0.7765154340485558,0.3069040329897832,-1.630319356918335,-1.789815068244934,0.2748713195323944,-0.4404392576616363,-2.5055302508887083,0.032032713457388784,-0.3507742351244192,0.061661496072629086,-0.03398050616060089,0.27665710776837665,-0.016498088861709177,-3.0940842628479004,-3.0714305920741665,0.022653670773733925,0
1780808655.612556,FLY,spline,1,127,-20.543922335631297,-0.21846274303200167,-2.059242632607778,-20.542030334472656,-0.7781933546066284,-2.0019383430480957,-0.0018920011586409657,0.5597306115746268,-0.05730428955968225,0.5597338092362208,2.8281400146704354,1.6242210022005652,-1.2223960317339502,0.7705665358452675,0.30731246690057173,-1.5754433870315552,-1.7502591609954834,0.27869632840156555,-0.2992615546992041,-2.4245778459866205,0.028616138499006183,-0.3394408984381269,0.04189661765788858,-0.031769293048723446,0.2777683566744357,-0.01650381208940898,-3.0926101207733154,-3.0714305920741665,0.021179528699148964,0
1780808655.62357,FLY,spline,1,127,-20.543922335631297,-0.21846274303200167,-2.059242632607778,-20.5528507232666,-0.7902441024780273,-1.9999951124191284,0.008928387635304347,0.5717813594460257,-0.05924752018864954,0.5718510637532394,2.818889275645799,1.6228333913468698,-1.2438214633616136,0.7646545133551831,0.30762191116593085,-1.555883765220642,-1.7354753017425537,0.27990099787712097,-0.26373082378907997,-2.40589284860266,0.02772091328880988,-0.3368249988043724,0.036922315330471196,-0.029449718692644344,0.27878916129645076,-0.016509356272066743,-3.0910637378692627,-3.0714305920741665,0.01963314579509623,0
1780808655.63421,FLY,spline,1,127,-20.543922335631297,-0.21846274303200167,-2.059242632607778,-20.563514709472656,-0.8021972179412842,-1.9980419874191284,0.019592373841359034,0.5837344749092825,-0.06120064518864954,0.584063180067324,2.809839222679981,1.621475883401997,-1.2561672560281343,0.7606185808442448,0.3077472955875889,-1.536216378211975,-1.7202461957931519,0.2810305058956146,-0.24535433530890796,-2.389518116285924,0.026716789691974274,-0.3345325362800294,0.03434960694324712,-0.02829422304902862,0.27936678483820493,-0.01651469963000514,-3.0902934074401855,-3.0714305920741665,0.01886281536601908,0
1780808655.645045,FLY,spline,1,127,-20.543922335631297,-0.21846274303200167,-2.059242632607778,-20.592382431030273,-0.8347265720367432,-1.9926024675369263,0.04846009539897622,0.6162638290047415,-0.06664016507085169,0.6181662298974793,2.785661458233298,1.6178492187349947,-1.2795516831760905,0.7517786724051996,0.3079040940289921,-1.4812406301498413,-1.6757386922836304,0.28381115198135376,-0.12020920150361662,-2.303030472911314,0.024092942047638344,-0.32242426620758396,0.01682928821050633,-0.025313037135942684,0.2809879666701696,-0.016519518218414665,-3.088305950164795,-3.0714305920741665,0.016875358090628456,0
1780808655.6557806,FLY,spline,1,128,-20.700884574134403,-0.2238868931287693,-2.040599167185184,-20.6025390625,-0.8462499976158142,-1.9906249046325684,-0.09834551163440253,0.6223631044870449,-0.049974262552615833,0.6300854493522167,2.777270524342679,1.6165905786514019,-1.3019280994029048,0.741553010670022,0.3123461474868072,-1.4612146615982056,-1.6588562726974487,0.2846528887748718,-0.0885093263631201,-2.281478497024389,0.027693258711935398,-0.3194069895834145,0.012391305690836815,-0.03042470370952799,0.2812099969900319,-0.016525056870157054,-3.087655782699585,-3.067372646893233,0.020283135806351993,0
1780808655.6665516,FLY,spline,1,128,-20.700884574134403,-0.2238868931287693,-2.040599167185184,-20.612539291381836,-0.8576464653015137,-1.9886425733566284,-0.08834528275256659,0.6337595721727444,-0.051956593828555775,0.6398875559855894,2.7690706194579926,1.615360592918699,-1.3186451247609914,0.7339615712997445,0.3131480598156308,-1.4411004781723022,-1.6415363550186157,0.28542208671569824,-0.06462994400115038,-2.2631773528625074,0.027725973099932577,-0.3168448294007511,0.009048192160161055,-0.03042470370952799,0.28120183464437215,-0.01653060206477704,-3.087655782699585,-3.067372646893233,0.020283135806351993,0
1780808655.6776145,FLY,spline,1,128,-20.700884574134403,-0.2238868931287693,-2.040599167185184,-20.649492263793945,-0.90003901720047,-1.9810302257537842,-0.051392310340457215,0.6761521240717007,-0.05956894143140001,0.6781023996778085,2.739297641105183,1.6108946461657774,-1.3409110555821442,0.7225939284569894,0.3132189178935127,-1.363537073135376,-1.5713369846343994,0.28769436478614807,0.10401111039958892,-2.1267415252591486,0.025524553107364623,-0.2977438135362808,-0.01456155545594245,-0.027162779919549962,0.28333392232251237,-0.016535706975398513,-3.0854811668395996,-3.067372646893233,0.01810851994636664,0
1780808655.6885781,FLY,spline,1,128,-20.700884574134403,-0.2238868931287693,-2.040599167185184,-20.649492263793945,-0.90003901720047,-1.9810302257537842,-0.051392310340457215,0.6761521240717007,-0.05956894143140001,0.6781023996778085,2.739297641105183,1.6108946461657774,-1.363176986403297,0.7112262856142344,0.31328977597139457,-1.363537073135376,-1.5713369846343994,0.28769436478614807,0.0766675467716622,-2.1532510060232117,0.025595411185246497,-0.30145514084324965,-0.010733456548032708,-0.026411046139642735,0.2838290257082763,-0.01654082605763556,-3.084980010986328,-3.067372646893233,0.017607364093095157,0
1780808655.6993642,FLY,spline,1,128,-20.700884574134403,-0.2238868931287693,-2.040599167185184,-20.65882682800293,-0.9108203053474426,-1.9790282249450684,-0.04205774613147284,0.6869334122186733,-0.061570942240115833,0.6882197082560548,2.7319114557664292,1.6097867183649643,-1.38443774824489,0.6996337050052273,0.3133000389448902,-1.3430864810943604,-1.5519447326660156,0.28813841938972473,0.10930981551592496,-2.1281268835821674,0.025161619555165493,-0.2979377637015035,-0.015303374172229496,-0.025721181981012364,0.2843503143243072,-0.016545858381546593,-3.084520101547241,-3.067372646893233,0.017147454654008243,0
1780808655.7100904,FLY,spline,1,128,-20.700884574134403,-0.2238868931287693,-2.040599167185184,-20.69300651550293,-0.9505078196525574,-1.9714159965515137,-0.00787805863147284,0.7266209265237881,-0.06918317063367052,0.7266636324119222,2.705341052729783,1.6058011579094673,-1.405743721365147,0.6865552316640602,0.3132049365617941,-1.2648767232894897,-1.474308729171753,0.2887091636657715,0.27811592560797704,-1.9783247266048591,0.024495772896022616,-0.2769654617246803,-0.03893622958511679,-0.02403925811474039,0.2857522116010452,-0.0165507575361258,-3.0833988189697266,-3.067372646893233,0.016026172076493594,0
1780808655.721056,FLY,spline,1,128,-20.700884574134403,-0.2238868931287693,-2.040599167185184,-20.69300651550293,-0.9505078196525574,-1.9714159965515137,-0.00787805863147284,0.7266209265237881,-0.06918317063367052,0.7266636324119222,2.705341052729783,1.6058011579094673,-1.4270496944854039,0.673476758322893,0.313109834178698,-1.2648767232894897,-1.474308729171753,0.2887091636657715,0.24763355136258774,-2.008449276873924,0.024400670512926492,-0.28118289876234936,-0.034668697190762286,-0.02403925811474039,0.2857549396575903,-0.016555637670228385,-3.0833988189697266,-3.067372646893233,0.016026172076493594,0
1780808655.7316184,FLY,spline,1,128,-20.700884574134403,-0.2238868931287693,-2.040599167185184,-20.701641082763672,-0.9605956673622131,-1.9694091081619263,0.0007565086292693479,0.7367087742334438,-0.07119005902325792,0.736709162653655,2.6987496256486767,1.6048124438473015,-1.4481127221317855,0.660010875951908,0.31297243571235517,-1.2442166805267334,-1.4528913497924805,0.2886471748352051,0.2792185693435941,-1.9809006749804319,0.02432526087715009,-0.2773260944972605,-0.039090599708103184,-0.0230411187333317,0.28671637135528727,-0.016560502722403815,-3.082733392715454,-3.067372646893233,0.015360745822221133,0
1780808655.7423165,FLY,spline,1,128,-20.700884574134403,-0.2238868931287693,-2.040599167185184,-20.710155487060547,-0.9705370664596558,-1.9674023389816284,0.009270912926144348,0.7466501733308865,-0.07319682820355577,0.7467077280713833,2.6922935253988474,1.603844028809827,-1.4670040073363917,0.643636806058477,0.31287663152005823,-1.2052556276321411,-1.411426305770874,0.2882426083087921,0.35291507074770145,-1.9036214105713272,0.02463402321126612,-0.26650699747998585,-0.049408109904678206,-0.022368778340265294,0.2875077183413495,-0.01656542952704607,-3.082285165786743,-3.067372646893233,0.014912518893510196,0
1780808655.7528389,FLY,spline,1,128,-20.700884574134403,-0.2238868931287693,-2.040599167185184,-20.732891082763672,-0.99720698595047,-1.9618749618530273,0.03200650862926935,0.7733200928217007,-0.07872420533215685,0.7739821590685403,2.6752969743194046,1.6012945461479107,-1.4882355630148016,0.6304404442840438,0.3125989997624086,-1.1662867069244385,-1.3685598373413086,0.28753694891929626,0.42803680649759285,-1.837438453073422,0.02506205084311236,-0.2572413834302791,-0.05992515290966301,-0.022069801442071935,0.28792787717100177,-0.016570441937214693,-3.0820858478546143,-3.067372646893233,0.01471320096138129,0
1780808655.7634976,FLY,spline,1,129,-20.857495505643968,-0.22981219074401302,-2.020532890472962,-20.74085807800293,-1.0065526962280273,-1.9598827362060547,-0.11663742764103802,0.7767405054840143,-0.06065015426690712,0.7854489814025354,2.6694173308847087,1.6004125996327063,-1.5087636371294857,0.6163622986234181,0.3149236476712855,-1.1455819606781006,-1.3452203273773193,0.28703486919403076,0.4552766683111771,-1.8139481022317858,0.02788877847725474,-0.25395273431245,-0.0637387335635648,-0.02779991564463624,0.28861151827166076,-0.016576019692910143,-3.0817854404449463,-3.063252163348522,0.01853327709642416,0
1780808655.7739067,FLY,spline,1,129,-20.857495505643968,-0.22981219074401302,-2.020532890472962,-20.74867057800293,-1.0157324075698853,-1.9578955173492432,-0.10882492764103802,0.7859202168258722,-0.06263737312371864,0.7934188377469387,2.663693170992429,1.5995539756488644,-1.5277152356862358,0.6000749331189609,0.31567106794663585,-1.1052916049957275,-1.2986310720443726,0.28581663966178894,0.530431792560994,-1.733473390604434,0.029854428284846912,-0.24268627468462078,-0.07426045095853917,-0.027613949152937023,0.2892809156322178,-0.016581990578567112,-3.0816614627838135,-3.063252163348522,0.01840929943529135,0
1780808655.7850144,FLY,spline,1,129,-20.857495505643968,-0.22981219074401302,-2.020532890472962,-20.777734756469727,-1.0498534440994263,-1.9502002000808716,-0.07976074917424114,0.8200412533554132,-0.07033269039209022,0.8239110597106664,2.642725388664661,1.596408808299699,-1.5478490427692784,0.5852554012545265,0.31577731135508796,-1.0445204973220825,-1.2254022359848022,0.28346550464630127,0.6529397215224197,-1.606920537854684,0.032311806708786694,-0.22496887529965579,-0.09141156101313877,-0.02759678301524171,0.28950382293273075,-0.01658845293990887,-3.0816500186920166,-3.063252163348522,0.018397855343494474,0
1780808655.7958124,FLY,spline,1,129,-20.857495505643968,-0.22981219074401302,-2.020532890472962,-20.78484344482422,-1.0581835508346558,-1.9482372999191284,-0.07265206081974895,0.8283713600906427,-0.07229559055383339,0.8315512204066432,2.6376731241057727,1.5956509686158658,-1.5684219690586574,0.5710513704414264,0.31579189052799506,-1.0057636499404907,-1.176763892173767,0.2816656529903412,0.713828055370038,-1.5459214099053638,0.03412623753765387,-0.21642899738675095,-0.09993592775180533,-0.02760715422343263,0.2897744401278151,-0.0165952781874164,-3.0816569328308105,-3.063252163348522,0.01840476948228842,0
1780808655.8064232,FLY,spline,1,129,-20.857495505643968,-0.22981219074401302,-2.020532890472962,-20.78484344482422,-1.0581835508346558,-1.9482372999191284,-0.07265206081974895,0.8283713600906427,-0.07229559055383339,0.8315512204066432,2.6376731241057727,1.5956509686158658,-1.5889948953480364,0.5568473396283264,0.31580646970090215,-1.0057636499404907,-1.176763892173767,0.2816656529903412,0.6838633971461724,-1.5871572741046476,0.03414081671056096,-0.22220201837465067,-0.09574087560046414,-0.027651142451276867,0.29017871884828483,-0.01660210635075851,-3.08168625831604,-3.063252163348522,0.01843409496751791,0
1780808655.81727,FLY,spline,1,129,-20.857495505643968,-0.22981219074401302,-2.020532890472962,-20.797147750854492,-1.0725878477096558,-1.9447606801986694,-0.060347754789475516,0.8427756569656427,-0.07577221027429237,0.8449335237058602,2.6289993358643153,1.5943499003796473,-1.6120312433731279,0.551464114822065,0.3153181806173543,-0.9875974655151367,-1.15342378616333,0.28076666593551636,0.7172288682897656,-1.5826497250887341,0.034551514681837925,-0.2215709615124228,-0.1004120415605672,-0.028352808329572765,0.29150084037387614,-0.01660901665369488,-3.0821540355682373,-3.063252163348522,0.018901872219715177,0
1780808655.827971,FLY,spline,1,129,-20.857495505643968,-0.22981219074401302,-2.020532890472962,-20.810428619384766,-1.088046908378601,-1.940883755683899,-0.04706688625920208,0.858234717634588,-0.07964913478906288,0.8595243581978684,2.619719256636532,1.5929578884954798,-1.6116563280532648,0.5630267438865488,0.31468075169687026,-0.9470111727714539,-1.100061058998108,0.2786037027835846,0.7524481433449915,-1.5430033657479134,0.03607704891328567,-0.2160204712047079,-0.10534274006829883,-0.028352808329572765,0.2913715822255777,-0.016616232063477537,-3.0821540355682373,-3.063252163348522,0.018901872219715177,0
1780808655.8389459,FLY,spline,1,129,-20.857495505643968,-0.22981219074401302,-2.020532890472962,-20.816875457763672,-1.095497965812683,-1.9389550685882568,-0.04062004788029583,0.8656857750686701,-0.08157782188470497,0.8666382460092802,2.615239834253543,1.5922859751380314,-1.6114833336330703,0.5685963027171848,0.31433610109539933,-0.9091809391975403,-1.0486631393432617,0.27634450793266296,0.7856359015836712,-1.4938331151976543,0.03799159316273637,-0.2091366361276716,-0.10998902622171398,-0.029186081263532726,0.2921362433287571,-0.016623830382110086,-3.082709550857544,-3.063252163348522,0.019457387509021817,0
1780808655.849664,FLY,spline,1,129,-20.857495505643968,-0.22981219074401302,-2.020532890472962,-20.82792854309082,-1.108193278312683,-1.93557608127594,-0.02956696255314739,0.8783810875686701,-0.08495680919702187,0.8788785696971675,2.6075980345109437,1.5911397051766416,-1.6112006530752918,0.5780805995450716,0.3136907374054014,-0.8915722370147705,-1.0241657495498657,0.27517297863960266,0.7720430920084114,-1.5115223179629276,0.038517758765798715,-0.21161312451480987,-0.1080860328811776,-0.02951331076334962,0.29243140765374037,-0.016631533933863244,-3.082927703857422,-3.063252163348522,0.019675540508899747,0
1780808655.8606565,FLY,spline,1,129,-20.857495505643968,-0.22981219074401302,-2.020532890472962,-20.84566307067871,-1.1283495426177979,-1.929907202720642,-0.011832434965256766,0.8985373518737848,-0.09062568775231972,0.8986152565083462,2.59542555977876,1.589313833966814,-1.6107921193243127,0.5931239367204498,0.31246821302492944,-0.8146250247955322,-0.9127878546714783,0.2694224417209625,0.908604941707733,-1.3486570148855233,0.04304577130396692,-0.18881198208397326,-0.12720469183908262,-0.029867719981184093,0.29240391022021905,-0.01664014308812404,-3.0831639766693115,-3.063252163348522,0.019911813320789395,0
1780808655.87117,FLY,spline,1,129,-20.857495505643968,-0.22981219074401302,-2.020532890472962,-20.85578155517578,-1.1396288871765137,-1.9265379905700684,-0.0017139504681864537,0.9098166964325006,-0.09399489990289345,0.9098183108365958,2.588499431091109,1.5882749146636663,-1.6105731124971727,0.6015291545256795,0.3116662299466877,-0.7970921397209167,-0.8863433003425598,0.26799681782722473,0.8894361406084097,-1.3709619362625707,0.04366941211946296,-0.1919346710767599,-0.12452105968517736,-0.030971001955976574,0.29331545325379454,-0.01664887697054793,-3.08389949798584,-3.063252163348522,0.020647334637317716,0
1780808655.8816721,FLY,spline,1,129,-20.857495505643968,-0.22981219074401302,-2.020532890472962,-20.866445541381836,-1.1513183116912842,-1.9228466749191284,0.008950035737868234,0.9215061209472711,-0.09768621555383339,0.9215495830843806,2.5811997253395353,1.5871799588009303,-1.610355976046052,0.6102280314602264,0.3107119273189123,-0.758591890335083,-0.82688307762146,0.26481181383132935,0.9314440613824553,-1.3124362539060044,0.04590011348758294,-0.18374107554684063,-0.13040216859354375,-0.03144664702128419,0.2934572456416239,-0.016658056993245445,-3.084216594696045,-3.063252163348522,0.020964431347522794,0
1780808655.89249,FLY,spline,1,129,-20.857495505643968,-0.22981219074401302,-2.020532890472962,-20.866445541381836,-1.1513183116912842,-1.9228466749191284,0.008950035737868234,0.9215061209472711,-0.09768621555383339,0.9215495830843806,2.5811997253395353,1.5871799588009303,-1.610355976046052,0.6102280314602264,0.3107119273189123,-0.758591890335083,-0.82688307762146,0.26481181383132935,0.88288929133261,-1.363463449388116,0.04590011348758294,-0.19088488291433625,-0.1236045007865654,-0.031988810870161144,0.29375968036713285,-0.01666723701594296,-3.084578037261963,-3.063252163348522,0.021325873913440763,0
1780808655.902999,FLY,spline,1,129,-20.857495505643968,-0.22981219074401302,-2.020532890472962,-20.866445541381836,-1.1513183116912842,-1.9228466749191284,0.008950035737868234,0.9215061209472711,-0.09768621555383339,0.9215495830843806,2.5811997253395353,1.5871799588009303,-1.610355976046052,0.6102280314602264,0.3107119273189123,-0.758591890335083,-0.82688307762146,0.26481181383132935,0.8491183873346029,-1.3990848906743076,0.04590011348758294,-0.1958718846944031,-0.11887657422684442,-0.032577823969831554,0.2940523190170173,-0.016676417038640475,-3.084970712661743,-3.063252163348522,0.021718549313221036,0
1780808655.9133403,FLY,spline,1,129,-20.857495505643968,-0.22981219074401302,-2.020532890472962,-20.880428314208984,-1.1662206649780273,-1.917788028717041,0.02293280856501667,0.9364084742340143,-0.10274486175592079,0.9366892464024311,2.571589521320082,1.5857384281980123,-1.6100800509973154,0.6212934435337246,0.30928791264897026,-0.7059312462806702,-0.7421272397041321,0.26010313630104065,0.9508785956232578,-1.267773190470503,0.049184776347929615,-0.17748824666587043,-0.1331230033872561,-0.03439707693766603,0.29458415347567823,-0.01668625399391006,-3.086183547973633,-3.063252163348522,0.022931384625110685,0
1780808655.9240375,FLY,spline,1,130,-21.01374870475372,-0.23624894455148462,-1.999021949652773,-20.889842987060547,-1.175878882408142,-1.91421377658844,-0.12390571769317305,0.9396299378566575,-0.08480817306433308,0.9477642359751535,2.5650546115364308,1.5847581917304645,-1.6124194625046755,0.6265499980003028,0.31323445188638455,-0.6687952876091003,-0.679889440536499,0.2565048933029175,1.00795076931014,-1.1900775068034004,0.056729558583467066,-0.16661085095247608,-0.14111310770341962,-0.04129494988196436,0.2942765563497618,-0.016697599905626755,-3.0866074562072754,-3.059077489619299,0.02752996658797624,0
1780808655.9347367,FLY,spline,1,130,-21.01374870475372,-0.23624894455148462,-1.999021949652773,-20.902109146118164,-1.1878613233566284,-1.90933096408844,-0.11163955863555586,0.9516123788051438,-0.08969098556433308,0.9581385654212684,2.55640739077689,1.5834611086165336,-1.6121813838744048,0.6353440825277074,0.31173935969901084,-0.6182352900505066,-0.5915455222129822,0.2513730823993683,1.0872761864033307,-1.0708523635054839,0.06036627729964256,-0.14991933089076775,-0.1522186660964663,-0.04189969860785547,0.29429912876962033,-0.016709673161086683,-3.087010622024536,-3.059077489619299,0.027933132405236982,0
1780808655.9452286,FLY,spline,1,130,-21.01374870475372,-0.23624894455148462,-1.999021949652773,-20.902109146118164,-1.1878613233566284,-1.90933096408844,-0.11163955863555586,0.9516123788051438,-0.08969098556433308,0.9581385654212684,2.55640739077689,1.5834611086165336,-1.6121813838744048,0.6353440825277074,0.31173935969901084,-0.6182352900505066,-0.5915455222129822,0.2513730823993683,1.0396106094162945,-1.1325964077454131,0.06036627729964256,-0.15856349708435785,-0.14554548531828124,-0.04303480946295801,0.2948304839465495,-0.016721746416546612,-3.0877673625946045,-3.059077489619299,0.02868987297530534,0
1780808655.9555955,FLY,spline,1,130,-21.01374870475372,-0.23624894455148462,-1.999021949652773,-20.906288146972656,-1.191748023033142,-1.9075976610183716,-0.10746055778106367,0.9554990784816575,-0.09142428863440144,0.9615228860811967,2.5534110485789587,1.5830116572868438,-1.6120940172134277,0.6381841751888194,0.31117260797493845,-0.6003323197364807,-0.5592469573020935,0.24951358139514923,1.0493341623424697,-1.1128147755506612,0.06165902657978922,-0.15579406857709258,-0.14690678272794577,-0.04442562424414698,0.29524415099547546,-0.01673407822186257,-3.0886945724487305,-3.059077489619299,0.029617082829431318,0
1780808655.9663725,FLY,spline,1,130,-21.01374870475372,-0.23624894455148462,-1.999021949652773,-20.910350799560547,-1.195410132408142,-1.9058789014816284,-0.10339790519317305,0.9591611878566575,-0.0931430481711446,0.9647182547712729,2.5504663509144305,1.5825699526371646,-1.6120036269759586,0.6408525435433672,0.3105932904290376,-0.58260178565979,-0.5266960859298706,0.24765677750110626,1.060874182468004,-1.090148168809518,0.06293651292793134,-0.15262074363333253,-0.14852238554552055,-0.04442562424414698,0.2951293647850385,-0.016746665524448156,-3.0886945724487305,-3.059077489619299,0.029617082829431318,0
1780808655.977504,FLY,spline,1,130,-21.01374870475372,-0.23624894455148462,-1.999021949652773,-20.92105484008789,-1.2044824361801147,-1.9011132717132568,-0.0926938646658293,0.9682334916286301,-0.09790867793951619,0.9726603964683952,2.5425327707208023,1.5813799156081203,-1.611749094104293,0.6474232325930949,0.3088731001993452,-0.5337539315223694,-0.4338769018650055,0.24231775104999542,1.1510472859124155,-0.9432121519119798,0.0665553491493498,-0.13204970126767718,-0.1611466200277382,-0.04725016915076319,0.29566891634297526,-0.016759976594278025,-3.0905776023864746,-3.059077489619299,0.03150011276717546,0
1780808655.9883196,FLY,spline,1,130,-21.01374870475372,-0.23624894455148462,-1.999021949652773,-20.928125381469727,-1.209814429283142,-1.8977880477905273,-0.08562332328399336,0.9735654847316575,-0.10123390186224568,0.9773234400908342,2.5370867566766413,1.580563013501496,-1.6115436950588817,0.651238010475323,0.3075856115221972,-0.4998900592327118,-0.3667067885398865,0.23836185038089752,1.193629814351598,-0.8647302577385547,0.06922376114129969,-0.12106223608339767,-0.16710817400922373,-0.04794504009955469,0.29567161717596574,-0.016773821346506287,-3.091040849685669,-3.059077489619299,0.031963360066369795,0
1780808655.9989946,FLY,spline,1,130,-21.01374870475372,-0.23624894455148462,-1.999021949652773,-20.928125381469727,-1.209814429283142,-1.8977880477905273,-0.08562332328399336,0.9735654847316575,-0.10123390186224568,0.9773234400908342,2.5370867566766413,1.580563013501496,-1.6115436950588817,0.651238010475323,0.3075856115221972,-0.4998900592327118,-0.3667067885398865,0.23836185038089752,1.1536253260517841,-0.9266017662179954,0.06922376114129969,-0.12972424727051937,-0.16150754564724978,-0.04866601788275782,0.29587388994626407,-0.016787666098734548,-3.0915215015411377,-3.059077489619299,0.032444011921838545,0
1780808656.0095387,FLY,spline,1,130,-21.01374870475372,-0.23624894455148462,-1.999021949652773,-20.94027328491211,-1.2173339128494263,-1.891640543937683,-0.07347541984161055,0.9810849682979417,-0.10738140571508992,0.9838324818489549,2.5271850819405968,1.5790777622910894,-1.6110920994455307,0.6564872116520915,0.3050011744772481,-0.4378489553928375,-0.2368519902229309,0.23063014447689056,1.2750374182966886,-0.7021117179833207,0.07437103000035755,-0.09829564051766491,-0.1785052385615364,-0.05007185303443018,0.2957799527951699,-0.01680254030473462,-3.092458724975586,-3.059077489619299,0.03338123535628679,0
1780808656.020265,FLY,spline,1,130,-21.01374870475372,-0.23624894455148462,-1.999021949652773,-20.94320297241211,-1.2187402248382568,-1.890053629875183,-0.07054573234161055,0.9824912802867722,-0.10896831977758992,0.9850207186608589,2.5246571063237533,1.5786985659485628,-1.6109573580428527,0.6574295697144164,0.3042879202558781,-0.42197829484939575,-0.20211173593997955,0.2285422533750534,1.2695370117426081,-0.7031632122343299,0.07574566688082468,-0.09844284971280619,-0.17773518164396515,-0.050916570060187016,0.2958126933103958,-0.016817689438110784,-3.093021869659424,-3.059077489619299,0.03394438004012468,0
1780808656.0309167,FLY,spline,1,130,-21.01374870475372,-0.23624894455148462,-1.999021949652773,-20.94320297241211,-1.2187402248382568,-1.890053629875183,-0.07054573234161055,0.9824912802867722,-0.10896831977758992,0.9850207186608589,2.5246571063237533,1.5786985659485628,-1.6109573580428527,0.6574295697144164,0.3042879202558781,-0.42197829484939575,-0.20211173593997955,0.2285422533750534,1.2333339363711968,-0.7656353117474506,0.07574566688082468,-0.1071889436446431,-0.17266675109196758,-0.05268718563788477,0.296086763557637,-0.016832838571486947,-3.0942022800445557,-3.059077489619299,0.035124790425256514,0
1780808656.0415745,FLY,spline,1,130,-21.01374870475372,-0.23624894455148462,-1.999021949652773,-20.946014404296875,-1.2199022769927979,-1.8884813785552979,-0.06773430045684492,0.9836533324413133,-0.11054057109747517,0.9859826640875989,2.522164935228419,1.5783247402842628,-1.6108161581352778,0.6581848781173576,0.3035609463395452,-0.3924979567527771,-0.13571584224700928,0.22456026077270508,1.2795003384149384,-0.6677441711449706,0.07900068556684015,-0.0934841839602959,-0.17913004737809138,-0.054424541823797856,0.29600334044644955,-0.016848638708600316,-3.095360517501831,-3.059077489619299,0.036283027882531904,0
1780808656.0522008,FLY,spline,1,130,-21.01374870475372,-0.23624894455148462,-1.999021949652773,-20.955780029296875,-1.222109317779541,-1.8826464414596558,-0.05796867545684492,0.9858603732280564,-0.11637550819311726,0.9875631842244746,2.512868047156234,1.576930207073435,-1.6101901083892949,0.6593561701069245,0.30070270315242587,-0.3490699827671051,-0.0331527441740036,0.21840991079807281,1.3544578506474783,-0.5028488617260155,0.08229279235435305,-0.07039884064164217,-0.18962409909064698,-0.055429833762579594,0.2958145588930128,-0.016865097267071187,-3.0960307121276855,-3.059077489619299,0.036953222508386396,0
1780808656.0628436,FLY,spline,1,130,-21.01374870475372,-0.23624894455148462,-1.999021949652773,-20.955780029296875,-1.222109317779541,-1.8826464414596558,-0.05796867545684492,0.9858603732280564,-0.11637550819311726,0.9875631842244746,2.512868047156234,1.576930207073435,-1.6101901083892949,0.6593561701069245,0.30070270315242587,-0.3490699827671051,-0.0331527441740036,0.21840991079807281,1.3169831478917924,-0.5758912070037874,0.08229279235435305,-0.08062476898053024,-0.18437764070485096,-0.05642296635382715,0.29589568294759533,-0.016881555825542058,-3.0966928005218506,-3.059077489619299,0.037615310902551435,0
1780808656.0734036,FLY,spline,1,130,-21.01374870475372,-0.23624894455148462,-1.999021949652773,-20.96367073059082,-1.2209179401397705,-1.8773046731948853,-0.05007797416289961,0.9846689955882859,-0.12171727645788777,0.9859415978490328,2.504296703175713,1.5756445054763568,-1.6094647986080857,0.6579409858310672,0.29783628149189206,-0.2979455590248108,0.09597568958997726,0.2107091099023819,1.4150269423171136,-0.34221535270721753,0.08712717158951017,-0.04791014937901046,-0.1981037719243959,-0.0601380046533877,0.29575081281106413,-0.01689898125985996,-3.0991694927215576,-3.059077489619299,0.04009200310225847,0
1780808656.0841682,FLY,spline,1,130,-21.01374870475372,-0.23624894455148462,-1.999021949652773,-20.96566390991211,-1.2200000286102295,-1.8758544921875,-0.048084794841610545,0.9837510840587449,-0.12316745746527302,0.9849255519488341,2.5019149997534287,1.5752872499630142,-1.6092310258414158,0.6570941168563499,0.2970188087232039,-0.28429150581359863,0.1321578323841095,0.20857256650924683,1.409668155040963,-0.34353510292838163,0.08844624221395708,-0.04809491440997343,-0.19735354170573485,-0.06120409332984034,0.29566866244933077,-0.016916670508302752,-3.0998802185058594,-3.059077489619299,0.040802728886560224,0
1780808656.0946789,FLY,spline,1,130,-21.01374870475372,-0.23624894455148462,-1.999021949652773,-20.96566390991211,-1.2200000286102295,-1.8758544921875,-0.048084794841610545,0.9837510840587449,-0.12316745746527302,0.9849255519488341,2.5019149997534287,1.5752872499630142,-1.6092310258414158,0.6570941168563499,0.2970188087232039,-0.28429150581359863,0.1321578323841095,0.20857256650924683,1.3773368134498951,-0.41439360316743024,0.08844624221395708,-0.05801510444344024,-0.19282715388298532,-0.06120409332984034,0.29565097320088796,-0.016934359756745544,-3.0998802185058594,-3.059077489619299,0.040802728886560224,0
1780808656.1054568,FLY,spline,1,130,-21.01374870475372,-0.23624894455148462,-1.999021949652773,-20.971172332763672,-1.2155468463897705,-1.8714648485183716,-0.042576371990048045,0.9792979018382859,-0.12755710113440144,0.9802229991163766,2.494650085466148,1.5741975128199222,-1.6084393782762643,0.6532325924113361,0.29441745326962376,-0.2436455339193344,0.24479320645332336,0.20197883248329163,1.4534769904565754,-0.20824814351933885,0.09243862078633214,-0.02915474009270744,-0.20348677866392056,-0.06464375817053858,0.295292236826966,-0.01695284748090281,-3.102173328399658,-3.059077489619299,0.04309583878035905,0
1780808656.1159148,FLY,spline,1,130,-21.01374870475372,-0.23624894455148462,-1.999021949652773,-20.971172332763672,-1.2155468463897705,-1.8714648485183716,-0.042576371990048045,0.9792979018382859,-0.12755710113440144,0.9802229991163766,2.494650085466148,1.5741975128199222,-1.6084393782762643,0.6532325924113361,0.29441745326962376,-0.2436455339193344,0.24479320645332336,0.20197883248329163,1.4219316365034003,-0.28331132621852195,0.09243862078633214,-0.039663585670593075,-0.19907042911047607,-0.06573523842566553,0.29524939767540614,-0.016971335205060077,-3.102900981903076,-3.059077489619299,0.04382349228377702,0
1780808656.1266057,FLY,spline,1,130,-21.01374870475372,-0.23624894455148462,-1.999021949652773,-20.97429656982422,-1.2113866806030273,-1.8687059879302979,-0.03945213492950117,0.9751377360515427,-0.13031596172247517,0.9759354872235274,2.4899587065936575,1.5734938059890486,-1.6078572251954626,0.6497458986609386,0.2926931672030659,-0.2187391221523285,0.31799355149269104,0.19764433801174164,1.4598675627032696,-0.16901257097884798,0.09504882919132424,-0.02366175993703872,-0.20438145877845776,-0.06683279835455957,0.2949816698954214,-0.016990344970898342,-3.103632688522339,-3.059077489619299,0.04455519890303972,0
1780808656.1371653,FLY,spline,1,130,-21.01374870475372,-0.23624894455148462,-1.999021949652773,-20.978046417236328,-1.2040722370147705,-1.8650243282318115,-0.035702287517391795,0.9678232924632859,-0.1339976214209615,0.9684815841142512,2.4835264088079922,1.5725289613211988,-1.6069685037421406,0.6437197449207119,0.29027947515319574,-0.18645837903022766,0.41851669549942017,0.19172215461730957,1.512475151264819,-0.0008526110860988326,0.09855732053588617,-0.00011936555205383657,-0.21174652117707465,-0.06793071591132227,0.2946269968692984,-0.01701005643500552,-3.1043646335601807,-3.059077489619299,0.045287143940881514,0
1780808656.1480405,FLY,spline,1,130,-21.01374870475372,-0.23624894455148462,-1.999021949652773,-20.978046417236328,-1.2040722370147705,-1.8650243282318115,-0.035702287517391795,0.9678232924632859,-0.1339976214209615,0.9684815841142512,2.4835264088079922,1.5725289613211988,-1.6069685037421406,0.6437197449207119,0.29027947515319574,-0.18645837903022766,0.41851669549942017,0.19172215461730957,1.4822358315019302,-0.08109811284994431,0.09855732053588617,-0.011353735798992204,-0.20751301641027026,-0.07083930336707178,0.2944531881634501,-0.0170297678991127,-3.1063036918640137,-3.059077489619299,0.04722620224471452,0
1780808656.159206,FLY,spline,1,130,-21.01374870475372,-0.23624894455148462,-1.999021949652773,-20.980390548706055,-1.1974902153015137,-1.862402319908142,-0.03335815604766523,0.9612412707500291,-0.13661962974463093,0.9618199141045225,2.478818311383697,1.5718227467075545,-1.6062494154113076,0.6383585050055796,0.2884730293669429,-0.1641968935728073,0.492016464471817,0.18772536516189575,1.5145304089140108,0.03347916246400896,0.10074766420504716,0.004687082744961255,-0.21203425724796154,-0.0719168361353213,0.29417534016987495,-0.017049917431953707,-3.1070220470428467,-3.059077489619299,0.04794455742354753,0
1780808656.169993,FLY,spline,1,130,-21.01374870475372,-0.23624894455148462,-1.999021949652773,-20.9814453125,-1.1938183307647705,-1.86111319065094,-0.03230339225371992,0.9575693862132859,-0.13790875900183308,0.9581141051899752,2.4764601919418205,1.571469028791273,-1.6058677780747088,0.6353827742476579,0.2875581114800317,-0.1444295346736908,0.5607694983482361,0.18440818786621094,1.538999540327958,0.1219687200083072,0.10314992361382075,0.01707562080116301,-0.21545993564591412,-0.07301582657568995,0.29385566465035845,-0.01707054741667647,-3.107754707336426,-3.059077489619299,0.04867721771712663,0
1780808656.1808217,FLY,spline,1,130,-21.01374870475372,-0.23624894455148462,-1.999021949652773,-20.984804153442383,-1.1778124570846558,-1.8563719987869263,-0.028944551311337108,0.9415635125331712,-0.14264995086584675,0.942008298893602,2.467522696978614,1.570128404546792,-1.6042984944912464,0.6224856308411025,0.28404664192651247,-0.11614983528852463,0.6658467650413513,0.1800048053264618,1.581622312865947,0.3087260040398767,0.10404183660005067,0.043221640565582746,-0.2214271238012326,-0.07599772774451319,0.29342964636842206,-0.01709135578399648,-3.1097426414489746,-3.059077489619299,0.05066515182967546,0
1780808656.1915855,FLY,spline,1,130,-21.01374870475372,-0.23624894455148462,-1.999021949652773,-20.984804153442383,-1.1778124570846558,-1.8563719987869263,-0.028944551311337108,0.9415635125331712,-0.14264995086584675,0.942008298893602,2.467522696978614,1.570128404546792,-1.6042984944912464,0.6224856308411025,0.28404664192651247,-0.11614983528852463,0.6658467650413513,0.1800048053264618,1.5536120847814783,0.21601770495130465,0.10404183660005067,0.030242478693182653,-0.217505691869407,-0.0770834859537417,0.29326510301767705,-0.017112164151316493,-3.110466480255127,-3.059077489619299,0.0513889906358278,0
1780808656.2023344,FLY,spline,1,130,-21.01374870475372,-0.23624894455148462,-1.999021949652773,-20.986600875854492,-1.1648436784744263,-1.8532030582427979,-0.027147828899227733,0.9285947339229417,-0.14581889140997517,0.9289914878422518,2.4613107875378235,1.5691966181306736,-1.6030982362754156,0.6120909974529547,0.28157120145883796,-0.09305638074874878,0.7590920329093933,0.17679236829280853,1.588691544122634,0.37969223177328076,0.10477883316602943,0.05315691244825931,-0.22241681617716877,-0.0798901494669253,0.2927356259642534,-0.017133119917949698,-3.112337589263916,-3.059077489619299,0.053260099644616865,0
1780808656.2133563,FLY,spline,1,130,-21.01374870475372,-0.23624894455148462,-1.999021949652773,-20.986600875854492,-1.1648436784744263,-1.8532030582427979,-0.027147828899227733,0.9285947339229417,-0.14581889140997517,0.9289914878422518,2.4613107875378235,1.5691966181306736,-1.6030982362754156,0.6120909974529547,0.28157120145883796,-0.09305638074874878,0.7590920329093933,0.17679236829280853,1.5659775846793382,0.29774894793287193,0.10477883316602943,0.04168485271060207,-0.21923686185510738,-0.08097626530402247,0.29250403989294704,-0.017154075684582902,-3.1130616664886475,-3.059077489619299,0.05398417686934831,0
1780808656.2242084,FLY,spline,1,130,-21.01374870475372,-0.23624894455148462,-1.999021949652773,-20.987733840942383,-1.1535449028015137,-1.8507665395736694,-0.026014863811337108,0.9172959582500291,-0.1482554100791036,0.9176647798411801,2.4564002356005896,1.5684600353400884,-1.6020868947706324,0.6030606581965706,0.27959555290748905,-0.0764153003692627,0.83130943775177,0.17480239272117615,1.5894407036988658,0.4184175072467334,0.1047931601863129,0.058578451014542676,-0.22252169851784123,-0.08205451332800928,0.2922502174545885,-0.017175034316620166,-3.1137804985046387,-3.059077489619299,0.05470300888533952,0
1780808656.2349455,FLY,spline,1,130,-21.01374870475372,-0.23624894455148462,-1.999021949652773,-20.987733840942383,-1.1535449028015137,-1.8507665395736694,-0.026014863811337108,0.9172959582500291,-0.1482554100791036,0.9176647798411801,2.4564002356005896,1.5684600353400884,-1.6020868947706324,0.6030606581965706,0.27959555290748905,-0.0764153003692627,0.83130943775177,0.17480239272117615,1.5720371442468803,0.3486123840734639,0.1047931601863129,0.04880573377028495,-0.22008520019456326,-0.08205451332800928,0.29222925882255124,-0.01719599294865743,-3.1137804985046387,-3.059077489619299,0.05470300888533952,0
1780808656.2458076,FLY,spline,1,130,-21.01374870475372,-0.23624894455148462,-1.999021949652773,-20.988203048706055,-1.1475194692611694,-1.8495604991912842,-0.025545656047665233,0.9112705247096848,-0.14946145046148884,0.911628515211964,2.453940630301011,1.5680910945451516,-1.6015601576813057,0.598252830182562,0.27859260207974545,-0.05667712911963463,0.9243924021720886,0.1728457808494568,1.6077289064721518,0.514985804134418,0.10574682123028867,0.07209801257881852,-0.22508204690610129,-0.08311416470282618,0.29188538028874667,-0.01721714231290349,-3.1144869327545166,-3.059077489619299,0.05540944313521745,0
1780808656.256788,FLY,spline,1,130,-21.01374870475372,-0.23624894455148462,-1.999021949652773,-20.989959716796875,-1.110781192779541,-1.8431200981140137,-0.02378898795684492,0.8745322482280564,-0.15590185153875935,0.8748557419019606,2.440402705721662,1.5660604058582492,-1.5989599354021473,0.5738292983881501,0.27393106383724264,-0.03146302327513695,1.0589951276779175,0.17040501534938812,1.6482677838429256,0.7988852384684608,0.10352604848785452,0.11184393338558453,-0.2307574897380096,-0.0874514754938418,0.29091151256118464,-0.01723784752260106,-3.1173784732818604,-3.059077489619299,0.0583009836625612,0
1780808656.2676778,FLY,spline,1,130,-21.01374870475372,-0.23624894455148462,-1.999021949652773,-20.989959716796875,-1.110781192779541,-1.8431200981140137,-0.02378898795684492,0.8745322482280564,-0.15590185153875935,0.8748557419019606,2.440402705721662,1.5660604058582492,-1.5984461646534456,0.569003520101219,0.2730100033524721,-0.03146302327513695,1.0589951276779175,0.17040501534938812,1.625685005568749,0.7059768304977199,0.10260498800308399,0.09883675626968079,-0.22759590077962488,-0.08929147087805811,0.29045942993661056,-0.017258368520201676,-3.118605136871338,-3.059077489619299,0.05952764725203874,0
1780808656.278223,FLY,spline,1,130,-21.01374870475372,-0.23624894455148462,-1.999021949652773,-20.990156173706055,-1.103183627128601,-1.8419432640075684,-0.023592531047665233,0.8669346825771165,-0.15707868564520466,0.8672556436116866,2.4378452058834412,1.5656767808825163,-1.597816871040535,0.5629645139661704,0.27194964381452413,-0.025534886866807938,1.0941689014434814,0.169748917222023,1.624622300454067,0.7217162329169996,0.10220072659250112,0.10104027260837996,-0.2274471220635694,-0.09021736942999903,0.2901801699426077,-0.017278808665520177,-3.119222402572632,-3.059077489619299,0.060144912953332685,0
1780808656.2902153,FLY,spline,1,130,-21.01374870475372,-0.23624894455148462,-1.999021949652773,-20.990428924560547,-1.087255835533142,-1.8395947217941284,-0.023319780193173045,0.8510068909816575,-0.1594272278586446,0.8513263420372499,2.4327026681297,1.564905400219455,-1.596514343781927,0.5503119576968925,0.2697977527247809,-0.01461896114051342,1.1638827323913574,0.16896392405033112,1.637056965471086,0.8356542683267538,0.10083382867444979,0.11699159756574555,-0.22918797516595207,-0.0911286052393252,0.2899552153977045,-0.017298975431255068,-3.1198298931121826,-3.059077489619299,0.06075240349288347,0
1780808656.300961,FLY,spline,1,130,-21.01374870475372,-0.23624894455148462,-1.999021949652773,-20.990428924560547,-1.087255835533142,-1.8395947217941284,-0.023319780193173045,0.8510068909816575,-0.1594272278586446,0.8513263420372499,2.4327026681297,1.564905400219455,-1.596514343781927,0.5503119576968925,0.2697977527247809,-0.01461896114051342,1.1638827323913574,0.16896392405033112,1.6238901642237349,0.7597528267047591,0.10083382867444979,0.10636539573866628,-0.2273446229913229,-0.09213926159613672,0.28955671587125004,-0.017319142196989958,-3.1205036640167236,-3.059077489619299,0.06142617439742448,0
1780808656.3114839,FLY,spline,1,130,-21.01374870475372,-0.23624894455148462,-1.999021949652773,-20.99054718017578,-1.059238314628601,-1.8357763290405273,-0.02320152457793867,0.8229893700771165,-0.16324562061224568,0.8233163511085333,2.4242783214092185,1.5636417482113827,-1.594273385940303,0.5280754507281331,0.2662025394649648,0.0005489456816576421,1.2756456136703491,0.16868029534816742,1.6485278771880556,1.0019428561082084,0.09752224411679739,0.14027199985514918,-0.2307939028063278,-0.0939216788935,0.2890469115246009,-0.01733864664581332,-3.121691942214966,-3.059077489619299,0.06261445259566667,0
1780808656.3220026,FLY,spline,1,130,-21.01374870475372,-0.23624894455148462,-1.999021949652773,-20.990507125854492,-1.050146460533142,-1.8346045017242432,-0.023241578899227733,0.8138975159816575,-0.16441744792852986,0.8142292905016629,2.4216934769549754,1.5632540215432462,-1.593559229374099,0.5208636803953712,0.2650771680075148,0.004543537274003029,1.3095362186431885,0.1686287224292755,1.6447551798102542,1.0080351125710976,0.09644844557823928,0.14112491575995367,-0.2302657251734356,-0.0954766448664004,0.2883978151824267,-0.017357936334928967,-3.1227285861968994,-3.059077489619299,0.06365109657760026,0
1780808656.3323598,FLY,spline,1,130,-21.01374870475372,-0.23624894455148462,-1.999021949652773,-20.990468978881836,-1.0408202409744263,-1.8334325551986694,-0.023279725871883983,0.8045712964229417,-0.1655893944541036,0.8049080175177554,2.4190766687710648,1.5628615003156596,-1.5928258722503863,0.5134658794400739,0.2639472503091931,0.008233397267758846,1.3432176113128662,0.16861079633235931,1.6428448997534706,1.0241789049974004,0.09533645397683377,0.14338504669963606,-0.2299982859654859,-0.09620942436926905,0.28810421518799,-0.017377003625724335,-3.1232171058654785,-3.059077489619299,0.06413961624617937,0
1780808656.3428288,FLY,spline,1,130,-21.01374870475372,-0.23624894455148462,-1.999021949652773,-20.99019432067871,-1.0137401819229126,-1.8301806449890137,-0.023554384075008983,0.777491237371428,-0.16884130466375935,0.7778479499224172,2.4118479177406558,1.5617771876610984,-1.590730223458245,0.49199332057227096,0.26076265962011647,0.016841739416122437,1.4354090690612793,0.16905665397644043,1.6527334243461707,1.2080924141384612,0.09170600564367604,0.16913293797938458,-0.2313826794084639,-0.09743787609808985,0.28771135920574104,-0.017395344826853072,-3.1240360736846924,-3.059077489619299,0.06495858406539323,0
1780808656.353658,FLY,spline,1,130,-21.01374870475372,-0.23624894455148462,-1.999021949652773,-20.99007797241211,-1.0035449266433716,-1.8290038108825684,-0.023670732341610545,0.767295982091887,-0.17001813877020466,0.7676610109312192,2.409219832262873,1.561382974839431,-1.5899465346891868,0.48390962759808404,0.25960040299315373,0.019381558522582054,1.4681886434555054,0.1693170964717865,1.6484899938327038,1.2114002574887206,0.09028330652136723,0.1695960360484209,-0.23078859913657856,-0.09871460758917872,0.2870433424285404,-0.017413401488157346,-3.124887228012085,-3.059077489619299,0.06580973839278581,0
1780808656.364126,FLY,spline,1,130,-21.01374870475372,-0.23624894455148462,-1.999021949652773,-20.98992156982422,-0.9931249618530273,-1.8278270959854126,-0.02382713492950117,0.7568760173015427,-0.17119485366736042,0.7572509741989072,2.4066156781564256,1.5609923517234638,-1.5891545053950409,0.47564950688972996,0.25842807215727764,0.021620137616991997,1.5007407665252686,0.1695939004421234,1.6462884928862107,1.2248789523780856,0.08883417171515423,0.171483053332932,-0.23048038900406953,-0.09871460758917872,0.28714150637869446,-0.017431168322500377,-3.124887228012085,-3.059077489619299,0.06580973839278581,0
1780808656.374815,FLY,spline,1,130,-21.01374870475372,-0.23624894455148462,-1.999021949652773,-20.9892578125,-0.9512402415275574,-1.8233007192611694,-0.02449089225371992,0.7149912969760728,-0.1757212303916036,0.715410622338605,2.3966442746686045,1.5594966412002906,-1.5884739686687206,0.4506953033432863,0.2570772964072778,0.02737368270754814,1.6227859258651733,0.17109885811805725,1.6551560674572983,1.4823531140936117,0.08597843828922053,0.20752943597310566,-0.23172184944402177,-0.10085071884863916,0.2857741188180567,-0.017448364010158222,-3.1263113021850586,-3.059077489619299,0.06723381256575944,0
1780808656.3856049,FLY,spline,1,130,-21.01374870475372,-0.23624894455148462,-1.999021949652773,-20.98906135559082,-0.9397558569908142,-1.822109341621399,-0.024687349162899608,0.7035069124393296,-0.1769126080313741,0.7039399413718542,2.394053297453121,1.559107994617968,-1.5879345645445397,0.4257287664856882,0.25590210258113155,0.028162214905023575,1.6541372537612915,0.1714072823524475,1.6506287471684478,1.5062423784500252,0.08449482022868404,0.21087393298300355,-0.23108802460358271,-0.10134138428443018,0.2854562153172484,-0.01746526297420396,-3.126638412475586,-3.059077489619299,0.06756092285628679,0
1780808656.396581,FLY,spline,1,130,-21.01374870475372,-0.23624894455148462,-1.999021949652773,-20.988866806030273,-0.9280565977096558,-1.8209179639816284,-0.024881898723446483,0.6918076531581712,-0.1781039856711446,0.6922549659282339,2.391465967184514,1.558719895077677,-1.5876206354543223,0.4007465072601023,0.255014311776976,0.028817778453230858,1.7125442028045654,0.17241446673870087,1.6492205751161682,1.5990255319429418,0.08259984503827511,0.22386357447201188,-0.23089088051626355,-0.10134138428443018,0.28559129336347344,-0.017481782943211614,-3.126638412475586,-3.059077489619299,0.06756092285628679,0
1780808656.4073415,FLY,spline,1,130,-21.01374870475372,-0.23624894455148462,-1.999021949652773,-20.988866806030273,-0.9280565977096558,-1.8209179639816284,-0.024881898723446483,0.6918076531581712,-0.1781039856711446,0.6922549659282339,2.391465967184514,1.558719895077677,-1.5873067063641046,0.3757642480345164,0.2541265209728204,0.028817778453230858,1.7125442028045654,0.17241446673870087,1.6440808407175829,1.561861630521993,0.08171205423411954,0.21866062827307906,-0.23017131770046162,-0.10255874954932276,0.28437334942278375,-0.01749812535405844,-3.1274499893188477,-3.059077489619299,0.0683724996995485,0
1780808656.4177146,FLY,spline,1,130,-21.01374870475372,-0.23624894455148462,-1.999021949652773,-20.98828125,-0.8943457007408142,-1.817568302154541,-0.02546745475371992,0.6580967561893296,-0.181453647498232,0.6585893498672376,2.3843549986593104,1.5576532497988964,-1.5868449558890614,0.3507894738564642,0.25310307519795366,0.028402408584952354,1.76983642578125,0.1735408753156662,1.6411421214301523,1.669228693569448,0.07956219988228747,0.23369201709972276,-0.22975989700022134,-0.10328223072760645,0.28355115308674333,-0.017514037794034897,-3.12793231010437,-3.059077489619299,0.06885482048507097,0
1780808656.428807,FLY,spline,1,130,-21.01374870475372,-0.23624894455148462,-1.999021949652773,-20.98808479309082,-0.8818457126617432,-1.8163622617721558,-0.025663911662899608,0.6455967681102586,-0.18265968788061726,0.6461066656181873,2.3818202156825836,1.5572730323523876,-1.5863823282195018,0.32581365436257914,0.2521058709820432,0.027758069336414337,1.799709439277649,0.17399054765701294,1.6383569101489504,1.7082046477865183,0.07811532332503024,0.23914865069011257,-0.22936996742085308,-0.10328223072760645,0.2836512801466589,-0.017529660858699902,-3.12793231010437,-3.059077489619299,0.06885482048507097,0
1780808656.4394345,FLY,spline,1,130,-21.01374870475372,-0.23624894455148462,-1.999021949652773,-20.987890243530273,-0.869140625,-1.815151333808899,-0.025858461223446483,0.6328916804485154,-0.1838706158438741,0.6334197180367771,2.3793060565929007,1.556895908488935,-1.5859750111098216,0.30083216765341025,0.25123442702413235,0.025718411430716515,1.8550605773925781,0.17530997097492218,1.6331750884959026,1.8088966659366545,0.07592445604921016,0.25324553323113164,-0.2286445123894264,-0.10406436287634913,0.2824639548032565,-0.017544845749909745,-3.1284537315368652,-3.059077489619299,0.06937624191756608,0
1780808656.4499445,FLY,spline,1,130,-21.01374870475372,-0.23624894455148462,-1.999021949652773,-20.987577438354492,-0.8460351228713989,-1.8129785060882568,-0.026171266399227733,0.6097861783199143,-0.1860434435645162,0.6103475390750304,2.374866889681334,1.5562300334522,-1.5854503057622562,0.2758567359139502,0.25025846917370675,0.024386517703533173,1.880640983581543,0.17609821259975433,1.6299314213257268,1.837601498845025,0.07416025657395242,0.25726420983830356,-0.22819039898560178,-0.10427715145819727,0.2821111688568792,-0.017559677801224537,-3.1285955905914307,-3.059077489619299,0.06951810097213151,0
1780808656.4603474,FLY,spline,1,130,-21.01374870475372,-0.23624894455148462,-1.999021949652773,-20.98726463317871,-0.8193163871765137,-1.810512661933899,-0.026484071575008983,0.5830674426250291,-0.1885092877188741,0.5836686120535195,2.3699651550975696,1.5554947732646354,-1.584864310731848,0.25088223686486333,0.2492935820966376,0.020575575530529022,1.9371687173843384,0.1777631789445877,1.6225444790858097,1.9410489780868179,0.07153040315204989,0.2717468569321545,-0.22715622707201338,-0.1044570382761294,0.2818344422568647,-0.017573983881854948,-3.1287155151367188,-3.059077489619299,0.0696380255174196,0
1780808656.4710147,FLY,spline,1,130,-21.01374870475372,-0.23624894455148462,-1.999021949652773,-20.98714828491211,-0.8056738376617432,-1.8092724084854126,-0.026600419841610545,0.5694248931102586,-0.18974954116736042,0.5700458676539805,2.3675359066437207,1.555130385996558,-1.5842611604355339,0.22590544005264385,0.2484014886479684,0.015853915363550186,1.9895894527435303,0.1796252429485321,1.6141713908525752,2.028942818989058,0.0687762456994363,0.28405199465846814,-0.22598399471936056,-0.1046011623071963,0.2815662221079894,-0.017587739130994835,-3.1288115978240967,-3.059077489619299,0.06973410820479753,0
1780808656.4822166,FLY,spline,1,130,-21.01374870475372,-0.23624894455148462,-1.999021949652773,-20.98695182800293,-0.780517578125,-1.8070117235183716,-0.026796876750790233,0.5442686335735154,-0.19201022613440144,0.5449279017407519,2.363243983835764,1.5544865975753646,-1.5835597296243191,0.2009339851704369,0.24743482640965503,0.013236436992883682,2.014009714126587,0.18056203424930573,1.6104708719351397,2.052164169684879,0.0668727921603493,0.2873029837558831,-0.2254659220709196,-0.104816454284125,0.28036611479458845,-0.017601113689426906,-3.128955125808716,-3.059077489619299,0.06987763618941667,0
1780808656.4928448,FLY,spline,1,130,-21.01374870475372,-0.23624894455148462,-1.999021949652773,-20.986797332763672,-0.7374609112739563,-1.8032079935073853,-0.026951371990048045,0.5012119667224717,-0.19581395614538777,0.5019360636953216,2.3563386371132973,1.5534507955669945,-1.5827103769793094,0.17596533035544482,0.24651565460080316,-0.0008377202902920544,2.1166322231292725,0.18451227247714996,1.5839161148421896,2.255437698752533,0.062003382123653195,0.3157612778253546,-0.22174825607790657,-0.10482038819068018,0.2802535544947221,-0.017613514365851637,-3.128957748413086,-3.059077489619299,0.06988025879378679,0
1780808656.5035546,FLY,spline,1,130,-21.01374870475372,-0.23624894455148462,-1.999021949652773,-20.986797332763672,-0.7374609112739563,-1.8032079935073853,-0.026951371990048045,0.5012119667224717,-0.19581395614538777,0.5019360636953216,2.3563386371132973,1.5534507955669945,-1.5818610243342996,0.15099667554045273,0.2455964827919513,-0.0008377202902920544,2.1166322231292725,0.18451227247714996,1.5894961752222456,2.2098787448436275,0.061084210314801324,0.3093830242781079,-0.2225294645311144,-0.10478677117102686,0.2798217092701439,-0.017625731207914597,-3.1289353370666504,-3.059077489619299,0.06985784744735124,0
1780808656.514282,FLY,spline,1,130,-21.01374870475372,-0.23624894455148462,-1.999021949652773,-20.987030029296875,-0.679736316204071,-1.7982226610183716,-0.02671867545684492,0.44348737165258645,-0.20079928863440144,0.44429149939368356,2.347879676240877,1.5521819514361315,-1.5808146666531495,0.1260377957265093,0.24461696554543336,-0.014200556091964245,2.1890907287597656,0.1876281350851059,1.5661597957427689,2.3447468773136606,0.05698883046032746,0.32826456282391253,-0.21926237140398766,-0.10429753624671045,0.2782356402010528,-0.017637128974006662,-3.1286091804504395,-3.059077489619299,0.0695316908311403,0
1780808656.524882,FLY,spline,1,130,-21.01374870475372,-0.23624894455148462,-1.999021949652773,-20.987030029296875,-0.679736316204071,-1.7982226610183716,-0.02671867545684492,0.44348737165258645,-0.20079928863440144,0.44429149939368356,2.347879676240877,1.5521819514361315,-1.5797683089719994,0.10107891591256589,0.24363744829891543,-0.014200556091964245,2.1890907287597656,0.1876281350851059,1.5727030335032142,2.309019467562948,0.05600931321380953,0.32326272545881274,-0.22017842469045001,-0.10429753624671045,0.2783027997181315,-0.017648330836649424,-3.1286091804504395,-3.059077489619299,0.0695316908311403,0
1780808656.5355482,FLY,spline,1,130,-21.01374870475372,-0.23624894455148462,-1.999021949652773,-20.987030029296875,-0.679736316204071,-1.7982226610183716,-0.02671867545684492,0.44348737165258645,-0.20079928863440144,0.44429149939368356,2.347879676240877,1.5521819514361315,-1.5787219512908492,0.07612003609862247,0.2426579310523975,-0.014200556091964245,2.1890907287597656,0.1876281350851059,1.5774064362047169,2.2912674906518204,0.0550297959672916,0.3207774486912549,-0.22083690106866039,-0.1040750917124087,0.27788101450950686,-0.017659336795842882,-3.1284608840942383,-3.059077489619299,0.06938339447493913,0
1780808656.5465853,FLY,spline,1,130,-21.01374870475372,-0.23624894455148462,-1.999021949652773,-20.987499237060547,-0.636914074420929,-1.79458487033844,-0.026249467693173045,0.40066512986944436,-0.20443707931433308,0.4015240725628709,2.34222609131113,1.5513339136966695,-1.5775020638913893,0.05116928662448722,0.24167204291899802,-0.029017534106969833,2.2539682388305664,0.19078631699085236,1.5504768813873269,2.428776841054141,0.050885725928145664,0.3400287577475798,-0.2170667633942258,-0.10325040184729639,0.2768658035499595,-0.01766951394102851,-3.12791109085083,-3.059077489619299,0.06883360123153093,0
1780808656.5574026,FLY,spline,1,130,-21.01374870475372,-0.23624894455148462,-1.999021949652773,-20.988006591796875,-0.6051366925239563,-1.791909098625183,-0.02574211295684492,0.3688877479724717,-0.20711285102758992,0.3697848387693643,2.3383783017820283,1.5507567452673041,-1.576154531933761,0.026225332202296232,0.24068043039042183,-0.04102260619401932,2.298778772354126,0.1934165507555008,1.5322054565432826,2.508045730715997,0.04726387963492104,0.3511264023002396,-0.21450876391605958,-0.10289027058356348,0.27668428392823385,-0.017678966716955496,-3.127671003341675,-3.059077489619299,0.06859351372237565,0
1780808656.5684726,FLY,spline,1,130,-21.01374870475372,-0.23624894455148462,-1.999021949652773,-20.988006591796875,-0.6051366925239563,-1.791909098625183,-0.02574211295684492,0.3688877479724717,-0.20711285102758992,0.3697848387693643,2.3383783017820283,1.5507567452673041,-1.574806999976133,0.0012813777801052445,0.23968881786184565,-0.04102260619401932,2.298778772354126,0.1934165507555008,1.5403294370749216,2.4858333657536704,0.046272267106344855,0.3480166712055139,-0.21564612119048904,-0.10289027058356348,0.2767543584770987,-0.017688221170376765,-3.127671003341675,-3.059077489619299,0.06859351372237565,0
1780808656.5790515,FLY,spline,1,130,-21.01374870475372,-0.23624894455148462,-1.999021949652773,-20.98890495300293,-0.5630175471305847,-1.7883837223052979,-0.024843751750790233,0.3267686025791001,-0.21063822734747517,0.3277116592868688,2.333719458098034,1.550057918714705,-1.5732808193666907,-0.023651945542674427,0.2386887374505314,-0.058304112404584885,2.3542797565460205,0.1968042552471161,1.5117180036981077,2.5987994210127257,0.04188448220341531,0.36383191894178163,-0.2116405205177351,-0.10132600628607813,0.2755291289295754,-0.01769659806681745,-3.1266281604766846,-3.059077489619299,0.06755067085738542,0
1780808656.5897832,FLY,spline,1,130,-21.01374870475372,-0.23624894455148462,-1.999021949652773,-20.98988151550293,-0.5298925638198853,-1.785620093345642,-0.023867189250790233,0.29364361926840066,-0.21340185630713093,0.2946119784730052,2.330321368023772,1.5495482052035658,-1.5716149468949845,-0.0485760749941344,0.2376824372990472,-0.07284875214099884,2.395069122314453,0.19938312470912933,1.4907534613541347,2.6702266344522316,0.03829931258991787,0.37383172882331245,-0.20870548458957888,-0.10080386959784571,0.2753834029776694,-0.017704257929335433,-3.1262800693511963,-3.059077489619299,0.06720257973189714,0
1780808656.6003034,FLY,spline,1,130,-21.01374870475372,-0.23624894455148462,-1.999021949652773,-20.98988151550293,-0.5298925638198853,-1.785620093345642,-0.023867189250790233,0.29364361926840066,-0.21340185630713093,0.2946119784730052,2.330321368023772,1.5495482052035658,-1.5699490744232782,-0.07350020444559435,0.236676137147563,-0.07284875214099884,2.395069122314453,0.19938312470912933,1.5024878534860082,2.6496070968665055,0.037293012438433665,0.37094499356131083,-0.21034829948804118,-0.10024740063422266,0.2750411511519133,-0.01771171653182312,-3.1259090900421143,-3.059077489619299,0.06683160042281511,0
1780808656.6110992,FLY,spline,1,130,-21.01374870475372,-0.23624894455148462,-1.999021949652773,-20.991718292236328,-0.4794335961341858,-1.781435489654541,-0.022030412517391795,0.24318465158270117,-0.217586459998232,0.2441804943911086,2.3257062858734185,1.5488559428810127,-1.5680623503962883,-0.09840820823498594,0.23566045034857783,-0.0966171845793724,2.4526636600494385,0.20292165875434875,1.46112779751436,2.7693250662657825,0.03273879159422907,0.3877055092772096,-0.2045578916520104,-0.09901000820868555,0.27457149736079567,-0.017718264290141963,-3.125084161758423,-3.059077489619299,0.0660066721391237,0
1780808656.621754,FLY,spline,1,130,-21.01374870475372,-0.23624894455148462,-1.999021949652773,-20.992460250854492,-0.4622753858566284,-1.7800195217132568,-0.021288453899227733,0.2260264413051438,-0.2190024279395162,0.22702676150288353,2.324270938316535,1.5486406407474802,-1.5661004422677263,-0.12331028232290042,0.23464181272159693,-0.10510967671871185,2.4710114002227783,0.20411553978919983,1.457958866404154,2.7906234162628025,0.030526272932397097,0.3906872782767924,-0.2041142412965816,-0.09761919342749659,0.2739382965805463,-0.017724369544728443,-3.124156951904297,-3.059077489619299,0.06507946228499772,0
1780808656.6326745,FLY,spline,1,130,-21.01374870475372,-0.23624894455148462,-1.999021949652773,-20.995546340942383,-0.40031248331069946,-1.7749170064926147,-0.018202363811337108,0.16406353875921484,-0.22410494316015828,0.16507019960767197,2.31974374470287,1.5479615617054305,-1.5638676213850444,-0.148189088253516,0.2336124797469836,-0.137503519654274,2.532275676727295,0.20820645987987518,1.400937670335204,2.914100393470687,0.025406019867108415,0.4,-0.1961312738469286,-0.09688355290167872,0.2739645432135959,-0.017729450748701865,-3.123666524887085,-3.059077489619299,0.06458903526778581,1
1780808656.6435459,FLY,spline,1,130,-21.01374870475372,-0.23624894455148462,-1.999021949652773,-20.995546340942383,-0.40031248331069946,-1.7749170064926147,-0.018202363811337108,0.16406353875921484,-0.22410494316015828,0.16507019960767197,2.31974374470287,1.5479615617054305,-1.5616348005023626,-0.1730678941841316,0.23258314677237027,-0.137503519654274,2.532275676727295,0.20820645987987518,1.4213142888260473,2.889876326619712,0.024376686892495086,0.4,-0.19898400043564662,-0.09567262493842188,0.27347386654729794,-0.017734326086080363,-3.122859239578247,-3.059077489619299,0.06378174995894792,1
1780808656.6540356,FLY,spline,1,130,-21.01374870475372,-0.23624894455148462,-1.999021949652773,-20.996562957763672,-0.38261717557907104,-1.7734618186950684,-0.017185746990048045,0.14636823102758642,-0.22556013095770466,0.14737370509609526,2.318621987964313,1.547793298194647,-1.5593220209274077,-0.19793926878917,0.23155078254714592,-0.1471947282552719,2.548410177230835,0.2093939185142517,1.4158426526981573,2.915477311374666,0.022156864032894213,0.4,-0.19821797137774205,-0.09399105870001856,0.2729502394730849,-0.017738757458886943,-3.1217381954193115,-3.059077489619299,0.06266070580001237,1
1780808656.6648781,FLY,spline,1,130,-21.01374870475372,-0.23624894455148462,-1.999021949652773,-20.997655868530273,-0.364814430475235,-1.77200186252594,-0.016092836223446483,0.12856548592375036,-0.22702008712683308,0.1295687599250866,2.317561478515874,1.547634221777381,-1.55692702745644,-0.22280274280822107,0.23051556953621768,-0.15716126561164856,2.5640785694122314,0.2104780673980713,1.4055819578216406,2.9458584562124552,0.020037502138146396,0.4,-0.19678147409502972,-0.09399105870001856,0.27311578092423705,-0.017742764959314573,-3.1217381954193115,-3.059077489619299,0.06266070580001237,1
1780808656.6755495,FLY,spline,1,130,-21.01374870475372,-0.23624894455148462,-1.999021949652773,-21.00113296508789,-0.31385740637779236,-1.7678271532058716,-0.012615739665829295,0.07760846182630773,-0.23119479644690144,0.07862715964831392,2.3149423917773544,1.5472413587666032,-1.5542964004611979,-0.24764206693562638,0.229472603330819,-0.1868017464876175,2.605719804763794,0.21333444118499756,1.3595703058001436,3.034042551169524,0.01613816214582145,0.4,-0.19033984281202013,-0.09038581215613428,0.2722259402292808,-0.017745992591743736,-3.1193346977233887,-3.059077489619299,0.06025720810408952,1
1780808656.6864672,FLY,spline,1,130,-21.01374870475372,-0.23624894455148462,-1.999021949652773,-21.002498626708984,-0.2956640422344208,-1.7663378715515137,-0.011250078044735545,0.05941509768293615,-0.23268407810125935,0.06047080360542173,2.3141584129328585,1.5471237619399287,-1.5515817773751654,-0.2724722416766454,0.2284270203206088,-0.19774894416332245,2.6194775104522705,0.21433737874031067,1.3547678810299628,3.055137808880553,0.014089641580298129,0.4,-0.1896675033441948,-0.08938946091406885,0.27211608900806794,-0.017748810520059794,-3.1186704635620117,-3.059077489619299,0.05959297394271257,1
1780808656.697284,FLY,spline,1,130,-21.01374870475372,-0.23624894455148462,-1.999021949652773,-21.003944396972656,-0.27738282084465027,-1.7648437023162842,-0.00980430778106367,0.041133876293165644,-0.23417824733648884,0.042286170670412807,2.3134436475962037,1.5470165471394306,-1.5487809621002688,-0.2972927381806145,0.2273789806780559,-0.20897020399570465,2.632762908935547,0.21520131826400757,1.3453468811138884,3.0811624475077615,0.01217766241404833,0.4,-0.1883485633559444,-0.08938946091406885,0.2722666118088851,-0.017751246052542604,-3.1186704635620117,-3.059077489619299,0.05959297394271257,1
1780808656.7078714,FLY,spline,1,130,-21.01374870475372,-0.23624894455148462,-1.999021949652773,-21.005468368530273,-0.25901365280151367,-1.763344645500183,-0.008280336223446483,0.022764708250029048,-0.23567730415258992,0.024223870658552086,2.3128022990629225,1.5469203448594384,-1.5457752082451786,-0.3220898370662472,0.22634489624302906,-0.23255085945129395,2.6582236289978027,0.2171533852815628,1.3099267690733853,3.137373155398511,0.009191510961466254,0.4,-0.18338974767027397,-0.08836664520972315,0.27225001567448526,-0.017753084354734897,-3.1179885864257812,-3.059077489619299,0.0589110968064821,1
1780808656.7186797,FLY,spline,1,130,-21.01374870475372,-0.23624894455148462,-1.999021949652773,-21.01070213317871,-0.2020605355501175,-1.75869619846344,-0.003046571575008983,-0.03418840900136713,-0.24032575118933308,0.03432388247862432,2.3112497428689474,1.546687461430342,-1.5426178130958283,-0.34686710427127265,0.2252875950931046,-0.2571893334388733,2.6816635131835938,0.21890102326869965,1.2826216515444835,3.1844519313414805,0.006386571824404941,0.4,-0.17956703121622772,-0.08396818005316797,0.271615315927163,-0.01775436166909978,-3.115056276321411,-3.059077489619299,0.05597878670211198,1
1780808656.7292101,FLY,spline,1,130,-21.01374870475372,-0.23624894455148462,-1.999021949652773,-21.012577056884766,-0.18335936963558197,-1.7571728229522705,-0.0011716478689542953,-0.052889574915902654,-0.24184912670050251,0.05290255091688589,2.3108961694583408,1.546634425418751,-1.5393704887908084,-0.37163267443447917,0.22422862420147402,-0.2697017788887024,2.692462921142578,0.21955230832099915,1.2773044140737628,3.2052827223700153,0.004676315880474874,0.4,-0.1788226179703268,-0.0828205522226626,0.2715818879705389,-0.017755296932275875,-3.114291191101074,-3.059077489619299,0.05521370148177507,1
1780808656.740068,FLY,spline,1,130,-21.01374870475372,-0.23624894455148462,-1.999021949652773,-21.014530181884766,-0.16458983719348907,-1.75564444065094,0.0007814771310457047,-0.07165910735799555,-0.24337750900183308,0.07166336842384036,2.3106255355482688,1.5465938303322404,-1.5359183010339106,-0.3963709350034528,0.2231794036752295,-0.29415327310562134,2.711613178253174,0.22054286301136017,1.2458242567417173,3.2486246493013136,0.002636540663869341,0.4,-0.17441539594384042,-0.08070232235663477,0.2714783499005266,-0.017755824240408648,-3.1128790378570557,-3.059077489619299,0.053801548237756514,1
1780808656.7509742,FLY,spline,1,130,-21.01374870475372,-0.23624894455148462,-1.999021949652773,-21.022811889648438,-0.09278319776058197,-1.7498143911361694,0.00906318489471758,-0.14346574679090265,-0.2492075585166036,0.1437517367641422,2.310226611844693,1.546533991776704,-1.5322319088301575,-0.4210747155497364,0.22211463175544344,-0.33319324254989624,2.737502098083496,0.22187720239162445,1.1831220120439891,3.3083581548548695,0.00023742936381898616,0.4,-0.16563708168615848,-0.0794946130441958,0.27154252879702934,-0.017755871726281413,-3.1120738983154297,-3.059077489619299,0.05299640869613054,1
1780808656.761717,FLY,spline,1,130,-21.01374870475372,-0.23624894455148462,-1.999021949652773,-21.022811889648438,-0.09278319776058197,-1.7498143911361694,0.00906318489471758,-0.14346574679090265,-0.2492075585166036,0.1437517367641422,2.310226611844693,1.546533991776704,-1.5285455166264044,-0.4457784960960201,0.22104985983565736,-0.33319324254989624,2.737502098083496,0.22187720239162445,1.2118970703801366,3.305972623303842,-0.0008273425559670866,0.4,-0.16966558985321914,-0.07827331387274805,0.2715161794683373,-0.017755706257770218,-3.111259698867798,-3.059077489619299,0.0521822092484987,1
1780808656.7725267,FLY,spline,1,130,-21.01374870475372,-0.23624894455148462,-1.999021949652773,-21.02523422241211,-0.07372070103883743,-1.7482714653015137,0.011485517658389455,-0.1625282435126472,-0.25075048435125935,0.1629335663857743,2.310283416411031,1.5465425124616545,-1.524637510371012,-0.47044856450450556,0.21999382393264,-0.36004582047462463,2.7523515224456787,0.22247913479804993,1.1734820842200095,3.345839891744269,-0.0024853108654099287,0.4,-0.16428749179080135,-0.07703806721442286,0.271552623121292,-0.017755209195597137,-3.110436201095581,-3.059077489619299,0.051358711476281904,1
1780808656.7838948,FLY,spline,1,130,-21.01374870475372,-0.23624894455148462,-1.999021949652773,-21.029842376708984,-0.03892578184604645,-1.745458960533142,0.016093671955264455,-0.19732316270543818,-0.25356298911963093,0.1979783746197561,2.3106190172811254,1.5465928525921688,-1.5206818003840796,-0.4951106026505418,0.21892788163460516,-0.37315380573272705,2.7588024139404297,0.22265605628490448,1.1705315732180972,3.365370376557185,-0.003728174650299315,0.4,-0.16387442025053361,-0.0747399505304629,0.2715104846772088,-0.017754463560667077,-3.1089041233062744,-3.059077489619299,0.049826633686975264,1
1780808656.7944372,FLY,spline,1,130,-21.01374870475372,-0.23624894455148462,-1.999021949652773,-21.035350799560547,-0.00046874998952262104,-1.7423632144927979,0.021602094806826955,-0.235780194561962,-0.25665873515997517,0.2367677145383631,2.311208806850121,1.546681321027518,-1.5165290466503811,-0.51974026487342,0.21786281111384923,-0.40267500281333923,2.7716526985168457,0.22279128432273865,1.1298530651592817,3.403056515487964,-0.004928473208889422,0.4,-0.15817942912229946,-0.07216181122534815,0.2715080650304816,-0.0177534778660253,-3.1071853637695312,-3.059077489619299,0.0481078741502321,1
1780808656.805103,FLY,spline,1,130,-21.01374870475372,-0.23624894455148462,-1.999021949652773,-21.043710708618164,0.05365234240889549,-1.7380322217941284,0.029962003864444142,-0.2899012869603801,-0.2609897278586446,0.29144549723208557,2.3125613287553244,1.5468841993132987,-1.5120988305269267,-0.5443216573459209,0.2168005826956828,-0.4456551671028137,2.7863967418670654,0.22245559096336365,1.0605720465085517,3.446604784931271,-0.005655008267680839,0.4,-0.14848008651119726,-0.070850389831,0.2715408104527186,-0.017752346864371764,-3.106311082839966,-3.059077489619299,0.04723359322066667,1
1780808656.815702,FLY,spline,1,130,-21.01374870475372,-0.23624894455148462,-1.999021949652773,-21.043710708618164,0.05365234240889549,-1.7380322217941284,0.029962003864444142,-0.2899012869603801,-0.2609897278586446,0.29144549723208557,2.3125613287553244,1.5468841993132987,-1.5076686144034723,-0.5689030498184218,0.2157383542775164,-0.4456551671028137,2.7863967418670654,0.22245559096336365,1.0981750210027397,3.4515879423445512,-0.006717236685847255,0.4,-0.15374450294038358,-0.0671028073953921,0.2716350651095847,-0.017751003417034596,-3.1038126945495605,-3.059077489619299,0.044735204930261396,1
1780808656.8260896,FLY,spline,1,130,-21.01374870475372,-0.23624894455148462,-1.999021949652773,-21.050233840942383,0.09244140237569809,-1.7349462509155273,0.03648513618866289,-0.3286903469271827,-0.2640756987372457,0.33070910076049764,2.3138180769144623,1.5470727115371692,-1.5030333101641395,-0.5934467559751935,0.2146798446181974,-0.4774421155452728,2.7946486473083496,0.22193683683872223,1.0509361516833793,3.4841219352976402,-0.007256992220524838,0.4,-0.14713106123567313,-0.06574096047156397,0.27170686464250227,-0.017749552018590492,-3.102904796600342,-3.059077489619299,0.043827306981042646,1
1780808656.8366761,FLY,spline,1,130,-21.01374870475372,-0.23624894455148462,-1.999021949652773,-21.05367088317871,0.11187499761581421,-1.7334082126617432,0.03992217842499102,-0.3481239421672988,-0.26561373699102986,0.3504055642256521,2.3145374031129147,1.5471806104669372,-1.498148138315592,-0.6179422820988374,0.21362898975855318,-0.5084370970726013,2.8006770610809326,0.22124934196472168,1.0151369951562494,3.5102180231935276,-0.007620352206168496,0.4,-0.14211917932187493,-0.06189610325568262,0.27188368505690946,-0.01774802794814926,-3.100341558456421,-3.059077489619299,0.04126406883712175,1
1780808656.8476005,FLY,spline,1,130,-21.01374870475372,-0.23624894455148462,-1.999021949652773,-21.06769561767578,0.1857617199420929,-1.7275975942611694,0.05394691292206133,-0.4220106644935775,-0.2714243553916036,0.42544479120108086,2.317896224055594,1.547684433608339,-1.4930167493043955,-0.642387685729206,0.21258443810155742,-0.557295024394989,2.8065576553344727,0.21977970004081726,0.9368662112411732,3.540324556173612,-0.007195261939259845,0.4,-0.13116126957376426,-0.06052388512366358,0.2719316148728618,-0.017746588895761407,-3.099426746368408,-3.059077489619299,0.04034925674910905,1
1780808656.8583324,FLY,spline,1,130,-21.01374870475372,-0.23624894455148462,-1.999021949652773,-21.071680068969727,0.2052636742591858,-1.72607421875,0.05793136421600664,-0.4415126188106704,-0.272947730902773,0.445297019447676,2.318920839120865,1.5478381258681297,-1.4876503640032377,-0.6667828730756293,0.2115467757612823,-0.587952196598053,2.8081295490264893,0.21864914894104004,0.9063503476510473,3.5597534366214654,-0.007102373179757732,0.4,-0.12688904867114664,-0.0591609653162295,0.2720193241558841,-0.017745168421125456,-3.098518133163452,-3.059077489619299,0.039440643544153,1
1780808656.8688815,FLY,spline,1,130,-21.01374870475372,-0.23624894455148462,-1.999021949652773,-21.071680068969727,0.2052636742591858,-1.72607421875,0.05793136421600664,-0.4415126188106704,-0.272947730902773,0.445297019447676,2.318920839120865,1.5478381258681297,-1.4822839787020798,-0.6911780604220527,0.2105091134210072,-0.587952196598053,2.8081295490264893,0.21864914894104004,0.9427352802727779,3.5749907251350006,-0.00814003552003284,0.4,-0.1319829392381889,-0.05780805908911768,0.2722114232339487,-0.01774354041402145,-3.097616195678711,-3.059077489619299,0.03853870605941179,1
1780808656.8794858,FLY,spline,1,131,-21.16963774605738,-0.24320746322493567,-1.9760444919062774,-21.078006744384766,0.23508788645267487,-1.7237548828125,-0.09163100167261362,-0.47829534967761056,-0.2522896090937774,0.4869935132943295,2.3205968969243798,1.548089534538657,-1.4768875677803386,-0.7155708821954286,0.20957691435641493,-0.6014416217803955,2.808318614959717,0.21813419461250305,0.9431115710219353,3.593204439029577,-0.008557280256088123,0.4,-0.13203561994307095,-0.06074288474005973,0.27256759036525413,-0.017741828957970232,-3.0953524112701416,-3.0548571547767684,0.040495256493373155,1
1780808656.8900352,FLY,spline,1,131,-21.16963774605738,-0.24320746322493567,-1.9760444919062774,-21.08671760559082,0.27409178018569946,-1.720742106437683,-0.08292014046655893,-0.5172992434106352,-0.2553023854685943,0.5239029079211237,2.3229804452814147,1.5484470667922121,-1.471266545710284,-0.7399131900011969,0.20865162436014742,-0.6372079849243164,2.8075883388519287,0.216786190867424,0.8860462521056157,3.6144561758862994,-0.008134566507276592,0.4,-0.12404647529478621,-0.05941393958014762,0.27268293593098875,-0.017740202044668776,-3.0944664478302,-3.0548571547767684,0.03960929305343175,1
1780808656.9006596,FLY,spline,1,131,-21.16963774605738,-0.24320746322493567,-1.9760444919062774,-21.08671760559082,0.27409178018569946,-1.720742106437683,-0.08292014046655893,-0.5172992434106352,-0.2553023854685943,0.5239029079211237,2.3229804452814147,1.5484470667922121,-1.4656455236402295,-0.7642554978069652,0.2077263343638799,-0.6372079849243164,2.8075883388519287,0.216786190867424,0.9136915779066347,3.634670619444436,-0.0090598565035441,0.4,-0.12791682090692888,-0.05808785544318473,0.27292116350082146,-0.01773839007336807,-3.0935823917388916,-3.0548571547767684,0.038725236962123155,1
1780808656.9114645,FLY,spline,1,131,-21.16963774605738,-0.24320746322493567,-1.9760444919062774,-21.101131439208984,0.33397459983825684,-1.7161425352096558,-0.06850630684839487,-0.5771820630631925,-0.25990195669662164,0.5812333851387836,2.3269990433334087,1.5490498565000113,-1.4596702336054603,-0.7885138259342421,0.20681560637498433,-0.6935997605323792,2.802708625793457,0.21472686529159546,0.8110367980003959,3.6503280803038494,-0.007911258916611125,0.4,-0.11354515172005543,-0.05530014620703971,0.2732104661374251,-0.017736807821584745,-3.091723918914795,-3.0548571547767684,0.036866764138026475,1
1780808656.9221675,FLY,spline,1,131,-21.16963774605738,-0.24320746322493567,-1.9760444919062774,-21.10609245300293,0.3534179627895355,-1.7146581411361694,-0.06354529305444956,-0.5966254260144712,-0.26138635077010797,0.5999999193635989,2.3283910432455506,1.5492586564868325,-1.4535792699034782,-0.8127435842568119,0.2059106352091486,-0.7122974991798401,2.8001301288604736,0.2140900045633316,0.802245751365277,3.669357116025108,-0.008179369354183008,0.4,-0.11231440519113879,-0.05392149077338493,0.27343892488378835,-0.01773517194771391,-3.0908048152923584,-3.0548571547767684,0.03594766051558995,1
1780808656.9330075,FLY,spline,1,131,-21.16963774605738,-0.24320746322493567,-1.9760444919062774,-21.11117172241211,0.3728417754173279,-1.713173747062683,-0.05846602364526987,-0.6160492386422636,-0.2628707448435943,0.618817372374598,2.3298385009977993,1.54947577514967,-1.4473708163535761,-0.8369437330839613,0.20501180193065402,-0.7311661243438721,2.7970690727233887,0.21346908807754517,0.792929708177872,3.687478982466255,-0.008457286146891146,0.4,-0.11101015914490209,-0.05108514414710319,0.2739201714168815,-0.01773348049048453,-3.088913917541504,-3.0548571547767684,0.03405676276473546,1
1780808656.9437644,FLY,spline,1,131,-21.16963774605738,-0.24320746322493567,-1.9760444919062774,-21.130352020263672,0.44208982586860657,-1.7079004049301147,-0.03928572579370737,-0.6852972890935423,-0.26814408697616265,0.6864224229219908,2.335410151514752,1.5503115227272128,-1.4407415146703961,-0.8610329220556366,0.20413811212282643,-0.800044596195221,2.7820968627929688,0.21142356097698212,0.671384866575751,3.6857262167179714,-0.0072854488541556905,0.4,-0.09399388132060515,-0.047342926129525065,0.27449042783918143,-0.0177320234007137,-3.086419105529785,-3.0548571547767684,0.03156195075301671,1
1780808656.95444,FLY,spline,1,131,-21.16963774605738,-0.24320746322493567,-1.9760444919062774,-21.13605499267578,0.46137693524360657,-1.7064355611801147,-0.033582753381597996,-0.7045843984685423,-0.26960893072616265,0.7053842753350593,2.337021625324253,1.5505532437986378,-1.4339942282538252,-0.8850896270760703,0.2032726240682583,-0.8196690082550049,2.7768304347991943,0.2108837515115738,0.6701116736397972,3.7045095835217645,-0.007611127443315491,0.4,-0.09381563430957161,-0.04588344679755485,0.27479838424081177,-0.01773050117522504,-3.0854461193084717,-3.0548571547767684,0.030588964531703233,1
1780808656.9650497,FLY,spline,1,131,-21.16963774605738,-0.24320746322493567,-1.9760444919062774,-21.13605499267578,0.46137693524360657,-1.7064355611801147,-0.033582753381597996,-0.7045843984685423,-0.26960893072616265,0.7053842753350593,2.337021625324253,1.5505532437986378,-1.4272469418372542,-0.909146332096504,0.20240713601369018,-0.8196690082550049,2.7768304347991943,0.2108837515115738,0.7028834959661001,3.7333337094189187,-0.008476615497883616,0.4,-0.09840368943525403,-0.04588344679755485,0.27486931860827685,-0.01772880585212546,-3.0854461193084717,-3.0548571547767684,0.030588964531703233,1
1780808656.9758518,FLY,spline,1,131,-21.16963774605738,-0.24320746322493567,-1.9760444919062774,-21.16077995300293,0.5398241877555847,-1.7004833221435547,-0.008857793054449559,-0.7830316509805204,-0.2755611697627227,0.7830817498416592,2.34395843013436,1.5515937645201539,-1.4200030052836874,-0.9330595482524504,0.20158040976705116,-0.9015849232673645,2.750271797180176,0.2085992693901062,0.5506479433212923,3.710771600248745,-0.00701885962305504,0.4,-0.07709071206498093,-0.041535407170479655,0.2756747273806259,-0.01772740208020085,-3.082547426223755,-3.0548571547767684,0.027690271446986436,1
1780808656.9864895,FLY,spline,1,131,-21.16963774605738,-0.24320746322493567,-1.9760444919062774,-21.167186737060547,0.5588671565055847,-1.699038028717041,-0.002451008996832371,-0.8020746197305204,-0.2770064631892364,0.8020783646633048,2.345708740357775,1.5518563110536663,-1.4126376780307799,-0.9569360195902358,0.2007642780904881,-0.9219624996185303,2.7425456047058105,0.2080814689397812,0.5537374439683493,3.729524725405463,-0.0073171908492930815,0.4,-0.07752324215556891,-0.03885963545722282,0.2763613405247078,-0.01772593864203099,-3.080763578414917,-3.0548571547767684,0.025906423638148546,1
1780808656.9975476,FLY,spline,1,131,-21.16963774605738,-0.24320746322493567,-1.9760444919062774,-21.167186737060547,0.5588671565055847,-1.699038028717041,-0.002451008996832371,-0.8020746197305204,-0.2770064631892364,0.8020783646633048,2.345708740357775,1.5518563110536663,-1.4052723507778724,-0.9808124909280211,0.19994814641392505,-0.9219624996185303,2.7425456047058105,0.2080814689397812,0.5922835874762479,3.762416653969882,-0.008133322525856135,0.4,-0.0829197022466747,-0.03756466494483268,0.2767765451337952,-0.01772431197752582,-3.0799002647399902,-3.0548571547767684,0.025043109963221788,1
1780808657.0081384,FLY,spline,1,131,-21.16963774605738,-0.24320746322493567,-1.9760444919062774,-21.173749923706055,0.5778515338897705,-1.697597622871399,0.004112177648675441,-0.8210589971147062,-0.2784468690348785,0.8210692947297575,2.3474650897941376,1.5521197634691206,-1.3975740534029357,-1.0045840533557377,0.19914251791876778,-0.9610539078712463,2.7265169620513916,0.20705585181713104,0.532101773011121,3.7621940570397547,-0.007913333898363267,0.4,-0.07449424822155695,-0.035328060254280924,0.27741225009551235,-0.017722729310746147,-3.078409194946289,-3.0548571547767684,0.023552040169520616,1
1780808657.0190144,FLY,spline,1,131,-21.16963774605738,-0.24320746322493567,-1.9760444919062774,-21.192852020263672,0.6306347250938416,-1.6935839653015137,0.02321427420629263,-0.8738421883187772,-0.28246052660476373,0.8741504862508939,2.3524822176320246,1.5528723326448037,-1.3897281176491394,-1.0283084964216767,0.19837304189034183,-1.0006382465362549,2.7087297439575195,0.20595599710941315,0.4735303117017156,3.7616116205702994,-0.007582955219071319,0.4,-0.06629424363824019,-0.03413107977790153,0.27776773634668595,-0.017721212719702333,-3.077611207962036,-3.0548571547767684,0.022754053185267686,1
1780808657.029863,FLY,spline,1,131,-21.16963774605738,-0.24320746322493567,-1.9760444919062774,-21.199960708618164,0.6494140625,-1.6921533346176147,0.030322962560784816,-0.8926215257249357,-0.28389115728866265,0.8931364230877469,2.3543103670577783,1.5531465550586667,-1.3817524471175744,-1.0519900745164978,0.1976170402297555,-1.0217112302780151,2.6986453533172607,0.20536187291145325,0.460742534151243,3.77806063854271,-0.007744832681697761,0.4,-0.06450395478117403,-0.032953768834298014,0.2781793829403561,-0.01771966375316599,-3.076826333999634,-3.0548571547767684,0.021969179222865343,1
1780808657.040815,FLY,spline,1,131,-21.16963774605738,-0.24320746322493567,-1.9760444919062774,-21.22589874267578,0.7144433259963989,-1.6871923208236694,0.056260996618402004,-0.9576507892213346,-0.28885217108260797,0.9593020034570661,2.360795065440502,1.5541192598160753,-1.3733202726939482,-1.0755145560812014,0.1969119149916141,-1.0963472127914429,2.659451961517334,0.20320327579975128,0.3282843224512725,3.7370678300245594,-0.006291360808137192,0.4,-0.04595980514317815,-0.02903953181189811,0.27955248305352254,-0.017718405481004364,-3.074216842651367,-3.0548571547767684,0.01935968787459874,1
1780808657.0515277,FLY,spline,1,131,-21.16963774605738,-0.24320746322493567,-1.9760444919062774,-21.233671188354492,0.7328222393989563,-1.6857861280441284,0.06403344229711294,-0.976029702623892,-0.290258363862149,0.9781279375094551,2.362616192837099,1.5543924289255648,-1.3647566415306611,-1.0989919752811728,0.19622270601895647,-1.1179208755493164,2.6471779346466064,0.2025754451751709,0.3263030400192453,3.7571266029441404,-0.006352739156214426,0.4,-0.04568242560269435,-0.027979165181343912,0.2800094863906105,-0.01771713493317312,-3.073509931564331,-3.0548571547767684,0.018652776787562608,1
1780808657.0621927,FLY,spline,1,131,-21.16963774605738,-0.24320746322493567,-1.9760444919062774,-21.233671188354492,0.7328222393989563,-1.6857861280441284,0.06403344229711294,-0.976029702623892,-0.290258363862149,0.9781279375094551,2.362616192837099,1.5543924289255648,-1.356193010367374,-1.1224693944811441,0.19553349704629885,-1.1179208755493164,2.6471779346466064,0.2025754451751709,0.36346447530041004,3.7990105998268673,-0.007041948128872044,0.4,-0.05088502654205741,-0.027979165181343912,0.2800660314980489,-0.017715726543547347,-3.073509931564331,-3.0548571547767684,0.018652776787562608,1
1780808657.0727205,FLY,spline,1,131,-21.16963774605738,-0.24320746322493567,-1.9760444919062774,-21.241601943969727,0.75111323595047,-1.6843847036361694,0.07196419791234732,-0.9943206991754057,-0.29165978827010797,0.9969215107468767,2.3644250638257445,1.5546637595738617,-1.3472295396339669,-1.145797514146911,0.19485894143627375,-1.1616439819335938,2.620999813079834,0.20111703872680664,0.29404433463355023,3.7837780860946904,-0.0062580972905328935,0.4,-0.04116620684869703,-0.025031238660042643,0.2814076425262094,-0.01771447492408924,-3.071544647216797,-3.0548571547767684,0.01668749244002843,1
1780808657.0834339,FLY,spline,1,132,-21.325156204148655,-0.25069805543811785,-1.9515786644151367,-21.258007049560547,0.7877538800239563,-1.6815673112869263,-0.06714915458810822,-1.0384519354620743,-0.27001135312821045,1.0406206951751564,2.3681045805086254,1.5552156870762937,-1.3382153614991137,-1.169109431526513,0.19431204049483233,-1.1837643384933472,2.6070895195007324,0.2003321349620819,0.27589348555935084,3.79727552065141,-0.006020094467249576,0.4,-0.038625087978309124,-0.030504138998403985,0.2818769043755825,-0.01771327090519579,-3.0709359645843506,-3.050599871918748,0.020336092665602656,1
1780808657.094737,FLY,spline,1,132,-21.325156204148655,-0.25069805543811785,-1.9515786644151367,-21.283554077148438,0.8414550423622131,-1.6774218082427979,-0.04160212700021759,-1.092153097800331,-0.27415685617233887,1.0929451614814907,2.373442240637886,1.556016336095683,-1.3285405053638077,-1.192156295186547,0.19382292476523785,-1.2695472240447998,2.5488927364349365,0.197231724858284,0.10881607319051484,3.7224168845051673,-0.0034088000930461437,0.4,-0.015234250246672078,-0.02871671491087957,0.2826912865615495,-0.01771258914517718,-3.069744348526001,-3.050599871918748,0.019144476607253047,1
1780808657.1056414,FLY,spline,1,132,-21.325156204148655,-0.25069805543811785,-1.9515786644151367,-21.29914093017578,0.8723828196525574,-1.675024390220642,-0.026015273972873842,-1.1230808750906753,-0.27655427419449463,1.1233821462326703,2.3764536879619813,1.5564680531942972,-1.3188536913918452,-1.2151989557703342,0.19337411713053462,-1.2891219854354858,2.5346665382385254,0.19648116827011108,0.11541225328909183,3.747691723848644,-0.003107051139576461,0.4,-0.016157715460472857,-0.027180345587149102,0.2836111688815063,-0.017711967734949263,-3.0687201023101807,-3.050599871918748,0.018120230391432735,1
1780808657.11638,FLY,spline,1,132,-21.325156204148655,-0.25069805543811785,-1.9515786644151367,-21.3174991607666,0.9072362780570984,-1.6723144054412842,-0.00765704338205353,-1.1579343334952164,-0.27926425897385254,1.1579596499880147,2.3797891234076647,1.5569683685111497,-1.3088738984087125,-1.238117115911642,0.1929720378458235,-1.3340650796890259,2.5007667541503906,0.194623202085495,0.051432741902872725,3.7293822248526327,-0.0016511642396714876,0.4,-0.007200583866402183,-0.026331337026968438,0.2840444509846825,-0.017711637502101328,-3.0681540966033936,-3.050599871918748,0.017554224684645625,1
1780808657.1271968,FLY,spline,1,132,-21.325156204148655,-0.25069805543811785,-1.9515786644151367,-21.3174991607666,0.9072362780570984,-1.6723144054412842,-0.00765704338205353,-1.1579343334952164,-0.27926425897385254,1.1579596499880147,2.3797891234076647,1.5569683685111497,-1.2988941054255798,-1.2610352760529497,0.1925699585611124,-1.3340650796890259,2.5007667541503906,0.194623202085495,0.09462773938180652,3.781607901952452,-0.002053243524382603,0.4,-0.013247883513452914,-0.025514514974966485,0.28463130405384546,-0.01771122685339645,-3.0676095485687256,-3.050599871918748,0.017009676649977656,1
1780808657.1379032,FLY,spline,1,132,-21.325156204148655,-0.25069805543811785,-1.9515786644151367,-21.326913833618164,0.9244824051856995,-1.6709716320037842,0.00175762946950897,-1.1751804606238174,-0.28060703241135254,1.1751817750005145,2.381406099621594,1.5572109149432392,-1.2884915671812578,-1.2837650787875645,0.19219145397604298,-1.377359390258789,2.4663596153259277,0.19269925355911255,0.024827276540899945,3.7564391168809363,-0.0005077995830695681,0.4,-0.0034758187157259927,-0.023357303671255547,0.2861172488119688,-0.017711125293479835,-3.066171407699585,-3.050599871918748,0.015571535780837031,1
1780808657.1490705,FLY,spline,1,132,-21.325156204148655,-0.25069805543811785,-1.9515786644151367,-21.34453010559082,0.95570307970047,-1.6685302257537842,0.01937390144216522,-1.206401135138588,-0.28304843866135254,1.206556690305418,2.384274117294708,1.5576411175942062,-1.2780782999370301,-1.3064907762708504,0.19186505054702488,-1.3981106281280518,2.449244737625122,0.1917552649974823,0.008128940451542277,3.7708301818925576,0.00010978554954257924,0.4,-0.001138051663215919,-0.023357303671255547,0.28606782004424997,-0.017711147250589743,-3.066171407699585,-3.050599871918748,0.015571535780837031,1
1780808657.1596825,FLY,spline,1,132,-21.325156204148655,-0.25069805543811785,-1.9515786644151367,-21.364452362060547,0.9893164038658142,-1.6658886671066284,0.03929615791189178,-1.2400144593039322,-0.2856899973085083,1.2406369522585805,2.3871872518929,1.5580780877839349,-1.267121683464184,-1.3289615281720515,0.19173139254456645,-1.4436427354812622,2.4103269577026367,0.18949809670448303,-0.06845393704421449,3.739161502269674,0.0022332958400834158,0.4,0.00958355118619003,-0.02194789224089666,0.28709337710941246,-0.01771159390975776,-3.0652318000793457,-3.050599871918748,0.014631928160597774,1
1780808657.1704094,FLY,spline,1,132,-21.325156204148655,-0.25069805543811785,-1.9515786644151367,-21.39320182800293,1.035195231437683,-1.6622655391693115,0.0680456238542746,-1.285893286875801,-0.2893131252458252,1.287692413644644,2.390950340602728,1.5586425510904092,-1.255220844726421,-1.3509460361242966,0.19195821281576503,-1.5073301792144775,2.3525798320770264,0.18610496819019318,-0.18530544005518407,3.6742915522044206,0.005853244625571852,0.4,0.02594276160772577,-0.02127483659209295,0.28743074999291063,-0.017712764558682873,-3.0647830963134766,-3.050599871918748,0.014183224394728633,1
1780808657.181014,FLY,spline,1,132,-21.325156204148655,-0.25069805543811785,-1.9515786644151367,-21.414608001708984,1.067421793937683,-1.659706950187683,0.08945179756032928,-1.318119849375801,-0.2918717142274536,1.3211516042473168,2.39337092308213,1.5590056384623194,-1.2426050918896532,-1.3725238473708514,0.19244896954738874,-1.5532300472259521,2.3086133003234863,0.1835610419511795,-0.24789324920926548,3.646639592580349,0.008887927596209239,0.4,0.03470505488929717,-0.019584687284841973,0.28898877044348664,-0.017714542144202115,-3.0636563301086426,-3.050599871918748,0.013056458189894649,1
1780808657.1917865,FLY,spline,1,132,-21.325156204148655,-0.25069805543811785,-1.9515786644151367,-21.414608001708984,1.067421793937683,-1.659706950187683,0.08945179756032928,-1.318119849375801,-0.2918717142274536,1.3211516042473168,2.39337092308213,1.5590056384623194,-1.2299893390528853,-1.3941016586174062,0.19293972627901246,-1.5532300472259521,2.3086133003234863,0.1835610419511795,-0.20319879791117462,3.710447217971263,0.009378684327832953,0.4,0.02844783170756445,-0.01908973031462713,0.2896159593546237,-0.017716417881067682,-3.063326358795166,-3.050599871918748,0.012726486876418086,1
1780808657.2025669,FLY,spline,1,133,-21.480297653621264,-0.2587310298647829,-1.9256026143610128,-21.445350646972656,1.1111035346984863,-1.656215786933899,-0.034947006648607726,-1.3698345645632692,-0.26938682742711384,1.3702802733550314,2.396311771161093,1.559446765674164,-1.216262333201926,-1.4149711423902311,0.1939565632489953,-1.6170401573181152,2.2440054416656494,0.17991168797016144,-0.3286472794303087,3.629806924406889,0.014044875278833857,0.4,0.04601061912024322,-0.025104667785424084,0.2899138733550059,-0.017719226856123448,-3.0630509853363037,-3.046314540146021,0.016736445190282723,1
1780808657.21341,FLY,spline,1,133,-21.480297653621264,-0.2587310298647829,-1.9256026143610128,-21.445350646972656,1.1111035346984863,-1.656215786933899,-0.034947006648607726,-1.3698345645632692,-0.26938682742711384,1.3702802733550314,2.396311771161093,1.559446765674164,-1.2025353273509667,-1.435840626163056,0.19497340021897813,-1.6170401573181152,2.2440054416656494,0.17991168797016144,-0.2884773674118256,3.692890597804359,0.015061712248816694,0.4,0.04038683143765559,-0.0243668814923943,0.2917385596455042,-0.01772223919857321,-3.062559127807617,-3.046314540146021,0.0162445876615962,1
1780808657.223841,FLY,spline,1,133,-21.480297653621264,-0.2587310298647829,-1.9256026143610128,-21.468318939208984,1.141757845878601,-1.6537450551986694,-0.0119787144122796,-1.400488875743384,-0.27185755916234333,1.4005401032030245,2.398021381047899,1.5597032071571848,-1.1879496242835579,-1.4561005544506127,0.19631226982145752,-1.6630347967147827,2.1948812007904053,0.17705878615379333,-0.3762483768494004,3.642605723344242,0.01925348366766419,0.4,0.05267477275891606,-0.024216677787560315,0.29210568760426586,-0.017726089895306742,-3.0624589920043945,-3.046314540146021,0.016144451858373543,1
1780808657.2346814,FLY,spline,1,133,-21.480297653621264,-0.2587310298647829,-1.9256026143610128,-21.50261688232422,1.1848632097244263,-1.6502490043640137,0.022319228702954774,-1.4435942395892092,-0.2753536099969991,1.4437667666714877,2.3999631685383216,1.5599944752807482,-1.1720588588859095,-1.4753140421132134,0.19813585610019324,-1.7294468879699707,2.1198861598968506,0.1726500242948532,-0.5088036791784277,3.5449740171711204,0.02548583180534003,0.4,0.0712325150849799,-0.024104025008934826,0.2923195852066363,-0.01773118706166781,-3.0623838901519775,-3.046314540146021,0.01606935000595655,1
1780808657.245346,FLY,spline,1,133,-21.480297653621264,-0.2587310298647829,-1.9256026143610128,-21.51480484008789,1.1993944644927979,-1.6490625143051147,0.03450718646662665,-1.4581254943575808,-0.276540100055898,1.45853375113961,2.4004380099101974,1.5600657014865296,-1.1556953377686607,-1.4941087291031074,0.20013458509564588,-1.7523571252822876,2.09287691116333,0.17102336883544922,-0.5246624187506299,3.558773324067074,0.029111216260196665,0.4,0.0734527386250882,-0.02393057549263844,0.2941710663224569,-0.017737009304919848,-3.0622682571411133,-3.046314540146021,0.015953716995092293,1
1780808657.2562027,FLY,spline,1,133,-21.480297653621264,-0.2587310298647829,-1.9256026143610128,-21.51480484008789,1.1993944644927979,-1.6490625143051147,0.03450718646662665,-1.4581254943575808,-0.276540100055898,1.45853375113961,2.4004380099101974,1.5600657014865296,-1.139331816651412,-1.5129034160930015,0.20213331409109853,-1.7523571252822876,2.09287691116333,0.17102336883544922,-0.4930486294509542,3.6221068119167854,0.031109945255649307,0.4,0.0690268081231336,-0.023934867027062268,0.29477033727978713,-0.017743231293970978,-3.0622711181640625,-3.046314540146021,0.015956578018041512,1
1780808657.2667835,FLY,spline,1,133,-21.480297653621264,-0.2587310298647829,-1.9256026143610128,-21.52714729309082,1.2137402296066284,-1.6478856801986694,0.04684963946955634,-1.4724712594714113,-0.27771693416234333,1.4732163787739234,2.4008251601384845,1.5601237740207727,-1.1224446250681397,-1.531206771409674,0.2043264726766782,-1.7752203941345215,2.0653162002563477,0.16938945651054382,-0.5316822713410765,3.614986271038296,0.03493701616613437,0.4,0.07443551798775072,-0.02399459088112721,0.2952325064818609,-0.017750218697204206,-3.0623109340667725,-3.046314540146021,0.015996393920751473,1
1780808657.277506,FLY,spline,1,133,-21.480297653621264,-0.2587310298647829,-1.9256026143610128,-21.574960708618164,1.2659765481948853,-1.6435693502426147,0.09466305499690009,-1.5247075780596682,-0.282033264118398,1.5276433787287937,2.4014354658309203,1.560215319874638,-1.1035274309044818,-1.5472813061813693,0.20728435990374117,-1.860933542251587,1.9562737941741943,0.16259251534938812,-0.728022323988434,3.4358231176764993,0.044691844554353044,0.4,0.10192312535838077,-0.024176623466271252,0.2958463515234131,-0.017759157066115076,-3.062432289123535,-3.046314540146021,0.016117748977514168,1
1780808657.2879858,FLY,spline,1,133,-21.480297653621264,-0.2587310298647829,-1.9256026143610128,-21.574960708618164,1.2659765481948853,-1.6435693502426147,0.09466305499690009,-1.5247075780596682,-0.282033264118398,1.5276433787287937,2.4014354658309203,1.560215319874638,-1.084610236740824,-1.5633558409530646,0.21024224713080414,-1.860933542251587,1.9562737941741943,0.16259251534938812,-0.6923694695863061,3.5092318780442335,0.047649731781416016,0.4,0.09693172574208286,-0.024462368133324475,0.29726065170609905,-0.01776868701247136,-3.0626227855682373,-3.046314540146021,0.016308245422216316,1
1780808657.2985642,FLY,spline,1,133,-21.480297653621264,-0.2587310298647829,-1.9256026143610128,-21.58804702758789,1.2793554067611694,-1.6424511671066284,0.10774937396662665,-1.5380864366259523,-0.28315144725438435,1.5418559641298921,2.4013296746843578,1.5601994512026536,-1.0651089739818096,-1.578671353673329,0.21342592753550826,-1.8835461139678955,1.9259682893753052,0.1607298105955124,-0.7291074249300453,3.5017398536358963,0.052696116939995874,0.4,0.10207503949020635,-0.02472415173317799,0.2976913296650122,-0.01777922623585936,-3.0627973079681396,-3.046314540146021,0.01648276782211866,1
1780808657.3095326,FLY,spline,1,134,-21.635055669068922,-0.26731669517868256,-1.8980944889255644,-21.638593673706055,1.3277050256729126,-1.6383739709854126,0.003538004637132275,-1.595021720851595,-0.25972051794015183,1.5950256447672546,2.399914105134565,1.5599871157701846,-1.0436005108860926,-1.5906531333181904,0.2177644724300743,-1.967833399772644,1.8067905902862549,0.15344858169555664,-0.9244451746666396,3.3014849532869452,0.06431589073451766,0.4,0.12942232445332955,-0.031847569882606175,0.29826000726088203,-0.01779208941400626,-3.063241958618164,-3.0420102453630933,0.021231713255070783,1
1780808657.320285,FLY,spline,1,134,-21.635055669068922,-0.26731669517868256,-1.8980944889255644,-21.638593673706055,1.3277050256729126,-1.6383739709854126,0.003538004637132275,-1.595021720851595,-0.25972051794015183,1.5950256447672546,2.399914105134565,1.5599871157701846,-1.0220920477903754,-1.6026349129630517,0.22210301732464033,-1.967833399772644,1.8067905902862549,0.15344858169555664,-0.89117052368751,3.3782231953808592,0.06865443562908369,0.4,0.12476387331625141,-0.03287110084268918,0.2996690500479244,-0.017805820301132078,-3.0639243125915527,-3.0420102453630933,0.021914067228459455,1
1780808657.331105,FLY,spline,1,134,-21.635055669068922,-0.26731669517868256,-1.8980944889255644,-21.652421951293945,1.3400194644927979,-1.6373242139816284,0.0173662822250229,-1.6073361596714804,-0.260770274943936,1.6074299729524089,2.399225027734152,1.5598837541601227,-1.0000364005637743,-1.6134731814202161,0.22669435288917494,-1.990017056465149,1.7737197875976562,0.15148377418518066,-0.9281530860616849,3.3653019649414744,0.07521057870399428,0.4,0.1299414320486359,-0.03287110084268918,0.29912951648619074,-0.017820862416872876,-3.0639243125915527,-3.0420102453630933,0.021914067228459455,1
1780808657.3418384,FLY,spline,1,134,-21.635055669068922,-0.26731669517868256,-1.8980944889255644,-21.666406631469727,1.3520995378494263,-1.6362841129302979,0.03135096240080415,-1.6194162330281088,-0.2618103759952666,1.619719672856512,2.3984021393728328,1.5597603209059248,-0.9769082007441598,-1.6216340453910094,0.23154065790993006,-2.0354065895080566,1.7036596536636353,0.14732371270656586,-1.032906025309809,3.266171418256193,0.0842169452033642,0.4,0.14460684354337328,-0.03520962947580686,0.3012249342000821,-0.01783770580591355,-3.065483331680298,-3.0420102453630933,0.023473086317204572,1
1780808657.352656,FLY,spline,1,134,-21.635055669068922,-0.26731669517868256,-1.8980944889255644,-21.7110538482666,1.3882910013198853,-1.6331298351287842,0.07599817919767915,-1.6556076964985678,-0.26496465379678025,1.657351069612789,2.3949657956476256,1.5592448693471437,-0.9530882503715064,-1.6267673668997897,0.23713163050258518,-2.0801737308502197,1.631102204322815,0.1431635022163391,-1.129182317044964,3.167440626657696,0.09396812828624607,0.4,0.15808552438629497,-0.036931607663367894,0.302317363126728,-0.017856499431570798,-3.066631317138672,-3.0420102453630933,0.024621071775578596,1
1780808657.3633091,FLY,spline,1,134,-21.635055669068922,-0.26731669517868256,-1.8980944889255644,-21.725664138793945,1.3993651866912842,-1.6321483850479126,0.0906084697250229,-1.6666818818699667,-0.26594610387765183,1.6691430106912721,2.393565569550174,1.559034835432526,-0.929025071204549,-1.6302952946297107,0.2429210289438193,-2.1015942096710205,1.5950614213943481,0.1412764936685562,-1.1615489861118884,3.152577157344313,0.1016445352752631,0.4,0.1626168580556644,-0.03788361304972043,0.3026781247573044,-0.01787682833862585,-3.0672659873962402,-3.0420102453630933,0.025255742033146955,1
1780808657.3740883,FLY,spline,1,134,-21.635055669068922,-0.26731669517868256,-1.8980944889255644,-21.75566291809082,1.4210156202316284,-1.6302050352096558,0.1206072490218979,-1.688332315410311,-0.26788945371590867,1.6926346669542638,2.3903052439018158,1.5585457865852723,-0.9047846462808556,-1.6303400519722846,0.24903656623003312,-2.144531726837158,1.5201302766799927,0.13727967441082,-1.2537292743585893,3.0436846654908334,0.11175689181921311,0.4,0.17552209841020253,-0.0389089321491467,0.30282658345923014,-0.017899179716989694,-3.0679495334625244,-3.0420102453630933,0.025939288099431135,1
1780808657.3845692,FLY,spline,1,135,-21.78942382508535,-0.27646536005356853,-1.8690324352904526,-21.770702362060547,1.4313085079193115,-1.6292675733566284,-0.018721463024803597,-1.70777386797288,-0.23976486193382418,1.707876481865372,2.388457065305241,1.5582685597957862,-0.880728829913633,-1.6292124284966107,0.2557482101570878,-2.1654582023620605,1.482209324836731,0.1352730691432953,-1.2862288237501072,3.021182735470738,0.12047514101379253,0.4,0.180072035325015,-0.04648641098455597,0.3030976331264671,-0.017923274745192452,-3.0686872005462646,-3.037696259889894,0.030990940656370647,1
1780808657.395055,FLY,spline,1,135,-21.78942382508535,-0.27646536005356853,-1.8690324352904526,-21.785898208618164,1.4413378238677979,-1.6283397674560547,-0.00352561646718641,-1.7178031839213663,-0.2406926678343979,1.7178068019023145,2.3864450800034116,1.5579667620005118,-0.8568572879456224,-1.626213829709711,0.26254216992917306,-2.1861844062805176,1.4436830282211304,0.1332724243402481,-1.3262240413817967,2.9876906563325667,0.12926974558892496,0.4,0.18567136579345156,-0.04897156704382111,0.3043926822618383,-0.017949128694310236,-3.0703439712524414,-3.037696259889894,0.032647711362547405,1
1780808657.4064832,FLY,spline,1,135,-21.78942382508535,-0.27646536005356853,-1.8690324352904526,-21.801210403442383,1.4510936737060547,-1.6274267435073853,0.01178657835703234,-1.7275590337596232,-0.24160569178306734,1.7275992413039112,2.3842862804722698,1.5576429420708404,-0.8337563379838194,-1.6191699814470364,0.2690020702778387,-2.2293219566345215,1.3602334260940552,0.12912267446517944,-1.426161261718343,2.847175285411374,0.13987939581265924,0.39860453995759243,0.19966257664056805,-0.052158746609250795,0.3058383949592327,-0.017977104573472766,-3.0724687576293945,-3.037696259889894,0.03477249773950053,0
1780808657.4174838,FLY,spline,1,135,-21.78942382508535,-0.27646536005356853,-1.8690324352904526,-21.85171890258789,1.4806737899780273,-1.6245702505111694,0.06229507750254015,-1.7571391500315958,-0.24446218477928316,1.7582430631897303,2.3760868653986704,1.5564130298098005,-0.8119389922305235,-1.6089864321063831,0.27573250467003213,-2.271332263946533,1.274156093597412,0.12522847950458527,-1.5116691891604068,2.7105476029105513,0.15050402516544686,0.37947666440747724,0.21163368648245698,-0.05365756500677277,0.30603158978117667,-0.018007205378505857,-3.073467969894409,-3.037696259889894,0.03577171000451518,0
1780808657.428705,FLY,spline,1,135,-21.78942382508535,-0.27646536005356853,-1.8690324352904526,-21.883670806884766,1.4974901676177979,-1.622866153717041,0.09424698179941515,-1.7739555276713663,-0.24616628157341158,1.7764573475696215,2.370120583335822,1.5555180875003733,-0.7919958970385721,-1.5952055736006434,0.2818448604359826,-2.325817584991455,1.154300570487976,0.12028215080499649,-1.6220021920487786,2.5063131084739885,0.16156270963098612,0.3508838351863584,0.22708030688682904,-0.05517354954199005,0.3062122325718256,-0.018039517920432055,-3.0744786262512207,-3.037696259889894,0.0367823663613267,0
1780808657.4393754,FLY,spline,1,135,-21.78942382508535,-0.27646536005356853,-1.8690324352904526,-21.883670806884766,1.4974901676177979,-1.622866153717041,0.09424698179941515,-1.7739555276713663,-0.24616628157341158,1.7764573475696215,2.370120583335822,1.5555180875003733,-0.7720528018466207,-1.5814247150949037,0.2879572162019331,-2.325817584991455,1.154300570487976,0.12028215080499649,-1.59263887074201,2.576261530162127,0.1676750653969366,0.36067661422269776,0.22296944190388143,-0.05961493004278351,0.30866195983096056,-0.01807305293351144,-3.077439546585083,-3.037696259889894,0.039743286695189006,0
1780808657.4499345,FLY,spline,1,136,-21.943395696264272,-0.2861873331631929,-1.838394600637339,-21.943828582763672,1.5253612995147705,-1.619848608970642,0.00043288649940009805,-1.8115486326779635,-0.21854599166669697,1.8115486843991029,2.357263120296103,1.5535894680444153,-0.7534930549829394,-1.5660476682997917,0.2945966610745868,-2.3779895305633545,1.0296075344085693,0.11582604795694351,-1.7085509980218525,2.3503263518785094,0.1787706131176433,0.3290456892629913,0.23919713972305937,-0.06997796503152909,0.3098052631426626,-0.01810880705613497,-3.080034017562866,-3.03338204087518,0.04665197668768606,0
1780808657.4605434,FLY,spline,1,136,-21.943395696264272,-0.2861873331631929,-1.838394600637339,-21.943828582763672,1.5253612995147705,-1.619848608970642,0.00043288649940009805,-1.8115486326779635,-0.21854599166669697,1.8115486843991029,2.357263120296103,1.5535894680444153,-0.734933308119258,-1.5506706215046797,0.30123610594724054,-2.3779895305633545,1.0296075344085693,0.11582604795694351,-1.6773415937972769,2.4211781585902012,0.18541005799029703,0.3389649422026282,0.2348278231316188,-0.06997796503152909,0.30923702554125226,-0.01814588906773303,-3.080034017562866,-3.03338204087518,0.04665197668768606,0
1780808657.4708216,FLY,spline,1,136,-21.943395696264272,-0.2861873331631929,-1.838394600637339,-21.960468292236328,1.5321972370147705,-1.619057536125183,0.017072595972056348,-1.8183845701779635,-0.21933706451215595,1.8184647146960322,2.3533100744270343,1.5529965111640551,-0.7177733369717844,-1.5334584865083833,0.30709083045716723,-2.411038637161255,0.9447370171546936,0.11281774938106537,-1.7513778186810849,2.2736459482840017,0.19427308107610186,0.3183104327597603,0.2451928946153519,-0.07578155008401932,0.3111996774255347,-0.01818474368394825,-3.0839030742645264,-3.03338204087518,0.050521033389346215,0
1780808657.4815044,FLY,spline,1,136,-21.943395696264272,-0.2861873331631929,-1.838394600637339,-21.989803314208984,1.5434179306030273,-1.6177000999450684,0.0464076179447126,-1.8296052637662203,-0.2206945006922707,1.8301937296921227,2.3459751428583773,1.5518962714287565,-0.7010262388301397,-1.5158978050768035,0.3131039138170325,-2.426057815551758,0.9044361114501953,0.11136180907487869,-1.7705680855016621,2.2374595405191497,0.20174210474215382,0.313244335672681,0.2478795319702327,-0.07794305292215409,0.3115327054767785,-0.01822509210489668,-3.085344076156616,-3.03338204087518,0.05196203528143606,0
1780808657.4918742,FLY,spline,1,136,-21.943395696264272,-0.2861873331631929,-1.838394600637339,-22.023828506469727,1.5550097227096558,-1.616186499595642,0.08043281020545479,-1.8411970558728488,-0.22220810104169697,1.8429530746908325,2.3367809319998947,1.5505171397999842,-0.6854107451308196,-1.497171325543098,0.318624359523695,-2.459489107131958,0.8106956481933594,0.10804973542690277,-1.8398771123583486,2.07667296797709,0.21057462409679223,0.2907342155167926,0.25758279573016885,-0.08008452859964432,0.31177886384701653,-0.01826720702971604,-3.0867717266082764,-3.03338204087518,0.053389685733096215,0
1780808657.5025263,FLY,spline,1,136,-21.943395696264272,-0.2861873331631929,-1.838394600637339,-22.041015625,1.5603125095367432,-1.6154491901397705,0.09761992873572822,-1.8464998426999362,-0.22294541049756855,1.8490785055203194,2.3318707915936,1.54978061873904,-0.6708085826200508,-1.4774556943278887,0.3234275601019516,-2.489760398864746,0.720150887966156,0.10487205535173416,-1.8960477428647984,1.9346317451837234,0.21855550475021746,0.2708484443257213,0.2654466840010718,-0.082239951764012,0.3120888296639511,-0.01831091813066608,-3.0882086753845215,-3.03338204087518,0.05482663450934133,0
1780808657.5136187,FLY,spline,1,136,-21.943395696264272,-0.2861873331631929,-1.838394600637339,-22.071796417236328,1.5689257383346558,-1.61416494846344,0.12840072097205635,-1.8551130714978488,-0.22422965217389912,1.859551358039978,2.322652595969209,1.5483978893953814,-0.6562975178830415,-1.4577221425810527,0.32842915341341433,-2.5035388469696045,0.6769137978553772,0.10341090708971024,-1.911411758292837,1.9017644199707031,0.2250182463237041,0.26624701879589846,0.2675976461609972,-0.08610626665201249,0.31328699652506775,-0.018355921779930822,-3.0907862186431885,-3.03338204087518,0.057404177768008324,0
1780808657.52452,FLY,spline,1,137,-22.096964857199385,-0.2964929231813065,-1.8061591321478851,-22.106914520263672,1.5773143768310547,-1.612758755683899,0.009949663064286796,-1.8738073000123612,-0.19340037646398622,1.8738337155080511,2.3114036767220023,1.5467105515083004,-0.6415560702043872,-1.4382822328766987,0.33388622506623855,-2.5335779190063477,0.5779724717140198,0.1002434715628624,-1.9758520456068633,1.7378221926777455,0.23364275350337615,0.2432951069748844,0.2766192863849609,-0.09714076579516884,0.3144130674792259,-0.018402650330631497,-3.0938377380371094,-3.029077227506997,0.06476051053011256,0
1780808657.5351615,FLY,spline,1,137,-22.096964857199385,-0.2964929231813065,-1.8061591321478851,-22.161640167236328,1.5874511003494263,-1.6106884479522705,0.06467531003694305,-1.8839440235307328,-0.19547068419561464,1.8850538399540584,2.2923593450554773,1.5438539017583217,-0.6275597267056584,-1.4181302849287996,0.33868219864526916,-2.5766444206237793,0.42239391803741455,0.09548036009073257,-2.0673770861918928,1.4642785134725058,0.2432018385545366,0.20499899188615084,0.289432792066865,-0.09954080642169472,0.3144615395151662,-0.018451290698342403,-3.09543776512146,-3.029077227506997,0.06636053761446314,0
1780808657.5462203,FLY,spline,1,137,-22.096964857199385,-0.2964929231813065,-1.8061591321478851,-22.161640167236328,1.5874511003494263,-1.6106884479522705,0.06467531003694305,-1.8839440235307328,-0.19547068419561464,1.8850538399540584,2.2923593450554773,1.5438539017583217,-0.6135633832069296,-1.3979783369809005,0.34347817222429977,-2.5766444206237793,0.42239391803741455,0.09548036009073257,-2.046621697047276,1.5501361049905171,0.2479978121335672,0.21701905469867241,0.2865270375866187,-0.10728094638293739,0.31634707503575643,-0.018500890260769117,-3.100597858428955,-3.029077227506997,0.07152063092195826,0
1780808657.5567894,FLY,spline,1,137,-22.096964857199385,-0.2964929231813065,-1.8061591321478851,-22.179609298706055,1.590029239654541,-1.6100341081619263,0.08264444150666961,-1.8865221628358475,-0.19612502398595888,1.8883315319569265,2.285715567223607,1.542857335083541,-0.5997596059400265,-1.3776461325971894,0.3480669844959812,-2.5898120403289795,0.37088194489479065,0.09389619529247284,-2.0670371863827213,1.4958204264819666,0.2541707892035084,0.20941485970747534,0.289385206093581,-0.10987410605853554,0.31646752771953085,-0.01855172441860982,-3.1023266315460205,-3.029077227506997,0.07324940403902369,0
1780808657.5676885,FLY,spline,1,137,-22.096964857199385,-0.2964929231813065,-1.8061591321478851,-22.197694778442383,1.5922460556030273,-1.6093945503234863,0.10072992124299773,-1.8887389787843338,-0.19676458182439882,1.8914231274394708,2.278825914646929,1.5418238871970393,-0.5861247810640978,-1.357156216492769,0.3524550237661536,-2.6025454998016357,0.3189859092235565,0.09234710782766342,-2.089622573323927,1.4341565940411345,0.2601079159384902,0.20078192316575885,0.29254716026534977,-0.11250231326526161,0.31656536395972745,-0.018603746001797518,-3.104078769683838,-3.029077227506997,0.07500154217684107,0
1780808657.5785677,FLY,spline,1,137,-22.096964857199385,-0.2964929231813065,-1.8061591321478851,-22.244335174560547,1.5963183641433716,-1.6078027486801147,0.1473703173611618,-1.892811287324678,-0.1983563834677704,1.8985395913340428,2.260190049187226,1.5390285073780838,-0.5727998136226047,-1.3363773226919116,0.3564151771843729,-2.633054733276367,0.18437854945659637,0.08840899914503098,-2.1607988147468826,1.185218556147852,0.2680061780393419,0.1659305978606993,0.3025118340645636,-0.11658392013019081,0.3168658217639668,-0.018657347237405385,-3.106799840927124,-3.029077227506997,0.0777226134201272,0
1780808657.5893085,FLY,spline,1,138,-22.250124882484418,-0.30739243878166167,-1.772304177003749,-22.281131744384766,1.5977636575698853,-1.6066112518310547,0.03100686190034807,-1.905156096351547,-0.1656929251726944,1.9054084016164021,2.2444978515286897,1.5366746777293034,-0.5588800520366403,-1.316073315236885,0.3607726441843782,-2.654935836791992,0.07750311493873596,0.08519746363162994,-2.2063736898178647,1.0226251759771752,0.27557518055274827,0.14316752463680454,0.3088923165745011,-0.12817859805070642,0.31751328048215494,-0.018712462273515935,-3.110244035720825,-3.0247916370203543,0.08545239870047094,0
1780808657.6003485,FLY,spline,1,138,-22.250124882484418,-0.30739243878166167,-1.772304177003749,-22.281131744384766,1.5977636575698853,-1.6066112518310547,0.03100686190034807,-1.905156096351547,-0.1656929251726944,1.9054084016164021,2.2444978515286897,1.5366746777293034,-0.5449602904506758,-1.2957693077818586,0.36513011118438354,-2.654935836791992,0.07750311493873596,0.08519746363162994,-2.1937720583095994,1.105970513669079,0.2799326475527536,0.15483587191367107,0.30712808816334397,-0.13074851191484216,0.31777803532531534,-0.018768448803026486,-3.111957311630249,-3.0247916370203543,0.08716567460989477,0
1780808657.6114185,FLY,spline,1,138,-22.250124882484418,-0.30739243878166167,-1.772304177003749,-22.338281631469727,1.5970507860183716,-1.6048583984375,0.08815674898530901,-1.9044432248000334,-0.1674457785662491,1.9064825225735507,2.2184602886849283,1.5327690433027392,-0.5314014061011161,-1.275115920426122,0.36895035279050764,-2.685020923614502,-0.08950664103031158,0.08044105023145676,-2.267245937487545,0.7866224234674293,0.2885093025590509,0.11012713928544011,0.3174144312482563,-0.1362309471412826,0.31815404706326883,-0.018826150663538297,-3.115612268447876,-3.0247916370203543,0.09082063142752173,0
1780808657.6225207,FLY,spline,1,138,-22.250124882484418,-0.30739243878166167,-1.772304177003749,-22.356990814208984,1.596044898033142,-1.604311466217041,0.10686593172456682,-1.9034373368148039,-0.16799271078670808,1.906434898585313,2.209494644701267,1.53142419670519,-0.5179312565257643,-1.2543796576698294,0.37263307967688464,-2.693833827972412,-0.1444326490163803,0.07894477248191833,-2.2797060790856696,0.7497680769675517,0.2936883071949663,0.10496753077545724,0.31915885107199377,-0.14155495322191003,0.3185608277109916,-0.01888488832497729,-3.119161605834961,-3.0247916370203543,0.09436996881460669,0
1780808657.633289,FLY,spline,1,138,-22.250124882484418,-0.30739243878166167,-1.772304177003749,-22.423124313354492,1.589540958404541,-1.6024657487869263,0.17299943087007463,-1.8969333971862028,-0.16983842821682282,1.9048057949412476,2.1761084371886166,1.5264162655782925,-0.5047321990017394,-1.2334052748828137,0.37592855341843007,-2.7208263874053955,-0.3394400477409363,0.07382266968488693,-2.339989010855503,0.3993219300106168,0.30210588373354313,0.055905070201486357,0.3275984615197704,-0.14155495322191003,0.31782700041115874,-0.018945309501724,-3.119161605834961,-3.0247916370203543,0.09436996881460669,0
1780808657.6443455,FLY,spline,1,139,-22.40286934671309,-0.31889618863800995,-1.7368078823865956,-22.44207000732422,1.5867968797683716,-1.6019628047943115,0.03920066061112948,-1.9056930684063815,-0.13484507759228404,1.9060962102591985,2.1660184852362536,1.524902772785438,-0.49105413436406103,-1.2127982707644689,0.37957024657327043,-2.727412462234497,-0.395429790019989,0.07237982749938965,-2.3474059129002867,0.3804562346581445,0.3071904190738808,0.05326387285214023,0.32863682780604014,-0.15729434927968367,0.3185323320151752,-0.019006747585538775,-3.1253981590270996,-3.0205352595073105,0.10486289951978911,0
1780808657.6549513,FLY,spline,1,139,-22.40286934671309,-0.31889618863800995,-1.7368078823865956,-22.44207000732422,1.5867968797683716,-1.6019628047943115,0.03920066061112948,-1.9056930684063815,-0.13484507759228404,1.9060962102591985,2.1660184852362536,1.524902772785438,-0.4773760697263827,-1.192191266646124,0.38321193972811074,-2.727412462234497,-0.395429790019989,0.07237982749938965,-2.3417031605885446,0.4733419613547418,0.3108321122287211,0.06626787458966386,0.32783844248239624,-0.15997119387654646,0.3183955544703627,-0.01906891400798452,-3.127182722091675,-3.0205352595073105,0.1066474625843643,0
1780808657.6657333,FLY,spline,1,139,-22.40286934671309,-0.31889618863800995,-1.7368078823865956,-22.4610538482666,1.5836620330810547,-1.60146963596344,0.05818450155351229,-1.9025582217190646,-0.13533824642315562,1.9034477201257303,2.155677522018753,1.5233516283028128,-0.4638303495982916,-1.1714736815356328,0.3867183814288921,-2.733485460281372,-0.4515535533428192,0.0710078701376915,-2.3570185071794265,0.4074164855757796,0.3157105112912006,0.057038307980609146,0.32998259100511973,-0.162670926657003,0.3180927033332601,-0.019132056110242757,-3.1289825439453125,-3.0205352595073105,0.108447284438002,0
1780808657.6765063,FLY,spline,1,139,-22.40286934671309,-0.31889618863800995,-1.7368078823865956,-22.480077743530273,1.5801366567611694,-1.6009862422943115,0.07720839681718417,-1.8990328453991794,-0.13582164009228404,1.9006017164161415,2.1450841294287195,1.521762619414308,-0.4507941488686684,-1.1503626345549467,0.3897812503317725,-2.744244337081909,-0.5659412145614624,0.0683324858546257,-2.3848946844750483,0.20362305293545113,0.3214487644771468,0.028507227410963162,0.3338852558265068,-0.16814370593098982,0.31781455887731996,-0.019196345863138186,-3.1326310634613037,-3.0205352595073105,0.11209580395399321,0
1780808657.6872604,FLY,spline,1,139,-22.40286934671309,-0.31889618863800995,-1.7368078823865956,-22.538515090942383,1.5668847560882568,-1.5995653867721558,0.13564574422929354,-1.8857809447262668,-0.1372424956144398,1.890653204429678,2.111065945648721,1.5166598918473082,-0.43772326943233963,-1.1292774432038466,0.3928742774005928,-2.752865791320801,-0.680734395980835,0.06570746004581451,-2.4063029707642123,0.021389316676272762,0.32716681735477826,0.002994504334678187,0.33688241590698975,-0.17072399100331648,0.3174258709953816,-0.01926177922660914,-3.1343512535095215,-3.0205352595073105,0.11381599400221099,0
1780808657.6976779,FLY,spline,1,139,-22.40286934671309,-0.31889618863800995,-1.7368078823865956,-22.557655334472656,1.561767578125,-1.5991162061691284,0.15478598775956698,-1.88066376676301,-0.13769167621746714,1.8870227623486522,2.0994509924588907,1.5149176488688336,-0.4247739769547632,-1.1081051308081276,0.39588243500089665,-2.756314277648926,-0.7373311519622803,0.06447619199752808,-2.4152069234143987,-0.024390569477159126,0.3314062430033686,-0.003414679726802278,0.33812896927801583,-0.1757704778578697,0.31729262864759306,-0.019328060475209814,-3.1377155780792236,-3.0205352595073105,0.11718031857191313,0
1780808657.7080207,FLY,spline,1,139,-22.40286934671309,-0.31889618863800995,-1.7368078823865956,-22.57683563232422,1.556249976158142,-1.5986766815185547,0.17396628561112948,-1.875146164796152,-0.13813120086804087,1.8831987170447655,2.087570965087388,1.5131356447631081,-0.41225809353123904,-1.0866351975670674,0.3986017416686281,-2.76139235496521,-0.8447895646095276,0.06233229488134384,-2.4289123605950484,-0.19382516010672926,0.33626944678728427,-0.0271355224149421,0.34004773048330683,-0.18021936854390486,0.31692634915140433,-0.01939531436456727,-3.140681505203247,-3.0205352595073105,0.12014624569593657,0
1780808657.71894,FLY,spline,1,140,-22.555191824479103,-0.33101448142410306,-1.6996483954780828,-22.630428314208984,1.5387988090515137,-1.5974853038787842,0.07523648972988184,-1.8698132904756166,-0.1021630915992986,1.8713263399594757,2.0531213506163297,1.5079682025924495,-0.39933614528067235,-1.0654519222710346,0.4016500364611581,-2.764577865600586,-0.9522511959075928,0.06043123081326485,-2.4394726741371833,-0.35338775443594034,0.34121880564789325,-0.04947428562103165,0.3415261743792057,-0.1914133640308915,0.3163511694455765,-0.019463558125696848,3.1392581462860107,-3.0163182515396483,0.12760890935392766,0
1780808657.7296884,FLY,spline,1,140,-22.555191824479103,-0.33101448142410306,-1.6996483954780828,-22.649648666381836,1.5317968130111694,-1.597070336341858,0.0944568419027334,-1.8628112944352724,-0.10257805913622486,1.8652045500850176,2.040300976274403,1.5060451464411604,-0.38657417119888804,-1.0441608646924572,0.4046203705705746,-2.7655065059661865,-1.008854627609253,0.05950111895799637,-2.446999945253792,-0.3865055266817588,0.3451192516125782,-0.05411077373544624,0.34257999233553094,-0.1914133640308915,0.3159701099180792,-0.019532581976019363,3.1392581462860107,-3.0163182515396483,0.12760890935392766,0
1780808657.740551,FLY,spline,1,140,-22.555191824479103,-0.33101448142410306,-1.6996483954780828,-22.72265625,1.5016015768051147,-1.595546841621399,0.16746442552089746,-1.8326160582292177,-0.10410155385668385,1.8402515998348268,1.9893293620553143,1.498399404308297,-0.37439756381417705,-1.0224989175243784,0.40735720770236855,-2.764150857925415,-1.2228115797042847,0.057086098939180374,-2.4445674135640205,-0.7944376907708998,0.3502711087631882,-0.11122127670792598,0.3422394378989629,-0.20023711643415076,0.31475655033249006,-0.019602636197772,3.133375644683838,-3.0163182515396483,0.1334914109561005,0
1780808657.7514474,FLY,spline,1,140,-22.555191824479103,-0.33101448142410306,-1.6996483954780828,-22.72265625,1.5016015768051147,-1.595546841621399,0.16746442552089746,-1.8326160582292177,-0.10410155385668385,1.8402515998348268,1.9893293620553143,1.498399404308297,-0.36222095642946606,-1.0008369703562996,0.4100940448341625,-2.764150857925415,-1.2228115797042847,0.057086098939180374,-2.454001233174285,-0.6699638684840586,0.35300794589498213,-0.09379494158776822,0.3435601726443999,-0.20023711643415076,0.3144670017727675,-0.019673237786950997,3.133375644683838,-3.0163182515396483,0.1334914109561005,0
1780808657.7624118,FLY,spline,1,140,-22.555191824479103,-0.33101448142410306,-1.6996483954780828,-22.74183464050293,1.4927245378494263,-1.5951513051986694,0.18664281602382715,-1.8237390192735292,-0.10449709027941334,1.8332647247994704,1.9753403709810422,1.4963010556471563,-0.3502028509771069,-0.9790803699209419,0.4127802091687053,-2.762538433074951,-1.2785108089447021,0.05684256926178932,-2.457242261076279,-0.7191392987743734,0.35593763990691596,-0.10067950182841229,0.34401391655067914,-0.20455010853009803,0.31353417263595457,-0.01974442531493238,3.130500316619873,-3.0163182515396483,0.13636673902006535,0
1780808657.7728624,FLY,spline,1,140,-22.555191824479103,-0.33101448142410306,-1.6996483954780828,-22.761014938354492,1.4834569692611694,-1.59475576877594,0.20582311387538965,-1.8144714506852724,-0.10489262670214283,1.8261078280203715,1.961103815077747,1.494165572261662,-0.338606453199984,-0.9570761080491861,0.4152973539944815,-2.758388042449951,-1.3755805492401123,0.05708577111363411,-2.4544091436432085,-0.868465676015185,0.35821158288084737,-0.12158519464212592,0.3436172801100492,-0.20765896759229285,0.3126790287528385,-0.01981606763150855,3.128427743911743,-3.0163182515396483,0.13843931172819524,0
1780808657.7837281,FLY,spline,1,141,-22.70708589037619,-0.3437576258136926,-1.6608038634598719,-22.82828140258789,1.4479198455810547,-1.5933349132537842,0.121195512211699,-1.7916774713947472,-0.06746895020608767,1.7957718434377268,1.9092746092974378,1.4863911913946155,-0.32698364047072176,-0.9351061160912892,0.4179861599805,-2.7487165927886963,-1.525476098060608,0.05891016498208046,-2.4401444580840987,-1.124359251664509,0.3590759949984195,-0.15741029523303127,0.34162022413177384,-0.21588155441264334,0.3121102995454977,-0.019887882830508234,3.1271133422851562,-3.012150928619335,0.14392103627509556,0
1780808657.7945468,FLY,spline,1,141,-22.70708589037619,-0.3437576258136926,-1.6608038634598719,-22.84734344482422,1.436953067779541,-1.592919945716858,0.14025755444802712,-1.7807106935932335,-0.06788391774301394,1.7862258412241818,1.8940151853902774,1.4841022778085415,-0.3158345680806153,-0.9128731172213308,0.42051438981352424,-2.7397689819335938,-1.6277436017990112,0.06121683865785599,-2.4296935550512697,-1.254751135716203,0.35929755115566825,-0.1756651590002684,0.3401570977071778,-0.2196731250760955,0.3111509882337993,-0.019959742340739366,3.1245856285095215,-3.012150928619335,0.14644875005073033,0
1780808657.8056178,FLY,spline,1,141,-22.70708589037619,-0.3437576258136926,-1.6608038634598719,-22.901092529296875,1.4039355516433716,-1.5916894674301147,0.19400663892068337,-1.747693177457064,-0.06911439602975711,1.758428280731196,1.849672290638337,1.4774508435957505,-0.3048490531477093,-0.8905636503553271,0.42308463295641663,-2.7290196418762207,-1.728548288345337,0.06415010988712311,-2.4171810003748626,-1.3811118421041932,0.3589345230692935,-0.19335565789458709,0.3384053400524808,-0.22287854366282644,0.3101480471812534,-0.020031529245353227,3.122448682785034,-3.012150928619335,0.14858569577521763,0
1780808657.816582,FLY,spline,1,141,-22.70708589037619,-0.3437576258136926,-1.6608038634598719,-22.901092529296875,1.4039355516433716,-1.5916894674301147,0.19400663892068337,-1.747693177457064,-0.06911439602975711,1.758428280731196,1.849672290638337,1.4774508435957505,-0.2938635382148034,-0.8682541834893235,0.425654876099309,-2.7290196418762207,-1.728548288345337,0.06415010988712311,-2.4361775206738825,-1.2842028421136418,0.3615047662121859,-0.17978839789590986,0.3410648528943436,-0.2244907300947112,0.3092535868564212,-0.020103830198595664,3.1213738918304443,-3.012150928619335,0.14966048672980747,0
1780808657.8274338,FLY,spline,1,141,-22.70708589037619,-0.3437576258136926,-1.6608038634598719,-22.920000076293945,1.3915722370147705,-1.5912303924560547,0.21291418591775368,-1.735329862828463,-0.06957347100381717,1.748342696209548,1.8336018818791409,1.4750402822818711,-0.2830538641449427,-0.8458559761837638,0.4281987424481092,-2.722716808319092,-1.7805590629577637,0.06587545573711395,-2.4357479643664104,-1.3380914677574263,0.36232328671099523,-0.1873328054860397,0.3410047150112975,-0.22601601295451346,0.3084583540457772,-0.020176294855937863,3.120357036590576,-3.012150928619335,0.15067734196967564,0
1780808657.8381066,FLY,spline,1,142,-22.85854511899806,-0.35713593048053055,-1.620252433513624,-22.938867568969727,1.378847599029541,-1.590761661529541,0.08032244997166771,-1.7359835295100716,-0.029490771984082897,1.7378407610306812,1.8173240145533631,1.4725986021830044,-0.27248925943795577,-0.8233378202303815,0.4307130574332018,-2.7087297439575195,-1.8828989267349243,0.0699581429362297,-2.4160044466508634,-1.5093234843049526,0.3607549144969721,-0.21130528780269336,0.3382406225311209,-0.23360728264302955,0.3078096117234245,-0.020248445838837257,3.11940336227417,-3.00804375647673,0.15573818842868636,0
1780808657.8487227,FLY,spline,1,142,-22.85854511899806,-0.35713593048053055,-1.620252433513624,-22.976327896118164,1.3524121046066284,-1.5897802114486694,0.11778277712010521,-1.709548035087159,-0.03047222206495448,1.713600673102252,1.7842722342623325,1.46764083513935,-0.261941795592901,-0.8008204304270912,0.4333049993468916,-2.70105242729187,-1.9332777261734009,0.0722208097577095,-2.4135178486368636,-1.5573451994823058,0.3610841895891821,-0.21802832792752283,0.33789249880916095,-0.2375444078490232,0.3056987904080303,-0.020320662676755093,3.116778612136841,-3.00804375647673,0.15836293856601547,0
1780808657.8595035,FLY,spline,1,142,-22.85854511899806,-0.35713593048053055,-1.620252433513624,-23.013671875,1.3245214223861694,-1.5887255668640137,0.15512675600194115,-1.6816573528667,-0.03152686664961024,1.6887971349094368,1.750378678792818,1.4625568018189226,-0.251763449775143,-0.7781294922221195,0.43585893744173293,-2.6842901706695557,-2.0328168869018555,0.07721369713544846,-2.390036114958913,-1.718276931321528,0.3586452403062845,-0.24055877038501394,0.33460505609424784,-0.23872601032705054,0.3051623958811619,-0.02039239172481635,3.1159908771514893,-3.00804375647673,0.15915067355136703,0
1780808657.8703146,FLY,spline,1,142,-22.85854511899806,-0.35713593048053055,-1.620252433513624,-23.032264709472656,1.31005859375,-1.588173747062683,0.1737195904745974,-1.6671945242305306,-0.03207868645094081,1.67622077237425,1.7331537914931785,1.4599730687239767,-0.24206478929192776,-0.7552178345772602,0.43830677910247884,-2.666759490966797,-2.125131368637085,0.08239364624023438,-2.3678365431102035,-1.8524681431105754,0.35591313286224446,-0.2593455400354806,0.33149711603542853,-0.23982607365102515,0.3046441541176871,-0.0204635743513888,3.115257501602173,-3.00804375647673,0.15988404910068343,0
1780808657.8811924,FLY,spline,1,143,-23.009563084938424,-0.3711597040983684,-1.5779722528209996,-23.101913452148438,1.2524120807647705,-1.5858886241912842,0.09235036721001322,-1.623571784863139,0.007916371370284558,1.626196153890269,1.6665543094929418,1.4499831464239412,-0.2325191415795529,-0.7322545979151708,0.4408700527422027,-2.636983871459961,-2.2624332904815674,0.09173282235860825,-2.316451801868377,-2.0820075702891074,0.34913723038359445,-0.29148105984047507,0.3243032522615728,-0.24847206804089694,0.3032143362009912,-0.020533401797465517,3.113529920578003,-3.004007341240986,0.16564804536059796,0
1780808657.8917854,FLY,spline,1,143,-23.009563084938424,-0.3711597040983684,-1.5779722528209996,-23.120155334472656,1.2363768815994263,-1.585229516029358,0.11059224953423197,-1.6075365856977948,0.007257263208358289,1.6113362529323187,1.6485528767537023,1.4472829315130553,-0.22341117984183112,-0.7091059240727544,0.4433568041012299,-2.616610050201416,-2.3457694053649902,0.09777235984802246,-2.297281750498342,-2.1711201919240057,0.34558444425320745,-0.3039568268693608,0.3216194450697679,-0.24920520517163425,0.302677261664908,-0.020602518686316157,3.1130411624908447,-3.004007341240986,0.16613680344775617,0
1780808657.9025803,FLY,spline,1,143,-23.009563084938424,-0.3711597040983684,-1.5779722528209996,-23.120155334472656,1.2363768815994263,-1.585229516029358,0.11059224953423197,-1.6075365856977948,0.007257263208358289,1.6113362529323187,1.6485528767537023,1.4472829315130553,-0.21430321810410935,-0.685957250230338,0.4458435554602571,-2.616610050201416,-2.3457694053649902,0.09777235984802246,-2.3284038764095656,-2.084702817002289,0.34807119561223465,-0.29185839438032046,0.3259765426973392,-0.25058672162823825,0.30029052887269647,-0.020672132925438604,3.1121201515197754,-3.004007341240986,0.1670578144188255,0
1780808657.9134607,FLY,spline,1,143,-23.009563084938424,-0.3711597040983684,-1.5779722528209996,-23.14910125732422,1.2101953029632568,-1.584130883216858,0.13953817238579447,-1.5813550070616254,0.006158630395858289,1.5874994676886165,1.6195899323769023,1.4429384898565354,-0.20522185756259098,-0.6628056297360192,0.44839920786267556,-2.6071128845214844,-2.382185697555542,0.10050487518310547,-2.330426343256714,-2.1096486253073152,0.3478943326795701,-0.2953508075430242,0.32625968805593997,-0.2508610222034946,0.29933430361392416,-0.020741711791974517,3.1119372844696045,-3.004007341240986,0.1672406814689964,0
1780808657.924607,FLY,spline,1,143,-23.009563084938424,-0.3711597040983684,-1.5779722528209996,-23.18503761291504,1.176171898841858,-1.5826562643051147,0.17547452797661478,-1.5473316029402264,0.004684011484115125,1.5572496265615818,1.5827158436499413,1.437407376547491,-0.19651103488514712,-0.6395119839538543,0.450954131434363,-2.5823049545288086,-2.47172474861145,0.10794772207736969,-2.2932292875818723,-2.26105021235273,0.34300640935699334,-0.31654702972938226,0.32105210026146214,-0.2510380479984775,0.2987610029141599,-0.020810313073845916,3.111819267272949,-3.004007341240986,0.16735869866565167,0
1780808657.9352279,FLY,spline,1,143,-23.009563084938424,-0.3711597040983684,-1.5779722528209996,-23.18503761291504,1.176171898841858,-1.5826562643051147,0.17547452797661478,-1.5473316029402264,0.004684011484115125,1.5572496265615818,1.5827158436499413,1.437407376547491,-0.18780021220770327,-0.6162183381716895,0.4535090550060505,-2.5823049545288086,-2.47172474861145,0.10794772207736969,-2.3218010827128936,-2.2054109688572314,0.3455613329286808,-0.3087575356400124,0.32505215157980516,-0.25113818380170017,0.29761701251588335,-0.02087942534043165,3.111752510070801,-3.004007341240986,0.1674254558678001,0
1780808657.9457397,FLY,spline,1,144,-23.16013336279102,-0.3858392553409583,-1.5339414685636592,-23.23859405517578,1.1225781440734863,-1.5802197456359863,0.07846069238476261,-1.5084173994144447,0.04627827707232712,1.510456596895698,1.5261920661019157,1.4289288099152873,-0.17945616492633384,-0.5927944697980945,0.4560973489195706,-2.542081117630005,-2.6015067100524902,0.12084825336933136,-2.24647338044736,-2.4564806106224637,0.33524909555023924,-0.34390728548714494,0.3145062732626304,-0.2571013238931714,0.2967281073212122,-0.0209464751595417,3.111732006072998,-3.00005241851114,0.1714008825954476,0
1780808657.9566412,FLY,spline,1,144,-23.16013336279102,-0.3858392553409583,-1.5339414685636592,-23.256132125854492,1.1042187213897705,-1.5793505907058716,0.09599876306347355,-1.490057976730729,0.04540912214221238,1.4931471918496817,1.507238492343303,1.4260857738514954,-0.17129909089149237,-0.5693057566780727,0.45869398119146265,-2.5279440879821777,-2.643414258956909,0.12520527839660645,-2.245712628466016,-2.486325238744885,0.3334887027948562,-0.34808553342428394,0.3143997679852422,-0.25701263218174564,0.2960114919227064,-0.02101317290010067,3.1117911338806152,-3.00005241851114,0.17134175478783042,0
1780808657.9676783,FLY,spline,1,144,-23.16013336279102,-0.3858392553409583,-1.5339414685636592,-23.262460708618164,1.1020995378494263,-1.582299828529358,0.10232734582714542,-1.4879387931903847,0.048358359965698705,1.4914532302371692,1.5051352284720478,1.425770284270807,-0.1925933456724626,-0.5822951361329095,0.46037645992874027,-0.7897109985351562,-0.12524551153182983,-0.46528276801109314,1.4939563648438143,3.275278587309336,0.9256592279398335,0.4,-0.20915389107813404,-0.23383763103733646,0.2474320784497203,-0.021198304745688637,3.1272411346435547,-3.00005241851114,0.15589175402489097,1
1780808657.978269,FLY,spline,1,144,-23.16013336279102,-0.3858392553409583,-1.5339414685636592,-23.282148361206055,1.0951366424560547,-1.5957714319229126,0.12201499841503605,-1.480975897797013,0.06182996335925339,1.485993697730206,1.4987224735717808,1.424808371035767,-0.21384466014774797,-0.5953161529081067,0.4623347130310129,-0.7082787156105042,-0.3454359769821167,-0.5373883247375488,1.132889461421176,1.95443244671886,0.9997230377685618,0.27362054254064044,-0.15860452459896465,-0.20651726990785035,0.24042399529926126,-0.02139824935324235,-3.137730598449707,-3.00005241851114,0.1376781799385669,0
1780808657.9893398,FLY,spline,1,144,-23.16013336279102,-0.3858392553409583,-1.5339414685636592,-23.286874771118164,1.0922949314117432,-1.5997167825698853,0.12674140832714542,-1.4781341867527016,0.06577531400622605,1.4835579053855021,1.4961242316474748,1.4244186347471213,-0.2350831052693208,-0.6083462216911975,0.46437082607450125,-0.6821079850196838,-0.40940189361572266,-0.568216860294342,0.7588583925911058,1.3254981001016513,1.0325876863688432,0.18556973401423119,-0.10624017496275481,-0.19521515637483033,0.2371158512253525,-0.021604766890516117,-3.1301958560943604,-3.00005241851114,0.13014343758322022,0
1780808658.0000687,FLY,spline,1,144,-23.16013336279102,-0.3858392553409583,-1.5339414685636592,-23.294921875,1.0900976657867432,-1.6115331649780273,0.13478851220898136,-1.4759369211277016,0.07759169641436814,1.4820788569342151,1.4947934713196456,1.4242190206979468,-0.2562910650025427,-0.6213920209071082,0.46661349563825394,-0.33841472864151,-0.06154383346438408,-0.6380651593208313,1.202864976314883,1.778392281578066,1.1046786549590852,0.24897491942092925,-0.16840109668408365,-0.2008706834896985,0.232900542797646,-0.021825702621507934,-3.1339662075042725,-3.00005241851114,0.13391378899313233,0
1780808658.0123587,FLY,spline,1,144,-23.16013336279102,-0.3858392553409583,-1.5339414685636592,-23.296875,1.0898046493530273,-1.6161620616912842,0.13674163720898136,-1.4756439046939858,0.08222059312762497,1.4819659944840522,1.4948761699788318,1.4242314254968247,-0.277488050137278,-0.6344423066207632,0.4689325178437931,-0.3118106424808502,-0.12919357419013977,-0.6686129570007324,0.898312392915118,1.3093034625200426,1.1375454748445255,0.18330248475280597,-0.12576373500811652,-0.22921707897434818,0.23460146566806211,-0.02205321171647684,3.130321502685547,-3.00005241851114,0.15281138598289878,0
1780808658.023163,FLY,spline,1,144,-23.16013336279102,-0.3858392553409583,-1.5339414685636592,-23.296875,1.0898046493530273,-1.6161620616912842,0.13674163720898136,-1.4756439046939858,0.08222059312762497,1.4819659944840522,1.4948761699788318,1.4242314254968247,-0.2986850352720133,-0.6474925923344181,0.4712515400493322,-0.3118106424808502,-0.12919357419013977,-0.6686129570007324,0.6505862106223795,1.1046744155961976,1.1398644970500647,0.15465441818346767,-0.09108206948713314,-0.2462952402139722,0.23803757119854924,-0.02228118461588685,3.118936061859131,-3.00005241851114,0.1641968268093148,0
1780808658.0339339,FLY,spline,1,144,-23.16013336279102,-0.3858392553409583,-1.5339414685636592,-23.301054000854492,1.088710904121399,-1.6349217891693115,0.14092063806347355,-1.4745501594623573,0.10098032060565232,1.4812686451156252,1.4954656682137315,1.4243198502320598,-0.3198377403538145,-0.6605571331116656,0.4738746759592647,-0.20241118967533112,-0.24798701703548431,-0.6975492835044861,0.7375274372326255,0.705570142083699,1.1714239594637508,0.09877981989171786,-0.10325384121256757,-0.25233342914829837,0.23732368992236064,-0.0225154694077796,3.11491060256958,-3.00005241851114,0.16822228609886558,0
1780808658.0442939,FLY,spline,1,144,-23.16013336279102,-0.3858392553409583,-1.5339414685636592,-23.301054000854492,1.088710904121399,-1.6349217891693115,0.14092063806347355,-1.4745501594623573,0.10098032060565232,1.4812686451156252,1.4954656682137315,1.4243198502320598,-0.34099044543561574,-0.6736216738889131,0.4764978118691972,-0.20241118967533112,-0.24798701703548431,-0.6975492835044861,0.5896971611113152,0.6523950603159773,1.1740470953736832,0.09133530844423683,-0.08255760255558414,-0.26210632591496097,0.2412861621634013,-0.022750278826854337,3.1083953380584717,-3.00005241851114,0.17473755060997398,0
1780808658.054707,FLY,spline,1,144,-23.16013336279102,-0.3858392553409583,-1.5339414685636592,-23.30156135559082,1.088222622871399,-1.6396386623382568,0.14142799279980167,-1.4740618782123573,0.10569719377459763,1.48083094846992,1.4954392000558718,1.4243158800083808,-0.36213150940645306,-0.6866892557046175,0.4791985006092854,-0.18792226910591125,-0.2661905288696289,-0.6672464609146118,0.5275677561874998,0.5781292061128089,1.1464449615238972,0.08093808885579326,-0.07385948586624999,-0.2653546598459302,0.24531508082738263,-0.02297956781915912,3.106229782104492,-3.00005241851114,0.17690310656395347,0
1780808658.0657842,FLY,spline,1,144,-23.16013336279102,-0.3858392553409583,-1.5339414685636592,-23.301679611206055,1.0881152153015137,-1.6482714414596558,0.14154624841503605,-1.473954470642472,0.11432997289599656,1.4807353315050267,1.49620985102292,1.424431477653438,-0.3832519564793299,-0.6997603986501167,0.4820396161543014,-0.12148946523666382,-0.19741302728652954,-0.5385124087333679,0.5993974901252215,0.7225430511561404,1.0205520248876694,0.10115602716185966,-0.08391564861753101,-0.2732614543939649,0.2603265932419764,-0.023183678224136653,3.1009585857391357,-3.00005241851114,0.18217430292930992,0
1780808658.07641,FLY,spline,1,144,-23.16013336279102,-0.3858392553409583,-1.5339414685636592,-23.301132202148438,1.0880565643310547,-1.6583056449890137,0.14099883935741886,-1.473895819672013,0.12436417642535447,1.480624719483899,1.4972318648120049,1.4245847797218008,-0.4043481156614742,-0.7128341763687158,0.4850443464127922,-0.10232599824666977,-0.19553641974925995,-0.4418061077594757,0.5768070794250755,0.6978982494132104,0.926850454172268,0.09770575491784947,-0.08075299111951058,-0.2781577375436841,0.2719135242552943,-0.023369048314971108,3.0976943969726562,-3.00005241851114,0.1854384916957894,0
1780808658.0871143,FLY,spline,1,144,-23.16013336279102,-0.3858392553409583,-1.5339414685636592,-23.301132202148438,1.0880565643310547,-1.6583056449890137,0.14099883935741886,-1.473895819672013,0.12436417642535447,1.480624719483899,1.4972318648120049,1.4245847797218008,-0.4254442748436185,-0.725907954087315,0.488049076671283,-0.10232599824666977,-0.19553641974925995,-0.4418061077594757,0.5308665029113261,0.6796568732145374,0.9298551844307588,0.09515196225003525,-0.07432131040758566,-0.2819400098825513,0.27552742059101465,-0.02355501935185726,3.095172882080078,-3.00005241851114,0.18796000658836753,0
1780808658.0982907,FLY,spline,1,144,-23.16013336279102,-0.3858392553409583,-1.5339414685636592,-23.30074119567871,1.0881932973861694,-1.6611669063568115,0.1406078328876923,-1.4740325527271279,0.12722543779315232,1.480723650506274,1.4976875426094145,1.4246531313914121,-0.44653343112016536,-0.7389819798920483,0.491101507964622,-0.06860903650522232,-0.15660129487514496,-0.39795565605163574,0.5761884786435134,0.7590898434304624,0.8890571640162577,0.10627257808026475,-0.08066638701009189,-0.2819400098825513,0.27861345079137156,-0.02373283078466051,3.095172882080078,-3.00005241851114,0.18796000658836753,0
1780808658.1092367,FLY,spline,1,144,-23.16013336279102,-0.3858392553409583,-1.5339414685636592,-23.29863166809082,1.0881543159484863,-1.6694384813308716,0.13849830529980167,-1.4739935712894447,0.13549701276721238,1.4804860110023088,1.4986034755659297,1.4247905213348895,-0.46760210700040006,-0.7520566217232618,0.49428971085012013,0.03236329182982445,-0.13620765507221222,-0.27045127749443054,0.7697067998926094,0.8005950230346869,0.7647409883445506,0.11208330322485617,-0.10775895198496532,-0.2886194255853711,0.29735323852643003,-0.02388577898232942,3.0907199382781982,-3.00005241851114,0.19241295039024742,0
1780808658.1202261,FLY,spline,1,144,-23.16013336279102,-0.3858392553409583,-1.5339414685636592,-23.29863166809082,1.0881543159484863,-1.6694384813308716,0.13849830529980167,-1.4739935712894447,0.13549701276721238,1.4804860110023088,1.4986034755659297,1.4247905213348895,-0.48867078288063476,-0.7651312635544754,0.4974779137356183,0.03236329182982445,-0.13620765507221222,-0.27045127749443054,0.7240335669442731,0.7836342814427777,0.7679291912300488,0.10970879940198888,-0.10136469937219825,-0.2886008289362012,0.3000156160793064,-0.024039364820575428,3.0907323360443115,-3.00005241851114,0.19240055262413414,0
1780808658.1308517,FLY,spline,1,144,-23.16013336279102,-0.3858392553409583,-1.5339414685636592,-23.296913146972656,1.087802767753601,-1.6726659536361694,0.1367797841816376,-1.4736420230945595,0.13872448507251023,1.4799761895351564,1.498640373262668,1.4247960559894002,-0.5097315213859066,-0.7782063634514628,0.500716286212088,0.14465263485908508,-0.12337398529052734,-0.20118887722492218,0.9434326215440706,0.8167637159745751,0.7019051634370101,0.11434692023644052,-0.1320805670161699,-0.2886008289362012,0.3051571572700621,-0.02417974585326283,3.0907323360443115,-3.00005241851114,0.19240055262413414,0
1780808658.14135,FLY,spline,1,144,-23.16013336279102,-0.3858392553409583,-1.5339414685636592,-23.296913146972656,1.087802767753601,-1.6726659536361694,0.1367797841816376,-1.4736420230945595,0.13872448507251023,1.4799761895351564,1.498640373262668,1.4247960559894002,-0.5307922598911785,-0.7912814633484502,0.5039546586885576,0.14465263485908508,-0.12337398529052734,-0.20118887722492218,0.8921309614187722,0.8080649107179865,0.7051435359134798,0.11312908750051812,-0.12489833459862812,-0.2870376375223218,0.3075386227829179,-0.024320774560445527,3.0917744636535645,-3.00005241851114,0.1913584250148812,0
1780808658.1519983,FLY,spline,1,144,-23.16013336279102,-0.3858392553409583,-1.5339414685636592,-23.29167938232422,1.0859081745147705,-1.677709937095642,0.1315460195332001,-1.471747429855729,0.14376846853198288,1.477614581865641,1.497389801036385,1.4246084701554578,-0.5518411737812546,-0.8043592414796904,0.5072584357994131,0.22673173248767853,-0.10290835797786713,-0.1584121733903885,1.0542397246841708,0.8431425699842824,0.6656706091898016,0.11803995979779955,-0.14759356145578392,-0.26165321140537845,0.319109554140141,-0.024453908682283487,3.1086974143981934,-3.00005241851114,0.1744354742702523,0
1780808658.1630073,FLY,spline,1,144,-23.16013336279102,-0.3858392553409583,-1.5339414685636592,-23.29167938232422,1.0859081745147705,-1.677709937095642,0.1315460195332001,-1.471747429855729,0.14376846853198288,1.477614581865641,1.497389801036385,1.4246084701554578,-0.5728900876713308,-0.8174370196109306,0.5105622129102686,0.22673173248767853,-0.10290835797786713,-0.1584121733903885,1.0153761042637421,0.8317552494267515,0.6689743863006571,0.11644573491974522,-0.14215265459692392,-0.25168898372898685,0.3197431947180867,-0.02458770355954362,3.115340232849121,-3.00005241851114,0.16779265581932457,0
1780808658.1734238,FLY,spline,1,144,-23.16013336279102,-0.3858392553409583,-1.5339414685636592,-23.289960861206055,1.084804654121399,-1.678749918937683,0.12982749841503605,-1.4706439094623573,0.1448084503740239,1.4763633319015455,1.4964324895047185,1.4244648734257077,-0.5939362631481316,-0.8305166499582197,0.5138760879498528,0.26792505383491516,-0.16561129689216614,-0.14272242784500122,1.0949667966278593,0.6810121912804761,0.6565985157948541,0.09534170677926666,-0.15329535152790033,-0.2293114927316724,0.3237881001282897,-0.02471902326270259,3.130258560180664,-3.00005241851114,0.1528743284877816,0
1780808658.1843512,FLY,spline,1,144,-23.16013336279102,-0.3858392553409583,-1.5339414685636592,-23.2842960357666,1.0826562643051147,-1.6814452409744263,0.12416267297558292,-1.4684955196460732,0.14750377241076706,1.473735207077931,1.494681355058375,1.4242022032587562,-0.6149778600137412,-0.8435997684212002,0.5172052338806866,0.2981233596801758,-0.12572355568408966,-0.14227643609046936,1.14259477367848,0.7847586651742952,0.659481669971156,0.10986621312440133,-0.15996326831498722,-0.21330836086521732,0.3274686972470155,-0.02485091959669682,3.140927314758301,-3.00005241851114,0.14220557391014488,0
1780808658.1949184,FLY,spline,1,144,-23.16013336279102,-0.3858392553409583,-1.5339414685636592,-23.282148361206055,1.0818456411361694,-1.6825146675109863,0.12201499841503605,-1.4676848964771279,0.14857319894732712,1.4727479808797221,1.494034532577477,1.4241051798866216,-0.6360174801331029,-0.8566842307829844,0.5205415836729007,0.3044090270996094,-0.11303263157606125,-0.1568172574043274,1.1375114650067475,0.8163109128973495,0.6773588410772281,0.11428352780562893,-0.15925160510094466,-0.20629303723420533,0.3278536495488433,-0.024986391364912264,-3.1375811100006104,-3.00005241851114,0.13752869148947022,0
1780808658.2057476,FLY,spline,1,144,-23.16013336279102,-0.3858392553409583,-1.5339414685636592,-23.276601791381836,1.0812695026397705,-1.6868798732757568,0.1164684285908173,-1.467108757980729,0.15293840471209763,1.471724499558994,1.4940954046629937,1.424114310699449,-0.6570478792597125,-0.869768759744518,0.5239353153108306,0.3265030086040497,-0.14240455627441406,-0.19557341933250427,1.1802126146880774,0.7474585816280119,0.7195087346433349,0.10464420142792168,-0.16522976605633086,-0.1939216163739148,0.3277210243866612,-0.02513029311184093,-3.12933349609375,-3.00005241851114,0.12928107758260987,0
1780808658.2164986,FLY,spline,1,144,-23.16013336279102,-0.3858392553409583,-1.5339414685636592,-23.276601791381836,1.0812695026397705,-1.6868798732757568,0.1164684285908173,-1.467108757980729,0.15293840471209763,1.471724499558994,1.4940954046629937,1.424114310699449,-0.6780782783863222,-0.8828532887060515,0.5273290469487605,0.3265030086040497,-0.14240455627441406,-0.19557341933250427,1.174473751430595,0.7598807555245318,0.7229024662812648,0.10638330577343447,-0.1644263252002833,-0.1860759761914197,0.3289794527062192,-0.025274873605097184,-3.12410306930542,-3.00005241851114,0.1240506507942798,0
1780808658.2274215,FLY,spline,1,144,-23.16013336279102,-0.3858392553409583,-1.5339414685636592,-23.2724609375,1.080810546875,-1.6906200647354126,0.11232757470898136,-1.4666498022159584,0.1566785961717534,1.4709449773462338,1.494198071849044,1.4241297107773565,-0.6990989738856535,-0.8959376408562753,0.5307830431174515,0.33993399143218994,-0.15119634568691254,-0.22690211236476898,1.2032920217324452,0.7568631926944656,0.7576851554822205,0.10596084697722519,-0.16846088304254234,-0.1860759761914197,0.3260453005390463,-0.02542641063619363,-3.12410306930542,-3.00005241851114,0.1240506507942798,0
1780808658.2380142,FLY,spline,1,143,-23.009563084938424,-0.3711597040983684,-1.5779722528209996,-23.26644515991211,1.0803124904632568,-1.6968945264816284,0.2568820749736851,-1.4514721945616254,0.1189222736606288,1.4740284705623317,1.4946667222756094,1.4242000083413413,-0.7202893016195365,-0.9087177839948279,0.5343380328345576,0.3655739426612854,-0.1917165070772171,-0.2624954879283905,1.2617830142888427,0.6812929259022958,0.7968335207629481,0.09538100962632143,-0.176649622000438,-0.17582773897775472,0.3239756156532582,-0.025585777340346217,-3.1212258338928223,-3.004007341240986,0.11721849265183648,0
1780808658.2487664,FLY,spline,1,143,-23.009563084938424,-0.3711597040983684,-1.5779722528209996,-23.2618350982666,1.0796483755111694,-1.7018017768859863,0.2522720133281773,-1.450808079609538,0.1238295240649867,1.4725777577326664,1.494794404942056,1.4242191607413084,-0.74146422464394,-0.9214956306413593,0.5379916981159313,0.37916049361228943,-0.19894623756408691,-0.29558300971984863,1.3002433455240041,0.6766959469498636,0.8335747078357799,0.09473743257298091,-0.18203406837336059,-0.1535024616492635,0.32800609694643906,-0.025752492281913373,-3.106342315673828,-3.004007341240986,0.10233497443284234,0
1780808658.2594016,FLY,spline,1,143,-23.009563084938424,-0.3711597040983684,-1.5779722528209996,-23.2618350982666,1.0796483755111694,-1.7018017768859863,0.2522720133281773,-1.450808079609538,0.1238295240649867,1.4725777577326664,1.494794404942056,1.4242191607413084,-0.7626391476683435,-0.9342734772878907,0.541645363397305,0.37916049361228943,-0.19894623756408691,-0.29558300971984863,1.3013349758803565,0.7049210624735577,0.8372283731171536,0.09868894874629809,-0.18218689662324994,-0.1535024616492635,0.32754635804930576,-0.025919937956536805,-3.106342315673828,-3.004007341240986,0.10233497443284234,0
1780808658.2703393,FLY,spline,1,143,-23.009563084938424,-0.3711597040983684,-1.5779722528209996,-23.257030487060547,1.0761914253234863,-1.705654263496399,0.2474674021221226,-1.4473511294218548,0.1276820106753993,1.4683546597984394,1.4920438237443108,1.4238065735616465,-0.7837965761711497,-0.9470569471442558,0.5453798135014097,0.2546117901802063,-0.24513639509677887,-0.19489961862564087,1.033182290761817,0.6330580165417127,0.7402794321270506,0.08862812231583979,-0.14464552070665437,-0.14864408705362142,0.34796165998300316,-0.026067993842962215,-3.1031033992767334,-3.004007341240986,0.09909605803574761,0
1780808658.2812386,FLY,spline,1,143,-23.009563084938424,-0.3711597040983684,-1.5779722528209996,-23.25554656982422,1.0745214223861694,-1.7069238424301147,0.24598348488579447,-1.445681126484538,0.12895158960911512,1.4664589303182558,1.4906157509089288,1.4235923626363394,-0.80494639957632,-0.9598437509156897,0.5491457953442974,0.21843069791793823,-0.27019625902175903,-0.18633851408958435,1.0126021657244568,0.6091615902567732,0.7354843094338818,0.08528262263594825,-0.14176430320142397,-0.13869380686410726,0.3696750696625596,-0.02621509070484899,-3.0964698791503906,-3.004007341240986,0.09246253790940484,0
1780808658.291936,FLY,spline,1,143,-23.009563084938424,-0.3711597040983684,-1.5779722528209996,-23.25554656982422,1.0745214223861694,-1.7069238424301147,0.24598348488579447,-1.445681126484538,0.12895158960911512,1.4664589303182558,1.4906157509089288,1.4235923626363394,-0.8260962229814902,-0.9726305546871237,0.5529117771871851,0.21843069791793823,-0.27019625902175903,-0.18633851408958435,1.0744820795585885,0.6421224085708311,0.7392502912767694,0.08989713719991636,-0.15042749113820242,-0.1343214485419637,0.3971066845618368,-0.026362940763104345,-3.093554973602295,-3.004007341240986,0.08954763236130914,0
1780808658.3028412,FLY,spline,1,143,-23.009563084938424,-0.3711597040983684,-1.5779722528209996,-23.250741958618164,1.0676074028015137,-1.712246060371399,0.24117887367973978,-1.4387671068998822,0.1342738075503993,1.4588413337325223,1.4847026528009657,1.422705397920145,-0.8472057527380287,-0.9854318145595823,0.5568507490245552,0.17616768181324005,-0.31201687455177307,-0.22439712285995483,1.0244772318342772,0.5855421661562663,0.7812478718845101,0.08197590326187729,-0.1434268124567988,-0.13746857378610433,0.40985107856043296,-0.026519190337481246,-3.0956530570983887,-3.004007341240986,0.09164571585740289,0
1780808658.3136277,FLY,spline,1,143,-23.009563084938424,-0.3711597040983684,-1.5779722528209996,-23.250741958618164,1.0676074028015137,-1.712246060371399,0.24117887367973978,-1.4387671068998822,0.1342738075503993,1.4588413337325223,1.4847026528009657,1.422705397920145,-0.8683152824945671,-0.9982330744320409,0.5607897208619254,0.17616768181324005,-0.31201687455177307,-0.22439712285995483,1.071273807856465,0.6397937989335896,0.7851868437218802,0.08957113185070255,-0.1499783330999051,-0.16005348894723714,0.4652597576324181,-0.026676227706225623,-3.1107096672058105,-3.004007341240986,0.10670232596482476,0
1780808658.3242424,FLY,spline,1,143,-23.009563084938424,-0.3711597040983684,-1.5779722528209996,-23.249568939208984,1.0654492378234863,-1.7138671875,0.2400058542705601,-1.4366089419218548,0.13589493467900038,1.456519159535491,1.4828490807933896,1.4224273621190084,-0.8894092463524818,-1.0110391927516458,0.5647957191576408,0.17095287144184113,-0.33037081360816956,-0.2379218488931656,1.099195447761119,0.6389789980403267,0.8027175680508064,0.08945705972564574,-0.15388736268655667,-0.17136919233926595,0.4689458233360998,-0.026836771219835784,-3.118253469467163,-3.004007341240986,0.1142461282261773,0
1780808658.3350425,FLY,spline,1,143,-23.009563084938424,-0.3711597040983684,-1.5779722528209996,-23.248397827148438,1.063144564628601,-1.7155712842941284,0.23883474221001322,-1.4343042687269696,0.1375990314731288,1.4540532209568295,1.480866753287998,1.4221300129931997,-0.9104848841965221,-1.0238507611784764,0.5688799821158125,0.1704101860523224,-0.35135015845298767,-0.24931146204471588,1.123990286733061,0.6480320682821918,0.8181914441605284,0.09072448955950686,-0.15735864014262854,-0.20194458696969808,0.4675442749584899,-0.02700040950866789,-3.138637065887451,-3.004007341240986,0.1346297246464654,0
1780808658.3457239,FLY,spline,1,143,-23.009563084938424,-0.3711597040983684,-1.5779722528209996,-23.245311737060547,1.0558886528015137,-1.72097647190094,0.2357486521221226,-1.4270483568998822,0.14300421907994032,1.4463901409744366,1.4746353953752422,1.4211953093062863,-0.9314925879834163,-1.0366788599230377,0.5732521971381889,0.1596374213695526,-0.3730422854423523,-0.29701539874076843,1.1329822128942009,0.6368667454096278,0.8702675958789573,0.0891613443573479,-0.15861750980518813,-0.20461857054361166,0.4632041293018398,-0.02717446302784368,-3.1404197216033936,-3.004007341240986,0.13641238036240777,0
1780808658.356427,FLY,spline,1,143,-23.009563084938424,-0.3711597040983684,-1.5779722528209996,-23.2431640625,1.0508397817611694,-1.7253222465515137,0.23360097756157572,-1.421999485859538,0.14734999373051405,1.4410593167883528,1.4704132203087026,1.4205619830463054,-0.9524389053333158,-1.0495153209329242,0.5778865318497693,0.1510622799396515,-0.3655828833580017,-0.31593024730682373,1.1476000530325674,0.6896798525098897,0.8938167791565931,0.09655517935138457,-0.16066400742455944,-0.20533382628091634,0.4611414312837976,-0.027353226383675,-3.1408965587615967,-3.004007341240986,0.1368892175206109,0
1780808658.3669653,FLY,spline,1,143,-23.009563084938424,-0.3711597040983684,-1.5779722528209996,-23.2431640625,1.0508397817611694,-1.7253222465515137,0.23360097756157572,-1.421999485859538,0.14734999373051405,1.4410593167883528,1.4704132203087026,1.4205619830463054,-0.9733852226832153,-1.0623517819428108,0.5825208665613498,0.1510622799396515,-0.3655828833580017,-0.31593024730682373,1.1804038263697445,0.716280863255547,0.8984511138681736,0.10027932085577658,-0.16525653569176424,-0.205775496698702,0.46059099428409755,-0.027532916606448635,-3.141191005706787,-3.004007341240986,0.13718366446580132,0
1780808658.3776195,FLY,spline,1,143,-23.009563084938424,-0.3711597040983684,-1.5779722528209996,-23.24054718017578,1.0436816215515137,-1.7309521436691284,0.23098409523735697,-1.4148413256498822,0.1529798908481288,1.4335723312827073,1.4643599270758754,1.4196539890613813,-0.9942202150247536,-1.0752003778959962,0.5876018778937352,0.1285368651151657,-0.3741042912006378,-0.28307661414146423,1.1598455202707703,0.7200390118087469,0.8706784920351994,0.10080546165322457,-0.16237837283790785,-0.20606767866739095,0.46263866833232836,-0.027707052304855675,-3.141385793685913,-3.004007341240986,0.1373784524449273,0
1780808658.3884451,FLY,spline,1,143,-23.009563084938424,-0.3711597040983684,-1.5779722528209996,-23.238826751708984,1.03857421875,-1.7345653772354126,0.2292636667705601,-1.4097339228483685,0.15659312441441298,1.4282547259262026,1.4599900092249858,1.4189985013837478,-1.0149638859744157,-1.0880573590231108,0.5930238841487261,0.13005836308002472,-0.36167800426483154,-0.2553268074989319,1.1977513089343437,0.7699089333087804,0.848350691647658,0.10778725066322926,-0.16768518325080814,-0.20607948038705648,0.46425522222500226,-0.027876722443185207,-3.1413936614990234,-3.004007341240986,0.13738632025803765,0
1780808658.399064,FLY,spline,1,143,-23.009563084938424,-0.3711597040983684,-1.5779722528209996,-23.23792839050293,1.036044955253601,-1.7361767292022705,0.2283653055645054,-1.4072046593519696,0.1582044763812709,1.4256141364645143,1.4578038850020802,1.418670582750312,-1.0356564510511352,-1.1009196210826444,0.598625666477379,0.11934491991996765,-0.3582504987716675,-0.22215579450130463,1.2041903102983678,0.7922301441766616,0.8207814609786837,0.11091222018473264,-0.1685866434417715,-0.20560025904306234,0.46629660438632436,-0.028040878735380942,-3.1410741806030273,-3.004007341240986,0.13706683936204156,0
1780808658.4096434,FLY,spline,1,143,-23.009563084938424,-0.3711597040983684,-1.5779722528209996,-23.23792839050293,1.036044955253601,-1.7361767292022705,0.2283653055645054,-1.4072046593519696,0.1582044763812709,1.4256141364645143,1.4578038850020802,1.418670582750312,-1.0563490161278548,-1.113781883142178,0.604227448806032,0.11934491991996765,-0.3582504987716675,-0.22215579450130463,1.2352531068987933,0.805201383779529,0.8263832433073366,0.11272819372913406,-0.17293543496583108,-0.20529162619241537,0.46568318515137075,-0.02820615538404241,-3.1408684253692627,-3.004007341240986,0.1368610841282769,0
1780808658.420658,FLY,spline,1,143,-23.009563084938424,-0.3711597040983684,-1.5779722528209996,-23.234960556030273,1.026650309562683,-1.7416503429412842,0.22539747109184916,-1.3978100136610516,0.16367809012028456,1.4158661145269742,1.4496098286251984,1.4174414742937798,-1.0767308133269697,-1.1266654391917097,0.6108302002365137,0.11055551469326019,-0.33836010098457336,-0.19039128720760345,1.2430907077785622,0.8621495427247097,0.8012214874441171,0.12070093598145937,-0.17403269908899874,-0.20531630251535238,0.46753588132293944,-0.02836639968153123,-3.1408848762512207,-3.004007341240986,0.13687753501023492,0
1780808658.4312084,FLY,spline,1,143,-23.009563084938424,-0.3711597040983684,-1.5779722528209996,-23.23421859741211,1.0242968797683716,-1.7428417205810547,0.2246555124736851,-1.39545658386674,0.16486946776005507,1.4134246271881095,1.4475323948450645,1.4171298592267596,-1.0970036357032555,-1.1395556264548055,0.6177479849413083,0.09729562699794769,-0.32915061712265015,-0.1679949313402176,1.242047112593468,0.8882580042562779,0.7857429162815259,0.12435612059587892,-0.17388659576308554,-0.20520221922525228,0.46861701843269044,-0.028523548264787535,-3.1408088207244873,-3.004007341240986,0.13680147948350152,0
1780808658.4416943,FLY,spline,1,143,-23.009563084938424,-0.3711597040983684,-1.5779722528209996,-23.23421859741211,1.0242968797683716,-1.7428417205810547,0.2246555124736851,-1.39545658386674,0.16486946776005507,1.4134246271881095,1.4475323948450645,1.4171298592267596,-1.1172764580795411,-1.1524458137179014,0.624665769646103,0.09729562699794769,-0.32915061712265015,-0.1679949313402176,1.2725181803450403,0.8929695142913765,0.7926607009863206,0.12501573200079272,-0.17815254524830565,-0.20523154471048177,0.4679050635161096,-0.028682080404984798,-3.1408283710479736,-3.004007341240986,0.13682102980698785,0
1780808658.452338,FLY,spline,1,143,-23.009563084938424,-0.3711597040983684,-1.5779722528209996,-23.232812881469727,1.0195410251617432,-1.7451318502426147,0.22324979653130228,-1.3907007292601117,0.16715959742161512,1.4085059424851123,1.4433161966084145,1.4164974294912622,-1.1261531289458353,-1.158471525636188,0.629434525753888,0.09521537274122238,-0.32082298398017883,-0.15212850272655487,1.2703393193493622,0.9032982528756768,0.7815630284804429,0.12646175540259477,-0.17784750470891073,-0.20516502592691244,0.4686365647108837,-0.028838393010680887,-3.1407840251922607,-3.004007341240986,0.13677668395127496,0
1780808658.4630623,FLY,spline,1,143,-23.009563084938424,-0.3711597040983684,-1.5779722528209996,-23.231639862060547,1.015224575996399,-1.747045874595642,0.2220767771221226,-1.3863842800947674,0.16907362177464247,1.4040582135477273,1.4394628936788043,1.4159194340518206,-1.125112711523538,-1.1581517009553208,0.6305821656755588,0.07910297065973282,-0.3065187633037567,-0.13747122883796692,1.2182030450237964,0.9140189170366922,0.7680533945135257,0.12796264838513693,-0.1705484263033315,-0.20506131384500326,0.46956372474933444,-0.028992003689583594,-3.1407148838043213,-3.004007341240986,0.1367075425633355,0
1780808658.4737504,FLY,spline,1,143,-23.009563084938424,-0.3711597040983684,-1.5779722528209996,-23.230194091796875,1.0095019340515137,-1.7498339414596558,0.22063100685845072,-1.3806616381498822,0.17186168863865614,1.3981790301124137,1.4344036040696428,1.4151605406104464,-1.123670295892772,-1.157690607437632,0.6322949306137035,0.07105432450771332,-0.2617064118385315,-0.11015265434980392,1.1936792793368174,0.99228472597355,0.7424475849635074,0.13891986163629702,-0.16711509910715444,-0.2046940300238973,0.4714636999963432,-0.029140493206576294,-3.140470027923584,-3.004007341240986,0.1364626866825982,0
1780808658.4846418,FLY,spline,1,143,-23.009563084938424,-0.3711597040983684,-1.5779722528209996,-23.230194091796875,1.0095019340515137,-1.7498339414596558,0.22063100685845072,-1.3806616381498822,0.17186168863865614,1.3981790301124137,1.4344036040696428,1.4151605406104464,-1.123670295892772,-1.157690607437632,0.6322949306137035,0.07105432450771332,-0.2617064118385315,-0.11015265434980392,1.193688503902699,0.9637429878261479,0.7424475849635074,0.13492401829566072,-0.16711639054637786,-0.20563745234140218,0.47131521047935054,-0.029288982723568995,-3.141098976135254,-3.004007341240986,0.13709163489426812,0
1780808658.4952667,FLY,spline,1,143,-23.009563084938424,-0.3711597040983684,-1.5779722528209996,-23.229726791381836,1.007714867591858,-1.7505321502685547,0.22016370644341166,-1.3788745716902264,0.17255989744755507,1.3963406253807866,1.4327957441869879,1.4149193616280482,-1.1232552774603077,-1.1575645258266531,0.632723280838635,0.06648140400648117,-0.2577739953994751,-0.10053771734237671,1.183152453217401,0.9516304216845133,0.7332609981810118,0.13322825903583188,-0.16564134345043616,-0.20565354559549154,0.4719034852223139,-0.0294356349232052,-3.1411097049713135,-3.004007341240986,0.1371023637303277,0
1780808658.5060322,FLY,spline,1,143,-23.009563084938424,-0.3711597040983684,-1.5779722528209996,-23.22847557067871,1.0019237995147705,-1.7525830268859863,0.21891248574028666,-1.373083503613139,0.1746107740649867,1.3904247496026256,1.4275402324133315,1.4141310348619998,-1.1219269908466118,-1.1571642273762655,0.6340483907797794,0.052086781710386276,-0.2613944411277771,-0.08889547735452652,1.1508560936773702,0.9268378734496803,0.7229438681343059,0.12975730228295526,-0.16111985311483185,-0.2053416940940267,0.4725842668524235,-0.02958022369683206,-3.140901803970337,-3.004007341240986,0.13689446272935113,0
1780808658.5168858,FLY,spline,1,143,-23.009563084938424,-0.3711597040983684,-1.5779722528209996,-23.228046417236328,1.0000780820846558,-1.75320303440094,0.21848333229790384,-1.3712377861830243,0.17523078157994032,1.3885344910185407,1.425862253234573,1.413879337985186,-1.1215125299988673,-1.1570405718859236,0.6344458546218608,0.014005946926772594,0.00015350340981967747,-0.0008096062811091542,1.0732247801081003,1.492805236688201,0.6352554609029699,0.20899273313634817,-0.15025146921513405,-0.2058159086478597,0.4794722883387498,-0.029707274789012653,-3.1412179470062256,-3.004007341240986,0.1372106057652398,0
1780808658.527828,FLY,spline,1,143,-23.009563084938424,-0.3711597040983684,-1.5779722528209996,-23.228046417236328,1.0000780820846558,-1.75320303440094,0.21848333229790384,-1.3712377861830243,0.17523078157994032,1.3885344910185407,1.425862253234573,1.413879337985186,-1.1215125299988673,-1.1570405718859236,0.6344458546218608,0.014005946926772594,0.00015350340981967747,-0.0008096062811091542,1.0945249775487276,1.3900434439901874,0.6352554609029699,0.19460608215862626,-0.1532334968568219,-0.20313942167886556,0.4793452372465692,-0.029834325881193245,-3.1394336223602295,-3.004007341240986,0.1354262811192437,0
1780808658.5392382,FLY,spline,1,143,-23.009563084938424,-0.3711597040983684,-1.5779722528209996,-23.22816276550293,1.0001269578933716,-1.7531933784484863,0.2185996805645054,-1.37128666199174,0.1752211256274867,1.3886010693137725,1.4259027722608468,1.413885415839127,-1.1215125601083913,-1.1570385494864786,0.6344630341035868,-0.004252736922353506,-0.002131443005055189,-0.0006006765179336071,1.0651822077537578,1.3162989985644962,0.6350637106215204,0.18428185979902947,-0.1491255090855261,-0.20565926764138998,0.4792335645269609,-0.02996133862331755,-3.141113519668579,-3.004007341240986,0.13710617842759332,0
1780808658.5500607,FLY,spline,1,143,-23.009563084938424,-0.3711597040983684,-1.5779722528209996,-23.228046417236328,1.0001367330551147,-1.7531933784484863,0.21848333229790384,-1.3712964371534833,0.1752211256274867,1.3885924114159034,1.4259180705828374,1.4138877105874257,-1.1215249253988577,-1.1570439912183361,0.6344363657962729,0.01248183660209179,-0.002469463273882866,-0.00038348196540027857,1.1185412683216247,1.2663297778382485,0.6348198477616732,0.1772861688973548,-0.15659577756502746,-0.20479845736154378,0.47912610958619634,-0.030088302592869886,-3.1405396461486816,-3.004007341240986,0.13653230490769586,0
1780808658.5607734,FLY,spline,1,143,-23.009563084938424,-0.3711597040983684,-1.5779722528209996,-23.228046417236328,1.0001367330551147,-1.7531933784484863,0.21848333229790384,-1.3712964371534833,0.1752211256274867,1.3885924114159034,1.4259180705828374,1.4138877105874257,-1.1215249253988577,-1.1570439912183361,0.6344363657962729,0.01248183660209179,-0.002469463273882866,-0.00038348196540027857,1.1259730195831592,1.230227330937293,0.6348198477616732,0.17223182633122106,-0.1576362227416423,-0.20184123251565755,0.478999145616644,-0.03021526656242222,-3.138568162918091,-3.004007341240986,0.13456082167710504,0
1780808658.5716765,FLY,spline,1,143,-23.009563084938424,-0.3711597040983684,-1.5779722528209996,-23.2275390625,1.0001269578933716,-1.7531787157058716,0.21797597756157572,-1.37128666199174,0.17520646288487196,1.3885030198564112,1.4259307555647345,1.41388961333471,-1.1215724870875312,-1.1570672315960626,0.6343141307512312,0.030000433325767517,-0.0018703078385442495,-0.0006582880159839988,1.1808347927534353,1.1952845659265119,0.6349724187672152,0.16733983922971168,-0.16531687098548095,-0.18591642115243734,0.4788599454524472,-0.030342261046175663,-3.1279516220092773,-3.004007341240986,0.12394428076829156,0
1780808658.582535,FLY,spline,1,143,-23.009563084938424,-0.3711597040983684,-1.5779722528209996,-23.227108001708984,1.0001269578933716,-1.753173828125,0.2175449167705601,-1.37128666199174,0.17520157530400038,1.3884354144752857,1.425951215946132,1.4138926823919198,-1.1216128768796207,-1.1570864665829594,0.6342144594613097,0.03175559267401695,-0.0017702293116599321,-0.0016745281172916293,1.1862668980373898,1.1731242836256925,0.6358889875786014,0.16423739970759696,-0.1660773657252346,-0.1788214418662435,0.4786594421500206,-0.030469438843691382,-3.1232216358184814,-3.004007341240986,0.11921429457749566,0
1780808658.5932055,FLY,spline,1,143,-23.009563084938424,-0.3711597040983684,-1.5779722528209996,-23.227108001708984,1.0001269578933716,-1.753173828125,0.2175449167705601,-1.37128666199174,0.17520157530400038,1.3884354144752857,1.425951215946132,1.4138926823919198,-1.1216128768796207,-1.1570864665829594,0.6342144594613097,0.03175559267401695,-0.0017702293116599321,-0.0016745281172916293,1.187872851603035,1.156081792954281,0.6358889875786014,0.16185145101359935,-0.1663021992244249,-0.1721327278388387,0.4785322643525049,-0.0305966166412071,-3.118762493133545,-3.004007341240986,0.11475515189255914,0
1780808658.604248,FLY,spline,1,143,-23.009563084938424,-0.3711597040983684,-1.5779722528209996,-23.227108001708984,1.0001269578933716,-1.753173828125,0.2175449167705601,-1.37128666199174,0.17520157530400038,1.3884354144752857,1.425951215946132,1.4138926823919198,-1.1216128768796207,-1.1570864665829594,0.6342144594613097,0.03175559267401695,-0.0017702293116599321,-0.0016745281172916293,1.1904608041726739,1.142554935257293,0.6358889875786014,0.15995769093602102,-0.16666451258417436,-0.16543006632455648,0.4784050865549891,-0.03072379443872282,-3.1142940521240234,-3.004007341240986,0.11028671088303765,0
1780808658.6152136,FLY,spline,1,143,-23.009563084938424,-0.3711597040983684,-1.5779722528209996,-23.2265625,1.0001074075698853,-1.7531787157058716,0.21699941506157572,-1.3712671116682538,0.17520646288487196,1.3883307378575398,1.4259601284800154,1.4138940192720022,-1.1216583100864246,-1.1571087950053178,0.6340963409991776,0.026864144951105118,-0.00248126988299191,-0.0010556936031207442,1.1903716020966224,1.1225752309777637,0.6351520346022983,0.15716053233688693,-0.16665202429352716,-0.14894914362558187,0.47833701238617293,-0.03085082484564328,-3.103306770324707,-3.004007341240986,0.09929942908372125,0
1780808658.6260831,FLY,spline,1,143,-23.009563084938424,-0.3711597040983684,-1.5779722528209996,-23.226015090942383,1.000087857246399,-1.7531787157058716,0.21645200600395853,-1.3712475613447674,0.17520646288487196,1.3882259705815583,1.4259684508094217,1.4138952676214132,-1.1217049431056831,-1.1571317360812388,0.6339747579897184,0.023806948214769363,-0.004452094901353121,-0.00037537096068263054,1.1881025875460756,1.110389434042429,0.634350128950401,0.15545452076594007,-0.1663343622564506,-0.14347243044503988,0.47827429481253464,-0.03097769487143336,-3.0996556282043457,-3.004007341240986,0.09564828696335992,0
1780808658.6367714,FLY,spline,1,143,-23.009563084938424,-0.3711597040983684,-1.5779722528209996,-23.226015090942383,1.000087857246399,-1.7531787157058716,0.21645200600395853,-1.3712475613447674,0.17520646288487196,1.3882259705815583,1.4259684508094217,1.4138952676214132,-1.1217049431056831,-1.1571317360812388,0.6339747579897184,0.023806948214769363,-0.004452094901353121,-0.00037537096068263054,1.1994016874532347,1.0976649789870074,0.634350128950401,0.15367309705818105,-0.16791623624345287,-0.13003563616403402,0.4781474247867445,-0.03110456489722344,-3.090697765350342,-3.004007341240986,0.08669042410935601,0
1780808658.647351,FLY,spline,1,143,-23.009563084938424,-0.3711597040983684,-1.5779722528209996,-23.225780487060547,1.0000683069229126,-1.7531689405441284,0.2162174021221226,-1.3712280110212811,0.1751966877231288,1.3881700987954675,1.4259593232524368,1.4138938984878655,-1.1217249238474838,-1.157142194996649,0.6339172595527824,0.02403605915606022,-0.002314119366928935,-0.0008541535935364664,1.2049482390010233,1.0967945290292602,0.6347714131463189,0.15355123406409646,-0.16869275346014329,-0.12487756941446126,0.47798676776844184,-0.0312315191798527,-3.08725905418396,-3.004007341240986,0.08325171294297418,0
1780808658.6582096,FLY,spline,1,143,-23.009563084938424,-0.3711597040983684,-1.5779722528209996,-23.22538948059082,1.0000585317611694,-1.7531640529632568,0.21582639565239603,-1.371218235859538,0.17519180014225721,1.3880995941985028,1.4259686787644987,1.4138953018146747,-1.1217600021699576,-1.1571592781597457,0.6338271270575938,0.025218499824404716,-0.003930702339857817,-0.0009608030086383224,1.2119807647913539,1.0869258828852975,0.6347879300662321,0.15216962360394165,-0.16967730707078957,-0.11937153074868978,0.4778584888288356,-0.03135847676586595,-3.0835883617401123,-3.004007341240986,0.07958102049912652,0
1780808658.6692817,FLY,spline,1,143,-23.009563084938424,-0.3711597040983684,-1.5779722528209996,-23.22523307800293,1.0000487565994263,-1.7531640529632568,0.2156699930645054,-1.3712084606977948,0.17519180014225721,1.3880656283467507,1.4259670510202254,1.4138950576530338,-1.1217726007416031,-1.1571656604325293,0.6337926321730506,0.025476358830928802,-0.005212688352912664,-0.0010725021129474044,1.2236811689462275,1.0706810604836794,0.634865134285998,0.14989534846771513,-0.17131536365247185,-0.10364556048044027,0.47772533946439705,-0.03148544979272315,-3.0731043815612793,-3.004007341240986,0.06909704032029351,0
1780808658.679868,FLY,spline,1,143,-23.009563084938424,-0.3711597040983684,-1.5779722528209996,-23.22492218017578,1.0000195503234863,-1.7531640529632568,0.21535909523735697,-1.3711792544218548,0.17519180014225721,1.3879885041520794,1.425954269811074,1.413893140471661,-1.1217959142147664,-1.157177954747155,0.6337246409688233,0.02635846473276615,-0.0041693877428770065,-0.0012595367152243853,1.2297930835135742,1.068232214963264,0.6349841776840477,0.14955251009485696,-0.1721710316919004,-0.09796786043771566,0.47758881915701634,-0.03161244662825996,-3.069319248199463,-3.004007341240986,0.0653119069584771,0
1780808658.6907,FLY,spline,1,143,-23.009563084938424,-0.3711597040983684,-1.5779722528209996,-23.224531173706055,0.9999902248382568,-1.7531640529632568,0.2149680887676304,-1.3711499289366254,0.17519180014225721,1.387898918081328,1.42594556322018,1.413891834483027,-1.1218265720493403,-1.1571937091881912,0.6336386835390355,0.025802625343203545,-0.004278736189007759,-0.0011793470475822687,1.2321898823966186,1.0631755786522772,0.6348180305866178,0.1488445810113188,-0.17250658353552661,-0.09236883852609457,0.47747514731869334,-0.031739410234377284,-3.065586566925049,-3.004007341240986,0.061579225684063044,0
1780808658.701615,FLY,spline,1,143,-23.009563084938424,-0.3711597040983684,-1.5779722528209996,-23.224531173706055,0.9999902248382568,-1.7531640529632568,0.2149680887676304,-1.3711499289366254,0.17519180014225721,1.387898918081328,1.42594556322018,1.413891834483027,-1.1218265720493403,-1.1571937091881912,0.6336386835390355,0.025802625343203545,-0.004278736189007759,-0.0011793470475822687,1.2436700773804141,1.0493847093881854,0.6348180305866178,0.14691385931434597,-0.174113810833258,-0.07592403624185384,0.47734818371257604,-0.03186637384049461,-3.0546233654022217,-3.004007341240986,0.050616024161235895,0
1780808658.7123625,FLY,spline,1,143,-23.009563084938424,-0.3711597040983684,-1.5779722528209996,-23.223827362060547,0.9999218583106995,-1.7531640529632568,0.2142642771221226,-1.371081562409068,0.17519180014225721,1.3877225339486121,1.425914867362669,1.4138872301044003,-1.1218790365976057,-1.1572214356512607,0.6334848660894405,0.024958087131381035,-0.00475389463827014,-0.00026025294209830463,1.2458968456695119,1.0435040024653415,0.6337451190315389,0.1460905603451478,-0.17442555839373167,-0.07001673910745443,0.47730726761317605,-0.031993122864300914,-3.050685167312622,-3.004007341240986,0.046677826071636286,0
1780808658.7237153,FLY,spline,1,143,-23.009563084938424,-0.3711597040983684,-1.5779722528209996,-23.223827362060547,0.9999218583106995,-1.7531640529632568,0.2142642771221226,-1.371081562409068,0.17519180014225721,1.3877225339486121,1.425914867362669,1.4138872301044003,-1.1218790365976057,-1.1572214356512607,0.6334848660894405,0.024958087131381035,-0.00475389463827014,-0.00026025294209830463,1.2501678142511108,1.0387093067835798,0.6337451190315389,0.14541930294970118,-0.17502349399515552,-0.0642213794959432,0.47718051858936966,-0.03211987188810722,-3.0468215942382812,-3.004007341240986,0.042814252997295466,0
1780808658.7340312,FLY,spline,1,143,-23.009563084938424,-0.3711597040983684,-1.5779722528209996,-23.2236328125,0.9999120831489563,-1.753149390220642,0.21406972756157572,-1.3710717872473248,0.17517713739964247,1.3876828506700876,1.4259127140672745,1.4138869071100912,-1.1218981346923849,-1.15723107210709,0.6334327172012533,0.025868425145745277,-0.004241809714585543,-2.777576446533203e-05,1.2565572113425199,1.0347530246064702,0.6334604929657186,0.14486542344490586,-0.17591800958795278,-0.05833375189431966,0.47707659657604223,-0.032246563986700366,-3.0428965091705322,-3.004007341240986,0.03888916792954644,0
1780808658.7447622,FLY,spline,1,143,-23.009563084938424,-0.3711597040983684,-1.5779722528209996,-23.222929000854492,0.9998242259025574,-1.7531445026397705,0.2133659159160679,-1.3709839300009259,0.1751722498187709,1.3874876397271025,1.4258624359236274,1.413879365388544,-1.1219482076147589,-1.1572585418013872,0.6332769905256856,0.02714558131992817,-0.006070499308407307,-0.0012530279345810413,1.2697325901688505,1.0169309579191894,0.6345300184602667,0.14237033410868652,-0.1777625626236391,-0.04237675402292074,0.47686412853278637,-0.03237346999039242,-3.0322585105895996,-3.004007341240986,0.028251169348613825,0
1780808658.7552762,FLY,spline,1,143,-23.009563084938424,-0.3711597040983684,-1.5779722528209996,-23.222929000854492,0.9998242259025574,-1.7531445026397705,0.2133659159160679,-1.3709839300009259,0.1751722498187709,1.3874876397271025,1.4258624359236274,1.413879365388544,-1.1219482076147589,-1.1572585418013872,0.6332769905256856,0.02714558131992817,-0.006070499308407307,-0.0012530279345810413,1.2730870052039094,1.012621163772503,0.6345300184602667,0.14176696292815044,-0.17823218072854732,-0.03658354017862142,0.47673722252909423,-0.03250037599408448,-3.0283963680267334,-3.004007341240986,0.024389026785747614,0
1780808658.765981,FLY,spline,1,143,-23.009563084938424,-0.3711597040983684,-1.5779722528209996,-23.222537994384766,0.9997753500938416,-1.7531445026397705,0.21297490944634134,-1.37093505419221,0.1751722498187709,1.3873792685731885,1.4258350876996022,1.4138752631549403,-1.1219754963128936,-1.1572734972796064,0.6331921492952333,0.02568412758409977,-0.006708803121000528,-0.0006441879086196423,1.2733639248290225,1.007047352666917,0.6338363372038529,0.1409866293733684,-0.17827094947606317,-0.030697700716341147,0.47666594976216653,-0.03262714326152525,-3.02447247505188,-3.004007341240986,0.0204651338108941,0
1780808658.776923,FLY,spline,1,143,-23.009563084938424,-0.3711597040983684,-1.5779722528209996,-23.222030639648438,0.9997069835662842,-1.753149390220642,0.21246755471001322,-1.3708666876646527,0.17517713739964247,1.3872339158026339,1.4257958022822053,1.4138693703423308,-1.1220090701459,-1.1572921653337223,0.6330853709885713,0.026463422924280167,-0.005084647797048092,-0.0008237457368522882,1.282504847789585,1.002399648675652,0.6339091167254236,0.14033595081459127,-0.17955067869054192,-0.020745990015352378,0.47653334557709587,-0.032753925084870336,-3.0178380012512207,-3.004007341240986,0.013830660010234919,0
1780808658.7875493,FLY,spline,1,143,-23.009563084938424,-0.3711597040983684,-1.5779722528209996,-23.222030639648438,0.9997069835662842,-1.753149390220642,0.21246755471001322,-1.3708666876646527,0.17517713739964247,1.3872339158026339,1.4257958022822053,1.4138693703423308,-1.1220090701459,-1.1572921653337223,0.6330853709885713,0.026463422924280167,-0.005084647797048092,-0.0008237457368522882,1.2899435160651975,0.9923474771903286,0.6339091167254236,0.13892864680664602,-0.18059209224912767,-0.009291884638155112,0.47640656375375073,-0.03288070690821542,-3.010201930999756,-3.004007341240986,0.006194589758770075,0
1780808658.7983308,FLY,spline,1,143,-23.009563084938424,-0.3711597040983684,-1.5779722528209996,-23.2216796875,0.99964839220047,-1.7531445026397705,0.21211660256157572,-1.3708080962988385,0.1751722498187709,1.3871223053360187,1.425756127075954,1.413863419061393,-1.122031976526824,-1.157305532782216,0.6330070419852787,0.027148155495524406,-0.006637325044721365,-0.0013349151704460382,1.2945295338827758,0.9838922243485672,0.6343419571557247,0.1377449114087994,-0.18123413474358863,-0.0037997934592610694,0.47624506812789547,-0.03300757529964657,-3.006540536880493,-3.004007341240986,0.0025331956395073796,0
1780808658.8087993,FLY,spline,1,143,-23.009563084938424,-0.3711597040983684,-1.5779722528209996,-23.2216796875,0.99964839220047,-1.7531445026397705,0.21211660256157572,-1.3708080962988385,0.1751722498187709,1.3871223053360187,1.425756127075954,1.413863419061393,-1.122031976526824,-1.157305532782216,0.6330070419852787,0.027148155495524406,-0.006637325044721365,-0.0013349151704460382,1.3050385626672427,0.9700333982478934,0.6343419571557247,0.1358046757547051,-0.182705398773414,0.01273906495443522,0.4761181997364643,-0.033134443691077715,-2.9955146312713623,-3.004007341240986,-0.00849270996962348,0
1780808658.819276,FLY,spline,1,143,-23.009563084938424,-0.3711597040983684,-1.5779722528209996,-23.221132278442383,0.999560534954071,-1.7531298398971558,0.21156919350395853,-1.3707202390524396,0.17515758707615614,1.3869518727727694,1.425696595509006,1.413854489326351,-1.1220697927781984,-1.1573272894972726,0.6328802747027777,0.02804584987461567,-0.005832843482494354,-0.0013571834424510598,1.3109934719380931,0.9666827104150582,0.6342374581452288,0.13533557945810815,-0.18353908607133307,0.01867604520193278,0.47599971216567505,-0.03326129118270676,-2.9915566444396973,-3.004007341240986,-0.012450696801288519,0
1780808658.829598,FLY,spline,1,143,-23.009563084938424,-0.3711597040983684,-1.5779722528209996,-23.220937728881836,0.9995312094688416,-1.7531298398971558,0.21137464394341166,-1.37069091356721,0.17515758707615614,1.386893226112925,1.4256783080262303,1.4138517462039344,-1.1220825278881543,-1.1573345248377227,0.6328383351778613,0.027193579822778702,-0.0062139700166881084,-0.0007925367099232972,1.3085401734502404,0.9661344893656181,0.6336308718877846,0.13525882851118654,-0.18319562428303368,0.01867604520193278,0.475921512891893,-0.03338801735708431,-2.9915566444396973,-3.004007341240986,-0.012450696801288519,0
1780808658.840228,FLY,spline,1,143,-23.009563084938424,-0.3711597040983684,-1.5779722528209996,-23.220741271972656,0.9995019435882568,-1.7531249523162842,0.21117818703423197,-1.3706616476866254,0.17515269949528456,1.3868343733546844,1.4256593139203488,1.4138488970880523,-1.122096443095392,-1.1573423793178992,0.632792930763734,0.027461249381303787,-0.007883529178798199,-0.001476454664953053,1.3187745644700781,0.948480773430123,0.634269385428687,0.13278730828021723,-0.18462843902581094,0.03469205167165934,0.475743577931535,-0.03351487123417005,-2.980879306793213,-3.004007341240986,-0.023128034447772894,0
1780808658.851168,FLY,spline,1,143,-23.009563084938424,-0.3711597040983684,-1.5779722528209996,-23.219999313354492,0.9993652105331421,-1.7531249523162842,0.2104362284160679,-1.3705249146315106,0.17515269949528456,1.386586437210349,1.4255654866963048,1.4138348230044457,-1.122140657791718,-1.1573689754636254,0.6326344169463604,0.02657582238316536,-0.007361964788287878,-0.0008108520414680243,1.3207548152378865,0.9455645409476549,0.6334452689878284,0.13237903573267168,-0.18490567413330414,0.0404534366356486,0.4756828181930062,-0.033641560287967616,-2.9770383834838867,-3.004007341240986,-0.026968957757099066,0
1780808658.8616917,FLY,spline,1,143,-23.009563084938424,-0.3711597040983684,-1.5779722528209996,-23.219804763793945,0.9993261694908142,-1.7531298398971558,0.21024167885552103,-1.3704858735891827,0.17515758707615614,1.3865183349799213,1.425538715360404,1.4138308073040606,-1.1221507097115955,-1.1573752867431948,0.6325960654413862,0.02584625966846943,-0.010535964742302895,-0.0004040575004182756,1.3255967075831174,0.9288425389912035,0.6330001229418045,0.1300379554587685,-0.18558353906163647,0.05217075612417399,0.4755918298520997,-0.03376816031255598,-2.969226837158203,-3.004007341240986,-0.03478050408278266,0
1780808658.872271,FLY,spline,1,143,-23.009563084938424,-0.3711597040983684,-1.5779722528209996,-23.219804763793945,0.9993261694908142,-1.7531298398971558,0.21024167885552103,-1.3704858735891827,0.17515758707615614,1.3865183349799213,1.425538715360404,1.4138308073040606,-1.1221507097115955,-1.1573752867431948,0.6325960654413862,0.02584625966846943,-0.010535964742302895,-0.0004040575004182756,1.3316423333330398,0.9222982426168608,0.6330001229418045,0.12912175396636053,-0.18642992666662558,0.06094765927663981,0.4754652298275114,-0.03389476033714434,-2.9633755683898926,-3.004007341240986,-0.040631772851093206,0
1780808658.8828583,FLY,spline,1,143,-23.009563084938424,-0.3711597040983684,-1.5779722528209996,-23.219335556030273,0.9992187023162842,-1.7531249523162842,0.20977247109184916,-1.3703784064146527,0.17515269949528456,1.3863410353861505,1.4254581421300059,1.4138187213195008,-1.122175982446156,-1.157391802253502,0.6324939977983225,0.026717333123087883,-0.005886516533792019,-0.0005889892345294356,1.3393479260510355,0.9278764972360922,0.6330829870328519,0.12990270961305292,-0.18750870964714497,0.06659317281118571,0.475331984102821,-0.034021376934550915,-2.9596118927001953,-3.004007341240986,-0.04439544854079047,0
1780808658.8933842,FLY,spline,1,143,-23.009563084938424,-0.3711597040983684,-1.5779722528209996,-23.219141006469727,0.9991796612739563,-1.7531249523162842,0.20957792153130228,-1.3703393653723248,0.17515269949528456,1.3862730183778398,1.4254305678743588,1.4138145851811537,-1.1221870421099243,-1.1573986464795816,0.6324526044841388,0.026433289051055908,-0.007969760335981846,-0.00035024640965275466,1.3410723272102707,0.9174761565186422,0.6328028508937915,0.12844666191260992,-0.18775012580943792,0.07221901681295573,0.47522783442376704,-0.03414793750472967,-2.9558613300323486,-3.004007341240986,-0.04814601120863715,0
1780808658.904271,FLY,spline,1,143,-23.009563084938424,-0.3711597040983684,-1.5779722528209996,-23.219141006469727,0.9991796612739563,-1.7531249523162842,0.20957792153130228,-1.3703393653723248,0.17515269949528456,1.3862730183778398,1.4254305678743588,1.4138145851811537,-1.1221870421099243,-1.1573986464795816,0.6324526044841388,0.026433289051055908,-0.007969760335981846,-0.00035024640965275466,1.3410882506647155,0.9174983216556571,0.6328028508937915,0.128449765031792,-0.18775235509306018,0.07221901681295573,0.47510127385358825,-0.03427449807490843,-2.9558613300323486,-3.004007341240986,-0.04814601120863715,0
1780808658.9148507,FLY,spline,1,143,-23.009563084938424,-0.3711597040983684,-1.5779722528209996,-23.218475341796875,0.9989550709724426,-1.7531005144119263,0.20891225685845072,-1.3701147750708111,0.17512826159092665,1.3859505142439361,1.4252426240136493,1.4137863936020474,-1.1222136995430836,-1.1574211256983273,0.632301128481775,0.026944682002067566,-0.006125001702457666,0.0007706498727202415,1.359628596827994,0.896643749134638,0.6315304786090548,0.12553012487884932,-0.1903480035559192,0.09962332513204752,0.4750767575406454,-0.03440080417063024,-2.937591791152954,-3.004007341240986,-0.06641555008803168,0
1780808658.9255085,FLY,spline,1,143,-23.009563084938424,-0.3711597040983684,-1.5779722528209996,-23.218280792236328,0.9989062547683716,-1.7530956268310547,0.20871770729790384,-1.37006595886674,0.17512337401005507,1.3858729425835303,1.42520468057129,1.4137807020856934,-1.122224037596246,-1.1574281146828405,0.6322572596442224,0.027072297409176826,-0.006687717512249947,-9.880065590550657e-06,1.36290107649101,0.8893741110656843,0.632267139709813,0.12451237554919582,-0.19080615070874143,0.10557711388937174,0.4748913712246428,-0.034527257598572204,-2.9336225986480713,-3.004007341240986,-0.0703847425929145,0
1780808658.9365537,FLY,spline,1,143,-23.009563084938424,-0.3711597040983684,-1.5779722528209996,-23.21773338317871,0.998779296875,-1.753090739250183,0.20817029824028666,-1.3699390009733685,0.17511848642918348,1.385665089210723,1.4251098932973443,1.4137664839946016,-1.1222532108859882,-1.1574472204914754,0.6321386981502605,0.025268932804465294,-0.012061290442943573,-0.0002758455229923129,1.3596160807831592,0.8734774319715999,0.6324145436732528,0.12228684047602399,-0.1903462513096423,0.11105311181417643,0.474753095998833,-0.03465374050730685,-2.929971933364868,-3.004007341240986,-0.07403540787611762,0
1780808658.9472854,FLY,spline,1,143,-23.009563084938424,-0.3711597040983684,-1.5779722528209996,-23.21773338317871,0.998779296875,-1.753090739250183,0.20817029824028666,-1.3699390009733685,0.17511848642918348,1.385665089210723,1.4251098932973443,1.4137664839946016,-1.1222532108859882,-1.1574472204914754,0.6321386981502605,0.025268932804465294,-0.012061290442943573,-0.0002758455229923129,1.3672114029913829,0.8645248216943183,0.6324145436732528,0.12103347503720457,-0.19140959641879363,0.12265670564047038,0.47462661309009835,-0.0347802234160415,-2.922236204147339,-3.004007341240986,-0.08177113709364692,0
1780808658.957693,FLY,spline,1,143,-23.009563084938424,-0.3711597040983684,-1.5779722528209996,-23.217382431030273,0.99867182970047,-1.753090739250183,0.20781934609184916,-1.3698315337988385,0.17511848642918348,1.3855061571857854,1.4250242225738738,1.413753633386081,-1.1222666722727777,-1.1574580942581805,0.6320661454739948,0.02577742002904415,-0.006886062677949667,0.00032023905077949166,1.3748819104951715,0.8711005720684226,0.6317459064232153,0.12195408008957918,-0.19248346746932402,0.1285818841683024,0.47455375488881674,-0.034906572597326144,-2.918286085128784,-3.004007341240986,-0.0857212561122016,0
1780808658.9685416,FLY,spline,1,143,-23.009563084938424,-0.3711597040983684,-1.5779722528209996,-23.217382431030273,0.99867182970047,-1.753090739250183,0.20781934609184916,-1.3698315337988385,0.17511848642918348,1.3855061571857854,1.4250242225738738,1.413753633386081,-1.1222666722727777,-1.1574580942581805,0.6320661454739948,0.02577742002904415,-0.006886062677949667,0.00032023905077949166,1.3779281874101537,0.8650083313492594,0.6317459064232153,0.12110116638889633,-0.19290994623742153,0.13413048055044352,0.474427405707532,-0.03503292177861079,-2.9145870208740234,-3.004007341240986,-0.08942032036696235,0
1780808658.9797843,FLY,spline,1,143,-23.009563084938424,-0.3711597040983684,-1.5779722528209996,-23.216796875,0.9985156059265137,-1.7530664205551147,0.20723379006157572,-1.3696753100248822,0.17509416773411512,1.3852639815699541,1.424899679113462,1.4137349518670193,-1.1222982011503966,-1.1574798004291524,0.6319286141832138,0.026278994977474213,-0.007784385699778795,0.0011645507765933871,1.385437045979054,0.851005725522036,0.6307640634066204,0.11914080157308506,-0.19396118643706756,0.1462426212059611,0.4743798003361783,-0.03515907459129211,-2.9065122604370117,-3.004007341240986,-0.09749508080397407,0
1780808658.99027,FLY,spline,1,143,-23.009563084938424,-0.3711597040983684,-1.5779722528209996,-23.21660041809082,0.9985253810882568,-1.7530615329742432,0.20703733315239603,-1.3696850851866254,0.17508928015324354,1.3852442708423482,1.4249195818081992,1.4137379372712298,-1.1223191747867254,-1.1574891821637636,0.6318808577254237,0.028023967519402504,-0.00380083080381155,-0.00019609450828284025,1.3978258155351844,0.8474492884640639,0.6320769522337065,0.11864290038496896,-0.19569561417492584,0.15813589360586344,0.47414835383956466,-0.03528548998173885,-2.89858341217041,-3.004007341240986,-0.10542392907057563,0
1780808659.0010247,FLY,spline,1,143,-23.009563084938424,-0.3711597040983684,-1.5779722528209996,-23.216405868530273,0.9984862804412842,-1.7530615329742432,0.20684278359184916,-1.3696459845396527,0.17508928015324354,1.3851765447370306,1.4248923310766888,1.4137338496615033,-1.1223303055638463,-1.157496016514524,0.631839421565881,0.027064479887485504,-0.008442820981144905,-0.0006745719583705068,1.3955172477469202,0.8312454304546084,0.6325139935242515,0.11637436026364519,-0.19537241468456884,0.16402280595174967,0.4739868877376162,-0.035411992780443706,-2.8946588039398193,-3.004007341240986,-0.10934853730116645,0
1780808659.0119176,FLY,spline,1,143,-23.009563084938424,-0.3711597040983684,-1.5779722528209996,-23.215742111206055,0.998291015625,-1.7530517578125,0.2061790262676304,-1.3694507197233685,0.17507950499150038,1.384884495047699,1.4247370606223977,1.4137105590933596,-1.1223593191356576,-1.1575179528215453,0.6316955695089379,0.02655072882771492,-0.008680267259478569,-0.00011256217840127647,1.4024136014303177,0.8179434808264792,0.6318081316873392,0.1145120873157071,-0.1963379042002445,0.1787227418648356,0.4739169950582317,-0.03553835440678117,-2.8848588466644287,-3.004007341240986,-0.11914849457655707,0
1780808659.0225677,FLY,spline,1,143,-23.009563084938424,-0.3711597040983684,-1.5779722528209996,-23.215742111206055,0.998291015625,-1.7530517578125,0.2061790262676304,-1.3694507197233685,0.17507950499150038,1.384884495047699,1.4247370606223977,1.4137105590933596,-1.1223593191356576,-1.1575179528215453,0.6316955695089379,0.02655072882771492,-0.008680267259478569,-0.00011256217840127647,1.4057296460044557,0.8129742504851609,0.6318081316873392,0.11381639506792254,-0.19680215044062382,0.184513809941923,0.4737906334318943,-0.03566471603311864,-2.880998134613037,-3.004007341240986,-0.12300920662794868,0
1780808659.0332398,FLY,spline,1,143,-23.009563084938424,-0.3711597040983684,-1.5779722528209996,-23.215545654296875,0.9982324242591858,-1.7530517578125,0.20598256935845072,-1.3693921283575543,0.17507950499150038,1.3847973209416393,1.4246909129614365,1.4137036369442155,-1.1223671920609264,-1.157524098140892,0.6316548278274209,0.026027213782072067,-0.01080883014947176,-0.0004076242330484092,1.4065940027928059,0.8037643576728748,0.6320624520604693,0.11252701007420249,-0.19692316039099284,0.19017863538137614,0.47364387531163177,-0.03579112852353073,-2.8772215843200684,-3.004007341240986,-0.12678575692091743,0
1780808659.0440917,FLY,spline,1,143,-23.009563084938424,-0.3711597040983684,-1.5779722528209996,-23.21480369567871,0.9979882836341858,-1.7530370950698853,0.20524061074028666,-1.3691479877325543,0.17506484224888563,1.3844457087979827,1.424491760562844,1.4136737640844266,-1.1223958948986463,-1.1575480000617886,0.6314931463826439,0.025821315124630928,-0.011164931580424309,-0.00012875556421931833,1.4128004742027573,0.7929285859400241,0.6316219019468632,0.11101000203160338,-0.19779206638838603,0.20203471448293864,0.47355279494033087,-0.0359174529039201,-2.8693175315856934,-3.004007341240986,-0.13468980965529243,0
1780808659.054962,FLY,spline,1,143,-23.009563084938424,-0.3711597040983684,-1.5779722528209996,-23.21480369567871,0.9979882836341858,-1.7530370950698853,0.20524061074028666,-1.3691479877325543,0.17506484224888563,1.3844457087979827,1.424491760562844,1.4136737640844266,-1.1223958948986463,-1.1575480000617886,0.6314931463826439,0.025821315124630928,-0.011164931580424309,-0.00012875556421931833,1.4162492130530797,0.7882475595832689,0.6316219019468632,0.11035465834165765,-0.1982748898274312,0.2077742841469401,0.47342647055994147,-0.03604377728430947,-2.8654911518096924,-3.004007341240986,-0.1385161894312934,0
1780808659.0658386,FLY,spline,1,143,-23.009563084938424,-0.3711597040983684,-1.5779722528209996,-23.21464729309082,0.9979296922683716,-1.753027319908142,0.20508420815239603,-1.36908939636674,0.17505506708714247,1.384364586255131,1.4244416117468717,1.4136662417620307,-1.1224020468855893,-1.1575534845660562,0.6314553179866369,0.0216258205473423,-0.010949973948299885,0.0002238607412436977,1.4143111321149742,0.7800682180737357,0.6312314572453932,0.10920955053032301,-0.1980035584960964,0.2201796796547526,0.4733314598446101,-0.03617002357575855,-2.8572208881378174,-3.004007341240986,-0.1467864531031684,0
1780808659.076528,FLY,spline,1,143,-23.009563084938424,-0.3711597040983684,-1.5779722528209996,-23.21449089050293,0.9978711009025574,-1.753027319908142,0.2049278055645054,-1.3690308050009259,0.17505506708714247,1.3842834791093068,1.424393272419827,1.413658990862974,-1.122406220996748,-1.157557905110248,0.631423561353467,0.020894872024655342,-0.010368156246840954,-0.00027688025147654116,1.4204459016009343,0.771257521043281,0.6317004416049435,0.10797605294605936,-0.19886242622413083,0.23113560941091715,0.4731676010075251,-0.03629636366407954,-2.849916934967041,-3.004007341240986,-0.15409040627394477,0
1780808659.0874279,FLY,spline,1,143,-23.009563084938424,-0.3711597040983684,-1.5779722528209996,-23.214061737060547,0.9977148175239563,-1.753027319908142,0.2044986521221226,-1.3688745216223248,0.17505506708714247,1.3840654445027207,1.424265127881866,1.41363976918228,-1.1224184910961237,-1.1575702115115327,0.6313361491950041,0.020469624549150467,-0.00933555606752634,-0.00041633128421381116,1.4275666303465908,0.7622109235371215,0.631752480479218,0.10670952929519702,-0.19985932824852273,0.24284827973715006,0.4730370874014872,-0.03642271416017538,-2.8421084880828857,-3.004007341240986,-0.16189885315810004,0
1780808659.0980859,FLY,spline,1,143,-23.009563084938424,-0.3711597040983684,-1.5779722528209996,-23.213905334472656,0.9976562261581421,-1.753027319908142,0.20434224953423197,-1.3688159302565106,0.17505506708714247,1.383984395095807,1.4242168557083408,1.413632528356251,-1.1224226801189343,-1.15757463213048,0.631304382552109,0.019982153549790382,-0.010223827324807644,-0.00036031720810569823,1.426940308389611,0.7599860282482722,0.6316646997602147,0.10639804395475812,-0.19977164317454557,0.24284827973715006,0.47291777691905545,-0.03654904710012742,-2.8421084880828857,-3.004007341240986,-0.16189885315810004,0
1780808659.1088786,FLY,spline,1,143,-23.009563084938424,-0.3711597040983684,-1.5779722528209996,-23.213788986206055,0.997607409954071,-1.753027319908142,0.2042259012676304,-1.3687671140524396,0.17505506708714247,1.3839189395553557,1.4241758255443988,1.4136263738316597,-1.122424870596411,-1.1575777146749031,0.6312810540061424,0.02041589468717575,-0.010702324099838734,-0.0009961128234863281,1.4364889916914323,0.7432048340172973,0.6322771668296288,0.10404867676242163,-0.20110845883680054,0.25884318616262614,0.4727423241201364,-0.036675502533493345,-2.8314452171325684,-3.004007341240986,-0.17256212410841743,0
1780808659.119519,FLY,spline,1,143,-23.009563084938424,-0.3711597040983684,-1.5779722528209996,-23.213241577148438,0.9973925352096558,-1.753027319908142,0.20367849221001322,-1.3685522393080243,0.17505506708714247,1.383625729705816,1.4239974400967657,1.4135996160145148,-1.1224378338637984,-1.157592801284716,0.6311704127423373,0.019147507846355438,-0.010811081156134605,4.711627843789756e-05,1.44020752001722,0.7324962699201891,0.6311232964638994,0.10254947778882649,-0.2016290528024108,0.2707432534920329,0.47270840909010203,-0.03680172719278613,-2.823511838912964,-3.004007341240986,-0.18049550232802192,0
1780808659.1301608,FLY,spline,1,143,-23.009563084938424,-0.3711597040983684,-1.5779722528209996,-23.213085174560547,0.9973339438438416,-1.7530322074890137,0.2035220896221226,-1.36849364794221,0.17505995466801405,1.38354476090307,1.4239501582991758,1.4135925237448763,-1.1224410520069523,-1.1575966908516504,0.6311416713276377,0.019639814272522926,-0.011758727952837944,-7.275104144355282e-05,1.4442026618480774,0.7245886604767788,0.6312144223690812,0.10144241246674905,-0.20218837265873085,0.2764771011101359,0.47257487613321364,-0.036927970077259946,-2.8196892738342285,-3.004007341240986,-0.18431806740675727,0
1780808659.1408892,FLY,spline,1,143,-23.009563084938424,-0.3711597040983684,-1.5779722528209996,-23.213085174560547,0.9973339438438416,-1.7530322074890137,0.2035220896221226,-1.36849364794221,0.17505995466801405,1.38354476090307,1.4239501582991758,1.4135925237448763,-1.1224410520069523,-1.1575966908516504,0.6311416713276377,0.019639814272522926,-0.011758727952837944,-7.275104144355282e-05,1.4490266528419897,0.7162638717635257,0.6312144223690812,0.10027694204689361,-0.20286373139787858,0.2854403283821696,0.4724486332487398,-0.037054212961733765,-2.813713788986206,-3.004007341240986,-0.19029355225477973,0
1780808659.151492,FLY,spline,1,143,-23.009563084938424,-0.3711597040983684,-1.5779722528209996,-23.21257781982422,0.997119128704071,-1.753027319908142,0.20301473488579447,-1.3682788328024396,0.17505506708714247,1.383257729736565,1.4237688159093018,1.4135653223863953,-1.122451336055847,-1.1576105895330189,0.631036957587125,0.019110195338726044,-0.010346145369112492,0.00010486125393072143,1.4521365637996382,0.7141256478038887,0.6309320963331942,0.09997759069254442,-0.20329911893194935,0.29133367802969157,0.47234503291234414,-0.0371803993810004,-2.8097848892211914,-3.004007341240986,-0.19422245201979438,0
1780808659.162184,FLY,spline,1,143,-23.009563084938424,-0.3711597040983684,-1.5779722528209996,-23.21257781982422,0.997119128704071,-1.753027319908142,0.20301473488579447,-1.3682788328024396,0.17505506708714247,1.383257729736565,1.4237688159093018,1.4135653223863953,-1.122451336055847,-1.1576105895330189,0.631036957587125,0.019110195338726044,-0.010346145369112492,0.00010486125393072143,1.4552386639077126,0.7079312596552203,0.6309320963331942,0.09911037635173085,-0.20373341294707978,0.29732072617880045,0.4722188464930775,-0.037306585800267036,-2.805793523788452,-3.004007341240986,-0.19821381745253364,0
1780808659.1727474,FLY,spline,1,143,-23.009563084938424,-0.3711597040983684,-1.5779722528209996,-23.212421417236328,0.9970605373382568,-1.753027319908142,0.20285833229790384,-1.3682202414366254,0.17505506708714247,1.3831768260275272,1.4237207144382686,1.4135581071657402,-1.1224555631807847,-1.1576150106543124,0.6310051648967022,0.019795451313257217,-0.01027898769825697,-0.00034133432200178504,1.4652189312326516,0.6899219047805699,0.631346499218704,0.0965890666692798,-0.20513065037257125,0.3151670720802897,0.472059424962393,-0.037432855100110775,-2.793895959854126,-3.004007341240986,-0.2101113813868598,0
1780808659.1834073,FLY,spline,1,143,-23.009563084938424,-0.3711597040983684,-1.5779722528209996,-23.212148666381836,0.9969433546066284,-1.753027319908142,0.20258558144341166,-1.368103058704997,0.17505506708714247,1.3830209315287796,1.423622150274108,1.4135433225411163,-1.1224602817958262,-1.1576221307152965,0.6309505867891636,0.01891946792602539,-0.010900153778493404,-2.1076202756376006e-06,1.4654329116741418,0.6836430065990702,0.6309526944094392,0.09571002092386983,-0.20516060763437988,0.3208308246361369,0.4719647388082522,-0.037559045638992664,-2.7901201248168945,-3.004007341240986,-0.21388721642409125,0
1780808659.1937947,FLY,spline,1,143,-23.009563084938424,-0.3711597040983684,-1.5779722528209996,-23.211835861206055,0.9968163967132568,-1.753027319908142,0.2022727762676304,-1.3679761008116254,0.17505506708714247,1.3828495537876826,1.4235164730166114,1.4135274709524916,-1.1224670276483795,-1.1576305890693497,0.6308875511773155,0.019687294960021973,-0.010591545142233372,-0.0003273391630500555,1.470221322164308,0.6779811132666107,0.6312148903403656,0.09491735585732551,-0.20583098510300313,0.32668876912466227,0.47181752015571005,-0.03768528861706074,-2.786214828491211,-3.004007341240986,-0.21779251274977485,0
1780808659.2046254,FLY,spline,1,143,-23.009563084938424,-0.3711597040983684,-1.5779722528209996,-23.21171760559082,0.9967578053474426,-1.753027319908142,0.20215452065239603,-1.3679175094458111,0.17505506708714247,1.3827742993231509,1.4234661451002943,1.413519921765044,-1.1224677021889173,-1.1576333704033233,0.630864332878338,0.019202984869480133,-0.012101364322006702,-0.0003498554287943989,1.4706405892587795,0.6694040028799328,0.6312141883071324,0.09371656040319061,-0.20588968249622916,0.3326432731377238,0.4716913334807073,-0.037811531454722165,-2.78224515914917,-3.004007341240986,-0.22176218209181586,0
1780808659.2151341,FLY,spline,1,143,-23.009563084938424,-0.3711597040983684,-1.5779722528209996,-23.211483001708984,0.9966406226158142,-1.753027319908142,0.2019199167705601,-1.3678003267141827,0.17505506708714247,1.3826240944479649,1.4233654047458852,1.4135048107118828,-1.1224688798020495,-1.157638851499475,0.6308183203431431,0.019370947033166885,-0.011349467560648918,-0.0003945112111978233,1.4785915366782367,0.6563144966935981,0.6312128315543409,0.09188402953710374,-0.20700281513495317,0.3478553321587199,0.4715651994546197,-0.03793777402103303,-2.772103786468506,-3.004007341240986,-0.23190355477247993,0
1780808659.2257504,FLY,spline,1,143,-23.009563084938424,-0.3711597040983684,-1.5779722528209996,-23.211172103881836,0.9965234398841858,-1.7530224323272705,0.20160901894341166,-1.3676831439825543,0.1750501795062709,1.382462794744701,1.4232684596896243,1.4134902689534437,-1.1224782090493772,-1.1576481435435364,0.6307520799692902,0.019358161836862564,-0.011055431328713894,-0.0001871156709967181,1.4814025553806465,0.6512906940004904,0.6309391956402869,0.09118069716006867,-0.20739635775329052,0.35365641381612956,0.47146090248861605,-0.03806396186016109,-2.7682363986968994,-3.004007341240986,-0.23577094254408637,0
1780808659.236573,FLY,spline,1,143,-23.009563084938424,-0.3711597040983684,-1.5779722528209996,-23.2110538482666,0.9964550733566284,-1.7530224323272705,0.20149076332817728,-1.367614777454997,0.1750501795062709,1.3823779176548836,1.4232085994769343,1.41348128992154,-1.122477162731934,-1.1576505415398797,0.6307294188286697,0.019038891419768333,-0.011890239082276821,-0.00037538050673902035,1.48680597858676,0.6342360454770446,0.6311047993354088,0.08879304636678625,-0.20815283700214643,0.36938703324667155,0.4713214332331392,-0.03819018282002817,-2.757749319076538,-3.004007341240986,-0.2462580221644477,0
1780808659.2475307,FLY,spline,1,143,-23.009563084938424,-0.3711597040983684,-1.5779722528209996,-23.210819244384766,0.996337890625,-1.7530224323272705,0.20125615944634134,-1.3674975947233685,0.1750501795062709,1.3822278080292298,1.4231079752414557,1.4134661962862183,-1.1224783670055223,-1.1576560239555251,0.6306833863738062,0.01914791576564312,-0.01151526439934969,-0.0003919887531083077,1.4899418398475597,0.6295118639857855,0.6310753751269145,0.08813166095800998,-0.20859185757865836,0.3750389840828532,0.4711975720947933,-0.038316397895053554,-2.753981351852417,-3.004007341240986,-0.2500259893885688,0
1780808659.2579858,FLY,spline,1,143,-23.009563084938424,-0.3711597040983684,-1.5779722528209996,-23.210546493530273,0.9962109327316284,-1.7530224323272705,0.20098340859184916,-1.367370636829997,0.1750501795062709,1.382062512694006,1.423000144770205,1.4134500217155308,-1.1224814250469914,-1.1576627628379537,0.630629322066859,0.019199814647436142,-0.011058864183723927,-0.0003535413707140833,1.4929336275922176,0.6246556773265093,0.630982863437573,0.0874517948257113,-0.20901070786291048,0.3808525827156657,0.4710787764572531,-0.03844259446774107,-2.750105619430542,-3.004007341240986,-0.2539017218104438,0
1780808659.268353,FLY,spline,1,143,-23.009563084938424,-0.3711597040983684,-1.5779722528209996,-23.210390090942383,0.996142566204071,-1.7530224323272705,0.20082700600395853,-1.3673022703024396,0.1750501795062709,1.381972136012416,1.4229426875984788,1.4134414031397717,-1.122483970956793,-1.1576668014326499,0.6305980589214445,0.01869155280292034,-0.012277279049158096,-0.00030498026171699166,1.4931832630954966,0.616860054053917,0.6309030391831615,0.08636040756754838,-0.20904565683336956,0.38650596406332194,0.47095898178976947,-0.0385687750755777,-2.7463366985321045,-3.004007341240986,-0.2576706427088813,0
1780808659.2790775,FLY,spline,1,143,-23.009563084938424,-0.3711597040983684,-1.5779722528209996,-23.209882736206055,0.9958788752555847,-1.7530224323272705,0.2003196512676304,-1.3670385793539532,0.1750501795062709,1.38163759362796,1.422715304044427,1.413407295606664,-1.1224848227841826,-1.1576782586101275,0.630499052683451,0.01877056062221527,-0.01167045533657074,-0.00037259102100506425,1.5030151853234137,0.5964896505160415,0.630871643704456,0.08350855107224582,-0.21042212594527793,0.40832841660848795,0.47083531909932497,-0.03869494940431859,-2.731788396835327,-3.004007341240986,-0.27221894440565864,0
1780808659.290009,FLY,spline,1,143,-23.009563084938424,-0.3711597040983684,-1.5779722528209996,-23.209882736206055,0.9958788752555847,-1.7530224323272705,0.2003196512676304,-1.3670385793539532,0.1750501795062709,1.38163759362796,1.422715304044427,1.413407295606664,-1.1224848227841826,-1.1576782586101275,0.630499052683451,0.01877056062221527,-0.01167045533657074,-0.00037259102100506425,1.5031191585628327,0.5964648140778794,0.630871643704456,0.08350507397090313,-0.2104366821987966,0.40832841660848795,0.4707091447705841,-0.03882112373305948,-2.731788396835327,-3.004007341240986,-0.27221894440565864,0
1780808659.300667,FLY,spline,1,143,-23.009563084938424,-0.3711597040983684,-1.5779722528209996,-23.209491729736328,0.9956738352775574,-1.753017544746399,0.19992864479790384,-1.3668335393759259,0.1750452919253993,1.38137807546437,1.4225375148698347,1.4133806272304752,-1.1224861810054372,-1.1576875491181138,0.6304197883150051,0.01889168657362461,-0.011351451277732849,-0.00021533964900299907,1.5060065460027645,0.5912281666100137,0.6306351279640081,0.08277194332540191,-0.21084091644038705,0.4140840795265788,0.47060193900422714,-0.03894725075865228,-2.7279512882232666,-3.004007341240986,-0.2760560530177192,0
1780808659.3113146,FLY,spline,1,143,-23.009563084938424,-0.3711597040983684,-1.5779722528209996,-23.209491729736328,0.9956738352775574,-1.753017544746399,0.19992864479790384,-1.3668335393759259,0.1750452919253993,1.38137807546437,1.4225375148698347,1.4133806272304752,-1.1224861810054372,-1.1576875491181138,0.6304197883150051,0.01889168657362461,-0.011351451277732849,-0.00021533964900299907,1.5104241507867375,0.5796484673513174,0.6306351279640081,0.08115078542918444,-0.21145938111014329,0.42549848821035563,0.47047581197863425,-0.039073377784245085,-2.720341682434082,-3.004007341240986,-0.28366565880690375,0
1780808659.322072,FLY,spline,1,143,-23.009563084938424,-0.3711597040983684,-1.5779722528209996,-23.209335327148438,0.99560546875,-1.753017544746399,0.19977224221001322,-1.3667651728483685,0.1750452919253993,1.3812878000144817,1.4224801807971008,1.413372027119565,-1.1224887550966467,-1.157691589072201,0.6303885042710817,0.020123304799199104,-0.011247901245951653,-0.0009510087547823787,1.5172693034180873,0.5673204949885092,0.6313395130258641,0.07942486929839129,-0.21241770247853226,0.4367469575630778,0.4702931932710806,-0.039199645686850255,-2.7128427028656006,-3.004007341240986,-0.2911646383753852,0
1780808659.3329244,FLY,spline,1,143,-23.009563084938424,-0.3711597040983684,-1.5779722528209996,-23.208866119384766,0.9953515529632568,-1.753017544746399,0.19930303444634134,-1.3665112570616254,0.1750452919253993,1.3809687596812836,1.422260398328719,1.4133390597493078,-1.122487844494802,-1.1577017962325415,0.6302974597556443,0.018803410232067108,-0.01138462033122778,-0.00038636208046227694,1.5193737406544425,0.5540456593578295,0.6306838218361066,0.07756639231009613,-0.21271232369162196,0.4509179618584269,0.4702195118018941,-0.03932578245121748,-2.703395366668701,-3.004007341240986,-0.3006119745722846,0
1780808659.3436177,FLY,spline,1,143,-23.009563084938424,-0.3711597040983684,-1.5779722528209996,-23.208749771118164,0.9952831864356995,-1.753017544746399,0.19918668617973978,-1.366442890534068,0.1750452919253993,1.3808843213833535,1.4222006241086615,1.4133300936162991,-1.122486666300917,-1.1577041159250177,0.6302751918554187,0.018627142533659935,-0.011853045783936977,-0.00018663883383851498,1.5208347451589714,0.5473772545038893,0.6304618306892572,0.07663281563054451,-0.212916864322256,0.4566596772896403,0.47011117872750413,-0.03945187481735533,-2.6995675563812256,-3.004007341240986,-0.3044397848597602,0
1780808659.353906,FLY,spline,1,143,-23.009563084938424,-0.3711597040983684,-1.5779722528209996,-23.208749771118164,0.9952831864356995,-1.753017544746399,0.19918668617973978,-1.366442890534068,0.1750452919253993,1.3808843213833535,1.4222006241086615,1.4133300936162991,-1.122486666300917,-1.1577041159250177,0.6302751918554187,0.018627142533659935,-0.011853045783936977,-0.00018663883383851498,1.5231391933031242,0.5416397440291664,0.6304618306892572,0.0758295641640833,-0.2132394870624374,0.46237528588644206,0.4699850863613663,-0.03957796718349318,-2.6957571506500244,-3.004007341240986,-0.30825019059096137,0
1780808659.3645916,FLY,spline,1,143,-23.009563084938424,-0.3711597040983684,-1.5779722528209996,-23.208515167236328,0.9951464533805847,-1.7530077695846558,0.19895208229790384,-1.3663061574789532,0.17503551676365614,1.3807151940264777,1.422079432075149,1.4133119148112723,-1.1224864861250035,-1.157709897351768,0.6302241272658528,0.01861349120736122,-0.010971412062644958,7.234573422465473e-05,1.5261641590746813,0.5376743102738883,0.6301517815316281,0.07527440343834438,-0.2136629822704554,0.46806299950948893,0.46988385993767035,-0.0397039975397995,-2.691965341567993,-3.004007341240986,-0.3120419996729926,0
1780808659.375203,FLY,spline,1,143,-23.009563084938424,-0.3711597040983684,-1.5779722528209996,-23.208515167236328,0.9951464533805847,-1.7530077695846558,0.19895208229790384,-1.3663061574789532,0.17503551676365614,1.3807151940264777,1.422079432075149,1.4133119148112723,-1.1224864861250035,-1.157709897351768,0.6302241272658528,0.01861349120736122,-0.010971412062644958,7.234573422465473e-05,1.5303307499405294,0.5253690353927791,0.6301517815316281,0.07355166495498909,-0.21424630499167413,0.4798854615913981,0.46975782958136403,-0.039830027896105825,-2.6840837001800537,-3.004007341240986,-0.3199236410609321,0
1780808659.3859634,FLY,spline,1,143,-23.009563084938424,-0.3711597040983684,-1.5779722528209996,-23.2081241607666,0.9949316382408142,-1.752993106842041,0.19856107582817728,-1.3660913423391827,0.1750208540210414,1.3804463250876917,1.4218906613961029,1.4132835992094155,-1.1224881954967527,-1.1577198699793592,0.6301392587513812,0.01806596666574478,-0.011922912672162056,6.55460316920653e-05,1.530288386264115,0.5180865075535585,0.6300737127196891,0.07253211105749818,-0.21424037407697613,0.485547426007902,0.4696380603437752,-0.03995604263864976,-2.6803090572357178,-3.004007341240986,-0.323698284005268,0
1780808659.3964248,FLY,spline,1,143,-23.009563084938424,-0.3711597040983684,-1.5779722528209996,-23.2080078125,0.9948632717132568,-1.7529882192611694,0.19844472756157572,-1.3660229758116254,0.1750159664401698,1.3803619381677534,1.4218300552307466,1.4132745082846119,-1.1224880280272738,-1.1577227203954181,0.6301139304782803,0.018039369955658913,-0.011952056549489498,5.910396430408582e-05,1.5324718742866623,0.5123618116510068,0.6300548265139763,0.07173065363114096,-0.21454606240013274,0.4912161853539103,0.4695135602749294,-0.040082053603952554,-2.676529884338379,-3.004007341240986,-0.3274774569026069,0
1780808659.4073067,FLY,spline,1,143,-23.009563084938424,-0.3711597040983684,-1.5779722528209996,-23.207889556884766,0.9947949051856995,-1.7529833316802979,0.19832647194634134,-1.365954609284068,0.17501107885929823,1.3802772852217318,1.4217695801490058,1.4132654370223507,-1.1224880428565542,-1.1577256529067235,0.6300881698046232,0.025235546752810478,-0.014245109632611275,0.0009552717092446983,1.5492857187819977,0.4861222688474254,0.6291328980953785,0.06805711763863956,-0.2169000006294797,0.5054715898262614,0.46946148796879805,-0.04020788018357163,-2.6670262813568115,-3.004007341240986,-0.33698105988417426,0
1780808659.4181268,FLY,spline,1,143,-23.009563084938424,-0.3711597040983684,-1.5779722528209996,-23.20734405517578,0.99452143907547,-1.7529492378234863,0.19778097023735697,-1.3656811431738385,0.1749769850024867,1.3799283666222073,1.421529734041776,1.4132294601062663,-1.1224979270350945,-1.1577420727423133,0.629959684199312,0.027163056656718254,-0.017818640917539597,-0.0016373776597902179,1.5512004526063272,0.4678423119117301,0.6315970618591022,0.06549792366764222,-0.21716806336488584,0.5164425399529093,0.46913803545532845,-0.04033419959594345,-2.659712314605713,-3.004007341240986,-0.3442950266352729,0
1780808659.4288604,FLY,spline,1,143,-23.009563084938424,-0.3711597040983684,-1.5779722528209996,-23.2071475982666,0.9944140315055847,-1.7529492378234863,0.19758451332817728,-1.3655737356039532,0.1749769850024867,1.3797939220327318,1.421436913451284,1.4132155370176926,-1.1224974173562006,-1.1577463077576304,0.6299215736664678,0.02833959460258484,-0.018919697031378746,-0.0015546035720035434,1.5511256343402666,0.4673449422891345,0.6314761772384714,0.06542829192047883,-0.21715758880763736,0.5164425399529093,0.4690214109895312,-0.04046049483139114,-2.659712314605713,-3.004007341240986,-0.3442950266352729,0
1780808659.439686,FLY,spline,1,143,-23.009563084938424,-0.3711597040983684,-1.5779722528209996,-23.20652198791504,0.9940527081489563,-1.7529443502426147,0.19695890297661478,-1.3652124122473248,0.17497209742161512,1.3793468526864123,1.4211217075841063,1.413168256137616,-1.1224934161328133,-1.1577595721577527,0.6297982406855511,0.030066609382629395,-0.02053438127040863,-0.0019244813593104482,1.5534850628496304,0.45928957267500514,0.6317227220448616,0.06430054017450072,-0.21748790879894828,0.521959665082609,0.46887534286061106,-0.04058683937580011,-2.656034231185913,-3.004007341240986,-0.3479731100550727,0
1780808659.4502046,FLY,spline,1,143,-23.009563084938424,-0.3711597040983684,-1.5779722528209996,-23.20652198791504,0.9940527081489563,-1.7529443502426147,0.19695890297661478,-1.3652124122473248,0.17497209742161512,1.3793468526864123,1.4211217075841063,1.413168256137616,-1.1224934161328133,-1.1577595721577527,0.6297982406855511,0.030066609382629395,-0.02053438127040863,-0.0019244813593104482,1.557303907387516,0.44527888155294393,0.6317227220448616,0.06233904341741216,-0.21802254703425225,0.5379606511818522,0.4687489983162021,-0.04071318392020908,-2.645366907119751,-3.004007341240986,-0.3586404341212348,0
1780808659.460665,FLY,spline,1,143,-23.009563084938424,-0.3711597040983684,-1.5779722528209996,-23.2060546875,0.9937793016433716,-1.7529443502426147,0.19649160256157572,-1.36493900574174,0.17497209742161512,1.3790095863598868,1.4208836805184306,1.4131325520777644,-1.122489105587051,-1.157768951289755,0.6297085619630872,0.029965795576572418,-0.022038135677576065,-0.0018664216622710228,1.558340808588594,0.43187262834200824,0.6315749836253582,0.06046216796788116,-0.21816771320240316,0.5499444034325236,0.4686345023930372,-0.040839498916934155,-2.6373777389526367,-3.004007341240986,-0.36662960228834907,0
1780808659.4711578,FLY,spline,1,143,-23.009563084938424,-0.3711597040983684,-1.5779722528209996,-23.20585823059082,0.99365234375,-1.7529443502426147,0.19629514565239603,-1.3648120478483685,0.17497209742161512,1.3788559424968052,1.420771876298682,1.4131157814448023,-1.122485175025045,-1.157772425716464,0.6296715444324626,0.029410775750875473,-0.022667646408081055,-0.0026346396189182997,1.559214771552203,0.4227947815244907,0.632306184051381,0.0591912694134287,-0.21829006801730844,0.5597562816368693,0.46844954512214515,-0.04096596015374443,-2.6308364868164062,-3.004007341240986,-0.37317085442457953,0
1780808659.4819577,FLY,spline,1,143,-23.009563084938424,-0.3711597040983684,-1.5779722528209996,-23.205469131469727,0.9933984279632568,-1.7529443502426147,0.19590604653130228,-1.3645581320616254,0.17497209742161512,1.3785492645687483,1.4205481086095393,1.413082216291431,-1.1224769737720606,-1.157779213027904,0.6295983538980281,0.029303887858986855,-0.021011456847190857,-0.0018635463202372193,1.5625994349694792,0.4213380974996338,0.6314619002182653,0.05898733364994874,-0.2187639208957271,0.5655938413368815,0.46839079544875073,-0.041092252533788086,-2.6269447803497314,-3.004007341240986,-0.37706256089125434,0
1780808659.4927151,FLY,spline,1,143,-23.009563084938424,-0.3711597040983684,-1.5779722528209996,-23.205429077148438,0.9925097227096558,-1.7529296875,0.19586599221001322,-1.3636694268080243,0.17495743467900038,1.377663889530149,1.4196763749038268,1.412951456235574,-1.1223262097050641,-1.1577477774103033,0.6296314641032462,-0.02378791756927967,-0.10983839631080627,0.000410966866184026,1.3646023113820644,0.3077504827476475,0.6292204972370622,0.04308506758467065,-0.19104432359348905,0.5671881463753337,0.46844426358779956,-0.0412180966332355,-2.6258819103240967,-3.004007341240986,-0.3781254309168891,0
1780808659.503659,FLY,spline,1,143,-23.009563084938424,-0.3711597040983684,-1.5779722528209996,-23.206249237060547,0.990283191204071,-1.7515429258346558,0.1966861521221226,-1.3614428953024396,0.17357067301365614,1.3755770424102374,1.4171846949898037,1.4125777042484704,-1.1221371334071635,-1.1577756558946302,0.6290783377182785,-0.05231546238064766,-0.12712787091732025,0.028856314718723297,1.3239130304059668,0.3218623342991479,0.6002220229995552,0.04506072680188071,-0.18534782425683535,0.5701847102867716,0.47064409712220023,-0.04133814103783541,-2.6238842010498047,-3.004007341240986,-0.3801231401911811,0
1780808659.5144556,FLY,spline,1,143,-23.009563084938424,-0.3711597040983684,-1.5779722528209996,-23.206249237060547,0.990283191204071,-1.7515429258346558,0.1966861521221226,-1.3614428953024396,0.17357067301365614,1.3755770424102374,1.4171846949898037,1.4125777042484704,-1.1221371334071635,-1.1577756558946302,0.6290783377182785,-0.05231546238064766,-0.12712787091732025,0.028856314718723297,1.3560193641199179,0.345615100308272,0.6002220229995552,0.04838611404315809,-0.1898427109767885,0.558615806363737,0.47052405271760034,-0.04145818544243532,-2.631596803665161,-3.004007341240986,-0.37241053757582465,0
1780808659.5256176,FLY,spline,1,143,-23.009563084938424,-0.3711597040983684,-1.5779722528209996,-23.206953048706055,0.989062488079071,-1.7517919540405273,0.1973899637676304,-1.3602221921774396,0.17381970121952772,1.3744697922792577,1.4159875289446395,1.4123981293416958,-1.1218029747447127,-1.1576706470126665,0.6294642441530016,-0.031404417008161545,-0.03314235433936119,-0.014650230295956135,1.5189934024587548,0.5179728974745351,0.6441144744489578,0.07251620564643492,-0.2126590763442257,0.5539609220253581,0.46688383370675834,-0.041587008337325114,-2.634700059890747,-3.004007341240986,-0.3693072813502387,0
1780808659.5367649,FLY,spline,1,143,-23.009563084938424,-0.3711597040983684,-1.5779722528209996,-23.206953048706055,0.989062488079071,-1.7517919540405273,0.1973899637676304,-1.3602221921774396,0.17381970121952772,1.3744697922792577,1.4159875289446395,1.4123981293416958,-1.1218029747447127,-1.1576706470126665,0.6294642441530016,-0.031404417008161545,-0.03314235433936119,-0.014650230295956135,1.5249955076034971,0.4609194920120858,0.6441144744489578,0.06452872888169202,-0.21349937106448963,0.5912808206307048,0.46675501081186854,-0.04171583123221491,-2.6098201274871826,-3.004007341240986,-0.39418721375380317,0
1780808659.5479481,FLY,spline,1,143,-23.009563084938424,-0.3711597040983684,-1.5779722528209996,-23.20671844482422,0.9890429377555847,-1.7514159679412842,0.19715535988579447,-1.3602026418539532,0.17344371512028456,1.3744167718847768,1.4159145053553486,1.4123871758033022,-1.1218987096818756,-1.1577207798563087,0.6291767760150333,-0.04579728841781616,-0.10473109781742096,-0.052613429725170135,1.40687164040564,0.3555777971499021,0.6817902057402034,0.0497808916009863,-0.19696202965678963,0.5617822435127848,0.4636045942674208,-0.04185218927336295,-2.629485845565796,-3.004007341240986,-0.3745214956751899,0
1780808659.559007,FLY,spline,1,143,-23.009563084938424,-0.3711597040983684,-1.5779722528209996,-23.206483840942383,0.9890722632408142,-1.7496044635772705,0.19692075600395853,-1.3602319673391827,0.1716322107562709,1.3744121612953641,1.4156275934939808,1.4123441390240972,-1.1222974371680958,-1.1579276815298378,0.6279871924717713,-0.06140242516994476,-0.18395759165287018,0.1210392564535141,1.3091904771605547,0.21620262529554235,0.5069479360182572,0.03026836754137593,-0.18328666680247768,0.5786790874230021,0.47749058625797286,-0.0419535788605666,-2.6182212829589844,-3.004007341240986,-0.3857860582820014,0
1780808659.5698695,FLY,spline,1,143,-23.009563084938424,-0.3711597040983684,-1.5779722528209996,-23.20601463317871,0.9887206554412842,-1.750795841217041,0.19645154824028666,-1.3598803595396527,0.1728235883960414,1.3739970171247464,1.4155303799317402,1.412329556989761,-1.1220353911715468,-1.1578055821387303,0.6286474309768588,-0.026085300371050835,-0.09228625893592834,-0.04783694073557854,1.515924035426134,0.3378644219216349,0.6764843717124374,0.04730101906902889,-0.2122293649596588,0.621753218434965,0.463792374528096,-0.04208887573490909,-2.589505195617676,-3.004007341240986,-0.41450214562331,0
1780808659.5803738,FLY,spline,1,143,-23.009563084938424,-0.3711597040983684,-1.5779722528209996,-23.20574188232422,0.9888085722923279,-1.74905264377594,0.19617879738579447,-1.3599682763906964,0.17108039095494032,1.3740450623370466,1.4153166761927225,1.4122975014289083,-1.1224345212446476,-1.1580084690384975,0.6274881382908777,-0.048305757343769073,-0.1772257536649704,0.11425110697746277,1.366765035997819,0.22399828315036008,0.5132370313134149,0.031359759641050415,-0.19134710503969468,0.5983936813103312,0.47674951435375507,-0.04219152314117177,-2.6050782203674316,-3.004007341240986,-0.39892912087355414,0
1780808659.5909815,FLY,spline,1,143,-23.009563084938424,-0.3711597040983684,-1.5779722528209996,-23.205272674560547,0.9883886575698853,-1.7502588033676147,0.1957095896221226,-1.3595483616682538,0.17228655054661512,1.3735625181202684,1.4151549757977826,1.4122732463696674,-1.1221572070393064,-1.1578824647484682,0.6281617012595365,-0.03497077897191048,-0.10009637475013733,-0.05179533734917641,1.4947133988051435,0.3785313011072352,0.6799570386087129,0.05299438215501293,-0.20925987583272013,0.5957572486626261,0.4632759223624095,-0.04232751454889351,-2.6068358421325684,-3.004007341240986,-0.3971714991084174,0
1780808659.601449,FLY,spline,1,143,-23.009563084938424,-0.3711597040983684,-1.5779722528209996,-23.205272674560547,0.9883886575698853,-1.7502588033676147,0.1957095896221226,-1.3595483616682538,0.17228655054661512,1.3735625181202684,1.4151549757977826,1.4122732463696674,-1.1221572070393064,-1.1578824647484682,0.6281617012595365,-0.03497077897191048,-0.10009637475013733,-0.05179533734917641,1.4966176821380694,0.33827064849230537,0.6799570386087129,0.04735789078892275,-0.20952647549932973,0.629436495565092,0.4631399309546877,-0.04246350595661525,-2.584383010864258,-3.004007341240986,-0.41962433037672797,0
1780808659.6122017,FLY,spline,1,143,-23.009563084938424,-0.3711597040983684,-1.5779722528209996,-23.204530715942383,0.9881054759025574,-1.7480711936950684,0.19496763100395853,-1.3592651800009259,0.17009894087406874,1.373176684444593,1.414528251471848,1.4121792377207771,-1.1226271990094612,-1.1581380423796743,0.6266375717165252,-0.03160741552710533,-0.11609445512294769,0.012085161171853542,1.4762214820765114,0.32299645545344147,0.6145524105446717,0.04521950376348181,-0.2066710074907116,0.6058967139946574,0.4682493907177021,-0.042586416438724184,-2.600076198577881,-3.004007341240986,-0.4039311426631049,0
1780808659.622759,FLY,spline,1,143,-23.009563084938424,-0.3711597040983684,-1.5779722528209996,-23.204530715942383,0.98792964220047,-1.748134732246399,0.19496763100395853,-1.3590893462988385,0.1701624794253993,1.3730026323216937,1.414367221827386,1.4121550832741079,-1.1225830278252995,-1.1581244777252362,0.6266873374731096,-0.0035366916563361883,-0.028567733243107796,-0.009522161446511745,1.637824449636861,0.4183166782539378,0.6362094989196213,0.0585643349555513,-0.22929542294916055,0.6428014066444987,0.4663895817479222,-0.042713658338508105,-2.5754730701446533,-3.004007341240986,-0.42853427109633246,0
1780808659.633375,FLY,spline,1,143,-23.009563084938424,-0.3711597040983684,-1.5779722528209996,-23.204179763793945,0.9883788824081421,-1.7464306354522705,0.19461667885552103,-1.3595385865065106,0.1684583826312709,1.373397546192971,1.4145236976139621,1.4121785546420942,-1.1230467959351527,-1.158338134305963,0.6255133339453308,-0.06692671030759811,-0.12709617614746094,0.0751185268163681,1.3745398174942398,0.3096410836854394,0.5503948071289627,0.043349751715961525,-0.1924355744491936,0.6219037797676676,0.4731446781297491,-0.0428237372999339,-2.589404821395874,-3.004007341240986,-0.41460251984511176,0
1780808659.6437736,FLY,spline,1,143,-23.009563084938424,-0.3711597040983684,-1.5779722528209996,-23.203554153442383,0.9885644316673279,-1.7456201314926147,0.19399106850395853,-1.3597241357656964,0.16764787867161512,1.3734927229669174,1.4146018558231908,1.4121902783734785,-1.1233064373409138,-1.1584574260892289,0.624852320232346,-0.06650415062904358,-0.06512149423360825,0.1469363421201706,1.470346332850121,0.4183605109254567,0.47791597811217545,0.05857047152956394,-0.20584848659901694,0.6332416560875529,0.47884740125546965,-0.042919320495556336,-2.581846237182617,-3.004007341240986,-0.4221611040583686,0
1780808659.6545947,FLY,spline,1,143,-23.009563084938424,-0.3711597040983684,-1.5779722528209996,-23.203359603881836,0.9888378977775574,-1.7458007335662842,0.19379651894341166,-1.3599976018759259,0.16782848074528456,1.3737359891416012,1.4149156558190115,1.4122373483728516,-1.1233360584635081,-1.1584569375913092,0.6249063542975206,-0.027037153020501137,-0.061185795813798904,0.05410151183605194,1.5483252875741367,0.37192074187988866,0.5708048424614687,0.05206890386318442,-0.21676554026037917,0.6252400901543254,0.47130213113903396,-0.04303348146404863,-2.5871806144714355,-3.004007341240986,-0.41682672676955024,0
1780808659.6658146,FLY,spline,1,143,-23.009563084938424,-0.3711597040983684,-1.5779722528209996,-23.20390510559082,0.9876952767372131,-1.7456395626068115,0.19434202065239603,-1.3588549808355816,0.1676673097858119,1.3726819296300674,1.4137288610056438,1.4120593291508465,-1.1231154573008588,-1.1584074840675145,0.6249922555281732,-0.0035279367584735155,-0.011727695353329182,-0.0030049991328269243,1.637125445704946,0.4340599251087992,0.6279972546610001,0.0607683895152319,-0.22919756239869246,0.6238299634682292,0.46660113871213915,-0.04315908091498083,-2.588120698928833,-3.004007341240986,-0.4158866423121528,0
1780808659.6764858,FLY,spline,1,143,-23.009563084938424,-0.3711597040983684,-1.5779722528209996,-23.20390510559082,0.9876952767372131,-1.7456395626068115,0.19434202065239603,-1.3588549808355816,0.1676673097858119,1.3726819296300674,1.4137288610056438,1.4120593291508465,-1.1231154573008588,-1.1584074840675145,0.6249922555281732,-0.0035279367584735155,-0.011727695353329182,-0.0030049991328269243,1.6141543085995975,0.4136992099418919,0.6279972546610001,0.057917889391864874,-0.22598160320394367,0.6296288993584269,0.466475539261207,-0.04328468036591303,-2.584254741668701,-3.004007341240986,-0.4197525995722846,0
1780808659.6870804,FLY,spline,1,143,-23.009563084938424,-0.3711597040983684,-1.5779722528209996,-23.203826904296875,0.9875683188438416,-1.7456493377685547,0.19426381935845072,-1.35872802294221,0.16767708494755507,1.3725451802546171,1.4136112100045368,1.4120416815006804,-1.1230985083257001,-1.1584049068138969,0.6249876180864252,0.012116270139813423,-0.006349973380565643,0.0003586530510801822,1.6335790312886895,0.3905855269909996,0.624628965035345,0.05468197377873995,-0.22870106438041657,0.6343549516426676,0.46662007663825233,-0.043409606158920096,-2.581104040145874,-3.004007341240986,-0.42290330109511176,0
1780808659.6980956,FLY,spline,1,143,-23.009563084938424,-0.3711597040983684,-1.5779722528209996,-23.203710556030273,0.9875292778015137,-1.7456250190734863,0.19414747109184916,-1.3586889818998822,0.1676527662524867,1.37249006920542,1.4135762800441827,1.4120364420066274,-1.1231077662145565,-1.1584108985714408,0.6249480371152408,0.016277704387903214,-0.008019199594855309,0.001488752313889563,1.6299410583067306,0.3388742524469127,0.6234592848013513,0.047442395342567785,-0.2281917481629423,0.6696453120934123,0.4665889592000116,-0.043534298015880366,-2.557577133178711,-3.004007341240986,-0.44643020806227485,0
1780808659.7089317,FLY,spline,1,143,-23.009563084938424,-0.3711597040983684,-1.5779722528209996,-23.20296859741211,0.9883788824081421,-1.7435302734375,0.1934055124736851,-1.3595385865065106,0.16555802061650038,1.373226441798777,1.4140856518700975,1.4121128477805145,-1.1237613433853884,-1.1586948515633078,0.6234174997063738,0.020847605541348457,-0.0424480065703392,0.015933770686388016,1.5817537565607571,0.2838722498907251,0.6074837290199858,0.039742114984701524,-0.22144552591850603,0.654279115461027,0.46774550691671685,-0.043655794761684366,-2.5678212642669678,-3.004007341240986,-0.436186076974018,0
1780808659.7194765,FLY,spline,1,143,-23.009563084938424,-0.3711597040983684,-1.5779722528209996,-23.202890396118164,0.987353503704071,-1.743984341621399,0.19332731117973978,-1.3585132078024396,0.1660120888003993,1.3722002714697523,1.4131651660584326,1.4119747749087648,-1.1234942589385133,-1.158611747150021,0.6237405185466425,-0.036802101880311966,-0.09280086308717728,-0.030860327184200287,1.4102319726441146,0.2691134813163737,0.6546008457308428,0.03767588738429232,-0.19743247617017606,0.6547336604820841,0.4638452174107021,-0.043786714930830535,-2.5675182342529297,-3.004007341240986,-0.4364891069880561,0
1780808659.7300413,FLY,spline,1,143,-23.009563084938424,-0.3711597040983684,-1.5779722528209996,-23.202890396118164,0.9871777296066284,-1.7440332174301147,0.19332731117973978,-1.358337433704997,0.16606096460911512,1.3720262508612089,1.4130013335230194,1.411950200028453,-1.123453165222621,-1.158599959744847,0.6237807997934064,-0.0028611563611775637,-0.027715453878045082,-0.008143706247210503,1.5836429363894229,0.3189174500206976,0.6319245060406169,0.04464844300289767,-0.22171001109451924,0.6933116939293498,0.4655329396847121,-0.04391309983203866,-2.541799545288086,-3.004007341240986,-0.46220779595289985,0
1780808659.740961,FLY,spline,1,143,-23.009563084938424,-0.3711597040983684,-1.5779722528209996,-23.202499389648438,0.9876171946525574,-1.7423778772354126,0.19293630471001322,-1.3587768987509259,0.16440562441441298,1.3724063094631775,1.4131648214404657,1.4119747232160698,-1.1239107048176222,-1.1588062412595646,0.6226278517825341,-0.024987010285258293,-0.09556243568658829,-0.021657751873135567,1.4504253269463439,0.24151894056828938,0.6442856036556697,0.03381265167956052,-0.20305954577248816,0.6686081912743205,0.46441519475477666,-0.044041956952769794,-2.5582685470581055,-3.004007341240986,-0.4457387941828803,0
1780808659.7519834,FLY,spline,1,143,-23.009563084938424,-0.3711597040983684,-1.5779722528209996,-23.2022647857666,0.9872655868530273,-1.7413134574890137,0.19270170082817728,-1.3584252909513959,0.16334120466801405,1.372025224476014,1.412647192231892,1.4118970788347838,-1.124091995594185,-1.1589136563506646,0.6219241784873877,-0.0714053213596344,-0.14522595703601837,0.20818597078323364,1.3231169124195956,0.20681528350659772,0.41373820770415404,0.028954139690923683,-0.1852363677387434,0.6821329620110148,0.4827762387893571,-0.04412470459431062,-2.5492520332336426,-3.004007341240986,-0.4547553080073432,0
1780808659.7648044,FLY,spline,1,143,-23.009563084938424,-0.3711597040983684,-1.5779722528209996,-23.20199203491211,0.9872949123382568,-1.7413183450698853,0.1924289499736851,-1.3584546164366254,0.16334609224888563,1.3720159786627684,1.4126953554998465,1.411904303324977,-1.1241223768884525,-1.1589255580458393,0.6218634853682802,-0.03455484285950661,-0.11519454419612885,0.09585060179233551,1.4621860403947715,0.23028781108389573,0.5260128835759447,0.0322402935517454,-0.20470604565526804,0.6821329620110148,0.47368906214289863,-0.04422990717102581,-2.5492520332336426,-3.004007341240986,-0.4547553080073432,0
1780808659.775712,FLY,spline,1,143,-23.009563084938424,-0.3711597040983684,-1.5779722528209996,-23.202030181884766,0.9868261218070984,-1.7397167682647705,0.19246709694634134,-1.357985825905467,0.1617445154437709,1.3715571759015757,1.4119505239349355,1.4117925785902403,-1.124368803174818,-1.1590724169058773,0.6208898547872044,-0.09180898219347,-0.1540202498435974,0.08374646306037903,1.322902851092247,0.20874787034151143,0.5371433917268253,0.029224701847811604,-0.1852063991529146,0.7152568128334635,0.47269119281248284,-0.044337335849371176,-2.5271694660186768,-3.004007341240986,-0.476837875222309,0
1780808659.7865498,FLY,spline,1,143,-23.009563084938424,-0.3711597040983684,-1.5779722528209996,-23.201757431030273,0.986865222454071,-1.7406591176986694,0.19219434609184916,-1.3580249265524396,0.1626868648776698,1.371557642903656,1.41217313909133,1.4118259708636995,-1.1242062056591524,-1.158987639248527,0.6214182417919561,-0.05126619338989258,-0.1325823962688446,-0.024950256571173668,1.449218332850662,0.22439410200958732,0.6463684983631298,0.031415174281342224,-0.20289056659909271,0.6911634233223551,0.46382391058190586,-0.0444666095490438,-2.543231725692749,-3.004007341240986,-0.46077561554823676,0
1780808659.7972546,FLY,spline,1,143,-23.009563084938424,-0.3711597040983684,-1.5779722528209996,-23.200702667236328,0.9882226586341858,-1.7403417825698853,0.19113958229790384,-1.3593823627325543,0.16236952974888563,1.3727544383571881,1.4135225654512034,1.4120283848176804,-1.1246122387742052,-1.159114525821572,0.6209065855340321,0.0018411636119708419,0.0154985710978508,-0.031193703413009644,1.7338033313564103,0.43724805318574633,0.6521002889470418,0.061214727446004494,-0.24273246638989746,0.6877305534111613,0.4632349472774035,-0.04459702960683321,-2.545520305633545,-3.004007341240986,-0.45848703560744086,0
1780808659.8079815,FLY,spline,1,143,-23.009563084938424,-0.3711597040983684,-1.5779722528209996,-23.20163917541504,0.9867578148841858,-1.7406152486801147,0.19207609047661478,-1.3579175189825543,0.16264299585911512,1.3714347279008638,1.412068000437878,1.4118102000656816,-1.1242078231312465,-1.1589930756148734,0.6213693443490603,-0.05895484611392021,-0.09782050549983978,-0.039000995457172394,1.4412604956003752,0.26835456443417405,0.6603703398062327,0.03756963902078437,-0.20177646938405255,0.6967631604897135,0.462441269140707,-0.044729103674794456,-2.5394985675811768,-3.004007341240986,-0.464508773659809,0
1780808659.8184745,FLY,spline,1,143,-23.009563084938424,-0.3711597040983684,-1.5779722528209996,-23.201717376708984,0.9865917563438416,-1.740664005279541,0.1921542917705601,-1.35775146044221,0.1626917524585414,1.3712812622430162,1.4119081845867847,1.4117862276880178,-1.1241609708544555,-1.1589785935562518,0.6214266521283942,-0.00936073251068592,-0.025154780596494675,-0.007900740951299667,1.6331524348714506,0.3381190823518644,0.6293273930796939,0.04733667152926102,-0.2286413408820031,0.6977652337776774,0.46479883940021416,-0.0448549691534104,-2.538830518722534,-3.004007341240986,-0.4651768225184516,0
1780808659.82933,FLY,spline,1,143,-23.009563084938424,-0.3711597040983684,-1.5779722528209996,-23.201679229736328,0.9865429401397705,-1.7406786680221558,0.19211614479790384,-1.357702644238139,0.16270641520115614,1.3712275825927815,1.4118654311778986,1.4117798146766847,-1.1241530180605823,-1.1589768322692868,0.6214297541773074,0.013307866640388966,-0.008387918584048748,-0.0009909200016409159,1.6735233073362368,0.3294070671047842,0.6224206741789483,0.04611698939466979,-0.23429326302707318,0.6977652337776774,0.465226892777438,-0.044979453288246186,-2.538830518722534,-3.004007341240986,-0.4651768225184516,0
1780808659.8397734,FLY,spline,1,143,-23.009563084938424,-0.3711597040983684,-1.5779722528209996,-23.201679229736328,0.9865429401397705,-1.7406786680221558,0.19211614479790384,-1.357702644238139,0.16270641520115614,1.3712275825927815,1.4118654311778986,1.4117798146766847,-1.1241530180605823,-1.1589768322692868,0.6214297541773074,0.013307866640388966,-0.008387918584048748,-0.0009909200016409159,1.6506218907937833,0.30910382500801614,0.6224206741789483,0.043274535501122265,-0.2310870647111297,0.7090176370369548,0.4651024086426022,-0.045103937423081976,-2.5313289165496826,-3.004007341240986,-0.47267842469130317,0
1780808659.8504,FLY,spline,1,143,-23.009563084938424,-0.3711597040983684,-1.5779722528209996,-23.201444625854492,0.9864355325698853,-1.7406688928604126,0.1918815409160679,-1.3575952366682538,0.16269664003941298,1.3710883824059834,1.411774255968783,1.4117661383953175,-1.1241587702176106,-1.158983554391175,0.6213757393986792,0.015671690925955772,-0.010810517705976963,-0.00041314124246127903,1.6352008933074895,0.2903209647190593,0.6217888806411405,0.04064493506066831,-0.22892812506304855,0.7145433452355021,0.46502859434949856,-0.045228295199210206,-2.5276451110839844,-3.004007341240986,-0.4763622301570014,0
1780808659.8612819,FLY,spline,1,143,-23.009563084938424,-0.3711597040983684,-1.5779722528209996,-23.20003890991211,0.9872655868530273,-1.7388476133346558,0.1904758249736851,-1.3584252909513959,0.16087536051365614,1.3717143693188427,1.4123666053432977,1.4118549908014946,-1.1248188217975388,-1.1592601033148904,0.6198654257525862,-0.08405347913503647,-0.177702859044075,0.07172030955553055,1.2348913790166751,0.09446224804333536,0.5481451161970556,0.013224714726066952,-0.17288479306233454,0.7379486587273234,0.4708104664817859,-0.045337924222449616,-2.5120415687561035,-3.004007341240986,-0.49196577248488227,0
1780808659.8722303,FLY,spline,1,143,-23.009563084938424,-0.3711597040983684,-1.5779722528209996,-23.20003890991211,0.9872655868530273,-1.7388476133346558,0.1904758249736851,-1.3584252909513959,0.16087536051365614,1.3717143693188427,1.4123666053432977,1.4118549908014946,-1.1248188217975388,-1.1592601033148904,0.6198654257525862,-0.08405347913503647,-0.177702859044075,0.07172030955553055,1.2900023241813066,0.12212657202404786,0.5481451161970556,0.017097720083366703,-0.18060032538538293,0.7358293559776896,0.4707008374585465,-0.045447553245689026,-2.5134544372558594,-3.004007341240986,-0.4905529039851264,0
1780808659.8831887,FLY,spline,1,143,-23.009563084938424,-0.3711597040983684,-1.5779722528209996,-23.20050811767578,0.9859960675239563,-1.7386523485183716,0.19094503273735697,-1.3571557716223248,0.16068009569737196,1.3705224529262037,1.4110531205643928,1.4116579680846588,-1.1245913464075747,-1.1592140008920009,0.6199156576326057,-0.018532047048211098,-0.060024719685316086,-0.018752994015812874,1.5974561032982317,0.26235403739365026,0.6386686516484186,0.03672956523511104,-0.22364385446175247,0.7385501888023966,0.4633312208921078,-0.04557528697601871,-2.5116405487060547,-3.004007341240986,-0.4923667925349311,0
1780808659.8935583,FLY,spline,1,143,-23.009563084938424,-0.3711597040983684,-1.5779722528209996,-23.200077056884766,0.9862890243530273,-1.7370848655700684,0.19051397194634134,-1.3574487284513959,0.15911261274906874,1.3707525757338859,1.4110975509824104,1.4116646326473616,-1.1250110881875053,-1.1594029279091604,0.6188149459072902,-0.0703674703836441,-0.11163834482431412,0.0795818343758583,1.4275069494924537,0.19678640591579033,0.5392331115314319,0.02755009682821065,-0.19985097292894355,0.7733531024681681,0.4711782174791605,-0.045683133598324994,-2.488438606262207,-3.004007341240986,-0.5155687349787788,0
1780808659.904066,FLY,spline,1,143,-23.009563084938424,-0.3711597040983684,-1.5779722528209996,-23.19988250732422,0.9862402081489563,-1.7377440929412842,0.19031942238579447,-1.3573999122473248,0.15977184012028456,1.3706772064590218,1.4111777754403743,1.411676666316056,-1.1248839133980246,-1.1593417589176296,0.6191880793663072,-0.07372218370437622,-0.13621805608272552,-0.046670131385326385,1.4003287966197706,0.175174915514126,0.6658582107516335,0.024524488171977644,-0.19604603152676792,0.7535945203529948,0.46091503789939403,-0.04581630524047532,-2.5016109943389893,-3.004007341240986,-0.5023963469019965,0
1780808659.9144592,FLY,spline,1,143,-23.009563084938424,-0.3711597040983684,-1.5779722528209996,-23.200117111206055,0.9856640696525574,-1.738222599029541,0.1905540262676304,-1.3568237737509259,0.1602503462085414,1.37013925932458,1.4106790235554652,1.4116018535333197,-1.124660427103592,-1.159261921422609,0.6195728481344472,-0.013919925317168236,-0.034906864166259766,-0.01552705466747284,1.6564898438387488,0.2695062596746093,0.6350999028019201,0.0377308763544453,-0.23190857813742485,0.7638820436226481,0.4632486825548107,-0.045943325221035704,-2.4947526454925537,-3.004007341240986,-0.5092546957484321,0
1780808659.9251943,FLY,spline,1,143,-23.009563084938424,-0.3711597040983684,-1.5779722528209996,-23.199569702148438,0.985888659954071,-1.7373144626617432,0.19000661721001322,-1.3570483640524396,0.15934220984074354,1.3702856552416343,1.4107794643579499,1.4116169196536925,-1.1249421577174423,-1.1593855293560356,0.6188640108799591,-0.051100462675094604,-0.1270991712808609,-0.007900485768914223,1.4418853807122431,0.1442888608449867,0.6267644966488733,0.02020044051829814,-0.20186395329971407,0.7638820436226481,0.46379016214772467,-0.046068678120365476,-2.4947526454925537,-3.004007341240986,-0.5092546957484321,0
1780808659.9358416,FLY,spline,1,143,-23.009563084938424,-0.3711597040983684,-1.5779722528209996,-23.199256896972656,0.9857226610183716,-1.7361767292022705,0.18969381203423197,-1.35688236511674,0.1582044763812709,1.3700779157000076,1.4104408160931488,1.4115661224139722,-1.125180884555979,-1.159508071426751,0.6180840778347706,-0.07026314735412598,-0.1174546629190445,0.08491359651088715,1.432332269071499,0.1993135856809618,0.5331704813238834,0.027903901995334653,-0.20052651767000987,0.7606383588539714,0.47117104927745906,-0.04617531221663025,-2.496915102005005,-3.004007341240986,-0.5070922392359809,0
1780808659.9466808,FLY,spline,1,143,-23.009563084938424,-0.3711597040983684,-1.5779722528209996,-23.19902229309082,0.9855761528015137,-1.7368212938308716,0.18945920815239603,-1.3567358568998822,0.15884904100987196,1.369900352927756,1.4104250856489167,1.4115637628473374,-1.1250433759264853,-1.1594467060819766,0.6184440109042424,-0.04440539330244064,-0.13151206076145172,0.0002133178641088307,1.4717026871531074,0.12140899465565014,0.6182306930401336,0.01699725925179102,-0.20603837620143506,0.7799824502693766,0.4642425862015511,-0.04629895835523828,-2.4840190410614014,-3.004007341240986,-0.5199883001795844,0
1780808659.9574533,FLY,spline,1,143,-23.009563084938424,-0.3711597040983684,-1.5779722528209996,-23.19902229309082,0.9855761528015137,-1.7368212938308716,0.18945920815239603,-1.3567358568998822,0.15884904100987196,1.369900352927756,1.4104250856489167,1.4115637628473374,-1.1250433759264853,-1.1594467060819766,0.6184440109042424,-0.04440539330244064,-0.13151206076145172,0.0002133178641088307,1.4750581303643373,0.1332128388109175,0.6182306930401336,0.018649797433528452,-0.20650813825100725,0.7776482131706828,0.4641189400629431,-0.0464226044938463,-2.4855751991271973,-3.004007341240986,-0.5184321421137885,0
1780808659.9680045,FLY,spline,1,143,-23.009563084938424,-0.3711597040983684,-1.5779722528209996,-23.199140548706055,0.9852050542831421,-1.7372021675109863,0.1895774637676304,-1.3563647583815106,0.1592299146899867,1.3695491858812157,1.4101184500454553,1.4115177675068182,-1.124887363433764,-1.1593894409564005,0.6187301122244437,-0.04510844126343727,-0.09521167725324631,-0.044544022530317307,1.5250062595682048,0.2017459802130016,0.663274134754761,0.028244437229820226,-0.2135008763395487,0.7800714996086711,0.46038280989882185,-0.04655525932079726,-2.483959674835205,-3.004007341240986,-0.5200476664057807,0
1780808659.9787936,FLY,spline,1,143,-23.009563084938424,-0.3711597040983684,-1.5779722528209996,-23.198593139648438,0.9849609136581421,-1.736782193183899,0.18903005471001322,-1.3561206177565106,0.1588099403628993,1.369231715776395,1.4098441269593613,1.411476619043904,-1.1249853975239905,-1.1594456675934544,0.6183525251538715,-0.0723944678902626,-0.13102415204048157,-0.05108233168721199,1.4250236620545071,0.1578215110558634,0.6694348568410835,0.022095011547820877,-0.19950331268763102,0.7930998828636759,0.4597560651605479,-0.04668914629216547,-2.475274085998535,-3.004007341240986,-0.5287332552424506,0
1780808659.989458,FLY,spline,1,143,-23.009563084938424,-0.3711597040983684,-1.5779722528209996,-23.198593139648438,0.9849609136581421,-1.736782193183899,0.18903005471001322,-1.3561206177565106,0.1588099403628993,1.369231715776395,1.4098441269593613,1.411476619043904,-1.1249853975239905,-1.1594456675934544,0.6183525251538715,-0.0723944678902626,-0.13102415204048157,-0.05108233168721199,1.4365641762884547,0.15677491528013443,0.6694348568410835,0.021948488139218823,-0.20111898468038367,0.7941992309319132,0.4596221781891797,-0.04682303326353369,-2.474541187286377,-3.004007341240986,-0.5294661539546088,0
1780808660.0000374,FLY,spline,1,143,-23.009563084938424,-0.3711597040983684,-1.5779722528209996,-23.198633193969727,0.9847753643989563,-1.736879825592041,0.18907010903130228,-1.3559350684973248,0.1589075727710414,1.3690534745253575,1.4096760024746293,1.4114514003711944,-1.1249286019851026,-1.1594272893989128,0.618432742214332,-0.012073859572410583,-0.034472521394491196,-0.013682548888027668,1.6805606920563,0.23846554177202217,0.6321152911023596,0.03338517584808311,-0.23527849688788205,0.7969976690041178,0.46248132039005707,-0.04694945632175416,-2.4726755619049072,-3.004007341240986,-0.5313317793360786,0
1780808660.01102,FLY,spline,1,143,-23.009563084938424,-0.3711597040983684,-1.5779722528209996,-23.198593139648438,0.9847167730331421,-1.736904263496399,0.18903005471001322,-1.3558764771315106,0.1589320106753993,1.3689899133383805,1.4096255196298435,1.4114438279444765,-1.124917119060723,-1.1594242869971914,0.6184419757808608,0.010360965505242348,-0.008809470571577549,-0.0014117335667833686,1.7223460182798096,0.2306339592237341,0.6198537093476442,0.032288754291322774,-0.24112844255917337,0.8037103440987223,0.4633382761885648,-0.04707342706362369,-2.468200445175171,-3.004007341240986,-0.5358068960658149,0
1780808660.0219526,FLY,spline,1,143,-23.009563084938424,-0.3711597040983684,-1.5779722528209996,-23.197694778442383,0.9852929711341858,-1.7348583936691284,0.18813169350395853,-1.3564526752325543,0.1568861408481288,1.369436889471808,1.4099011854264722,1.4114851778139708,-1.1255331243553885,-1.1596892753605854,0.6169168321426927,-0.02838476561009884,-0.052336376160383224,0.10686624050140381,1.5660590296389871,0.16346497511747182,0.5100505916412889,0.022885096516446057,-0.21924826414945822,0.8356679704414958,0.472020515486745,-0.04717543718195195,-2.4468953609466553,-3.004007341240986,-0.5571119802943305,0
1780808660.033243,FLY,spline,1,143,-23.009563084938424,-0.3711597040983684,-1.5779722528209996,-23.197303771972656,0.9853612780570984,-1.7351171970367432,0.18774068703423197,-1.356520982155467,0.15714494421574354,1.369450890173181,1.410040763883537,1.4115061145825305,-1.1255289635404158,-1.1596814644395264,0.616987005350117,-0.007166595198214054,-0.07239390164613724,0.034364938735961914,1.568253636226443,0.11197451714253026,0.582622066614155,0.015676432399954237,-0.21955550907170204,0.8195807960259074,0.4660982730755928,-0.04729196159527478,-2.457620143890381,-3.004007341240986,-0.5463871973506049,0
1780808660.043734,FLY,spline,1,143,-23.009563084938424,-0.3711597040983684,-1.5779722528209996,-23.19773292541504,0.9841503500938416,-1.73513662815094,0.18816984047661478,-1.35531005419221,0.15716437532994032,1.368310356556394,1.4088238877808192,1.411323583167123,-1.1252712847754196,-1.1596181297559354,0.6171584765721936,0.005520448554307222,-0.016028765588998795,-0.002790918340906501,1.6640772422313375,0.19206104112321465,0.6199493949131001,0.026888545757250054,-0.23297081391238728,0.8248661782967204,0.46298809693269466,-0.0474159514742574,-2.454096555709839,-3.004007341240986,-0.5499107855311469,0
1780808660.054106,FLY,spline,1,143,-23.009563084938424,-0.3711597040983684,-1.5779722528209996,-23.197656631469727,0.9840917587280273,-1.7351317405700684,0.18809354653130228,-1.3552514628263959,0.15715948774906874,1.3682418315998852,1.4087709134273192,1.4113156370140978,-1.125269485241302,-1.1596195888523906,0.6171408445526001,0.011008462868630886,-0.0101776123046875,-0.00016092776786535978,1.6662348960780147,0.14677188140354747,0.6173017723204655,0.020548063396496646,-0.23327288545092206,0.8607577111946696,0.4630764463856414,-0.0475394118287215,-2.430168867111206,-3.004007341240986,-0.5738384741297797,0
1780808660.0649009,FLY,spline,1,143,-23.009563084938424,-0.3711597040983684,-1.5779722528209996,-23.19695281982422,0.984667956829071,-1.7330858707427979,0.18738973488579447,-1.3558276609274396,0.15511361792179823,1.368716025651976,1.4090357007347056,1.4113553551102058,-1.125867655952241,-1.1598747500184057,0.6156594220416052,-0.03739505261182785,-0.0613522045314312,0.11148743331432343,1.496904740012627,0.1251790335701649,0.5041719887272818,0.01752506469982309,-0.2095666636017678,0.8607577111946696,0.4720259946753506,-0.047640246226466954,-2.430168867111206,-3.004007341240986,-0.5738384741297797,0
1780808660.075547,FLY,spline,1,143,-23.009563084938424,-0.3711597040983684,-1.5779722528209996,-23.19660186767578,0.9846875071525574,-1.733364224433899,0.18703878273735697,-1.3558472112509259,0.1553919716128993,1.368687388158737,1.4091277746004702,1.4113691661900705,-1.1258469218139626,-1.1598616886115756,0.6157535994252774,-0.09373927116394043,-0.1577964425086975,0.03605041280388832,1.2773484461487628,0.057218943414682144,0.5797031866213891,0.008010652078055501,-0.1788287824608268,0.8455553081261271,0.46586755820649767,-0.04775618686379123,-2.4403038024902344,-3.004007341240986,-0.5637035387507514,0
1780808660.0863676,FLY,spline,1,143,-23.009563084938424,-0.3711597040983684,-1.5779722528209996,-23.19691276550293,0.9835839867591858,-1.7334569692611694,0.1873496805645054,-1.3547436908575543,0.1554847164401698,1.3676367831869582,1.4080370418711299,1.4112055562806693,-1.1256043429298248,-1.1598000804651778,0.6159381126443778,0.007011671084910631,-0.01476144790649414,-0.002749214181676507,1.697375408210892,0.1589936977344265,0.6186873268260543,0.022259117682819712,-0.23763255714952491,0.8531638410317057,0.4626250895247593,-0.04787992432915644,-2.4352314472198486,-3.004007341240986,-0.5687758940211372,0
1780808660.0974455,FLY,spline,1,143,-23.009563084938424,-0.3711597040983684,-1.5779722528209996,-23.196834564208984,0.9835253953933716,-1.7334569692611694,0.1872714792705601,-1.35468509949174,0.1554847164401698,1.3675680333106393,1.4079850870689121,1.4111977630603367,-1.125601739740734,-1.1598011183421773,0.615923060009419,0.009322023019194603,-0.01098610833287239,-2.944469451904297e-05,1.6788646465289687,0.15509542329742265,0.615952504703938,0.021713359261639174,-0.23504105051405563,0.8531638410317057,0.4627206847935878,-0.048003114830097234,-2.4352314472198486,-3.004007341240986,-0.5687758940211372,0
1780808660.1083415,FLY,spline,1,143,-23.009563084938424,-0.3711597040983684,-1.5779722528209996,-23.19675636291504,0.9834570288658142,-1.733437418937683,0.18719327797661478,-1.3546167329641827,0.15546516611668348,1.3674896038164919,1.4079201792114413,1.411188026881716,-1.1256015335913818,-1.1598037667866867,0.6158961416817401,-0.020556841045618057,-0.03531588613986969,0.1048872172832489,1.57546305239975,0.12568554678750143,0.5110089243984912,0.017595976550250202,-0.22056482733596502,0.8779556777702922,0.4710139694331438,-0.04810531661497693,-2.418703556060791,-3.004007341240986,-0.5853037851801948,0
1780808660.1188009,FLY,spline,1,143,-23.009563084938424,-0.3711597040983684,-1.5779722528209996,-23.19613265991211,0.9833984375,-1.7314696311950684,0.1865695749736851,-1.3545581415983685,0.15349737837406874,1.367346322361781,1.407571412511681,1.411135711876752,-1.1260657931924516,-1.1600234046700315,0.614512430593158,-0.1137378066778183,-0.16839176416397095,0.07087459415197372,1.2281681281937953,0.040756587241269626,0.5436378364411842,0.0057059222137777485,-0.17194353794713135,0.8738561895119303,0.4682949289024402,-0.04821404418226517,-2.4214365482330322,-3.004007341240986,-0.5825707930079536,0
1780808660.129383,FLY,spline,1,143,-23.009563084938424,-0.3711597040983684,-1.5779722528209996,-23.196170806884766,0.9830663800239563,-1.7315527200698853,0.18660772194634134,-1.3542260841223248,0.15358046724888563,1.3670225780166503,1.407256466070269,1.4110884699105404,-1.1259866545214448,-1.1600017253903145,0.6145898802010723,0.0071040247566998005,-0.011500815860927105,-0.00045023916754871607,1.7119855610043222,0.13003848152169317,0.615040119368621,0.018205387413037045,-0.23967797854060513,0.879141929410612,0.4624597382443714,-0.048337052206138896,-2.417912721633911,-3.004007341240986,-0.5860946196070747,0
1780808660.1403468,FLY,spline,1,143,-23.009563084938424,-0.3711597040983684,-1.5779722528209996,-23.196170806884766,0.9830663800239563,-1.7315527200698853,0.18660772194634134,-1.3542260841223248,0.15358046724888563,1.3670225780166503,1.407256466070269,1.4110884699105404,-1.1259866545214448,-1.1600017253903145,0.6145898802010723,0.0071040247566998005,-0.011500815860927105,-0.00045023916754871607,1.683546484123222,0.08795414710130844,0.615040119368621,0.012313580594183183,-0.2356965077772511,0.9114053275810832,0.46233673022049776,-0.04846006023001262,-2.3964037895202637,-3.004007341240986,-0.6076035517207221,0
1780808660.151065,FLY,spline,1,143,-23.009563084938424,-0.3711597040983684,-1.5779722528209996,-23.195077896118164,0.9837304353713989,-1.7299120426177979,0.18551481117973978,-1.3548901394697674,0.15193978979679823,1.367531730966218,1.4077102468743066,1.4111565370311459,-1.1265549390707241,-1.1602315843284043,0.6132694448510324,-0.018823593854904175,-0.06765880435705185,0.033075712621212006,1.537247926389326,0.04286195638475632,0.5801937322298204,0.006000673893865885,-0.21521470969450565,0.900506618283903,0.4650084024451559,-0.048576098976458586,-2.403669595718384,-3.004007341240986,-0.600337745522602,0
1780808660.1619363,FLY,spline,1,143,-23.009563084938424,-0.3711597040983684,-1.5779722528209996,-23.195547103881836,0.9828808307647705,-1.7299071550369263,0.18598401894341166,-1.354040534863139,0.15193490221592665,1.366753754468887,1.4068401188373427,1.4110260178256013,-1.1263619713330089,-1.160183261045427,0.6134149764275336,-0.09928298741579056,-0.14631877839565277,0.031108569353818893,1.2945341509039126,0.04476568886800336,0.5823064070737147,0.006267196441520471,-0.18123478112654778,0.8952144410835856,0.4647229271762295,-0.04869256025787333,-2.4071977138519287,-3.004007341240986,-0.5968096273890571,0
1780808660.1727347,FLY,spline,1,143,-23.009563084938424,-0.3711597040983684,-1.5779722528209996,-23.195507049560547,0.9825390577316284,-1.7300000190734863,0.1859439646221226,-1.353698761829997,0.1520277662524867,1.3664097100648327,1.4065228222939488,1.4109784233440923,-1.1262867790023772,-1.1601635234815368,0.6134808891643955,0.009547996334731579,-0.009965629316866398,-0.0007918119081296027,1.7178557907802565,0.10392219497691935,0.6142727010725251,0.01454910729676871,-0.24049981070923593,0.9030472066628092,0.4620427691161102,-0.04881541479808783,-2.4019758701324463,-3.004007341240986,-0.6020314711085395,0
1780808660.1836321,FLY,spline,1,143,-23.009563084938424,-0.3711597040983684,-1.5779722528209996,-23.195507049560547,0.9825390577316284,-1.7300000190734863,0.1859439646221226,-1.353698761829997,0.1520277662524867,1.3664097100648327,1.4065228222939488,1.4109784233440923,-1.1262867790023772,-1.1601635234815368,0.6134808891643955,0.009547996334731579,-0.009965629316866398,-0.0007918119081296027,1.6886025008382992,0.05907905692621018,0.6142727010725251,0.008271067969669426,-0.2364043501173619,0.9376226690041178,0.46191991457589565,-0.04893826933830234,-2.3789255619049072,-3.004007341240986,-0.6250817793360786,0
1780808660.1943707,FLY,spline,1,143,-23.009563084938424,-0.3711597040983684,-1.5779722528209996,-23.194726943969727,0.9829882383346558,-1.728002905845642,0.18516385903130228,-1.3541479424330243,0.15003065302464247,1.366748808189331,1.4066848428419345,1.41100272642629,-1.1268630326640572,-1.1604068676315558,0.6120165856830271,-0.03714614734053612,-0.05706780403852463,0.11029210686683655,1.522193709958315,0.05098387921743053,0.5017244788161905,0.007137743090440274,-0.2131071193941641,0.9376226690041178,0.47082342746063927,-0.049038614234065574,-2.3789255619049072,-3.004007341240986,-0.6250817793360786,0
1780808660.205261,FLY,spline,1,143,-23.009563084938424,-0.3711597040983684,-1.5779722528209996,-23.194843292236328,0.9820605516433716,-1.7281640768051147,0.18528020729790384,-1.35322025574174,0.15019182398411512,1.3658454582294788,1.4057913899885817,1.4108687084982872,-1.1266561879043597,-1.1603537806907778,0.6121890643527204,-0.012350330129265785,-0.03979739919304848,-0.012009706348180771,1.5954137515145923,0.053984877133139375,0.6241987707009011,0.007557882798639513,-0.22335792521204295,0.9236912753807658,0.4609006443557222,-0.049163453988205756,-2.3882131576538086,-3.004007341240986,-0.6157941835871772,0
1780808660.2161467,FLY,spline,1,143,-23.009563084938424,-0.3711597040983684,-1.5779722528209996,-23.194843292236328,0.9820605516433716,-1.7281640768051147,0.18528020729790384,-1.35322025574174,0.15019182398411512,1.3658454582294788,1.4057913899885817,1.4108687084982872,-1.1266561879043597,-1.1603537806907778,0.6121890643527204,-0.012350330129265785,-0.03979739919304848,-0.012009706348180771,1.5907313640844647,0.04998043725780632,0.6241987707009011,0.006997261216092885,-0.22270239097182506,0.9277567889916056,0.4607758046015821,-0.04928829374234594,-2.385502815246582,-3.004007341240986,-0.6185045259944038,0
1780808660.2265875,FLY,spline,1,143,-23.009563084938424,-0.3711597040983684,-1.5779722528209996,-23.194686889648438,0.9818944931030273,-1.7281640768051147,0.18512380471001322,-1.3530541972013959,0.15019182398411512,1.3656597246878979,1.4056396297185227,1.4108459444577783,-1.1266426812659383,-1.1603541027734166,0.6121608480781486,0.010245580226182938,-0.012665948830544949,0.0002003574336413294,1.6646212926066548,0.0546038944595556,0.6119604906445073,0.007644545224337785,-0.2330469809649317,0.9322092559563273,0.46163247490796466,-0.04941068584047484,-2.3825345039367676,-3.004007341240986,-0.6214728373042182,0
1780808660.2374823,FLY,spline,1,143,-23.009563084938424,-0.3711597040983684,-1.5779722528209996,-23.194608688354492,0.9818164110183716,-1.7281396389007568,0.1850456034160679,-1.35297611511674,0.15016738607975721,1.3655717642877665,1.4055645139752462,1.410834677096287,-1.126641955973308,-1.1603568364321477,0.6121310327725605,0.014443578198552132,-0.012330750934779644,0.0017033529002219439,1.6575261791831497,0.002902236594575447,0.6104276798723386,0.0004063131232405626,-0.232053665085641,0.9725389507042521,0.4616330142337637,-0.049532771376449306,-2.3556480407714844,-3.004007341240986,-0.6483593004695014,0
1780808660.2485306,FLY,spline,1,143,-23.009563084938424,-0.3711597040983684,-1.5779722528209996,-23.193750381469727,0.982177734375,-1.7261083126068115,0.18418729653130228,-1.3533374384733685,0.1481360597858119,1.3658137437356415,1.4056432673323445,1.4108464900998516,-1.127219094392653,-1.1606015263076133,0.6106300262811496,-0.032873135060071945,-0.05756939575076103,0.113200344145298,1.5030797816820032,0.01671229415985087,0.4974296821358516,0.002339721182379122,-0.21043116943548046,0.961880924962675,0.47057336811625544,-0.049632257312876474,-2.362753391265869,-3.004007341240986,-0.6412539499751166,0
1780808660.2598143,FLY,spline,1,143,-23.009563084938424,-0.3711597040983684,-1.5779722528209996,-23.193710327148438,0.9813671708106995,-1.7264550924301147,0.18414724221001322,-1.352526874909068,0.14848283960911512,1.3650051846659201,1.4049071116200709,1.4107360667430107,-1.1270088276342747,-1.1605410475413342,0.610877916948731,-0.07967311888933182,-0.1279558390378952,0.011057386174798012,1.3358309035124702,-0.018323899266033505,0.5998205307739329,-0.002565345897244691,-0.18701632649174585,0.9588106897102946,0.4622621361190542,-0.04975222141903126,-2.364800214767456,-3.004007341240986,-0.6392071264735297,0
1780808660.270772,FLY,spline,1,143,-23.009563084938424,-0.3711597040983684,-1.5779722528209996,-23.193750381469727,0.9811522960662842,-1.7265087366104126,0.18418729653130228,-1.3523120001646527,0.14853648378941298,1.3647976795088836,1.4047018366681696,1.4107052755002254,-1.1269561860020183,-1.1605267300041522,0.6109311238608013,0.0066434284672141075,-0.01658696122467518,-0.0030918503180146217,1.6834497245904412,0.02555990483249171,0.6140229741788159,0.0035783866765488398,-0.2356829614426618,0.9623369004952067,0.46100313605182774,-0.04987502601386702,-2.3624494075775146,-3.004007341240986,-0.6415579336634711,0
1780808660.2813182,FLY,spline,1,143,-23.009563084938424,-0.3711597040983684,-1.5779722528209996,-23.193632125854492,0.9809862971305847,-1.726528286933899,0.1840690409160679,-1.3521460012289532,0.1485560341128993,1.3646172432089556,1.4045506770356526,1.4106826015553477,-1.126934872566335,-1.1605236565067982,0.6109239216244142,0.010843400843441486,-0.011553306132555008,-0.00032940387609414756,1.6759849951015848,0.011971265477110582,0.6112533255005084,0.0016759771667954817,-0.2346378993142219,0.9735703494774455,0.46110245728099225,-0.049997276678967126,-2.3549604415893555,-3.004007341240986,-0.6490468996516303,0
1780808660.2918897,FLY,spline,1,143,-23.009563084938424,-0.3711597040983684,-1.5779722528209996,-23.192890167236328,0.9813183546066284,-1.724550724029541,0.18332708229790384,-1.352478058704997,0.1465784712085414,1.3648464083486829,1.4046036150565955,1.4106905422584892,-1.1274852123385581,-1.1607558857241282,0.6094839421446818,-0.04117065295577049,-0.05958522483706474,0.11156580597162247,1.5038946355449974,-0.014003364915192384,0.49791813617305936,-0.0019604710881269342,-0.21054524897629964,1.0035409953819865,0.47006968879995353,-0.05009686030620174,-2.334980010986328,-3.004007341240986,-0.6690273302546577,0
1780808660.3022325,FLY,spline,1,143,-23.009563084938424,-0.3711597040983684,-1.5779722528209996,-23.192890167236328,0.9813183546066284,-1.724550724029541,0.18332708229790384,-1.352478058704997,0.1465784712085414,1.3648464083486829,1.4046036150565955,1.4106905422584892,-1.1274852123385581,-1.1607558857241282,0.6094839421446818,-0.04117065295577049,-0.05958522483706474,0.11156580597162247,1.5168055710544035,-0.005075700061847321,0.49791813617305936,-0.000710598008658625,-0.2123527799476165,0.9922478225456828,0.4699701051727189,-0.05019644393343635,-2.3425087928771973,-3.004007341240986,-0.6614985483637885,0
1780808660.3127515,FLY,spline,1,143,-23.009563084938424,-0.3711597040983684,-1.5779722528209996,-23.192968368530273,0.9804296493530273,-1.7249804735183716,0.18340528359184916,-1.3515893534513959,0.14700822069737196,1.3639762748715862,1.4037951341292267,1.410569270119384,-1.1272320969336374,-1.1606804625409315,0.6098149959811546,-0.00807266216725111,-0.03295808658003807,-0.010216421447694302,1.6180634696779101,-0.01711751438510334,0.6200314174288489,-0.0023964520139144675,-0.22652888575490746,0.991609814428007,0.46007703638877,-0.05032045021692212,-2.3429341316223145,-3.004007341240986,-0.6610732096186713,0
1780808660.3235095,FLY,spline,1,143,-23.009563084938424,-0.3711597040983684,-1.5779722528209996,-23.192890167236328,0.9803320169448853,-1.7249951362609863,0.18332708229790384,-1.3514917210432538,0.1470228834399867,1.3638690153941904,1.4037074196181367,1.4105561129427204,-1.1272197783226865,-1.1606787007634838,0.6098106859609971,0.008782539516687393,-0.01480672787874937,-0.0022502087522298098,1.6636082777578265,-0.02453031979236553,0.6120608947132269,-0.0034342447709311743,-0.23290515888609573,1.0000444677101725,0.4605922660270771,-0.05044286239586477,-2.337311029434204,-3.004007341240986,-0.6666963118067817,0
1780808660.334472,FLY,spline,1,143,-23.009563084938424,-0.3711597040983684,-1.5779722528209996,-23.192811965942383,0.9802636504173279,-1.7249902486801147,0.18324888100395853,-1.3514233545156964,0.14701799585911512,1.3637907594347678,1.4036452413266427,1.4105467861989964,-1.1272166897766442,-1.1606798484672969,0.6097926366456348,0.010684060864150524,-0.012079495936632156,-6.96611386956647e-05,1.655679308798136,-0.028174015989559154,0.6098622977843304,-0.003944362238538282,-0.23179510323173907,1.0046746757256144,0.460646181321832,-0.05056483485542163,-2.334224224090576,-3.004007341240986,-0.6697831171504096,0
1780808660.3453526,FLY,spline,1,143,-23.009563084938424,-0.3711597040983684,-1.5779722528209996,-23.19187355041504,0.9806151986122131,-1.7231494188308716,0.18231046547661478,-1.3517749027105816,0.14517716600987196,1.3640133772879586,1.4037571587249138,1.410563573808737,-1.127761832419,-1.1609056822326094,0.6083920134708014,-0.02395733818411827,-0.04169345647096634,0.1081811860203743,1.5448832793857648,-0.04318641328364181,0.5002108274504271,-0.006046097859709854,-0.2162836591140071,1.0285266664253825,0.46931825678305417,-0.05066487702091172,-2.3183228969573975,-3.004007341240986,-0.6856844442835883,0
1780808660.3562403,FLY,spline,1,143,-23.009563084938424,-0.3711597040983684,-1.5779722528209996,-23.191951751708984,0.9797753691673279,-1.7234082221984863,0.1823886667705601,-1.3509350732656964,0.1454359693774867,1.3631915485161046,1.4029680015272512,1.4104452002290877,-1.1275535424177994,-1.160848861414163,0.6086120215570713,-0.08751174807548523,-0.12221493571996689,0.013840923085808754,1.3275142044109938,-0.06010591858405778,0.5947710984712625,-0.008414828601768091,-0.18585198861753915,1.025869133733427,0.4616344808816931,-0.050783831240605974,-2.320094585418701,-3.004007341240986,-0.6839127558222846,0
1780808660.3670015,FLY,spline,1,143,-23.009563084938424,-0.3711597040983684,-1.5779722528209996,-23.191951751708984,0.9797753691673279,-1.7234082221984863,0.1823886667705601,-1.3509350732656964,0.1454359693774867,1.3631915485161046,1.4029680015272512,1.4104452002290877,-1.1275535424177994,-1.160848861414163,0.6086120215570713,-0.08751174807548523,-0.12221493571996689,0.013840923085808754,1.3699155783810064,-0.058287532124108754,0.5947710984712625,-0.008160254497375227,-0.1917881809733409,1.025869133733427,0.4615155266619988,-0.05090278546030023,-2.320094585418701,-3.004007341240986,-0.6839127558222846,0
1780808660.3781102,FLY,spline,1,143,-23.009563084938424,-0.3711597040983684,-1.5779722528209996,-23.19187355041504,0.97938472032547,-1.7234716415405273,0.18231046547661478,-1.3505444244238385,0.14549938871952772,1.3627939492691539,1.4026002192686975,1.4103900328903045,-1.1274801160129588,-1.1608323104889888,0.6086517721953303,0.009353541769087315,-0.012538442388176918,-3.799915066338144e-05,1.719355362190195,-0.09466468845643028,0.6086897713459937,-0.01325305638390024,-0.2407097507066273,1.0660311010109538,0.46028029487775113,-0.05102452341456943,-2.2933199405670166,-3.004007341240986,-0.7106874006739692,0
1780808660.3888428,FLY,spline,1,143,-23.009563084938424,-0.3711597040983684,-1.5779722528209996,-23.191287994384766,0.9796679615974426,-1.7215625047683716,0.18172490944634134,-1.3508276656958111,0.14359025194737196,1.3629964508840349,1.402609372239209,1.4103914058358813,-1.1279940288367496,-1.1610472126988256,0.6072913291400097,-0.052760619670152664,-0.06378981471061707,0.11331571638584137,1.5141348279535385,-0.05481459202164518,0.49397561275416835,-0.007674042883030326,-0.2119788759134954,1.0540698793160075,0.46935863244254633,-0.051123318537120266,-2.3012940883636475,-3.004007341240986,-0.7027132528773383,0
1780808660.3994136,FLY,spline,1,143,-23.009563084938424,-0.3711597040983684,-1.5779722528209996,-23.19109344482422,0.9795019030570984,-1.7217919826507568,0.18153035988579447,-1.350661607155467,0.14381972982975721,1.3628059467892173,1.4024984412395032,1.4103747661859254,-1.1279357086692012,-1.161027170972873,0.6073993138501546,-0.04211496189236641,-0.09178601950407028,0.03520282730460167,1.4900861528787566,-0.11564928600516344,0.5721964865455529,-0.016190900040722885,-0.20861206140302593,1.0522384670006388,0.4629865232419264,-0.051237757834429375,-2.3025150299072266,-3.004007341240986,-0.7014923113337592,0
1780808660.4101074,FLY,spline,1,143,-23.009563084938424,-0.3711597040983684,-1.5779722528209996,-23.191328048706055,0.9790722727775574,-1.722084879875183,0.1817649637676304,-1.3502319768759259,0.14411262705418348,1.3624114259032472,1.4021060675123047,1.4103159101268457,-1.1277756000187824,-1.1609754603905962,0.6076587387095093,-0.014029445126652718,-0.033475302159786224,-0.012417104095220566,1.6355400995096931,-0.0745542132665451,0.6200758428047298,-0.010437589857316316,-0.22897561393135707,1.05726957585684,0.4590321595726314,-0.05136177300299032,-2.299160957336426,-3.004007341240986,-0.70484638390456,0
1780808660.4214134,FLY,spline,1,143,-23.009563084938424,-0.3711597040983684,-1.5779722528209996,-23.19124984741211,0.978759765625,-1.7221777439117432,0.1816867624736851,-1.3499194697233685,0.14420549109074354,1.3620912797593228,1.4018199163450105,1.4102729874517514,-1.1277094836047825,-1.1609588775723065,0.6077135051238972,0.00955213513225317,-0.011978168040513992,-0.0006014680839143693,1.689197092594604,-0.08781543956004167,0.6083149732078116,-0.012294161538405835,-0.2364875929632446,1.0610775974022502,0.4598513661457432,-0.05148343599763189,-2.2966222763061523,-3.004007341240986,-0.7073850649348334,0
1780808660.432012,FLY,spline,1,143,-23.009563084938424,-0.3711597040983684,-1.5779722528209996,-23.191171646118164,0.9786816239356995,-1.7221533060073853,0.18160856117973978,-1.349841328034068,0.14418105318638563,1.3620034068836067,1.4017450080217986,1.4102617512032698,-1.1277089441963948,-1.1609615471977728,0.6076833303740689,0.010358113795518875,-0.012506017461419106,0.0014049720484763384,1.6664550500381807,-0.09992436966495144,0.6062783583255925,-0.013989411753093203,-0.23330370700534533,1.0700486924873942,0.4598930396646556,-0.05160469166929701,-2.2906415462493896,-3.004007341240986,-0.7133657949915961,0
1780808660.443143,FLY,spline,1,143,-23.009563084938424,-0.3711597040983684,-1.5779722528209996,-23.19023323059082,0.9786620736122131,-1.7202050685882568,0.18067014565239603,-1.3498217777105816,0.14223281576725721,1.3618592192704109,1.4014789791618698,1.4102218468742804,-1.1282149283870022,-1.1611820921043563,0.6062284072380383,-0.0352214053273201,-0.06439230591058731,0.10991234332323074,1.499172019037841,-0.10927636365873838,0.49631606391480754,-0.015298690912223375,-0.20988408266529776,1.0794317748772257,0.46859076000473543,-0.05170395488207997,-2.284386157989502,-3.004007341240986,-0.7196211832514838,0
1780808660.4542346,FLY,spline,1,93,-15.044055966238485,-0.2586204826479888,-2.0025768625892355,0.0,0.0,-0.0,-15.044055966238485,-0.2586204826479888,-2.0025768625892355,15.046278758196687,23.349114959478907,3.0,-1.1458213393525536,-1.1536488434228742,0.5901577987487787,0.0,0.0,-0.0,0.8384191660248377,1.4643339689766512,0.5901577987487787,0.20500675565673118,-0.11737868324347729,-0.3609318489307749,0.180965389658268,-0.051821986441829726,2.8797919750213623,3.120413207641879,0.2406212326205166,0
